frontier campaign
date: 2026-09-19T11:37:53+03:00
host: arz
commit: ef8996e
table: frontier-1m
lexindex: 3.0.0
kernel: Linux 7.2.5-200.fc44.x86_64 x86_64
cpu: AMD Ryzen 7 5800HS with Radeon Graphics
cores/threads: 8 / 16
caches: L2 512 KiB, L3 16384 KiB
governor: powersave
transparent hugepages: always [madvise] never
compiler: c++ (GCC) 16.2.1 20260819 (Red Hat 16.2.1-2)
rustc: rustc 1.98.1 (48a229cea 2026-09-01)
load at start: 0.55 1.70 1.74
rounds: 3, even rounds in the reverse order
quiet before each process: under 1.0 busy CPUs for 1 s
clock ticks: 100
address space cap: 28000000 KB
timeout: 1800 s a process
pin c2: 92c1b861456b https://github.com/alexztc/C2
pin c2/lib/sdsl-lite: 4312ea9c9370 https://github.com/vgteam/sdsl-lite
pin c2/lib/ds2i: 4f46606cc077 https://github.com/aboffa/ds2i (modified: compact_elias_fano.hpp,succinct)
pin c2/lib/sux: 5944f6b5c1c7 https://github.com/vigna/sux (modified: sux/util/Vector.hpp)
pin c2/lib/fsst: e638d4cf8c26 https://github.com/cwida/fsst
pin c2/baseline_marisa/marisa: e54f296bb52d https://github.com/s-yata/marisa-trie
pin c2/baseline_ctriepp/ctriepp: 52d2c16a7bb6 https://gitlab.com/ofek.gila1/ctriepp
pin xcdat: 2451441dcc09 https://github.com/kampersanda/xcdat
pin c2/lib/ds2i/succinct: ea74747a8b1c (gitlink)
pin c2/lib/sdsl-lite/external/googletest: 71815bbf7de6 (gitlink)
pin c2/lib/sdsl-lite/external/libdivsufsort: 0f24acd8de20 (gitlink)
pin coco adapted headers: ee860d4b1e62 https://github.com/aboffa/CoCo-trie (by sha256)

##### words-full (479823 lines, 4953557 bytes)   round 1/3   2026-09-19T11:37:53+03:00
--- lexindex dict32   load 0.51 1.67 1.73
479823 keys
lexindex DictIndex block 32: build 61 ms, size 1.326 MiB (2.897 B/key), latency cold 269.7 ns, then mean 259.1 / min 258.4 ns
61.155,1.325510,269.733
[time 0.74 s, user 0.82 s, sys 0.05 s, maxrss 89948 KB]
[busy 97 jiffies]
[exit 0]
--- lexindex dict256   load 0.51 1.67 1.73
479823 keys
lexindex DictIndex block 256: build 62 ms, size 1.213 MiB (2.651 B/key), latency cold 303.6 ns, then mean 292.9 / min 292.3 ns
61.815,1.212943,303.608
[time 0.81 s, user 0.87 s, sys 0.07 s, maxrss 87944 KB]
[busy 105 jiffies]
[exit 0]
--- lexindex dict1024   load 0.51 1.67 1.73
479823 keys
lexindex DictIndex block 1024: build 72 ms, size 1.154 MiB (2.521 B/key), latency cold 374.9 ns, then mean 368.7 / min 367.4 ns
72.021,1.153697,374.876
[time 0.97 s, user 0.99 s, sys 0.05 s, maxrss 76148 KB]
[busy 113 jiffies]
[exit 0]
--- lexindex string   load 0.55 1.66 1.73
479823 keys
lexindex StringIndex: build 167 ms, size 2.724 MiB (5.953 B/key), latency cold 216.7 ns, then mean 215.5 / min 214.7 ns
166.926,2.724010,216.690
[time 0.76 s, user 0.73 s, sys 0.02 s, maxrss 63904 KB]
[busy 86 jiffies]
[exit 0]
--- c2 case 0 rec 0   load 0.55 1.66 1.73
[TEST C2-FST]
Processing dataset...
Done!
Building trie...
Done!
build time: 72.267550 ms (150.612934 ns per key)
space cost: 1.889297 MB (44.282271% of original size 4.266485 MB)
Querying trie...
Done!
total time: 125.116206 ms, avg latency: 260.754916 ns
topology: 0.420059 MB, link: 0.189988 MB, data: 1.279249 MB
--- Unary Path Analysis (FST, cutoff=4) ---
  shared unary steps in main trie: 150595
  terminal suffixes: inplace=193950 (avg len=1.79)  links=60939 (23.9% of terminal)
  link len: avg=4.24  max=35  total_chars=258586
  link length distribution (len:count):  4:25346  5:15798  6:9608  7:4976  8:2612  9:1355  10:653  11:330  12:137  13:65  14:25  15:11  16:9  17:6  18:2  19:3  20:1  21:1  36:1
72.267550,1.889297,260.754916
[PASSED]
[time 0.37 s, user 0.33 s, sys 0.03 s, maxrss 48964 KB]
[busy 44 jiffies]
[exit 0]
--- c2 case 0 rec 1   load 0.55 1.66 1.73
[TEST C2-FST]
Processing dataset...
Done!
Building trie...
trie size: 0.142362 MB
Done!
build time: 72.487774 ms (151.071904 ns per key)
space cost: 1.889297 MB (44.282271% of original size 4.266485 MB)
Querying trie...
Done!
total time: 124.089957 ms, avg latency: 258.616108 ns
topology: 0.420059 MB, link: 0.189988 MB, data: 1.279249 MB
--- Unary Path Analysis (FST, cutoff=4) ---
  shared unary steps in main trie: 150595
  terminal suffixes: inplace=193950 (avg len=1.79)  links=60939 (23.9% of terminal)
  link len: avg=4.24  max=35  total_chars=258586
  link length distribution (len:count):  4:25346  5:15798  6:9608  7:4976  8:2612  9:1355  10:653  11:330  12:137  13:65  14:25  15:11  16:9  17:6  18:2  19:3  20:1  21:1  36:1
72.487774,1.889297,258.616108
[PASSED]
[time 0.37 s, user 0.34 s, sys 0.03 s, maxrss 48836 KB]
[busy 42 jiffies]
[exit 0]
--- c2 case 0 rec 2   load 0.50 1.63 1.72
[TEST C2-FST]
Processing dataset...
Done!
Building trie...
trie size: 0.142362 MB
Done!
build time: 73.001880 ms (152.143353 ns per key)
space cost: 1.889297 MB (44.282271% of original size 4.266485 MB)
Querying trie...
Done!
total time: 122.574680 ms, avg latency: 255.458117 ns
topology: 0.420059 MB, link: 0.189988 MB, data: 1.279249 MB
--- Unary Path Analysis (FST, cutoff=4) ---
  shared unary steps in main trie: 150595
  terminal suffixes: inplace=193950 (avg len=1.79)  links=60939 (23.9% of terminal)
  link len: avg=4.24  max=35  total_chars=258586
  link length distribution (len:count):  4:25346  5:15798  6:9608  7:4976  8:2612  9:1355  10:653  11:330  12:137  13:65  14:25  15:11  16:9  17:6  18:2  19:3  20:1  21:1  36:1
73.001880,1.889297,255.458117
[PASSED]
[time 0.37 s, user 0.32 s, sys 0.03 s, maxrss 48832 KB]
[busy 42 jiffies]
[exit 0]
--- c2 case 1 rec 0   load 0.50 1.63 1.72
[TEST C2-CoCo(LOUDS-Sparse)]
Processing dataset...
Done!
Building trie...
Done!
build time: 414.569626 ms (864.005323 ns per key)
space cost: 2.136750 MB (50.082199% of original size 4.266485 MB)
Querying trie...
Done!
total time: 196.184132 ms, avg latency: 408.867712 ns
topology: 0.195229 MB, link: 0.520357 MB, data: 1.421164 MB
414.569626,2.136750,408.867712
[PASSED]
[time 0.79 s, user 0.73 s, sys 0.05 s, maxrss 97724 KB]
[busy 87 jiffies]
[exit 0]
--- c2 case 1 rec 1   load 0.50 1.63 1.72
[TEST C2-CoCo(LOUDS-Sparse)]
Processing dataset...
Done!
Building trie...
trie size: 0.142362 MB
Done!
build time: 420.882246 ms (877.161466 ns per key)
space cost: 2.136750 MB (50.082199% of original size 4.266485 MB)
Querying trie...
Done!
total time: 198.086957 ms, avg latency: 412.833393 ns
topology: 0.195229 MB, link: 0.520357 MB, data: 1.421164 MB
420.882246,2.136750,412.833393
[PASSED]
[time 0.80 s, user 0.73 s, sys 0.05 s, maxrss 97768 KB]
[busy 93 jiffies]
[exit 0]
--- c2 case 1 rec 2   load 0.46 1.60 1.71
[TEST C2-CoCo(LOUDS-Sparse)]
Processing dataset...
Done!
Building trie...
trie size: 0.142362 MB
Done!
build time: 418.409190 ms (872.007365 ns per key)
space cost: 2.136750 MB (50.082199% of original size 4.266485 MB)
Querying trie...
Done!
total time: 199.527563 ms, avg latency: 415.835762 ns
topology: 0.195229 MB, link: 0.520357 MB, data: 1.421164 MB
418.409190,2.136750,415.835762
[PASSED]
[time 0.79 s, user 0.73 s, sys 0.05 s, maxrss 97696 KB]
[busy 88 jiffies]
[exit 0]
--- c2 case 2 rec 0   load 0.46 1.60 1.71
[TEST C2-MARISA]
Processing dataset...
Done!
Building trie...
trie size: 1.224291 MB
Done!
build time: 110.772245 ms (230.860640 ns per key)
space cost: 1.753984 MB (41.110759% of original size 4.266485 MB)
Querying trie...
Done!
total time: 98.630663 ms, avg latency: 205.556347 ns
topology: 0.405689 MB, link: 0.420969 MB, data: 0.917072 MB
--- Unary Path Analysis (Marisa, cutoff=3) ---
  branches: 742737  |  single-char: 411656 (55.4%)  short-unary: 124451 (16.8%)  links: 206630 (27.8%)
  link len: avg=4.35  max=37  total_chars=898820
  link length distribution (len:count):  3:81252  4:55503  5:30038  6:18037  7:10646  8:5519  9:2885  10:1442  11:688  12:346  13:146  14:66  15:26  16:12  17:9  18:7  19:2  20:3  21:1  22:1  37:1
  short unary avg len: 2.00
110.772245,1.753984,205.556347
[PASSED]
[time 0.39 s, user 0.36 s, sys 0.02 s, maxrss 62924 KB]
[busy 47 jiffies]
[exit 0]
--- c2 case 2 rec 1   load 0.46 1.60 1.71
[TEST C2-MARISA]
Processing dataset...
Done!
Building trie...
trie size: 1.224291 MB
trie size: 0.455650 MB
Done!
build time: 111.850911 ms (233.108690 ns per key)
space cost: 1.692706 MB (39.674487% of original size 4.266485 MB)
Querying trie...
Done!
total time: 105.188894 ms, avg latency: 219.224368 ns
topology: 0.426247 MB, link: 0.398585 MB, data: 0.857620 MB
--- Unary Path Analysis (Marisa, cutoff=3) ---
  branches: 742737  |  single-char: 411656 (55.4%)  short-unary: 124451 (16.8%)  links: 206630 (27.8%)
  link len: avg=4.35  max=37  total_chars=898820
  link length distribution (len:count):  3:81252  4:55503  5:30038  6:18037  7:10646  8:5519  9:2885  10:1442  11:688  12:346  13:146  14:66  15:26  16:12  17:9  18:7  19:2  20:3  21:1  22:1  37:1
  short unary avg len: 2.00
111.850911,1.692706,219.224368
[PASSED]
[time 0.39 s, user 0.34 s, sys 0.04 s, maxrss 63120 KB]
[busy 44 jiffies]
[exit 0]
--- c2 case 2 rec 2   load 0.42 1.57 1.70
[TEST C2-MARISA]
Processing dataset...
Done!
Building trie...
trie size: 1.224291 MB
trie size: 0.455650 MB
trie size: 0.007228 MB
Done!
build time: 114.349005 ms (238.314972 ns per key)
space cost: 1.692706 MB (39.674487% of original size 4.266485 MB)
Querying trie...
Done!
total time: 105.769055 ms, avg latency: 220.433483 ns
topology: 0.426247 MB, link: 0.398585 MB, data: 0.857620 MB
--- Unary Path Analysis (Marisa, cutoff=3) ---
  branches: 742737  |  single-char: 411656 (55.4%)  short-unary: 124451 (16.8%)  links: 206630 (27.8%)
  link len: avg=4.35  max=37  total_chars=898820
  link length distribution (len:count):  3:81252  4:55503  5:30038  6:18037  7:10646  8:5519  9:2885  10:1442  11:688  12:346  13:146  14:66  15:26  16:12  17:9  18:7  19:2  20:3  21:1  22:1  37:1
  short unary avg len: 2.00
114.349005,1.692706,220.433483
[PASSED]
[time 0.39 s, user 0.34 s, sys 0.04 s, maxrss 62468 KB]
[busy 44 jiffies]
[exit 0]
--- c2 case 3 rec 0   load 0.42 1.57 1.70
[TEST FST]
Processing dataset...
Done!
Building trie...
Done!
build time: 182.340511 ms (380.016196 ns per key)
space cost: 2.144493 MB (50.263695% of original size 4.266485 MB)
Querying trie...
Done!
total time: 202.221905 ms, avg latency: 421.451045 ns
not implemented
182.340511,2.144493,421.451045
[PASSED]
[time 0.56 s, user 0.52 s, sys 0.03 s, maxrss 41488 KB]
[busy 62 jiffies]
[exit 0]
--- c2 case 4 rec 0   load 0.42 1.57 1.70
[TEST COCO]
Processing dataset...
Done!
Building trie...
num nodes = 100870, average depth = 2.907644
ef = 0.002379, pa = 0.381531, bv = 0.002558, de = 0.468484
efr = 0.010370, par = 0.134639, bvr = 0.000020, der = 0.000020
Done!
build time: 1601.403715 ms (3337.488438 ns per key)
space cost: 2.485874 MB (58.265159% of original size 4.266485 MB)
Querying trie...
Done!
total time: 167.927681 ms, avg latency: 349.978390 ns
not implemented
1601.403715,2.485874,349.978390
[PASSED]
[time 2.00 s, user 1.56 s, sys 0.42 s, maxrss 920140 KB]
[busy 212 jiffies]
[exit 0]
--- c2 case 5 rec 0   load 0.47 1.56 1.69
[TEST MARISA]
Processing dataset...
Done!
Building trie...
Done!
build time: 154.231739 ms (321.434652 ns per key)
space cost: 1.546566 MB (36.249182% of original size 4.266485 MB)
Querying trie...
Done!
total time: 145.683388 ms, avg latency: 303.619018 ns
not implemented
154.231739,1.546566,303.619018
[PASSED]
[time 0.47 s, user 0.43 s, sys 0.03 s, maxrss 63232 KB]
[busy 54 jiffies]
[exit 0]
--- c2 case 5 rec 1   load 0.47 1.56 1.69
[TEST MARISA]
Processing dataset...
Done!
Building trie...
Done!
build time: 157.547168 ms (328.344344 ns per key)
space cost: 1.371034 MB (32.134968% of original size 4.266485 MB)
Querying trie...
Done!
total time: 165.368904 ms, avg latency: 344.645638 ns
not implemented
157.547168,1.371034,344.645638
[PASSED]
[time 0.50 s, user 0.45 s, sys 0.04 s, maxrss 63260 KB]
[busy 56 jiffies]
[exit 0]
--- c2 case 5 rec 2   load 0.47 1.56 1.69
[TEST MARISA]
Processing dataset...
Done!
Building trie...
Done!
build time: 156.789134 ms (326.764524 ns per key)
space cost: 1.362252 MB (31.929145% of original size 4.266485 MB)
Querying trie...
Done!
total time: 166.065293 ms, avg latency: 346.096984 ns
not implemented
156.789134,1.362252,346.096984
[PASSED]
[time 0.50 s, user 0.44 s, sys 0.05 s, maxrss 63332 KB]
[busy 55 jiffies]
[exit 0]
--- c2 case 6 rec 0   load 0.43 1.54 1.68
[TEST PDT]
Processing dataset...
Done!
Building trie...
dict size: 35774, stream size: 975943
Done!
build time: 336.502609 ms (701.305709 ns per key)
space cost: 1.577207 MB (36.967352% of original size 4.266485 MB)
Querying trie...
Done!
total time: 209.219353 ms, avg latency: 436.034440 ns
not implemented
336.502609,1.577207,436.034440
[PASSED]
[time 0.72 s, user 0.68 s, sys 0.03 s, maxrss 52636 KB]
[busy 77 jiffies]
[exit 0]
--- c2 case 7 rec 0   load 0.43 1.54 1.68
[TEST ART]
Processing dataset...
Done!
Building trie...
Done!
build time: 46.364512 ms (96.628365 ns per key)
space cost: 16.425407 MB (384.986859% of original size 4.266485 MB)
Querying trie...
Done!
total time: 83.462083 ms, avg latency: 173.943481 ns
not implemented
46.364512,16.425407,173.943481
[PASSED]
[time 0.30 s, user 0.26 s, sys 0.03 s, maxrss 62012 KB]
[busy 35 jiffies]
[exit 0]
--- c2 case 8 rec 0   load 0.43 1.54 1.68
[TEST CART]
Processing dataset...
Done!
Building trie...
Done!
build time: 67.774969 ms (141.249938 ns per key)
space cost: 7.328448 MB (171.767812% of original size 4.266485 MB)
Querying trie...
Done!
total time: 104.737517 ms, avg latency: 218.283653 ns
not implemented
67.774969,7.328448,218.283653
[PASSED]
[time 0.35 s, user 0.31 s, sys 0.04 s, maxrss 62276 KB]
[busy 40 jiffies]
[exit 0]
--- xcdat 7   load 0.40 1.51 1.68
build time: 107.131043 ms
space cost: 2.721505 MiB (63.787990% of original size 4.266485 MiB)
avg latency: 107.800218 ns
107.131043,2.721505,107.800218
[time 0.33 s, user 0.29 s, sys 0.03 s, maxrss 52220 KB]
[busy 39 jiffies]
[exit 0]
--- xcdat 8   load 0.40 1.51 1.68
build time: 96.337945 ms
space cost: 2.597720 MiB (60.886655% of original size 4.266485 MiB)
avg latency: 109.702451 ns
96.337945,2.597720,109.702451
[time 0.32 s, user 0.29 s, sys 0.02 s, maxrss 52104 KB]
[busy 35 jiffies]
[exit 0]
--- xcdat 15   load 0.40 1.51 1.68
build time: 108.379699 ms
space cost: 3.340850 MiB (78.304499% of original size 4.266485 MiB)
avg latency: 78.890699 ns
108.379699,3.340850,78.890699
[time 0.32 s, user 0.28 s, sys 0.03 s, maxrss 58376 KB]
[busy 37 jiffies]
[exit 0]
--- xcdat 16   load 0.40 1.51 1.68
build time: 98.292037 ms
space cost: 3.550420 MiB (83.216503% of original size 4.266485 MiB)
avg latency: 87.635701 ns
98.292037,3.550420,87.635701
[time 0.31 s, user 0.27 s, sys 0.03 s, maxrss 58508 KB]
[busy 37 jiffies]
[exit 0]

##### dna-1000000 (1000000 lines, 25000000 bytes)   round 1/3   2026-09-19T11:38:33+03:00
--- lexindex dict32   load 0.37 1.49 1.67
1000000 keys
lexindex DictIndex block 32: build 120 ms, size 4.820 MiB (5.054 B/key), latency cold 355.3 ns, then mean 348.9 / min 347.8 ns
120.219,4.820289,355.323
[time 2.03 s, user 2.49 s, sys 0.16 s, maxrss 195668 KB]
[busy 290 jiffies]
[exit 0]
--- lexindex dict256   load 0.37 1.49 1.67
1000000 keys
lexindex DictIndex block 256: build 119 ms, size 4.195 MiB (4.398 B/key), latency cold 348.6 ns, then mean 346.7 / min 345.3 ns
119.217,4.194675,348.556
[time 2.01 s, user 2.46 s, sys 0.17 s, maxrss 188572 KB]
[busy 281 jiffies]
[exit 0]
--- lexindex dict1024   load 0.42 1.48 1.66
1000000 keys
lexindex DictIndex block 1024: build 127 ms, size 4.042 MiB (4.238 B/key), latency cold 387.0 ns, then mean 379.6 / min 378.0 ns
127.062,4.042011,387.021
[time 2.15 s, user 2.36 s, sys 0.12 s, maxrss 174268 KB]
[busy 268 jiffies]
[exit 0]
--- lexindex string   load 0.42 1.48 1.66
1000000 keys
lexindex StringIndex: build 1123 ms, size 16.920 MiB (17.741 B/key), latency cold 511.3 ns, then mean 511.6 / min 509.5 ns
1123.181,16.919603,511.326
[time 3.65 s, user 3.54 s, sys 0.09 s, maxrss 164252 KB]
[busy 387 jiffies]
[exit 0]
--- c2 case 0 rec 0   load 0.46 1.47 1.66
[TEST C2-FST]
Processing dataset...
Done!
Building trie...
Done!
build time: 1422.541158 ms (1422.541158 ns per key)
space cost: 11.502727 MB (50.256179% of original size 22.888184 MB)
Querying trie...
Done!
total time: 415.965168 ms, avg latency: 415.965168 ns
topology: 0.892128 MB, link: 2.893083 MB, data: 7.717516 MB
--- Unary Path Analysis (FST, cutoff=4) ---
  shared unary steps in main trie: 98146
  terminal suffixes: inplace=2 (avg len=3.00)  links=999998 (100.0% of terminal)
  link len: avg=12.12  max=15  total_chars=12118007
  link length distribution (len:count):  4:2  5:10  6:40  7:176  8:732  9:2727  10:11261  11:42928  12:153933  13:402475  14:363824  15:21889  16:1
1422.541158,11.502727,415.965168
[PASSED]
[time 2.55 s, user 2.38 s, sys 0.16 s, maxrss 255828 KB]
[busy 269 jiffies]
[exit 0]
--- c2 case 0 rec 1   load 0.51 1.46 1.65
[TEST C2-FST]
Processing dataset...
Done!
Building trie...
trie size: 5.258043 MB
Done!
build time: 2132.759425 ms (2132.759425 ns per key)
space cost: 11.502727 MB (50.256179% of original size 22.888184 MB)
Querying trie...
Done!
total time: 415.477351 ms, avg latency: 415.477351 ns
topology: 0.892128 MB, link: 2.893083 MB, data: 7.717516 MB
--- Unary Path Analysis (FST, cutoff=4) ---
  shared unary steps in main trie: 98146
  terminal suffixes: inplace=2 (avg len=3.00)  links=999998 (100.0% of terminal)
  link len: avg=12.12  max=15  total_chars=12118007
  link length distribution (len:count):  4:2  5:10  6:40  7:176  8:732  9:2727  10:11261  11:42928  12:153933  13:402475  14:363824  15:21889  16:1
2132.759425,11.502727,415.477351
[PASSED]
[time 3.25 s, user 3.06 s, sys 0.17 s, maxrss 284332 KB]
[busy 338 jiffies]
[exit 0]
--- c2 case 0 rec 2   load 0.55 1.45 1.65
[TEST C2-FST]
Processing dataset...
Done!
Building trie...
trie size: 5.258043 MB
Done!
build time: 2123.571231 ms (2123.571231 ns per key)
space cost: 11.502727 MB (50.256179% of original size 22.888184 MB)
Querying trie...
Done!
total time: 414.289169 ms, avg latency: 414.289169 ns
topology: 0.892128 MB, link: 2.893083 MB, data: 7.717516 MB
--- Unary Path Analysis (FST, cutoff=4) ---
  shared unary steps in main trie: 98146
  terminal suffixes: inplace=2 (avg len=3.00)  links=999998 (100.0% of terminal)
  link len: avg=12.12  max=15  total_chars=12118007
  link length distribution (len:count):  4:2  5:10  6:40  7:176  8:732  9:2727  10:11261  11:42928  12:153933  13:402475  14:363824  15:21889  16:1
2123.571231,11.502727,414.289169
[PASSED]
[time 3.24 s, user 3.07 s, sys 0.16 s, maxrss 284340 KB]
[busy 341 jiffies]
[exit 0]
--- c2 case 1 rec 0   load 0.58 1.45 1.65
[TEST C2-CoCo(LOUDS-Sparse)]
Processing dataset...
Done!
Building trie...
Done!
build time: 2015.590902 ms (2015.590902 ns per key)
space cost: 9.777104 MB (42.716818% of original size 22.888184 MB)
Querying trie...
Done!
total time: 461.985594 ms, avg latency: 461.985594 ns
topology: 0.343521 MB, link: 3.029230 MB, data: 6.404353 MB
2015.590902,9.777104,461.985594
[PASSED]
[time 3.19 s, user 2.99 s, sys 0.18 s, maxrss 385772 KB]
[busy 333 jiffies]
[exit 0]
--- c2 case 1 rec 1   load 0.54 1.42 1.64
[TEST C2-CoCo(LOUDS-Sparse)]
Processing dataset...
Done!
Building trie...
trie size: 5.258043 MB
Done!
build time: 2706.802789 ms (2706.802789 ns per key)
space cost: 9.777104 MB (42.716818% of original size 22.888184 MB)
Querying trie...
Done!
total time: 457.903615 ms, avg latency: 457.903615 ns
topology: 0.343521 MB, link: 3.029230 MB, data: 6.404353 MB
2706.802789,9.777104,457.903615
[PASSED]
[time 3.87 s, user 3.65 s, sys 0.20 s, maxrss 413728 KB]
[busy 408 jiffies]
[exit 0]
--- c2 case 1 rec 2   load 0.49 1.40 1.63
[TEST C2-CoCo(LOUDS-Sparse)]
Processing dataset...
Done!
Building trie...
trie size: 5.258043 MB
Done!
build time: 2724.837253 ms (2724.837253 ns per key)
space cost: 9.777104 MB (42.716818% of original size 22.888184 MB)
Querying trie...
Done!
total time: 458.723745 ms, avg latency: 458.723745 ns
topology: 0.343521 MB, link: 3.029230 MB, data: 6.404353 MB
2724.837253,9.777104,458.723745
[PASSED]
[time 3.89 s, user 3.67 s, sys 0.19 s, maxrss 413696 KB]
[busy 418 jiffies]
[exit 0]
--- c2 case 2 rec 0   load 0.45 1.37 1.62
[TEST C2-MARISA]
Processing dataset...
Done!
Building trie...
trie size: 2.428399 MB
Done!
build time: 1318.508836 ms (1318.508836 ns per key)
space cost: 10.748939 MB (46.962829% of original size 22.888184 MB)
Querying trie...
Done!
total time: 391.012685 ms, avg latency: 391.012685 ns
topology: 0.804615 MB, link: 2.791285 MB, data: 7.132531 MB
--- Unary Path Analysis (Marisa, cutoff=3) ---
  branches: 1681124  |  single-char: 605889 (36.0%)  short-unary: 58000 (3.5%)  links: 1017235 (60.5%)
  link len: avg=13.94  max=17  total_chars=14175392
  link length distribution (len:count):  3:13001  4:3156  5:812  6:209  7:97  8:186  9:733  10:2730  11:11261  12:42928  13:153933  14:402475  15:363824  16:21889  17:1
  short unary avg len: 2.00
1318.508836,10.748939,391.012685
[PASSED]
[time 2.42 s, user 2.25 s, sys 0.15 s, maxrss 251940 KB]
[busy 256 jiffies]
[exit 0]
--- c2 case 2 rec 1   load 0.45 1.37 1.62
[TEST C2-MARISA]
Processing dataset...
Done!
Building trie...
trie size: 2.428399 MB
trie size: 5.162292 MB
Done!
build time: 2228.994466 ms (2228.994466 ns per key)
space cost: 10.748939 MB (46.962829% of original size 22.888184 MB)
Querying trie...
Done!
total time: 390.685521 ms, avg latency: 390.685521 ns
topology: 0.804615 MB, link: 2.791285 MB, data: 7.132531 MB
--- Unary Path Analysis (Marisa, cutoff=3) ---
  branches: 1681124  |  single-char: 605889 (36.0%)  short-unary: 58000 (3.5%)  links: 1017235 (60.5%)
  link len: avg=13.94  max=17  total_chars=14175392
  link length distribution (len:count):  3:13001  4:3156  5:812  6:209  7:97  8:186  9:733  10:2730  11:11261  12:42928  13:153933  14:402475  15:363824  16:21889  17:1
  short unary avg len: 2.00
2228.994466,10.748939,390.685521
[PASSED]
[time 3.35 s, user 3.12 s, sys 0.21 s, maxrss 285364 KB]
[busy 353 jiffies]
[exit 0]
--- c2 case 2 rec 2   load 0.50 1.37 1.62
[TEST C2-MARISA]
Processing dataset...
Done!
Building trie...
trie size: 2.428399 MB
trie size: 5.162292 MB
Done!
build time: 2232.714796 ms (2232.714796 ns per key)
space cost: 10.748939 MB (46.962829% of original size 22.888184 MB)
Querying trie...
Done!
total time: 390.197435 ms, avg latency: 390.197435 ns
topology: 0.804615 MB, link: 2.791285 MB, data: 7.132531 MB
--- Unary Path Analysis (Marisa, cutoff=3) ---
  branches: 1681124  |  single-char: 605889 (36.0%)  short-unary: 58000 (3.5%)  links: 1017235 (60.5%)
  link len: avg=13.94  max=17  total_chars=14175392
  link length distribution (len:count):  3:13001  4:3156  5:812  6:209  7:97  8:186  9:733  10:2730  11:11261  12:42928  13:153933  14:402475  15:363824  16:21889  17:1
  short unary avg len: 2.00
2232.714796,10.748939,390.197435
[PASSED]
[time 3.36 s, user 3.12 s, sys 0.22 s, maxrss 285120 KB]
[busy 355 jiffies]
[exit 0]
--- c2 case 3 rec 0   load 0.54 1.36 1.61
[TEST FST]
Processing dataset...
Done!
Building trie...
Done!
build time: 950.155234 ms (950.155234 ns per key)
space cost: 18.082896 MB (79.005379% of original size 22.888184 MB)
Querying trie...
Done!
total time: 555.144766 ms, avg latency: 555.144766 ns
not implemented
950.155234,18.082896,555.144766
[PASSED]
[time 2.22 s, user 2.10 s, sys 0.11 s, maxrss 179168 KB]
[busy 231 jiffies]
[exit 0]
--- c2 case 4 rec 0   load 0.58 1.36 1.61
[TEST COCO]
Processing dataset...
Done!
Building trie...
num nodes = 65537, average depth = 14.999878
ef = 0.000000, pa = 0.000000, bv = 0.000000, de = 0.000015
efr = 0.000015, par = 0.999969, bvr = 0.000000, der = 0.000000
Done!
build time: 29643.820427 ms (29643.820427 ns per key)
space cost: 5.857979 MB (25.593899% of original size 22.888184 MB)
Querying trie...
Done!
total time: 359.543521 ms, avg latency: 359.543521 ns
not implemented
29643.820427,5.857979,359.543521
[PASSED]
[time 31.80 s, user 19.56 s, sys 12.03 s, maxrss 13623688 KB]
[busy 5354 jiffies]
[exit 0]
--- c2 case 5 rec 0   load 0.98 1.38 1.61
[TEST MARISA]
Processing dataset...
Done!
Building trie...
Done!
build time: 690.357281 ms (690.357281 ns per key)
space cost: 18.867507 MB (82.433396% of original size 22.888184 MB)
Querying trie...
Done!
total time: 550.325151 ms, avg latency: 550.325151 ns
not implemented
690.357281,18.867507,550.325151
[PASSED]
[time 1.94 s, user 1.78 s, sys 0.15 s, maxrss 222728 KB]
[busy 203 jiffies]
[exit 0]
--- c2 case 5 rec 1   load 0.98 1.38 1.61
[TEST MARISA]
Processing dataset...
Done!
Building trie...
Done!
build time: 958.261254 ms (958.261254 ns per key)
space cost: 7.640043 MB (33.379858% of original size 22.888184 MB)
Querying trie...
Done!
total time: 742.344317 ms, avg latency: 742.344317 ns
not implemented
958.261254,7.640043,742.344317
[PASSED]
[time 2.42 s, user 2.25 s, sys 0.15 s, maxrss 221988 KB]
[busy 255 jiffies]
[exit 0]
--- c2 case 5 rec 2   load 0.91 1.35 1.60
[TEST MARISA]
Processing dataset...
Done!
Building trie...
Done!
build time: 956.003301 ms (956.003301 ns per key)
space cost: 7.210847 MB (31.504671% of original size 22.888184 MB)
Querying trie...
Done!
total time: 795.017602 ms, avg latency: 795.017602 ns
not implemented
956.003301,7.210847,795.017602
[PASSED]
[time 2.45 s, user 2.30 s, sys 0.14 s, maxrss 222028 KB]
[busy 259 jiffies]
[exit 0]
--- c2 case 6 rec 0   load 0.91 1.35 1.60
[TEST PDT]
Processing dataset...
Done!
Building trie...
dict size: 151324, stream size: 6218209
Done!
build time: 2909.292858 ms (2909.292858 ns per key)
space cost: 7.350519 MB (32.114908% of original size 22.888184 MB)
Querying trie...
Done!
total time: 782.295810 ms, avg latency: 782.295810 ns
not implemented
2909.292858,7.350519,782.295810
[PASSED]
[time 4.40 s, user 4.22 s, sys 0.15 s, maxrss 213076 KB]
[busy 460 jiffies]
[exit 0]
--- c2 case 7 rec 0   load 0.91 1.35 1.60
[TEST ART]
Processing dataset...
Done!
Building trie...
Done!
build time: 199.612112 ms (199.612112 ns per key)
space cost: 33.278465 MB (145.395833% of original size 22.888184 MB)
Querying trie...
Done!
total time: 419.117220 ms, avg latency: 419.117220 ns
not implemented
199.612112,33.278465,419.117220
[PASSED]
[time 1.36 s, user 1.23 s, sys 0.11 s, maxrss 223232 KB]
[busy 143 jiffies]
[exit 0]
--- c2 case 8 rec 0   load 0.92 1.34 1.59
[TEST CART]
Processing dataset...
Done!
Building trie...
Done!
build time: 249.754001 ms (249.754001 ns per key)
space cost: 15.643999 MB (68.349675% of original size 22.888184 MB)
Querying trie...
Done!
total time: 457.221252 ms, avg latency: 457.221252 ns
not implemented
249.754001,15.643999,457.221252
[PASSED]
[time 1.45 s, user 1.33 s, sys 0.11 s, maxrss 214612 KB]
[busy 155 jiffies]
[exit 0]
--- xcdat 7   load 0.92 1.34 1.59
build time: 833.271305 ms
space cost: 19.789600 MiB (86.462083% of original size 22.888184 MiB)
avg latency: 300.528539 ns
833.271305,19.789600,300.528539
[time 1.84 s, user 1.71 s, sys 0.12 s, maxrss 180532 KB]
[busy 194 jiffies]
[exit 0]
--- xcdat 8   load 0.93 1.34 1.59
build time: 796.147595 ms
space cost: 19.685819 MiB (86.008654% of original size 22.888184 MiB)
avg latency: 301.274932 ns
796.147595,19.685819,301.274932
[time 1.82 s, user 1.68 s, sys 0.12 s, maxrss 180540 KB]
[busy 196 jiffies]
[exit 0]
--- xcdat 15   load 0.93 1.34 1.59
build time: 818.608356 ms
space cost: 21.414997 MiB (93.563550% of original size 22.888184 MiB)
avg latency: 283.199521 ns
818.608356,21.414997,283.199521
[time 1.82 s, user 1.69 s, sys 0.12 s, maxrss 182040 KB]
[busy 193 jiffies]
[exit 0]
--- xcdat 16   load 1.01 1.35 1.59
build time: 797.370363 ms
space cost: 21.935129 MiB (95.836042% of original size 22.888184 MiB)
avg latency: 295.313421 ns
797.370363,21.935129,295.313421
[time 1.82 s, user 1.69 s, sys 0.12 s, maxrss 182516 KB]
[busy 193 jiffies]
[exit 0]

##### domains-1000000 (1000000 lines, 14782044 bytes)   round 1/3   2026-09-19T11:40:33+03:00
--- lexindex dict32   load 0.93 1.33 1.58
1000000 keys
lexindex DictIndex block 32: build 241 ms, size 4.851 MiB (5.087 B/key), latency cold 319.3 ns, then mean 311.1 / min 310.4 ns
240.593,4.851443,319.260
[time 1.98 s, user 3.48 s, sys 0.24 s, maxrss 237268 KB]
[busy 398 jiffies]
[exit 0]
--- lexindex dict256   load 0.93 1.33 1.58
1000000 keys
lexindex DictIndex block 256: build 238 ms, size 4.534 MiB (4.754 B/key), latency cold 346.6 ns, then mean 336.3 / min 334.9 ns
238.031,4.534131,346.626
[time 2.08 s, user 3.64 s, sys 0.23 s, maxrss 237804 KB]
[busy 408 jiffies]
[exit 0]
--- lexindex dict1024   load 0.94 1.32 1.58
1000000 keys
lexindex DictIndex block 1024: build 263 ms, size 4.377 MiB (4.589 B/key), latency cold 421.5 ns, then mean 414.0 / min 412.6 ns
263.395,4.376807,421.529
[time 2.40 s, user 3.32 s, sys 0.19 s, maxrss 223996 KB]
[busy 375 jiffies]
[exit 0]
--- lexindex string   load 0.86 1.30 1.57
1000000 keys
lexindex StringIndex: build 601 ms, size 10.017 MiB (10.504 B/key), latency cold 289.6 ns, then mean 282.5 / min 279.8 ns
600.885,10.017015,289.611
[time 2.21 s, user 2.13 s, sys 0.06 s, maxrss 135196 KB]
[busy 236 jiffies]
[exit 0]
--- c2 case 0 rec 0   load 0.86 1.30 1.57
[TEST C2-FST]
Processing dataset...
Done!
Building trie...
Done!
build time: 622.686928 ms (622.686928 ns per key)
space cost: 6.917822 MB (52.632701% of original size 13.143581 MB)
Querying trie...
Done!
total time: 340.835911 ms, avg latency: 340.835911 ns
topology: 0.942398 MB, link: 2.041207 MB, data: 3.934216 MB
--- Unary Path Analysis (FST, cutoff=4) ---
  shared unary steps in main trie: 268333
  terminal suffixes: inplace=220500 (avg len=1.97)  links=754948 (77.4% of terminal)
  link len: avg=6.76  max=63  total_chars=5105329
  link length distribution (len:count):  4:91687  5:111663  6:114934  7:103953  8:85177  9:68086  10:51456  11:37502  12:26935  13:19286  14:13392  15:9281  16:6718  17:4599  18:3138  19:2143  20:1561  21:980  22:717  23:511  24:315  25:289  26:154  27:98  28:76  29:70  30:38  31:24  32:35  33:24  34:15  35:9  36:12  37:9  38:5  39:5  40:5  41:8  42:4  43:7  45:3  46:1  48:1  50:1  52:4  54:2  55:1  56:5  57:4  59:2  63:2  64:1
622.686928,6.917822,340.835911
[PASSED]
[time 1.39 s, user 1.28 s, sys 0.10 s, maxrss 183232 KB]
[busy 145 jiffies]
[exit 0]
--- c2 case 0 rec 1   load 0.79 1.28 1.56
[TEST C2-FST]
Processing dataset...
Done!
Building trie...
trie size: 2.171301 MB
Done!
build time: 701.484137 ms (701.484137 ns per key)
space cost: 6.261899 MB (47.642258% of original size 13.143581 MB)
Querying trie...
Done!
total time: 393.131647 ms, avg latency: 393.131647 ns
topology: 1.096256 MB, link: 1.933458 MB, data: 3.232184 MB
--- Unary Path Analysis (FST, cutoff=4) ---
  shared unary steps in main trie: 268333
  terminal suffixes: inplace=220500 (avg len=1.97)  links=754948 (77.4% of terminal)
  link len: avg=6.76  max=63  total_chars=5105329
  link length distribution (len:count):  4:91687  5:111663  6:114934  7:103953  8:85177  9:68086  10:51456  11:37502  12:26935  13:19286  14:13392  15:9281  16:6718  17:4599  18:3138  19:2143  20:1561  21:980  22:717  23:511  24:315  25:289  26:154  27:98  28:76  29:70  30:38  31:24  32:35  33:24  34:15  35:9  36:12  37:9  38:5  39:5  40:5  41:8  42:4  43:7  45:3  46:1  48:1  50:1  52:4  54:2  55:1  56:5  57:4  59:2  63:2  64:1
701.484137,6.261899,393.131647
[PASSED]
[time 1.54 s, user 1.42 s, sys 0.11 s, maxrss 183364 KB]
[busy 161 jiffies]
[exit 0]
--- c2 case 0 rec 2   load 0.79 1.28 1.56
[TEST C2-FST]
Processing dataset...
Done!
Building trie...
trie size: 2.171301 MB
trie size: 0.145336 MB
Done!
build time: 702.845144 ms (702.845144 ns per key)
space cost: 6.261899 MB (47.642258% of original size 13.143581 MB)
Querying trie...
Done!
total time: 391.229624 ms, avg latency: 391.229624 ns
topology: 1.096256 MB, link: 1.933458 MB, data: 3.232184 MB
--- Unary Path Analysis (FST, cutoff=4) ---
  shared unary steps in main trie: 268333
  terminal suffixes: inplace=220500 (avg len=1.97)  links=754948 (77.4% of terminal)
  link len: avg=6.76  max=63  total_chars=5105329
  link length distribution (len:count):  4:91687  5:111663  6:114934  7:103953  8:85177  9:68086  10:51456  11:37502  12:26935  13:19286  14:13392  15:9281  16:6718  17:4599  18:3138  19:2143  20:1561  21:980  22:717  23:511  24:315  25:289  26:154  27:98  28:76  29:70  30:38  31:24  32:35  33:24  34:15  35:9  36:12  37:9  38:5  39:5  40:5  41:8  42:4  43:7  45:3  46:1  48:1  50:1  52:4  54:2  55:1  56:5  57:4  59:2  63:2  64:1
702.845144,6.261899,391.229624
[PASSED]
[time 1.54 s, user 1.43 s, sys 0.10 s, maxrss 182944 KB]
[busy 162 jiffies]
[exit 0]
--- c2 case 1 rec 0   load 0.73 1.25 1.55
[TEST C2-CoCo(LOUDS-Sparse)]
Processing dataset...
Done!
Building trie...
Done!
build time: 1363.460684 ms (1363.460684 ns per key)
space cost: 6.955368 MB (52.918365% of original size 13.143581 MB)
Querying trie...
Done!
total time: 490.416031 ms, avg latency: 490.416031 ns
topology: 0.405121 MB, link: 2.743303 MB, data: 3.806944 MB
1363.460684,6.955368,490.416031
[PASSED]
[time 2.29 s, user 2.10 s, sys 0.17 s, maxrss 326840 KB]
[busy 246 jiffies]
[exit 0]
--- c2 case 1 rec 1   load 0.73 1.25 1.55
[TEST C2-CoCo(LOUDS-Sparse)]
Processing dataset...
Done!
Building trie...
trie size: 2.171301 MB
Done!
build time: 1429.940310 ms (1429.940310 ns per key)
space cost: 6.299446 MB (47.927923% of original size 13.143581 MB)
Querying trie...
Done!
total time: 546.243542 ms, avg latency: 546.243542 ns
topology: 0.558979 MB, link: 2.635554 MB, data: 3.104912 MB
1429.940310,6.299446,546.243542
[PASSED]
[time 2.41 s, user 2.21 s, sys 0.18 s, maxrss 326692 KB]
[busy 254 jiffies]
[exit 0]
--- c2 case 1 rec 2   load 0.75 1.25 1.55
[TEST C2-CoCo(LOUDS-Sparse)]
Processing dataset...
Done!
Building trie...
trie size: 2.171301 MB
trie size: 0.145336 MB
Done!
build time: 1455.501064 ms (1455.501064 ns per key)
space cost: 6.299446 MB (47.927923% of original size 13.143581 MB)
Querying trie...
Done!
total time: 542.466266 ms, avg latency: 542.466266 ns
topology: 0.558979 MB, link: 2.635554 MB, data: 3.104912 MB
1455.501064,6.299446,542.466266
[PASSED]
[time 2.43 s, user 2.21 s, sys 0.20 s, maxrss 327000 KB]
[busy 253 jiffies]
[exit 0]
--- c2 case 2 rec 0   load 0.77 1.25 1.55
[TEST C2-MARISA]
Processing dataset...
Done!
Building trie...
trie size: 2.220281 MB
Done!
build time: 692.325949 ms (692.325949 ns per key)
space cost: 6.286226 MB (47.827347% of original size 13.143581 MB)
Querying trie...
Done!
total time: 258.356555 ms, avg latency: 258.356555 ns
topology: 0.735279 MB, link: 2.419176 MB, data: 3.111263 MB
--- Unary Path Analysis (Marisa, cutoff=3) ---
  branches: 1529804  |  single-char: 445053 (29.1%)  short-unary: 119280 (7.8%)  links: 965471 (63.1%)
  link len: avg=7.67  max=65  total_chars=7409785
  link length distribution (len:count):  3:106346  4:81524  5:100388  6:117171  7:118183  8:106006  9:86378  10:68801  11:51930  12:37786  13:27091  14:19390  15:13458  16:9322  17:6753  18:4616  19:3149  20:2153  21:1566  22:983  23:724  24:512  25:321  26:290  27:155  28:98  29:77  30:70  31:40  32:24  33:35  34:24  35:16  36:9  37:12  38:9  39:5  40:5  41:5  42:8  43:4  44:7  46:3  47:1  49:1  51:1  53:4  55:2  56:1  57:5  58:4  60:2  64:2  65:1
  short unary avg len: 2.00
692.325949,6.286226,258.356555
[PASSED]
[time 1.38 s, user 1.25 s, sys 0.12 s, maxrss 205812 KB]
[busy 148 jiffies]
[exit 0]
--- c2 case 2 rec 1   load 0.77 1.25 1.55
[TEST C2-MARISA]
Processing dataset...
Done!
Building trie...
trie size: 2.220281 MB
trie size: 2.823213 MB
Done!
build time: 792.206450 ms (792.206450 ns per key)
space cost: 5.413679 MB (41.188767% of original size 13.143581 MB)
Querying trie...
Done!
total time: 335.374350 ms, avg latency: 335.374350 ns
topology: 0.947487 MB, link: 2.305346 MB, data: 2.140338 MB
--- Unary Path Analysis (Marisa, cutoff=3) ---
  branches: 1529804  |  single-char: 445053 (29.1%)  short-unary: 119280 (7.8%)  links: 965471 (63.1%)
  link len: avg=7.67  max=65  total_chars=7409785
  link length distribution (len:count):  3:106346  4:81524  5:100388  6:117171  7:118183  8:106006  9:86378  10:68801  11:51930  12:37786  13:27091  14:19390  15:13458  16:9322  17:6753  18:4616  19:3149  20:2153  21:1566  22:983  23:724  24:512  25:321  26:290  27:155  28:98  29:77  30:70  31:40  32:24  33:35  34:24  35:16  36:9  37:12  38:9  39:5  40:5  41:5  42:8  43:4  44:7  46:3  47:1  49:1  51:1  53:4  55:2  56:1  57:5  58:4  60:2  64:2  65:1
  short unary avg len: 2.00
792.206450,5.413679,335.374350
[PASSED]
[time 1.57 s, user 1.44 s, sys 0.12 s, maxrss 206052 KB]
[busy 168 jiffies]
[exit 0]
--- c2 case 2 rec 2   load 0.79 1.24 1.54
[TEST C2-MARISA]
Processing dataset...
Done!
Building trie...
trie size: 2.220281 MB
trie size: 2.823213 MB
trie size: 0.214430 MB
Done!
build time: 801.846603 ms (801.846603 ns per key)
space cost: 5.413679 MB (41.188767% of original size 13.143581 MB)
Querying trie...
Done!
total time: 333.844365 ms, avg latency: 333.844365 ns
topology: 0.947487 MB, link: 2.305346 MB, data: 2.140338 MB
--- Unary Path Analysis (Marisa, cutoff=3) ---
  branches: 1529804  |  single-char: 445053 (29.1%)  short-unary: 119280 (7.8%)  links: 965471 (63.1%)
  link len: avg=7.67  max=65  total_chars=7409785
  link length distribution (len:count):  3:106346  4:81524  5:100388  6:117171  7:118183  8:106006  9:86378  10:68801  11:51930  12:37786  13:27091  14:19390  15:13458  16:9322  17:6753  18:4616  19:3149  20:2153  21:1566  22:983  23:724  24:512  25:321  26:290  27:155  28:98  29:77  30:70  31:40  32:24  33:35  34:24  35:16  36:9  37:12  38:9  39:5  40:5  41:5  42:8  43:4  44:7  46:3  47:1  49:1  51:1  53:4  55:2  56:1  57:5  58:4  60:2  64:2  65:1
  short unary avg len: 2.00
801.846603,5.413679,333.844365
[PASSED]
[time 1.58 s, user 1.46 s, sys 0.11 s, maxrss 206028 KB]
[busy 169 jiffies]
[exit 0]
--- c2 case 3 rec 0   load 0.79 1.24 1.54
[TEST FST]
Processing dataset...
Done!
Building trie...
Done!
build time: 597.639628 ms (597.639628 ns per key)
space cost: 6.751218 MB (51.365131% of original size 13.143581 MB)
Querying trie...
Done!
total time: 448.251700 ms, avg latency: 448.251700 ns
not implemented
597.639628,6.751218,448.251700
[PASSED]
[time 1.48 s, user 1.40 s, sys 0.06 s, maxrss 95092 KB]
[busy 156 jiffies]
[exit 0]
--- c2 case 4 rec 0   load 0.81 1.24 1.54
[TEST COCO]
Processing dataset...
Done!
Building trie...
num nodes = 310886, average depth = 6.283062
ef = 0.001168, pa = 0.211653, bv = 0.000885, de = 0.651638
efr = 0.002046, par = 0.129141, bvr = 0.000006, der = 0.003464
Done!
build time: 10519.836512 ms (10519.836512 ns per key)
space cost: 9.668336 MB (73.559374% of original size 13.143581 MB)
Querying trie...
Done!
total time: 427.272052 ms, avg latency: 427.272052 ns
not implemented
10519.836512,9.668336,427.272052
[PASSED]
[time 11.91 s, user 9.03 s, sys 2.82 s, maxrss 6138148 KB]
[busy 1241 jiffies]
[exit 0]
--- c2 case 5 rec 0   load 0.84 1.23 1.53
[TEST MARISA]
Processing dataset...
Done!
Building trie...
Done!
build time: 490.387546 ms (490.387546 ns per key)
space cost: 6.885828 MB (52.389283% of original size 13.143581 MB)
Querying trie...
Done!
total time: 380.395388 ms, avg latency: 380.395388 ns
not implemented
490.387546,6.885828,380.395388
[PASSED]
[time 1.30 s, user 1.17 s, sys 0.12 s, maxrss 172356 KB]
[busy 145 jiffies]
[exit 0]
--- c2 case 5 rec 1   load 0.85 1.22 1.53
[TEST MARISA]
Processing dataset...
Done!
Building trie...
Done!
build time: 557.562138 ms (557.562138 ns per key)
space cost: 4.826345 MB (36.720170% of original size 13.143581 MB)
Querying trie...
Done!
total time: 520.401318 ms, avg latency: 520.401318 ns
not implemented
557.562138,4.826345,520.401318
[PASSED]
[time 1.51 s, user 1.38 s, sys 0.12 s, maxrss 172312 KB]
[busy 162 jiffies]
[exit 0]
--- c2 case 5 rec 2   load 0.85 1.22 1.53
[TEST MARISA]
Processing dataset...
Done!
Building trie...
Done!
build time: 569.162264 ms (569.162264 ns per key)
space cost: 4.647946 MB (35.362861% of original size 13.143581 MB)
Querying trie...
Done!
total time: 546.941924 ms, avg latency: 546.941924 ns
not implemented
569.162264,4.647946,546.941924
[PASSED]
[time 1.55 s, user 1.42 s, sys 0.11 s, maxrss 172108 KB]
[busy 167 jiffies]
[exit 0]
--- c2 case 6 rec 0   load 0.86 1.22 1.53
[TEST PDT]
Processing dataset...
Done!
Building trie...
dict size: 155466, stream size: 4016746
Done!
build time: 1947.700957 ms (1947.700957 ns per key)
space cost: 5.254991 MB (39.981421% of original size 13.143581 MB)
Querying trie...
Done!
total time: 525.164558 ms, avg latency: 525.164558 ns
not implemented
1947.700957,5.254991,525.164558
[PASSED]
[time 2.91 s, user 2.80 s, sys 0.10 s, maxrss 152788 KB]
[busy 305 jiffies]
[exit 0]
--- c2 case 7 rec 0   load 0.79 1.20 1.52
[TEST ART]
Processing dataset...
Done!
Building trie...
Done!
build time: 116.145491 ms (116.145491 ns per key)
space cost: 31.580688 MB (240.274607% of original size 13.143581 MB)
Querying trie...
Done!
total time: 252.200668 ms, avg latency: 252.200668 ns
not implemented
116.145491,31.580688,252.200668
[PASSED]
[time 0.80 s, user 0.73 s, sys 0.06 s, maxrss 135840 KB]
[busy 86 jiffies]
[exit 0]
--- c2 case 8 rec 0   load 0.79 1.20 1.52
[TEST CART]
Processing dataset...
Done!
Building trie...
Done!
build time: 161.781754 ms (161.781754 ns per key)
space cost: 13.831998 MB (105.237663% of original size 13.143581 MB)
Querying trie...
Done!
total time: 317.716423 ms, avg latency: 317.716423 ns
not implemented
161.781754,13.831998,317.716423
[PASSED]
[time 0.93 s, user 0.86 s, sys 0.06 s, maxrss 134060 KB]
[busy 100 jiffies]
[exit 0]
--- xcdat 7   load 0.79 1.20 1.52
build time: 518.522839 ms
space cost: 9.017626 MiB (68.608590% of original size 13.143581 MiB)
avg latency: 178.248312 ns
518.522839,9.017626,178.248312
[time 1.14 s, user 1.05 s, sys 0.09 s, maxrss 139916 KB]
[busy 121 jiffies]
[exit 0]
--- xcdat 8   load 0.81 1.20 1.52
build time: 490.937561 ms
space cost: 8.488643 MiB (64.583940% of original size 13.143581 MiB)
avg latency: 171.608387 ns
490.937561,8.488643,171.608387
[time 1.12 s, user 1.02 s, sys 0.09 s, maxrss 139480 KB]
[busy 120 jiffies]
[exit 0]
--- xcdat 15   load 0.81 1.20 1.52
build time: 511.156769 ms
space cost: 9.847433 MiB (74.921993% of original size 13.143581 MiB)
avg latency: 146.830643 ns
511.156769,9.847433,146.830643
[time 1.11 s, user 1.01 s, sys 0.09 s, maxrss 139644 KB]
[busy 118 jiffies]
[exit 0]
--- xcdat 16   load 0.74 1.18 1.51
build time: 490.983357 ms
space cost: 10.260450 MiB (78.064342% of original size 13.143581 MiB)
avg latency: 158.730651 ns
490.983357,10.260450,158.730651
[time 1.10 s, user 1.00 s, sys 0.09 s, maxrss 139820 KB]
[busy 116 jiffies]
[exit 0]

##### idents-1000000 (1000000 lines, 18283976 bytes)   round 1/3   2026-09-19T11:41:51+03:00
--- lexindex dict32   load 0.74 1.18 1.51
1000000 keys
lexindex DictIndex block 32: build 289 ms, size 5.437 MiB (5.701 B/key), latency cold 381.3 ns, then mean 377.9 / min 376.6 ns
288.519,5.437026,381.284
[time 2.31 s, user 3.95 s, sys 0.26 s, maxrss 255500 KB]
[busy 446 jiffies]
[exit 0]
--- lexindex dict256   load 0.77 1.17 1.51
1000000 keys
lexindex DictIndex block 256: build 287 ms, size 5.059 MiB (5.305 B/key), latency cold 414.0 ns, then mean 406.6 / min 402.7 ns
287.245,5.059068,414.025
[time 2.43 s, user 4.08 s, sys 0.26 s, maxrss 255276 KB]
[busy 458 jiffies]
[exit 0]
--- lexindex dict1024   load 0.77 1.17 1.51
1000000 keys
lexindex DictIndex block 1024: build 320 ms, size 4.891 MiB (5.129 B/key), latency cold 484.1 ns, then mean 481.9 / min 479.9 ns
320.183,4.891071,484.128
[time 2.76 s, user 3.81 s, sys 0.21 s, maxrss 255680 KB]
[busy 433 jiffies]
[exit 0]
--- lexindex string   load 0.78 1.17 1.50
1000000 keys
lexindex StringIndex: build 657 ms, size 10.063 MiB (10.552 B/key), latency cold 352.0 ns, then mean 342.2 / min 340.6 ns
656.668,10.063018,352.005
[time 2.52 s, user 2.42 s, sys 0.08 s, maxrss 148540 KB]
[busy 264 jiffies]
[exit 0]
--- c2 case 0 rec 0   load 0.80 1.17 1.50
[TEST C2-FST]
Processing dataset...
Done!
Building trie...
Done!
build time: 597.873397 ms (597.873397 ns per key)
space cost: 8.227930 MB (49.916813% of original size 16.483284 MB)
Querying trie...
Done!
total time: 472.132247 ms, avg latency: 472.132247 ns
topology: 1.135506 MB, link: 1.406907 MB, data: 5.685517 MB
--- Unary Path Analysis (FST, cutoff=4) ---
  shared unary steps in main trie: 971668
  terminal suffixes: inplace=238747 (avg len=2.28)  links=478774 (66.7% of terminal)
  link len: avg=9.52  max=507  total_chars=4557473
  link length distribution (len:count):  4:79167  5:52258  6:44526  7:37562  8:33071  9:28872  10:26062  11:38559  12:20998  13:14985  14:12840  15:11027  16:9190  17:7956  18:6288  19:5522  20:4616  21:3760  22:3224  23:2642  24:2265  25:1817  26:1599  27:3319  28:3490  29:1071  30:1819  31:12530  32:2370  33:475  34:427  35:414  36:360  37:260  38:234  39:210  40:195  41:157  42:148  43:129  44:137  45:91  46:113  47:107  48:101  49:86  50:71  51:74  52:68  53:61  54:79  55:76  56:60  57:86  58:122  59:137  60:259  61:339  62:18  63:12  64:12  65:12  66:15  67:15  68:13  69:15  70:7  71:11  72:10  73:21  74:26  75:36  76:15  77:1  78:2  79:2  80:3  81:3  83:1  84:2  85:2  86:1  88:2  89:2  90:2  91:4  92:1  94:2  95:1  96:3  104:1  106:1  107:1  109:1  110:1  116:1  117:3  120:1  121:2  122:1  123:1  124:1  129:1  191:1  257:1  366:1  424:1  508:1
597.873397,8.227930,472.132247
[PASSED]
[time 1.59 s, user 1.47 s, sys 0.10 s, maxrss 163080 KB]
[busy 173 jiffies]
[exit 0]
--- c2 case 0 rec 1   load 0.80 1.17 1.50
[TEST C2-FST]
Processing dataset...
Done!
Building trie...
trie size: 1.626037 MB
Done!
build time: 706.262484 ms (706.262484 ns per key)
space cost: 7.389305 MB (44.829083% of original size 16.483284 MB)
Querying trie...
Done!
total time: 532.563218 ms, avg latency: 532.563218 ns
topology: 1.316097 MB, link: 1.431170 MB, data: 4.642038 MB
--- Unary Path Analysis (FST, cutoff=4) ---
  shared unary steps in main trie: 971668
  terminal suffixes: inplace=238747 (avg len=2.28)  links=478774 (66.7% of terminal)
  link len: avg=9.52  max=507  total_chars=4557473
  link length distribution (len:count):  4:79167  5:52258  6:44526  7:37562  8:33071  9:28872  10:26062  11:38559  12:20998  13:14985  14:12840  15:11027  16:9190  17:7956  18:6288  19:5522  20:4616  21:3760  22:3224  23:2642  24:2265  25:1817  26:1599  27:3319  28:3490  29:1071  30:1819  31:12530  32:2370  33:475  34:427  35:414  36:360  37:260  38:234  39:210  40:195  41:157  42:148  43:129  44:137  45:91  46:113  47:107  48:101  49:86  50:71  51:74  52:68  53:61  54:79  55:76  56:60  57:86  58:122  59:137  60:259  61:339  62:18  63:12  64:12  65:12  66:15  67:15  68:13  69:15  70:7  71:11  72:10  73:21  74:26  75:36  76:15  77:1  78:2  79:2  80:3  81:3  83:1  84:2  85:2  86:1  88:2  89:2  90:2  91:4  92:1  94:2  95:1  96:3  104:1  106:1  107:1  109:1  110:1  116:1  117:3  120:1  121:2  122:1  123:1  124:1  129:1  191:1  257:1  366:1  424:1  508:1
706.262484,7.389305,532.563218
[PASSED]
[time 1.76 s, user 1.66 s, sys 0.10 s, maxrss 163356 KB]
[busy 185 jiffies]
[exit 0]
--- c2 case 0 rec 2   load 0.82 1.16 1.50
[TEST C2-FST]
Processing dataset...
Done!
Building trie...
trie size: 1.626037 MB
trie size: 0.392475 MB
Done!
build time: 750.830702 ms (750.830702 ns per key)
space cost: 7.389305 MB (44.829083% of original size 16.483284 MB)
Querying trie...
Done!
total time: 525.908856 ms, avg latency: 525.908856 ns
topology: 1.316097 MB, link: 1.431170 MB, data: 4.642038 MB
--- Unary Path Analysis (FST, cutoff=4) ---
  shared unary steps in main trie: 971668
  terminal suffixes: inplace=238747 (avg len=2.28)  links=478774 (66.7% of terminal)
  link len: avg=9.52  max=507  total_chars=4557473
  link length distribution (len:count):  4:79167  5:52258  6:44526  7:37562  8:33071  9:28872  10:26062  11:38559  12:20998  13:14985  14:12840  15:11027  16:9190  17:7956  18:6288  19:5522  20:4616  21:3760  22:3224  23:2642  24:2265  25:1817  26:1599  27:3319  28:3490  29:1071  30:1819  31:12530  32:2370  33:475  34:427  35:414  36:360  37:260  38:234  39:210  40:195  41:157  42:148  43:129  44:137  45:91  46:113  47:107  48:101  49:86  50:71  51:74  52:68  53:61  54:79  55:76  56:60  57:86  58:122  59:137  60:259  61:339  62:18  63:12  64:12  65:12  66:15  67:15  68:13  69:15  70:7  71:11  72:10  73:21  74:26  75:36  76:15  77:1  78:2  79:2  80:3  81:3  83:1  84:2  85:2  86:1  88:2  89:2  90:2  91:4  92:1  94:2  95:1  96:3  104:1  106:1  107:1  109:1  110:1  116:1  117:3  120:1  121:2  122:1  123:1  124:1  129:1  191:1  257:1  366:1  424:1  508:1
750.830702,7.389305,525.908856
[PASSED]
[time 1.80 s, user 1.67 s, sys 0.11 s, maxrss 163376 KB]
[busy 189 jiffies]
[exit 0]
--- c2 case 1 rec 0   load 0.75 1.14 1.49
[TEST C2-CoCo(LOUDS-Sparse)]
Processing dataset...
Done!
Building trie...
Done!
build time: 2166.170409 ms (2166.170409 ns per key)
space cost: 8.350286 MB (50.659118% of original size 16.483284 MB)
Querying trie...
Done!
total time: 579.281185 ms, avg latency: 579.281185 ns
topology: 0.418800 MB, link: 2.233477 MB, data: 5.698009 MB
2166.170409,8.350286,579.281185
[PASSED]
[time 3.26 s, user 3.05 s, sys 0.19 s, maxrss 336140 KB]
[busy 344 jiffies]
[exit 0]
--- c2 case 1 rec 1   load 0.75 1.14 1.49
[TEST C2-CoCo(LOUDS-Sparse)]
Processing dataset...
Done!
Building trie...
trie size: 1.626037 MB
Done!
build time: 2260.089099 ms (2260.089099 ns per key)
space cost: 7.511661 MB (45.571388% of original size 16.483284 MB)
Querying trie...
Done!
total time: 640.264203 ms, avg latency: 640.264203 ns
topology: 0.599392 MB, link: 2.257739 MB, data: 4.654530 MB
2260.089099,7.511661,640.264203
[PASSED]
[time 3.42 s, user 3.20 s, sys 0.19 s, maxrss 336112 KB]
[busy 359 jiffies]
[exit 0]
--- c2 case 1 rec 2   load 0.77 1.14 1.49
[TEST C2-CoCo(LOUDS-Sparse)]
Processing dataset...
Done!
Building trie...
trie size: 1.626037 MB
trie size: 0.392475 MB
Done!
build time: 2315.202369 ms (2315.202369 ns per key)
space cost: 7.511661 MB (45.571388% of original size 16.483284 MB)
Querying trie...
Done!
total time: 639.940595 ms, avg latency: 639.940595 ns
topology: 0.599392 MB, link: 2.257739 MB, data: 4.654530 MB
2315.202369,7.511661,639.940595
[PASSED]
[time 3.47 s, user 3.26 s, sys 0.19 s, maxrss 335696 KB]
[busy 363 jiffies]
[exit 0]
--- c2 case 2 rec 0   load 0.79 1.14 1.48
[TEST C2-MARISA]
Processing dataset...
Done!
Building trie...
trie size: 2.268721 MB
Done!
build time: 666.049169 ms (666.049169 ns per key)
space cost: 7.402753 MB (44.910668% of original size 16.483284 MB)
Querying trie...
Done!
total time: 341.751331 ms, avg latency: 341.751331 ns
topology: 0.751392 MB, link: 2.163248 MB, data: 4.467605 MB
--- Unary Path Analysis (Marisa, cutoff=3) ---
  branches: 1404624  |  single-char: 479529 (34.1%)  short-unary: 101093 (7.2%)  links: 824002 (58.7%)
  link len: avg=8.83  max=511  total_chars=7275589
  link length distribution (len:count):  3:96296  4:151575  5:100673  6:68854  7:57858  8:46664  9:40166  10:34974  11:30498  12:41963  13:23674  14:17279  15:14913  16:12650  17:10496  18:9162  19:7137  20:6187  21:5166  22:4219  23:3575  24:2970  25:2515  26:2033  27:1786  28:3448  29:3574  30:1146  31:1929  32:12598  33:2418  34:520  35:464  36:440  37:386  38:271  39:250  40:221  41:206  42:160  43:154  44:139  45:143  46:95  47:113  48:108  49:103  50:87  51:72  52:78  53:68  54:62  55:80  56:76  57:60  58:86  59:123  60:137  61:260  62:340  63:18  64:12  65:14  66:12  67:15  68:15  69:13  70:15  71:7  72:12  73:10  74:22  75:26  76:36  77:15  78:1  79:2  80:2  81:3  82:3  83:1  84:2  85:2  86:2  87:2  89:2  90:2  91:2  92:4  93:1  95:2  96:1  97:3  105:1  107:1  108:1  110:1  111:1  117:1  118:3  121:1  122:2  123:1  124:1  125:1  130:1  136:1  137:1  192:1  258:1  337:1  367:1  425:1  509:1  511:1
  short unary avg len: 2.00
666.049169,7.402753,341.751331
[PASSED]
[time 1.52 s, user 1.39 s, sys 0.12 s, maxrss 204620 KB]
[busy 160 jiffies]
[exit 0]
--- c2 case 2 rec 1   load 0.73 1.12 1.47
[TEST C2-MARISA]
Processing dataset...
Done!
Building trie...
trie size: 2.268721 MB
trie size: 2.569425 MB
Done!
build time: 816.890618 ms (816.890618 ns per key)
space cost: 6.231204 MB (37.803171% of original size 16.483284 MB)
Querying trie...
Done!
total time: 439.840716 ms, avg latency: 439.840716 ns
topology: 0.985817 MB, link: 2.134608 MB, data: 3.090271 MB
--- Unary Path Analysis (Marisa, cutoff=3) ---
  branches: 1404624  |  single-char: 479529 (34.1%)  short-unary: 101093 (7.2%)  links: 824002 (58.7%)
  link len: avg=8.83  max=511  total_chars=7275589
  link length distribution (len:count):  3:96296  4:151575  5:100673  6:68854  7:57858  8:46664  9:40166  10:34974  11:30498  12:41963  13:23674  14:17279  15:14913  16:12650  17:10496  18:9162  19:7137  20:6187  21:5166  22:4219  23:3575  24:2970  25:2515  26:2033  27:1786  28:3448  29:3574  30:1146  31:1929  32:12598  33:2418  34:520  35:464  36:440  37:386  38:271  39:250  40:221  41:206  42:160  43:154  44:139  45:143  46:95  47:113  48:108  49:103  50:87  51:72  52:78  53:68  54:62  55:80  56:76  57:60  58:86  59:123  60:137  61:260  62:340  63:18  64:12  65:14  66:12  67:15  68:15  69:13  70:15  71:7  72:12  73:10  74:22  75:26  76:36  77:15  78:1  79:2  80:2  81:3  82:3  83:1  84:2  85:2  86:2  87:2  89:2  90:2  91:2  92:4  93:1  95:2  96:1  97:3  105:1  107:1  108:1  110:1  111:1  117:1  118:3  121:1  122:2  123:1  124:1  125:1  130:1  136:1  137:1  192:1  258:1  337:1  367:1  425:1  509:1  511:1
  short unary avg len: 2.00
816.890618,6.231204,439.840716
[PASSED]
[time 1.77 s, user 1.63 s, sys 0.13 s, maxrss 204616 KB]
[busy 191 jiffies]
[exit 0]
--- c2 case 2 rec 2   load 0.73 1.12 1.47
[TEST C2-MARISA]
Processing dataset...
Done!
Building trie...
trie size: 2.268721 MB
trie size: 2.569425 MB
trie size: 0.468599 MB
Done!
build time: 875.720011 ms (875.720011 ns per key)
space cost: 6.231204 MB (37.803171% of original size 16.483284 MB)
Querying trie...
Done!
total time: 430.500338 ms, avg latency: 430.500338 ns
topology: 0.985817 MB, link: 2.134608 MB, data: 3.090271 MB
--- Unary Path Analysis (Marisa, cutoff=3) ---
  branches: 1404624  |  single-char: 479529 (34.1%)  short-unary: 101093 (7.2%)  links: 824002 (58.7%)
  link len: avg=8.83  max=511  total_chars=7275589
  link length distribution (len:count):  3:96296  4:151575  5:100673  6:68854  7:57858  8:46664  9:40166  10:34974  11:30498  12:41963  13:23674  14:17279  15:14913  16:12650  17:10496  18:9162  19:7137  20:6187  21:5166  22:4219  23:3575  24:2970  25:2515  26:2033  27:1786  28:3448  29:3574  30:1146  31:1929  32:12598  33:2418  34:520  35:464  36:440  37:386  38:271  39:250  40:221  41:206  42:160  43:154  44:139  45:143  46:95  47:113  48:108  49:103  50:87  51:72  52:78  53:68  54:62  55:80  56:76  57:60  58:86  59:123  60:137  61:260  62:340  63:18  64:12  65:14  66:12  67:15  68:15  69:13  70:15  71:7  72:12  73:10  74:22  75:26  76:36  77:15  78:1  79:2  80:2  81:3  82:3  83:1  84:2  85:2  86:2  87:2  89:2  90:2  91:2  92:4  93:1  95:2  96:1  97:3  105:1  107:1  108:1  110:1  111:1  117:1  118:3  121:1  122:2  123:1  124:1  125:1  130:1  136:1  137:1  192:1  258:1  337:1  367:1  425:1  509:1  511:1
  short unary avg len: 2.00
875.720011,6.231204,430.500338
[PASSED]
[time 1.82 s, user 1.67 s, sys 0.13 s, maxrss 204484 KB]
[busy 192 jiffies]
[exit 0]
--- c2 case 3 rec 0   load 0.75 1.12 1.47
[TEST FST]
Processing dataset...
Done!
Building trie...
Done!
build time: 675.159897 ms (675.159897 ns per key)
space cost: 8.563316 MB (51.951519% of original size 16.483284 MB)
Querying trie...
Done!
total time: 753.745478 ms, avg latency: 753.745478 ns
not implemented
675.159897,8.563316,753.745478
[PASSED]
[time 1.95 s, user 1.86 s, sys 0.08 s, maxrss 114684 KB]
[busy 207 jiffies]
[exit 0]
--- c2 case 4 rec 0   load 0.75 1.12 1.47
[TEST COCO]
Processing dataset...
Done!
Building trie...
num nodes = 412937, average depth = 8.208172
ef = 0.000455, pa = 0.242352, bv = 0.003325, de = 0.563989
efr = 0.002477, par = 0.125714, bvr = 0.000545, der = 0.061142
Done!
build time: 14349.849200 ms (14349.849200 ns per key)
space cost: 9.974920 MB (60.515370% of original size 16.483284 MB)
Querying trie...
Done!
total time: 511.338501 ms, avg latency: 511.338501 ns
not implemented
14349.849200,9.974920,511.338501
[PASSED]
[time 16.01 s, user 12.45 s, sys 3.49 s, maxrss 7730732 KB]
[busy 1665 jiffies]
[exit 0]
--- c2 case 5 rec 0   load 0.82 1.11 1.46
[TEST MARISA]
Processing dataset...
Done!
Building trie...
Done!
build time: 467.387463 ms (467.387463 ns per key)
space cost: 7.279773 MB (44.164578% of original size 16.483284 MB)
Querying trie...
Done!
total time: 475.411670 ms, avg latency: 475.411670 ns
not implemented
467.387463,7.279773,475.411670
[PASSED]
[time 1.46 s, user 1.34 s, sys 0.10 s, maxrss 157704 KB]
[busy 157 jiffies]
[exit 0]
--- c2 case 5 rec 1   load 0.82 1.11 1.46
[TEST MARISA]
Processing dataset...
Done!
Building trie...
Done!
build time: 544.948679 ms (544.948679 ns per key)
space cost: 5.655286 MB (34.309218% of original size 16.483284 MB)
Querying trie...
Done!
total time: 668.135700 ms, avg latency: 668.135700 ns
not implemented
544.948679,5.655286,668.135700
[PASSED]
[time 1.72 s, user 1.62 s, sys 0.08 s, maxrss 157880 KB]
[busy 181 jiffies]
[exit 0]
--- c2 case 5 rec 2   load 0.84 1.11 1.46
[TEST MARISA]
Processing dataset...
Done!
Building trie...
Done!
build time: 571.634007 ms (571.634007 ns per key)
space cost: 5.354378 MB (32.483683% of original size 16.483284 MB)
Querying trie...
Done!
total time: 725.476855 ms, avg latency: 725.476855 ns
not implemented
571.634007,5.354378,725.476855
[PASSED]
[time 1.81 s, user 1.69 s, sys 0.11 s, maxrss 165772 KB]
[busy 190 jiffies]
[exit 0]
--- c2 case 6 rec 0   load 0.84 1.11 1.46
[TEST PDT]
Processing dataset...
Done!
Building trie...
dict size: 158636, stream size: 5032831
Done!
build time: 2590.255443 ms (2590.255443 ns per key)
space cost: 6.227028 MB (37.777835% of original size 16.483284 MB)
Querying trie...
Done!
total time: 590.588651 ms, avg latency: 590.588651 ns
not implemented
2590.255443,6.227028,590.588651
[PASSED]
[time 3.69 s, user 3.57 s, sys 0.11 s, maxrss 168344 KB]
[busy 385 jiffies]
[exit 0]
--- c2 case 7 rec 0   load 0.85 1.11 1.45
[TEST ART]
Processing dataset...
Done!
Building trie...
Done!
build time: 151.289821 ms (151.289821 ns per key)
space cost: 32.931778 MB (199.788937% of original size 16.483284 MB)
Querying trie...
Done!
total time: 398.897089 ms, avg latency: 398.897089 ns
not implemented
151.289821,32.931778,398.897089
[PASSED]
[time 1.07 s, user 0.97 s, sys 0.09 s, maxrss 160772 KB]
[busy 113 jiffies]
[exit 0]
--- c2 case 8 rec 0   load 0.86 1.10 1.45
[TEST CART]
Processing dataset...
Done!
Building trie...
Done!
build time: 204.872565 ms (204.872565 ns per key)
space cost: 15.673315 MB (95.086119% of original size 16.483284 MB)
Querying trie...
Done!
total time: 461.460497 ms, avg latency: 461.460497 ns
not implemented
204.872565,15.673315,461.460497
[PASSED]
[time 1.19 s, user 1.10 s, sys 0.08 s, maxrss 149236 KB]
[busy 129 jiffies]
[exit 0]
--- xcdat 7   load 0.86 1.10 1.45
build time: 509.522279 ms
space cost: 11.013126 MiB (66.813909% of original size 16.483284 MiB)
avg latency: 224.672036 ns
509.522279,11.013126,224.672036
[time 1.26 s, user 1.13 s, sys 0.13 s, maxrss 179708 KB]
[busy 135 jiffies]
[exit 0]
--- xcdat 8   load 0.79 1.09 1.44
build time: 467.428020 ms
space cost: 10.584354 MiB (64.212656% of original size 16.483284 MiB)
avg latency: 215.528476 ns
467.428020,10.584354,215.528476
[time 1.21 s, user 1.10 s, sys 0.11 s, maxrss 180064 KB]
[busy 129 jiffies]
[exit 0]
--- xcdat 15   load 0.79 1.09 1.44
build time: 500.852409 ms
space cost: 13.141485 MiB (79.726135% of original size 16.483284 MiB)
avg latency: 202.532449 ns
500.852409,13.141485,202.532449
[time 1.23 s, user 1.10 s, sys 0.12 s, maxrss 179928 KB]
[busy 133 jiffies]
[exit 0]
--- xcdat 16   load 0.73 1.07 1.44
build time: 468.231989 ms
space cost: 13.736038 MiB (83.333140% of original size 16.483284 MiB)
avg latency: 214.611574 ns
468.231989,13.736038,214.611574
[time 1.21 s, user 1.07 s, sys 0.13 s, maxrss 179872 KB]
[busy 130 jiffies]
[exit 0]

##### numeric-1000000 (1000000 lines, 6888890 bytes)   round 1/3   2026-09-19T11:43:20+03:00
--- lexindex dict32   load 0.73 1.07 1.44
1000000 keys
lexindex DictIndex block 32: build 91 ms, size 1.205 MiB (1.263 B/key), latency cold 262.3 ns, then mean 260.0 / min 259.7 ns
90.509,1.204577,262.255
[time 1.57 s, user 1.77 s, sys 0.14 s, maxrss 152028 KB]
[busy 207 jiffies]
[exit 0]
--- lexindex dict256   load 0.67 1.05 1.43
1000000 keys
lexindex DictIndex block 256: build 91 ms, size 0.986 MiB (1.034 B/key), latency cold 275.4 ns, then mean 274.4 / min 273.9 ns
91.318,0.986431,275.376
[time 1.63 s, user 1.80 s, sys 0.15 s, maxrss 143596 KB]
[busy 208 jiffies]
[exit 0]
--- lexindex dict1024   load 0.67 1.05 1.43
1000000 keys
lexindex DictIndex block 1024: build 90 ms, size 0.883 MiB (0.926 B/key), latency cold 304.7 ns, then mean 305.6 / min 305.0 ns
89.593,0.882905,304.749
[time 1.75 s, user 1.83 s, sys 0.08 s, maxrss 138684 KB]
[busy 205 jiffies]
[exit 0]
--- lexindex string   load 0.62 1.03 1.42
1000000 keys
lexindex StringIndex: build 162 ms, size 0.000 MiB (0.000 B/key), latency cold 115.7 ns, then mean 117.0 / min 116.5 ns
162.361,0.000287,115.684
[time 1.05 s, user 0.99 s, sys 0.05 s, maxrss 114572 KB]
[busy 115 jiffies]
[exit 0]
--- c2 case 0 rec 0   load 0.62 1.03 1.42
timeout: the monitored command dumped core
Command terminated by signal 11
[time 0.37 s, user 0.25 s, sys 0.05 s, maxrss 83852 KB]
[busy 46 jiffies]
[exit 139]
--- c2 case 0 rec 1   load 0.62 1.03 1.42
timeout: the monitored command dumped core
Command terminated by signal 11
[time 0.37 s, user 0.25 s, sys 0.06 s, maxrss 83688 KB]
[busy 45 jiffies]
[exit 139]
--- c2 case 0 rec 2   load 0.57 1.01 1.41
timeout: the monitored command dumped core
Command terminated by signal 11
[time 0.37 s, user 0.26 s, sys 0.05 s, maxrss 84028 KB]
[busy 42 jiffies]
[exit 139]
--- c2 case 1 rec 0   load 0.57 1.01 1.41
timeout: the monitored command dumped core
Command terminated by signal 11
[time 0.41 s, user 0.29 s, sys 0.05 s, maxrss 84012 KB]
[busy 48 jiffies]
[exit 139]
--- c2 case 1 rec 1   load 0.57 1.01 1.41
timeout: the monitored command dumped core
Command terminated by signal 11
[time 0.41 s, user 0.29 s, sys 0.05 s, maxrss 83980 KB]
[busy 46 jiffies]
[exit 139]
--- c2 case 1 rec 2   load 0.57 1.01 1.41
timeout: the monitored command dumped core
Command terminated by signal 11
[time 0.40 s, user 0.29 s, sys 0.05 s, maxrss 83960 KB]
[busy 48 jiffies]
[exit 139]
--- c2 case 2 rec 0   load 0.60 1.01 1.41
timeout: the monitored command dumped core
Command terminated by signal 11
[time 0.37 s, user 0.26 s, sys 0.04 s, maxrss 84004 KB]
[busy 43 jiffies]
[exit 139]
--- c2 case 2 rec 1   load 0.60 1.01 1.41
timeout: the monitored command dumped core
Command terminated by signal 11
[time 0.37 s, user 0.26 s, sys 0.05 s, maxrss 84016 KB]
[busy 46 jiffies]
[exit 139]
--- c2 case 2 rec 2   load 0.60 1.01 1.41
timeout: the monitored command dumped core
Command terminated by signal 11
[time 0.37 s, user 0.26 s, sys 0.05 s, maxrss 83976 KB]
[busy 45 jiffies]
[exit 139]
--- c2 case 3 rec 0   load 0.55 1.00 1.40
[TEST FST]
Processing dataset...
Done!
Building trie...
Done!
build time: 222.407792 ms (222.407792 ns per key)
space cost: 1.445107 MB (25.731589% of original size 5.616083 MB)
Querying trie...
Done!
total time: 251.102395 ms, avg latency: 251.102395 ns
not implemented
222.407792,1.445107,251.102395
[PASSED]
[time 0.80 s, user 0.74 s, sys 0.05 s, maxrss 74064 KB]
[busy 85 jiffies]
[exit 0]
--- c2 case 4 rec 0   load 0.55 1.00 1.40
[TEST COCO]
Processing dataset...
Done!
Building trie...
num nodes = 9001, average depth = 1.000222
ef = 0.000000, pa = 0.000000, bv = 0.000111, de = 0.999889
efr = 0.000000, par = 0.000000, bvr = 0.000000, der = 0.000000
Done!
build time: 706.056617 ms (706.056617 ns per key)
space cost: 0.497188 MB (8.852927% of original size 5.616083 MB)
Querying trie...
Done!
total time: 234.821586 ms, avg latency: 234.821586 ns
not implemented
706.056617,0.497188,234.821586
[PASSED]
[time 1.28 s, user 1.04 s, sys 0.23 s, maxrss 494384 KB]
[busy 139 jiffies]
[exit 0]
--- c2 case 5 rec 0   load 0.55 1.00 1.40
[TEST MARISA]
Processing dataset...
Done!
Building trie...
Done!
build time: 145.769049 ms (145.769049 ns per key)
space cost: 1.565816 MB (27.880925% of original size 5.616083 MB)
Querying trie...
Done!
total time: 186.345295 ms, avg latency: 186.345295 ns
not implemented
145.769049,1.565816,186.345295
[PASSED]
[time 0.68 s, user 0.60 s, sys 0.07 s, maxrss 108080 KB]
[busy 72 jiffies]
[exit 0]
--- c2 case 5 rec 1   load 0.59 1.00 1.40
[TEST MARISA]
Processing dataset...
Done!
Building trie...
Done!
build time: 146.843648 ms (146.843648 ns per key)
space cost: 1.565816 MB (27.880925% of original size 5.616083 MB)
Querying trie...
Done!
total time: 187.568764 ms, avg latency: 187.568764 ns
not implemented
146.843648,1.565816,187.568764
[PASSED]
[time 0.66 s, user 0.58 s, sys 0.07 s, maxrss 108168 KB]
[busy 73 jiffies]
[exit 0]
--- c2 case 5 rec 2   load 0.59 1.00 1.40
[TEST MARISA]
Processing dataset...
Done!
Building trie...
Done!
build time: 144.893554 ms (144.893554 ns per key)
space cost: 1.565816 MB (27.880925% of original size 5.616083 MB)
Querying trie...
Done!
total time: 186.839233 ms, avg latency: 186.839233 ns
not implemented
144.893554,1.565816,186.839233
[PASSED]
[time 0.67 s, user 0.59 s, sys 0.07 s, maxrss 108204 KB]
[busy 73 jiffies]
[exit 0]
--- c2 case 6 rec 0   load 0.59 1.00 1.40
[TEST PDT]
Processing dataset...
Done!
Building trie...
dict size: 92, stream size: 296698
Done!
build time: 109.164434 ms (109.164434 ns per key)
space cost: 1.559100 MB (27.761344% of original size 5.616083 MB)
Querying trie...
Done!
total time: 396.771966 ms, avg latency: 396.771966 ns
not implemented
109.164434,1.559100,396.771966
[PASSED]
[time 0.83 s, user 0.78 s, sys 0.04 s, maxrss 90004 KB]
[busy 88 jiffies]
[exit 0]
--- c2 case 7 rec 0   load 0.62 1.00 1.40
[TEST ART]
Processing dataset...
Done!
Building trie...
Done!
build time: 56.481370 ms (56.481370 ns per key)
space cost: 20.065308 MB (357.282951% of original size 5.616083 MB)
Querying trie...
Done!
total time: 72.788378 ms, avg latency: 72.788378 ns
not implemented
56.481370,20.065308,72.788378
[PASSED]
[time 0.45 s, user 0.39 s, sys 0.06 s, maxrss 103296 KB]
[busy 50 jiffies]
[exit 0]
--- c2 case 8 rec 0   load 0.62 1.00 1.40
[TEST CART]
Processing dataset...
Done!
Building trie...
Done!
build time: 70.248006 ms (70.248006 ns per key)
space cost: 11.262885 MB (200.546979% of original size 5.616083 MB)
Querying trie...
Done!
total time: 81.608190 ms, avg latency: 81.608190 ns
not implemented
70.248006,11.262885,81.608190
[PASSED]
[time 0.47 s, user 0.40 s, sys 0.06 s, maxrss 104904 KB]
[busy 54 jiffies]
[exit 0]
--- xcdat 7   load 0.62 1.00 1.40
build time: 270.564522 ms
space cost: 5.285287 MiB (94.109841% of original size 5.616083 MiB)
avg latency: 85.405665 ns
270.564522,5.285287,85.405665
[time 0.70 s, user 0.62 s, sys 0.06 s, maxrss 90292 KB]
[busy 74 jiffies]
[exit 0]
--- xcdat 8   load 0.65 1.00 1.39
build time: 176.906341 ms
space cost: 4.607934 MiB (82.048892% of original size 5.616083 MiB)
avg latency: 96.077425 ns
176.906341,4.607934,96.077425
[time 0.60 s, user 0.53 s, sys 0.06 s, maxrss 90560 KB]
[busy 68 jiffies]
[exit 0]
--- xcdat 15   load 0.65 1.00 1.39
build time: 206.325826 ms
space cost: 6.727912 MiB (119.797228% of original size 5.616083 MiB)
avg latency: 55.004425 ns
206.325826,6.727912,55.004425
[time 0.59 s, user 0.52 s, sys 0.06 s, maxrss 90192 KB]
[busy 64 jiffies]
[exit 0]
--- xcdat 16   load 0.65 1.00 1.39
build time: 179.864870 ms
space cost: 7.181439 MiB (127.872740% of original size 5.616083 MiB)
avg latency: 69.576495 ns
179.864870,7.181439,69.576495
[time 0.59 s, user 0.52 s, sys 0.06 s, maxrss 90316 KB]
[busy 65 jiffies]
[exit 0]

##### opaque-1000000 (1000000 lines, 17000000 bytes)   round 1/3   2026-09-19T11:44:04+03:00
--- lexindex dict32   load 0.60 0.98 1.39
1000000 keys
lexindex DictIndex block 32: build 137 ms, size 10.197 MiB (10.692 B/key), latency cold 356.6 ns, then mean 353.1 / min 350.0 ns
137.140,10.197118,356.562
[time 2.01 s, user 2.60 s, sys 0.23 s, maxrss 221000 KB]
[busy 305 jiffies]
[exit 0]
--- lexindex dict256   load 0.60 0.98 1.39
1000000 keys
lexindex DictIndex block 256: build 136 ms, size 9.939 MiB (10.422 B/key), latency cold 361.1 ns, then mean 361.7 / min 357.7 ns
136.055,9.939323,361.133
[time 2.04 s, user 2.63 s, sys 0.23 s, maxrss 231888 KB]
[busy 311 jiffies]
[exit 0]
--- lexindex dict1024   load 0.63 0.98 1.38
1000000 keys
lexindex DictIndex block 1024: build 154 ms, size 9.821 MiB (10.298 B/key), latency cold 411.8 ns, then mean 407.6 / min 406.8 ns
153.520,9.821330,411.806
[time 2.23 s, user 2.53 s, sys 0.17 s, maxrss 145452 KB]
[busy 290 jiffies]
[exit 0]
--- lexindex string   load 0.58 0.97 1.38
1000000 keys
lexindex StringIndex: build 1095 ms, size 20.443 MiB (21.436 B/key), latency cold 383.2 ns, then mean 384.6 / min 381.2 ns
1094.614,20.442799,383.177
[time 3.07 s, user 2.98 s, sys 0.07 s, maxrss 151872 KB]
[busy 328 jiffies]
[exit 0]
--- c2 case 0 rec 0   load 0.58 0.97 1.38
[TEST C2-FST]
Processing dataset...
Done!
Building trie...
Done!
build time: 1088.823501 ms (1088.823501 ns per key)
space cost: 16.922257 MB (110.901706% of original size 15.258789 MB)
Querying trie...
Done!
total time: 407.376000 ms, avg latency: 407.376000 ns
topology: 0.743332 MB, link: 3.012292 MB, data: 13.166634 MB
--- Unary Path Analysis (FST, cutoff=4) ---
  shared unary steps in main trie: 1041
  terminal suffixes: inplace=0 (avg len=0.00)  links=1000000 (100.0% of terminal)
  link len: avg=10.96  max=12  total_chars=10963783
  link length distribution (len:count):  9:6  10:856  11:56569  12:920487  13:22082
1088.823501,16.922257,407.376000
[PASSED]
[time 2.14 s, user 1.98 s, sys 0.15 s, maxrss 250068 KB]
[busy 223 jiffies]
[exit 0]
--- c2 case 0 rec 1   load 0.62 0.97 1.37
[TEST C2-FST]
Processing dataset...
Done!
Building trie...
trie size: 4.316751 MB
Done!
build time: 1984.115935 ms (1984.115935 ns per key)
space cost: 16.922257 MB (110.901706% of original size 15.258789 MB)
Querying trie...
Done!
total time: 405.361205 ms, avg latency: 405.361205 ns
topology: 0.743332 MB, link: 3.012292 MB, data: 13.166634 MB
--- Unary Path Analysis (FST, cutoff=4) ---
  shared unary steps in main trie: 1041
  terminal suffixes: inplace=0 (avg len=0.00)  links=1000000 (100.0% of terminal)
  link len: avg=10.96  max=12  total_chars=10963783
  link length distribution (len:count):  9:6  10:856  11:56569  12:920487  13:22082
1984.115935,16.922257,405.361205
[PASSED]
[time 3.04 s, user 2.80 s, sys 0.22 s, maxrss 311320 KB]
[busy 320 jiffies]
[exit 0]
--- c2 case 0 rec 2   load 0.65 0.97 1.37
[TEST C2-FST]
Processing dataset...
Done!
Building trie...
trie size: 4.316751 MB
Done!
build time: 1978.995505 ms (1978.995505 ns per key)
space cost: 16.922257 MB (110.901706% of original size 15.258789 MB)
Querying trie...
Done!
total time: 406.685703 ms, avg latency: 406.685703 ns
topology: 0.743332 MB, link: 3.012292 MB, data: 13.166634 MB
--- Unary Path Analysis (FST, cutoff=4) ---
  shared unary steps in main trie: 1041
  terminal suffixes: inplace=0 (avg len=0.00)  links=1000000 (100.0% of terminal)
  link len: avg=10.96  max=12  total_chars=10963783
  link length distribution (len:count):  9:6  10:856  11:56569  12:920487  13:22082
1978.995505,16.922257,406.685703
[PASSED]
[time 3.05 s, user 2.81 s, sys 0.22 s, maxrss 311240 KB]
[busy 321 jiffies]
[exit 0]
--- c2 case 1 rec 0   load 0.59 0.95 1.36
[TEST C2-CoCo(LOUDS-Sparse)]
Processing dataset...
Done!
Building trie...
Done!
build time: 1356.833643 ms (1356.833643 ns per key)
space cost: 16.089285 MB (105.442735% of original size 15.258789 MB)
Querying trie...
Done!
total time: 548.376029 ms, avg latency: 548.376029 ns
topology: 0.346626 MB, link: 3.175570 MB, data: 12.567089 MB
1356.833643,16.089285,548.376029
[PASSED]
[time 2.55 s, user 2.35 s, sys 0.18 s, maxrss 357324 KB]
[busy 269 jiffies]
[exit 0]
--- c2 case 1 rec 1   load 0.59 0.95 1.36
[TEST C2-CoCo(LOUDS-Sparse)]
Processing dataset...
Done!
Building trie...
trie size: 4.316751 MB
Done!
build time: 2241.334671 ms (2241.334671 ns per key)
space cost: 16.089285 MB (105.442735% of original size 15.258789 MB)
Querying trie...
Done!
total time: 543.153176 ms, avg latency: 543.153176 ns
topology: 0.346626 MB, link: 3.175570 MB, data: 12.567089 MB
2241.334671,16.089285,543.153176
[PASSED]
[time 3.45 s, user 3.19 s, sys 0.24 s, maxrss 418636 KB]
[busy 362 jiffies]
[exit 0]
--- c2 case 1 rec 2   load 0.63 0.95 1.36
[TEST C2-CoCo(LOUDS-Sparse)]
Processing dataset...
Done!
Building trie...
trie size: 4.316751 MB
Done!
build time: 2223.512156 ms (2223.512156 ns per key)
space cost: 16.089285 MB (105.442735% of original size 15.258789 MB)
Querying trie...
Done!
total time: 538.721790 ms, avg latency: 538.721790 ns
topology: 0.346626 MB, link: 3.175570 MB, data: 12.567089 MB
2223.512156,16.089285,538.721790
[PASSED]
[time 3.43 s, user 3.19 s, sys 0.21 s, maxrss 419160 KB]
[busy 354 jiffies]
[exit 0]
--- c2 case 2 rec 0   load 0.66 0.95 1.36
[TEST C2-MARISA]
Processing dataset...
Done!
Building trie...
trie size: 1.836515 MB
Done!
build time: 974.264100 ms (974.264100 ns per key)
space cost: 16.609414 MB (108.851456% of original size 15.258789 MB)
Querying trie...
Done!
total time: 328.642641 ms, avg latency: 328.642641 ns
topology: 0.607349 MB, link: 2.863268 MB, data: 13.118289 MB
--- Unary Path Analysis (Marisa, cutoff=3) ---
  branches: 1267337  |  single-char: 266306 (21.0%)  short-unary: 1021 (0.1%)  links: 1000010 (78.9%)
  link len: avg=12.96  max=14  total_chars=12963813
  link length distribution (len:count):  3:10  10:6  11:856  12:56569  13:920487  14:22082
  short unary avg len: 2.00
974.264100,16.609414,328.642641
[PASSED]
[time 1.95 s, user 1.80 s, sys 0.14 s, maxrss 236912 KB]
[busy 204 jiffies]
[exit 0]
--- c2 case 2 rec 1   load 0.68 0.95 1.36
[TEST C2-MARISA]
Processing dataset...
Done!
Building trie...
trie size: 1.836515 MB
trie size: 4.316792 MB
Done!
build time: 2031.196853 ms (2031.196853 ns per key)
space cost: 16.609414 MB (108.851456% of original size 15.258789 MB)
Querying trie...
Done!
total time: 339.161325 ms, avg latency: 339.161325 ns
topology: 0.607349 MB, link: 2.863268 MB, data: 13.118289 MB
--- Unary Path Analysis (Marisa, cutoff=3) ---
  branches: 1267337  |  single-char: 266306 (21.0%)  short-unary: 1021 (0.1%)  links: 1000010 (78.9%)
  link len: avg=12.96  max=14  total_chars=12963813
  link length distribution (len:count):  3:10  10:6  11:856  12:56569  13:920487  14:22082
  short unary avg len: 2.00
2031.196853,16.609414,339.161325
[PASSED]
[time 3.02 s, user 2.80 s, sys 0.20 s, maxrss 283704 KB]
[busy 321 jiffies]
[exit 0]
--- c2 case 2 rec 2   load 0.63 0.94 1.35
[TEST C2-MARISA]
Processing dataset...
Done!
Building trie...
trie size: 1.836515 MB
trie size: 4.316792 MB
Done!
build time: 2017.126397 ms (2017.126397 ns per key)
space cost: 16.609414 MB (108.851456% of original size 15.258789 MB)
Querying trie...
Done!
total time: 323.176432 ms, avg latency: 323.176432 ns
topology: 0.607349 MB, link: 2.863268 MB, data: 13.118289 MB
--- Unary Path Analysis (Marisa, cutoff=3) ---
  branches: 1267337  |  single-char: 266306 (21.0%)  short-unary: 1021 (0.1%)  links: 1000010 (78.9%)
  link len: avg=12.96  max=14  total_chars=12963813
  link length distribution (len:count):  3:10  10:6  11:856  12:56569  13:920487  14:22082
  short unary avg len: 2.00
2017.126397,16.609414,323.176432
[PASSED]
[time 2.99 s, user 2.78 s, sys 0.19 s, maxrss 283844 KB]
[busy 314 jiffies]
[exit 0]
--- c2 case 3 rec 0   load 0.63 0.94 1.35
[TEST FST]
Processing dataset...
Done!
Building trie...
Done!
build time: 661.628073 ms (661.628073 ns per key)
space cost: 16.760878 MB (109.844088% of original size 15.258789 MB)
Querying trie...
Done!
total time: 345.454089 ms, avg latency: 345.454089 ns
not implemented
661.628073,16.760878,345.454089
[PASSED]
[time 1.65 s, user 1.55 s, sys 0.09 s, maxrss 146752 KB]
[busy 176 jiffies]
[exit 0]
--- c2 case 4 rec 0   load 0.66 0.94 1.35
[TEST COCO]
Processing dataset...
Done!
Building trie...
num nodes = 4097, average depth = 12.997071
ef = 0.000000, pa = 0.000000, bv = 0.000000, de = 0.000000
efr = 0.000000, par = 0.999756, bvr = 0.000244, der = 0.000000
Done!
build time: 17663.248525 ms (17663.248525 ns per key)
space cost: 10.595579 MB (69.439184% of original size 15.258789 MB)
Querying trie...
Done!
total time: 516.225002 ms, avg latency: 516.225002 ns
not implemented
17663.248525,10.595579,516.225002
[PASSED]
[time 19.72 s, user 14.42 s, sys 5.22 s, maxrss 11388680 KB]
[busy 2042 jiffies]
[exit 0]
--- c2 case 5 rec 0   load 0.76 0.94 1.34
[TEST MARISA]
Processing dataset...
Done!
Building trie...
Done!
build time: 473.350126 ms (473.350126 ns per key)
space cost: 17.200768 MB (112.726950% of original size 15.258789 MB)
Querying trie...
Done!
total time: 457.167441 ms, avg latency: 457.167441 ns
not implemented
473.350126,17.200768,457.167441
[PASSED]
[time 1.59 s, user 1.46 s, sys 0.12 s, maxrss 194816 KB]
[busy 167 jiffies]
[exit 0]
--- c2 case 5 rec 1   load 0.70 0.93 1.33
[TEST MARISA]
Processing dataset...
Done!
Building trie...
Done!
build time: 744.590347 ms (744.590347 ns per key)
space cost: 17.634758 MB (115.571150% of original size 15.258789 MB)
Querying trie...
Done!
total time: 694.544308 ms, avg latency: 694.544308 ns
not implemented
744.590347,17.634758,694.544308
[PASSED]
[time 2.09 s, user 1.94 s, sys 0.13 s, maxrss 185388 KB]
[busy 221 jiffies]
[exit 0]
--- c2 case 5 rec 2   load 0.70 0.93 1.33
[TEST MARISA]
Processing dataset...
Done!
Building trie...
Done!
build time: 962.212217 ms (962.212217 ns per key)
space cost: 17.949429 MB (117.633375% of original size 15.258789 MB)
Querying trie...
Done!
total time: 994.175822 ms, avg latency: 994.175822 ns
not implemented
962.212217,17.949429,994.175822
[PASSED]
[time 2.62 s, user 2.44 s, sys 0.16 s, maxrss 225524 KB]
[busy 271 jiffies]
[exit 0]
--- c2 case 6 rec 0   load 0.72 0.93 1.33
[TEST PDT]
Processing dataset...
Done!
Building trie...
dict size: 177882, stream size: 12826382
Done!
build time: 16072.127680 ms (16072.127680 ns per key)
space cost: 13.677892 MB (89.639431% of original size 15.258789 MB)
Querying trie...
Done!
total time: 590.582408 ms, avg latency: 590.582408 ns
not implemented
16072.127680,13.677892,590.582408
[PASSED]
[time 17.32 s, user 17.04 s, sys 0.20 s, maxrss 361080 KB]
[busy 1789 jiffies]
[exit 0]
--- c2 case 7 rec 0   load 0.72 0.92 1.32
[TEST ART]
Processing dataset...
Done!
Building trie...
Done!
build time: 147.434247 ms (147.434247 ns per key)
space cost: 30.301407 MB (198.583300% of original size 15.258789 MB)
Querying trie...
Done!
total time: 184.303600 ms, avg latency: 184.303600 ns
not implemented
147.434247,30.301407,184.303600
[PASSED]
[time 1.00 s, user 0.90 s, sys 0.09 s, maxrss 178952 KB]
[busy 106 jiffies]
[exit 0]
--- c2 case 8 rec 0   load 0.72 0.92 1.32
[TEST CART]
Processing dataset...
Done!
Building trie...
Done!
build time: 168.230079 ms (168.230079 ns per key)
space cost: 11.383729 MB (74.604406% of original size 15.258789 MB)
Querying trie...
Done!
total time: 233.607014 ms, avg latency: 233.607014 ns
not implemented
168.230079,11.383729,233.607014
[PASSED]
[time 1.07 s, user 0.97 s, sys 0.09 s, maxrss 161204 KB]
[busy 114 jiffies]
[exit 0]
--- xcdat 7   load 0.72 0.92 1.32
build time: 669.601644 ms
space cost: 19.932177 MiB (130.627512% of original size 15.258789 MiB)
avg latency: 221.906009 ns
669.601644,19.932177,221.906009
[time 1.58 s, user 1.47 s, sys 0.10 s, maxrss 173052 KB]
[busy 167 jiffies]
[exit 0]
--- xcdat 8   load 0.74 0.92 1.32
build time: 645.663728 ms
space cost: 18.565336 MiB (121.669787% of original size 15.258789 MiB)
avg latency: 213.319276 ns
645.663728,18.565336,213.319276
[time 1.55 s, user 1.44 s, sys 0.10 s, maxrss 180124 KB]
[busy 170 jiffies]
[exit 0]
--- xcdat 15   load 0.74 0.92 1.32
build time: 664.076373 ms
space cost: 19.094490 MiB (125.137650% of original size 15.258789 MiB)
avg latency: 205.484385 ns
664.076373,19.094490,205.484385
[time 1.55 s, user 1.43 s, sys 0.11 s, maxrss 181056 KB]
[busy 162 jiffies]
[exit 0]
--- xcdat 16   load 0.76 0.92 1.31
build time: 644.700940 ms
space cost: 19.227987 MiB (126.012538% of original size 15.258789 MiB)
avg latency: 211.400110 ns
644.700940,19.227987,211.400110
[time 1.55 s, user 1.43 s, sys 0.10 s, maxrss 179940 KB]
[busy 162 jiffies]
[exit 0]

##### paths-1000000 (1000000 lines, 125978312 bytes)   round 1/3   2026-09-19T11:45:58+03:00
--- lexindex dict32   load 0.76 0.92 1.31
1000000 keys
lexindex DictIndex block 32: build 571 ms, size 12.680 MiB (13.296 B/key), latency cold 783.5 ns, then mean 779.4 / min 777.3 ns
570.553,12.679603,783.508
[time 4.49 s, user 7.65 s, sys 0.44 s, maxrss 543456 KB]
[busy 838 jiffies]
[exit 0]
--- lexindex dict256   load 0.72 0.91 1.31
1000000 keys
lexindex DictIndex block 256: build 578 ms, size 9.709 MiB (10.180 B/key), latency cold 795.0 ns, then mean 787.9 / min 781.0 ns
578.170,9.708795,795.032
[time 4.55 s, user 7.81 s, sys 0.47 s, maxrss 550948 KB]
[busy 864 jiffies]
[exit 0]
--- lexindex dict1024   load 0.74 0.91 1.30
1000000 keys
lexindex DictIndex block 1024: build 656 ms, size 9.164 MiB (9.609 B/key), latency cold 825.8 ns, then mean 817.4 / min 816.4 ns
655.777,9.163901,825.819
[time 4.74 s, user 6.80 s, sys 0.40 s, maxrss 553976 KB]
[busy 754 jiffies]
[exit 0]
--- lexindex string   load 0.76 0.91 1.30
1000000 keys
lexindex StringIndex: build 1518 ms, size 16.673 MiB (17.483 B/key), latency cold 1146.2 ns, then mean 1141.6 / min 1134.1 ns
1517.853,16.673446,1146.229
[time 6.87 s, user 6.64 s, sys 0.19 s, maxrss 362580 KB]
[busy 720 jiffies]
[exit 0]
--- c2 case 0 rec 0   load 0.78 0.91 1.30
[TEST C2-FST]
Processing dataset...
Done!
Building trie...
Done!
build time: 1401.317742 ms (1401.317742 ns per key)
space cost: 14.260756 MB (11.964866% of original size 119.188606 MB)
Querying trie...
Done!
total time: 2450.308341 ms, avg latency: 2450.308341 ns
topology: 1.699890 MB, link: 2.595201 MB, data: 9.965666 MB
--- Unary Path Analysis (FST, cutoff=4) ---
  shared unary steps in main trie: 2658278
  terminal suffixes: inplace=39819 (avg len=2.28)  links=891354 (95.7% of terminal)
  link len: avg=14.94  max=443  total_chars=13318660
  link length distribution (len:count):  4:40001  5:49577  6:45421  7:46380  8:50483  9:55180  10:56608  11:54673  12:51140  13:35047  14:30416  15:36724  16:35248  17:24069  18:19466  19:17073  20:16018  21:15299  22:13878  23:12677  24:11568  25:37816  26:26754  27:6712  28:5420  29:5541  30:5676  31:5365  32:4659  33:5334  34:4520  35:4652  36:5350  37:9255  38:4943  39:11477  40:3024  41:2087  42:2051  43:1854  44:1606  45:1448  46:1135  47:1025  48:963  49:801  50:774  51:907  52:679  53:727  54:589  55:642  56:710  57:689  58:824  59:515  60:781  61:937  62:666  63:360  64:436  65:381  66:289  67:245  68:235  69:250  70:244  71:266  72:444  73:249  74:341  75:214  76:315  77:82  78:131  79:63  80:31  81:46  82:38  83:33  84:32  85:58  86:34  87:20  88:33  89:21  90:5  91:6  92:18  93:7  94:11  95:14  96:12  97:3  98:4  99:4  100:10  101:17  102:11  103:6  104:17  105:9  106:12  107:11  108:7  109:2  110:3  111:1  112:2  113:4  114:3  115:4  116:3  117:4  118:13  119:5  120:1  122:2  123:3  124:38  125:23  126:156  127:15  128:61  129:3  130:1  131:3  132:2  133:1  136:3  137:6  138:1  139:1  142:4  143:1  144:2  145:2  146:2  151:3  152:1  154:2  159:2  160:2  161:2  165:3  167:1  171:1  172:3  173:1  174:1  175:1  182:1  187:3  188:1  190:2  191:1  194:1  195:3  198:1  201:1  202:1  203:1  205:1  206:1  215:1  219:1  233:1  235:1  243:1  247:1  257:1  265:1  444:1
1401.317742,14.260756,2450.308341
[PASSED]
[time 4.86 s, user 4.63 s, sys 0.21 s, maxrss 358832 KB]
[busy 508 jiffies]
[exit 0]
--- c2 case 0 rec 1   load 0.74 0.90 1.29
[TEST C2-FST]
Processing dataset...
Done!
Building trie...
trie size: 2.746100 MB
Done!
build time: 1659.346125 ms (1659.346125 ns per key)
space cost: 12.500864 MB (10.488305% of original size 119.188606 MB)
Querying trie...
Done!
total time: 2649.522878 ms, avg latency: 2649.522878 ns
topology: 1.942371 MB, link: 2.552141 MB, data: 8.006351 MB
--- Unary Path Analysis (FST, cutoff=4) ---
  shared unary steps in main trie: 2658278
  terminal suffixes: inplace=39819 (avg len=2.28)  links=891354 (95.7% of terminal)
  link len: avg=14.94  max=443  total_chars=13318660
  link length distribution (len:count):  4:40001  5:49577  6:45421  7:46380  8:50483  9:55180  10:56608  11:54673  12:51140  13:35047  14:30416  15:36724  16:35248  17:24069  18:19466  19:17073  20:16018  21:15299  22:13878  23:12677  24:11568  25:37816  26:26754  27:6712  28:5420  29:5541  30:5676  31:5365  32:4659  33:5334  34:4520  35:4652  36:5350  37:9255  38:4943  39:11477  40:3024  41:2087  42:2051  43:1854  44:1606  45:1448  46:1135  47:1025  48:963  49:801  50:774  51:907  52:679  53:727  54:589  55:642  56:710  57:689  58:824  59:515  60:781  61:937  62:666  63:360  64:436  65:381  66:289  67:245  68:235  69:250  70:244  71:266  72:444  73:249  74:341  75:214  76:315  77:82  78:131  79:63  80:31  81:46  82:38  83:33  84:32  85:58  86:34  87:20  88:33  89:21  90:5  91:6  92:18  93:7  94:11  95:14  96:12  97:3  98:4  99:4  100:10  101:17  102:11  103:6  104:17  105:9  106:12  107:11  108:7  109:2  110:3  111:1  112:2  113:4  114:3  115:4  116:3  117:4  118:13  119:5  120:1  122:2  123:3  124:38  125:23  126:156  127:15  128:61  129:3  130:1  131:3  132:2  133:1  136:3  137:6  138:1  139:1  142:4  143:1  144:2  145:2  146:2  151:3  152:1  154:2  159:2  160:2  161:2  165:3  167:1  171:1  172:3  173:1  174:1  175:1  182:1  187:3  188:1  190:2  191:1  194:1  195:3  198:1  201:1  202:1  203:1  205:1  206:1  215:1  219:1  233:1  235:1  243:1  247:1  257:1  265:1  444:1
1659.346125,12.500864,2649.522878
[PASSED]
[time 5.32 s, user 5.08 s, sys 0.22 s, maxrss 356792 KB]
[busy 550 jiffies]
[exit 0]
--- c2 case 0 rec 2   load 0.76 0.90 1.29
[TEST C2-FST]
Processing dataset...
Done!
Building trie...
trie size: 2.746100 MB
trie size: 0.687543 MB
Done!
build time: 1769.109544 ms (1769.109544 ns per key)
space cost: 12.500864 MB (10.488305% of original size 119.188606 MB)
Querying trie...
Done!
total time: 2644.994449 ms, avg latency: 2644.994449 ns
topology: 1.942371 MB, link: 2.552141 MB, data: 8.006351 MB
--- Unary Path Analysis (FST, cutoff=4) ---
  shared unary steps in main trie: 2658278
  terminal suffixes: inplace=39819 (avg len=2.28)  links=891354 (95.7% of terminal)
  link len: avg=14.94  max=443  total_chars=13318660
  link length distribution (len:count):  4:40001  5:49577  6:45421  7:46380  8:50483  9:55180  10:56608  11:54673  12:51140  13:35047  14:30416  15:36724  16:35248  17:24069  18:19466  19:17073  20:16018  21:15299  22:13878  23:12677  24:11568  25:37816  26:26754  27:6712  28:5420  29:5541  30:5676  31:5365  32:4659  33:5334  34:4520  35:4652  36:5350  37:9255  38:4943  39:11477  40:3024  41:2087  42:2051  43:1854  44:1606  45:1448  46:1135  47:1025  48:963  49:801  50:774  51:907  52:679  53:727  54:589  55:642  56:710  57:689  58:824  59:515  60:781  61:937  62:666  63:360  64:436  65:381  66:289  67:245  68:235  69:250  70:244  71:266  72:444  73:249  74:341  75:214  76:315  77:82  78:131  79:63  80:31  81:46  82:38  83:33  84:32  85:58  86:34  87:20  88:33  89:21  90:5  91:6  92:18  93:7  94:11  95:14  96:12  97:3  98:4  99:4  100:10  101:17  102:11  103:6  104:17  105:9  106:12  107:11  108:7  109:2  110:3  111:1  112:2  113:4  114:3  115:4  116:3  117:4  118:13  119:5  120:1  122:2  123:3  124:38  125:23  126:156  127:15  128:61  129:3  130:1  131:3  132:2  133:1  136:3  137:6  138:1  139:1  142:4  143:1  144:2  145:2  146:2  151:3  152:1  154:2  159:2  160:2  161:2  165:3  167:1  171:1  172:3  173:1  174:1  175:1  182:1  187:3  188:1  190:2  191:1  194:1  195:3  198:1  201:1  202:1  203:1  205:1  206:1  215:1  219:1  233:1  235:1  243:1  247:1  257:1  265:1  444:1
1769.109544,12.500864,2644.994449
[PASSED]
[time 5.42 s, user 5.16 s, sys 0.23 s, maxrss 356868 KB]
[busy 562 jiffies]
[exit 0]
--- c2 case 1 rec 0   load 0.78 0.90 1.29
[TEST C2-CoCo(LOUDS-Sparse)]
Processing dataset...
Done!
Building trie...
Done!
build time: 5154.192240 ms (5154.192240 ns per key)
space cost: 14.878411 MB (12.483082% of original size 119.188606 MB)
Querying trie...
Done!
total time: 1650.043866 ms, avg latency: 1650.043866 ns
topology: 0.476959 MB, link: 4.004946 MB, data: 10.396506 MB
5154.192240,14.878411,1650.043866
[PASSED]
[time 7.81 s, user 7.40 s, sys 0.37 s, maxrss 595896 KB]
[busy 806 jiffies]
[exit 0]
--- c2 case 1 rec 1   load 0.81 0.91 1.28
[TEST C2-CoCo(LOUDS-Sparse)]
Processing dataset...
Done!
Building trie...
trie size: 2.746100 MB
Done!
build time: 5404.734887 ms (5404.734887 ns per key)
space cost: 13.118518 MB (11.006521% of original size 119.188606 MB)
Querying trie...
Done!
total time: 1827.330527 ms, avg latency: 1827.330527 ns
topology: 0.719440 MB, link: 3.961886 MB, data: 8.437192 MB
5404.734887,13.118518,1827.330527
[PASSED]
[time 8.22 s, user 7.86 s, sys 0.33 s, maxrss 587736 KB]
[busy 857 jiffies]
[exit 0]
--- c2 case 1 rec 2   load 0.84 0.91 1.28
[TEST C2-CoCo(LOUDS-Sparse)]
Processing dataset...
Done!
Building trie...
trie size: 2.746100 MB
trie size: 0.687543 MB
Done!
build time: 5505.969558 ms (5505.969558 ns per key)
space cost: 13.118518 MB (11.006521% of original size 119.188606 MB)
Querying trie...
Done!
total time: 1826.998594 ms, avg latency: 1826.998594 ns
topology: 0.719440 MB, link: 3.961886 MB, data: 8.437192 MB
5505.969558,13.118518,1826.998594
[PASSED]
[time 8.32 s, user 7.95 s, sys 0.33 s, maxrss 590724 KB]
[busy 863 jiffies]
[exit 0]
--- c2 case 2 rec 0   load 0.79 0.90 1.27
[TEST C2-MARISA]
Processing dataset...
Done!
Building trie...
trie size: 2.297644 MB
Done!
build time: 1352.739598 ms (1352.739598 ns per key)
space cost: 11.928165 MB (10.007807% of original size 119.188606 MB)
Querying trie...
Done!
total time: 883.847888 ms, avg latency: 883.847888 ns
topology: 0.761036 MB, link: 3.343996 MB, data: 7.802626 MB
--- Unary Path Analysis (Marisa, cutoff=3) ---
  branches: 1534795  |  single-char: 270841 (17.6%)  short-unary: 45134 (2.9%)  links: 1218820 (79.4%)
  link len: avg=14.88  max=445  total_chars=18132830
  link length distribution (len:count):  3:37127  4:49365  5:75461  6:91989  7:72185  8:66513  9:63973  10:68956  11:73223  12:65790  13:57380  14:41495  15:36762  16:42631  17:41179  18:27817  19:22377  20:18838  21:17845  22:16718  23:15115  24:13613  25:12555  26:39233  27:27982  28:7379  29:6328  30:6087  31:6172  32:5955  33:5265  34:5643  35:4792  36:4909  37:5534  38:9417  39:5190  40:12044  41:4130  42:3423  43:3194  44:2134  45:1772  46:1642  47:1384  48:1261  49:1057  50:900  51:919  52:1030  53:750  54:799  55:667  56:702  57:772  58:823  59:1198  60:1008  61:899  62:972  63:712  64:409  65:454  66:414  67:320  68:269  69:256  70:270  71:258  72:280  73:453  74:258  75:356  76:221  77:315  78:88  79:138  80:65  81:34  82:48  83:40  84:34  85:38  86:63  87:38  88:23  89:36  90:23  91:6  92:6  93:19  94:8  95:11  96:14  97:13  98:3  99:5  100:4  101:12  102:17  103:11  104:6  105:17  106:9  107:12  108:11  109:7  110:2  111:4  112:1  113:2  114:4  115:4  116:4  117:3  118:4  119:14  120:6  121:1  123:2  124:3  125:38  126:23  127:156  128:15  129:61  130:3  131:1  132:3  133:2  134:1  136:1  137:3  138:6  139:1  140:1  143:4  144:2  145:2  146:2  147:2  149:1  152:3  153:1  155:2  157:1  160:2  161:2  162:2  166:3  167:1  168:1  172:1  173:3  174:1  175:1  176:1  183:2  185:1  188:4  189:2  191:2  192:3  195:2  196:3  199:1  202:1  203:1  204:1  206:1  207:2  216:1  220:1  230:1  234:1  236:1  244:1  248:1  258:1  266:1  445:1
  short unary avg len: 2.00
1352.739598,11.928165,883.847888
[PASSED]
[time 3.23 s, user 2.99 s, sys 0.22 s, maxrss 356168 KB]
[busy 338 jiffies]
[exit 0]
--- c2 case 2 rec 1   load 0.79 0.90 1.27
[TEST C2-MARISA]
Processing dataset...
Done!
Building trie...
trie size: 2.297644 MB
trie size: 3.841883 MB
Done!
build time: 1649.961100 ms (1649.961100 ns per key)
space cost: 9.839272 MB (8.255212% of original size 119.188606 MB)
Querying trie...
Done!
total time: 1608.382119 ms, avg latency: 1608.382119 ns
topology: 1.073097 MB, link: 3.403300 MB, data: 5.342366 MB
--- Unary Path Analysis (Marisa, cutoff=3) ---
  branches: 1534795  |  single-char: 270841 (17.6%)  short-unary: 45134 (2.9%)  links: 1218820 (79.4%)
  link len: avg=14.88  max=445  total_chars=18132830
  link length distribution (len:count):  3:37127  4:49365  5:75461  6:91989  7:72185  8:66513  9:63973  10:68956  11:73223  12:65790  13:57380  14:41495  15:36762  16:42631  17:41179  18:27817  19:22377  20:18838  21:17845  22:16718  23:15115  24:13613  25:12555  26:39233  27:27982  28:7379  29:6328  30:6087  31:6172  32:5955  33:5265  34:5643  35:4792  36:4909  37:5534  38:9417  39:5190  40:12044  41:4130  42:3423  43:3194  44:2134  45:1772  46:1642  47:1384  48:1261  49:1057  50:900  51:919  52:1030  53:750  54:799  55:667  56:702  57:772  58:823  59:1198  60:1008  61:899  62:972  63:712  64:409  65:454  66:414  67:320  68:269  69:256  70:270  71:258  72:280  73:453  74:258  75:356  76:221  77:315  78:88  79:138  80:65  81:34  82:48  83:40  84:34  85:38  86:63  87:38  88:23  89:36  90:23  91:6  92:6  93:19  94:8  95:11  96:14  97:13  98:3  99:5  100:4  101:12  102:17  103:11  104:6  105:17  106:9  107:12  108:11  109:7  110:2  111:4  112:1  113:2  114:4  115:4  116:4  117:3  118:4  119:14  120:6  121:1  123:2  124:3  125:38  126:23  127:156  128:15  129:61  130:3  131:1  132:3  133:2  134:1  136:1  137:3  138:6  139:1  140:1  143:4  144:2  145:2  146:2  147:2  149:1  152:3  153:1  155:2  157:1  160:2  161:2  162:2  166:3  167:1  168:1  172:1  173:3  174:1  175:1  176:1  183:2  185:1  188:4  189:2  191:2  192:3  195:2  196:3  199:1  202:1  203:1  204:1  206:1  207:2  216:1  220:1  230:1  234:1  236:1  244:1  248:1  258:1  266:1  445:1
  short unary avg len: 2.00
1649.961100,9.839272,1608.382119
[PASSED]
[time 4.27 s, user 4.01 s, sys 0.24 s, maxrss 354028 KB]
[busy 442 jiffies]
[exit 0]
--- c2 case 2 rec 2   load 0.74 0.88 1.26
[TEST C2-MARISA]
Processing dataset...
Done!
Building trie...
trie size: 2.297644 MB
trie size: 3.841883 MB
trie size: 0.864431 MB
Done!
build time: 1802.016850 ms (1802.016850 ns per key)
space cost: 9.839272 MB (8.255212% of original size 119.188606 MB)
Querying trie...
Done!
total time: 1609.662765 ms, avg latency: 1609.662765 ns
topology: 1.073097 MB, link: 3.403300 MB, data: 5.342366 MB
--- Unary Path Analysis (Marisa, cutoff=3) ---
  branches: 1534795  |  single-char: 270841 (17.6%)  short-unary: 45134 (2.9%)  links: 1218820 (79.4%)
  link len: avg=14.88  max=445  total_chars=18132830
  link length distribution (len:count):  3:37127  4:49365  5:75461  6:91989  7:72185  8:66513  9:63973  10:68956  11:73223  12:65790  13:57380  14:41495  15:36762  16:42631  17:41179  18:27817  19:22377  20:18838  21:17845  22:16718  23:15115  24:13613  25:12555  26:39233  27:27982  28:7379  29:6328  30:6087  31:6172  32:5955  33:5265  34:5643  35:4792  36:4909  37:5534  38:9417  39:5190  40:12044  41:4130  42:3423  43:3194  44:2134  45:1772  46:1642  47:1384  48:1261  49:1057  50:900  51:919  52:1030  53:750  54:799  55:667  56:702  57:772  58:823  59:1198  60:1008  61:899  62:972  63:712  64:409  65:454  66:414  67:320  68:269  69:256  70:270  71:258  72:280  73:453  74:258  75:356  76:221  77:315  78:88  79:138  80:65  81:34  82:48  83:40  84:34  85:38  86:63  87:38  88:23  89:36  90:23  91:6  92:6  93:19  94:8  95:11  96:14  97:13  98:3  99:5  100:4  101:12  102:17  103:11  104:6  105:17  106:9  107:12  108:11  109:7  110:2  111:4  112:1  113:2  114:4  115:4  116:4  117:3  118:4  119:14  120:6  121:1  123:2  124:3  125:38  126:23  127:156  128:15  129:61  130:3  131:1  132:3  133:2  134:1  136:1  137:3  138:6  139:1  140:1  143:4  144:2  145:2  146:2  147:2  149:1  152:3  153:1  155:2  157:1  160:2  161:2  162:2  166:3  167:1  168:1  172:1  173:3  174:1  175:1  176:1  183:2  185:1  188:4  189:2  191:2  192:3  195:2  196:3  199:1  202:1  203:1  204:1  206:1  207:2  216:1  220:1  230:1  234:1  236:1  244:1  248:1  258:1  266:1  445:1
  short unary avg len: 2.00
1802.016850,9.839272,1609.662765
[PASSED]
[time 4.41 s, user 4.15 s, sys 0.24 s, maxrss 354012 KB]
[busy 462 jiffies]
[exit 0]
--- c2 case 3 rec 0   load 0.68 0.87 1.25
[TEST FST]
Processing dataset...
Done!
Building trie...
Done!
build time: 3331.829678 ms (3331.829678 ns per key)
space cost: 14.021067 MB (11.763764% of original size 119.188606 MB)
Querying trie...
Done!
total time: 4636.059591 ms, avg latency: 4636.059591 ns
not implemented
3331.829678,14.021067,4636.059591
[PASSED]
[time 8.99 s, user 8.75 s, sys 0.20 s, maxrss 357564 KB]
[busy 930 jiffies]
[exit 0]
--- c2 case 4 rec 0   load 0.65 0.86 1.25
[TEST COCO]
Processing dataset...
Done!
Building trie...
num nodes = 584148, average depth = 12.594651
ef = 0.000038, pa = 0.103241, bv = 0.000608, de = 0.597184
efr = 0.000176, par = 0.181430, bvr = 0.000135, der = 0.117188
Done!
build time: 47501.054067 ms (47501.054067 ns per key)
space cost: 19.697372 MB (16.526221% of original size 119.188606 MB)
Querying trie...
Done!
total time: 1423.912650 ms, avg latency: 1423.912650 ns
not implemented
47501.054067,19.697372,1423.912650
[PASSED]
[time 51.77 s, user 40.43 s, sys 11.12 s, maxrss 23293580 KB]
[busy 6011 jiffies]
[exit 0]
--- c2 case 5 rec 0   load 0.91 0.90 1.24
[TEST MARISA]
Processing dataset...
Done!
Building trie...
Done!
build time: 1610.245550 ms (1610.245550 ns per key)
space cost: 12.257486 MB (10.284109% of original size 119.188606 MB)
Querying trie...
Done!
total time: 991.013926 ms, avg latency: 991.013926 ns
not implemented
1610.245550,12.257486,991.013926
[PASSED]
[time 3.56 s, user 3.31 s, sys 0.23 s, maxrss 411360 KB]
[busy 370 jiffies]
[exit 0]
--- c2 case 5 rec 1   load 0.91 0.90 1.24
[TEST MARISA]
Processing dataset...
Done!
Building trie...
Done!
build time: 1752.666385 ms (1752.666385 ns per key)
space cost: 9.428862 MB (7.910875% of original size 119.188606 MB)
Querying trie...
Done!
total time: 1807.925333 ms, avg latency: 1807.925333 ns
not implemented
1752.666385,9.428862,1807.925333
[PASSED]
[time 4.51 s, user 4.24 s, sys 0.25 s, maxrss 411728 KB]
[busy 474 jiffies]
[exit 0]
--- c2 case 5 rec 2   load 0.92 0.90 1.23
[TEST MARISA]
Processing dataset...
Done!
Building trie...
Done!
build time: 1802.832512 ms (1802.832512 ns per key)
space cost: 9.029414 MB (7.575736% of original size 119.188606 MB)
Querying trie...
Done!
total time: 2237.589389 ms, avg latency: 2237.589389 ns
not implemented
1802.832512,9.029414,2237.589389
[PASSED]
[time 5.00 s, user 4.73 s, sys 0.24 s, maxrss 411576 KB]
[busy 521 jiffies]
[exit 0]
--- c2 case 6 rec 0   load 0.93 0.90 1.23
[TEST PDT]
Processing dataset...
Done!
Building trie...
dict size: 153672, stream size: 10323140
Done!
build time: 4909.219238 ms (4909.219238 ns per key)
space cost: 11.267526 MB (9.453526% of original size 119.188606 MB)
Querying trie...
Done!
total time: 1075.433469 ms, avg latency: 1075.433469 ns
not implemented
4909.219238,11.267526,1075.433469
[PASSED]
[time 6.99 s, user 6.65 s, sys 0.31 s, maxrss 389048 KB]
[busy 728 jiffies]
[exit 0]
--- c2 case 7 rec 0   load 1.01 0.92 1.24
[TEST ART]
Processing dataset...
Done!
Building trie...
Done!
build time: 415.394643 ms (415.394643 ns per key)
space cost: 34.675591 MB (29.093041% of original size 119.188606 MB)
Querying trie...
Done!
total time: 759.274221 ms, avg latency: 759.274221 ns
not implemented
415.394643,34.675591,759.274221
[PASSED]
[time 2.21 s, user 1.93 s, sys 0.27 s, maxrss 505844 KB]
[busy 235 jiffies]
[exit 0]
--- c2 case 8 rec 0   load 0.93 0.91 1.23
[TEST CART]
Processing dataset...
Done!
Building trie...
Done!
build time: 469.317139 ms (469.317139 ns per key)
space cost: 18.620093 MB (15.622377% of original size 119.188606 MB)
Querying trie...
Done!
total time: 854.117682 ms, avg latency: 854.117682 ns
not implemented
469.317139,18.620093,854.117682
[PASSED]
[time 2.35 s, user 2.07 s, sys 0.26 s, maxrss 495944 KB]
[busy 250 jiffies]
[exit 0]
--- xcdat 7   load 0.93 0.91 1.23
build time: 1424.976359 ms
space cost: 18.455355 MiB (15.484160% of original size 119.188606 MiB)
avg latency: 716.851784 ns
1424.976359,18.455355,716.851784
[time 3.15 s, user 2.88 s, sys 0.25 s, maxrss 362048 KB]
[busy 330 jiffies]
[exit 0]
--- xcdat 8   load 0.94 0.91 1.23
build time: 1348.148761 ms
space cost: 18.497238 MiB (15.519301% of original size 119.188606 MiB)
avg latency: 725.145198 ns
1348.148761,18.497238,725.145198
[time 3.08 s, user 2.82 s, sys 0.24 s, maxrss 362340 KB]
[busy 322 jiffies]
[exit 0]
--- xcdat 15   load 0.94 0.91 1.23
build time: 1439.750030 ms
space cost: 23.949356 MiB (20.093662% of original size 119.188606 MiB)
avg latency: 636.736098 ns
1439.750030,23.949356,636.736098
[time 3.09 s, user 2.81 s, sys 0.26 s, maxrss 367596 KB]
[busy 324 jiffies]
[exit 0]
--- xcdat 16   load 0.95 0.91 1.22
build time: 1366.663833 ms
space cost: 25.154240 MiB (21.104567% of original size 119.188606 MiB)
avg latency: 692.085936 ns
1366.663833,25.154240,692.085936
[time 3.07 s, user 2.80 s, sys 0.26 s, maxrss 369076 KB]
[busy 325 jiffies]
[exit 0]

##### pypi-full (889864 lines, 12756399 bytes)   round 1/3   2026-09-19T11:49:13+03:00
--- lexindex dict32   load 0.87 0.90 1.22
889864 keys
lexindex DictIndex block 32: build 198 ms, size 3.988 MiB (4.700 B/key), latency cold 323.2 ns, then mean 317.6 / min 313.7 ns
198.336,3.988224,323.186
[time 1.76 s, user 2.81 s, sys 0.14 s, maxrss 209416 KB]
[busy 313 jiffies]
[exit 0]
--- lexindex dict256   load 0.87 0.90 1.22
889864 keys
lexindex DictIndex block 256: build 203 ms, size 3.704 MiB (4.365 B/key), latency cold 358.7 ns, then mean 351.8 / min 351.3 ns
202.766,3.703953,358.717
[time 1.89 s, user 2.90 s, sys 0.19 s, maxrss 209568 KB]
[busy 331 jiffies]
[exit 0]
--- lexindex dict1024   load 0.88 0.90 1.22
889864 keys
lexindex DictIndex block 1024: build 226 ms, size 3.575 MiB (4.213 B/key), latency cold 433.0 ns, then mean 427.1 / min 421.5 ns
226.345,3.575363,433.047
[time 2.18 s, user 2.83 s, sys 0.16 s, maxrss 194240 KB]
[busy 319 jiffies]
[exit 0]
--- lexindex string   load 0.88 0.90 1.22
889864 keys
lexindex StringIndex: build 487 ms, size 8.484 MiB (9.998 B/key), latency cold 294.0 ns, then mean 287.2 / min 285.7 ns
487.380,8.484477,293.966
[time 1.93 s, user 1.85 s, sys 0.06 s, maxrss 121740 KB]
[busy 208 jiffies]
[exit 0]
--- c2 case 0 rec 0   load 0.89 0.90 1.21
[TEST C2-FST]
Processing dataset...
Done!
Building trie...
Done!
build time: 410.350444 ms (461.138381 ns per key)
space cost: 5.574753 MB (49.260816% of original size 11.316810 MB)
Querying trie...
Done!
total time: 325.021461 ms, avg latency: 365.248466 ns
topology: 0.851089 MB, link: 1.149713 MB, data: 3.573951 MB
--- Unary Path Analysis (FST, cutoff=4) ---
  shared unary steps in main trie: 344931
  terminal suffixes: inplace=288151 (avg len=1.99)  links=405388 (58.5% of terminal)
  link len: avg=7.08  max=176  total_chars=2869854
  link length distribution (len:count):  4:74698  5:65971  6:53798  7:40968  8:33851  9:27326  10:20764  11:16938  12:14649  13:12025  14:9410  15:7294  16:5909  17:4518  18:3598  19:2810  20:2154  21:1673  22:1340  23:1095  24:876  25:726  26:550  27:431  28:361  29:400  30:312  31:173  32:150  33:103  34:106  35:75  36:44  37:52  38:50  39:27  40:24  41:13  42:21  43:16  44:7  45:10  46:6  47:5  48:10  49:1  50:4  51:5  52:2  53:2  54:2  55:1  56:5  57:3  60:2  62:2  63:1  64:3  65:2  67:1  68:3  71:1  75:1  77:2  82:1  86:1  99:2  106:1  113:1  153:1  177:1
410.350444,5.574753,365.248466
[PASSED]
[time 1.14 s, user 1.06 s, sys 0.08 s, maxrss 129616 KB]
[busy 126 jiffies]
[exit 0]
--- c2 case 0 rec 1   load 0.89 0.90 1.21
[TEST C2-FST]
Processing dataset...
Done!
Building trie...
trie size: 1.301167 MB
Done!
build time: 470.005903 ms (528.177230 ns per key)
space cost: 5.131913 MB (45.347703% of original size 11.316810 MB)
Querying trie...
Done!
total time: 365.070808 ms, avg latency: 410.254610 ns
topology: 0.978825 MB, link: 1.146868 MB, data: 3.006221 MB
--- Unary Path Analysis (FST, cutoff=4) ---
  shared unary steps in main trie: 344931
  terminal suffixes: inplace=288151 (avg len=1.99)  links=405388 (58.5% of terminal)
  link len: avg=7.08  max=176  total_chars=2869854
  link length distribution (len:count):  4:74698  5:65971  6:53798  7:40968  8:33851  9:27326  10:20764  11:16938  12:14649  13:12025  14:9410  15:7294  16:5909  17:4518  18:3598  19:2810  20:2154  21:1673  22:1340  23:1095  24:876  25:726  26:550  27:431  28:361  29:400  30:312  31:173  32:150  33:103  34:106  35:75  36:44  37:52  38:50  39:27  40:24  41:13  42:21  43:16  44:7  45:10  46:6  47:5  48:10  49:1  50:4  51:5  52:2  53:2  54:2  55:1  56:5  57:3  60:2  62:2  63:1  64:3  65:2  67:1  68:3  71:1  75:1  77:2  82:1  86:1  99:2  106:1  113:1  153:1  177:1
470.005903,5.131913,410.254610
[PASSED]
[time 1.24 s, user 1.15 s, sys 0.08 s, maxrss 129672 KB]
[busy 132 jiffies]
[exit 0]
--- c2 case 0 rec 2   load 0.90 0.90 1.21
[TEST C2-FST]
Processing dataset...
Done!
Building trie...
trie size: 1.301167 MB
trie size: 0.188086 MB
Done!
build time: 476.992342 ms (536.028362 ns per key)
space cost: 5.131913 MB (45.347703% of original size 11.316810 MB)
Querying trie...
Done!
total time: 362.525145 ms, avg latency: 407.393877 ns
topology: 0.978825 MB, link: 1.146868 MB, data: 3.006221 MB
--- Unary Path Analysis (FST, cutoff=4) ---
  shared unary steps in main trie: 344931
  terminal suffixes: inplace=288151 (avg len=1.99)  links=405388 (58.5% of terminal)
  link len: avg=7.08  max=176  total_chars=2869854
  link length distribution (len:count):  4:74698  5:65971  6:53798  7:40968  8:33851  9:27326  10:20764  11:16938  12:14649  13:12025  14:9410  15:7294  16:5909  17:4518  18:3598  19:2810  20:2154  21:1673  22:1340  23:1095  24:876  25:726  26:550  27:431  28:361  29:400  30:312  31:173  32:150  33:103  34:106  35:75  36:44  37:52  38:50  39:27  40:24  41:13  42:21  43:16  44:7  45:10  46:6  47:5  48:10  49:1  50:4  51:5  52:2  53:2  54:2  55:1  56:5  57:3  60:2  62:2  63:1  64:3  65:2  67:1  68:3  71:1  75:1  77:2  82:1  86:1  99:2  106:1  113:1  153:1  177:1
476.992342,5.131913,407.393877
[PASSED]
[time 1.23 s, user 1.14 s, sys 0.08 s, maxrss 129100 KB]
[busy 132 jiffies]
[exit 0]
--- c2 case 1 rec 0   load 0.90 0.90 1.21
[TEST C2-CoCo(LOUDS-Sparse)]
Processing dataset...
Done!
Building trie...
Done!
build time: 1195.005989 ms (1342.908567 ns per key)
space cost: 5.902932 MB (52.160740% of original size 11.316810 MB)
Querying trie...
Done!
total time: 482.667135 ms, avg latency: 542.405508 ns
topology: 0.365089 MB, link: 1.816309 MB, data: 3.721533 MB
1195.005989,5.902932,542.405508
[PASSED]
[time 2.07 s, user 1.93 s, sys 0.12 s, maxrss 251376 KB]
[busy 215 jiffies]
[exit 0]
--- c2 case 1 rec 1   load 0.91 0.90 1.21
[TEST C2-CoCo(LOUDS-Sparse)]
Processing dataset...
Done!
Building trie...
trie size: 1.301167 MB
Done!
build time: 1260.553621 ms (1416.568848 ns per key)
space cost: 5.460092 MB (48.247627% of original size 11.316810 MB)
Querying trie...
Done!
total time: 523.886381 ms, avg latency: 588.726346 ns
topology: 0.492825 MB, link: 1.813464 MB, data: 3.153803 MB
1260.553621,5.460092,588.726346
[PASSED]
[time 2.17 s, user 2.03 s, sys 0.12 s, maxrss 251452 KB]
[busy 231 jiffies]
[exit 0]
--- c2 case 1 rec 2   load 0.84 0.89 1.20
[TEST C2-CoCo(LOUDS-Sparse)]
Processing dataset...
Done!
Building trie...
trie size: 1.301167 MB
trie size: 0.188086 MB
Done!
build time: 1264.442738 ms (1420.939310 ns per key)
space cost: 5.460092 MB (48.247627% of original size 11.316810 MB)
Querying trie...
Done!
total time: 524.897170 ms, avg latency: 589.862237 ns
topology: 0.492825 MB, link: 1.813464 MB, data: 3.153803 MB
1264.442738,5.460092,589.862237
[PASSED]
[time 2.17 s, user 2.03 s, sys 0.12 s, maxrss 251744 KB]
[busy 228 jiffies]
[exit 0]
--- c2 case 2 rec 0   load 0.84 0.89 1.20
[TEST C2-MARISA]
Processing dataset...
Done!
Building trie...
trie size: 2.034968 MB
Done!
build time: 490.628285 ms (551.351987 ns per key)
space cost: 5.148748 MB (45.496465% of original size 11.316810 MB)
Querying trie...
Done!
total time: 236.405102 ms, avg latency: 265.664306 ns
topology: 0.673512 MB, link: 1.684298 MB, data: 2.770432 MB
--- Unary Path Analysis (Marisa, cutoff=3) ---
  branches: 1290446  |  single-char: 483681 (37.5%)  short-unary: 134846 (10.4%)  links: 671919 (52.1%)
  link len: avg=7.04  max=178  total_chars=4731655
  link length distribution (len:count):  3:128200  4:106194  5:84287  6:72656  7:58516  8:44149  9:36040  10:28839  11:21753  12:17688  13:15308  14:12510  15:9745  16:7525  17:6122  18:4690  19:3698  20:2882  21:2216  22:1721  23:1367  24:1119  25:897  26:746  27:562  28:441  29:368  30:406  31:316  32:177  33:153  34:106  35:106  36:75  37:44  38:54  39:50  40:27  41:25  42:13  43:21  44:16  45:7  46:10  47:6  48:5  49:10  50:2  51:4  52:5  53:2  54:2  55:2  56:1  57:5  58:3  61:2  63:2  64:1  65:3  66:2  68:2  69:3  72:1  76:1  78:2  83:1  87:1  100:2  107:1  114:1  154:1  178:1
  short unary avg len: 2.00
490.628285,5.148748,265.664306
[PASSED]
[time 1.11 s, user 1.00 s, sys 0.10 s, maxrss 158644 KB]
[busy 121 jiffies]
[exit 0]
--- c2 case 2 rec 1   load 0.77 0.87 1.20
[TEST C2-MARISA]
Processing dataset...
Done!
Building trie...
trie size: 2.034968 MB
trie size: 2.021012 MB
Done!
build time: 565.472926 ms (635.459942 ns per key)
space cost: 4.528195 MB (40.013003% of original size 11.316810 MB)
Querying trie...
Done!
total time: 290.382000 ms, avg latency: 326.321775 ns
topology: 0.839943 MB, link: 1.648341 MB, data: 2.019403 MB
--- Unary Path Analysis (Marisa, cutoff=3) ---
  branches: 1290446  |  single-char: 483681 (37.5%)  short-unary: 134846 (10.4%)  links: 671919 (52.1%)
  link len: avg=7.04  max=178  total_chars=4731655
  link length distribution (len:count):  3:128200  4:106194  5:84287  6:72656  7:58516  8:44149  9:36040  10:28839  11:21753  12:17688  13:15308  14:12510  15:9745  16:7525  17:6122  18:4690  19:3698  20:2882  21:2216  22:1721  23:1367  24:1119  25:897  26:746  27:562  28:441  29:368  30:406  31:316  32:177  33:153  34:106  35:106  36:75  37:44  38:54  39:50  40:27  41:25  42:13  43:21  44:16  45:7  46:10  47:6  48:5  49:10  50:2  51:4  52:5  53:2  54:2  55:2  56:1  57:5  58:3  61:2  63:2  64:1  65:3  66:2  68:2  69:3  72:1  76:1  78:2  83:1  87:1  100:2  107:1  114:1  154:1  178:1
  short unary avg len: 2.00
565.472926,4.528195,326.321775
[PASSED]
[time 1.25 s, user 1.14 s, sys 0.10 s, maxrss 158824 KB]
[busy 133 jiffies]
[exit 0]
--- c2 case 2 rec 2   load 0.77 0.87 1.20
[TEST C2-MARISA]
Processing dataset...
Done!
Building trie...
trie size: 2.034968 MB
trie size: 2.021012 MB
trie size: 0.240847 MB
Done!
build time: 576.269875 ms (647.593200 ns per key)
space cost: 4.528195 MB (40.013003% of original size 11.316810 MB)
Querying trie...
Done!
total time: 290.411846 ms, avg latency: 326.355315 ns
topology: 0.839943 MB, link: 1.648341 MB, data: 2.019403 MB
--- Unary Path Analysis (Marisa, cutoff=3) ---
  branches: 1290446  |  single-char: 483681 (37.5%)  short-unary: 134846 (10.4%)  links: 671919 (52.1%)
  link len: avg=7.04  max=178  total_chars=4731655
  link length distribution (len:count):  3:128200  4:106194  5:84287  6:72656  7:58516  8:44149  9:36040  10:28839  11:21753  12:17688  13:15308  14:12510  15:9745  16:7525  17:6122  18:4690  19:3698  20:2882  21:2216  22:1721  23:1367  24:1119  25:897  26:746  27:562  28:441  29:368  30:406  31:316  32:177  33:153  34:106  35:106  36:75  37:44  38:54  39:50  40:27  41:25  42:13  43:21  44:16  45:7  46:10  47:6  48:5  49:10  50:2  51:4  52:5  53:2  54:2  55:2  56:1  57:5  58:3  61:2  63:2  64:1  65:3  66:2  68:2  69:3  72:1  76:1  78:2  83:1  87:1  100:2  107:1  114:1  154:1  178:1
  short unary avg len: 2.00
576.269875,4.528195,326.355315
[PASSED]
[time 1.27 s, user 1.15 s, sys 0.10 s, maxrss 158840 KB]
[busy 135 jiffies]
[exit 0]
--- c2 case 3 rec 0   load 0.71 0.86 1.19
[TEST FST]
Processing dataset...
Done!
Building trie...
Done!
build time: 509.334526 ms (572.373448 ns per key)
space cost: 5.878841 MB (51.947869% of original size 11.316810 MB)
Querying trie...
Done!
total time: 494.913548 ms, avg latency: 556.167626 ns
not implemented
509.334526,5.878841,556.167626
[PASSED]
[time 1.39 s, user 1.32 s, sys 0.06 s, maxrss 86772 KB]
[busy 148 jiffies]
[exit 0]
--- c2 case 4 rec 0   load 0.71 0.86 1.19
[TEST COCO]
Processing dataset...
Done!
Building trie...
num nodes = 375656, average depth = 5.235279
ef = 0.000442, pa = 0.203029, bv = 0.001044, de = 0.703223
efr = 0.002106, par = 0.078420, bvr = 0.000029, der = 0.011708
Done!
build time: 7905.905103 ms (8884.397057 ns per key)
space cost: 7.666221 MB (67.741891% of original size 11.316810 MB)
Querying trie...
Done!
total time: 438.761802 ms, avg latency: 493.066134 ns
not implemented
7905.905103,7.666221,493.066134
[PASSED]
[time 9.14 s, user 7.00 s, sys 2.11 s, maxrss 4347328 KB]
[busy 952 jiffies]
[exit 0]
--- c2 case 5 rec 0   load 0.75 0.86 1.19
[TEST MARISA]
Processing dataset...
Done!
Building trie...
Done!
build time: 382.534796 ms (429.880067 ns per key)
space cost: 5.316237 MB (46.976468% of original size 11.316810 MB)
Querying trie...
Done!
total time: 344.671225 ms, avg latency: 387.330227 ns
not implemented
382.534796,5.316237,387.330227
[PASSED]
[time 1.12 s, user 1.02 s, sys 0.09 s, maxrss 132176 KB]
[busy 124 jiffies]
[exit 0]
--- c2 case 5 rec 1   load 0.75 0.86 1.19
[TEST MARISA]
Processing dataset...
Done!
Building trie...
Done!
build time: 428.823748 ms (481.898074 ns per key)
space cost: 4.038295 MB (35.684039% of original size 11.316810 MB)
Querying trie...
Done!
total time: 454.921999 ms, avg latency: 511.226433 ns
not implemented
428.823748,4.038295,511.226433
[PASSED]
[time 1.27 s, user 1.19 s, sys 0.07 s, maxrss 132168 KB]
[busy 133 jiffies]
[exit 0]
--- c2 case 5 rec 2   load 0.69 0.85 1.18
[TEST MARISA]
Processing dataset...
Done!
Building trie...
Done!
build time: 439.853153 ms (494.292558 ns per key)
space cost: 3.830196 MB (33.845196% of original size 11.316810 MB)
Querying trie...
Done!
total time: 475.613130 ms, avg latency: 534.478448 ns
not implemented
439.853153,3.830196,534.478448
[PASSED]
[time 1.30 s, user 1.21 s, sys 0.08 s, maxrss 131820 KB]
[busy 141 jiffies]
[exit 0]
--- c2 case 6 rec 0   load 0.69 0.85 1.18
[TEST PDT]
Processing dataset...
Done!
Building trie...
dict size: 158766, stream size: 3178838
Done!
build time: 1637.597898 ms (1840.278849 ns per key)
space cost: 4.318639 MB (38.161275% of original size 11.316810 MB)
Querying trie...
Done!
total time: 461.952340 ms, avg latency: 519.126900 ns
not implemented
1637.597898,4.318639,519.126900
[PASSED]
[time 2.50 s, user 2.39 s, sys 0.09 s, maxrss 137352 KB]
[busy 262 jiffies]
[exit 0]
--- c2 case 7 rec 0   load 0.72 0.85 1.18
[TEST ART]
Processing dataset...
Done!
Building trie...
Done!
build time: 101.368753 ms (113.914882 ns per key)
space cost: 28.637695 MB (253.054493% of original size 11.316810 MB)
Querying trie...
Done!
total time: 255.193838 ms, avg latency: 286.778472 ns
not implemented
101.368753,28.637695,286.778472
[PASSED]
[time 0.76 s, user 0.69 s, sys 0.07 s, maxrss 123656 KB]
[busy 82 jiffies]
[exit 0]
--- c2 case 8 rec 0   load 0.72 0.85 1.18
[TEST CART]
Processing dataset...
Done!
Building trie...
Done!
build time: 141.476179 ms (158.986293 ns per key)
space cost: 12.686618 MB (112.104190% of original size 11.316810 MB)
Querying trie...
Done!
total time: 314.895563 ms, avg latency: 353.869314 ns
not implemented
141.476179,12.686618,353.869314
[PASSED]
[time 0.87 s, user 0.79 s, sys 0.07 s, maxrss 120940 KB]
[busy 93 jiffies]
[exit 0]
--- xcdat 7   load 0.82 0.87 1.18
build time: 379.168230 ms
space cost: 7.451407 MiB (65.843711% of original size 11.316810 MiB)
avg latency: 170.998372 ns
379.168230,7.451407,170.998372
[time 0.94 s, user 0.85 s, sys 0.08 s, maxrss 124940 KB]
[busy 105 jiffies]
[exit 0]
--- xcdat 8   load 0.82 0.87 1.18
build time: 352.396352 ms
space cost: 7.063261 MiB (62.413889% of original size 11.316810 MiB)
avg latency: 164.913696 ns
352.396352,7.063261,164.913696
[time 0.91 s, user 0.82 s, sys 0.08 s, maxrss 125036 KB]
[busy 98 jiffies]
[exit 0]
--- xcdat 15   load 0.75 0.86 1.18
build time: 372.334107 ms
space cost: 8.417356 MiB (74.379227% of original size 11.316810 MiB)
avg latency: 138.620660 ns
372.334107,8.417356,138.620660
[time 0.90 s, user 0.80 s, sys 0.08 s, maxrss 125092 KB]
[busy 96 jiffies]
[exit 0]
--- xcdat 16   load 0.75 0.86 1.18
build time: 352.095426 ms
space cost: 8.791730 MiB (77.687354% of original size 11.316810 MiB)
avg latency: 145.175809 ns
352.095426,8.791730,145.175809
[time 0.88 s, user 0.79 s, sys 0.08 s, maxrss 125124 KB]
[busy 95 jiffies]
[exit 0]

##### titles-en-1000000 (1000000 lines, 21984647 bytes)   round 1/3   2026-09-19T11:50:22+03:00
--- lexindex dict32   load 0.75 0.86 1.18
1000000 keys
lexindex DictIndex block 32: build 444 ms, size 7.489 MiB (7.853 B/key), latency cold 396.0 ns, then mean 391.5 / min 389.5 ns
444.059,7.489206,396.020
[time 2.54 s, user 5.29 s, sys 0.36 s, maxrss 303616 KB]
[busy 591 jiffies]
[exit 0]
--- lexindex dict256   load 0.77 0.86 1.18
1000000 keys
lexindex DictIndex block 256: build 462 ms, size 7.060 MiB (7.403 B/key), latency cold 437.9 ns, then mean 436.3 / min 435.3 ns
461.903,7.059999,437.880
[time 2.72 s, user 5.51 s, sys 0.42 s, maxrss 308816 KB]
[busy 626 jiffies]
[exit 0]
--- lexindex dict1024   load 0.79 0.86 1.18
1000000 keys
lexindex DictIndex block 1024: build 500 ms, size 6.896 MiB (7.231 B/key), latency cold 502.5 ns, then mean 498.2 / min 496.9 ns
500.165,6.896215,502.491
[time 3.01 s, user 4.81 s, sys 0.33 s, maxrss 316240 KB]
[busy 542 jiffies]
[exit 0]
--- lexindex string   load 0.73 0.85 1.17
1000000 keys
lexindex StringIndex: build 1016 ms, size 16.482 MiB (17.283 B/key), latency cold 465.7 ns, then mean 450.3 / min 449.2 ns
1015.698,16.482312,465.701
[time 3.32 s, user 3.22 s, sys 0.08 s, maxrss 163436 KB]
[busy 357 jiffies]
[exit 0]
--- c2 case 0 rec 0   load 0.67 0.83 1.16
[TEST C2-FST]
Processing dataset...
Done!
Building trie...
Done!
build time: 1019.663801 ms (1019.663801 ns per key)
space cost: 11.326162 MB (56.595386% of original size 20.012519 MB)
Querying trie...
Done!
total time: 481.222931 ms, avg latency: 481.222931 ns
topology: 1.047974 MB, link: 2.330659 MB, data: 7.947530 MB
--- Unary Path Analysis (FST, cutoff=4) ---
  shared unary steps in main trie: 632648
  terminal suffixes: inplace=148307 (avg len=2.14)  links=794871 (84.3% of terminal)
  link len: avg=12.03  max=232  total_chars=9558452
  link length distribution (len:count):  4:67686  5:69275  6:65423  7:58787  8:51921  9:47544  10:42795  11:38054  12:34227  13:30736  14:30694  15:28260  16:25308  17:22807  18:19264  19:17586  20:15912  21:14224  22:12066  23:10759  24:9477  25:8347  26:7925  27:7112  28:6113  29:5746  30:5072  31:4462  32:3927  33:3658  34:3228  35:2847  36:2644  37:2353  38:2038  39:1870  40:1644  41:1489  42:1315  43:1143  44:928  45:846  46:722  47:679  48:610  49:543  50:459  51:451  52:342  53:339  54:284  55:273  56:239  57:215  58:214  59:177  60:158  61:140  62:127  63:109  64:95  65:79  66:80  67:78  68:75  69:69  70:68  71:54  72:51  73:42  74:46  75:42  76:35  77:41  78:38  79:39  80:21  81:18  82:21  83:19  84:14  85:18  86:14  87:15  88:11  89:14  90:13  91:7  92:5  93:8  94:7  95:5  96:8  97:8  98:5  99:7  100:11  101:5  102:6  103:3  104:3  105:3  106:5  107:4  108:5  109:1  110:2  111:6  112:1  113:1  114:1  115:4  116:1  118:1  119:2  121:2  123:2  125:1  126:1  128:1  129:1  131:1  132:2  134:1  135:1  136:1  137:3  138:1  139:1  141:2  145:1  152:1  154:1  156:1  159:3  165:1  168:1  174:1  175:1  179:1  181:1  199:1  201:1  202:1  204:1  207:1  216:1  217:1  219:1  233:1
1019.663801,11.326162,481.222931
[PASSED]
[time 2.07 s, user 1.94 s, sys 0.11 s, maxrss 185552 KB]
[busy 216 jiffies]
[exit 0]
--- c2 case 0 rec 1   load 0.67 0.83 1.16
[TEST C2-FST]
Processing dataset...
Done!
Building trie...
trie size: 3.096522 MB
Done!
build time: 1326.511292 ms (1326.511292 ns per key)
space cost: 9.522977 MB (47.585099% of original size 20.012519 MB)
Querying trie...
Done!
total time: 611.200053 ms, avg latency: 611.200053 ns
topology: 1.448536 MB, link: 2.515947 MB, data: 5.558494 MB
--- Unary Path Analysis (FST, cutoff=4) ---
  shared unary steps in main trie: 632648
  terminal suffixes: inplace=148307 (avg len=2.14)  links=794871 (84.3% of terminal)
  link len: avg=12.03  max=232  total_chars=9558452
  link length distribution (len:count):  4:67686  5:69275  6:65423  7:58787  8:51921  9:47544  10:42795  11:38054  12:34227  13:30736  14:30694  15:28260  16:25308  17:22807  18:19264  19:17586  20:15912  21:14224  22:12066  23:10759  24:9477  25:8347  26:7925  27:7112  28:6113  29:5746  30:5072  31:4462  32:3927  33:3658  34:3228  35:2847  36:2644  37:2353  38:2038  39:1870  40:1644  41:1489  42:1315  43:1143  44:928  45:846  46:722  47:679  48:610  49:543  50:459  51:451  52:342  53:339  54:284  55:273  56:239  57:215  58:214  59:177  60:158  61:140  62:127  63:109  64:95  65:79  66:80  67:78  68:75  69:69  70:68  71:54  72:51  73:42  74:46  75:42  76:35  77:41  78:38  79:39  80:21  81:18  82:21  83:19  84:14  85:18  86:14  87:15  88:11  89:14  90:13  91:7  92:5  93:8  94:7  95:5  96:8  97:8  98:5  99:7  100:11  101:5  102:6  103:3  104:3  105:3  106:5  107:4  108:5  109:1  110:2  111:6  112:1  113:1  114:1  115:4  116:1  118:1  119:2  121:2  123:2  125:1  126:1  128:1  129:1  131:1  132:2  134:1  135:1  136:1  137:3  138:1  139:1  141:2  145:1  152:1  154:1  156:1  159:3  165:1  168:1  174:1  175:1  179:1  181:1  199:1  201:1  202:1  204:1  207:1  216:1  217:1  219:1  233:1
1326.511292,9.522977,611.200053
[PASSED]
[time 2.52 s, user 2.38 s, sys 0.13 s, maxrss 180984 KB]
[busy 263 jiffies]
[exit 0]
--- c2 case 0 rec 2   load 0.70 0.84 1.16
[TEST C2-FST]
Processing dataset...
Done!
Building trie...
trie size: 3.096522 MB
trie size: 0.887704 MB
Done!
build time: 1449.831705 ms (1449.831705 ns per key)
space cost: 9.522977 MB (47.585099% of original size 20.012519 MB)
Querying trie...
Done!
total time: 610.086801 ms, avg latency: 610.086801 ns
topology: 1.448536 MB, link: 2.515947 MB, data: 5.558494 MB
--- Unary Path Analysis (FST, cutoff=4) ---
  shared unary steps in main trie: 632648
  terminal suffixes: inplace=148307 (avg len=2.14)  links=794871 (84.3% of terminal)
  link len: avg=12.03  max=232  total_chars=9558452
  link length distribution (len:count):  4:67686  5:69275  6:65423  7:58787  8:51921  9:47544  10:42795  11:38054  12:34227  13:30736  14:30694  15:28260  16:25308  17:22807  18:19264  19:17586  20:15912  21:14224  22:12066  23:10759  24:9477  25:8347  26:7925  27:7112  28:6113  29:5746  30:5072  31:4462  32:3927  33:3658  34:3228  35:2847  36:2644  37:2353  38:2038  39:1870  40:1644  41:1489  42:1315  43:1143  44:928  45:846  46:722  47:679  48:610  49:543  50:459  51:451  52:342  53:339  54:284  55:273  56:239  57:215  58:214  59:177  60:158  61:140  62:127  63:109  64:95  65:79  66:80  67:78  68:75  69:69  70:68  71:54  72:51  73:42  74:46  75:42  76:35  77:41  78:38  79:39  80:21  81:18  82:21  83:19  84:14  85:18  86:14  87:15  88:11  89:14  90:13  91:7  92:5  93:8  94:7  95:5  96:8  97:8  98:5  99:7  100:11  101:5  102:6  103:3  104:3  105:3  106:5  107:4  108:5  109:1  110:2  111:6  112:1  113:1  114:1  115:4  116:1  118:1  119:2  121:2  123:2  125:1  126:1  128:1  129:1  131:1  132:2  134:1  135:1  136:1  137:3  138:1  139:1  141:2  145:1  152:1  154:1  156:1  159:3  165:1  168:1  174:1  175:1  179:1  181:1  199:1  201:1  202:1  204:1  207:1  216:1  217:1  219:1  233:1
1449.831705,9.522977,610.086801
[PASSED]
[time 2.64 s, user 2.49 s, sys 0.14 s, maxrss 181080 KB]
[busy 283 jiffies]
[exit 0]
--- c2 case 1 rec 0   load 0.64 0.82 1.16
[TEST C2-CoCo(LOUDS-Sparse)]
Processing dataset...
Done!
Building trie...
Done!
build time: 2155.228403 ms (2155.228403 ns per key)
space cost: 12.265971 MB (61.291488% of original size 20.012519 MB)
Querying trie...
Done!
total time: 735.734086 ms, avg latency: 735.734086 ns
topology: 0.432648 MB, link: 3.282862 MB, data: 8.550461 MB
2155.228403,12.265971,735.734086
[PASSED]
[time 3.46 s, user 3.27 s, sys 0.18 s, maxrss 358324 KB]
[busy 359 jiffies]
[exit 0]
--- c2 case 1 rec 1   load 0.64 0.82 1.16
[TEST C2-CoCo(LOUDS-Sparse)]
Processing dataset...
Done!
Building trie...
trie size: 3.096522 MB
Done!
build time: 2455.994116 ms (2455.994116 ns per key)
space cost: 10.462785 MB (52.281201% of original size 20.012519 MB)
Querying trie...
Done!
total time: 862.792793 ms, avg latency: 862.792793 ns
topology: 0.833210 MB, link: 3.468150 MB, data: 6.161425 MB
2455.994116,10.462785,862.792793
[PASSED]
[time 3.89 s, user 3.68 s, sys 0.19 s, maxrss 344864 KB]
[busy 406 jiffies]
[exit 0]
--- c2 case 1 rec 2   load 0.67 0.83 1.16
[TEST C2-CoCo(LOUDS-Sparse)]
Processing dataset...
Done!
Building trie...
trie size: 3.096522 MB
trie size: 0.887704 MB
Done!
build time: 2560.719937 ms (2560.719937 ns per key)
space cost: 10.462785 MB (52.281201% of original size 20.012519 MB)
Querying trie...
Done!
total time: 868.350637 ms, avg latency: 868.350637 ns
topology: 0.833210 MB, link: 3.468150 MB, data: 6.161425 MB
2560.719937,10.462785,868.350637
[PASSED]
[time 4.00 s, user 3.79 s, sys 0.19 s, maxrss 344952 KB]
[busy 418 jiffies]
[exit 0]
--- c2 case 2 rec 0   load 1.02 0.89 1.18
[TEST C2-MARISA]
Processing dataset...
Done!
Building trie...
trie size: 2.238578 MB
Done!
build time: 1036.972547 ms (1036.972547 ns per key)
space cost: 10.766413 MB (53.798389% of original size 20.012519 MB)
Querying trie...
Done!
total time: 376.663002 ms, avg latency: 376.663002 ns
topology: 0.741383 MB, link: 2.768053 MB, data: 7.236469 MB
--- Unary Path Analysis (Marisa, cutoff=3) ---
  branches: 1523874  |  single-char: 417651 (27.4%)  short-unary: 97461 (6.4%)  links: 1008762 (66.2%)
  link len: avg=12.11  max=234  total_chars=12215333
  link length distribution (len:count):  3:76859  4:82017  5:81216  6:79010  7:72564  8:64127  9:55531  10:50303  11:44703  12:39548  13:35394  14:31778  15:31462  16:28952  17:25995  18:23521  19:19840  20:18044  21:16382  22:14569  23:12399  24:11015  25:9715  26:8556  27:8141  28:7267  29:6255  30:5853  31:5207  32:4578  33:4049  34:3736  35:3293  36:2910  37:2688  38:2423  39:2074  40:1908  41:1670  42:1511  43:1333  44:1158  45:939  46:855  47:728  48:689  49:615  50:544  51:465  52:457  53:344  54:344  55:284  56:276  57:242  58:216  59:216  60:177  61:159  62:140  63:127  64:109  65:95  66:79  67:80  68:79  69:75  70:69  71:69  72:55  73:51  74:42  75:46  76:42  77:35  78:41  79:38  80:39  81:21  82:18  83:21  84:19  85:14  86:18  87:14  88:15  89:11  90:14  91:13  92:7  93:5  94:8  95:7  96:5  97:9  98:8  99:5  100:7  101:11  102:5  103:6  104:3  105:3  106:3  107:5  108:4  109:5  110:1  111:2  112:6  113:1  114:1  115:1  116:4  117:1  119:1  120:2  122:2  124:2  126:1  127:1  129:1  130:1  132:1  133:2  135:1  136:1  137:1  138:3  139:1  140:1  142:2  146:1  153:1  155:1  157:1  160:3  166:1  169:1  175:1  176:1  180:1  182:1  200:1  202:1  203:1  205:1  208:1  217:1  218:1  220:1  234:1
  short unary avg len: 2.00
1036.972547,10.766413,376.663002
[PASSED]
[time 1.98 s, user 1.85 s, sys 0.12 s, maxrss 201648 KB]
[busy 210 jiffies]
[exit 0]
--- c2 case 2 rec 1   load 1.02 0.90 1.18
[TEST C2-MARISA]
Processing dataset...
Done!
Building trie...
trie size: 2.238578 MB
trie size: 3.821277 MB
Done!
build time: 1403.882792 ms (1403.882792 ns per key)
space cost: 8.586061 MB (42.903452% of original size 20.012519 MB)
Querying trie...
Done!
total time: 502.500845 ms, avg latency: 502.500845 ns
topology: 1.213478 MB, link: 2.963206 MB, data: 4.388869 MB
--- Unary Path Analysis (Marisa, cutoff=3) ---
  branches: 1523874  |  single-char: 417651 (27.4%)  short-unary: 97461 (6.4%)  links: 1008762 (66.2%)
  link len: avg=12.11  max=234  total_chars=12215333
  link length distribution (len:count):  3:76859  4:82017  5:81216  6:79010  7:72564  8:64127  9:55531  10:50303  11:44703  12:39548  13:35394  14:31778  15:31462  16:28952  17:25995  18:23521  19:19840  20:18044  21:16382  22:14569  23:12399  24:11015  25:9715  26:8556  27:8141  28:7267  29:6255  30:5853  31:5207  32:4578  33:4049  34:3736  35:3293  36:2910  37:2688  38:2423  39:2074  40:1908  41:1670  42:1511  43:1333  44:1158  45:939  46:855  47:728  48:689  49:615  50:544  51:465  52:457  53:344  54:344  55:284  56:276  57:242  58:216  59:216  60:177  61:159  62:140  63:127  64:109  65:95  66:79  67:80  68:79  69:75  70:69  71:69  72:55  73:51  74:42  75:46  76:42  77:35  78:41  79:38  80:39  81:21  82:18  83:21  84:19  85:14  86:18  87:14  88:15  89:11  90:14  91:13  92:7  93:5  94:8  95:7  96:5  97:9  98:8  99:5  100:7  101:11  102:5  103:6  104:3  105:3  106:3  107:5  108:4  109:5  110:1  111:2  112:6  113:1  114:1  115:1  116:4  117:1  119:1  120:2  122:2  124:2  126:1  127:1  129:1  130:1  132:1  133:2  135:1  136:1  137:1  138:3  139:1  140:1  142:2  146:1  153:1  155:1  157:1  160:3  166:1  169:1  175:1  176:1  180:1  182:1  200:1  202:1  203:1  205:1  208:1  217:1  218:1  220:1  234:1
  short unary avg len: 2.00
1403.882792,8.586061,502.500845
[PASSED]
[time 2.50 s, user 2.34 s, sys 0.14 s, maxrss 197180 KB]
[busy 264 jiffies]
[exit 0]
--- c2 case 2 rec 2   load 1.01 0.90 1.17
[TEST C2-MARISA]
Processing dataset...
Done!
Building trie...
trie size: 2.238578 MB
trie size: 3.821277 MB
trie size: 1.037524 MB
Done!
build time: 1547.014963 ms (1547.014963 ns per key)
space cost: 8.586061 MB (42.903452% of original size 20.012519 MB)
Querying trie...
Done!
total time: 510.243283 ms, avg latency: 510.243283 ns
topology: 1.213478 MB, link: 2.963206 MB, data: 4.388869 MB
--- Unary Path Analysis (Marisa, cutoff=3) ---
  branches: 1523874  |  single-char: 417651 (27.4%)  short-unary: 97461 (6.4%)  links: 1008762 (66.2%)
  link len: avg=12.11  max=234  total_chars=12215333
  link length distribution (len:count):  3:76859  4:82017  5:81216  6:79010  7:72564  8:64127  9:55531  10:50303  11:44703  12:39548  13:35394  14:31778  15:31462  16:28952  17:25995  18:23521  19:19840  20:18044  21:16382  22:14569  23:12399  24:11015  25:9715  26:8556  27:8141  28:7267  29:6255  30:5853  31:5207  32:4578  33:4049  34:3736  35:3293  36:2910  37:2688  38:2423  39:2074  40:1908  41:1670  42:1511  43:1333  44:1158  45:939  46:855  47:728  48:689  49:615  50:544  51:465  52:457  53:344  54:344  55:284  56:276  57:242  58:216  59:216  60:177  61:159  62:140  63:127  64:109  65:95  66:79  67:80  68:79  69:75  70:69  71:69  72:55  73:51  74:42  75:46  76:42  77:35  78:41  79:38  80:39  81:21  82:18  83:21  84:19  85:14  86:18  87:14  88:15  89:11  90:14  91:13  92:7  93:5  94:8  95:7  96:5  97:9  98:8  99:5  100:7  101:11  102:5  103:6  104:3  105:3  106:3  107:5  108:4  109:5  110:1  111:2  112:6  113:1  114:1  115:1  116:4  117:1  119:1  120:2  122:2  124:2  126:1  127:1  129:1  130:1  132:1  133:2  135:1  136:1  137:1  138:3  139:1  140:1  142:2  146:1  153:1  155:1  157:1  160:3  166:1  169:1  175:1  176:1  180:1  182:1  200:1  202:1  203:1  205:1  208:1  217:1  218:1  220:1  234:1
  short unary avg len: 2.00
1547.014963,8.586061,510.243283
[PASSED]
[time 2.64 s, user 2.48 s, sys 0.15 s, maxrss 197280 KB]
[busy 279 jiffies]
[exit 0]
--- c2 case 3 rec 0   load 0.93 0.88 1.17
[TEST FST]
Processing dataset...
Done!
Building trie...
Done!
build time: 807.072048 ms (807.072048 ns per key)
space cost: 12.223534 MB (61.079436% of original size 20.012519 MB)
Querying trie...
Done!
total time: 702.082711 ms, avg latency: 702.082711 ns
not implemented
807.072048,12.223534,702.082711
[PASSED]
[time 2.09 s, user 1.98 s, sys 0.09 s, maxrss 130920 KB]
[busy 223 jiffies]
[exit 0]
--- c2 case 4 rec 0   load 0.93 0.88 1.17
terminate called after throwing an instance of 'std::runtime_error'
  what():  Sequence is not sorted
timeout: the monitored command dumped core
Command terminated by signal 6
[time 22.96 s, user 16.73 s, sys 6.07 s, maxrss 13650544 KB]
[busy 2377 jiffies]
[exit 134]
--- c2 case 5 rec 0   load 0.96 0.89 1.16
[TEST MARISA]
Processing dataset...
Done!
Building trie...
Done!
build time: 603.137292 ms (603.137292 ns per key)
space cost: 12.537066 MB (62.646119% of original size 20.012519 MB)
Querying trie...
Done!
total time: 502.689330 ms, avg latency: 502.689330 ns
not implemented
603.137292,12.537066,502.689330
[PASSED]
[time 1.69 s, user 1.55 s, sys 0.13 s, maxrss 195328 KB]
[busy 180 jiffies]
[exit 0]
--- c2 case 5 rec 1   load 0.96 0.89 1.16
[TEST MARISA]
Processing dataset...
Done!
Building trie...
Done!
build time: 775.339790 ms (775.339790 ns per key)
space cost: 8.680676 MB (43.376231% of original size 20.012519 MB)
Querying trie...
Done!
total time: 787.303891 ms, avg latency: 787.303891 ns
not implemented
775.339790,8.680676,787.303891
[PASSED]
[time 2.15 s, user 1.99 s, sys 0.14 s, maxrss 195140 KB]
[busy 229 jiffies]
[exit 0]
--- c2 case 5 rec 2   load 0.96 0.90 1.16
[TEST MARISA]
Processing dataset...
Done!
Building trie...
Done!
build time: 811.974570 ms (811.974570 ns per key)
space cost: 7.806685 MB (39.009010% of original size 20.012519 MB)
Querying trie...
Done!
total time: 885.792162 ms, avg latency: 885.792162 ns
not implemented
811.974570,7.806685,885.792162
[PASSED]
[time 2.29 s, user 2.14 s, sys 0.13 s, maxrss 195088 KB]
[busy 238 jiffies]
[exit 0]
--- c2 case 6 rec 0   load 0.96 0.90 1.16
[TEST PDT]
Processing dataset...
Done!
Building trie...
dict size: 157446, stream size: 7395682
Done!
build time: 3508.143271 ms (3508.143271 ns per key)
space cost: 8.479283 MB (42.369895% of original size 20.012519 MB)
Querying trie...
Done!
total time: 654.120294 ms, avg latency: 654.120294 ns
not implemented
3508.143271,8.479283,654.120294
[PASSED]
[time 4.74 s, user 4.54 s, sys 0.18 s, maxrss 256788 KB]
[busy 498 jiffies]
[exit 0]
--- c2 case 7 rec 0   load 0.97 0.90 1.16
[TEST ART]
Processing dataset...
Done!
Building trie...
Done!
build time: 165.606092 ms (165.606092 ns per key)
space cost: 32.696541 MB (163.380437% of original size 20.012519 MB)
Querying trie...
Done!
total time: 392.821285 ms, avg latency: 392.821285 ns
not implemented
165.606092,32.696541,392.821285
[PASSED]
[time 1.14 s, user 1.05 s, sys 0.08 s, maxrss 176420 KB]
[busy 125 jiffies]
[exit 0]
--- c2 case 8 rec 0   load 0.97 0.90 1.16
[TEST CART]
Processing dataset...
Done!
Building trie...
Done!
build time: 214.493337 ms (214.493337 ns per key)
space cost: 14.850546 MB (74.206280% of original size 20.012519 MB)
Querying trie...
Done!
total time: 454.242732 ms, avg latency: 454.242732 ns
not implemented
214.493337,14.850546,454.242732
[PASSED]
[time 1.25 s, user 1.15 s, sys 0.09 s, maxrss 163524 KB]
[busy 137 jiffies]
[exit 0]
--- xcdat 7   load 0.97 0.90 1.16
build time: 641.670810 ms
space cost: 14.813288 MiB (74.020106% of original size 20.012519 MiB)
avg latency: 272.729389 ns
641.670810,14.813288,272.729389
[time 1.50 s, user 1.39 s, sys 0.10 s, maxrss 161640 KB]
[busy 161 jiffies]
[exit 0]
--- xcdat 8   load 0.97 0.90 1.16
build time: 606.522313 ms
space cost: 14.333878 MiB (71.624555% of original size 20.012519 MiB)
avg latency: 256.891979 ns
606.522313,14.333878,256.891979
[time 1.45 s, user 1.34 s, sys 0.10 s, maxrss 161264 KB]
[busy 154 jiffies]
[exit 0]
--- xcdat 15   load 0.97 0.90 1.16
build time: 635.390920 ms
space cost: 16.333202 MiB (81.614925% of original size 20.012519 MiB)
avg latency: 244.607354 ns
635.390920,16.333202,244.607354
[time 1.48 s, user 1.38 s, sys 0.08 s, maxrss 163440 KB]
[busy 158 jiffies]
[exit 0]
--- xcdat 16   load 0.97 0.90 1.16
build time: 604.900706 ms
space cost: 16.875467 MiB (84.324554% of original size 20.012519 MiB)
avg latency: 258.130777 ns
604.900706,16.875467,258.130777
[time 1.45 s, user 1.34 s, sys 0.10 s, maxrss 164760 KB]
[busy 152 jiffies]
[exit 0]

##### titles-ru-1000000 (1000000 lines, 36819661 bytes)   round 1/3   2026-09-19T11:52:09+03:00
--- lexindex dict32   load 0.97 0.91 1.16
1000000 keys
lexindex DictIndex block 32: build 497 ms, size 8.265 MiB (8.667 B/key), latency cold 492.8 ns, then mean 482.1 / min 480.1 ns
496.583,8.265026,492.775
[time 3.04 s, user 6.91 s, sys 0.35 s, maxrss 344592 KB]
[busy 759 jiffies]
[exit 0]
--- lexindex dict256   load 0.90 0.89 1.15
1000000 keys
lexindex DictIndex block 256: build 509 ms, size 7.451 MiB (7.813 B/key), latency cold 498.4 ns, then mean 499.9 / min 496.6 ns
509.204,7.450783,498.374
[time 3.10 s, user 7.16 s, sys 0.31 s, maxrss 343008 KB]
[busy 777 jiffies]
[exit 0]
--- lexindex dict1024   load 0.90 0.89 1.15
1000000 keys
lexindex DictIndex block 1024: build 622 ms, size 7.220 MiB (7.571 B/key), latency cold 544.5 ns, then mean 538.0 / min 533.6 ns
622.157,7.219861,544.507
[time 3.39 s, user 6.09 s, sys 0.33 s, maxrss 356724 KB]
[busy 668 jiffies]
[exit 0]
--- lexindex string   load 0.91 0.89 1.15
1000000 keys
lexindex StringIndex: build 1492 ms, size 30.276 MiB (31.746 B/key), latency cold 682.7 ns, then mean 687.0 / min 679.5 ns
1492.288,30.275526,682.729
[time 4.82 s, user 4.69 s, sys 0.11 s, maxrss 212356 KB]
[busy 509 jiffies]
[exit 0]
--- c2 case 0 rec 0   load 0.84 0.88 1.14
[TEST C2-FST]
Processing dataset...
Done!
Building trie...
Done!
build time: 1265.434362 ms (1265.434362 ns per key)
space cost: 13.454716 MB (39.387006% of original size 34.160291 MB)
Querying trie...
Done!
total time: 740.359438 ms, avg latency: 740.359438 ns
topology: 1.316696 MB, link: 2.448647 MB, data: 9.689372 MB
--- Unary Path Analysis (FST, cutoff=4) ---
  shared unary steps in main trie: 1444849
  terminal suffixes: inplace=70261 (avg len=2.02)  links=837902 (92.3% of terminal)
  link len: avg=18.90  max=238  total_chars=15835418
  link length distribution (len:count):  4:38002  5:25136  6:46678  7:25626  8:51081  9:27061  10:49555  11:26346  12:44099  13:24737  14:35638  15:24081  16:29538  17:19279  18:25434  19:16078  20:16463  21:14405  22:12877  23:14367  24:11738  25:15079  26:11391  27:16946  28:11354  29:17411  30:12058  31:16873  32:11600  33:15555  34:11210  35:12790  36:9994  37:10106  38:7923  39:7962  40:6648  41:5829  42:4930  43:4945  44:3895  45:3528  46:3382  47:2749  48:2598  49:2269  50:2117  51:1901  52:1753  53:1665  54:1553  55:1449  56:1305  57:1145  58:1092  59:1004  60:875  61:848  62:788  63:815  64:741  65:605  66:640  67:594  68:554  69:512  70:530  71:482  72:415  73:428  74:424  75:368  76:310  77:349  78:289  79:299  80:274  81:267  82:209  83:198  84:204  85:187  86:188  87:169  88:154  89:148  90:143  91:149  92:108  93:110  94:105  95:111  96:95  97:79  98:91  99:85  100:98  101:68  102:61  103:57  104:50  105:52  106:54  107:61  108:50  109:62  110:44  111:43  112:42  113:44  114:37  115:29  116:42  117:29  118:35  119:28  120:37  121:28  122:24  123:19  124:19  125:31  126:29  127:26  128:15  129:19  130:30  131:11  132:22  133:9  134:11  135:14  136:17  137:15  138:6  139:7  140:14  141:16  142:8  143:9  144:14  145:12  146:8  147:11  148:7  149:9  150:6  151:12  152:9  153:13  154:7  155:5  156:6  157:3  158:8  159:4  160:7  161:11  162:5  163:11  164:3  165:5  166:7  167:4  168:4  169:6  170:3  171:4  172:3  173:9  174:4  175:1  176:4  177:5  178:6  179:4  180:4  181:2  182:6  183:7  184:4  185:2  186:3  187:2  188:2  190:1  191:1  192:3  193:3  194:2  196:2  197:2  198:4  200:1  202:1  205:2  207:2  208:1  210:2  212:2  213:1  217:2  218:2  220:1  222:1  228:2  234:1  239:1
1265.434362,13.454716,740.359438
[PASSED]
[time 2.71 s, user 2.54 s, sys 0.15 s, maxrss 226744 KB]
[busy 287 jiffies]
[exit 0]
--- c2 case 0 rec 1   load 0.84 0.88 1.14
[TEST C2-FST]
Processing dataset...
Done!
Building trie...
trie size: 3.233313 MB
Done!
build time: 1659.071519 ms (1659.071519 ns per key)
space cost: 10.950089 MB (32.055021% of original size 34.160291 MB)
Querying trie...
Done!
total time: 742.327666 ms, avg latency: 742.327666 ns
topology: 1.728611 MB, link: 2.656099 MB, data: 6.565378 MB
--- Unary Path Analysis (FST, cutoff=4) ---
  shared unary steps in main trie: 1444849
  terminal suffixes: inplace=70261 (avg len=2.02)  links=837902 (92.3% of terminal)
  link len: avg=18.90  max=238  total_chars=15835418
  link length distribution (len:count):  4:38002  5:25136  6:46678  7:25626  8:51081  9:27061  10:49555  11:26346  12:44099  13:24737  14:35638  15:24081  16:29538  17:19279  18:25434  19:16078  20:16463  21:14405  22:12877  23:14367  24:11738  25:15079  26:11391  27:16946  28:11354  29:17411  30:12058  31:16873  32:11600  33:15555  34:11210  35:12790  36:9994  37:10106  38:7923  39:7962  40:6648  41:5829  42:4930  43:4945  44:3895  45:3528  46:3382  47:2749  48:2598  49:2269  50:2117  51:1901  52:1753  53:1665  54:1553  55:1449  56:1305  57:1145  58:1092  59:1004  60:875  61:848  62:788  63:815  64:741  65:605  66:640  67:594  68:554  69:512  70:530  71:482  72:415  73:428  74:424  75:368  76:310  77:349  78:289  79:299  80:274  81:267  82:209  83:198  84:204  85:187  86:188  87:169  88:154  89:148  90:143  91:149  92:108  93:110  94:105  95:111  96:95  97:79  98:91  99:85  100:98  101:68  102:61  103:57  104:50  105:52  106:54  107:61  108:50  109:62  110:44  111:43  112:42  113:44  114:37  115:29  116:42  117:29  118:35  119:28  120:37  121:28  122:24  123:19  124:19  125:31  126:29  127:26  128:15  129:19  130:30  131:11  132:22  133:9  134:11  135:14  136:17  137:15  138:6  139:7  140:14  141:16  142:8  143:9  144:14  145:12  146:8  147:11  148:7  149:9  150:6  151:12  152:9  153:13  154:7  155:5  156:6  157:3  158:8  159:4  160:7  161:11  162:5  163:11  164:3  165:5  166:7  167:4  168:4  169:6  170:3  171:4  172:3  173:9  174:4  175:1  176:4  177:5  178:6  179:4  180:4  181:2  182:6  183:7  184:4  185:2  186:3  187:2  188:2  190:1  191:1  192:3  193:3  194:2  196:2  197:2  198:4  200:1  202:1  205:2  207:2  208:1  210:2  212:2  213:1  217:2  218:2  220:1  222:1  228:2  234:1  239:1
1659.071519,10.950089,742.327666
[PASSED]
[time 3.13 s, user 2.96 s, sys 0.15 s, maxrss 215484 KB]
[busy 326 jiffies]
[exit 0]
--- c2 case 0 rec 2   load 0.85 0.88 1.14
[TEST C2-FST]
Processing dataset...
Done!
Building trie...
trie size: 3.233313 MB
trie size: 0.910584 MB
Done!
build time: 1793.785372 ms (1793.785372 ns per key)
space cost: 10.950089 MB (32.055021% of original size 34.160291 MB)
Querying trie...
Done!
total time: 753.105709 ms, avg latency: 753.105709 ns
topology: 1.728611 MB, link: 2.656099 MB, data: 6.565378 MB
--- Unary Path Analysis (FST, cutoff=4) ---
  shared unary steps in main trie: 1444849
  terminal suffixes: inplace=70261 (avg len=2.02)  links=837902 (92.3% of terminal)
  link len: avg=18.90  max=238  total_chars=15835418
  link length distribution (len:count):  4:38002  5:25136  6:46678  7:25626  8:51081  9:27061  10:49555  11:26346  12:44099  13:24737  14:35638  15:24081  16:29538  17:19279  18:25434  19:16078  20:16463  21:14405  22:12877  23:14367  24:11738  25:15079  26:11391  27:16946  28:11354  29:17411  30:12058  31:16873  32:11600  33:15555  34:11210  35:12790  36:9994  37:10106  38:7923  39:7962  40:6648  41:5829  42:4930  43:4945  44:3895  45:3528  46:3382  47:2749  48:2598  49:2269  50:2117  51:1901  52:1753  53:1665  54:1553  55:1449  56:1305  57:1145  58:1092  59:1004  60:875  61:848  62:788  63:815  64:741  65:605  66:640  67:594  68:554  69:512  70:530  71:482  72:415  73:428  74:424  75:368  76:310  77:349  78:289  79:299  80:274  81:267  82:209  83:198  84:204  85:187  86:188  87:169  88:154  89:148  90:143  91:149  92:108  93:110  94:105  95:111  96:95  97:79  98:91  99:85  100:98  101:68  102:61  103:57  104:50  105:52  106:54  107:61  108:50  109:62  110:44  111:43  112:42  113:44  114:37  115:29  116:42  117:29  118:35  119:28  120:37  121:28  122:24  123:19  124:19  125:31  126:29  127:26  128:15  129:19  130:30  131:11  132:22  133:9  134:11  135:14  136:17  137:15  138:6  139:7  140:14  141:16  142:8  143:9  144:14  145:12  146:8  147:11  148:7  149:9  150:6  151:12  152:9  153:13  154:7  155:5  156:6  157:3  158:8  159:4  160:7  161:11  162:5  163:11  164:3  165:5  166:7  167:4  168:4  169:6  170:3  171:4  172:3  173:9  174:4  175:1  176:4  177:5  178:6  179:4  180:4  181:2  182:6  183:7  184:4  185:2  186:3  187:2  188:2  190:1  191:1  192:3  193:3  194:2  196:2  197:2  198:4  200:1  202:1  205:2  207:2  208:1  210:2  212:2  213:1  217:2  218:2  220:1  222:1  228:2  234:1  239:1
1793.785372,10.950089,753.105709
[PASSED]
[time 3.28 s, user 3.12 s, sys 0.14 s, maxrss 215276 KB]
[busy 342 jiffies]
[exit 0]
--- c2 case 1 rec 0   load 0.87 0.88 1.14
[TEST C2-CoCo(LOUDS-Sparse)]
Processing dataset...
Done!
Building trie...
Done!
build time: 3495.758498 ms (3495.758498 ns per key)
space cost: 14.618523 MB (42.793905% of original size 34.160291 MB)
Querying trie...
Done!
total time: 1013.312727 ms, avg latency: 1013.312727 ns
topology: 0.472511 MB, link: 3.816133 MB, data: 10.329878 MB
3495.758498,14.618523,1013.312727
[PASSED]
[time 5.21 s, user 4.96 s, sys 0.23 s, maxrss 445972 KB]
[busy 545 jiffies]
[exit 0]
--- c2 case 1 rec 1   load 0.88 0.89 1.14
[TEST C2-CoCo(LOUDS-Sparse)]
Processing dataset...
Done!
Building trie...
trie size: 3.233313 MB
Done!
build time: 3883.699833 ms (3883.699833 ns per key)
space cost: 12.113895 MB (35.461921% of original size 34.160291 MB)
Querying trie...
Done!
total time: 1055.774237 ms, avg latency: 1055.774237 ns
topology: 0.884426 MB, link: 4.023585 MB, data: 7.205884 MB
3883.699833,12.113895,1055.774237
[PASSED]
[time 5.67 s, user 5.40 s, sys 0.24 s, maxrss 432564 KB]
[busy 590 jiffies]
[exit 0]
--- c2 case 1 rec 2   load 0.82 0.87 1.13
[TEST C2-CoCo(LOUDS-Sparse)]
Processing dataset...
Done!
Building trie...
trie size: 3.233313 MB
trie size: 0.910584 MB
Done!
build time: 4029.272851 ms (4029.272851 ns per key)
space cost: 12.113895 MB (35.461921% of original size 34.160291 MB)
Querying trie...
Done!
total time: 1049.563346 ms, avg latency: 1049.563346 ns
topology: 0.884426 MB, link: 4.023585 MB, data: 7.205884 MB
4029.272851,12.113895,1049.563346
[PASSED]
[time 5.80 s, user 5.52 s, sys 0.26 s, maxrss 432556 KB]
[busy 607 jiffies]
[exit 0]
--- c2 case 2 rec 0   load 0.83 0.87 1.13
[TEST C2-MARISA]
Processing dataset...
Done!
Building trie...
trie size: 2.484302 MB
Done!
build time: 1213.548773 ms (1213.548773 ns per key)
space cost: 12.012337 MB (35.164621% of original size 34.160291 MB)
Querying trie...
Done!
total time: 539.528444 ms, avg latency: 539.528444 ns
topology: 0.823292 MB, link: 2.965906 MB, data: 8.202631 MB
--- Unary Path Analysis (Marisa, cutoff=3) ---
  branches: 1657128  |  single-char: 447774 (27.0%)  short-unary: 128432 (7.8%)  links: 1080922 (65.2%)
  link len: avg=17.77  max=240  total_chars=19212544
  link length distribution (len:count):  3:87321  4:48292  5:58975  6:36358  7:58121  8:33015  9:59626  10:32247  11:55687  12:30072  13:49121  14:27545  15:39628  16:26319  17:32373  18:20972  19:27510  20:17247  21:17760  22:15297  23:13707  24:14933  25:12396  26:15583  27:11863  28:17395  29:11704  30:17896  31:12395  32:17216  33:11862  34:15819  35:11459  36:13046  37:10194  38:10344  39:8104  40:8139  41:6769  42:6000  43:5033  44:5077  45:3963  46:3720  47:3456  48:2871  49:2663  50:2321  51:2168  52:1981  53:1813  54:1693  55:1597  56:1488  57:1344  58:1172  59:1122  60:1025  61:904  62:871  63:814  64:834  65:767  66:626  67:663  68:607  69:568  70:524  71:545  72:489  73:428  74:436  75:441  76:375  77:319  78:357  79:299  80:304  81:282  82:274  83:213  84:203  85:208  86:189  87:193  88:179  89:159  90:153  91:146  92:153  93:110  94:115  95:107  96:113  97:98  98:81  99:92  100:91  101:100  102:69  103:62  104:60  105:53  106:53  107:55  108:63  109:50  110:63  111:44  112:45  113:43  114:49  115:38  116:32  117:45  118:31  119:36  120:28  121:37  122:28  123:24  124:20  125:19  126:32  127:29  128:26  129:15  130:19  131:30  132:11  133:22  134:9  135:11  136:14  137:18  138:15  139:6  140:8  141:14  142:16  143:8  144:10  145:14  146:12  147:8  148:11  149:7  150:9  151:6  152:12  153:9  154:13  155:7  156:5  157:6  158:3  159:8  160:4  161:7  162:11  163:6  164:11  165:3  166:5  167:7  168:4  169:5  170:6  171:3  172:4  173:3  174:9  175:4  176:1  177:4  178:5  179:7  180:4  181:4  182:2  183:6  184:7  185:4  186:2  187:3  188:2  189:2  191:1  192:1  193:3  194:3  195:2  197:2  198:2  199:4  201:1  203:1  206:2  208:2  209:1  211:2  213:2  214:1  218:2  219:2  221:1  223:1  229:2  235:1  240:1
  short unary avg len: 2.00
1213.548773,12.012337,539.528444
[PASSED]
[time 2.46 s, user 2.29 s, sys 0.15 s, maxrss 243680 KB]
[busy 258 jiffies]
[exit 0]
--- c2 case 2 rec 1   load 0.76 0.86 1.12
[TEST C2-MARISA]
Processing dataset...
Done!
Building trie...
trie size: 2.484302 MB
trie size: 4.015308 MB
Done!
build time: 1650.827969 ms (1650.827969 ns per key)
space cost: 9.221785 MB (26.995627% of original size 34.160291 MB)
Querying trie...
Done!
total time: 391.482499 ms, avg latency: 391.482499 ns
topology: 1.302711 MB, link: 3.189349 MB, data: 4.709216 MB
--- Unary Path Analysis (Marisa, cutoff=3) ---
  branches: 1657128  |  single-char: 447774 (27.0%)  short-unary: 128432 (7.8%)  links: 1080922 (65.2%)
  link len: avg=17.77  max=240  total_chars=19212544
  link length distribution (len:count):  3:87321  4:48292  5:58975  6:36358  7:58121  8:33015  9:59626  10:32247  11:55687  12:30072  13:49121  14:27545  15:39628  16:26319  17:32373  18:20972  19:27510  20:17247  21:17760  22:15297  23:13707  24:14933  25:12396  26:15583  27:11863  28:17395  29:11704  30:17896  31:12395  32:17216  33:11862  34:15819  35:11459  36:13046  37:10194  38:10344  39:8104  40:8139  41:6769  42:6000  43:5033  44:5077  45:3963  46:3720  47:3456  48:2871  49:2663  50:2321  51:2168  52:1981  53:1813  54:1693  55:1597  56:1488  57:1344  58:1172  59:1122  60:1025  61:904  62:871  63:814  64:834  65:767  66:626  67:663  68:607  69:568  70:524  71:545  72:489  73:428  74:436  75:441  76:375  77:319  78:357  79:299  80:304  81:282  82:274  83:213  84:203  85:208  86:189  87:193  88:179  89:159  90:153  91:146  92:153  93:110  94:115  95:107  96:113  97:98  98:81  99:92  100:91  101:100  102:69  103:62  104:60  105:53  106:53  107:55  108:63  109:50  110:63  111:44  112:45  113:43  114:49  115:38  116:32  117:45  118:31  119:36  120:28  121:37  122:28  123:24  124:20  125:19  126:32  127:29  128:26  129:15  130:19  131:30  132:11  133:22  134:9  135:11  136:14  137:18  138:15  139:6  140:8  141:14  142:16  143:8  144:10  145:14  146:12  147:8  148:11  149:7  150:9  151:6  152:12  153:9  154:13  155:7  156:5  157:6  158:3  159:8  160:4  161:7  162:11  163:6  164:11  165:3  166:5  167:7  168:4  169:5  170:6  171:3  172:4  173:3  174:9  175:4  176:1  177:4  178:5  179:7  180:4  181:4  182:2  183:6  184:7  185:4  186:2  187:3  188:2  189:2  191:1  192:1  193:3  194:3  195:2  197:2  198:2  199:4  201:1  203:1  206:2  208:2  209:1  211:2  213:2  214:1  218:2  219:2  221:1  223:1  229:2  235:1  240:1
  short unary avg len: 2.00
1650.827969,9.221785,391.482499
[PASSED]
[time 2.76 s, user 2.59 s, sys 0.15 s, maxrss 227116 KB]
[busy 289 jiffies]
[exit 0]
--- c2 case 2 rec 2   load 0.76 0.86 1.12
[TEST C2-MARISA]
Processing dataset...
Done!
Building trie...
trie size: 2.484302 MB
trie size: 4.015308 MB
trie size: 1.015766 MB
Done!
build time: 1778.533682 ms (1778.533682 ns per key)
space cost: 8.714260 MB (25.509912% of original size 34.160291 MB)
Querying trie...
Done!
total time: 387.686075 ms, avg latency: 387.686075 ns
topology: 1.481594 MB, link: 3.266720 MB, data: 3.945438 MB
--- Unary Path Analysis (Marisa, cutoff=3) ---
  branches: 1657128  |  single-char: 447774 (27.0%)  short-unary: 128432 (7.8%)  links: 1080922 (65.2%)
  link len: avg=17.77  max=240  total_chars=19212544
  link length distribution (len:count):  3:87321  4:48292  5:58975  6:36358  7:58121  8:33015  9:59626  10:32247  11:55687  12:30072  13:49121  14:27545  15:39628  16:26319  17:32373  18:20972  19:27510  20:17247  21:17760  22:15297  23:13707  24:14933  25:12396  26:15583  27:11863  28:17395  29:11704  30:17896  31:12395  32:17216  33:11862  34:15819  35:11459  36:13046  37:10194  38:10344  39:8104  40:8139  41:6769  42:6000  43:5033  44:5077  45:3963  46:3720  47:3456  48:2871  49:2663  50:2321  51:2168  52:1981  53:1813  54:1693  55:1597  56:1488  57:1344  58:1172  59:1122  60:1025  61:904  62:871  63:814  64:834  65:767  66:626  67:663  68:607  69:568  70:524  71:545  72:489  73:428  74:436  75:441  76:375  77:319  78:357  79:299  80:304  81:282  82:274  83:213  84:203  85:208  86:189  87:193  88:179  89:159  90:153  91:146  92:153  93:110  94:115  95:107  96:113  97:98  98:81  99:92  100:91  101:100  102:69  103:62  104:60  105:53  106:53  107:55  108:63  109:50  110:63  111:44  112:45  113:43  114:49  115:38  116:32  117:45  118:31  119:36  120:28  121:37  122:28  123:24  124:20  125:19  126:32  127:29  128:26  129:15  130:19  131:30  132:11  133:22  134:9  135:11  136:14  137:18  138:15  139:6  140:8  141:14  142:16  143:8  144:10  145:14  146:12  147:8  148:11  149:7  150:9  151:6  152:12  153:9  154:13  155:7  156:5  157:6  158:3  159:8  160:4  161:7  162:11  163:6  164:11  165:3  166:5  167:7  168:4  169:5  170:6  171:3  172:4  173:3  174:9  175:4  176:1  177:4  178:5  179:7  180:4  181:4  182:2  183:6  184:7  185:4  186:2  187:3  188:2  189:2  191:1  192:1  193:3  194:3  195:2  197:2  198:2  199:4  201:1  203:1  206:2  208:2  209:1  211:2  213:2  214:1  218:2  219:2  221:1  223:1  229:2  235:1  240:1
  short unary avg len: 2.00
1778.533682,8.714260,387.686075
[PASSED]
[time 2.88 s, user 2.71 s, sys 0.16 s, maxrss 227316 KB]
[busy 306 jiffies]
[exit 0]
--- c2 case 3 rec 0   load 0.78 0.86 1.12
[TEST FST]
Processing dataset...
Done!
Building trie...
Done!
build time: 1159.068959 ms (1159.068959 ns per key)
space cost: 15.406425 MB (45.100393% of original size 34.160291 MB)
Querying trie...
Done!
total time: 1213.705207 ms, avg latency: 1213.705207 ns
not implemented
1159.068959,15.406425,1213.705207
[PASSED]
[time 3.10 s, user 2.96 s, sys 0.12 s, maxrss 177548 KB]
[busy 321 jiffies]
[exit 0]
--- c2 case 4 rec 0   load 0.80 0.87 1.12
terminate called after throwing an instance of 'std::runtime_error'
  what():  Sequence is not sorted
timeout: the monitored command dumped core
Command terminated by signal 6
[time 49.46 s, user 36.53 s, sys 12.63 s, maxrss 26677168 KB]
[busy 5674 jiffies]
[exit 134]
--- c2 case 5 rec 0   load 0.99 0.91 1.12
[TEST MARISA]
Processing dataset...
Done!
Building trie...
Done!
build time: 761.419422 ms (761.419422 ns per key)
space cost: 14.925114 MB (43.691413% of original size 34.160291 MB)
Querying trie...
Done!
total time: 703.752569 ms, avg latency: 703.752569 ns
not implemented
761.419422,14.925114,703.752569
[PASSED]
[time 2.18 s, user 2.01 s, sys 0.15 s, maxrss 231420 KB]
[busy 233 jiffies]
[exit 0]
--- c2 case 5 rec 1   load 0.99 0.91 1.12
[TEST MARISA]
Processing dataset...
Done!
Building trie...
Done!
build time: 952.574033 ms (952.574033 ns per key)
space cost: 9.445531 MB (27.650616% of original size 34.160291 MB)
Querying trie...
Done!
total time: 1095.384189 ms, avg latency: 1095.384189 ns
not implemented
952.574033,9.445531,1095.384189
[PASSED]
[time 2.76 s, user 2.59 s, sys 0.15 s, maxrss 231288 KB]
[busy 290 jiffies]
[exit 0]
--- c2 case 5 rec 2   load 0.99 0.91 1.12
[TEST MARISA]
Processing dataset...
Done!
Building trie...
Done!
build time: 996.999943 ms (996.999943 ns per key)
space cost: 8.209226 MB (24.031487% of original size 34.160291 MB)
Querying trie...
Done!
total time: 1239.614393 ms, avg latency: 1239.614393 ns
not implemented
996.999943,8.209226,1239.614393
[PASSED]
[time 2.94 s, user 2.77 s, sys 0.15 s, maxrss 231332 KB]
[busy 307 jiffies]
[exit 0]
--- c2 case 6 rec 0   load 0.99 0.91 1.12
[TEST PDT]
Processing dataset...
Done!
Building trie...
dict size: 149058, stream size: 8676288
Done!
build time: 2761.780643 ms (2761.780643 ns per key)
space cost: 9.692565 MB (28.373778% of original size 34.160291 MB)
Querying trie...
Done!
total time: 782.588120 ms, avg latency: 782.588120 ns
not implemented
2761.780643,9.692565,782.588120
[PASSED]
[time 4.25 s, user 4.04 s, sys 0.19 s, maxrss 238400 KB]
[busy 442 jiffies]
[exit 0]
--- c2 case 7 rec 0   load 0.99 0.91 1.12
[TEST ART]
Processing dataset...
Done!
Building trie...
Done!
build time: 231.623737 ms (231.623737 ns per key)
space cost: 37.032776 MB (108.408843% of original size 34.160291 MB)
Querying trie...
Done!
total time: 576.471053 ms, avg latency: 576.471053 ns
not implemented
231.623737,37.032776,576.471053
[PASSED]
[time 1.54 s, user 1.41 s, sys 0.12 s, maxrss 239284 KB]
[busy 162 jiffies]
[exit 0]
--- c2 case 8 rec 0   load 0.99 0.91 1.12
[TEST CART]
Processing dataset...
Done!
Building trie...
Done!
build time: 294.085049 ms (294.085049 ns per key)
space cost: 17.935776 MB (52.504752% of original size 34.160291 MB)
Querying trie...
Done!
total time: 656.535263 ms, avg latency: 656.535263 ns
not implemented
294.085049,17.935776,656.535263
[PASSED]
[time 1.68 s, user 1.56 s, sys 0.11 s, maxrss 228376 KB]
[busy 181 jiffies]
[exit 0]
--- xcdat 7   load 0.99 0.91 1.12
build time: 832.928795 ms
space cost: 18.793670 MiB (55.016129% of original size 34.160291 MiB)
avg latency: 394.933243 ns
832.928795,18.793670,394.933243
[time 1.94 s, user 1.79 s, sys 0.14 s, maxrss 207460 KB]
[busy 205 jiffies]
[exit 0]
--- xcdat 8   load 0.99 0.91 1.11
build time: 794.961301 ms
space cost: 18.486019 MiB (54.115521% of original size 34.160291 MiB)
avg latency: 392.270189 ns
794.961301,18.486019,392.270189
[time 1.92 s, user 1.77 s, sys 0.14 s, maxrss 207296 KB]
[busy 217 jiffies]
[exit 0]
--- xcdat 15   load 0.91 0.90 1.11
build time: 836.996940 ms
space cost: 22.013930 MiB (64.443041% of original size 34.160291 MiB)
avg latency: 361.348184 ns
836.996940,22.013930,361.348184
[time 1.92 s, user 1.75 s, sys 0.15 s, maxrss 213200 KB]
[busy 203 jiffies]
[exit 0]
--- xcdat 16   load 0.91 0.90 1.11
build time: 781.323534 ms
space cost: 22.860906 MiB (66.922456% of original size 34.160291 MiB)
avg latency: 384.498345 ns
781.323534,22.860906,384.498345
[time 1.88 s, user 1.72 s, sys 0.15 s, maxrss 213416 KB]
[busy 197 jiffies]
[exit 0]

##### titles-zh-1000000 (1000000 lines, 17871822 bytes)   round 1/3   2026-09-19T11:54:39+03:00
--- lexindex dict32   load 0.84 0.88 1.10
1000000 keys
lexindex DictIndex block 32: build 340 ms, size 6.343 MiB (6.651 B/key), latency cold 364.4 ns, then mean 363.2 / min 362.3 ns
339.968,6.342973,364.381
[time 2.31 s, user 4.34 s, sys 0.32 s, maxrss 259136 KB]
[busy 496 jiffies]
[exit 0]
--- lexindex dict256   load 0.84 0.88 1.10
1000000 keys
lexindex DictIndex block 256: build 349 ms, size 6.001 MiB (6.292 B/key), latency cold 403.4 ns, then mean 398.3 / min 397.5 ns
348.726,6.000659,403.390
[time 2.48 s, user 4.70 s, sys 0.30 s, maxrss 258912 KB]
[busy 526 jiffies]
[exit 0]
--- lexindex dict1024   load 0.85 0.89 1.10
1000000 keys
lexindex DictIndex block 1024: build 380 ms, size 5.831 MiB (6.114 B/key), latency cold 492.1 ns, then mean 491.9 / min 471.9 ns
380.474,5.830638,492.098
[time 2.91 s, user 4.27 s, sys 0.28 s, maxrss 269292 KB]
[busy 519 jiffies]
[exit 0]
--- lexindex string   load 0.87 0.89 1.10
1000000 keys
lexindex StringIndex: build 861 ms, size 16.712 MiB (17.523 B/key), latency cold 445.9 ns, then mean 451.5 / min 439.8 ns
861.473,16.711605,445.871
[time 3.21 s, user 2.96 s, sys 0.09 s, maxrss 152284 KB]
[busy 386 jiffies]
[exit 0]
--- c2 case 0 rec 0   load 0.80 0.87 1.09
[TEST C2-FST]
Processing dataset...
Done!
Building trie...
Done!
build time: 734.852721 ms (734.852721 ns per key)
space cost: 9.315402 MB (57.894796% of original size 16.090223 MB)
Querying trie...
Done!
total time: 571.875799 ms, avg latency: 571.875799 ns
topology: 1.013481 MB, link: 1.860200 MB, data: 6.441721 MB
--- Unary Path Analysis (FST, cutoff=4) ---
  shared unary steps in main trie: 533155
  terminal suffixes: inplace=237541 (avg len=1.85)  links=651614 (73.3% of terminal)
  link len: avg=9.49  max=219  total_chars=6184530
  link length distribution (len:count):  4:101787  5:75109  6:33236  7:70197  8:54797  9:28682  10:45020  11:39800  12:18111  13:26128  14:25316  15:13287  16:18412  17:17629  18:7811  19:11663  20:10322  21:4897  22:7909  23:6587  24:3201  25:5027  26:3953  27:2124  28:3009  29:2707  30:1318  31:2090  32:1807  33:932  34:1302  35:1246  36:576  37:856  38:792  39:335  40:596  41:485  42:228  43:398  44:289  45:126  46:187  47:184  48:83  49:123  50:115  51:56  52:76  53:79  54:43  55:73  56:58  57:28  58:35  59:27  60:9  61:32  62:19  63:18  64:20  65:11  66:19  67:16  68:13  69:6  70:14  71:16  72:6  73:9  74:5  75:5  76:7  77:5  78:2  79:17  80:2  81:7  82:8  83:7  84:3  85:7  86:7  87:3  88:3  89:2  90:4  91:3  92:3  93:1  94:1  95:3  96:5  97:1  98:4  101:2  102:1  103:1  104:1  106:2  107:1  112:2  113:1  115:1  116:1  120:1  121:1  122:1  124:1  130:1  138:1  148:1  151:1  155:2  184:1  188:1  204:1  220:1
734.852721,9.315402,571.875799
[PASSED]
[time 1.87 s, user 1.73 s, sys 0.12 s, maxrss 186032 KB]
[busy 358 jiffies]
[exit 0]
--- c2 case 0 rec 1   load 0.80 0.87 1.09
[TEST C2-FST]
Processing dataset...
Done!
Building trie...
trie size: 2.382156 MB
Done!
build time: 1031.817354 ms (1031.817354 ns per key)
space cost: 7.814046 MB (48.563937% of original size 16.090223 MB)
Querying trie...
Done!
total time: 622.399772 ms, avg latency: 622.399772 ns
topology: 1.289776 MB, link: 2.002253 MB, data: 4.522017 MB
--- Unary Path Analysis (FST, cutoff=4) ---
  shared unary steps in main trie: 533155
  terminal suffixes: inplace=237541 (avg len=1.85)  links=651614 (73.3% of terminal)
  link len: avg=9.49  max=219  total_chars=6184530
  link length distribution (len:count):  4:101787  5:75109  6:33236  7:70197  8:54797  9:28682  10:45020  11:39800  12:18111  13:26128  14:25316  15:13287  16:18412  17:17629  18:7811  19:11663  20:10322  21:4897  22:7909  23:6587  24:3201  25:5027  26:3953  27:2124  28:3009  29:2707  30:1318  31:2090  32:1807  33:932  34:1302  35:1246  36:576  37:856  38:792  39:335  40:596  41:485  42:228  43:398  44:289  45:126  46:187  47:184  48:83  49:123  50:115  51:56  52:76  53:79  54:43  55:73  56:58  57:28  58:35  59:27  60:9  61:32  62:19  63:18  64:20  65:11  66:19  67:16  68:13  69:6  70:14  71:16  72:6  73:9  74:5  75:5  76:7  77:5  78:2  79:17  80:2  81:7  82:8  83:7  84:3  85:7  86:7  87:3  88:3  89:2  90:4  91:3  92:3  93:1  94:1  95:3  96:5  97:1  98:4  101:2  102:1  103:1  104:1  106:2  107:1  112:2  113:1  115:1  116:1  120:1  121:1  122:1  124:1  130:1  138:1  148:1  151:1  155:2  184:1  188:1  204:1  220:1
1031.817354,7.814046,622.399772
[PASSED]
[time 2.26 s, user 2.11 s, sys 0.13 s, maxrss 186168 KB]
[busy 389 jiffies]
[exit 0]
--- c2 case 0 rec 2   load 0.81 0.87 1.09
[TEST C2-FST]
Processing dataset...
Done!
Building trie...
trie size: 2.382156 MB
trie size: 0.519189 MB
Done!
build time: 1108.440376 ms (1108.440376 ns per key)
space cost: 7.814046 MB (48.563937% of original size 16.090223 MB)
Querying trie...
Done!
total time: 595.858922 ms, avg latency: 595.858922 ns
topology: 1.289776 MB, link: 2.002253 MB, data: 4.522017 MB
--- Unary Path Analysis (FST, cutoff=4) ---
  shared unary steps in main trie: 533155
  terminal suffixes: inplace=237541 (avg len=1.85)  links=651614 (73.3% of terminal)
  link len: avg=9.49  max=219  total_chars=6184530
  link length distribution (len:count):  4:101787  5:75109  6:33236  7:70197  8:54797  9:28682  10:45020  11:39800  12:18111  13:26128  14:25316  15:13287  16:18412  17:17629  18:7811  19:11663  20:10322  21:4897  22:7909  23:6587  24:3201  25:5027  26:3953  27:2124  28:3009  29:2707  30:1318  31:2090  32:1807  33:932  34:1302  35:1246  36:576  37:856  38:792  39:335  40:596  41:485  42:228  43:398  44:289  45:126  46:187  47:184  48:83  49:123  50:115  51:56  52:76  53:79  54:43  55:73  56:58  57:28  58:35  59:27  60:9  61:32  62:19  63:18  64:20  65:11  66:19  67:16  68:13  69:6  70:14  71:16  72:6  73:9  74:5  75:5  76:7  77:5  78:2  79:17  80:2  81:7  82:8  83:7  84:3  85:7  86:7  87:3  88:3  89:2  90:4  91:3  92:3  93:1  94:1  95:3  96:5  97:1  98:4  101:2  102:1  103:1  104:1  106:2  107:1  112:2  113:1  115:1  116:1  120:1  121:1  122:1  124:1  130:1  138:1  148:1  151:1  155:2  184:1  188:1  204:1  220:1
1108.440376,7.814046,595.858922
[PASSED]
[time 2.32 s, user 2.17 s, sys 0.14 s, maxrss 186476 KB]
[busy 400 jiffies]
[exit 0]
--- c2 case 1 rec 0   load 0.83 0.88 1.09
[TEST C2-CoCo(LOUDS-Sparse)]
Processing dataset...
Done!
Building trie...
Done!
build time: 1869.652776 ms (1869.652776 ns per key)
space cost: 10.076944 MB (62.627748% of original size 16.090223 MB)
Querying trie...
Done!
total time: 847.159085 ms, avg latency: 847.159085 ns
topology: 0.428116 MB, link: 2.771456 MB, data: 6.877373 MB
1869.652776,10.076944,847.159085
[PASSED]
[time 3.31 s, user 3.07 s, sys 0.21 s, maxrss 343720 KB]
[busy 562 jiffies]
[exit 0]
--- c2 case 1 rec 1   load 0.83 0.88 1.09
[TEST C2-CoCo(LOUDS-Sparse)]
Processing dataset...
Done!
Building trie...
trie size: 2.382156 MB
Done!
build time: 2097.398662 ms (2097.398662 ns per key)
space cost: 8.575588 MB (53.296888% of original size 16.090223 MB)
Querying trie...
Done!
total time: 907.313096 ms, avg latency: 907.313096 ns
topology: 0.704411 MB, link: 2.913508 MB, data: 4.957669 MB
2097.398662,8.575588,907.313096
[PASSED]
[time 3.61 s, user 3.39 s, sys 0.19 s, maxrss 343712 KB]
[busy 633 jiffies]
[exit 0]
--- c2 case 1 rec 2   load 0.84 0.88 1.09
[TEST C2-CoCo(LOUDS-Sparse)]
Processing dataset...
Done!
Building trie...
trie size: 2.382156 MB
trie size: 0.519189 MB
Done!
build time: 1937.648584 ms (1937.648584 ns per key)
space cost: 8.575588 MB (53.296888% of original size 16.090223 MB)
Querying trie...
Done!
total time: 665.390888 ms, avg latency: 665.390888 ns
topology: 0.704411 MB, link: 2.913508 MB, data: 4.957669 MB
1937.648584,8.575588,665.390888
[PASSED]
[time 3.18 s, user 2.97 s, sys 0.19 s, maxrss 343676 KB]
[busy 395 jiffies]
[exit 0]
--- c2 case 2 rec 0   load 0.93 0.90 1.10
[TEST C2-MARISA]
Processing dataset...
Done!
Building trie...
trie size: 2.376703 MB
Done!
build time: 731.329279 ms (731.329279 ns per key)
space cost: 9.316646 MB (57.902525% of original size 16.090223 MB)
Querying trie...
Done!
total time: 324.998789 ms, avg latency: 324.998789 ns
topology: 0.787403 MB, link: 2.444094 MB, data: 6.064641 MB
--- Unary Path Analysis (Marisa, cutoff=3) ---
  branches: 1581104  |  single-char: 512959 (32.4%)  short-unary: 177539 (11.2%)  links: 890606 (56.3%)
  link len: avg=9.57  max=221  total_chars=8521548
  link length distribution (len:count):  3:117743  4:70413  5:118917  6:85174  7:37680  8:75877  9:57977  10:30193  11:47337  12:41279  13:18765  14:27062  15:25994  16:13620  17:18901  18:18001  19:8082  20:11948  21:10483  22:5017  23:8072  24:6695  25:3249  26:5099  27:4017  28:2164  29:3054  30:2749  31:1341  32:2116  33:1821  34:942  35:1314  36:1256  37:587  38:865  39:798  40:341  41:600  42:486  43:231  44:401  45:290  46:126  47:187  48:184  49:84  50:123  51:115  52:56  53:77  54:82  55:43  56:74  57:60  58:29  59:35  60:27  61:10  62:32  63:19  64:19  65:20  66:11  67:19  68:16  69:13  70:6  71:14  72:16  73:6  74:9  75:5  76:5  77:7  78:5  79:2  80:17  81:2  82:7  83:8  84:7  85:3  86:7  87:7  88:3  89:3  90:2  91:4  92:3  93:3  94:1  95:1  96:4  97:5  98:1  99:4  102:2  103:1  104:1  105:1  107:2  108:1  113:2  114:1  116:1  117:1  121:1  122:1  123:1  125:1  131:1  139:1  149:1  152:1  156:2  185:1  189:1  205:1  221:1
  short unary avg len: 2.00
731.329279,9.316646,324.998789
[PASSED]
[time 1.54 s, user 1.39 s, sys 0.14 s, maxrss 216460 KB]
[busy 164 jiffies]
[exit 0]
--- c2 case 2 rec 1   load 0.94 0.90 1.09
[TEST C2-MARISA]
Processing dataset...
Done!
Building trie...
trie size: 2.376703 MB
trie size: 3.200656 MB
Done!
build time: 947.314713 ms (947.314713 ns per key)
space cost: 7.215687 MB (44.845163% of original size 16.090223 MB)
Querying trie...
Done!
total time: 292.074483 ms, avg latency: 292.074483 ns
topology: 1.146584 MB, link: 2.476871 MB, data: 3.571725 MB
--- Unary Path Analysis (Marisa, cutoff=3) ---
  branches: 1581104  |  single-char: 512959 (32.4%)  short-unary: 177539 (11.2%)  links: 890606 (56.3%)
  link len: avg=9.57  max=221  total_chars=8521548
  link length distribution (len:count):  3:117743  4:70413  5:118917  6:85174  7:37680  8:75877  9:57977  10:30193  11:47337  12:41279  13:18765  14:27062  15:25994  16:13620  17:18901  18:18001  19:8082  20:11948  21:10483  22:5017  23:8072  24:6695  25:3249  26:5099  27:4017  28:2164  29:3054  30:2749  31:1341  32:2116  33:1821  34:942  35:1314  36:1256  37:587  38:865  39:798  40:341  41:600  42:486  43:231  44:401  45:290  46:126  47:187  48:184  49:84  50:123  51:115  52:56  53:77  54:82  55:43  56:74  57:60  58:29  59:35  60:27  61:10  62:32  63:19  64:19  65:20  66:11  67:19  68:16  69:13  70:6  71:14  72:16  73:6  74:9  75:5  76:5  77:7  78:5  79:2  80:17  81:2  82:7  83:8  84:7  85:3  86:7  87:7  88:3  89:3  90:2  91:4  92:3  93:3  94:1  95:1  96:4  97:5  98:1  99:4  102:2  103:1  104:1  105:1  107:2  108:1  113:2  114:1  116:1  117:1  121:1  122:1  123:1  125:1  131:1  139:1  149:1  152:1  156:2  185:1  189:1  205:1  221:1
  short unary avg len: 2.00
947.314713,7.215687,292.074483
[PASSED]
[time 1.73 s, user 1.58 s, sys 0.14 s, maxrss 216544 KB]
[busy 185 jiffies]
[exit 0]
--- c2 case 2 rec 2   load 0.94 0.90 1.09
[TEST C2-MARISA]
Processing dataset...
Done!
Building trie...
trie size: 2.376703 MB
trie size: 3.200656 MB
trie size: 0.643222 MB
Done!
build time: 1018.213568 ms (1018.213568 ns per key)
space cost: 7.215687 MB (44.845163% of original size 16.090223 MB)
Querying trie...
Done!
total time: 287.801121 ms, avg latency: 287.801121 ns
topology: 1.146584 MB, link: 2.476871 MB, data: 3.571725 MB
--- Unary Path Analysis (Marisa, cutoff=3) ---
  branches: 1581104  |  single-char: 512959 (32.4%)  short-unary: 177539 (11.2%)  links: 890606 (56.3%)
  link len: avg=9.57  max=221  total_chars=8521548
  link length distribution (len:count):  3:117743  4:70413  5:118917  6:85174  7:37680  8:75877  9:57977  10:30193  11:47337  12:41279  13:18765  14:27062  15:25994  16:13620  17:18901  18:18001  19:8082  20:11948  21:10483  22:5017  23:8072  24:6695  25:3249  26:5099  27:4017  28:2164  29:3054  30:2749  31:1341  32:2116  33:1821  34:942  35:1314  36:1256  37:587  38:865  39:798  40:341  41:600  42:486  43:231  44:401  45:290  46:126  47:187  48:184  49:84  50:123  51:115  52:56  53:77  54:82  55:43  56:74  57:60  58:29  59:35  60:27  61:10  62:32  63:19  64:19  65:20  66:11  67:19  68:16  69:13  70:6  71:14  72:16  73:6  74:9  75:5  76:5  77:7  78:5  79:2  80:17  81:2  82:7  83:8  84:7  85:3  86:7  87:7  88:3  89:3  90:2  91:4  92:3  93:3  94:1  95:1  96:4  97:5  98:1  99:4  102:2  103:1  104:1  105:1  107:2  108:1  113:2  114:1  116:1  117:1  121:1  122:1  123:1  125:1  131:1  139:1  149:1  152:1  156:2  185:1  189:1  205:1  221:1
  short unary avg len: 2.00
1018.213568,7.215687,287.801121
[PASSED]
[time 1.81 s, user 1.66 s, sys 0.14 s, maxrss 216544 KB]
[busy 190 jiffies]
[exit 0]
--- c2 case 3 rec 0   load 0.95 0.90 1.09
[TEST FST]
Processing dataset...
Done!
Building trie...
Done!
build time: 677.155277 ms (677.155277 ns per key)
space cost: 9.251146 MB (57.495450% of original size 16.090223 MB)
Querying trie...
Done!
total time: 631.280232 ms, avg latency: 631.280232 ns
not implemented
677.155277,9.251146,631.280232
[PASSED]
[time 1.80 s, user 1.71 s, sys 0.08 s, maxrss 110536 KB]
[busy 198 jiffies]
[exit 0]
--- c2 case 4 rec 0   load 0.95 0.90 1.09
terminate called after throwing an instance of 'std::runtime_error'
  what():  Sequence is not sorted
timeout: the monitored command dumped core
Command terminated by signal 6
[time 14.24 s, user 10.04 s, sys 4.08 s, maxrss 8764932 KB]
[busy 1503 jiffies]
[exit 134]
--- c2 case 5 rec 0   load 0.96 0.91 1.09
[TEST MARISA]
Processing dataset...
Done!
Building trie...
Done!
build time: 524.756575 ms (524.756575 ns per key)
space cost: 9.064179 MB (56.333459% of original size 16.090223 MB)
Querying trie...
Done!
total time: 461.632061 ms, avg latency: 461.632061 ns
not implemented
524.756575,9.064179,461.632061
[PASSED]
[time 1.48 s, user 1.36 s, sys 0.11 s, maxrss 182252 KB]
[busy 158 jiffies]
[exit 0]
--- c2 case 5 rec 1   load 0.96 0.91 1.09
[TEST MARISA]
Processing dataset...
Done!
Building trie...
Done!
build time: 641.206917 ms (641.206917 ns per key)
space cost: 6.703102 MB (41.659472% of original size 16.090223 MB)
Querying trie...
Done!
total time: 683.264037 ms, avg latency: 683.264037 ns
not implemented
641.206917,6.703102,683.264037
[PASSED]
[time 1.82 s, user 1.69 s, sys 0.12 s, maxrss 182340 KB]
[busy 199 jiffies]
[exit 0]
--- c2 case 5 rec 2   load 0.96 0.91 1.09
[TEST MARISA]
Processing dataset...
Done!
Building trie...
Done!
build time: 668.823388 ms (668.823388 ns per key)
space cost: 6.233802 MB (38.742793% of original size 16.090223 MB)
Querying trie...
Done!
total time: 779.142027 ms, avg latency: 779.142027 ns
not implemented
668.823388,6.233802,779.142027
[PASSED]
[time 1.92 s, user 1.80 s, sys 0.11 s, maxrss 182316 KB]
[busy 214 jiffies]
[exit 0]
--- c2 case 6 rec 0   load 0.96 0.91 1.09
[TEST PDT]
Processing dataset...
Done!
Building trie...
dict size: 161960, stream size: 6363323
Done!
build time: 3219.996234 ms (3219.996234 ns per key)
space cost: 7.499054 MB (46.606276% of original size 16.090223 MB)
Querying trie...
Done!
total time: 621.192974 ms, avg latency: 621.192974 ns
not implemented
3219.996234,7.499054,621.192974
[PASSED]
[time 4.35 s, user 4.24 s, sys 0.09 s, maxrss 166628 KB]
[busy 484 jiffies]
[exit 0]
--- c2 case 7 rec 0   load 0.97 0.91 1.09
[TEST ART]
Processing dataset...
Done!
Building trie...
Done!
build time: 134.024129 ms (134.024129 ns per key)
space cost: 33.565483 MB (208.607938% of original size 16.090223 MB)
Querying trie...
Done!
total time: 343.102483 ms, avg latency: 343.102483 ns
not implemented
134.024129,33.565483,343.102483
[PASSED]
[time 0.98 s, user 0.88 s, sys 0.09 s, maxrss 155908 KB]
[busy 105 jiffies]
[exit 0]
--- c2 case 8 rec 0   load 0.89 0.90 1.08
[TEST CART]
Processing dataset...
Done!
Building trie...
Done!
build time: 192.370843 ms (192.370843 ns per key)
space cost: 15.100161 MB (93.846806% of original size 16.090223 MB)
Querying trie...
Done!
total time: 461.108127 ms, avg latency: 461.108127 ns
not implemented
192.370843,15.100161,461.108127
[PASSED]
[time 1.18 s, user 1.08 s, sys 0.09 s, maxrss 146832 KB]
[busy 147 jiffies]
[exit 0]
--- xcdat 7   load 0.89 0.90 1.08
build time: 565.637886 ms
space cost: 11.666194 MiB (72.504860% of original size 16.090223 MiB)
avg latency: 247.178727 ns
565.637886,11.666194,247.178727
[time 1.34 s, user 1.23 s, sys 0.10 s, maxrss 148036 KB]
[busy 154 jiffies]
[exit 0]
--- xcdat 8   load 1.22 0.97 1.10
build time: 524.850382 ms
space cost: 11.129195 MiB (69.167438% of original size 16.090223 MiB)
avg latency: 217.958122 ns
524.850382,11.129195,217.958122
[time 1.28 s, user 1.17 s, sys 0.10 s, maxrss 147880 KB]
[busy 146 jiffies]
[exit 0]
--- xcdat 15   load 1.22 0.97 1.10
build time: 600.343369 ms
space cost: 12.949578 MiB (80.481035% of original size 16.090223 MiB)
avg latency: 268.903676 ns
600.343369,12.949578,268.903676
[time 1.43 s, user 1.31 s, sys 0.11 s, maxrss 148464 KB]
[busy 285 jiffies]
[exit 0]
--- xcdat 16   load 1.33 1.00 1.11
build time: 552.559737 ms
space cost: 13.463712 MiB (83.676351% of original size 16.090223 MiB)
avg latency: 217.038313 ns
552.559737,13.463712,217.038313
[time 1.32 s, user 1.20 s, sys 0.11 s, maxrss 149368 KB]
[busy 212 jiffies]
[exit 0]

##### urls-1000000 (1000000 lines, 53361181 bytes)   round 1/3   2026-09-19T11:56:16+03:00
--- lexindex dict32   load 1.33 1.00 1.11
1000000 keys
lexindex DictIndex block 32: build 470 ms, size 8.445 MiB (8.856 B/key), latency cold 519.1 ns, then mean 500.2 / min 481.2 ns
470.494,8.445328,519.118
[time 3.09 s, user 6.08 s, sys 0.43 s, maxrss 356848 KB]
[busy 757 jiffies]
[exit 0]
--- lexindex dict256   load 1.39 1.02 1.12
1000000 keys
lexindex DictIndex block 256: build 466 ms, size 7.186 MiB (7.535 B/key), latency cold 519.2 ns, then mean 530.5 / min 524.8 ns
465.830,7.185664,519.173
[time 3.20 s, user 6.23 s, sys 0.41 s, maxrss 357144 KB]
[busy 744 jiffies]
[exit 0]
--- lexindex dict1024   load 1.36 1.02 1.12
1000000 keys
lexindex DictIndex block 1024: build 520 ms, size 6.944 MiB (7.281 B/key), latency cold 588.8 ns, then mean 566.9 / min 556.5 ns
519.858,6.943998,588.757
[time 3.44 s, user 5.35 s, sys 0.36 s, maxrss 374656 KB]
[busy 661 jiffies]
[exit 0]
--- lexindex string   load 1.33 1.02 1.12
1000000 keys
lexindex StringIndex: build 1199 ms, size 16.099 MiB (16.881 B/key), latency cold 632.4 ns, then mean 771.1 / min 669.8 ns
1198.575,16.099341,632.423
[time 4.76 s, user 4.61 s, sys 0.12 s, maxrss 219804 KB]
[busy 649 jiffies]
[exit 0]
--- c2 case 0 rec 0   load 1.38 1.03 1.12
[TEST C2-FST]
Processing dataset...
Done!
Building trie...
Done!
build time: 1484.720160 ms (1484.720160 ns per key)
space cost: 11.640069 MB (23.310202% of original size 49.935513 MB)
Querying trie...
Done!
total time: 1014.712568 ms, avg latency: 1014.712568 ns
topology: 1.074997 MB, link: 2.347375 MB, data: 8.217697 MB
--- Unary Path Analysis (FST, cutoff=4) ---
  shared unary steps in main trie: 711966
  terminal suffixes: inplace=143732 (avg len=2.14)  links=800966 (84.8% of terminal)
  link len: avg=13.15  max=596  total_chars=10531952
  link length distribution (len:count):  4:63058  5:62039  6:59659  7:54131  8:47449  9:44821  10:40952  11:37727  12:34320  13:30594  14:29226  15:26885  16:26206  17:21450  18:19914  19:21120  20:19131  21:16702  22:14529  23:13405  24:12440  25:10970  26:9615  27:8669  28:7752  29:7002  30:6267  31:5704  32:4931  33:4493  34:4087  35:3562  36:3323  37:3007  38:2533  39:2401  40:2145  41:1856  42:1793  43:1565  44:1379  45:1246  46:1005  47:985  48:849  49:826  50:642  51:609  52:482  53:442  54:385  55:389  56:339  57:263  58:263  59:238  60:228  61:217  62:184  63:166  64:151  65:119  66:125  67:156  68:131  69:105  70:94  71:74  72:74  73:77  74:67  75:66  76:74  77:39  78:49  79:44  80:45  81:42  82:48  83:36  84:31  85:34  86:39  87:18  88:23  89:15  90:18  91:31  92:24  93:20  94:16  95:16  96:16  97:12  98:16  99:14  100:17  101:16  102:2  103:18  104:4  105:3  106:10  107:11  108:9  109:19  110:13  111:7  112:6  113:5  114:3  115:8  116:5  117:6  118:7  119:10  120:11  121:9  122:10  123:8  124:9  125:7  126:5  127:7  128:18  129:5  130:4  131:10  132:3  133:4  134:4  135:4  136:3  137:4  139:2  140:3  141:2  142:2  143:4  144:7  145:1  146:5  147:5  148:1  149:4  150:4  152:1  153:6  154:3  155:1  156:2  157:1  158:1  159:1  161:2  162:1  163:2  164:1  165:1  166:1  167:3  168:3  170:1  174:1  177:2  180:3  182:2  183:1  184:2  188:1  189:3  190:1  191:1  192:1  193:1  194:1  195:2  199:1  202:2  204:2  206:1  207:1  209:2  211:1  213:1  215:2  219:1  220:1  222:1  224:1  225:1  226:1  229:1  233:1  236:1  238:2  240:1  241:1  246:1  247:1  249:1  252:1  254:1  256:1  260:1  264:1  271:1  311:1  337:1  383:1  506:1  597:1
1484.720160,11.640069,1014.712568
[PASSED]
[time 3.46 s, user 3.27 s, sys 0.17 s, maxrss 231328 KB]
[busy 581 jiffies]
[exit 0]
--- c2 case 0 rec 1   load 1.35 1.03 1.12
[TEST C2-FST]
Processing dataset...
Done!
Building trie...
trie size: 3.124794 MB
Done!
build time: 1895.443406 ms (1895.443406 ns per key)
space cost: 9.773470 MB (19.572183% of original size 49.935513 MB)
Querying trie...
Done!
total time: 1245.196860 ms, avg latency: 1245.196860 ns
topology: 1.480076 MB, link: 2.557474 MB, data: 5.735920 MB
--- Unary Path Analysis (FST, cutoff=4) ---
  shared unary steps in main trie: 711966
  terminal suffixes: inplace=143732 (avg len=2.14)  links=800966 (84.8% of terminal)
  link len: avg=13.15  max=596  total_chars=10531952
  link length distribution (len:count):  4:63058  5:62039  6:59659  7:54131  8:47449  9:44821  10:40952  11:37727  12:34320  13:30594  14:29226  15:26885  16:26206  17:21450  18:19914  19:21120  20:19131  21:16702  22:14529  23:13405  24:12440  25:10970  26:9615  27:8669  28:7752  29:7002  30:6267  31:5704  32:4931  33:4493  34:4087  35:3562  36:3323  37:3007  38:2533  39:2401  40:2145  41:1856  42:1793  43:1565  44:1379  45:1246  46:1005  47:985  48:849  49:826  50:642  51:609  52:482  53:442  54:385  55:389  56:339  57:263  58:263  59:238  60:228  61:217  62:184  63:166  64:151  65:119  66:125  67:156  68:131  69:105  70:94  71:74  72:74  73:77  74:67  75:66  76:74  77:39  78:49  79:44  80:45  81:42  82:48  83:36  84:31  85:34  86:39  87:18  88:23  89:15  90:18  91:31  92:24  93:20  94:16  95:16  96:16  97:12  98:16  99:14  100:17  101:16  102:2  103:18  104:4  105:3  106:10  107:11  108:9  109:19  110:13  111:7  112:6  113:5  114:3  115:8  116:5  117:6  118:7  119:10  120:11  121:9  122:10  123:8  124:9  125:7  126:5  127:7  128:18  129:5  130:4  131:10  132:3  133:4  134:4  135:4  136:3  137:4  139:2  140:3  141:2  142:2  143:4  144:7  145:1  146:5  147:5  148:1  149:4  150:4  152:1  153:6  154:3  155:1  156:2  157:1  158:1  159:1  161:2  162:1  163:2  164:1  165:1  166:1  167:3  168:3  170:1  174:1  177:2  180:3  182:2  183:1  184:2  188:1  189:3  190:1  191:1  192:1  193:1  194:1  195:2  199:1  202:2  204:2  206:1  207:1  209:2  211:1  213:1  215:2  219:1  220:1  222:1  224:1  225:1  226:1  229:1  233:1  236:1  238:2  240:1  241:1  246:1  247:1  249:1  252:1  254:1  256:1  260:1  264:1  271:1  311:1  337:1  383:1  506:1  597:1
1895.443406,9.773470,1245.196860
[PASSED]
[time 4.09 s, user 3.88 s, sys 0.19 s, maxrss 228340 KB]
[busy 706 jiffies]
[exit 0]
--- c2 case 0 rec 2   load 1.40 1.05 1.13
[TEST C2-FST]
Processing dataset...
Done!
Building trie...
trie size: 3.124794 MB
trie size: 0.926831 MB
Done!
build time: 2045.956424 ms (2045.956424 ns per key)
space cost: 9.773470 MB (19.572183% of original size 49.935513 MB)
Querying trie...
Done!
total time: 1229.445377 ms, avg latency: 1229.445377 ns
topology: 1.480076 MB, link: 2.557474 MB, data: 5.735920 MB
--- Unary Path Analysis (FST, cutoff=4) ---
  shared unary steps in main trie: 711966
  terminal suffixes: inplace=143732 (avg len=2.14)  links=800966 (84.8% of terminal)
  link len: avg=13.15  max=596  total_chars=10531952
  link length distribution (len:count):  4:63058  5:62039  6:59659  7:54131  8:47449  9:44821  10:40952  11:37727  12:34320  13:30594  14:29226  15:26885  16:26206  17:21450  18:19914  19:21120  20:19131  21:16702  22:14529  23:13405  24:12440  25:10970  26:9615  27:8669  28:7752  29:7002  30:6267  31:5704  32:4931  33:4493  34:4087  35:3562  36:3323  37:3007  38:2533  39:2401  40:2145  41:1856  42:1793  43:1565  44:1379  45:1246  46:1005  47:985  48:849  49:826  50:642  51:609  52:482  53:442  54:385  55:389  56:339  57:263  58:263  59:238  60:228  61:217  62:184  63:166  64:151  65:119  66:125  67:156  68:131  69:105  70:94  71:74  72:74  73:77  74:67  75:66  76:74  77:39  78:49  79:44  80:45  81:42  82:48  83:36  84:31  85:34  86:39  87:18  88:23  89:15  90:18  91:31  92:24  93:20  94:16  95:16  96:16  97:12  98:16  99:14  100:17  101:16  102:2  103:18  104:4  105:3  106:10  107:11  108:9  109:19  110:13  111:7  112:6  113:5  114:3  115:8  116:5  117:6  118:7  119:10  120:11  121:9  122:10  123:8  124:9  125:7  126:5  127:7  128:18  129:5  130:4  131:10  132:3  133:4  134:4  135:4  136:3  137:4  139:2  140:3  141:2  142:2  143:4  144:7  145:1  146:5  147:5  148:1  149:4  150:4  152:1  153:6  154:3  155:1  156:2  157:1  158:1  159:1  161:2  162:1  163:2  164:1  165:1  166:1  167:3  168:3  170:1  174:1  177:2  180:3  182:2  183:1  184:2  188:1  189:3  190:1  191:1  192:1  193:1  194:1  195:2  199:1  202:2  204:2  206:1  207:1  209:2  211:1  213:1  215:2  219:1  220:1  222:1  224:1  225:1  226:1  229:1  233:1  236:1  238:2  240:1  241:1  246:1  247:1  249:1  252:1  254:1  256:1  260:1  264:1  271:1  311:1  337:1  383:1  506:1  597:1
2045.956424,9.773470,1229.445377
[PASSED]
[time 4.21 s, user 4.00 s, sys 0.19 s, maxrss 228272 KB]
[busy 718 jiffies]
[exit 0]
--- c2 case 1 rec 0   load 1.45 1.06 1.13
[TEST C2-CoCo(LOUDS-Sparse)]
Processing dataset...
Done!
Building trie...
Done!
build time: 2844.289377 ms (2844.289377 ns per key)
space cost: 12.005466 MB (24.041940% of original size 49.935513 MB)
Querying trie...
Done!
total time: 1162.722061 ms, avg latency: 1162.722061 ns
topology: 0.422745 MB, link: 3.209543 MB, data: 8.373178 MB
2844.289377,12.005466,1162.722061
[PASSED]
[time 4.93 s, user 4.65 s, sys 0.25 s, maxrss 408008 KB]
[busy 806 jiffies]
[exit 0]
--- c2 case 1 rec 1   load 1.50 1.08 1.14
[TEST C2-CoCo(LOUDS-Sparse)]
Processing dataset...
Done!
Building trie...
trie size: 3.124794 MB
Done!
build time: 3269.757653 ms (3269.757653 ns per key)
space cost: 10.138867 MB (20.303920% of original size 49.935513 MB)
Querying trie...
Done!
total time: 1395.175383 ms, avg latency: 1395.175383 ns
topology: 0.827824 MB, link: 3.419642 MB, data: 5.891401 MB
3269.757653,10.138867,1395.175383
[PASSED]
[time 5.62 s, user 5.32 s, sys 0.27 s, maxrss 398312 KB]
[busy 943 jiffies]
[exit 0]
--- c2 case 1 rec 2   load 1.41 1.08 1.13
[TEST C2-CoCo(LOUDS-Sparse)]
Processing dataset...
Done!
Building trie...
trie size: 3.124794 MB
trie size: 0.926831 MB
Done!
build time: 3461.736639 ms (3461.736639 ns per key)
space cost: 10.138867 MB (20.303920% of original size 49.935513 MB)
Querying trie...
Done!
total time: 1380.560517 ms, avg latency: 1380.560517 ns
topology: 0.827824 MB, link: 3.419642 MB, data: 5.891401 MB
3461.736639,10.138867,1380.560517
[PASSED]
[time 5.80 s, user 5.50 s, sys 0.26 s, maxrss 397840 KB]
[busy 999 jiffies]
[exit 0]
--- c2 case 2 rec 0   load 1.46 1.09 1.14
[TEST C2-MARISA]
Processing dataset...
Done!
Building trie...
trie size: 2.244002 MB
Done!
build time: 1428.933737 ms (1428.933737 ns per key)
space cost: 10.960715 MB (21.949740% of original size 49.935513 MB)
Querying trie...
Done!
total time: 642.382997 ms, avg latency: 642.382997 ns
topology: 0.743214 MB, link: 2.809175 MB, data: 7.387818 MB
--- Unary Path Analysis (Marisa, cutoff=3) ---
  branches: 1527762  |  single-char: 409800 (26.8%)  short-unary: 94203 (6.2%)  links: 1023759 (67.0%)
  link len: avg=12.97  max=598  total_chars=13282609
  link length distribution (len:count):  3:78091  4:83418  5:77115  6:71727  7:67342  8:60401  9:52007  10:48612  11:43341  12:39688  13:35797  14:31899  15:30173  16:27648  17:26857  18:22212  19:20563  20:21642  21:19617  22:17114  23:14842  24:13684  25:12695  26:11175  27:9829  28:8848  29:7935  30:7132  31:6445  32:5847  33:5055  34:4589  35:4148  36:3637  37:3382  38:3086  39:2567  40:2441  41:2168  42:1886  43:1827  44:1585  45:1405  46:1260  47:1016  48:995  49:861  50:844  51:650  52:616  53:486  54:450  55:392  56:393  57:345  58:266  59:265  60:240  61:230  62:219  63:185  64:166  65:151  66:119  67:125  68:158  69:131  70:105  71:94  72:74  73:75  74:77  75:68  76:66  77:74  78:40  79:49  80:44  81:45  82:43  83:48  84:36  85:31  86:35  87:40  88:19  89:24  90:15  91:18  92:31  93:24  94:20  95:16  96:16  97:16  98:12  99:16  100:14  101:17  102:16  103:2  104:18  105:4  106:3  107:10  108:11  109:9  110:19  111:13  112:7  113:6  114:5  115:3  116:8  117:5  118:6  119:8  120:10  121:11  122:9  123:10  124:8  125:9  126:7  127:5  128:7  129:18  130:5  131:4  132:10  133:3  134:4  135:4  136:4  137:4  138:4  140:2  141:3  142:2  143:2  144:4  145:7  146:1  147:5  148:5  149:1  150:4  151:4  153:1  154:6  155:3  156:1  157:2  158:1  159:1  160:1  162:2  163:1  164:2  165:1  166:1  167:1  168:3  169:3  171:1  175:1  178:2  181:3  183:2  184:1  185:2  189:1  190:3  191:1  192:1  193:1  194:1  195:1  196:2  200:1  203:2  205:2  207:1  208:1  210:2  212:1  214:1  216:2  220:1  221:1  223:1  225:1  226:1  227:1  230:1  234:1  237:1  239:2  241:1  242:1  247:1  248:1  250:1  253:1  255:1  257:1  261:1  265:1  272:1  312:1  338:1  384:1  507:1  598:1
  short unary avg len: 2.00
1428.933737,10.960715,642.382997
[PASSED]
[time 3.01 s, user 2.80 s, sys 0.19 s, maxrss 246992 KB]
[busy 511 jiffies]
[exit 0]
--- c2 case 2 rec 1   load 1.50 1.11 1.14
[TEST C2-MARISA]
Processing dataset...
Done!
Building trie...
trie size: 2.244002 MB
trie size: 3.864603 MB
Done!
build time: 1922.904625 ms (1922.904625 ns per key)
space cost: 8.779989 MB (17.582655% of original size 49.935513 MB)
Querying trie...
Done!
total time: 874.332643 ms, avg latency: 874.332643 ns
topology: 1.217873 MB, link: 3.069385 MB, data: 4.472224 MB
--- Unary Path Analysis (Marisa, cutoff=3) ---
  branches: 1527762  |  single-char: 409800 (26.8%)  short-unary: 94203 (6.2%)  links: 1023759 (67.0%)
  link len: avg=12.97  max=598  total_chars=13282609
  link length distribution (len:count):  3:78091  4:83418  5:77115  6:71727  7:67342  8:60401  9:52007  10:48612  11:43341  12:39688  13:35797  14:31899  15:30173  16:27648  17:26857  18:22212  19:20563  20:21642  21:19617  22:17114  23:14842  24:13684  25:12695  26:11175  27:9829  28:8848  29:7935  30:7132  31:6445  32:5847  33:5055  34:4589  35:4148  36:3637  37:3382  38:3086  39:2567  40:2441  41:2168  42:1886  43:1827  44:1585  45:1405  46:1260  47:1016  48:995  49:861  50:844  51:650  52:616  53:486  54:450  55:392  56:393  57:345  58:266  59:265  60:240  61:230  62:219  63:185  64:166  65:151  66:119  67:125  68:158  69:131  70:105  71:94  72:74  73:75  74:77  75:68  76:66  77:74  78:40  79:49  80:44  81:45  82:43  83:48  84:36  85:31  86:35  87:40  88:19  89:24  90:15  91:18  92:31  93:24  94:20  95:16  96:16  97:16  98:12  99:16  100:14  101:17  102:16  103:2  104:18  105:4  106:3  107:10  108:11  109:9  110:19  111:13  112:7  113:6  114:5  115:3  116:8  117:5  118:6  119:8  120:10  121:11  122:9  123:10  124:8  125:9  126:7  127:5  128:7  129:18  130:5  131:4  132:10  133:3  134:4  135:4  136:4  137:4  138:4  140:2  141:3  142:2  143:2  144:4  145:7  146:1  147:5  148:5  149:1  150:4  151:4  153:1  154:6  155:3  156:1  157:2  158:1  159:1  160:1  162:2  163:1  164:2  165:1  166:1  167:1  168:3  169:3  171:1  175:1  178:2  181:3  183:2  184:1  185:2  189:1  190:3  191:1  192:1  193:1  194:1  195:1  196:2  200:1  203:2  205:2  207:1  208:1  210:2  212:1  214:1  216:2  220:1  221:1  223:1  225:1  226:1  227:1  230:1  234:1  237:1  239:2  241:1  242:1  247:1  248:1  250:1  253:1  255:1  257:1  261:1  265:1  272:1  312:1  338:1  384:1  507:1  598:1
  short unary avg len: 2.00
1922.904625,8.779989,874.332643
[PASSED]
[time 3.76 s, user 3.52 s, sys 0.22 s, maxrss 242136 KB]
[busy 632 jiffies]
[exit 0]
--- c2 case 2 rec 2   load 1.38 1.09 1.14
[TEST C2-MARISA]
Processing dataset...
Done!
Building trie...
trie size: 2.244002 MB
trie size: 3.864603 MB
trie size: 1.068947 MB
Done!
build time: 2104.481744 ms (2104.481744 ns per key)
space cost: 8.365690 MB (16.752987% of original size 49.935513 MB)
Querying trie...
Done!
total time: 990.527966 ms, avg latency: 990.527966 ns
topology: 1.410183 MB, link: 3.158367 MB, data: 3.776632 MB
--- Unary Path Analysis (Marisa, cutoff=3) ---
  branches: 1527762  |  single-char: 409800 (26.8%)  short-unary: 94203 (6.2%)  links: 1023759 (67.0%)
  link len: avg=12.97  max=598  total_chars=13282609
  link length distribution (len:count):  3:78091  4:83418  5:77115  6:71727  7:67342  8:60401  9:52007  10:48612  11:43341  12:39688  13:35797  14:31899  15:30173  16:27648  17:26857  18:22212  19:20563  20:21642  21:19617  22:17114  23:14842  24:13684  25:12695  26:11175  27:9829  28:8848  29:7935  30:7132  31:6445  32:5847  33:5055  34:4589  35:4148  36:3637  37:3382  38:3086  39:2567  40:2441  41:2168  42:1886  43:1827  44:1585  45:1405  46:1260  47:1016  48:995  49:861  50:844  51:650  52:616  53:486  54:450  55:392  56:393  57:345  58:266  59:265  60:240  61:230  62:219  63:185  64:166  65:151  66:119  67:125  68:158  69:131  70:105  71:94  72:74  73:75  74:77  75:68  76:66  77:74  78:40  79:49  80:44  81:45  82:43  83:48  84:36  85:31  86:35  87:40  88:19  89:24  90:15  91:18  92:31  93:24  94:20  95:16  96:16  97:16  98:12  99:16  100:14  101:17  102:16  103:2  104:18  105:4  106:3  107:10  108:11  109:9  110:19  111:13  112:7  113:6  114:5  115:3  116:8  117:5  118:6  119:8  120:10  121:11  122:9  123:10  124:8  125:9  126:7  127:5  128:7  129:18  130:5  131:4  132:10  133:3  134:4  135:4  136:4  137:4  138:4  140:2  141:3  142:2  143:2  144:4  145:7  146:1  147:5  148:5  149:1  150:4  151:4  153:1  154:6  155:3  156:1  157:2  158:1  159:1  160:1  162:2  163:1  164:2  165:1  166:1  167:1  168:3  169:3  171:1  175:1  178:2  181:3  183:2  184:1  185:2  189:1  190:3  191:1  192:1  193:1  194:1  195:1  196:2  200:1  203:2  205:2  207:1  208:1  210:2  212:1  214:1  216:2  220:1  221:1  223:1  225:1  226:1  227:1  230:1  234:1  237:1  239:2  241:1  242:1  247:1  248:1  250:1  253:1  255:1  257:1  261:1  265:1  272:1  312:1  338:1  384:1  507:1  598:1
  short unary avg len: 2.00
2104.481744,8.365690,990.527966
[PASSED]
[time 4.07 s, user 3.84 s, sys 0.20 s, maxrss 242312 KB]
[busy 683 jiffies]
[exit 0]
--- c2 case 3 rec 0   load 1.27 1.07 1.13
[TEST FST]
Processing dataset...
Done!
Building trie...
Done!
build time: 1592.733496 ms (1592.733496 ns per key)
space cost: 12.952020 MB (25.937492% of original size 49.935513 MB)
Querying trie...
Done!
total time: 1447.262293 ms, avg latency: 1447.262293 ns
not implemented
1592.733496,12.952020,1447.262293
[PASSED]
[time 4.00 s, user 3.85 s, sys 0.13 s, maxrss 215156 KB]
[busy 650 jiffies]
[exit 0]
--- c2 case 4 rec 0   load 1.25 1.07 1.13
[TEST COCO]
Processing dataset...
Done!
Building trie...
num nodes = 618926, average depth = 10.757375
ef = 0.000126, pa = 0.112513, bv = 0.000294, de = 0.664175
efr = 0.000805, par = 0.102747, bvr = 0.000005, der = 0.119336
Done!
build time: 34761.535418 ms (34761.535418 ns per key)
space cost: 17.219774 MB (34.484023% of original size 49.935513 MB)
Querying trie...
Done!
total time: 1788.543713 ms, avg latency: 1788.543713 ns
not implemented
34761.535418,17.219774,1788.543713
[PASSED]
[time 38.73 s, user 31.11 s, sys 7.43 s, maxrss 15528636 KB]
[busy 6381 jiffies]
[exit 0]
--- c2 case 5 rec 0   load 1.24 1.09 1.13
[TEST MARISA]
Processing dataset...
Done!
Building trie...
Done!
build time: 1196.820514 ms (1196.820514 ns per key)
space cost: 13.234698 MB (26.503579% of original size 49.935513 MB)
Querying trie...
Done!
total time: 765.779353 ms, avg latency: 765.779353 ns
not implemented
1196.820514,13.234698,765.779353
[PASSED]
[time 2.89 s, user 2.70 s, sys 0.17 s, maxrss 267888 KB]
[busy 488 jiffies]
[exit 0]
--- c2 case 5 rec 1   load 1.24 1.09 1.13
[TEST MARISA]
Processing dataset...
Done!
Building trie...
Done!
build time: 1433.010459 ms (1433.010459 ns per key)
space cost: 8.973619 MB (17.970414% of original size 49.935513 MB)
Querying trie...
Done!
total time: 1169.045223 ms, avg latency: 1169.045223 ns
not implemented
1433.010459,8.973619,1169.045223
[PASSED]
[time 3.53 s, user 3.31 s, sys 0.19 s, maxrss 268108 KB]
[busy 594 jiffies]
[exit 0]
--- c2 case 5 rec 2   load 1.22 1.09 1.13
[TEST MARISA]
Processing dataset...
Done!
Building trie...
Done!
build time: 1481.737314 ms (1481.737314 ns per key)
space cost: 8.005336 MB (16.031348% of original size 49.935513 MB)
Querying trie...
Done!
total time: 1352.722989 ms, avg latency: 1352.722989 ns
not implemented
1481.737314,8.005336,1352.722989
[PASSED]
[time 3.75 s, user 3.56 s, sys 0.17 s, maxrss 268172 KB]
[busy 627 jiffies]
[exit 0]
--- c2 case 6 rec 0   load 1.28 1.10 1.14
[TEST PDT]
Processing dataset...
Done!
Building trie...
dict size: 156062, stream size: 7596722
Done!
build time: 4203.460114 ms (4203.460114 ns per key)
space cost: 8.669690 MB (17.361772% of original size 49.935513 MB)
Querying trie...
Done!
total time: 884.899152 ms, avg latency: 884.899152 ns
not implemented
4203.460114,8.669690,884.899152
[PASSED]
[time 6.03 s, user 5.80 s, sys 0.19 s, maxrss 298876 KB]
[busy 1026 jiffies]
[exit 0]
--- c2 case 7 rec 0   load 1.63 1.18 1.16
[TEST ART]
Processing dataset...
Done!
Building trie...
Done!
build time: 357.357883 ms (357.357883 ns per key)
space cost: 32.934517 MB (65.954097% of original size 49.935513 MB)
Querying trie...
Done!
total time: 761.331714 ms, avg latency: 761.331714 ns
not implemented
357.357883,32.934517,761.331714
[PASSED]
[time 2.09 s, user 1.91 s, sys 0.16 s, maxrss 290924 KB]
[busy 351 jiffies]
[exit 0]
--- c2 case 8 rec 0   load 1.63 1.18 1.16
[TEST CART]
Processing dataset...
Done!
Building trie...
Done!
build time: 415.282304 ms (415.282304 ns per key)
space cost: 15.060642 MB (30.160183% of original size 49.935513 MB)
Querying trie...
Done!
total time: 779.503526 ms, avg latency: 779.503526 ns
not implemented
415.282304,15.060642,779.503526
[PASSED]
[time 2.17 s, user 1.98 s, sys 0.17 s, maxrss 278244 KB]
[busy 367 jiffies]
[exit 0]
--- xcdat 7   load 1.58 1.18 1.16
build time: 1411.010503 ms
space cost: 15.639350 MiB (31.319093% of original size 49.935513 MiB)
avg latency: 582.804498 ns
1411.010503,15.639350,582.804498
[time 2.95 s, user 2.75 s, sys 0.19 s, maxrss 230936 KB]
[busy 497 jiffies]
[exit 0]
--- xcdat 8   load 1.54 1.18 1.16
build time: 1377.219337 ms
space cost: 15.165496 MiB (30.370161% of original size 49.935513 MiB)
avg latency: 532.408726 ns
1377.219337,15.165496,532.408726
[time 2.86 s, user 2.66 s, sys 0.17 s, maxrss 231220 KB]
[busy 481 jiffies]
[exit 0]
--- xcdat 15   load 1.41 1.16 1.16
build time: 1402.277861 ms
space cost: 17.302892 MiB (34.650473% of original size 49.935513 MiB)
avg latency: 515.584908 ns
1402.277861,17.302892,515.584908
[time 2.87 s, user 2.68 s, sys 0.17 s, maxrss 231016 KB]
[busy 485 jiffies]
[exit 0]
--- xcdat 16   load 1.41 1.16 1.16
build time: 1372.368400 ms
space cost: 17.859698 MiB (35.765524% of original size 49.935513 MiB)
avg latency: 567.527737 ns
1372.368400,17.859698,567.527737
[time 2.89 s, user 2.71 s, sys 0.16 s, maxrss 231228 KB]
[busy 486 jiffies]
[exit 0]

##### uuid-1000000 (1000000 lines, 37000000 bytes)   round 1/3   2026-09-19T11:58:51+03:00
--- lexindex dict32   load 1.38 1.15 1.15
1000000 keys
lexindex DictIndex block 32: build 287 ms, size 17.794 MiB (18.658 B/key), latency cold 610.1 ns, then mean 597.9 / min 597.3 ns
287.152,17.793509,610.132
[time 3.30 s, user 4.33 s, sys 0.41 s, maxrss 293460 KB]
[busy 695 jiffies]
[exit 0]
--- lexindex dict256   load 1.35 1.15 1.15
1000000 keys
lexindex DictIndex block 256: build 291 ms, size 17.227 MiB (18.064 B/key), latency cold 547.4 ns, then mean 539.9 / min 538.8 ns
291.036,17.226997,547.428
[time 3.06 s, user 3.99 s, sys 0.43 s, maxrss 287660 KB]
[busy 661 jiffies]
[exit 0]
--- lexindex dict1024   load 1.32 1.15 1.15
1000000 keys
lexindex DictIndex block 1024: build 292 ms, size 17.072 MiB (17.902 B/key), latency cold 621.2 ns, then mean 606.2 / min 605.4 ns
291.654,17.072439,621.188
[time 3.32 s, user 3.81 s, sys 0.27 s, maxrss 243000 KB]
[busy 642 jiffies]
[exit 0]
--- lexindex string   load 1.21 1.13 1.15
1000000 keys
lexindex StringIndex: build 2740 ms, size 35.389 MiB (37.108 B/key), latency cold 701.0 ns, then mean 701.3 / min 698.4 ns
2739.859,35.389391,701.024
[time 6.13 s, user 5.98 s, sys 0.12 s, maxrss 198756 KB]
[busy 1005 jiffies]
[exit 0]
--- c2 case 0 rec 0   load 1.36 1.16 1.16
[TEST C2-FST]
Processing dataset...
Done!
Building trie...
Done!
build time: 1330.724447 ms (1330.724447 ns per key)
space cost: 22.510774 MB (65.567381% of original size 34.332275 MB)
Querying trie...
Done!
total time: 564.354544 ms, avg latency: 564.354544 ns
topology: 0.773712 MB, link: 3.131501 MB, data: 18.605560 MB
--- Unary Path Analysis (FST, cutoff=4) ---
  shared unary steps in main trie: 13682
  terminal suffixes: inplace=0 (avg len=0.00)  links=1000000 (100.0% of terminal)
  link len: avg=29.32  max=30  total_chars=29323284
  link length distribution (len:count):  24:2  25:10  26:206  28:3376  29:54458  30:556568  31:385380
1330.724447,22.510774,564.354544
[PASSED]
[time 2.74 s, user 2.51 s, sys 0.20 s, maxrss 311956 KB]
[busy 457 jiffies]
[exit 0]
--- c2 case 0 rec 1   load 1.49 1.19 1.17
[TEST C2-FST]
Processing dataset...
Done!
Building trie...
trie size: 4.445807 MB
Done!
build time: 2496.569296 ms (2496.569296 ns per key)
space cost: 22.510774 MB (65.567381% of original size 34.332275 MB)
Querying trie...
Done!
total time: 565.920456 ms, avg latency: 565.920456 ns
topology: 0.773712 MB, link: 3.131501 MB, data: 18.605560 MB
--- Unary Path Analysis (FST, cutoff=4) ---
  shared unary steps in main trie: 13682
  terminal suffixes: inplace=0 (avg len=0.00)  links=1000000 (100.0% of terminal)
  link len: avg=29.32  max=30  total_chars=29323284
  link length distribution (len:count):  24:2  25:10  26:206  28:3376  29:54458  30:556568  31:385380
2496.569296,22.510774,565.920456
[PASSED]
[time 3.90 s, user 3.67 s, sys 0.21 s, maxrss 361512 KB]
[busy 659 jiffies]
[exit 0]
--- c2 case 0 rec 2   load 1.61 1.22 1.18
[TEST C2-FST]
Processing dataset...
Done!
Building trie...
trie size: 4.445807 MB
Done!
build time: 2494.502762 ms (2494.502762 ns per key)
space cost: 22.510774 MB (65.567381% of original size 34.332275 MB)
Querying trie...
Done!
total time: 565.821651 ms, avg latency: 565.821651 ns
topology: 0.773712 MB, link: 3.131501 MB, data: 18.605560 MB
--- Unary Path Analysis (FST, cutoff=4) ---
  shared unary steps in main trie: 13682
  terminal suffixes: inplace=0 (avg len=0.00)  links=1000000 (100.0% of terminal)
  link len: avg=29.32  max=30  total_chars=29323284
  link length distribution (len:count):  24:2  25:10  26:206  28:3376  29:54458  30:556568  31:385380
2494.502762,22.510774,565.821651
[PASSED]
[time 3.90 s, user 3.67 s, sys 0.21 s, maxrss 361636 KB]
[busy 649 jiffies]
[exit 0]
--- c2 case 1 rec 0   load 1.64 1.23 1.18
[TEST C2-CoCo(LOUDS-Sparse)]
Processing dataset...
Done!
Building trie...
Done!
build time: 1717.718777 ms (1717.718777 ns per key)
space cost: 21.333610 MB (62.138642% of original size 34.332275 MB)
Querying trie...
Done!
total time: 628.575778 ms, avg latency: 628.575778 ns
topology: 0.346375 MB, link: 3.293192 MB, data: 17.694043 MB
1717.718777,21.333610,628.575778
[PASSED]
[time 3.19 s, user 2.94 s, sys 0.23 s, maxrss 431168 KB]
[busy 529 jiffies]
[exit 0]
--- c2 case 1 rec 1   load 1.59 1.23 1.18
[TEST C2-CoCo(LOUDS-Sparse)]
Processing dataset...
Done!
Building trie...
trie size: 4.445807 MB
Done!
build time: 2877.603235 ms (2877.603235 ns per key)
space cost: 21.333610 MB (62.138642% of original size 34.332275 MB)
Querying trie...
Done!
total time: 635.065495 ms, avg latency: 635.065495 ns
topology: 0.346375 MB, link: 3.293192 MB, data: 17.694043 MB
2877.603235,21.333610,635.065495
[PASSED]
[time 4.34 s, user 4.06 s, sys 0.26 s, maxrss 474816 KB]
[busy 727 jiffies]
[exit 0]
--- c2 case 1 rec 2   load 1.54 1.23 1.18
[TEST C2-CoCo(LOUDS-Sparse)]
Processing dataset...
Done!
Building trie...
trie size: 4.445807 MB
Done!
build time: 2982.721851 ms (2982.721851 ns per key)
space cost: 21.333610 MB (62.138642% of original size 34.332275 MB)
Querying trie...
Done!
total time: 683.220436 ms, avg latency: 683.220436 ns
topology: 0.346375 MB, link: 3.293192 MB, data: 17.694043 MB
2982.721851,21.333610,683.220436
[PASSED]
[time 4.55 s, user 4.25 s, sys 0.27 s, maxrss 474848 KB]
[busy 1047 jiffies]
[exit 0]
--- c2 case 2 rec 0   load 1.66 1.26 1.19
[TEST C2-MARISA]
Processing dataset...
Done!
Building trie...
trie size: 1.966455 MB
Done!
build time: 1233.179385 ms (1233.179385 ns per key)
space cost: 21.883573 MB (63.740525% of original size 34.332275 MB)
Querying trie...
Done!
total time: 463.044697 ms, avg latency: 463.044697 ns
topology: 0.650684 MB, link: 2.984713 MB, data: 18.227668 MB
--- Unary Path Analysis (Marisa, cutoff=3) ---
  branches: 1358149  |  single-char: 345387 (25.4%)  short-unary: 12003 (0.9%)  links: 1000759 (73.7%)
  link len: avg=31.30  max=32  total_chars=31325722
  link length distribution (len:count):  3:655  4:51  5:49  6:4  25:2  26:10  27:206  29:3376  30:54458  31:556568  32:385380
  short unary avg len: 2.00
1233.179385,21.883573,463.044697
[PASSED]
[time 2.52 s, user 2.30 s, sys 0.21 s, maxrss 313184 KB]
[busy 422 jiffies]
[exit 0]
--- c2 case 2 rec 1   load 1.53 1.23 1.18
[TEST C2-MARISA]
Processing dataset...
Done!
Building trie...
trie size: 1.966455 MB
trie size: 4.448333 MB
Done!
build time: 2373.742691 ms (2373.742691 ns per key)
space cost: 21.883573 MB (63.740525% of original size 34.332275 MB)
Querying trie...
Done!
total time: 455.683763 ms, avg latency: 455.683763 ns
topology: 0.650684 MB, link: 2.984713 MB, data: 18.227668 MB
--- Unary Path Analysis (Marisa, cutoff=3) ---
  branches: 1358149  |  single-char: 345387 (25.4%)  short-unary: 12003 (0.9%)  links: 1000759 (73.7%)
  link len: avg=31.30  max=32  total_chars=31325722
  link length distribution (len:count):  3:655  4:51  5:49  6:4  25:2  26:10  27:206  29:3376  30:54458  31:556568  32:385380
  short unary avg len: 2.00
2373.742691,21.883573,455.683763
[PASSED]
[time 3.67 s, user 3.44 s, sys 0.21 s, maxrss 361772 KB]
[busy 619 jiffies]
[exit 0]
--- c2 case 2 rec 2   load 1.53 1.23 1.18
[TEST C2-MARISA]
Processing dataset...
Done!
Building trie...
trie size: 1.966455 MB
trie size: 4.448333 MB
Done!
build time: 2405.928510 ms (2405.928510 ns per key)
space cost: 21.883573 MB (63.740525% of original size 34.332275 MB)
Querying trie...
Done!
total time: 466.295326 ms, avg latency: 466.295326 ns
topology: 0.650684 MB, link: 2.984713 MB, data: 18.227668 MB
--- Unary Path Analysis (Marisa, cutoff=3) ---
  branches: 1358149  |  single-char: 345387 (25.4%)  short-unary: 12003 (0.9%)  links: 1000759 (73.7%)
  link len: avg=31.30  max=32  total_chars=31325722
  link length distribution (len:count):  3:655  4:51  5:49  6:4  25:2  26:10  27:206  29:3376  30:54458  31:556568  32:385380
  short unary avg len: 2.00
2405.928510,21.883573,466.295326
[PASSED]
[time 3.72 s, user 3.51 s, sys 0.20 s, maxrss 361576 KB]
[busy 650 jiffies]
[exit 0]
--- c2 case 3 rec 0   load 1.56 1.25 1.19
[TEST FST]
Processing dataset...
Done!
Building trie...
Done!
build time: 1110.032628 ms (1110.032628 ns per key)
space cost: 34.505507 MB (100.504572% of original size 34.332275 MB)
Querying trie...
Done!
total time: 577.366478 ms, avg latency: 577.366478 ns
not implemented
1110.032628,34.505507,577.366478
[PASSED]
[time 2.58 s, user 2.42 s, sys 0.15 s, maxrss 207724 KB]
[busy 617 jiffies]
[exit 0]
--- c2 case 4 rec 0   load 1.60 1.26 1.19
terminate called after throwing an instance of 'std::bad_alloc'
  what():  std::bad_alloc
timeout: the monitored command dumped core
Command terminated by signal 6
[time 49.43 s, user 32.19 s, sys 16.90 s, maxrss 27994864 KB]
[busy 9531 jiffies]
[exit 134]
--- c2 case 5 rec 0   load 1.97 1.41 1.25
[TEST MARISA]
Processing dataset...
Done!
Building trie...
Done!
build time: 673.286816 ms (673.286816 ns per key)
space cost: 34.975940 MB (101.874808% of original size 34.332275 MB)
Querying trie...
Done!
total time: 536.061080 ms, avg latency: 536.061080 ns
not implemented
673.286816,34.975940,536.061080
[PASSED]
[time 1.91 s, user 1.73 s, sys 0.17 s, maxrss 282576 KB]
[busy 203 jiffies]
[exit 0]
--- c2 case 5 rec 1   load 1.89 1.40 1.24
[TEST MARISA]
Processing dataset...
Done!
Building trie...
Done!
build time: 1051.357476 ms (1051.357476 ns per key)
space cost: 33.974524 MB (98.957975% of original size 34.332275 MB)
Querying trie...
Done!
total time: 797.854063 ms, avg latency: 797.854063 ns
not implemented
1051.357476,33.974524,797.854063
[PASSED]
[time 2.53 s, user 2.35 s, sys 0.17 s, maxrss 252044 KB]
[busy 265 jiffies]
[exit 0]
--- c2 case 5 rec 2   load 1.74 1.38 1.24
[TEST MARISA]
Processing dataset...
Done!
Building trie...
Done!
build time: 1321.866930 ms (1321.866930 ns per key)
space cost: 32.972683 MB (96.039900% of original size 34.332275 MB)
Querying trie...
Done!
total time: 1144.625971 ms, avg latency: 1144.625971 ns
not implemented
1321.866930,32.972683,1144.625971
[PASSED]
[time 3.14 s, user 2.95 s, sys 0.17 s, maxrss 273096 KB]
[busy 328 jiffies]
[exit 0]
--- c2 case 6 rec 0   load 1.74 1.38 1.24
[TEST PDT]
Processing dataset...
Done!
Building trie...
dict size: 166618, stream size: 19935113
Done!
build time: 16533.240678 ms (16533.240678 ns per key)
space cost: 20.446564 MB (59.554933% of original size 34.332275 MB)
Querying trie...
Done!
total time: 718.162694 ms, avg latency: 718.162694 ns
not implemented
16533.240678,20.446564,718.162694
[PASSED]
[time 17.95 s, user 17.44 s, sys 0.44 s, maxrss 648540 KB]
[busy 1866 jiffies]
[exit 0]
--- c2 case 7 rec 0   load 1.53 1.35 1.23
[TEST ART]
Processing dataset...
Done!
Building trie...
Done!
build time: 187.959032 ms (187.959032 ns per key)
space cost: 25.565071 MB (74.463667% of original size 34.332275 MB)
Querying trie...
Done!
total time: 372.656625 ms, avg latency: 372.656625 ns
not implemented
187.959032,25.565071,372.656625
[PASSED]
[time 1.28 s, user 1.15 s, sys 0.12 s, maxrss 225104 KB]
[busy 134 jiffies]
[exit 0]
--- c2 case 8 rec 0   load 1.41 1.33 1.22
[TEST CART]
Processing dataset...
Done!
Building trie...
Done!
build time: 225.532236 ms (225.532236 ns per key)
space cost: 12.300360 MB (35.827394% of original size 34.332275 MB)
Querying trie...
Done!
total time: 370.902719 ms, avg latency: 370.902719 ns
not implemented
225.532236,12.300360,370.902719
[PASSED]
[time 1.30 s, user 1.18 s, sys 0.11 s, maxrss 214632 KB]
[busy 140 jiffies]
[exit 0]
--- xcdat 7   load 1.41 1.33 1.22
build time: 860.879701 ms
space cost: 36.820305 MiB (107.246911% of original size 34.332275 MiB)
avg latency: 350.712965 ns
860.879701,36.820305,350.712965
[time 1.90 s, user 1.74 s, sys 0.15 s, maxrss 231712 KB]
[busy 198 jiffies]
[exit 0]
--- xcdat 8   load 1.30 1.31 1.22
build time: 798.620103 ms
space cost: 36.200803 MiB (105.442481% of original size 34.332275 MiB)
avg latency: 355.104749 ns
798.620103,36.200803,355.104749
[time 1.85 s, user 1.69 s, sys 0.15 s, maxrss 230756 KB]
[busy 194 jiffies]
[exit 0]
--- xcdat 15   load 1.30 1.31 1.22
build time: 811.066714 ms
space cost: 37.074831 MiB (107.988272% of original size 34.332275 MiB)
avg latency: 334.096938 ns
811.066714,37.074831,334.096938
[time 1.83 s, user 1.67 s, sys 0.15 s, maxrss 231176 KB]
[busy 191 jiffies]
[exit 0]
--- xcdat 16   load 1.27 1.30 1.22
build time: 794.379473 ms
space cost: 37.473558 MiB (109.149650% of original size 34.332275 MiB)
avg latency: 358.139963 ns
794.379473,37.473558,358.139963
[time 1.84 s, user 1.69 s, sys 0.14 s, maxrss 231036 KB]
[busy 193 jiffies]
[exit 0]

##### uuid-1000000 (1000000 lines, 37000000 bytes)   round 2/3   2026-09-19T12:01:32+03:00
--- xcdat 16   load 1.27 1.30 1.22
build time: 789.490805 ms
space cost: 37.473558 MiB (109.149650% of original size 34.332275 MiB)
avg latency: 334.839874 ns
789.490805,37.473558,334.839874
[time 1.82 s, user 1.66 s, sys 0.14 s, maxrss 231044 KB]
[busy 189 jiffies]
[exit 0]
--- xcdat 15   load 1.25 1.30 1.22
build time: 813.207798 ms
space cost: 37.074831 MiB (107.988272% of original size 34.332275 MiB)
avg latency: 336.460890 ns
813.207798,37.074831,336.460890
[time 1.84 s, user 1.69 s, sys 0.14 s, maxrss 231072 KB]
[busy 196 jiffies]
[exit 0]
--- xcdat 8   load 1.15 1.28 1.21
build time: 791.498849 ms
space cost: 36.200803 MiB (105.442481% of original size 34.332275 MiB)
avg latency: 350.852467 ns
791.498849,36.200803,350.852467
[time 1.83 s, user 1.70 s, sys 0.12 s, maxrss 231064 KB]
[busy 192 jiffies]
[exit 0]
--- xcdat 7   load 1.15 1.28 1.21
build time: 860.347581 ms
space cost: 36.820305 MiB (107.246911% of original size 34.332275 MiB)
avg latency: 349.186356 ns
860.347581,36.820305,349.186356
[time 1.91 s, user 1.76 s, sys 0.13 s, maxrss 231568 KB]
[busy 198 jiffies]
[exit 0]
--- c2 case 8 rec 0   load 1.06 1.25 1.20
[TEST CART]
Processing dataset...
Done!
Building trie...
Done!
build time: 223.572132 ms (223.572132 ns per key)
space cost: 12.300360 MB (35.827394% of original size 34.332275 MB)
Querying trie...
Done!
total time: 373.978971 ms, avg latency: 373.978971 ns
not implemented
223.572132,12.300360,373.978971
[PASSED]
[time 1.31 s, user 1.18 s, sys 0.11 s, maxrss 214580 KB]
[busy 142 jiffies]
[exit 0]
--- c2 case 7 rec 0   load 1.06 1.25 1.20
[TEST ART]
Processing dataset...
Done!
Building trie...
Done!
build time: 191.442639 ms (191.442639 ns per key)
space cost: 25.565071 MB (74.463667% of original size 34.332275 MB)
Querying trie...
Done!
total time: 367.436023 ms, avg latency: 367.436023 ns
not implemented
191.442639,25.565071,367.436023
[PASSED]
[time 1.27 s, user 1.13 s, sys 0.12 s, maxrss 225212 KB]
[busy 132 jiffies]
[exit 0]
--- c2 case 6 rec 0   load 0.97 1.23 1.19
[TEST PDT]
Processing dataset...
Done!
Building trie...
dict size: 166618, stream size: 19935113
Done!
build time: 16486.527668 ms (16486.527668 ns per key)
space cost: 20.446564 MB (59.554933% of original size 34.332275 MB)
Querying trie...
Done!
total time: 721.808296 ms, avg latency: 721.808296 ns
not implemented
16486.527668,20.446564,721.808296
[PASSED]
[time 17.91 s, user 17.39 s, sys 0.44 s, maxrss 648424 KB]
[busy 1838 jiffies]
[exit 0]
--- c2 case 5 rec 2   load 0.98 1.22 1.19
[TEST MARISA]
Processing dataset...
Done!
Building trie...
Done!
build time: 1319.456941 ms (1319.456941 ns per key)
space cost: 32.972683 MB (96.039900% of original size 34.332275 MB)
Querying trie...
Done!
total time: 1121.742154 ms, avg latency: 1121.742154 ns
not implemented
1319.456941,32.972683,1121.742154
[PASSED]
[time 3.13 s, user 2.94 s, sys 0.17 s, maxrss 273120 KB]
[busy 326 jiffies]
[exit 0]
--- c2 case 5 rec 1   load 0.98 1.22 1.19
[TEST MARISA]
Processing dataset...
Done!
Building trie...
Done!
build time: 1033.339174 ms (1033.339174 ns per key)
space cost: 33.974524 MB (98.957975% of original size 34.332275 MB)
Querying trie...
Done!
total time: 796.282550 ms, avg latency: 796.282550 ns
not implemented
1033.339174,33.974524,796.282550
[PASSED]
[time 2.50 s, user 2.35 s, sys 0.14 s, maxrss 251884 KB]
[busy 261 jiffies]
[exit 0]
--- c2 case 5 rec 0   load 0.98 1.21 1.19
[TEST MARISA]
Processing dataset...
Done!
Building trie...
Done!
build time: 675.601437 ms (675.601437 ns per key)
space cost: 34.975940 MB (101.874808% of original size 34.332275 MB)
Querying trie...
Done!
total time: 538.251356 ms, avg latency: 538.251356 ns
not implemented
675.601437,34.975940,538.251356
[PASSED]
[time 1.91 s, user 1.74 s, sys 0.15 s, maxrss 282508 KB]
[busy 203 jiffies]
[exit 0]
--- c2 case 4 rec 0   skipped: exit 134 in round 1
--- c2 case 3 rec 0   load 0.90 1.19 1.18
[TEST FST]
Processing dataset...
Done!
Building trie...
Done!
build time: 845.188291 ms (845.188291 ns per key)
space cost: 34.505507 MB (100.504572% of original size 34.332275 MB)
Querying trie...
Done!
total time: 465.550255 ms, avg latency: 465.550255 ns
not implemented
845.188291,34.505507,465.550255
[PASSED]
[time 2.00 s, user 1.85 s, sys 0.14 s, maxrss 207564 KB]
[busy 208 jiffies]
[exit 0]
--- c2 case 2 rec 2   load 0.90 1.19 1.18
[TEST C2-MARISA]
Processing dataset...
Done!
Building trie...
trie size: 1.966455 MB
trie size: 4.448333 MB
Done!
build time: 1965.632206 ms (1965.632206 ns per key)
space cost: 21.883573 MB (63.740525% of original size 34.332275 MB)
Querying trie...
Done!
total time: 365.457976 ms, avg latency: 365.457976 ns
topology: 0.650684 MB, link: 2.984713 MB, data: 18.227668 MB
--- Unary Path Analysis (Marisa, cutoff=3) ---
  branches: 1358149  |  single-char: 345387 (25.4%)  short-unary: 12003 (0.9%)  links: 1000759 (73.7%)
  link len: avg=31.30  max=32  total_chars=31325722
  link length distribution (len:count):  3:655  4:51  5:49  6:4  25:2  26:10  27:206  29:3376  30:54458  31:556568  32:385380
  short unary avg len: 2.00
1965.632206,21.883573,365.457976
[PASSED]
[time 3.02 s, user 2.80 s, sys 0.20 s, maxrss 361844 KB]
[busy 315 jiffies]
[exit 0]
--- c2 case 2 rec 1   load 0.91 1.19 1.18
[TEST C2-MARISA]
Processing dataset...
Done!
Building trie...
trie size: 1.966455 MB
trie size: 4.448333 MB
Done!
build time: 1944.957300 ms (1944.957300 ns per key)
space cost: 21.883573 MB (63.740525% of original size 34.332275 MB)
Querying trie...
Done!
total time: 366.792524 ms, avg latency: 366.792524 ns
topology: 0.650684 MB, link: 2.984713 MB, data: 18.227668 MB
--- Unary Path Analysis (Marisa, cutoff=3) ---
  branches: 1358149  |  single-char: 345387 (25.4%)  short-unary: 12003 (0.9%)  links: 1000759 (73.7%)
  link len: avg=31.30  max=32  total_chars=31325722
  link length distribution (len:count):  3:655  4:51  5:49  6:4  25:2  26:10  27:206  29:3376  30:54458  31:556568  32:385380
  short unary avg len: 2.00
1944.957300,21.883573,366.792524
[PASSED]
[time 3.01 s, user 2.80 s, sys 0.18 s, maxrss 361912 KB]
[busy 315 jiffies]
[exit 0]
--- c2 case 2 rec 0   load 0.92 1.19 1.18
[TEST C2-MARISA]
Processing dataset...
Done!
Building trie...
trie size: 1.966455 MB
Done!
build time: 1022.983672 ms (1022.983672 ns per key)
space cost: 21.883573 MB (63.740525% of original size 34.332275 MB)
Querying trie...
Done!
total time: 371.251154 ms, avg latency: 371.251154 ns
topology: 0.650684 MB, link: 2.984713 MB, data: 18.227668 MB
--- Unary Path Analysis (Marisa, cutoff=3) ---
  branches: 1358149  |  single-char: 345387 (25.4%)  short-unary: 12003 (0.9%)  links: 1000759 (73.7%)
  link len: avg=31.30  max=32  total_chars=31325722
  link length distribution (len:count):  3:655  4:51  5:49  6:4  25:2  26:10  27:206  29:3376  30:54458  31:556568  32:385380
  short unary avg len: 2.00
1022.983672,21.883573,371.251154
[PASSED]
[time 2.09 s, user 1.90 s, sys 0.18 s, maxrss 313340 KB]
[busy 221 jiffies]
[exit 0]
--- c2 case 1 rec 2   load 0.92 1.19 1.18
[TEST C2-CoCo(LOUDS-Sparse)]
Processing dataset...
Done!
Building trie...
trie size: 4.445807 MB
Done!
build time: 2393.009590 ms (2393.009590 ns per key)
space cost: 21.333610 MB (62.138642% of original size 34.332275 MB)
Querying trie...
Done!
total time: 516.681519 ms, avg latency: 516.681519 ns
topology: 0.346375 MB, link: 3.293192 MB, data: 17.694043 MB
2393.009590,21.333610,516.681519
[PASSED]
[time 3.59 s, user 3.32 s, sys 0.25 s, maxrss 474832 KB]
[busy 375 jiffies]
[exit 0]
--- c2 case 1 rec 1   load 0.93 1.18 1.18
[TEST C2-CoCo(LOUDS-Sparse)]
Processing dataset...
Done!
Building trie...
trie size: 4.445807 MB
Done!
build time: 2394.963662 ms (2394.963662 ns per key)
space cost: 21.333610 MB (62.138642% of original size 34.332275 MB)
Querying trie...
Done!
total time: 499.284724 ms, avg latency: 499.284724 ns
topology: 0.346375 MB, link: 3.293192 MB, data: 17.694043 MB
2394.963662,21.333610,499.284724
[PASSED]
[time 3.58 s, user 3.33 s, sys 0.23 s, maxrss 474832 KB]
[busy 370 jiffies]
[exit 0]
--- c2 case 1 rec 0   load 0.93 1.18 1.18
[TEST C2-CoCo(LOUDS-Sparse)]
Processing dataset...
Done!
Building trie...
Done!
build time: 1459.546149 ms (1459.546149 ns per key)
space cost: 21.333610 MB (62.138642% of original size 34.332275 MB)
Querying trie...
Done!
total time: 496.517504 ms, avg latency: 496.517504 ns
topology: 0.346375 MB, link: 3.293192 MB, data: 17.694043 MB
1459.546149,21.333610,496.517504
[PASSED]
[time 2.64 s, user 2.39 s, sys 0.23 s, maxrss 431132 KB]
[busy 276 jiffies]
[exit 0]
--- c2 case 0 rec 2   load 0.94 1.18 1.18
[TEST C2-FST]
Processing dataset...
Done!
Building trie...
trie size: 4.445807 MB
Done!
build time: 2028.995578 ms (2028.995578 ns per key)
space cost: 22.510774 MB (65.567381% of original size 34.332275 MB)
Querying trie...
Done!
total time: 446.096625 ms, avg latency: 446.096625 ns
topology: 0.773712 MB, link: 3.131501 MB, data: 18.605560 MB
--- Unary Path Analysis (FST, cutoff=4) ---
  shared unary steps in main trie: 13682
  terminal suffixes: inplace=0 (avg len=0.00)  links=1000000 (100.0% of terminal)
  link len: avg=29.32  max=30  total_chars=29323284
  link length distribution (len:count):  24:2  25:10  26:206  28:3376  29:54458  30:556568  31:385380
2028.995578,22.510774,446.096625
[PASSED]
[time 3.15 s, user 2.94 s, sys 0.18 s, maxrss 361728 KB]
[busy 328 jiffies]
[exit 0]
--- c2 case 0 rec 1   load 0.94 1.17 1.17
[TEST C2-FST]
Processing dataset...
Done!
Building trie...
trie size: 4.445807 MB
Done!
build time: 2042.125834 ms (2042.125834 ns per key)
space cost: 22.510774 MB (65.567381% of original size 34.332275 MB)
Querying trie...
Done!
total time: 444.219588 ms, avg latency: 444.219588 ns
topology: 0.773712 MB, link: 3.131501 MB, data: 18.605560 MB
--- Unary Path Analysis (FST, cutoff=4) ---
  shared unary steps in main trie: 13682
  terminal suffixes: inplace=0 (avg len=0.00)  links=1000000 (100.0% of terminal)
  link len: avg=29.32  max=30  total_chars=29323284
  link length distribution (len:count):  24:2  25:10  26:206  28:3376  29:54458  30:556568  31:385380
2042.125834,22.510774,444.219588
[PASSED]
[time 3.16 s, user 2.97 s, sys 0.18 s, maxrss 361796 KB]
[busy 329 jiffies]
[exit 0]
--- c2 case 0 rec 0   load 0.87 1.15 1.17
[TEST C2-FST]
Processing dataset...
Done!
Building trie...
Done!
build time: 1113.468686 ms (1113.468686 ns per key)
space cost: 22.510774 MB (65.567381% of original size 34.332275 MB)
Querying trie...
Done!
total time: 452.211167 ms, avg latency: 452.211167 ns
topology: 0.773712 MB, link: 3.131501 MB, data: 18.605560 MB
--- Unary Path Analysis (FST, cutoff=4) ---
  shared unary steps in main trie: 13682
  terminal suffixes: inplace=0 (avg len=0.00)  links=1000000 (100.0% of terminal)
  link len: avg=29.32  max=30  total_chars=29323284
  link length distribution (len:count):  24:2  25:10  26:206  28:3376  29:54458  30:556568  31:385380
1113.468686,22.510774,452.211167
[PASSED]
[time 2.25 s, user 2.07 s, sys 0.17 s, maxrss 312200 KB]
[busy 237 jiffies]
[exit 0]
--- lexindex string   load 0.87 1.15 1.17
1000000 keys
lexindex StringIndex: build 2451 ms, size 35.389 MiB (37.108 B/key), latency cold 547.6 ns, then mean 543.0 / min 539.1 ns
2450.723,35.389391,547.559
[time 5.12 s, user 4.97 s, sys 0.12 s, maxrss 198608 KB]
[busy 532 jiffies]
[exit 0]
--- lexindex dict1024   load 0.88 1.15 1.17
1000000 keys
lexindex DictIndex block 1024: build 253 ms, size 17.072 MiB (17.902 B/key), latency cold 481.3 ns, then mean 483.4 / min 480.1 ns
253.088,17.072439,481.346
[time 2.68 s, user 3.12 s, sys 0.21 s, maxrss 242888 KB]
[busy 353 jiffies]
[exit 0]
--- lexindex dict256   load 0.89 1.15 1.17
1000000 keys
lexindex DictIndex block 256: build 249 ms, size 17.227 MiB (18.064 B/key), latency cold 444.6 ns, then mean 444.2 / min 442.0 ns
248.930,17.226997,444.643
[time 2.54 s, user 3.41 s, sys 0.35 s, maxrss 287768 KB]
[busy 399 jiffies]
[exit 0]
--- lexindex dict32   load 0.90 1.14 1.17
1000000 keys
lexindex DictIndex block 32: build 248 ms, size 17.794 MiB (18.658 B/key), latency cold 450.4 ns, then mean 444.5 / min 440.7 ns
247.600,17.793509,450.360
[time 2.54 s, user 3.40 s, sys 0.36 s, maxrss 293960 KB]
[busy 397 jiffies]
[exit 0]

##### urls-1000000 (1000000 lines, 53361181 bytes)   round 2/3   2026-09-19T12:03:14+03:00
--- xcdat 16   load 0.83 1.13 1.16
build time: 1131.811318 ms
space cost: 17.859698 MiB (35.765524% of original size 49.935513 MiB)
avg latency: 381.510705 ns
1131.811318,17.859698,381.510705
[time 2.31 s, user 2.15 s, sys 0.15 s, maxrss 230896 KB]
[busy 247 jiffies]
[exit 0]
--- xcdat 15   load 0.83 1.13 1.16
build time: 1154.805923 ms
space cost: 17.302892 MiB (34.650473% of original size 49.935513 MiB)
avg latency: 357.604627 ns
1154.805923,17.302892,357.604627
[time 2.31 s, user 2.13 s, sys 0.17 s, maxrss 230996 KB]
[busy 240 jiffies]
[exit 0]
--- xcdat 8   load 0.84 1.12 1.16
build time: 1128.650447 ms
space cost: 15.165496 MiB (30.370161% of original size 49.935513 MiB)
avg latency: 375.343169 ns
1128.650447,15.165496,375.343169
[time 2.29 s, user 2.12 s, sys 0.16 s, maxrss 231200 KB]
[busy 242 jiffies]
[exit 0]
--- xcdat 7   load 0.77 1.10 1.15
build time: 1162.915950 ms
space cost: 15.639350 MiB (31.319093% of original size 49.935513 MiB)
avg latency: 398.607606 ns
1162.915950,15.639350,398.607606
[time 2.34 s, user 2.16 s, sys 0.17 s, maxrss 230836 KB]
[busy 245 jiffies]
[exit 0]
--- c2 case 8 rec 0   load 0.77 1.10 1.15
[TEST CART]
Processing dataset...
Done!
Building trie...
Done!
build time: 365.443134 ms (365.443134 ns per key)
space cost: 15.060642 MB (30.160183% of original size 49.935513 MB)
Querying trie...
Done!
total time: 652.921510 ms, avg latency: 652.921510 ns
not implemented
365.443134,15.060642,652.921510
[PASSED]
[time 1.82 s, user 1.66 s, sys 0.15 s, maxrss 278504 KB]
[busy 194 jiffies]
[exit 0]
--- c2 case 7 rec 0   load 0.79 1.10 1.15
[TEST ART]
Processing dataset...
Done!
Building trie...
Done!
build time: 311.307597 ms (311.307597 ns per key)
space cost: 32.934517 MB (65.954097% of original size 49.935513 MB)
Querying trie...
Done!
total time: 627.916620 ms, avg latency: 627.916620 ns
not implemented
311.307597,32.934517,627.916620
[PASSED]
[time 1.75 s, user 1.58 s, sys 0.15 s, maxrss 290860 KB]
[busy 183 jiffies]
[exit 0]
--- c2 case 6 rec 0   load 0.79 1.10 1.15
[TEST PDT]
Processing dataset...
Done!
Building trie...
dict size: 156062, stream size: 7596722
Done!
build time: 3610.216818 ms (3610.216818 ns per key)
space cost: 8.669690 MB (17.361772% of original size 49.935513 MB)
Querying trie...
Done!
total time: 728.931955 ms, avg latency: 728.931955 ns
not implemented
3610.216818,8.669690,728.931955
[PASSED]
[time 5.11 s, user 4.91 s, sys 0.18 s, maxrss 299148 KB]
[busy 529 jiffies]
[exit 0]
--- c2 case 5 rec 2   load 0.74 1.08 1.14
[TEST MARISA]
Processing dataset...
Done!
Building trie...
Done!
build time: 1226.555896 ms (1226.555896 ns per key)
space cost: 8.005336 MB (16.031348% of original size 49.935513 MB)
Querying trie...
Done!
total time: 1069.632341 ms, avg latency: 1069.632341 ns
not implemented
1226.555896,8.005336,1069.632341
[PASSED]
[time 3.11 s, user 2.91 s, sys 0.18 s, maxrss 267852 KB]
[busy 345 jiffies]
[exit 0]
--- c2 case 5 rec 1   load 0.74 1.08 1.14
[TEST MARISA]
Processing dataset...
Done!
Building trie...
Done!
build time: 1188.419859 ms (1188.419859 ns per key)
space cost: 8.973619 MB (17.970414% of original size 49.935513 MB)
Querying trie...
Done!
total time: 880.553021 ms, avg latency: 880.553021 ns
not implemented
1188.419859,8.973619,880.553021
[PASSED]
[time 2.92 s, user 2.73 s, sys 0.18 s, maxrss 267864 KB]
[busy 310 jiffies]
[exit 0]
--- c2 case 5 rec 0   load 0.76 1.08 1.14
[TEST MARISA]
Processing dataset...
Done!
Building trie...
Done!
build time: 982.752181 ms (982.752181 ns per key)
space cost: 13.234698 MB (26.503579% of original size 49.935513 MB)
Querying trie...
Done!
total time: 579.976229 ms, avg latency: 579.976229 ns
not implemented
982.752181,13.234698,579.976229
[PASSED]
[time 2.33 s, user 2.16 s, sys 0.15 s, maxrss 268048 KB]
[busy 244 jiffies]
[exit 0]
--- c2 case 4 rec 0   load 0.78 1.08 1.14
[TEST COCO]
Processing dataset...
Done!
Building trie...
num nodes = 618926, average depth = 10.757375
ef = 0.000126, pa = 0.112513, bv = 0.000294, de = 0.664175
efr = 0.000805, par = 0.102747, bvr = 0.000005, der = 0.119336
Done!
build time: 31106.824714 ms (31106.824714 ns per key)
space cost: 17.219774 MB (34.484023% of original size 49.935513 MB)
Querying trie...
Done!
total time: 1343.044181 ms, avg latency: 1343.044181 ns
not implemented
31106.824714,17.219774,1343.044181
[PASSED]
[time 34.43 s, user 27.42 s, sys 6.86 s, maxrss 15528660 KB]
[busy 3606 jiffies]
[exit 0]
--- c2 case 3 rec 0   load 0.88 1.07 1.13
[TEST FST]
Processing dataset...
Done!
Building trie...
Done!
build time: 1421.660193 ms (1421.660193 ns per key)
space cost: 12.952020 MB (25.937492% of original size 49.935513 MB)
Querying trie...
Done!
total time: 1204.780748 ms, avg latency: 1204.780748 ns
not implemented
1421.660193,12.952020,1204.780748
[PASSED]
[time 3.42 s, user 3.27 s, sys 0.13 s, maxrss 215380 KB]
[busy 353 jiffies]
[exit 0]
--- c2 case 2 rec 2   load 0.89 1.07 1.13
[TEST C2-MARISA]
Processing dataset...
Done!
Building trie...
trie size: 2.244002 MB
trie size: 3.864603 MB
trie size: 1.068947 MB
Done!
build time: 1709.157024 ms (1709.157024 ns per key)
space cost: 8.365690 MB (16.752987% of original size 49.935513 MB)
Querying trie...
Done!
total time: 717.086124 ms, avg latency: 717.086124 ns
topology: 1.410183 MB, link: 3.158367 MB, data: 3.776632 MB
--- Unary Path Analysis (Marisa, cutoff=3) ---
  branches: 1527762  |  single-char: 409800 (26.8%)  short-unary: 94203 (6.2%)  links: 1023759 (67.0%)
  link len: avg=12.97  max=598  total_chars=13282609
  link length distribution (len:count):  3:78091  4:83418  5:77115  6:71727  7:67342  8:60401  9:52007  10:48612  11:43341  12:39688  13:35797  14:31899  15:30173  16:27648  17:26857  18:22212  19:20563  20:21642  21:19617  22:17114  23:14842  24:13684  25:12695  26:11175  27:9829  28:8848  29:7935  30:7132  31:6445  32:5847  33:5055  34:4589  35:4148  36:3637  37:3382  38:3086  39:2567  40:2441  41:2168  42:1886  43:1827  44:1585  45:1405  46:1260  47:1016  48:995  49:861  50:844  51:650  52:616  53:486  54:450  55:392  56:393  57:345  58:266  59:265  60:240  61:230  62:219  63:185  64:166  65:151  66:119  67:125  68:158  69:131  70:105  71:94  72:74  73:75  74:77  75:68  76:66  77:74  78:40  79:49  80:44  81:45  82:43  83:48  84:36  85:31  86:35  87:40  88:19  89:24  90:15  91:18  92:31  93:24  94:20  95:16  96:16  97:16  98:12  99:16  100:14  101:17  102:16  103:2  104:18  105:4  106:3  107:10  108:11  109:9  110:19  111:13  112:7  113:6  114:5  115:3  116:8  117:5  118:6  119:8  120:10  121:11  122:9  123:10  124:8  125:9  126:7  127:5  128:7  129:18  130:5  131:4  132:10  133:3  134:4  135:4  136:4  137:4  138:4  140:2  141:3  142:2  143:2  144:4  145:7  146:1  147:5  148:5  149:1  150:4  151:4  153:1  154:6  155:3  156:1  157:2  158:1  159:1  160:1  162:2  163:1  164:2  165:1  166:1  167:1  168:3  169:3  171:1  175:1  178:2  181:3  183:2  184:1  185:2  189:1  190:3  191:1  192:1  193:1  194:1  195:1  196:2  200:1  203:2  205:2  207:1  208:1  210:2  212:1  214:1  216:2  220:1  221:1  223:1  225:1  226:1  227:1  230:1  234:1  237:1  239:2  241:1  242:1  247:1  248:1  250:1  253:1  255:1  257:1  261:1  265:1  272:1  312:1  338:1  384:1  507:1  598:1
  short unary avg len: 2.00
1709.157024,8.365690,717.086124
[PASSED]
[time 3.22 s, user 3.02 s, sys 0.19 s, maxrss 242236 KB]
[busy 336 jiffies]
[exit 0]
--- c2 case 2 rec 1   load 0.90 1.07 1.13
[TEST C2-MARISA]
Processing dataset...
Done!
Building trie...
trie size: 2.244002 MB
trie size: 3.864603 MB
Done!
build time: 1596.941703 ms (1596.941703 ns per key)
space cost: 8.779989 MB (17.582655% of original size 49.935513 MB)
Querying trie...
Done!
total time: 620.332942 ms, avg latency: 620.332942 ns
topology: 1.217873 MB, link: 3.069385 MB, data: 4.472224 MB
--- Unary Path Analysis (Marisa, cutoff=3) ---
  branches: 1527762  |  single-char: 409800 (26.8%)  short-unary: 94203 (6.2%)  links: 1023759 (67.0%)
  link len: avg=12.97  max=598  total_chars=13282609
  link length distribution (len:count):  3:78091  4:83418  5:77115  6:71727  7:67342  8:60401  9:52007  10:48612  11:43341  12:39688  13:35797  14:31899  15:30173  16:27648  17:26857  18:22212  19:20563  20:21642  21:19617  22:17114  23:14842  24:13684  25:12695  26:11175  27:9829  28:8848  29:7935  30:7132  31:6445  32:5847  33:5055  34:4589  35:4148  36:3637  37:3382  38:3086  39:2567  40:2441  41:2168  42:1886  43:1827  44:1585  45:1405  46:1260  47:1016  48:995  49:861  50:844  51:650  52:616  53:486  54:450  55:392  56:393  57:345  58:266  59:265  60:240  61:230  62:219  63:185  64:166  65:151  66:119  67:125  68:158  69:131  70:105  71:94  72:74  73:75  74:77  75:68  76:66  77:74  78:40  79:49  80:44  81:45  82:43  83:48  84:36  85:31  86:35  87:40  88:19  89:24  90:15  91:18  92:31  93:24  94:20  95:16  96:16  97:16  98:12  99:16  100:14  101:17  102:16  103:2  104:18  105:4  106:3  107:10  108:11  109:9  110:19  111:13  112:7  113:6  114:5  115:3  116:8  117:5  118:6  119:8  120:10  121:11  122:9  123:10  124:8  125:9  126:7  127:5  128:7  129:18  130:5  131:4  132:10  133:3  134:4  135:4  136:4  137:4  138:4  140:2  141:3  142:2  143:2  144:4  145:7  146:1  147:5  148:5  149:1  150:4  151:4  153:1  154:6  155:3  156:1  157:2  158:1  159:1  160:1  162:2  163:1  164:2  165:1  166:1  167:1  168:3  169:3  171:1  175:1  178:2  181:3  183:2  184:1  185:2  189:1  190:3  191:1  192:1  193:1  194:1  195:1  196:2  200:1  203:2  205:2  207:1  208:1  210:2  212:1  214:1  216:2  220:1  221:1  223:1  225:1  226:1  227:1  230:1  234:1  237:1  239:2  241:1  242:1  247:1  248:1  250:1  253:1  255:1  257:1  261:1  265:1  272:1  312:1  338:1  384:1  507:1  598:1
  short unary avg len: 2.00
1596.941703,8.779989,620.332942
[PASSED]
[time 3.02 s, user 2.80 s, sys 0.19 s, maxrss 242224 KB]
[busy 315 jiffies]
[exit 0]
--- c2 case 2 rec 0   load 0.83 1.05 1.13
[TEST C2-MARISA]
Processing dataset...
Done!
Building trie...
trie size: 2.244002 MB
Done!
build time: 1185.514296 ms (1185.514296 ns per key)
space cost: 10.960715 MB (21.949740% of original size 49.935513 MB)
Querying trie...
Done!
total time: 463.666600 ms, avg latency: 463.666600 ns
topology: 0.743214 MB, link: 2.809175 MB, data: 7.387818 MB
--- Unary Path Analysis (Marisa, cutoff=3) ---
  branches: 1527762  |  single-char: 409800 (26.8%)  short-unary: 94203 (6.2%)  links: 1023759 (67.0%)
  link len: avg=12.97  max=598  total_chars=13282609
  link length distribution (len:count):  3:78091  4:83418  5:77115  6:71727  7:67342  8:60401  9:52007  10:48612  11:43341  12:39688  13:35797  14:31899  15:30173  16:27648  17:26857  18:22212  19:20563  20:21642  21:19617  22:17114  23:14842  24:13684  25:12695  26:11175  27:9829  28:8848  29:7935  30:7132  31:6445  32:5847  33:5055  34:4589  35:4148  36:3637  37:3382  38:3086  39:2567  40:2441  41:2168  42:1886  43:1827  44:1585  45:1405  46:1260  47:1016  48:995  49:861  50:844  51:650  52:616  53:486  54:450  55:392  56:393  57:345  58:266  59:265  60:240  61:230  62:219  63:185  64:166  65:151  66:119  67:125  68:158  69:131  70:105  71:94  72:74  73:75  74:77  75:68  76:66  77:74  78:40  79:49  80:44  81:45  82:43  83:48  84:36  85:31  86:35  87:40  88:19  89:24  90:15  91:18  92:31  93:24  94:20  95:16  96:16  97:16  98:12  99:16  100:14  101:17  102:16  103:2  104:18  105:4  106:3  107:10  108:11  109:9  110:19  111:13  112:7  113:6  114:5  115:3  116:8  117:5  118:6  119:8  120:10  121:11  122:9  123:10  124:8  125:9  126:7  127:5  128:7  129:18  130:5  131:4  132:10  133:3  134:4  135:4  136:4  137:4  138:4  140:2  141:3  142:2  143:2  144:4  145:7  146:1  147:5  148:5  149:1  150:4  151:4  153:1  154:6  155:3  156:1  157:2  158:1  159:1  160:1  162:2  163:1  164:2  165:1  166:1  167:1  168:3  169:3  171:1  175:1  178:2  181:3  183:2  184:1  185:2  189:1  190:3  191:1  192:1  193:1  194:1  195:1  196:2  200:1  203:2  205:2  207:1  208:1  210:2  212:1  214:1  216:2  220:1  221:1  223:1  225:1  226:1  227:1  230:1  234:1  237:1  239:2  241:1  242:1  247:1  248:1  250:1  253:1  255:1  257:1  261:1  265:1  272:1  312:1  338:1  384:1  507:1  598:1
  short unary avg len: 2.00
1185.514296,10.960715,463.666600
[PASSED]
[time 2.44 s, user 2.25 s, sys 0.18 s, maxrss 246944 KB]
[busy 255 jiffies]
[exit 0]
--- c2 case 1 rec 2   load 0.83 1.05 1.13
[TEST C2-CoCo(LOUDS-Sparse)]
Processing dataset...
Done!
Building trie...
trie size: 3.124794 MB
trie size: 0.926831 MB
Done!
build time: 2949.175090 ms (2949.175090 ns per key)
space cost: 10.138867 MB (20.303920% of original size 49.935513 MB)
Querying trie...
Done!
total time: 1033.662726 ms, avg latency: 1033.662726 ns
topology: 0.827824 MB, link: 3.419642 MB, data: 5.891401 MB
2949.175090,10.138867,1033.662726
[PASSED]
[time 4.77 s, user 4.52 s, sys 0.23 s, maxrss 398520 KB]
[busy 491 jiffies]
[exit 0]
--- c2 case 1 rec 1   load 0.84 1.05 1.13
[TEST C2-CoCo(LOUDS-Sparse)]
Processing dataset...
Done!
Building trie...
trie size: 3.124794 MB
Done!
build time: 2819.960830 ms (2819.960830 ns per key)
space cost: 10.138867 MB (20.303920% of original size 49.935513 MB)
Querying trie...
Done!
total time: 1019.280547 ms, avg latency: 1019.280547 ns
topology: 0.827824 MB, link: 3.419642 MB, data: 5.891401 MB
2819.960830,10.138867,1019.280547
[PASSED]
[time 4.62 s, user 4.37 s, sys 0.22 s, maxrss 397920 KB]
[busy 477 jiffies]
[exit 0]
--- c2 case 1 rec 0   load 0.79 1.03 1.12
[TEST C2-CoCo(LOUDS-Sparse)]
Processing dataset...
Done!
Building trie...
Done!
build time: 2487.483063 ms (2487.483063 ns per key)
space cost: 12.005466 MB (24.041940% of original size 49.935513 MB)
Querying trie...
Done!
total time: 883.014118 ms, avg latency: 883.014118 ns
topology: 0.422745 MB, link: 3.209543 MB, data: 8.373178 MB
2487.483063,12.005466,883.014118
[PASSED]
[time 4.13 s, user 3.89 s, sys 0.22 s, maxrss 407852 KB]
[busy 429 jiffies]
[exit 0]
--- c2 case 0 rec 2   load 0.72 1.01 1.11
[TEST C2-FST]
Processing dataset...
Done!
Building trie...
trie size: 3.124794 MB
trie size: 0.926831 MB
Done!
build time: 1686.120805 ms (1686.120805 ns per key)
space cost: 9.773470 MB (19.572183% of original size 49.935513 MB)
Querying trie...
Done!
total time: 968.557855 ms, avg latency: 968.557855 ns
topology: 1.480076 MB, link: 2.557474 MB, data: 5.735920 MB
--- Unary Path Analysis (FST, cutoff=4) ---
  shared unary steps in main trie: 711966
  terminal suffixes: inplace=143732 (avg len=2.14)  links=800966 (84.8% of terminal)
  link len: avg=13.15  max=596  total_chars=10531952
  link length distribution (len:count):  4:63058  5:62039  6:59659  7:54131  8:47449  9:44821  10:40952  11:37727  12:34320  13:30594  14:29226  15:26885  16:26206  17:21450  18:19914  19:21120  20:19131  21:16702  22:14529  23:13405  24:12440  25:10970  26:9615  27:8669  28:7752  29:7002  30:6267  31:5704  32:4931  33:4493  34:4087  35:3562  36:3323  37:3007  38:2533  39:2401  40:2145  41:1856  42:1793  43:1565  44:1379  45:1246  46:1005  47:985  48:849  49:826  50:642  51:609  52:482  53:442  54:385  55:389  56:339  57:263  58:263  59:238  60:228  61:217  62:184  63:166  64:151  65:119  66:125  67:156  68:131  69:105  70:94  71:74  72:74  73:77  74:67  75:66  76:74  77:39  78:49  79:44  80:45  81:42  82:48  83:36  84:31  85:34  86:39  87:18  88:23  89:15  90:18  91:31  92:24  93:20  94:16  95:16  96:16  97:12  98:16  99:14  100:17  101:16  102:2  103:18  104:4  105:3  106:10  107:11  108:9  109:19  110:13  111:7  112:6  113:5  114:3  115:8  116:5  117:6  118:7  119:10  120:11  121:9  122:10  123:8  124:9  125:7  126:5  127:7  128:18  129:5  130:4  131:10  132:3  133:4  134:4  135:4  136:3  137:4  139:2  140:3  141:2  142:2  143:4  144:7  145:1  146:5  147:5  148:1  149:4  150:4  152:1  153:6  154:3  155:1  156:2  157:1  158:1  159:1  161:2  162:1  163:2  164:1  165:1  166:1  167:3  168:3  170:1  174:1  177:2  180:3  182:2  183:1  184:2  188:1  189:3  190:1  191:1  192:1  193:1  194:1  195:2  199:1  202:2  204:2  206:1  207:1  209:2  211:1  213:1  215:2  219:1  220:1  222:1  224:1  225:1  226:1  229:1  233:1  236:1  238:2  240:1  241:1  246:1  247:1  249:1  252:1  254:1  256:1  260:1  264:1  271:1  311:1  337:1  383:1  506:1  597:1
1686.120805,9.773470,968.557855
[PASSED]
[time 3.44 s, user 3.27 s, sys 0.14 s, maxrss 228316 KB]
[busy 355 jiffies]
[exit 0]
--- c2 case 0 rec 1   load 0.72 1.01 1.11
[TEST C2-FST]
Processing dataset...
Done!
Building trie...
trie size: 3.124794 MB
Done!
build time: 1565.743468 ms (1565.743468 ns per key)
space cost: 9.773470 MB (19.572183% of original size 49.935513 MB)
Querying trie...
Done!
total time: 958.153654 ms, avg latency: 958.153654 ns
topology: 1.480076 MB, link: 2.557474 MB, data: 5.735920 MB
--- Unary Path Analysis (FST, cutoff=4) ---
  shared unary steps in main trie: 711966
  terminal suffixes: inplace=143732 (avg len=2.14)  links=800966 (84.8% of terminal)
  link len: avg=13.15  max=596  total_chars=10531952
  link length distribution (len:count):  4:63058  5:62039  6:59659  7:54131  8:47449  9:44821  10:40952  11:37727  12:34320  13:30594  14:29226  15:26885  16:26206  17:21450  18:19914  19:21120  20:19131  21:16702  22:14529  23:13405  24:12440  25:10970  26:9615  27:8669  28:7752  29:7002  30:6267  31:5704  32:4931  33:4493  34:4087  35:3562  36:3323  37:3007  38:2533  39:2401  40:2145  41:1856  42:1793  43:1565  44:1379  45:1246  46:1005  47:985  48:849  49:826  50:642  51:609  52:482  53:442  54:385  55:389  56:339  57:263  58:263  59:238  60:228  61:217  62:184  63:166  64:151  65:119  66:125  67:156  68:131  69:105  70:94  71:74  72:74  73:77  74:67  75:66  76:74  77:39  78:49  79:44  80:45  81:42  82:48  83:36  84:31  85:34  86:39  87:18  88:23  89:15  90:18  91:31  92:24  93:20  94:16  95:16  96:16  97:12  98:16  99:14  100:17  101:16  102:2  103:18  104:4  105:3  106:10  107:11  108:9  109:19  110:13  111:7  112:6  113:5  114:3  115:8  116:5  117:6  118:7  119:10  120:11  121:9  122:10  123:8  124:9  125:7  126:5  127:7  128:18  129:5  130:4  131:10  132:3  133:4  134:4  135:4  136:3  137:4  139:2  140:3  141:2  142:2  143:4  144:7  145:1  146:5  147:5  148:1  149:4  150:4  152:1  153:6  154:3  155:1  156:2  157:1  158:1  159:1  161:2  162:1  163:2  164:1  165:1  166:1  167:3  168:3  170:1  174:1  177:2  180:3  182:2  183:1  184:2  188:1  189:3  190:1  191:1  192:1  193:1  194:1  195:2  199:1  202:2  204:2  206:1  207:1  209:2  211:1  213:1  215:2  219:1  220:1  222:1  224:1  225:1  226:1  229:1  233:1  236:1  238:2  240:1  241:1  246:1  247:1  249:1  252:1  254:1  256:1  260:1  264:1  271:1  311:1  337:1  383:1  506:1  597:1
1565.743468,9.773470,958.153654
[PASSED]
[time 3.33 s, user 3.11 s, sys 0.19 s, maxrss 228252 KB]
[busy 347 jiffies]
[exit 0]
--- c2 case 0 rec 0   load 1.07 1.08 1.13
[TEST C2-FST]
Processing dataset...
Done!
Building trie...
Done!
build time: 1204.335861 ms (1204.335861 ns per key)
space cost: 11.640069 MB (23.310202% of original size 49.935513 MB)
Querying trie...
Done!
total time: 808.158184 ms, avg latency: 808.158184 ns
topology: 1.074997 MB, link: 2.347375 MB, data: 8.217697 MB
--- Unary Path Analysis (FST, cutoff=4) ---
  shared unary steps in main trie: 711966
  terminal suffixes: inplace=143732 (avg len=2.14)  links=800966 (84.8% of terminal)
  link len: avg=13.15  max=596  total_chars=10531952
  link length distribution (len:count):  4:63058  5:62039  6:59659  7:54131  8:47449  9:44821  10:40952  11:37727  12:34320  13:30594  14:29226  15:26885  16:26206  17:21450  18:19914  19:21120  20:19131  21:16702  22:14529  23:13405  24:12440  25:10970  26:9615  27:8669  28:7752  29:7002  30:6267  31:5704  32:4931  33:4493  34:4087  35:3562  36:3323  37:3007  38:2533  39:2401  40:2145  41:1856  42:1793  43:1565  44:1379  45:1246  46:1005  47:985  48:849  49:826  50:642  51:609  52:482  53:442  54:385  55:389  56:339  57:263  58:263  59:238  60:228  61:217  62:184  63:166  64:151  65:119  66:125  67:156  68:131  69:105  70:94  71:74  72:74  73:77  74:67  75:66  76:74  77:39  78:49  79:44  80:45  81:42  82:48  83:36  84:31  85:34  86:39  87:18  88:23  89:15  90:18  91:31  92:24  93:20  94:16  95:16  96:16  97:12  98:16  99:14  100:17  101:16  102:2  103:18  104:4  105:3  106:10  107:11  108:9  109:19  110:13  111:7  112:6  113:5  114:3  115:8  116:5  117:6  118:7  119:10  120:11  121:9  122:10  123:8  124:9  125:7  126:5  127:7  128:18  129:5  130:4  131:10  132:3  133:4  134:4  135:4  136:3  137:4  139:2  140:3  141:2  142:2  143:4  144:7  145:1  146:5  147:5  148:1  149:4  150:4  152:1  153:6  154:3  155:1  156:2  157:1  158:1  159:1  161:2  162:1  163:2  164:1  165:1  166:1  167:3  168:3  170:1  174:1  177:2  180:3  182:2  183:1  184:2  188:1  189:3  190:1  191:1  192:1  193:1  194:1  195:2  199:1  202:2  204:2  206:1  207:1  209:2  211:1  213:1  215:2  219:1  220:1  222:1  224:1  225:1  226:1  229:1  233:1  236:1  238:2  240:1  241:1  246:1  247:1  249:1  252:1  254:1  256:1  260:1  264:1  271:1  311:1  337:1  383:1  506:1  597:1
1204.335861,11.640069,808.158184
[PASSED]
[time 2.81 s, user 2.63 s, sys 0.16 s, maxrss 231596 KB]
[busy 290 jiffies]
[exit 0]
--- lexindex string   load 1.06 1.08 1.13
1000000 keys
lexindex StringIndex: build 1122 ms, size 16.099 MiB (16.881 B/key), latency cold 609.0 ns, then mean 606.2 / min 604.9 ns
1121.622,16.099341,609.037
[time 4.13 s, user 4.00 s, sys 0.11 s, maxrss 219648 KB]
[busy 430 jiffies]
[exit 0]
--- lexindex dict1024   load 1.06 1.07 1.13
1000000 keys
lexindex DictIndex block 1024: build 510 ms, size 6.944 MiB (7.281 B/key), latency cold 547.5 ns, then mean 545.2 / min 544.5 ns
510.130,6.943998,547.499
[time 3.29 s, user 5.18 s, sys 0.36 s, maxrss 375620 KB]
[busy 583 jiffies]
[exit 0]
--- lexindex dict256   load 1.05 1.07 1.13
1000000 keys
lexindex DictIndex block 256: build 461 ms, size 7.186 MiB (7.535 B/key), latency cold 483.7 ns, then mean 471.9 / min 466.2 ns
460.716,7.185664,483.693
[time 2.96 s, user 5.89 s, sys 0.40 s, maxrss 364456 KB]
[busy 653 jiffies]
[exit 0]
--- lexindex dict32   load 1.05 1.07 1.13
1000000 keys
lexindex DictIndex block 32: build 444 ms, size 8.445 MiB (8.856 B/key), latency cold 460.2 ns, then mean 455.3 / min 451.5 ns
443.831,8.445328,460.246
[time 2.87 s, user 5.71 s, sys 0.41 s, maxrss 360488 KB]
[busy 636 jiffies]
[exit 0]

##### titles-zh-1000000 (1000000 lines, 17871822 bytes)   round 2/3   2026-09-19T12:05:28+03:00
--- xcdat 16   load 0.96 1.05 1.12
build time: 506.925609 ms
space cost: 13.463712 MiB (83.676351% of original size 16.090223 MiB)
avg latency: 206.933698 ns
506.925609,13.463712,206.933698
[time 1.23 s, user 1.12 s, sys 0.09 s, maxrss 149128 KB]
[busy 128 jiffies]
[exit 0]
--- xcdat 15   load 0.96 1.05 1.12
build time: 525.843747 ms
space cost: 12.949578 MiB (80.481035% of original size 16.090223 MiB)
avg latency: 189.772574 ns
525.843747,12.949578,189.772574
[time 1.22 s, user 1.12 s, sys 0.09 s, maxrss 148708 KB]
[busy 127 jiffies]
[exit 0]
--- xcdat 8   load 0.96 1.05 1.12
build time: 504.653939 ms
space cost: 11.129195 MiB (69.167438% of original size 16.090223 MiB)
avg latency: 215.069002 ns
504.653939,11.129195,215.069002
[time 1.23 s, user 1.12 s, sys 0.09 s, maxrss 147844 KB]
[busy 128 jiffies]
[exit 0]
--- xcdat 7   load 0.97 1.05 1.12
build time: 546.762225 ms
space cost: 11.666194 MiB (72.504860% of original size 16.090223 MiB)
avg latency: 230.581667 ns
546.762225,11.666194,230.581667
[time 1.28 s, user 1.18 s, sys 0.09 s, maxrss 147824 KB]
[busy 137 jiffies]
[exit 0]
--- c2 case 8 rec 0   load 0.97 1.05 1.12
[TEST CART]
Processing dataset...
Done!
Building trie...
Done!
build time: 184.049544 ms (184.049544 ns per key)
space cost: 15.100161 MB (93.846806% of original size 16.090223 MB)
Querying trie...
Done!
total time: 414.869780 ms, avg latency: 414.869780 ns
not implemented
184.049544,15.100161,414.869780
[PASSED]
[time 1.11 s, user 1.02 s, sys 0.08 s, maxrss 146836 KB]
[busy 118 jiffies]
[exit 0]
--- c2 case 7 rec 0   load 0.97 1.05 1.12
[TEST ART]
Processing dataset...
Done!
Building trie...
Done!
build time: 133.448511 ms (133.448511 ns per key)
space cost: 33.565483 MB (208.607938% of original size 16.090223 MB)
Querying trie...
Done!
total time: 349.839438 ms, avg latency: 349.839438 ns
not implemented
133.448511,33.565483,349.839438
[PASSED]
[time 0.98 s, user 0.88 s, sys 0.09 s, maxrss 155636 KB]
[busy 106 jiffies]
[exit 0]
--- c2 case 6 rec 0   load 0.97 1.05 1.12
[TEST PDT]
Processing dataset...
Done!
Building trie...
dict size: 161960, stream size: 6363323
Done!
build time: 3098.653248 ms (3098.653248 ns per key)
space cost: 7.499054 MB (46.606276% of original size 16.090223 MB)
Querying trie...
Done!
total time: 617.152452 ms, avg latency: 617.152452 ns
not implemented
3098.653248,7.499054,617.152452
[PASSED]
[time 4.20 s, user 4.08 s, sys 0.09 s, maxrss 166796 KB]
[busy 437 jiffies]
[exit 0]
--- c2 case 5 rec 2   load 0.97 1.05 1.12
[TEST MARISA]
Processing dataset...
Done!
Building trie...
Done!
build time: 666.754457 ms (666.754457 ns per key)
space cost: 6.233802 MB (38.742793% of original size 16.090223 MB)
Querying trie...
Done!
total time: 754.709097 ms, avg latency: 754.709097 ns
not implemented
666.754457,6.233802,754.709097
[PASSED]
[time 1.91 s, user 1.79 s, sys 0.11 s, maxrss 182284 KB]
[busy 198 jiffies]
[exit 0]
--- c2 case 5 rec 1   load 0.97 1.05 1.12
[TEST MARISA]
Processing dataset...
Done!
Building trie...
Done!
build time: 647.348964 ms (647.348964 ns per key)
space cost: 6.703102 MB (41.659472% of original size 16.090223 MB)
Querying trie...
Done!
total time: 674.703551 ms, avg latency: 674.703551 ns
not implemented
647.348964,6.703102,674.703551
[PASSED]
[time 1.82 s, user 1.70 s, sys 0.11 s, maxrss 182148 KB]
[busy 192 jiffies]
[exit 0]
--- c2 case 5 rec 0   load 0.97 1.05 1.12
[TEST MARISA]
Processing dataset...
Done!
Building trie...
Done!
build time: 526.043602 ms (526.043602 ns per key)
space cost: 9.064179 MB (56.333459% of original size 16.090223 MB)
Querying trie...
Done!
total time: 459.809999 ms, avg latency: 459.809999 ns
not implemented
526.043602,9.064179,459.809999
[PASSED]
[time 1.48 s, user 1.35 s, sys 0.12 s, maxrss 182136 KB]
[busy 155 jiffies]
[exit 0]
--- c2 case 4 rec 0   skipped: exit 134 in round 1
--- c2 case 3 rec 0   load 0.98 1.05 1.12
[TEST FST]
Processing dataset...
Done!
Building trie...
Done!
build time: 666.633650 ms (666.633650 ns per key)
space cost: 9.251146 MB (57.495450% of original size 16.090223 MB)
Querying trie...
Done!
total time: 604.185013 ms, avg latency: 604.185013 ns
not implemented
666.633650,9.251146,604.185013
[PASSED]
[time 1.76 s, user 1.67 s, sys 0.08 s, maxrss 110508 KB]
[busy 190 jiffies]
[exit 0]
--- c2 case 2 rec 2   load 0.98 1.05 1.12
[TEST C2-MARISA]
Processing dataset...
Done!
Building trie...
trie size: 2.376703 MB
trie size: 3.200656 MB
trie size: 0.643222 MB
Done!
build time: 997.510698 ms (997.510698 ns per key)
space cost: 7.215687 MB (44.845163% of original size 16.090223 MB)
Querying trie...
Done!
total time: 281.918323 ms, avg latency: 281.918323 ns
topology: 1.146584 MB, link: 2.476871 MB, data: 3.571725 MB
--- Unary Path Analysis (Marisa, cutoff=3) ---
  branches: 1581104  |  single-char: 512959 (32.4%)  short-unary: 177539 (11.2%)  links: 890606 (56.3%)
  link len: avg=9.57  max=221  total_chars=8521548
  link length distribution (len:count):  3:117743  4:70413  5:118917  6:85174  7:37680  8:75877  9:57977  10:30193  11:47337  12:41279  13:18765  14:27062  15:25994  16:13620  17:18901  18:18001  19:8082  20:11948  21:10483  22:5017  23:8072  24:6695  25:3249  26:5099  27:4017  28:2164  29:3054  30:2749  31:1341  32:2116  33:1821  34:942  35:1314  36:1256  37:587  38:865  39:798  40:341  41:600  42:486  43:231  44:401  45:290  46:126  47:187  48:184  49:84  50:123  51:115  52:56  53:77  54:82  55:43  56:74  57:60  58:29  59:35  60:27  61:10  62:32  63:19  64:19  65:20  66:11  67:19  68:16  69:13  70:6  71:14  72:16  73:6  74:9  75:5  76:5  77:7  78:5  79:2  80:17  81:2  82:7  83:8  84:7  85:3  86:7  87:7  88:3  89:3  90:2  91:4  92:3  93:3  94:1  95:1  96:4  97:5  98:1  99:4  102:2  103:1  104:1  105:1  107:2  108:1  113:2  114:1  116:1  117:1  121:1  122:1  123:1  125:1  131:1  139:1  149:1  152:1  156:2  185:1  189:1  205:1  221:1
  short unary avg len: 2.00
997.510698,7.215687,281.918323
[PASSED]
[time 1.78 s, user 1.64 s, sys 0.13 s, maxrss 216512 KB]
[busy 186 jiffies]
[exit 0]
--- c2 case 2 rec 1   load 0.98 1.05 1.12
[TEST C2-MARISA]
Processing dataset...
Done!
Building trie...
trie size: 2.376703 MB
trie size: 3.200656 MB
Done!
build time: 929.417589 ms (929.417589 ns per key)
space cost: 7.215687 MB (44.845163% of original size 16.090223 MB)
Querying trie...
Done!
total time: 285.146282 ms, avg latency: 285.146282 ns
topology: 1.146584 MB, link: 2.476871 MB, data: 3.571725 MB
--- Unary Path Analysis (Marisa, cutoff=3) ---
  branches: 1581104  |  single-char: 512959 (32.4%)  short-unary: 177539 (11.2%)  links: 890606 (56.3%)
  link len: avg=9.57  max=221  total_chars=8521548
  link length distribution (len:count):  3:117743  4:70413  5:118917  6:85174  7:37680  8:75877  9:57977  10:30193  11:47337  12:41279  13:18765  14:27062  15:25994  16:13620  17:18901  18:18001  19:8082  20:11948  21:10483  22:5017  23:8072  24:6695  25:3249  26:5099  27:4017  28:2164  29:3054  30:2749  31:1341  32:2116  33:1821  34:942  35:1314  36:1256  37:587  38:865  39:798  40:341  41:600  42:486  43:231  44:401  45:290  46:126  47:187  48:184  49:84  50:123  51:115  52:56  53:77  54:82  55:43  56:74  57:60  58:29  59:35  60:27  61:10  62:32  63:19  64:19  65:20  66:11  67:19  68:16  69:13  70:6  71:14  72:16  73:6  74:9  75:5  76:5  77:7  78:5  79:2  80:17  81:2  82:7  83:8  84:7  85:3  86:7  87:7  88:3  89:3  90:2  91:4  92:3  93:3  94:1  95:1  96:4  97:5  98:1  99:4  102:2  103:1  104:1  105:1  107:2  108:1  113:2  114:1  116:1  117:1  121:1  122:1  123:1  125:1  131:1  139:1  149:1  152:1  156:2  185:1  189:1  205:1  221:1
  short unary avg len: 2.00
929.417589,7.215687,285.146282
[PASSED]
[time 1.71 s, user 1.57 s, sys 0.13 s, maxrss 216460 KB]
[busy 180 jiffies]
[exit 0]
--- c2 case 2 rec 0   load 0.90 1.03 1.11
[TEST C2-MARISA]
Processing dataset...
Done!
Building trie...
trie size: 2.376703 MB
Done!
build time: 729.067800 ms (729.067800 ns per key)
space cost: 9.316646 MB (57.902525% of original size 16.090223 MB)
Querying trie...
Done!
total time: 328.618041 ms, avg latency: 328.618041 ns
topology: 0.787403 MB, link: 2.444094 MB, data: 6.064641 MB
--- Unary Path Analysis (Marisa, cutoff=3) ---
  branches: 1581104  |  single-char: 512959 (32.4%)  short-unary: 177539 (11.2%)  links: 890606 (56.3%)
  link len: avg=9.57  max=221  total_chars=8521548
  link length distribution (len:count):  3:117743  4:70413  5:118917  6:85174  7:37680  8:75877  9:57977  10:30193  11:47337  12:41279  13:18765  14:27062  15:25994  16:13620  17:18901  18:18001  19:8082  20:11948  21:10483  22:5017  23:8072  24:6695  25:3249  26:5099  27:4017  28:2164  29:3054  30:2749  31:1341  32:2116  33:1821  34:942  35:1314  36:1256  37:587  38:865  39:798  40:341  41:600  42:486  43:231  44:401  45:290  46:126  47:187  48:184  49:84  50:123  51:115  52:56  53:77  54:82  55:43  56:74  57:60  58:29  59:35  60:27  61:10  62:32  63:19  64:19  65:20  66:11  67:19  68:16  69:13  70:6  71:14  72:16  73:6  74:9  75:5  76:5  77:7  78:5  79:2  80:17  81:2  82:7  83:8  84:7  85:3  86:7  87:7  88:3  89:3  90:2  91:4  92:3  93:3  94:1  95:1  96:4  97:5  98:1  99:4  102:2  103:1  104:1  105:1  107:2  108:1  113:2  114:1  116:1  117:1  121:1  122:1  123:1  125:1  131:1  139:1  149:1  152:1  156:2  185:1  189:1  205:1  221:1
  short unary avg len: 2.00
729.067800,9.316646,328.618041
[PASSED]
[time 1.54 s, user 1.40 s, sys 0.12 s, maxrss 216212 KB]
[busy 159 jiffies]
[exit 0]
--- c2 case 1 rec 2   load 0.90 1.03 1.11
[TEST C2-CoCo(LOUDS-Sparse)]
Processing dataset...
Done!
Building trie...
trie size: 2.382156 MB
trie size: 0.519189 MB
Done!
build time: 1849.259636 ms (1849.259636 ns per key)
space cost: 8.575588 MB (53.296888% of original size 16.090223 MB)
Querying trie...
Done!
total time: 640.224509 ms, avg latency: 640.224509 ns
topology: 0.704411 MB, link: 2.913508 MB, data: 4.957669 MB
1849.259636,8.575588,640.224509
[PASSED]
[time 2.99 s, user 2.77 s, sys 0.20 s, maxrss 343692 KB]
[busy 312 jiffies]
[exit 0]
--- c2 case 1 rec 1   load 0.91 1.03 1.11
[TEST C2-CoCo(LOUDS-Sparse)]
Processing dataset...
Done!
Building trie...
trie size: 2.382156 MB
Done!
build time: 1780.353608 ms (1780.353608 ns per key)
space cost: 8.575588 MB (53.296888% of original size 16.090223 MB)
Querying trie...
Done!
total time: 641.492433 ms, avg latency: 641.492433 ns
topology: 0.704411 MB, link: 2.913508 MB, data: 4.957669 MB
1780.353608,8.575588,641.492433
[PASSED]
[time 2.92 s, user 2.71 s, sys 0.19 s, maxrss 343652 KB]
[busy 306 jiffies]
[exit 0]
--- c2 case 1 rec 0   load 0.83 1.01 1.10
[TEST C2-CoCo(LOUDS-Sparse)]
Processing dataset...
Done!
Building trie...
Done!
build time: 1626.605512 ms (1626.605512 ns per key)
space cost: 10.076944 MB (62.627748% of original size 16.090223 MB)
Querying trie...
Done!
total time: 617.628717 ms, avg latency: 617.628717 ns
topology: 0.428116 MB, link: 2.771456 MB, data: 6.877373 MB
1626.605512,10.076944,617.628717
[PASSED]
[time 2.73 s, user 2.53 s, sys 0.18 s, maxrss 343812 KB]
[busy 288 jiffies]
[exit 0]
--- c2 case 0 rec 2   load 0.83 1.01 1.10
[TEST C2-FST]
Processing dataset...
Done!
Building trie...
trie size: 2.382156 MB
trie size: 0.519189 MB
Done!
build time: 883.834640 ms (883.834640 ns per key)
space cost: 7.814046 MB (48.563937% of original size 16.090223 MB)
Querying trie...
Done!
total time: 429.268249 ms, avg latency: 429.268249 ns
topology: 1.289776 MB, link: 2.002253 MB, data: 4.522017 MB
--- Unary Path Analysis (FST, cutoff=4) ---
  shared unary steps in main trie: 533155
  terminal suffixes: inplace=237541 (avg len=1.85)  links=651614 (73.3% of terminal)
  link len: avg=9.49  max=219  total_chars=6184530
  link length distribution (len:count):  4:101787  5:75109  6:33236  7:70197  8:54797  9:28682  10:45020  11:39800  12:18111  13:26128  14:25316  15:13287  16:18412  17:17629  18:7811  19:11663  20:10322  21:4897  22:7909  23:6587  24:3201  25:5027  26:3953  27:2124  28:3009  29:2707  30:1318  31:2090  32:1807  33:932  34:1302  35:1246  36:576  37:856  38:792  39:335  40:596  41:485  42:228  43:398  44:289  45:126  46:187  47:184  48:83  49:123  50:115  51:56  52:76  53:79  54:43  55:73  56:58  57:28  58:35  59:27  60:9  61:32  62:19  63:18  64:20  65:11  66:19  67:16  68:13  69:6  70:14  71:16  72:6  73:9  74:5  75:5  76:7  77:5  78:2  79:17  80:2  81:7  82:8  83:7  84:3  85:7  86:7  87:3  88:3  89:2  90:4  91:3  92:3  93:1  94:1  95:3  96:5  97:1  98:4  101:2  102:1  103:1  104:1  106:2  107:1  112:2  113:1  115:1  116:1  120:1  121:1  122:1  124:1  130:1  138:1  148:1  151:1  155:2  184:1  188:1  204:1  220:1
883.834640,7.814046,429.268249
[PASSED]
[time 1.81 s, user 1.69 s, sys 0.11 s, maxrss 186176 KB]
[busy 189 jiffies]
[exit 0]
--- c2 case 0 rec 1   load 0.85 1.01 1.10
[TEST C2-FST]
Processing dataset...
Done!
Building trie...
trie size: 2.382156 MB
Done!
build time: 824.184856 ms (824.184856 ns per key)
space cost: 7.814046 MB (48.563937% of original size 16.090223 MB)
Querying trie...
Done!
total time: 430.060389 ms, avg latency: 430.060389 ns
topology: 1.289776 MB, link: 2.002253 MB, data: 4.522017 MB
--- Unary Path Analysis (FST, cutoff=4) ---
  shared unary steps in main trie: 533155
  terminal suffixes: inplace=237541 (avg len=1.85)  links=651614 (73.3% of terminal)
  link len: avg=9.49  max=219  total_chars=6184530
  link length distribution (len:count):  4:101787  5:75109  6:33236  7:70197  8:54797  9:28682  10:45020  11:39800  12:18111  13:26128  14:25316  15:13287  16:18412  17:17629  18:7811  19:11663  20:10322  21:4897  22:7909  23:6587  24:3201  25:5027  26:3953  27:2124  28:3009  29:2707  30:1318  31:2090  32:1807  33:932  34:1302  35:1246  36:576  37:856  38:792  39:335  40:596  41:485  42:228  43:398  44:289  45:126  46:187  47:184  48:83  49:123  50:115  51:56  52:76  53:79  54:43  55:73  56:58  57:28  58:35  59:27  60:9  61:32  62:19  63:18  64:20  65:11  66:19  67:16  68:13  69:6  70:14  71:16  72:6  73:9  74:5  75:5  76:7  77:5  78:2  79:17  80:2  81:7  82:8  83:7  84:3  85:7  86:7  87:3  88:3  89:2  90:4  91:3  92:3  93:1  94:1  95:3  96:5  97:1  98:4  101:2  102:1  103:1  104:1  106:2  107:1  112:2  113:1  115:1  116:1  120:1  121:1  122:1  124:1  130:1  138:1  148:1  151:1  155:2  184:1  188:1  204:1  220:1
824.184856,7.814046,430.060389
[PASSED]
[time 1.75 s, user 1.62 s, sys 0.12 s, maxrss 186332 KB]
[busy 186 jiffies]
[exit 0]
--- c2 case 0 rec 0   load 0.78 0.99 1.10
[TEST C2-FST]
Processing dataset...
Done!
Building trie...
Done!
build time: 653.031918 ms (653.031918 ns per key)
space cost: 9.315402 MB (57.894796% of original size 16.090223 MB)
Querying trie...
Done!
total time: 418.871243 ms, avg latency: 418.871243 ns
topology: 1.013481 MB, link: 1.860200 MB, data: 6.441721 MB
--- Unary Path Analysis (FST, cutoff=4) ---
  shared unary steps in main trie: 533155
  terminal suffixes: inplace=237541 (avg len=1.85)  links=651614 (73.3% of terminal)
  link len: avg=9.49  max=219  total_chars=6184530
  link length distribution (len:count):  4:101787  5:75109  6:33236  7:70197  8:54797  9:28682  10:45020  11:39800  12:18111  13:26128  14:25316  15:13287  16:18412  17:17629  18:7811  19:11663  20:10322  21:4897  22:7909  23:6587  24:3201  25:5027  26:3953  27:2124  28:3009  29:2707  30:1318  31:2090  32:1807  33:932  34:1302  35:1246  36:576  37:856  38:792  39:335  40:596  41:485  42:228  43:398  44:289  45:126  46:187  47:184  48:83  49:123  50:115  51:56  52:76  53:79  54:43  55:73  56:58  57:28  58:35  59:27  60:9  61:32  62:19  63:18  64:20  65:11  66:19  67:16  68:13  69:6  70:14  71:16  72:6  73:9  74:5  75:5  76:7  77:5  78:2  79:17  80:2  81:7  82:8  83:7  84:3  85:7  86:7  87:3  88:3  89:2  90:4  91:3  92:3  93:1  94:1  95:3  96:5  97:1  98:4  101:2  102:1  103:1  104:1  106:2  107:1  112:2  113:1  115:1  116:1  120:1  121:1  122:1  124:1  130:1  138:1  148:1  151:1  155:2  184:1  188:1  204:1  220:1
653.031918,9.315402,418.871243
[PASSED]
[time 1.55 s, user 1.42 s, sys 0.12 s, maxrss 186140 KB]
[busy 163 jiffies]
[exit 0]
--- lexindex string   load 0.78 0.99 1.10
1000000 keys
lexindex StringIndex: build 770 ms, size 16.712 MiB (17.523 B/key), latency cold 378.9 ns, then mean 380.6 / min 378.7 ns
769.988,16.711605,378.922
[time 2.79 s, user 2.70 s, sys 0.07 s, maxrss 151964 KB]
[busy 297 jiffies]
[exit 0]
--- lexindex dict1024   load 0.80 0.99 1.09
1000000 keys
lexindex DictIndex block 1024: build 383 ms, size 5.831 MiB (6.114 B/key), latency cold 469.3 ns, then mean 460.5 / min 459.1 ns
383.084,5.830638,469.303
[time 2.75 s, user 4.10 s, sys 0.28 s, maxrss 272472 KB]
[busy 461 jiffies]
[exit 0]
--- lexindex dict256   load 0.73 0.98 1.09
1000000 keys
lexindex DictIndex block 256: build 341 ms, size 6.001 MiB (6.292 B/key), latency cold 403.7 ns, then mean 401.0 / min 398.7 ns
340.574,6.000659,403.748
[time 2.47 s, user 4.62 s, sys 0.28 s, maxrss 259728 KB]
[busy 517 jiffies]
[exit 0]
--- lexindex dict32   load 0.73 0.98 1.09
1000000 keys
lexindex DictIndex block 32: build 333 ms, size 6.343 MiB (6.651 B/key), latency cold 358.3 ns, then mean 351.5 / min 349.5 ns
332.807,6.342973,358.323
[time 2.26 s, user 4.33 s, sys 0.31 s, maxrss 258060 KB]
[busy 486 jiffies]
[exit 0]

##### titles-ru-1000000 (1000000 lines, 36819661 bytes)   round 2/3   2026-09-19T12:06:40+03:00
--- xcdat 16   load 0.76 0.98 1.09
build time: 778.201895 ms
space cost: 22.860906 MiB (66.922456% of original size 34.160291 MiB)
avg latency: 374.894052 ns
778.201895,22.860906,374.894052
[time 1.86 s, user 1.68 s, sys 0.17 s, maxrss 213280 KB]
[busy 200 jiffies]
[exit 0]
--- xcdat 15   load 0.70 0.96 1.08
build time: 815.358943 ms
space cost: 22.013930 MiB (64.443041% of original size 34.160291 MiB)
avg latency: 356.592354 ns
815.358943,22.013930,356.592354
[time 1.88 s, user 1.72 s, sys 0.15 s, maxrss 213164 KB]
[busy 197 jiffies]
[exit 0]
--- xcdat 8   load 0.70 0.96 1.08
build time: 771.266406 ms
space cost: 18.486019 MiB (54.115521% of original size 34.160291 MiB)
avg latency: 371.904963 ns
771.266406,18.486019,371.904963
[time 1.86 s, user 1.71 s, sys 0.14 s, maxrss 207568 KB]
[busy 197 jiffies]
[exit 0]
--- xcdat 7   load 0.80 0.98 1.09
build time: 823.274314 ms
space cost: 18.793670 MiB (55.016129% of original size 34.160291 MiB)
avg latency: 405.366202 ns
823.274314,18.793670,405.366202
[time 1.94 s, user 1.78 s, sys 0.15 s, maxrss 207312 KB]
[busy 206 jiffies]
[exit 0]
--- c2 case 8 rec 0   load 0.80 0.98 1.09
[TEST CART]
Processing dataset...
Done!
Building trie...
Done!
build time: 293.706515 ms (293.706515 ns per key)
space cost: 17.935776 MB (52.504752% of original size 34.160291 MB)
Querying trie...
Done!
total time: 643.302886 ms, avg latency: 643.302886 ns
not implemented
293.706515,17.935776,643.302886
[PASSED]
[time 1.65 s, user 1.52 s, sys 0.12 s, maxrss 228724 KB]
[busy 172 jiffies]
[exit 0]
--- c2 case 7 rec 0   load 0.82 0.98 1.09
[TEST ART]
Processing dataset...
Done!
Building trie...
Done!
build time: 228.776834 ms (228.776834 ns per key)
space cost: 37.032776 MB (108.408843% of original size 34.160291 MB)
Querying trie...
Done!
total time: 568.190942 ms, avg latency: 568.190942 ns
not implemented
228.776834,37.032776,568.190942
[PASSED]
[time 1.52 s, user 1.38 s, sys 0.13 s, maxrss 239472 KB]
[busy 162 jiffies]
[exit 0]
--- c2 case 6 rec 0   load 0.82 0.98 1.09
[TEST PDT]
Processing dataset...
Done!
Building trie...
dict size: 149058, stream size: 8676288
Done!
build time: 2752.223320 ms (2752.223320 ns per key)
space cost: 9.692565 MB (28.373778% of original size 34.160291 MB)
Querying trie...
Done!
total time: 771.227262 ms, avg latency: 771.227262 ns
not implemented
2752.223320,9.692565,771.227262
[PASSED]
[time 4.24 s, user 4.01 s, sys 0.21 s, maxrss 238184 KB]
[busy 454 jiffies]
[exit 0]
--- c2 case 5 rec 2   load 0.83 0.98 1.09
[TEST MARISA]
Processing dataset...
Done!
Building trie...
Done!
build time: 989.603512 ms (989.603512 ns per key)
space cost: 8.209226 MB (24.031487% of original size 34.160291 MB)
Querying trie...
Done!
total time: 1228.945849 ms, avg latency: 1228.945849 ns
not implemented
989.603512,8.209226,1228.945849
[PASSED]
[time 2.92 s, user 2.76 s, sys 0.15 s, maxrss 230796 KB]
[busy 302 jiffies]
[exit 0]
--- c2 case 5 rec 1   load 0.84 0.98 1.09
[TEST MARISA]
Processing dataset...
Done!
Building trie...
Done!
build time: 943.653043 ms (943.653043 ns per key)
space cost: 9.445531 MB (27.650616% of original size 34.160291 MB)
Querying trie...
Done!
total time: 1081.330534 ms, avg latency: 1081.330534 ns
not implemented
943.653043,9.445531,1081.330534
[PASSED]
[time 2.72 s, user 2.57 s, sys 0.14 s, maxrss 231208 KB]
[busy 283 jiffies]
[exit 0]
--- c2 case 5 rec 0   load 0.86 0.98 1.09
[TEST MARISA]
Processing dataset...
Done!
Building trie...
Done!
build time: 754.854750 ms (754.854750 ns per key)
space cost: 14.925114 MB (43.691413% of original size 34.160291 MB)
Querying trie...
Done!
total time: 682.778323 ms, avg latency: 682.778323 ns
not implemented
754.854750,14.925114,682.778323
[PASSED]
[time 2.14 s, user 1.99 s, sys 0.14 s, maxrss 231428 KB]
[busy 227 jiffies]
[exit 0]
--- c2 case 4 rec 0   skipped: exit 134 in round 1
--- c2 case 3 rec 0   load 0.79 0.96 1.08
[TEST FST]
Processing dataset...
Done!
Building trie...
Done!
build time: 1151.169415 ms (1151.169415 ns per key)
space cost: 15.406425 MB (45.100393% of original size 34.160291 MB)
Querying trie...
Done!
total time: 1214.234101 ms, avg latency: 1214.234101 ns
not implemented
1151.169415,15.406425,1214.234101
[PASSED]
[time 3.08 s, user 2.95 s, sys 0.11 s, maxrss 177016 KB]
[busy 324 jiffies]
[exit 0]
--- c2 case 2 rec 2   load 0.79 0.96 1.08
[TEST C2-MARISA]
Processing dataset...
Done!
Building trie...
trie size: 2.484302 MB
trie size: 4.015308 MB
trie size: 1.015766 MB
Done!
build time: 1776.608507 ms (1776.608507 ns per key)
space cost: 8.714260 MB (25.509912% of original size 34.160291 MB)
Querying trie...
Done!
total time: 386.168469 ms, avg latency: 386.168469 ns
topology: 1.481594 MB, link: 3.266720 MB, data: 3.945438 MB
--- Unary Path Analysis (Marisa, cutoff=3) ---
  branches: 1657128  |  single-char: 447774 (27.0%)  short-unary: 128432 (7.8%)  links: 1080922 (65.2%)
  link len: avg=17.77  max=240  total_chars=19212544
  link length distribution (len:count):  3:87321  4:48292  5:58975  6:36358  7:58121  8:33015  9:59626  10:32247  11:55687  12:30072  13:49121  14:27545  15:39628  16:26319  17:32373  18:20972  19:27510  20:17247  21:17760  22:15297  23:13707  24:14933  25:12396  26:15583  27:11863  28:17395  29:11704  30:17896  31:12395  32:17216  33:11862  34:15819  35:11459  36:13046  37:10194  38:10344  39:8104  40:8139  41:6769  42:6000  43:5033  44:5077  45:3963  46:3720  47:3456  48:2871  49:2663  50:2321  51:2168  52:1981  53:1813  54:1693  55:1597  56:1488  57:1344  58:1172  59:1122  60:1025  61:904  62:871  63:814  64:834  65:767  66:626  67:663  68:607  69:568  70:524  71:545  72:489  73:428  74:436  75:441  76:375  77:319  78:357  79:299  80:304  81:282  82:274  83:213  84:203  85:208  86:189  87:193  88:179  89:159  90:153  91:146  92:153  93:110  94:115  95:107  96:113  97:98  98:81  99:92  100:91  101:100  102:69  103:62  104:60  105:53  106:53  107:55  108:63  109:50  110:63  111:44  112:45  113:43  114:49  115:38  116:32  117:45  118:31  119:36  120:28  121:37  122:28  123:24  124:20  125:19  126:32  127:29  128:26  129:15  130:19  131:30  132:11  133:22  134:9  135:11  136:14  137:18  138:15  139:6  140:8  141:14  142:16  143:8  144:10  145:14  146:12  147:8  148:11  149:7  150:9  151:6  152:12  153:9  154:13  155:7  156:5  157:6  158:3  159:8  160:4  161:7  162:11  163:6  164:11  165:3  166:5  167:7  168:4  169:5  170:6  171:3  172:4  173:3  174:9  175:4  176:1  177:4  178:5  179:7  180:4  181:4  182:2  183:6  184:7  185:4  186:2  187:3  188:2  189:2  191:1  192:1  193:3  194:3  195:2  197:2  198:2  199:4  201:1  203:1  206:2  208:2  209:1  211:2  213:2  214:1  218:2  219:2  221:1  223:1  229:2  235:1  240:1
  short unary avg len: 2.00
1776.608507,8.714260,386.168469
[PASSED]
[time 2.87 s, user 2.70 s, sys 0.15 s, maxrss 227280 KB]
[busy 298 jiffies]
[exit 0]
--- c2 case 2 rec 1   load 0.81 0.97 1.08
[TEST C2-MARISA]
Processing dataset...
Done!
Building trie...
trie size: 2.484302 MB
trie size: 4.015308 MB
Done!
build time: 1636.664464 ms (1636.664464 ns per key)
space cost: 9.221785 MB (26.995627% of original size 34.160291 MB)
Querying trie...
Done!
total time: 386.639194 ms, avg latency: 386.639194 ns
topology: 1.302711 MB, link: 3.189349 MB, data: 4.709216 MB
--- Unary Path Analysis (Marisa, cutoff=3) ---
  branches: 1657128  |  single-char: 447774 (27.0%)  short-unary: 128432 (7.8%)  links: 1080922 (65.2%)
  link len: avg=17.77  max=240  total_chars=19212544
  link length distribution (len:count):  3:87321  4:48292  5:58975  6:36358  7:58121  8:33015  9:59626  10:32247  11:55687  12:30072  13:49121  14:27545  15:39628  16:26319  17:32373  18:20972  19:27510  20:17247  21:17760  22:15297  23:13707  24:14933  25:12396  26:15583  27:11863  28:17395  29:11704  30:17896  31:12395  32:17216  33:11862  34:15819  35:11459  36:13046  37:10194  38:10344  39:8104  40:8139  41:6769  42:6000  43:5033  44:5077  45:3963  46:3720  47:3456  48:2871  49:2663  50:2321  51:2168  52:1981  53:1813  54:1693  55:1597  56:1488  57:1344  58:1172  59:1122  60:1025  61:904  62:871  63:814  64:834  65:767  66:626  67:663  68:607  69:568  70:524  71:545  72:489  73:428  74:436  75:441  76:375  77:319  78:357  79:299  80:304  81:282  82:274  83:213  84:203  85:208  86:189  87:193  88:179  89:159  90:153  91:146  92:153  93:110  94:115  95:107  96:113  97:98  98:81  99:92  100:91  101:100  102:69  103:62  104:60  105:53  106:53  107:55  108:63  109:50  110:63  111:44  112:45  113:43  114:49  115:38  116:32  117:45  118:31  119:36  120:28  121:37  122:28  123:24  124:20  125:19  126:32  127:29  128:26  129:15  130:19  131:30  132:11  133:22  134:9  135:11  136:14  137:18  138:15  139:6  140:8  141:14  142:16  143:8  144:10  145:14  146:12  147:8  148:11  149:7  150:9  151:6  152:12  153:9  154:13  155:7  156:5  157:6  158:3  159:8  160:4  161:7  162:11  163:6  164:11  165:3  166:5  167:7  168:4  169:5  170:6  171:3  172:4  173:3  174:9  175:4  176:1  177:4  178:5  179:7  180:4  181:4  182:2  183:6  184:7  185:4  186:2  187:3  188:2  189:2  191:1  192:1  193:3  194:3  195:2  197:2  198:2  199:4  201:1  203:1  206:2  208:2  209:1  211:2  213:2  214:1  218:2  219:2  221:1  223:1  229:2  235:1  240:1
  short unary avg len: 2.00
1636.664464,9.221785,386.639194
[PASSED]
[time 2.74 s, user 2.56 s, sys 0.16 s, maxrss 227016 KB]
[busy 282 jiffies]
[exit 0]
--- c2 case 2 rec 0   load 0.82 0.97 1.08
[TEST C2-MARISA]
Processing dataset...
Done!
Building trie...
trie size: 2.484302 MB
Done!
build time: 1210.135976 ms (1210.135976 ns per key)
space cost: 12.012337 MB (35.164621% of original size 34.160291 MB)
Querying trie...
Done!
total time: 515.027932 ms, avg latency: 515.027932 ns
topology: 0.823292 MB, link: 2.965906 MB, data: 8.202631 MB
--- Unary Path Analysis (Marisa, cutoff=3) ---
  branches: 1657128  |  single-char: 447774 (27.0%)  short-unary: 128432 (7.8%)  links: 1080922 (65.2%)
  link len: avg=17.77  max=240  total_chars=19212544
  link length distribution (len:count):  3:87321  4:48292  5:58975  6:36358  7:58121  8:33015  9:59626  10:32247  11:55687  12:30072  13:49121  14:27545  15:39628  16:26319  17:32373  18:20972  19:27510  20:17247  21:17760  22:15297  23:13707  24:14933  25:12396  26:15583  27:11863  28:17395  29:11704  30:17896  31:12395  32:17216  33:11862  34:15819  35:11459  36:13046  37:10194  38:10344  39:8104  40:8139  41:6769  42:6000  43:5033  44:5077  45:3963  46:3720  47:3456  48:2871  49:2663  50:2321  51:2168  52:1981  53:1813  54:1693  55:1597  56:1488  57:1344  58:1172  59:1122  60:1025  61:904  62:871  63:814  64:834  65:767  66:626  67:663  68:607  69:568  70:524  71:545  72:489  73:428  74:436  75:441  76:375  77:319  78:357  79:299  80:304  81:282  82:274  83:213  84:203  85:208  86:189  87:193  88:179  89:159  90:153  91:146  92:153  93:110  94:115  95:107  96:113  97:98  98:81  99:92  100:91  101:100  102:69  103:62  104:60  105:53  106:53  107:55  108:63  109:50  110:63  111:44  112:45  113:43  114:49  115:38  116:32  117:45  118:31  119:36  120:28  121:37  122:28  123:24  124:20  125:19  126:32  127:29  128:26  129:15  130:19  131:30  132:11  133:22  134:9  135:11  136:14  137:18  138:15  139:6  140:8  141:14  142:16  143:8  144:10  145:14  146:12  147:8  148:11  149:7  150:9  151:6  152:12  153:9  154:13  155:7  156:5  157:6  158:3  159:8  160:4  161:7  162:11  163:6  164:11  165:3  166:5  167:7  168:4  169:5  170:6  171:3  172:4  173:3  174:9  175:4  176:1  177:4  178:5  179:7  180:4  181:4  182:2  183:6  184:7  185:4  186:2  187:3  188:2  189:2  191:1  192:1  193:3  194:3  195:2  197:2  198:2  199:4  201:1  203:1  206:2  208:2  209:1  211:2  213:2  214:1  218:2  219:2  221:1  223:1  229:2  235:1  240:1
  short unary avg len: 2.00
1210.135976,12.012337,515.027932
[PASSED]
[time 2.44 s, user 2.27 s, sys 0.15 s, maxrss 243564 KB]
[busy 255 jiffies]
[exit 0]
--- c2 case 1 rec 2   load 0.76 0.95 1.07
[TEST C2-CoCo(LOUDS-Sparse)]
Processing dataset...
Done!
Building trie...
trie size: 3.233313 MB
trie size: 0.910584 MB
Done!
build time: 3981.679518 ms (3981.679518 ns per key)
space cost: 12.113895 MB (35.461921% of original size 34.160291 MB)
Querying trie...
Done!
total time: 1042.175681 ms, avg latency: 1042.175681 ns
topology: 0.884426 MB, link: 4.023585 MB, data: 7.205884 MB
3981.679518,12.113895,1042.175681
[PASSED]
[time 5.73 s, user 5.46 s, sys 0.24 s, maxrss 432356 KB]
[busy 595 jiffies]
[exit 0]
--- c2 case 1 rec 1   load 0.86 0.97 1.08
[TEST C2-CoCo(LOUDS-Sparse)]
Processing dataset...
Done!
Building trie...
trie size: 3.233313 MB
Done!
build time: 3842.305207 ms (3842.305207 ns per key)
space cost: 12.113895 MB (35.461921% of original size 34.160291 MB)
Querying trie...
Done!
total time: 1048.684578 ms, avg latency: 1048.684578 ns
topology: 0.884426 MB, link: 4.023585 MB, data: 7.205884 MB
3842.305207,12.113895,1048.684578
[PASSED]
[time 5.60 s, user 5.32 s, sys 0.25 s, maxrss 432136 KB]
[busy 581 jiffies]
[exit 0]
--- c2 case 1 rec 0   load 0.87 0.97 1.08
[TEST C2-CoCo(LOUDS-Sparse)]
Processing dataset...
Done!
Building trie...
Done!
build time: 3463.559312 ms (3463.559312 ns per key)
space cost: 14.618523 MB (42.793905% of original size 34.160291 MB)
Querying trie...
Done!
total time: 1003.825841 ms, avg latency: 1003.825841 ns
topology: 0.472511 MB, link: 3.816133 MB, data: 10.329878 MB
3463.559312,14.618523,1003.825841
[PASSED]
[time 5.17 s, user 4.92 s, sys 0.22 s, maxrss 445672 KB]
[busy 535 jiffies]
[exit 0]
--- c2 case 0 rec 2   load 0.88 0.97 1.08
[TEST C2-FST]
Processing dataset...
Done!
Building trie...
trie size: 3.233313 MB
trie size: 0.910584 MB
Done!
build time: 1812.330767 ms (1812.330767 ns per key)
space cost: 10.950089 MB (32.055021% of original size 34.160291 MB)
Querying trie...
Done!
total time: 738.156066 ms, avg latency: 738.156066 ns
topology: 1.728611 MB, link: 2.656099 MB, data: 6.565378 MB
--- Unary Path Analysis (FST, cutoff=4) ---
  shared unary steps in main trie: 1444849
  terminal suffixes: inplace=70261 (avg len=2.02)  links=837902 (92.3% of terminal)
  link len: avg=18.90  max=238  total_chars=15835418
  link length distribution (len:count):  4:38002  5:25136  6:46678  7:25626  8:51081  9:27061  10:49555  11:26346  12:44099  13:24737  14:35638  15:24081  16:29538  17:19279  18:25434  19:16078  20:16463  21:14405  22:12877  23:14367  24:11738  25:15079  26:11391  27:16946  28:11354  29:17411  30:12058  31:16873  32:11600  33:15555  34:11210  35:12790  36:9994  37:10106  38:7923  39:7962  40:6648  41:5829  42:4930  43:4945  44:3895  45:3528  46:3382  47:2749  48:2598  49:2269  50:2117  51:1901  52:1753  53:1665  54:1553  55:1449  56:1305  57:1145  58:1092  59:1004  60:875  61:848  62:788  63:815  64:741  65:605  66:640  67:594  68:554  69:512  70:530  71:482  72:415  73:428  74:424  75:368  76:310  77:349  78:289  79:299  80:274  81:267  82:209  83:198  84:204  85:187  86:188  87:169  88:154  89:148  90:143  91:149  92:108  93:110  94:105  95:111  96:95  97:79  98:91  99:85  100:98  101:68  102:61  103:57  104:50  105:52  106:54  107:61  108:50  109:62  110:44  111:43  112:42  113:44  114:37  115:29  116:42  117:29  118:35  119:28  120:37  121:28  122:24  123:19  124:19  125:31  126:29  127:26  128:15  129:19  130:30  131:11  132:22  133:9  134:11  135:14  136:17  137:15  138:6  139:7  140:14  141:16  142:8  143:9  144:14  145:12  146:8  147:11  148:7  149:9  150:6  151:12  152:9  153:13  154:7  155:5  156:6  157:3  158:8  159:4  160:7  161:11  162:5  163:11  164:3  165:5  166:7  167:4  168:4  169:6  170:3  171:4  172:3  173:9  174:4  175:1  176:4  177:5  178:6  179:4  180:4  181:2  182:6  183:7  184:4  185:2  186:3  187:2  188:2  190:1  191:1  192:3  193:3  194:2  196:2  197:2  198:4  200:1  202:1  205:2  207:2  208:1  210:2  212:2  213:1  217:2  218:2  220:1  222:1  228:2  234:1  239:1
1812.330767,10.950089,738.156066
[PASSED]
[time 3.27 s, user 3.10 s, sys 0.15 s, maxrss 215420 KB]
[busy 339 jiffies]
[exit 0]
--- c2 case 0 rec 1   load 0.97 0.99 1.08
[TEST C2-FST]
Processing dataset...
Done!
Building trie...
trie size: 3.233313 MB
Done!
build time: 1638.333702 ms (1638.333702 ns per key)
space cost: 10.950089 MB (32.055021% of original size 34.160291 MB)
Querying trie...
Done!
total time: 734.208284 ms, avg latency: 734.208284 ns
topology: 1.728611 MB, link: 2.656099 MB, data: 6.565378 MB
--- Unary Path Analysis (FST, cutoff=4) ---
  shared unary steps in main trie: 1444849
  terminal suffixes: inplace=70261 (avg len=2.02)  links=837902 (92.3% of terminal)
  link len: avg=18.90  max=238  total_chars=15835418
  link length distribution (len:count):  4:38002  5:25136  6:46678  7:25626  8:51081  9:27061  10:49555  11:26346  12:44099  13:24737  14:35638  15:24081  16:29538  17:19279  18:25434  19:16078  20:16463  21:14405  22:12877  23:14367  24:11738  25:15079  26:11391  27:16946  28:11354  29:17411  30:12058  31:16873  32:11600  33:15555  34:11210  35:12790  36:9994  37:10106  38:7923  39:7962  40:6648  41:5829  42:4930  43:4945  44:3895  45:3528  46:3382  47:2749  48:2598  49:2269  50:2117  51:1901  52:1753  53:1665  54:1553  55:1449  56:1305  57:1145  58:1092  59:1004  60:875  61:848  62:788  63:815  64:741  65:605  66:640  67:594  68:554  69:512  70:530  71:482  72:415  73:428  74:424  75:368  76:310  77:349  78:289  79:299  80:274  81:267  82:209  83:198  84:204  85:187  86:188  87:169  88:154  89:148  90:143  91:149  92:108  93:110  94:105  95:111  96:95  97:79  98:91  99:85  100:98  101:68  102:61  103:57  104:50  105:52  106:54  107:61  108:50  109:62  110:44  111:43  112:42  113:44  114:37  115:29  116:42  117:29  118:35  119:28  120:37  121:28  122:24  123:19  124:19  125:31  126:29  127:26  128:15  129:19  130:30  131:11  132:22  133:9  134:11  135:14  136:17  137:15  138:6  139:7  140:14  141:16  142:8  143:9  144:14  145:12  146:8  147:11  148:7  149:9  150:6  151:12  152:9  153:13  154:7  155:5  156:6  157:3  158:8  159:4  160:7  161:11  162:5  163:11  164:3  165:5  166:7  167:4  168:4  169:6  170:3  171:4  172:3  173:9  174:4  175:1  176:4  177:5  178:6  179:4  180:4  181:2  182:6  183:7  184:4  185:2  186:3  187:2  188:2  190:1  191:1  192:3  193:3  194:2  196:2  197:2  198:4  200:1  202:1  205:2  207:2  208:1  210:2  212:2  213:1  217:2  218:2  220:1  222:1  228:2  234:1  239:1
1638.333702,10.950089,734.208284
[PASSED]
[time 3.09 s, user 2.92 s, sys 0.16 s, maxrss 215364 KB]
[busy 319 jiffies]
[exit 0]
--- c2 case 0 rec 0   load 0.97 0.99 1.08
[TEST C2-FST]
Processing dataset...
Done!
Building trie...
Done!
build time: 1251.215638 ms (1251.215638 ns per key)
space cost: 13.454716 MB (39.387006% of original size 34.160291 MB)
Querying trie...
Done!
total time: 725.646768 ms, avg latency: 725.646768 ns
topology: 1.316696 MB, link: 2.448647 MB, data: 9.689372 MB
--- Unary Path Analysis (FST, cutoff=4) ---
  shared unary steps in main trie: 1444849
  terminal suffixes: inplace=70261 (avg len=2.02)  links=837902 (92.3% of terminal)
  link len: avg=18.90  max=238  total_chars=15835418
  link length distribution (len:count):  4:38002  5:25136  6:46678  7:25626  8:51081  9:27061  10:49555  11:26346  12:44099  13:24737  14:35638  15:24081  16:29538  17:19279  18:25434  19:16078  20:16463  21:14405  22:12877  23:14367  24:11738  25:15079  26:11391  27:16946  28:11354  29:17411  30:12058  31:16873  32:11600  33:15555  34:11210  35:12790  36:9994  37:10106  38:7923  39:7962  40:6648  41:5829  42:4930  43:4945  44:3895  45:3528  46:3382  47:2749  48:2598  49:2269  50:2117  51:1901  52:1753  53:1665  54:1553  55:1449  56:1305  57:1145  58:1092  59:1004  60:875  61:848  62:788  63:815  64:741  65:605  66:640  67:594  68:554  69:512  70:530  71:482  72:415  73:428  74:424  75:368  76:310  77:349  78:289  79:299  80:274  81:267  82:209  83:198  84:204  85:187  86:188  87:169  88:154  89:148  90:143  91:149  92:108  93:110  94:105  95:111  96:95  97:79  98:91  99:85  100:98  101:68  102:61  103:57  104:50  105:52  106:54  107:61  108:50  109:62  110:44  111:43  112:42  113:44  114:37  115:29  116:42  117:29  118:35  119:28  120:37  121:28  122:24  123:19  124:19  125:31  126:29  127:26  128:15  129:19  130:30  131:11  132:22  133:9  134:11  135:14  136:17  137:15  138:6  139:7  140:14  141:16  142:8  143:9  144:14  145:12  146:8  147:11  148:7  149:9  150:6  151:12  152:9  153:13  154:7  155:5  156:6  157:3  158:8  159:4  160:7  161:11  162:5  163:11  164:3  165:5  166:7  167:4  168:4  169:6  170:3  171:4  172:3  173:9  174:4  175:1  176:4  177:5  178:6  179:4  180:4  181:2  182:6  183:7  184:4  185:2  186:3  187:2  188:2  190:1  191:1  192:3  193:3  194:2  196:2  197:2  198:4  200:1  202:1  205:2  207:2  208:1  210:2  212:2  213:1  217:2  218:2  220:1  222:1  228:2  234:1  239:1
1251.215638,13.454716,725.646768
[PASSED]
[time 2.68 s, user 2.52 s, sys 0.15 s, maxrss 226560 KB]
[busy 277 jiffies]
[exit 0]
--- lexindex string   load 0.97 0.99 1.08
1000000 keys
lexindex StringIndex: build 1507 ms, size 30.276 MiB (31.746 B/key), latency cold 683.6 ns, then mean 681.3 / min 678.4 ns
1506.726,30.275526,683.613
[time 4.82 s, user 4.69 s, sys 0.11 s, maxrss 212040 KB]
[busy 506 jiffies]
[exit 0]
--- lexindex dict1024   load 0.98 0.99 1.08
1000000 keys
lexindex DictIndex block 1024: build 614 ms, size 7.220 MiB (7.571 B/key), latency cold 540.7 ns, then mean 536.5 / min 535.3 ns
614.474,7.219861,540.679
[time 3.36 s, user 6.04 s, sys 0.31 s, maxrss 354996 KB]
[busy 655 jiffies]
[exit 0]
--- lexindex dict256   load 0.98 0.99 1.08
1000000 keys
lexindex DictIndex block 256: build 509 ms, size 7.451 MiB (7.813 B/key), latency cold 489.9 ns, then mean 476.4 / min 472.1 ns
508.809,7.450783,489.899
[time 3.03 s, user 7.05 s, sys 0.29 s, maxrss 351844 KB]
[busy 761 jiffies]
[exit 0]
--- lexindex dict32   load 0.98 0.99 1.08
1000000 keys
lexindex DictIndex block 32: build 494 ms, size 8.265 MiB (8.667 B/key), latency cold 488.1 ns, then mean 475.3 / min 473.9 ns
493.667,8.265026,488.051
[time 3.01 s, user 6.87 s, sys 0.34 s, maxrss 340372 KB]
[busy 749 jiffies]
[exit 0]

##### titles-en-1000000 (1000000 lines, 21984647 bytes)   round 2/3   2026-09-19T12:08:18+03:00
--- xcdat 16   load 0.98 0.99 1.08
build time: 606.302524 ms
space cost: 16.875467 MiB (84.324554% of original size 20.012519 MiB)
avg latency: 253.368728 ns
606.302524,16.875467,253.368728
[time 1.44 s, user 1.34 s, sys 0.10 s, maxrss 164492 KB]
[busy 152 jiffies]
[exit 0]
--- xcdat 15   load 0.98 0.99 1.08
build time: 629.122697 ms
space cost: 16.333202 MiB (81.614925% of original size 20.012519 MiB)
avg latency: 241.879548 ns
629.122697,16.333202,241.879548
[time 1.45 s, user 1.34 s, sys 0.10 s, maxrss 163624 KB]
[busy 150 jiffies]
[exit 0]
--- xcdat 8   load 0.90 0.97 1.07
build time: 605.059738 ms
space cost: 14.333878 MiB (71.624555% of original size 20.012519 MiB)
avg latency: 253.677549 ns
605.059738,14.333878,253.677549
[time 1.44 s, user 1.32 s, sys 0.11 s, maxrss 161072 KB]
[busy 151 jiffies]
[exit 0]
--- xcdat 7   load 0.90 0.97 1.07
build time: 634.848001 ms
space cost: 14.813288 MiB (74.020106% of original size 20.012519 MiB)
avg latency: 266.889217 ns
634.848001,14.813288,266.889217
[time 1.48 s, user 1.37 s, sys 0.10 s, maxrss 161540 KB]
[busy 155 jiffies]
[exit 0]
--- c2 case 8 rec 0   load 0.83 0.96 1.07
[TEST CART]
Processing dataset...
Done!
Building trie...
Done!
build time: 209.824783 ms (209.824783 ns per key)
space cost: 14.850546 MB (74.206280% of original size 20.012519 MB)
Querying trie...
Done!
total time: 450.718036 ms, avg latency: 450.718036 ns
not implemented
209.824783,14.850546,450.718036
[PASSED]
[time 1.24 s, user 1.14 s, sys 0.09 s, maxrss 163796 KB]
[busy 131 jiffies]
[exit 0]
--- c2 case 7 rec 0   load 0.83 0.96 1.07
[TEST ART]
Processing dataset...
Done!
Building trie...
Done!
build time: 162.580951 ms (162.580951 ns per key)
space cost: 32.696541 MB (163.380437% of original size 20.012519 MB)
Querying trie...
Done!
total time: 393.634746 ms, avg latency: 393.634746 ns
not implemented
162.580951,32.696541,393.634746
[PASSED]
[time 1.15 s, user 1.04 s, sys 0.10 s, maxrss 176520 KB]
[busy 122 jiffies]
[exit 0]
--- c2 case 6 rec 0   load 0.83 0.96 1.07
[TEST PDT]
Processing dataset...
Done!
Building trie...
dict size: 157446, stream size: 7395682
Done!
build time: 3412.154979 ms (3412.154979 ns per key)
space cost: 8.479283 MB (42.369895% of original size 20.012519 MB)
Querying trie...
Done!
total time: 644.664637 ms, avg latency: 644.664637 ns
not implemented
3412.154979,8.479283,644.664637
[PASSED]
[time 4.63 s, user 4.44 s, sys 0.17 s, maxrss 256612 KB]
[busy 477 jiffies]
[exit 0]
--- c2 case 5 rec 2   load 0.78 0.94 1.06
[TEST MARISA]
Processing dataset...
Done!
Building trie...
Done!
build time: 809.127877 ms (809.127877 ns per key)
space cost: 7.806685 MB (39.009010% of original size 20.012519 MB)
Querying trie...
Done!
total time: 881.398090 ms, avg latency: 881.398090 ns
not implemented
809.127877,7.806685,881.398090
[PASSED]
[time 2.26 s, user 2.12 s, sys 0.12 s, maxrss 195140 KB]
[busy 238 jiffies]
[exit 0]
--- c2 case 5 rec 1   load 0.78 0.94 1.06
[TEST MARISA]
Processing dataset...
Done!
Building trie...
Done!
build time: 760.752058 ms (760.752058 ns per key)
space cost: 8.680676 MB (43.376231% of original size 20.012519 MB)
Querying trie...
Done!
total time: 786.863670 ms, avg latency: 786.863670 ns
not implemented
760.752058,8.680676,786.863670
[PASSED]
[time 2.12 s, user 1.96 s, sys 0.14 s, maxrss 195272 KB]
[busy 221 jiffies]
[exit 0]
--- c2 case 5 rec 0   load 0.79 0.94 1.06
[TEST MARISA]
Processing dataset...
Done!
Building trie...
Done!
build time: 603.148073 ms (603.148073 ns per key)
space cost: 12.537066 MB (62.646119% of original size 20.012519 MB)
Querying trie...
Done!
total time: 501.090118 ms, avg latency: 501.090118 ns
not implemented
603.148073,12.537066,501.090118
[PASSED]
[time 1.68 s, user 1.53 s, sys 0.14 s, maxrss 195044 KB]
[busy 175 jiffies]
[exit 0]
--- c2 case 4 rec 0   skipped: exit 134 in round 1
--- c2 case 3 rec 0   load 0.79 0.94 1.06
[TEST FST]
Processing dataset...
Done!
Building trie...
Done!
build time: 798.482002 ms (798.482002 ns per key)
space cost: 12.223534 MB (61.079436% of original size 20.012519 MB)
Querying trie...
Done!
total time: 694.053161 ms, avg latency: 694.053161 ns
not implemented
798.482002,12.223534,694.053161
[PASSED]
[time 2.07 s, user 1.98 s, sys 0.08 s, maxrss 130760 KB]
[busy 217 jiffies]
[exit 0]
--- c2 case 2 rec 2   load 0.81 0.94 1.06
[TEST C2-MARISA]
Processing dataset...
Done!
Building trie...
trie size: 2.238578 MB
trie size: 3.821277 MB
trie size: 1.037524 MB
Done!
build time: 1530.206908 ms (1530.206908 ns per key)
space cost: 8.586061 MB (42.903452% of original size 20.012519 MB)
Querying trie...
Done!
total time: 491.216596 ms, avg latency: 491.216596 ns
topology: 1.213478 MB, link: 2.963206 MB, data: 4.388869 MB
--- Unary Path Analysis (Marisa, cutoff=3) ---
  branches: 1523874  |  single-char: 417651 (27.4%)  short-unary: 97461 (6.4%)  links: 1008762 (66.2%)
  link len: avg=12.11  max=234  total_chars=12215333
  link length distribution (len:count):  3:76859  4:82017  5:81216  6:79010  7:72564  8:64127  9:55531  10:50303  11:44703  12:39548  13:35394  14:31778  15:31462  16:28952  17:25995  18:23521  19:19840  20:18044  21:16382  22:14569  23:12399  24:11015  25:9715  26:8556  27:8141  28:7267  29:6255  30:5853  31:5207  32:4578  33:4049  34:3736  35:3293  36:2910  37:2688  38:2423  39:2074  40:1908  41:1670  42:1511  43:1333  44:1158  45:939  46:855  47:728  48:689  49:615  50:544  51:465  52:457  53:344  54:344  55:284  56:276  57:242  58:216  59:216  60:177  61:159  62:140  63:127  64:109  65:95  66:79  67:80  68:79  69:75  70:69  71:69  72:55  73:51  74:42  75:46  76:42  77:35  78:41  79:38  80:39  81:21  82:18  83:21  84:19  85:14  86:18  87:14  88:15  89:11  90:14  91:13  92:7  93:5  94:8  95:7  96:5  97:9  98:8  99:5  100:7  101:11  102:5  103:6  104:3  105:3  106:3  107:5  108:4  109:5  110:1  111:2  112:6  113:1  114:1  115:1  116:4  117:1  119:1  120:2  122:2  124:2  126:1  127:1  129:1  130:1  132:1  133:2  135:1  136:1  137:1  138:3  139:1  140:1  142:2  146:1  153:1  155:1  157:1  160:3  166:1  169:1  175:1  176:1  180:1  182:1  200:1  202:1  203:1  205:1  208:1  217:1  218:1  220:1  234:1
  short unary avg len: 2.00
1530.206908,8.586061,491.216596
[PASSED]
[time 2.61 s, user 2.44 s, sys 0.15 s, maxrss 196836 KB]
[busy 269 jiffies]
[exit 0]
--- c2 case 2 rec 1   load 0.83 0.95 1.06
[TEST C2-MARISA]
Processing dataset...
Done!
Building trie...
trie size: 2.238578 MB
trie size: 3.821277 MB
Done!
build time: 1383.890103 ms (1383.890103 ns per key)
space cost: 8.586061 MB (42.903452% of original size 20.012519 MB)
Querying trie...
Done!
total time: 505.441680 ms, avg latency: 505.441680 ns
topology: 1.213478 MB, link: 2.963206 MB, data: 4.388869 MB
--- Unary Path Analysis (Marisa, cutoff=3) ---
  branches: 1523874  |  single-char: 417651 (27.4%)  short-unary: 97461 (6.4%)  links: 1008762 (66.2%)
  link len: avg=12.11  max=234  total_chars=12215333
  link length distribution (len:count):  3:76859  4:82017  5:81216  6:79010  7:72564  8:64127  9:55531  10:50303  11:44703  12:39548  13:35394  14:31778  15:31462  16:28952  17:25995  18:23521  19:19840  20:18044  21:16382  22:14569  23:12399  24:11015  25:9715  26:8556  27:8141  28:7267  29:6255  30:5853  31:5207  32:4578  33:4049  34:3736  35:3293  36:2910  37:2688  38:2423  39:2074  40:1908  41:1670  42:1511  43:1333  44:1158  45:939  46:855  47:728  48:689  49:615  50:544  51:465  52:457  53:344  54:344  55:284  56:276  57:242  58:216  59:216  60:177  61:159  62:140  63:127  64:109  65:95  66:79  67:80  68:79  69:75  70:69  71:69  72:55  73:51  74:42  75:46  76:42  77:35  78:41  79:38  80:39  81:21  82:18  83:21  84:19  85:14  86:18  87:14  88:15  89:11  90:14  91:13  92:7  93:5  94:8  95:7  96:5  97:9  98:8  99:5  100:7  101:11  102:5  103:6  104:3  105:3  106:3  107:5  108:4  109:5  110:1  111:2  112:6  113:1  114:1  115:1  116:4  117:1  119:1  120:2  122:2  124:2  126:1  127:1  129:1  130:1  132:1  133:2  135:1  136:1  137:1  138:3  139:1  140:1  142:2  146:1  153:1  155:1  157:1  160:3  166:1  169:1  175:1  176:1  180:1  182:1  200:1  202:1  203:1  205:1  208:1  217:1  218:1  220:1  234:1
  short unary avg len: 2.00
1383.890103,8.586061,505.441680
[PASSED]
[time 2.46 s, user 2.30 s, sys 0.14 s, maxrss 197040 KB]
[busy 257 jiffies]
[exit 0]
--- c2 case 2 rec 0   load 0.83 0.95 1.06
[TEST C2-MARISA]
Processing dataset...
Done!
Building trie...
trie size: 2.238578 MB
Done!
build time: 1027.140454 ms (1027.140454 ns per key)
space cost: 10.766413 MB (53.798389% of original size 20.012519 MB)
Querying trie...
Done!
total time: 374.267684 ms, avg latency: 374.267684 ns
topology: 0.741383 MB, link: 2.768053 MB, data: 7.236469 MB
--- Unary Path Analysis (Marisa, cutoff=3) ---
  branches: 1523874  |  single-char: 417651 (27.4%)  short-unary: 97461 (6.4%)  links: 1008762 (66.2%)
  link len: avg=12.11  max=234  total_chars=12215333
  link length distribution (len:count):  3:76859  4:82017  5:81216  6:79010  7:72564  8:64127  9:55531  10:50303  11:44703  12:39548  13:35394  14:31778  15:31462  16:28952  17:25995  18:23521  19:19840  20:18044  21:16382  22:14569  23:12399  24:11015  25:9715  26:8556  27:8141  28:7267  29:6255  30:5853  31:5207  32:4578  33:4049  34:3736  35:3293  36:2910  37:2688  38:2423  39:2074  40:1908  41:1670  42:1511  43:1333  44:1158  45:939  46:855  47:728  48:689  49:615  50:544  51:465  52:457  53:344  54:344  55:284  56:276  57:242  58:216  59:216  60:177  61:159  62:140  63:127  64:109  65:95  66:79  67:80  68:79  69:75  70:69  71:69  72:55  73:51  74:42  75:46  76:42  77:35  78:41  79:38  80:39  81:21  82:18  83:21  84:19  85:14  86:18  87:14  88:15  89:11  90:14  91:13  92:7  93:5  94:8  95:7  96:5  97:9  98:8  99:5  100:7  101:11  102:5  103:6  104:3  105:3  106:3  107:5  108:4  109:5  110:1  111:2  112:6  113:1  114:1  115:1  116:4  117:1  119:1  120:2  122:2  124:2  126:1  127:1  129:1  130:1  132:1  133:2  135:1  136:1  137:1  138:3  139:1  140:1  142:2  146:1  153:1  155:1  157:1  160:3  166:1  169:1  175:1  176:1  180:1  182:1  200:1  202:1  203:1  205:1  208:1  217:1  218:1  220:1  234:1
  short unary avg len: 2.00
1027.140454,10.766413,374.267684
[PASSED]
[time 1.97 s, user 1.83 s, sys 0.13 s, maxrss 201392 KB]
[busy 205 jiffies]
[exit 0]
--- c2 case 1 rec 2   load 0.84 0.95 1.06
[TEST C2-CoCo(LOUDS-Sparse)]
Processing dataset...
Done!
Building trie...
trie size: 3.096522 MB
trie size: 0.887704 MB
Done!
build time: 2538.468698 ms (2538.468698 ns per key)
space cost: 10.462785 MB (52.281201% of original size 20.012519 MB)
Querying trie...
Done!
total time: 855.384132 ms, avg latency: 855.384132 ns
topology: 0.833210 MB, link: 3.468150 MB, data: 6.161425 MB
2538.468698,10.462785,855.384132
[PASSED]
[time 3.97 s, user 3.75 s, sys 0.19 s, maxrss 344720 KB]
[busy 412 jiffies]
[exit 0]
--- c2 case 1 rec 1   load 0.85 0.95 1.06
[TEST C2-CoCo(LOUDS-Sparse)]
Processing dataset...
Done!
Building trie...
trie size: 3.096522 MB
Done!
build time: 2414.867400 ms (2414.867400 ns per key)
space cost: 10.462785 MB (52.281201% of original size 20.012519 MB)
Querying trie...
Done!
total time: 854.742535 ms, avg latency: 854.742535 ns
topology: 0.833210 MB, link: 3.468150 MB, data: 6.161425 MB
2414.867400,10.462785,854.742535
[PASSED]
[time 3.84 s, user 3.61 s, sys 0.21 s, maxrss 344764 KB]
[busy 394 jiffies]
[exit 0]
--- c2 case 1 rec 0   load 0.87 0.95 1.06
[TEST C2-CoCo(LOUDS-Sparse)]
Processing dataset...
Done!
Building trie...
Done!
build time: 2116.511054 ms (2116.511054 ns per key)
space cost: 12.265971 MB (61.291488% of original size 20.012519 MB)
Querying trie...
Done!
total time: 736.514710 ms, avg latency: 736.514710 ns
topology: 0.432648 MB, link: 3.282862 MB, data: 8.550461 MB
2116.511054,12.265971,736.514710
[PASSED]
[time 3.41 s, user 3.21 s, sys 0.19 s, maxrss 358300 KB]
[busy 351 jiffies]
[exit 0]
--- c2 case 0 rec 2   load 0.88 0.95 1.06
[TEST C2-FST]
Processing dataset...
Done!
Building trie...
trie size: 3.096522 MB
trie size: 0.887704 MB
Done!
build time: 1417.595411 ms (1417.595411 ns per key)
space cost: 9.522977 MB (47.585099% of original size 20.012519 MB)
Querying trie...
Done!
total time: 594.846245 ms, avg latency: 594.846245 ns
topology: 1.448536 MB, link: 2.515947 MB, data: 5.558494 MB
--- Unary Path Analysis (FST, cutoff=4) ---
  shared unary steps in main trie: 632648
  terminal suffixes: inplace=148307 (avg len=2.14)  links=794871 (84.3% of terminal)
  link len: avg=12.03  max=232  total_chars=9558452
  link length distribution (len:count):  4:67686  5:69275  6:65423  7:58787  8:51921  9:47544  10:42795  11:38054  12:34227  13:30736  14:30694  15:28260  16:25308  17:22807  18:19264  19:17586  20:15912  21:14224  22:12066  23:10759  24:9477  25:8347  26:7925  27:7112  28:6113  29:5746  30:5072  31:4462  32:3927  33:3658  34:3228  35:2847  36:2644  37:2353  38:2038  39:1870  40:1644  41:1489  42:1315  43:1143  44:928  45:846  46:722  47:679  48:610  49:543  50:459  51:451  52:342  53:339  54:284  55:273  56:239  57:215  58:214  59:177  60:158  61:140  62:127  63:109  64:95  65:79  66:80  67:78  68:75  69:69  70:68  71:54  72:51  73:42  74:46  75:42  76:35  77:41  78:38  79:39  80:21  81:18  82:21  83:19  84:14  85:18  86:14  87:15  88:11  89:14  90:13  91:7  92:5  93:8  94:7  95:5  96:8  97:8  98:5  99:7  100:11  101:5  102:6  103:3  104:3  105:3  106:5  107:4  108:5  109:1  110:2  111:6  112:1  113:1  114:1  115:4  116:1  118:1  119:2  121:2  123:2  125:1  126:1  128:1  129:1  131:1  132:2  134:1  135:1  136:1  137:3  138:1  139:1  141:2  145:1  152:1  154:1  156:1  159:3  165:1  168:1  174:1  175:1  179:1  181:1  199:1  201:1  202:1  204:1  207:1  216:1  217:1  219:1  233:1
1417.595411,9.522977,594.846245
[PASSED]
[time 2.60 s, user 2.47 s, sys 0.11 s, maxrss 181020 KB]
[busy 273 jiffies]
[exit 0]
--- c2 case 0 rec 1   load 0.81 0.93 1.05
[TEST C2-FST]
Processing dataset...
Done!
Building trie...
trie size: 3.096522 MB
Done!
build time: 1324.755588 ms (1324.755588 ns per key)
space cost: 9.522977 MB (47.585099% of original size 20.012519 MB)
Querying trie...
Done!
total time: 601.039098 ms, avg latency: 601.039098 ns
topology: 1.448536 MB, link: 2.515947 MB, data: 5.558494 MB
--- Unary Path Analysis (FST, cutoff=4) ---
  shared unary steps in main trie: 632648
  terminal suffixes: inplace=148307 (avg len=2.14)  links=794871 (84.3% of terminal)
  link len: avg=12.03  max=232  total_chars=9558452
  link length distribution (len:count):  4:67686  5:69275  6:65423  7:58787  8:51921  9:47544  10:42795  11:38054  12:34227  13:30736  14:30694  15:28260  16:25308  17:22807  18:19264  19:17586  20:15912  21:14224  22:12066  23:10759  24:9477  25:8347  26:7925  27:7112  28:6113  29:5746  30:5072  31:4462  32:3927  33:3658  34:3228  35:2847  36:2644  37:2353  38:2038  39:1870  40:1644  41:1489  42:1315  43:1143  44:928  45:846  46:722  47:679  48:610  49:543  50:459  51:451  52:342  53:339  54:284  55:273  56:239  57:215  58:214  59:177  60:158  61:140  62:127  63:109  64:95  65:79  66:80  67:78  68:75  69:69  70:68  71:54  72:51  73:42  74:46  75:42  76:35  77:41  78:38  79:39  80:21  81:18  82:21  83:19  84:14  85:18  86:14  87:15  88:11  89:14  90:13  91:7  92:5  93:8  94:7  95:5  96:8  97:8  98:5  99:7  100:11  101:5  102:6  103:3  104:3  105:3  106:5  107:4  108:5  109:1  110:2  111:6  112:1  113:1  114:1  115:4  116:1  118:1  119:2  121:2  123:2  125:1  126:1  128:1  129:1  131:1  132:2  134:1  135:1  136:1  137:3  138:1  139:1  141:2  145:1  152:1  154:1  156:1  159:3  165:1  168:1  174:1  175:1  179:1  181:1  199:1  201:1  202:1  204:1  207:1  216:1  217:1  219:1  233:1
1324.755588,9.522977,601.039098
[PASSED]
[time 2.49 s, user 2.34 s, sys 0.14 s, maxrss 181020 KB]
[busy 263 jiffies]
[exit 0]
--- c2 case 0 rec 0   load 0.81 0.93 1.05
[TEST C2-FST]
Processing dataset...
Done!
Building trie...
Done!
build time: 1012.844467 ms (1012.844467 ns per key)
space cost: 11.326162 MB (56.595386% of original size 20.012519 MB)
Querying trie...
Done!
total time: 475.493515 ms, avg latency: 475.493515 ns
topology: 1.047974 MB, link: 2.330659 MB, data: 7.947530 MB
--- Unary Path Analysis (FST, cutoff=4) ---
  shared unary steps in main trie: 632648
  terminal suffixes: inplace=148307 (avg len=2.14)  links=794871 (84.3% of terminal)
  link len: avg=12.03  max=232  total_chars=9558452
  link length distribution (len:count):  4:67686  5:69275  6:65423  7:58787  8:51921  9:47544  10:42795  11:38054  12:34227  13:30736  14:30694  15:28260  16:25308  17:22807  18:19264  19:17586  20:15912  21:14224  22:12066  23:10759  24:9477  25:8347  26:7925  27:7112  28:6113  29:5746  30:5072  31:4462  32:3927  33:3658  34:3228  35:2847  36:2644  37:2353  38:2038  39:1870  40:1644  41:1489  42:1315  43:1143  44:928  45:846  46:722  47:679  48:610  49:543  50:459  51:451  52:342  53:339  54:284  55:273  56:239  57:215  58:214  59:177  60:158  61:140  62:127  63:109  64:95  65:79  66:80  67:78  68:75  69:69  70:68  71:54  72:51  73:42  74:46  75:42  76:35  77:41  78:38  79:39  80:21  81:18  82:21  83:19  84:14  85:18  86:14  87:15  88:11  89:14  90:13  91:7  92:5  93:8  94:7  95:5  96:8  97:8  98:5  99:7  100:11  101:5  102:6  103:3  104:3  105:3  106:5  107:4  108:5  109:1  110:2  111:6  112:1  113:1  114:1  115:4  116:1  118:1  119:2  121:2  123:2  125:1  126:1  128:1  129:1  131:1  132:2  134:1  135:1  136:1  137:3  138:1  139:1  141:2  145:1  152:1  154:1  156:1  159:3  165:1  168:1  174:1  175:1  179:1  181:1  199:1  201:1  202:1  204:1  207:1  216:1  217:1  219:1  233:1
1012.844467,11.326162,475.493515
[PASSED]
[time 2.04 s, user 1.93 s, sys 0.10 s, maxrss 185308 KB]
[busy 212 jiffies]
[exit 0]
--- lexindex string   load 0.82 0.93 1.05
1000000 keys
lexindex StringIndex: build 1011 ms, size 16.482 MiB (17.283 B/key), latency cold 445.9 ns, then mean 440.4 / min 439.5 ns
1010.955,16.482312,445.942
[time 3.26 s, user 3.15 s, sys 0.09 s, maxrss 163332 KB]
[busy 343 jiffies]
[exit 0]
--- lexindex dict1024   load 0.84 0.94 1.05
1000000 keys
lexindex DictIndex block 1024: build 495 ms, size 6.896 MiB (7.231 B/key), latency cold 496.5 ns, then mean 490.7 / min 488.5 ns
495.248,6.896215,496.531
[time 2.98 s, user 4.74 s, sys 0.36 s, maxrss 312312 KB]
[busy 533 jiffies]
[exit 0]
--- lexindex dict256   load 0.77 0.92 1.05
1000000 keys
lexindex DictIndex block 256: build 463 ms, size 7.060 MiB (7.403 B/key), latency cold 435.6 ns, then mean 430.4 / min 427.0 ns
462.606,7.059999,435.631
[time 2.70 s, user 5.51 s, sys 0.43 s, maxrss 305664 KB]
[busy 624 jiffies]
[exit 0]
--- lexindex dict32   load 0.77 0.92 1.05
1000000 keys
lexindex DictIndex block 32: build 447 ms, size 7.489 MiB (7.853 B/key), latency cold 396.3 ns, then mean 387.8 / min 386.0 ns
447.424,7.489206,396.309
[time 2.52 s, user 5.27 s, sys 0.40 s, maxrss 305684 KB]
[busy 587 jiffies]
[exit 0]

##### pypi-full (889864 lines, 12756399 bytes)   round 2/3   2026-09-19T12:09:41+03:00
--- xcdat 16   load 0.79 0.92 1.04
build time: 348.011321 ms
space cost: 8.791730 MiB (77.687354% of original size 11.316810 MiB)
avg latency: 141.266618 ns
348.011321,8.791730,141.266618
[time 0.87 s, user 0.78 s, sys 0.08 s, maxrss 124932 KB]
[busy 93 jiffies]
[exit 0]
--- xcdat 15   load 0.79 0.92 1.04
build time: 366.650574 ms
space cost: 8.417356 MiB (74.379227% of original size 11.316810 MiB)
avg latency: 137.756439 ns
366.650574,8.417356,137.756439
[time 0.89 s, user 0.80 s, sys 0.08 s, maxrss 125152 KB]
[busy 93 jiffies]
[exit 0]
--- xcdat 8   load 0.81 0.92 1.04
build time: 351.190378 ms
space cost: 7.063261 MiB (62.413889% of original size 11.316810 MiB)
avg latency: 165.326478 ns
351.190378,7.063261,165.326478
[time 0.90 s, user 0.81 s, sys 0.08 s, maxrss 124972 KB]
[busy 96 jiffies]
[exit 0]
--- xcdat 7   load 0.81 0.92 1.04
build time: 371.312209 ms
space cost: 7.451407 MiB (65.843711% of original size 11.316810 MiB)
avg latency: 165.866328 ns
371.312209,7.451407,165.866328
[time 0.92 s, user 0.83 s, sys 0.08 s, maxrss 124892 KB]
[busy 97 jiffies]
[exit 0]
--- c2 case 8 rec 0   load 0.74 0.91 1.04
[TEST CART]
Processing dataset...
Done!
Building trie...
Done!
build time: 140.869102 ms (158.304080 ns per key)
space cost: 12.686618 MB (112.104190% of original size 11.316810 MB)
Querying trie...
Done!
total time: 311.359604 ms, avg latency: 349.895719 ns
not implemented
140.869102,12.686618,349.895719
[PASSED]
[time 0.86 s, user 0.80 s, sys 0.06 s, maxrss 121292 KB]
[busy 91 jiffies]
[exit 0]
--- c2 case 7 rec 0   load 0.74 0.91 1.04
[TEST ART]
Processing dataset...
Done!
Building trie...
Done!
build time: 98.649878 ms (110.859500 ns per key)
space cost: 28.637695 MB (253.054493% of original size 11.316810 MB)
Querying trie...
Done!
total time: 254.100102 ms, avg latency: 285.549367 ns
not implemented
98.649878,28.637695,285.549367
[PASSED]
[time 0.75 s, user 0.67 s, sys 0.07 s, maxrss 123684 KB]
[busy 80 jiffies]
[exit 0]
--- c2 case 6 rec 0   load 0.74 0.91 1.04
[TEST PDT]
Processing dataset...
Done!
Building trie...
dict size: 158766, stream size: 3178838
Done!
build time: 1621.219176 ms (1821.872978 ns per key)
space cost: 4.318639 MB (38.161275% of original size 11.316810 MB)
Querying trie...
Done!
total time: 463.878369 ms, avg latency: 521.291309 ns
not implemented
1621.219176,4.318639,521.291309
[PASSED]
[time 2.49 s, user 2.40 s, sys 0.07 s, maxrss 137420 KB]
[busy 255 jiffies]
[exit 0]
--- c2 case 5 rec 2   load 0.76 0.91 1.04
[TEST MARISA]
Processing dataset...
Done!
Building trie...
Done!
build time: 433.218997 ms (486.837311 ns per key)
space cost: 3.830196 MB (33.845196% of original size 11.316810 MB)
Querying trie...
Done!
total time: 473.978958 ms, avg latency: 532.642019 ns
not implemented
433.218997,3.830196,532.642019
[PASSED]
[time 1.29 s, user 1.20 s, sys 0.08 s, maxrss 132192 KB]
[busy 135 jiffies]
[exit 0]
--- c2 case 5 rec 1   load 0.76 0.91 1.04
[TEST MARISA]
Processing dataset...
Done!
Building trie...
Done!
build time: 429.913142 ms (483.122300 ns per key)
space cost: 4.038295 MB (35.684039% of original size 11.316810 MB)
Querying trie...
Done!
total time: 446.851376 ms, avg latency: 502.156932 ns
not implemented
429.913142,4.038295,502.156932
[PASSED]
[time 1.26 s, user 1.17 s, sys 0.08 s, maxrss 131716 KB]
[busy 133 jiffies]
[exit 0]
--- c2 case 5 rec 0   load 0.78 0.91 1.04
[TEST MARISA]
Processing dataset...
Done!
Building trie...
Done!
build time: 378.238310 ms (425.051817 ns per key)
space cost: 5.316237 MB (46.976468% of original size 11.316810 MB)
Querying trie...
Done!
total time: 338.109485 ms, avg latency: 379.956358 ns
not implemented
378.238310,5.316237,379.956358
[PASSED]
[time 1.12 s, user 1.03 s, sys 0.09 s, maxrss 131956 KB]
[busy 122 jiffies]
[exit 0]
--- c2 case 4 rec 0   load 0.78 0.91 1.04
[TEST COCO]
Processing dataset...
Done!
Building trie...
num nodes = 375656, average depth = 5.235279
ef = 0.000442, pa = 0.203029, bv = 0.001044, de = 0.703223
efr = 0.002106, par = 0.078420, bvr = 0.000029, der = 0.011708
Done!
build time: 7833.586567 ms (8803.127857 ns per key)
space cost: 7.666221 MB (67.741891% of original size 11.316810 MB)
Querying trie...
Done!
total time: 431.028098 ms, avg latency: 484.375251 ns
not implemented
7833.586567,7.666221,484.375251
[PASSED]
[time 9.04 s, user 6.94 s, sys 2.06 s, maxrss 4347368 KB]
[busy 933 jiffies]
[exit 0]
--- c2 case 3 rec 0   load 0.81 0.91 1.04
[TEST FST]
Processing dataset...
Done!
Building trie...
Done!
build time: 504.148519 ms (566.545583 ns per key)
space cost: 5.878841 MB (51.947869% of original size 11.316810 MB)
Querying trie...
Done!
total time: 486.854674 ms, avg latency: 547.111327 ns
not implemented
504.148519,5.878841,547.111327
[PASSED]
[time 1.38 s, user 1.32 s, sys 0.05 s, maxrss 86764 KB]
[busy 145 jiffies]
[exit 0]
--- c2 case 2 rec 2   load 0.83 0.92 1.04
[TEST C2-MARISA]
Processing dataset...
Done!
Building trie...
trie size: 2.034968 MB
trie size: 2.021012 MB
trie size: 0.240847 MB
Done!
build time: 586.284058 ms (658.846810 ns per key)
space cost: 4.528195 MB (40.013003% of original size 11.316810 MB)
Querying trie...
Done!
total time: 285.737413 ms, avg latency: 321.102340 ns
topology: 0.839943 MB, link: 1.648341 MB, data: 2.019403 MB
--- Unary Path Analysis (Marisa, cutoff=3) ---
  branches: 1290446  |  single-char: 483681 (37.5%)  short-unary: 134846 (10.4%)  links: 671919 (52.1%)
  link len: avg=7.04  max=178  total_chars=4731655
  link length distribution (len:count):  3:128200  4:106194  5:84287  6:72656  7:58516  8:44149  9:36040  10:28839  11:21753  12:17688  13:15308  14:12510  15:9745  16:7525  17:6122  18:4690  19:3698  20:2882  21:2216  22:1721  23:1367  24:1119  25:897  26:746  27:562  28:441  29:368  30:406  31:316  32:177  33:153  34:106  35:106  36:75  37:44  38:54  39:50  40:27  41:25  42:13  43:21  44:16  45:7  46:10  47:6  48:5  49:10  50:2  51:4  52:5  53:2  54:2  55:2  56:1  57:5  58:3  61:2  63:2  64:1  65:3  66:2  68:2  69:3  72:1  76:1  78:2  83:1  87:1  100:2  107:1  114:1  154:1  178:1
  short unary avg len: 2.00
586.284058,4.528195,321.102340
[PASSED]
[time 1.26 s, user 1.15 s, sys 0.11 s, maxrss 158812 KB]
[busy 135 jiffies]
[exit 0]
--- c2 case 2 rec 1   load 0.83 0.92 1.04
[TEST C2-MARISA]
Processing dataset...
Done!
Building trie...
trie size: 2.034968 MB
trie size: 2.021012 MB
Done!
build time: 563.232319 ms (632.942021 ns per key)
space cost: 4.528195 MB (40.013003% of original size 11.316810 MB)
Querying trie...
Done!
total time: 286.721563 ms, avg latency: 322.208296 ns
topology: 0.839943 MB, link: 1.648341 MB, data: 2.019403 MB
--- Unary Path Analysis (Marisa, cutoff=3) ---
  branches: 1290446  |  single-char: 483681 (37.5%)  short-unary: 134846 (10.4%)  links: 671919 (52.1%)
  link len: avg=7.04  max=178  total_chars=4731655
  link length distribution (len:count):  3:128200  4:106194  5:84287  6:72656  7:58516  8:44149  9:36040  10:28839  11:21753  12:17688  13:15308  14:12510  15:9745  16:7525  17:6122  18:4690  19:3698  20:2882  21:2216  22:1721  23:1367  24:1119  25:897  26:746  27:562  28:441  29:368  30:406  31:316  32:177  33:153  34:106  35:106  36:75  37:44  38:54  39:50  40:27  41:25  42:13  43:21  44:16  45:7  46:10  47:6  48:5  49:10  50:2  51:4  52:5  53:2  54:2  55:2  56:1  57:5  58:3  61:2  63:2  64:1  65:3  66:2  68:2  69:3  72:1  76:1  78:2  83:1  87:1  100:2  107:1  114:1  154:1  178:1
  short unary avg len: 2.00
563.232319,4.528195,322.208296
[PASSED]
[time 1.25 s, user 1.13 s, sys 0.11 s, maxrss 159072 KB]
[busy 130 jiffies]
[exit 0]
--- c2 case 2 rec 0   load 0.84 0.92 1.04
[TEST C2-MARISA]
Processing dataset...
Done!
Building trie...
trie size: 2.034968 MB
Done!
build time: 481.318557 ms (540.890020 ns per key)
space cost: 5.148748 MB (45.496465% of original size 11.316810 MB)
Querying trie...
Done!
total time: 244.896961 ms, avg latency: 275.207179 ns
topology: 0.673512 MB, link: 1.684298 MB, data: 2.770432 MB
--- Unary Path Analysis (Marisa, cutoff=3) ---
  branches: 1290446  |  single-char: 483681 (37.5%)  short-unary: 134846 (10.4%)  links: 671919 (52.1%)
  link len: avg=7.04  max=178  total_chars=4731655
  link length distribution (len:count):  3:128200  4:106194  5:84287  6:72656  7:58516  8:44149  9:36040  10:28839  11:21753  12:17688  13:15308  14:12510  15:9745  16:7525  17:6122  18:4690  19:3698  20:2882  21:2216  22:1721  23:1367  24:1119  25:897  26:746  27:562  28:441  29:368  30:406  31:316  32:177  33:153  34:106  35:106  36:75  37:44  38:54  39:50  40:27  41:25  42:13  43:21  44:16  45:7  46:10  47:6  48:5  49:10  50:2  51:4  52:5  53:2  54:2  55:2  56:1  57:5  58:3  61:2  63:2  64:1  65:3  66:2  68:2  69:3  72:1  76:1  78:2  83:1  87:1  100:2  107:1  114:1  154:1  178:1
  short unary avg len: 2.00
481.318557,5.148748,275.207179
[PASSED]
[time 1.10 s, user 1.00 s, sys 0.09 s, maxrss 158868 KB]
[busy 122 jiffies]
[exit 0]
--- c2 case 1 rec 2   load 0.84 0.92 1.04
[TEST C2-CoCo(LOUDS-Sparse)]
Processing dataset...
Done!
Building trie...
trie size: 1.301167 MB
trie size: 0.188086 MB
Done!
build time: 1261.517556 ms (1417.652086 ns per key)
space cost: 5.460092 MB (48.247627% of original size 11.316810 MB)
Querying trie...
Done!
total time: 513.352593 ms, avg latency: 576.888820 ns
topology: 0.492825 MB, link: 1.813464 MB, data: 3.153803 MB
1261.517556,5.460092,576.888820
[PASSED]
[time 2.15 s, user 2.01 s, sys 0.12 s, maxrss 251688 KB]
[busy 225 jiffies]
[exit 0]
--- c2 case 1 rec 1   load 0.86 0.92 1.04
[TEST C2-CoCo(LOUDS-Sparse)]
Processing dataset...
Done!
Building trie...
trie size: 1.301167 MB
Done!
build time: 1237.757767 ms (1390.951614 ns per key)
space cost: 5.460092 MB (48.247627% of original size 11.316810 MB)
Querying trie...
Done!
total time: 511.406624 ms, avg latency: 574.702004 ns
topology: 0.492825 MB, link: 1.813464 MB, data: 3.153803 MB
1237.757767,5.460092,574.702004
[PASSED]
[time 2.13 s, user 2.00 s, sys 0.12 s, maxrss 251796 KB]
[busy 223 jiffies]
[exit 0]
--- c2 case 1 rec 0   load 0.86 0.92 1.04
[TEST C2-CoCo(LOUDS-Sparse)]
Processing dataset...
Done!
Building trie...
Done!
build time: 1177.680668 ms (1323.438939 ns per key)
space cost: 5.902932 MB (52.160740% of original size 11.316810 MB)
Querying trie...
Done!
total time: 479.057276 ms, avg latency: 538.348867 ns
topology: 0.365089 MB, link: 1.816309 MB, data: 3.721533 MB
1177.680668,5.902932,538.348867
[PASSED]
[time 2.04 s, user 1.91 s, sys 0.12 s, maxrss 251448 KB]
[busy 212 jiffies]
[exit 0]
--- c2 case 0 rec 2   load 0.87 0.92 1.03
[TEST C2-FST]
Processing dataset...
Done!
Building trie...
trie size: 1.301167 MB
trie size: 0.188086 MB
Done!
build time: 467.842462 ms (525.746026 ns per key)
space cost: 5.131913 MB (45.347703% of original size 11.316810 MB)
Querying trie...
Done!
total time: 357.322568 ms, avg latency: 401.547392 ns
topology: 0.978825 MB, link: 1.146868 MB, data: 3.006221 MB
--- Unary Path Analysis (FST, cutoff=4) ---
  shared unary steps in main trie: 344931
  terminal suffixes: inplace=288151 (avg len=1.99)  links=405388 (58.5% of terminal)
  link len: avg=7.08  max=176  total_chars=2869854
  link length distribution (len:count):  4:74698  5:65971  6:53798  7:40968  8:33851  9:27326  10:20764  11:16938  12:14649  13:12025  14:9410  15:7294  16:5909  17:4518  18:3598  19:2810  20:2154  21:1673  22:1340  23:1095  24:876  25:726  26:550  27:431  28:361  29:400  30:312  31:173  32:150  33:103  34:106  35:75  36:44  37:52  38:50  39:27  40:24  41:13  42:21  43:16  44:7  45:10  46:6  47:5  48:10  49:1  50:4  51:5  52:2  53:2  54:2  55:1  56:5  57:3  60:2  62:2  63:1  64:3  65:2  67:1  68:3  71:1  75:1  77:2  82:1  86:1  99:2  106:1  113:1  153:1  177:1
467.842462,5.131913,401.547392
[PASSED]
[time 1.23 s, user 1.13 s, sys 0.08 s, maxrss 130036 KB]
[busy 129 jiffies]
[exit 0]
--- c2 case 0 rec 1   load 0.80 0.91 1.03
[TEST C2-FST]
Processing dataset...
Done!
Building trie...
trie size: 1.301167 MB
Done!
build time: 461.192168 ms (518.272644 ns per key)
space cost: 5.131913 MB (45.347703% of original size 11.316810 MB)
Querying trie...
Done!
total time: 359.170161 ms, avg latency: 403.623656 ns
topology: 0.978825 MB, link: 1.146868 MB, data: 3.006221 MB
--- Unary Path Analysis (FST, cutoff=4) ---
  shared unary steps in main trie: 344931
  terminal suffixes: inplace=288151 (avg len=1.99)  links=405388 (58.5% of terminal)
  link len: avg=7.08  max=176  total_chars=2869854
  link length distribution (len:count):  4:74698  5:65971  6:53798  7:40968  8:33851  9:27326  10:20764  11:16938  12:14649  13:12025  14:9410  15:7294  16:5909  17:4518  18:3598  19:2810  20:2154  21:1673  22:1340  23:1095  24:876  25:726  26:550  27:431  28:361  29:400  30:312  31:173  32:150  33:103  34:106  35:75  36:44  37:52  38:50  39:27  40:24  41:13  42:21  43:16  44:7  45:10  46:6  47:5  48:10  49:1  50:4  51:5  52:2  53:2  54:2  55:1  56:5  57:3  60:2  62:2  63:1  64:3  65:2  67:1  68:3  71:1  75:1  77:2  82:1  86:1  99:2  106:1  113:1  153:1  177:1
461.192168,5.131913,403.623656
[PASSED]
[time 1.22 s, user 1.12 s, sys 0.09 s, maxrss 129928 KB]
[busy 128 jiffies]
[exit 0]
--- c2 case 0 rec 0   load 0.80 0.91 1.03
[TEST C2-FST]
Processing dataset...
Done!
Building trie...
Done!
build time: 395.876881 ms (444.873465 ns per key)
space cost: 5.574753 MB (49.260816% of original size 11.316810 MB)
Querying trie...
Done!
total time: 318.539122 ms, avg latency: 357.963826 ns
topology: 0.851089 MB, link: 1.149713 MB, data: 3.573951 MB
--- Unary Path Analysis (FST, cutoff=4) ---
  shared unary steps in main trie: 344931
  terminal suffixes: inplace=288151 (avg len=1.99)  links=405388 (58.5% of terminal)
  link len: avg=7.08  max=176  total_chars=2869854
  link length distribution (len:count):  4:74698  5:65971  6:53798  7:40968  8:33851  9:27326  10:20764  11:16938  12:14649  13:12025  14:9410  15:7294  16:5909  17:4518  18:3598  19:2810  20:2154  21:1673  22:1340  23:1095  24:876  25:726  26:550  27:431  28:361  29:400  30:312  31:173  32:150  33:103  34:106  35:75  36:44  37:52  38:50  39:27  40:24  41:13  42:21  43:16  44:7  45:10  46:6  47:5  48:10  49:1  50:4  51:5  52:2  53:2  54:2  55:1  56:5  57:3  60:2  62:2  63:1  64:3  65:2  67:1  68:3  71:1  75:1  77:2  82:1  86:1  99:2  106:1  113:1  153:1  177:1
395.876881,5.574753,357.963826
[PASSED]
[time 1.10 s, user 1.01 s, sys 0.08 s, maxrss 129632 KB]
[busy 118 jiffies]
[exit 0]
--- lexindex string   load 0.80 0.91 1.03
889864 keys
lexindex StringIndex: build 525 ms, size 8.484 MiB (9.998 B/key), latency cold 289.7 ns, then mean 280.2 / min 279.0 ns
525.197,8.484477,289.735
[time 1.95 s, user 1.87 s, sys 0.06 s, maxrss 122204 KB]
[busy 206 jiffies]
[exit 0]
--- lexindex dict1024   load 0.81 0.91 1.03
889864 keys
lexindex DictIndex block 1024: build 224 ms, size 3.575 MiB (4.213 B/key), latency cold 425.7 ns, then mean 424.4 / min 423.3 ns
223.884,3.575363,425.723
[time 2.15 s, user 2.80 s, sys 0.16 s, maxrss 197656 KB]
[busy 306 jiffies]
[exit 0]
--- lexindex dict256   load 0.75 0.89 1.02
889864 keys
lexindex DictIndex block 256: build 200 ms, size 3.704 MiB (4.365 B/key), latency cold 368.5 ns, then mean 362.5 / min 358.5 ns
199.995,3.703953,368.474
[time 1.92 s, user 2.96 s, sys 0.16 s, maxrss 209744 KB]
[busy 329 jiffies]
[exit 0]
--- lexindex dict32   load 0.75 0.89 1.02
889864 keys
lexindex DictIndex block 32: build 197 ms, size 3.988 MiB (4.700 B/key), latency cold 327.9 ns, then mean 319.5 / min 318.3 ns
197.361,3.988224,327.924
[time 1.76 s, user 2.78 s, sys 0.16 s, maxrss 210304 KB]
[busy 308 jiffies]
[exit 0]

##### paths-1000000 (1000000 lines, 125978312 bytes)   round 2/3   2026-09-19T12:10:50+03:00
--- xcdat 16   load 0.77 0.89 1.02
build time: 1365.421021 ms
space cost: 25.154240 MiB (21.104567% of original size 119.188606 MiB)
avg latency: 679.501582 ns
1365.421021,25.154240,679.501582
[time 3.05 s, user 2.79 s, sys 0.24 s, maxrss 369260 KB]
[busy 315 jiffies]
[exit 0]
--- xcdat 15   load 0.71 0.88 1.02
build time: 1435.065627 ms
space cost: 23.949356 MiB (20.093662% of original size 119.188606 MiB)
avg latency: 631.522950 ns
1435.065627,23.949356,631.522950
[time 3.07 s, user 2.81 s, sys 0.24 s, maxrss 368224 KB]
[busy 319 jiffies]
[exit 0]
--- xcdat 8   load 0.71 0.88 1.02
build time: 1354.208861 ms
space cost: 18.497238 MiB (15.519301% of original size 119.188606 MiB)
avg latency: 721.739202 ns
1354.208861,18.497238,721.739202
[time 3.08 s, user 2.82 s, sys 0.24 s, maxrss 362500 KB]
[busy 325 jiffies]
[exit 0]
--- xcdat 7   load 0.73 0.88 1.02
build time: 1429.622082 ms
space cost: 18.455355 MiB (15.484160% of original size 119.188606 MiB)
avg latency: 709.505281 ns
1429.622082,18.455355,709.505281
[time 3.13 s, user 2.88 s, sys 0.23 s, maxrss 362440 KB]
[busy 324 jiffies]
[exit 0]
--- c2 case 8 rec 0   load 0.75 0.88 1.02
[TEST CART]
Processing dataset...
Done!
Building trie...
Done!
build time: 466.317704 ms (466.317704 ns per key)
space cost: 18.620093 MB (15.622377% of original size 119.188606 MB)
Querying trie...
Done!
total time: 856.863192 ms, avg latency: 856.863192 ns
not implemented
466.317704,18.620093,856.863192
[PASSED]
[time 2.35 s, user 2.06 s, sys 0.28 s, maxrss 496064 KB]
[busy 243 jiffies]
[exit 0]
--- c2 case 7 rec 0   load 0.77 0.89 1.01
[TEST ART]
Processing dataset...
Done!
Building trie...
Done!
build time: 410.024560 ms (410.024560 ns per key)
space cost: 34.675591 MB (29.093041% of original size 119.188606 MB)
Querying trie...
Done!
total time: 777.599793 ms, avg latency: 777.599793 ns
not implemented
410.024560,34.675591,777.599793
[PASSED]
[time 2.22 s, user 1.94 s, sys 0.26 s, maxrss 505524 KB]
[busy 233 jiffies]
[exit 0]
--- c2 case 6 rec 0   load 0.77 0.89 1.01
[TEST PDT]
Processing dataset...
Done!
Building trie...
dict size: 153672, stream size: 10323140
Done!
build time: 4802.834738 ms (4802.834738 ns per key)
space cost: 11.267526 MB (9.453526% of original size 119.188606 MB)
Querying trie...
Done!
total time: 1067.643021 ms, avg latency: 1067.643021 ns
not implemented
4802.834738,11.267526,1067.643021
[PASSED]
[time 6.88 s, user 6.55 s, sys 0.30 s, maxrss 388960 KB]
[busy 705 jiffies]
[exit 0]
--- c2 case 5 rec 2   load 0.81 0.89 1.01
[TEST MARISA]
Processing dataset...
Done!
Building trie...
Done!
build time: 1782.435302 ms (1782.435302 ns per key)
space cost: 9.029414 MB (7.575736% of original size 119.188606 MB)
Querying trie...
Done!
total time: 2224.487425 ms, avg latency: 2224.487425 ns
not implemented
1782.435302,9.029414,2224.487425
[PASSED]
[time 4.95 s, user 4.68 s, sys 0.25 s, maxrss 411328 KB]
[busy 514 jiffies]
[exit 0]
--- c2 case 5 rec 1   load 0.82 0.89 1.01
[TEST MARISA]
Processing dataset...
Done!
Building trie...
Done!
build time: 1746.940058 ms (1746.940058 ns per key)
space cost: 9.428862 MB (7.910875% of original size 119.188606 MB)
Querying trie...
Done!
total time: 1803.693669 ms, avg latency: 1803.693669 ns
not implemented
1746.940058,9.428862,1803.693669
[PASSED]
[time 4.50 s, user 4.23 s, sys 0.24 s, maxrss 411264 KB]
[busy 463 jiffies]
[exit 0]
--- c2 case 5 rec 0   load 0.84 0.89 1.01
[TEST MARISA]
Processing dataset...
Done!
Building trie...
Done!
build time: 1609.173349 ms (1609.173349 ns per key)
space cost: 12.257486 MB (10.284109% of original size 119.188606 MB)
Querying trie...
Done!
total time: 978.829366 ms, avg latency: 978.829366 ns
not implemented
1609.173349,12.257486,978.829366
[PASSED]
[time 3.53 s, user 3.27 s, sys 0.24 s, maxrss 411756 KB]
[busy 367 jiffies]
[exit 0]
--- c2 case 4 rec 0   load 0.85 0.90 1.01
[TEST COCO]
Processing dataset...
Done!
Building trie...
num nodes = 584148, average depth = 12.594651
ef = 0.000038, pa = 0.103241, bv = 0.000608, de = 0.597184
efr = 0.000176, par = 0.181430, bvr = 0.000135, der = 0.117188
Done!
build time: 45310.682332 ms (45310.682332 ns per key)
space cost: 19.697372 MB (16.526221% of original size 119.188606 MB)
Querying trie...
Done!
total time: 1403.901740 ms, avg latency: 1403.901740 ns
not implemented
45310.682332,19.697372,1403.901740
[PASSED]
[time 49.38 s, user 38.99 s, sys 10.19 s, maxrss 23293280 KB]
[busy 5084 jiffies]
[exit 0]
--- c2 case 3 rec 0   load 0.94 0.91 1.01
[TEST FST]
Processing dataset...
Done!
Building trie...
Done!
build time: 3315.073837 ms (3315.073837 ns per key)
space cost: 14.021067 MB (11.763764% of original size 119.188606 MB)
Querying trie...
Done!
total time: 4593.693587 ms, avg latency: 4593.693587 ns
not implemented
3315.073837,14.021067,4593.693587
[PASSED]
[time 8.93 s, user 8.67 s, sys 0.21 s, maxrss 357652 KB]
[busy 919 jiffies]
[exit 0]
--- c2 case 2 rec 2   load 0.95 0.92 1.01
[TEST C2-MARISA]
Processing dataset...
Done!
Building trie...
trie size: 2.297644 MB
trie size: 3.841883 MB
trie size: 0.864431 MB
Done!
build time: 1791.668079 ms (1791.668079 ns per key)
space cost: 9.839272 MB (8.255212% of original size 119.188606 MB)
Querying trie...
Done!
total time: 1605.156793 ms, avg latency: 1605.156793 ns
topology: 1.073097 MB, link: 3.403300 MB, data: 5.342366 MB
--- Unary Path Analysis (Marisa, cutoff=3) ---
  branches: 1534795  |  single-char: 270841 (17.6%)  short-unary: 45134 (2.9%)  links: 1218820 (79.4%)
  link len: avg=14.88  max=445  total_chars=18132830
  link length distribution (len:count):  3:37127  4:49365  5:75461  6:91989  7:72185  8:66513  9:63973  10:68956  11:73223  12:65790  13:57380  14:41495  15:36762  16:42631  17:41179  18:27817  19:22377  20:18838  21:17845  22:16718  23:15115  24:13613  25:12555  26:39233  27:27982  28:7379  29:6328  30:6087  31:6172  32:5955  33:5265  34:5643  35:4792  36:4909  37:5534  38:9417  39:5190  40:12044  41:4130  42:3423  43:3194  44:2134  45:1772  46:1642  47:1384  48:1261  49:1057  50:900  51:919  52:1030  53:750  54:799  55:667  56:702  57:772  58:823  59:1198  60:1008  61:899  62:972  63:712  64:409  65:454  66:414  67:320  68:269  69:256  70:270  71:258  72:280  73:453  74:258  75:356  76:221  77:315  78:88  79:138  80:65  81:34  82:48  83:40  84:34  85:38  86:63  87:38  88:23  89:36  90:23  91:6  92:6  93:19  94:8  95:11  96:14  97:13  98:3  99:5  100:4  101:12  102:17  103:11  104:6  105:17  106:9  107:12  108:11  109:7  110:2  111:4  112:1  113:2  114:4  115:4  116:4  117:3  118:4  119:14  120:6  121:1  123:2  124:3  125:38  126:23  127:156  128:15  129:61  130:3  131:1  132:3  133:2  134:1  136:1  137:3  138:6  139:1  140:1  143:4  144:2  145:2  146:2  147:2  149:1  152:3  153:1  155:2  157:1  160:2  161:2  162:2  166:3  167:1  168:1  172:1  173:3  174:1  175:1  176:1  183:2  185:1  188:4  189:2  191:2  192:3  195:2  196:3  199:1  202:1  203:1  204:1  206:1  207:2  216:1  220:1  230:1  234:1  236:1  244:1  248:1  258:1  266:1  445:1
  short unary avg len: 2.00
1791.668079,9.839272,1605.156793
[PASSED]
[time 4.39 s, user 4.13 s, sys 0.24 s, maxrss 353900 KB]
[busy 452 jiffies]
[exit 0]
--- c2 case 2 rec 1   load 0.95 0.92 1.01
[TEST C2-MARISA]
Processing dataset...
Done!
Building trie...
trie size: 2.297644 MB
trie size: 3.841883 MB
Done!
build time: 1645.561300 ms (1645.561300 ns per key)
space cost: 9.839272 MB (8.255212% of original size 119.188606 MB)
Querying trie...
Done!
total time: 1593.017542 ms, avg latency: 1593.017542 ns
topology: 1.073097 MB, link: 3.403300 MB, data: 5.342366 MB
--- Unary Path Analysis (Marisa, cutoff=3) ---
  branches: 1534795  |  single-char: 270841 (17.6%)  short-unary: 45134 (2.9%)  links: 1218820 (79.4%)
  link len: avg=14.88  max=445  total_chars=18132830
  link length distribution (len:count):  3:37127  4:49365  5:75461  6:91989  7:72185  8:66513  9:63973  10:68956  11:73223  12:65790  13:57380  14:41495  15:36762  16:42631  17:41179  18:27817  19:22377  20:18838  21:17845  22:16718  23:15115  24:13613  25:12555  26:39233  27:27982  28:7379  29:6328  30:6087  31:6172  32:5955  33:5265  34:5643  35:4792  36:4909  37:5534  38:9417  39:5190  40:12044  41:4130  42:3423  43:3194  44:2134  45:1772  46:1642  47:1384  48:1261  49:1057  50:900  51:919  52:1030  53:750  54:799  55:667  56:702  57:772  58:823  59:1198  60:1008  61:899  62:972  63:712  64:409  65:454  66:414  67:320  68:269  69:256  70:270  71:258  72:280  73:453  74:258  75:356  76:221  77:315  78:88  79:138  80:65  81:34  82:48  83:40  84:34  85:38  86:63  87:38  88:23  89:36  90:23  91:6  92:6  93:19  94:8  95:11  96:14  97:13  98:3  99:5  100:4  101:12  102:17  103:11  104:6  105:17  106:9  107:12  108:11  109:7  110:2  111:4  112:1  113:2  114:4  115:4  116:4  117:3  118:4  119:14  120:6  121:1  123:2  124:3  125:38  126:23  127:156  128:15  129:61  130:3  131:1  132:3  133:2  134:1  136:1  137:3  138:6  139:1  140:1  143:4  144:2  145:2  146:2  147:2  149:1  152:3  153:1  155:2  157:1  160:2  161:2  162:2  166:3  167:1  168:1  172:1  173:3  174:1  175:1  176:1  183:2  185:1  188:4  189:2  191:2  192:3  195:2  196:3  199:1  202:1  203:1  204:1  206:1  207:2  216:1  220:1  230:1  234:1  236:1  244:1  248:1  258:1  266:1  445:1
  short unary avg len: 2.00
1645.561300,9.839272,1593.017542
[PASSED]
[time 4.22 s, user 3.97 s, sys 0.23 s, maxrss 353812 KB]
[busy 434 jiffies]
[exit 0]
--- c2 case 2 rec 0   load 0.96 0.92 1.01
[TEST C2-MARISA]
Processing dataset...
Done!
Building trie...
trie size: 2.297644 MB
Done!
build time: 1332.584299 ms (1332.584299 ns per key)
space cost: 11.928165 MB (10.007807% of original size 119.188606 MB)
Querying trie...
Done!
total time: 907.266727 ms, avg latency: 907.266727 ns
topology: 0.761036 MB, link: 3.343996 MB, data: 7.802626 MB
--- Unary Path Analysis (Marisa, cutoff=3) ---
  branches: 1534795  |  single-char: 270841 (17.6%)  short-unary: 45134 (2.9%)  links: 1218820 (79.4%)
  link len: avg=14.88  max=445  total_chars=18132830
  link length distribution (len:count):  3:37127  4:49365  5:75461  6:91989  7:72185  8:66513  9:63973  10:68956  11:73223  12:65790  13:57380  14:41495  15:36762  16:42631  17:41179  18:27817  19:22377  20:18838  21:17845  22:16718  23:15115  24:13613  25:12555  26:39233  27:27982  28:7379  29:6328  30:6087  31:6172  32:5955  33:5265  34:5643  35:4792  36:4909  37:5534  38:9417  39:5190  40:12044  41:4130  42:3423  43:3194  44:2134  45:1772  46:1642  47:1384  48:1261  49:1057  50:900  51:919  52:1030  53:750  54:799  55:667  56:702  57:772  58:823  59:1198  60:1008  61:899  62:972  63:712  64:409  65:454  66:414  67:320  68:269  69:256  70:270  71:258  72:280  73:453  74:258  75:356  76:221  77:315  78:88  79:138  80:65  81:34  82:48  83:40  84:34  85:38  86:63  87:38  88:23  89:36  90:23  91:6  92:6  93:19  94:8  95:11  96:14  97:13  98:3  99:5  100:4  101:12  102:17  103:11  104:6  105:17  106:9  107:12  108:11  109:7  110:2  111:4  112:1  113:2  114:4  115:4  116:4  117:3  118:4  119:14  120:6  121:1  123:2  124:3  125:38  126:23  127:156  128:15  129:61  130:3  131:1  132:3  133:2  134:1  136:1  137:3  138:6  139:1  140:1  143:4  144:2  145:2  146:2  147:2  149:1  152:3  153:1  155:2  157:1  160:2  161:2  162:2  166:3  167:1  168:1  172:1  173:3  174:1  175:1  176:1  183:2  185:1  188:4  189:2  191:2  192:3  195:2  196:3  199:1  202:1  203:1  204:1  206:1  207:2  216:1  220:1  230:1  234:1  236:1  244:1  248:1  258:1  266:1  445:1
  short unary avg len: 2.00
1332.584299,11.928165,907.266727
[PASSED]
[time 3.24 s, user 2.99 s, sys 0.23 s, maxrss 356052 KB]
[busy 340 jiffies]
[exit 0]
--- c2 case 1 rec 2   load 0.96 0.92 1.00
[TEST C2-CoCo(LOUDS-Sparse)]
Processing dataset...
Done!
Building trie...
trie size: 2.746100 MB
trie size: 0.687543 MB
Done!
build time: 5478.711027 ms (5478.711027 ns per key)
space cost: 13.118518 MB (11.006521% of original size 119.188606 MB)
Querying trie...
Done!
total time: 1867.476983 ms, avg latency: 1867.476983 ns
topology: 0.719440 MB, link: 3.961886 MB, data: 8.437192 MB
5478.711027,13.118518,1867.476983
[PASSED]
[time 8.32 s, user 7.95 s, sys 0.34 s, maxrss 591120 KB]
[busy 855 jiffies]
[exit 0]
--- c2 case 1 rec 1   load 0.97 0.92 1.00
[TEST C2-CoCo(LOUDS-Sparse)]
Processing dataset...
Done!
Building trie...
trie size: 2.746100 MB
Done!
build time: 5401.046955 ms (5401.046955 ns per key)
space cost: 13.118518 MB (11.006521% of original size 119.188606 MB)
Querying trie...
Done!
total time: 1837.359926 ms, avg latency: 1837.359926 ns
topology: 0.719440 MB, link: 3.961886 MB, data: 8.437192 MB
5401.046955,13.118518,1837.359926
[PASSED]
[time 8.22 s, user 7.84 s, sys 0.35 s, maxrss 587664 KB]
[busy 844 jiffies]
[exit 0]
--- c2 case 1 rec 0   load 0.97 0.93 1.00
[TEST C2-CoCo(LOUDS-Sparse)]
Processing dataset...
Done!
Building trie...
Done!
build time: 5122.208432 ms (5122.208432 ns per key)
space cost: 14.878411 MB (12.483082% of original size 119.188606 MB)
Querying trie...
Done!
total time: 1641.574455 ms, avg latency: 1641.574455 ns
topology: 0.476959 MB, link: 4.004946 MB, data: 10.396506 MB
5122.208432,14.878411,1641.574455
[PASSED]
[time 7.78 s, user 7.39 s, sys 0.35 s, maxrss 595600 KB]
[busy 801 jiffies]
[exit 0]
--- c2 case 0 rec 2   load 0.98 0.93 1.00
[TEST C2-FST]
Processing dataset...
Done!
Building trie...
trie size: 2.746100 MB
trie size: 0.687543 MB
Done!
build time: 1797.473162 ms (1797.473162 ns per key)
space cost: 12.500864 MB (10.488305% of original size 119.188606 MB)
Querying trie...
Done!
total time: 2603.614021 ms, avg latency: 2603.614021 ns
topology: 1.942371 MB, link: 2.552141 MB, data: 8.006351 MB
--- Unary Path Analysis (FST, cutoff=4) ---
  shared unary steps in main trie: 2658278
  terminal suffixes: inplace=39819 (avg len=2.28)  links=891354 (95.7% of terminal)
  link len: avg=14.94  max=443  total_chars=13318660
  link length distribution (len:count):  4:40001  5:49577  6:45421  7:46380  8:50483  9:55180  10:56608  11:54673  12:51140  13:35047  14:30416  15:36724  16:35248  17:24069  18:19466  19:17073  20:16018  21:15299  22:13878  23:12677  24:11568  25:37816  26:26754  27:6712  28:5420  29:5541  30:5676  31:5365  32:4659  33:5334  34:4520  35:4652  36:5350  37:9255  38:4943  39:11477  40:3024  41:2087  42:2051  43:1854  44:1606  45:1448  46:1135  47:1025  48:963  49:801  50:774  51:907  52:679  53:727  54:589  55:642  56:710  57:689  58:824  59:515  60:781  61:937  62:666  63:360  64:436  65:381  66:289  67:245  68:235  69:250  70:244  71:266  72:444  73:249  74:341  75:214  76:315  77:82  78:131  79:63  80:31  81:46  82:38  83:33  84:32  85:58  86:34  87:20  88:33  89:21  90:5  91:6  92:18  93:7  94:11  95:14  96:12  97:3  98:4  99:4  100:10  101:17  102:11  103:6  104:17  105:9  106:12  107:11  108:7  109:2  110:3  111:1  112:2  113:4  114:3  115:4  116:3  117:4  118:13  119:5  120:1  122:2  123:3  124:38  125:23  126:156  127:15  128:61  129:3  130:1  131:3  132:2  133:1  136:3  137:6  138:1  139:1  142:4  143:1  144:2  145:2  146:2  151:3  152:1  154:2  159:2  160:2  161:2  165:3  167:1  171:1  172:3  173:1  174:1  175:1  182:1  187:3  188:1  190:2  191:1  194:1  195:3  198:1  201:1  202:1  203:1  205:1  206:1  215:1  219:1  233:1  235:1  243:1  247:1  257:1  265:1  444:1
1797.473162,12.500864,2603.614021
[PASSED]
[time 5.41 s, user 5.15 s, sys 0.23 s, maxrss 356820 KB]
[busy 558 jiffies]
[exit 0]
--- c2 case 0 rec 1   load 0.98 0.93 1.00
[TEST C2-FST]
Processing dataset...
Done!
Building trie...
trie size: 2.746100 MB
Done!
build time: 1694.643580 ms (1694.643580 ns per key)
space cost: 12.500864 MB (10.488305% of original size 119.188606 MB)
Querying trie...
Done!
total time: 2648.590974 ms, avg latency: 2648.590974 ns
topology: 1.942371 MB, link: 2.552141 MB, data: 8.006351 MB
--- Unary Path Analysis (FST, cutoff=4) ---
  shared unary steps in main trie: 2658278
  terminal suffixes: inplace=39819 (avg len=2.28)  links=891354 (95.7% of terminal)
  link len: avg=14.94  max=443  total_chars=13318660
  link length distribution (len:count):  4:40001  5:49577  6:45421  7:46380  8:50483  9:55180  10:56608  11:54673  12:51140  13:35047  14:30416  15:36724  16:35248  17:24069  18:19466  19:17073  20:16018  21:15299  22:13878  23:12677  24:11568  25:37816  26:26754  27:6712  28:5420  29:5541  30:5676  31:5365  32:4659  33:5334  34:4520  35:4652  36:5350  37:9255  38:4943  39:11477  40:3024  41:2087  42:2051  43:1854  44:1606  45:1448  46:1135  47:1025  48:963  49:801  50:774  51:907  52:679  53:727  54:589  55:642  56:710  57:689  58:824  59:515  60:781  61:937  62:666  63:360  64:436  65:381  66:289  67:245  68:235  69:250  70:244  71:266  72:444  73:249  74:341  75:214  76:315  77:82  78:131  79:63  80:31  81:46  82:38  83:33  84:32  85:58  86:34  87:20  88:33  89:21  90:5  91:6  92:18  93:7  94:11  95:14  96:12  97:3  98:4  99:4  100:10  101:17  102:11  103:6  104:17  105:9  106:12  107:11  108:7  109:2  110:3  111:1  112:2  113:4  114:3  115:4  116:3  117:4  118:13  119:5  120:1  122:2  123:3  124:38  125:23  126:156  127:15  128:61  129:3  130:1  131:3  132:2  133:1  136:3  137:6  138:1  139:1  142:4  143:1  144:2  145:2  146:2  151:3  152:1  154:2  159:2  160:2  161:2  165:3  167:1  171:1  172:3  173:1  174:1  175:1  182:1  187:3  188:1  190:2  191:1  194:1  195:3  198:1  201:1  202:1  203:1  205:1  206:1  215:1  219:1  233:1  235:1  243:1  247:1  257:1  265:1  444:1
1694.643580,12.500864,2648.590974
[PASSED]
[time 5.35 s, user 5.09 s, sys 0.23 s, maxrss 356760 KB]
[busy 553 jiffies]
[exit 0]
--- c2 case 0 rec 0   load 0.98 0.93 1.00
[TEST C2-FST]
Processing dataset...
Done!
Building trie...
Done!
build time: 1424.601955 ms (1424.601955 ns per key)
space cost: 14.260756 MB (11.964866% of original size 119.188606 MB)
Querying trie...
Done!
total time: 2456.852941 ms, avg latency: 2456.852941 ns
topology: 1.699890 MB, link: 2.595201 MB, data: 9.965666 MB
--- Unary Path Analysis (FST, cutoff=4) ---
  shared unary steps in main trie: 2658278
  terminal suffixes: inplace=39819 (avg len=2.28)  links=891354 (95.7% of terminal)
  link len: avg=14.94  max=443  total_chars=13318660
  link length distribution (len:count):  4:40001  5:49577  6:45421  7:46380  8:50483  9:55180  10:56608  11:54673  12:51140  13:35047  14:30416  15:36724  16:35248  17:24069  18:19466  19:17073  20:16018  21:15299  22:13878  23:12677  24:11568  25:37816  26:26754  27:6712  28:5420  29:5541  30:5676  31:5365  32:4659  33:5334  34:4520  35:4652  36:5350  37:9255  38:4943  39:11477  40:3024  41:2087  42:2051  43:1854  44:1606  45:1448  46:1135  47:1025  48:963  49:801  50:774  51:907  52:679  53:727  54:589  55:642  56:710  57:689  58:824  59:515  60:781  61:937  62:666  63:360  64:436  65:381  66:289  67:245  68:235  69:250  70:244  71:266  72:444  73:249  74:341  75:214  76:315  77:82  78:131  79:63  80:31  81:46  82:38  83:33  84:32  85:58  86:34  87:20  88:33  89:21  90:5  91:6  92:18  93:7  94:11  95:14  96:12  97:3  98:4  99:4  100:10  101:17  102:11  103:6  104:17  105:9  106:12  107:11  108:7  109:2  110:3  111:1  112:2  113:4  114:3  115:4  116:3  117:4  118:13  119:5  120:1  122:2  123:3  124:38  125:23  126:156  127:15  128:61  129:3  130:1  131:3  132:2  133:1  136:3  137:6  138:1  139:1  142:4  143:1  144:2  145:2  146:2  151:3  152:1  154:2  159:2  160:2  161:2  165:3  167:1  171:1  172:3  173:1  174:1  175:1  182:1  187:3  188:1  190:2  191:1  194:1  195:3  198:1  201:1  202:1  203:1  205:1  206:1  215:1  219:1  233:1  235:1  243:1  247:1  257:1  265:1  444:1
1424.601955,14.260756,2456.852941
[PASSED]
[time 4.87 s, user 4.62 s, sys 0.23 s, maxrss 358552 KB]
[busy 504 jiffies]
[exit 0]
--- lexindex string   load 0.98 0.93 1.00
1000000 keys
lexindex StringIndex: build 1475 ms, size 16.673 MiB (17.483 B/key), latency cold 1150.5 ns, then mean 1137.8 / min 1135.7 ns
1475.253,16.673446,1150.484
[time 6.82 s, user 6.59 s, sys 0.20 s, maxrss 362712 KB]
[busy 711 jiffies]
[exit 0]
--- lexindex dict1024   load 0.99 0.94 1.00
1000000 keys
lexindex DictIndex block 1024: build 656 ms, size 9.164 MiB (9.609 B/key), latency cold 825.0 ns, then mean 819.3 / min 814.7 ns
655.814,9.163901,824.984
[time 4.75 s, user 6.82 s, sys 0.39 s, maxrss 559372 KB]
[busy 751 jiffies]
[exit 0]
--- lexindex dict256   load 0.99 0.94 1.00
1000000 keys
lexindex DictIndex block 256: build 577 ms, size 9.709 MiB (10.180 B/key), latency cold 787.0 ns, then mean 784.0 / min 782.7 ns
577.094,9.708795,787.020
[time 4.52 s, user 7.80 s, sys 0.42 s, maxrss 541304 KB]
[busy 853 jiffies]
[exit 0]
--- lexindex dict32   load 0.99 0.94 1.00
1000000 keys
lexindex DictIndex block 32: build 566 ms, size 12.680 MiB (13.296 B/key), latency cold 799.8 ns, then mean 774.2 / min 759.1 ns
566.124,12.679603,799.764
[time 4.49 s, user 7.63 s, sys 0.43 s, maxrss 542148 KB]
[busy 843 jiffies]
[exit 0]

##### opaque-1000000 (1000000 lines, 17000000 bytes)   round 2/3   2026-09-19T12:14:03+03:00
--- xcdat 16   load 0.99 0.94 1.00
build time: 639.186658 ms
space cost: 19.227987 MiB (126.012538% of original size 15.258789 MiB)
avg latency: 209.235295 ns
639.186658,19.227987,209.235295
[time 1.52 s, user 1.41 s, sys 0.10 s, maxrss 180092 KB]
[busy 158 jiffies]
[exit 0]
--- xcdat 15   load 0.99 0.94 1.00
build time: 659.961533 ms
space cost: 19.094490 MiB (125.137650% of original size 15.258789 MiB)
avg latency: 203.366132 ns
659.961533,19.094490,203.366132
[time 1.54 s, user 1.43 s, sys 0.10 s, maxrss 181004 KB]
[busy 168 jiffies]
[exit 0]
--- xcdat 8   load 0.99 0.94 1.00
build time: 642.241461 ms
space cost: 18.565336 MiB (121.669787% of original size 15.258789 MiB)
avg latency: 214.137160 ns
642.241461,18.565336,214.137160
[time 1.54 s, user 1.41 s, sys 0.11 s, maxrss 180048 KB]
[busy 161 jiffies]
[exit 0]
--- xcdat 7   load 0.99 0.94 1.00
build time: 671.009382 ms
space cost: 19.932177 MiB (130.627512% of original size 15.258789 MiB)
avg latency: 223.909561 ns
671.009382,19.932177,223.909561
[time 1.58 s, user 1.47 s, sys 0.10 s, maxrss 173292 KB]
[busy 171 jiffies]
[exit 0]
--- c2 case 8 rec 0   load 0.99 0.94 1.00
[TEST CART]
Processing dataset...
Done!
Building trie...
Done!
build time: 171.932749 ms (171.932749 ns per key)
space cost: 11.383729 MB (74.604406% of original size 15.258789 MB)
Querying trie...
Done!
total time: 230.221016 ms, avg latency: 230.221016 ns
not implemented
171.932749,11.383729,230.221016
[PASSED]
[time 1.06 s, user 0.96 s, sys 0.10 s, maxrss 161076 KB]
[busy 112 jiffies]
[exit 0]
--- c2 case 7 rec 0   load 0.99 0.95 1.00
[TEST ART]
Processing dataset...
Done!
Building trie...
Done!
build time: 154.021768 ms (154.021768 ns per key)
space cost: 30.301407 MB (198.583300% of original size 15.258789 MB)
Querying trie...
Done!
total time: 184.319345 ms, avg latency: 184.319345 ns
not implemented
154.021768,30.301407,184.319345
[PASSED]
[time 1.00 s, user 0.90 s, sys 0.09 s, maxrss 178616 KB]
[busy 107 jiffies]
[exit 0]
--- c2 case 6 rec 0   load 0.99 0.95 1.00
[TEST PDT]
Processing dataset...
Done!
Building trie...
dict size: 177882, stream size: 12826382
Done!
build time: 15562.186322 ms (15562.186322 ns per key)
space cost: 13.677892 MB (89.639431% of original size 15.258789 MB)
Querying trie...
Done!
total time: 591.299204 ms, avg latency: 591.299204 ns
not implemented
15562.186322,13.677892,591.299204
[PASSED]
[time 16.80 s, user 16.52 s, sys 0.21 s, maxrss 360696 KB]
[busy 1725 jiffies]
[exit 0]
--- c2 case 5 rec 2   load 1.00 0.95 1.00
[TEST MARISA]
Processing dataset...
Done!
Building trie...
Done!
build time: 957.160944 ms (957.160944 ns per key)
space cost: 17.949429 MB (117.633375% of original size 15.258789 MB)
Querying trie...
Done!
total time: 959.002446 ms, avg latency: 959.002446 ns
not implemented
957.160944,17.949429,959.002446
[PASSED]
[time 2.58 s, user 2.42 s, sys 0.14 s, maxrss 225288 KB]
[busy 270 jiffies]
[exit 0]
--- c2 case 5 rec 1   load 0.92 0.93 0.99
[TEST MARISA]
Processing dataset...
Done!
Building trie...
Done!
build time: 745.105688 ms (745.105688 ns per key)
space cost: 17.634758 MB (115.571150% of original size 15.258789 MB)
Querying trie...
Done!
total time: 685.167238 ms, avg latency: 685.167238 ns
not implemented
745.105688,17.634758,685.167238
[PASSED]
[time 2.08 s, user 1.94 s, sys 0.12 s, maxrss 185672 KB]
[busy 221 jiffies]
[exit 0]
--- c2 case 5 rec 0   load 0.92 0.93 0.99
[TEST MARISA]
Processing dataset...
Done!
Building trie...
Done!
build time: 471.537462 ms (471.537462 ns per key)
space cost: 17.200768 MB (112.726950% of original size 15.258789 MB)
Querying trie...
Done!
total time: 457.198114 ms, avg latency: 457.198114 ns
not implemented
471.537462,17.200768,457.198114
[PASSED]
[time 1.57 s, user 1.45 s, sys 0.11 s, maxrss 194860 KB]
[busy 164 jiffies]
[exit 0]
--- c2 case 4 rec 0   load 0.84 0.92 0.99
[TEST COCO]
Processing dataset...
Done!
Building trie...
num nodes = 4097, average depth = 12.997071
ef = 0.000000, pa = 0.000000, bv = 0.000000, de = 0.000000
efr = 0.000000, par = 0.999756, bvr = 0.000244, der = 0.000000
Done!
build time: 17579.685706 ms (17579.685706 ns per key)
space cost: 10.595579 MB (69.439184% of original size 15.258789 MB)
Querying trie...
Done!
total time: 523.042627 ms, avg latency: 523.042627 ns
not implemented
17579.685706,10.595579,523.042627
[PASSED]
[time 19.68 s, user 14.51 s, sys 5.08 s, maxrss 11388984 KB]
[busy 2021 jiffies]
[exit 0]
--- c2 case 3 rec 0   load 0.89 0.92 0.99
[TEST FST]
Processing dataset...
Done!
Building trie...
Done!
build time: 667.993372 ms (667.993372 ns per key)
space cost: 16.760878 MB (109.844088% of original size 15.258789 MB)
Querying trie...
Done!
total time: 342.176884 ms, avg latency: 342.176884 ns
not implemented
667.993372,16.760878,342.176884
[PASSED]
[time 1.66 s, user 1.57 s, sys 0.08 s, maxrss 147048 KB]
[busy 174 jiffies]
[exit 0]
--- c2 case 2 rec 2   load 0.89 0.92 0.99
[TEST C2-MARISA]
Processing dataset...
Done!
Building trie...
trie size: 1.836515 MB
trie size: 4.316792 MB
Done!
build time: 1997.111736 ms (1997.111736 ns per key)
space cost: 16.609414 MB (108.851456% of original size 15.258789 MB)
Querying trie...
Done!
total time: 324.534568 ms, avg latency: 324.534568 ns
topology: 0.607349 MB, link: 2.863268 MB, data: 13.118289 MB
--- Unary Path Analysis (Marisa, cutoff=3) ---
  branches: 1267337  |  single-char: 266306 (21.0%)  short-unary: 1021 (0.1%)  links: 1000010 (78.9%)
  link len: avg=12.96  max=14  total_chars=12963813
  link length distribution (len:count):  3:10  10:6  11:856  12:56569  13:920487  14:22082
  short unary avg len: 2.00
1997.111736,16.609414,324.534568
[PASSED]
[time 2.97 s, user 2.76 s, sys 0.19 s, maxrss 283828 KB]
[busy 308 jiffies]
[exit 0]
--- c2 case 2 rec 1   load 0.90 0.92 0.99
[TEST C2-MARISA]
Processing dataset...
Done!
Building trie...
trie size: 1.836515 MB
trie size: 4.316792 MB
Done!
build time: 2000.176778 ms (2000.176778 ns per key)
space cost: 16.609414 MB (108.851456% of original size 15.258789 MB)
Querying trie...
Done!
total time: 327.728002 ms, avg latency: 327.728002 ns
topology: 0.607349 MB, link: 2.863268 MB, data: 13.118289 MB
--- Unary Path Analysis (Marisa, cutoff=3) ---
  branches: 1267337  |  single-char: 266306 (21.0%)  short-unary: 1021 (0.1%)  links: 1000010 (78.9%)
  link len: avg=12.96  max=14  total_chars=12963813
  link length distribution (len:count):  3:10  10:6  11:856  12:56569  13:920487  14:22082
  short unary avg len: 2.00
2000.176778,16.609414,327.728002
[PASSED]
[time 2.98 s, user 2.76 s, sys 0.20 s, maxrss 283888 KB]
[busy 307 jiffies]
[exit 0]
--- c2 case 2 rec 0   load 0.90 0.93 0.99
[TEST C2-MARISA]
Processing dataset...
Done!
Building trie...
trie size: 1.836515 MB
Done!
build time: 977.945998 ms (977.945998 ns per key)
space cost: 16.609414 MB (108.851456% of original size 15.258789 MB)
Querying trie...
Done!
total time: 321.429481 ms, avg latency: 321.429481 ns
topology: 0.607349 MB, link: 2.863268 MB, data: 13.118289 MB
--- Unary Path Analysis (Marisa, cutoff=3) ---
  branches: 1267337  |  single-char: 266306 (21.0%)  short-unary: 1021 (0.1%)  links: 1000010 (78.9%)
  link len: avg=12.96  max=14  total_chars=12963813
  link length distribution (len:count):  3:10  10:6  11:856  12:56569  13:920487  14:22082
  short unary avg len: 2.00
977.945998,16.609414,321.429481
[PASSED]
[time 1.94 s, user 1.76 s, sys 0.16 s, maxrss 236992 KB]
[busy 203 jiffies]
[exit 0]
--- c2 case 1 rec 2   load 0.83 0.91 0.99
[TEST C2-CoCo(LOUDS-Sparse)]
Processing dataset...
Done!
Building trie...
trie size: 4.316751 MB
Done!
build time: 2235.836409 ms (2235.836409 ns per key)
space cost: 16.089285 MB (105.442735% of original size 15.258789 MB)
Querying trie...
Done!
total time: 532.644738 ms, avg latency: 532.644738 ns
topology: 0.346626 MB, link: 3.175570 MB, data: 12.567089 MB
2235.836409,16.089285,532.644738
[PASSED]
[time 3.43 s, user 3.18 s, sys 0.22 s, maxrss 418980 KB]
[busy 357 jiffies]
[exit 0]
--- c2 case 1 rec 1   load 0.83 0.91 0.99
[TEST C2-CoCo(LOUDS-Sparse)]
Processing dataset...
Done!
Building trie...
trie size: 4.316751 MB
Done!
build time: 2227.111206 ms (2227.111206 ns per key)
space cost: 16.089285 MB (105.442735% of original size 15.258789 MB)
Querying trie...
Done!
total time: 543.342820 ms, avg latency: 543.342820 ns
topology: 0.346626 MB, link: 3.175570 MB, data: 12.567089 MB
2227.111206,16.089285,543.342820
[PASSED]
[time 3.41 s, user 3.17 s, sys 0.22 s, maxrss 418612 KB]
[busy 352 jiffies]
[exit 0]
--- c2 case 1 rec 0   load 0.85 0.91 0.99
[TEST C2-CoCo(LOUDS-Sparse)]
Processing dataset...
Done!
Building trie...
Done!
build time: 1352.380094 ms (1352.380094 ns per key)
space cost: 16.089285 MB (105.442735% of original size 15.258789 MB)
Querying trie...
Done!
total time: 539.041654 ms, avg latency: 539.041654 ns
topology: 0.346626 MB, link: 3.175570 MB, data: 12.567089 MB
1352.380094,16.089285,539.041654
[PASSED]
[time 2.54 s, user 2.35 s, sys 0.18 s, maxrss 357324 KB]
[busy 264 jiffies]
[exit 0]
--- c2 case 0 rec 2   load 0.86 0.91 0.99
[TEST C2-FST]
Processing dataset...
Done!
Building trie...
trie size: 4.316751 MB
Done!
build time: 1970.984679 ms (1970.984679 ns per key)
space cost: 16.922257 MB (110.901706% of original size 15.258789 MB)
Querying trie...
Done!
total time: 403.229298 ms, avg latency: 403.229298 ns
topology: 0.743332 MB, link: 3.012292 MB, data: 13.166634 MB
--- Unary Path Analysis (FST, cutoff=4) ---
  shared unary steps in main trie: 1041
  terminal suffixes: inplace=0 (avg len=0.00)  links=1000000 (100.0% of terminal)
  link len: avg=10.96  max=12  total_chars=10963783
  link length distribution (len:count):  9:6  10:856  11:56569  12:920487  13:22082
1970.984679,16.922257,403.229298
[PASSED]
[time 3.01 s, user 2.78 s, sys 0.21 s, maxrss 311276 KB]
[busy 313 jiffies]
[exit 0]
--- c2 case 0 rec 1   load 0.87 0.92 0.99
[TEST C2-FST]
Processing dataset...
Done!
Building trie...
trie size: 4.316751 MB
Done!
build time: 1968.881485 ms (1968.881485 ns per key)
space cost: 16.922257 MB (110.901706% of original size 15.258789 MB)
Querying trie...
Done!
total time: 403.762450 ms, avg latency: 403.762450 ns
topology: 0.743332 MB, link: 3.012292 MB, data: 13.166634 MB
--- Unary Path Analysis (FST, cutoff=4) ---
  shared unary steps in main trie: 1041
  terminal suffixes: inplace=0 (avg len=0.00)  links=1000000 (100.0% of terminal)
  link len: avg=10.96  max=12  total_chars=10963783
  link length distribution (len:count):  9:6  10:856  11:56569  12:920487  13:22082
1968.881485,16.922257,403.762450
[PASSED]
[time 3.02 s, user 2.80 s, sys 0.21 s, maxrss 311484 KB]
[busy 312 jiffies]
[exit 0]
--- c2 case 0 rec 0   load 0.80 0.90 0.98
[TEST C2-FST]
Processing dataset...
Done!
Building trie...
Done!
build time: 1088.537862 ms (1088.537862 ns per key)
space cost: 16.922257 MB (110.901706% of original size 15.258789 MB)
Querying trie...
Done!
total time: 400.078915 ms, avg latency: 400.078915 ns
topology: 0.743332 MB, link: 3.012292 MB, data: 13.166634 MB
--- Unary Path Analysis (FST, cutoff=4) ---
  shared unary steps in main trie: 1041
  terminal suffixes: inplace=0 (avg len=0.00)  links=1000000 (100.0% of terminal)
  link len: avg=10.96  max=12  total_chars=10963783
  link length distribution (len:count):  9:6  10:856  11:56569  12:920487  13:22082
1088.537862,16.922257,400.078915
[PASSED]
[time 2.13 s, user 1.98 s, sys 0.13 s, maxrss 250432 KB]
[busy 223 jiffies]
[exit 0]
--- lexindex string   load 0.80 0.90 0.98
1000000 keys
lexindex StringIndex: build 1099 ms, size 20.443 MiB (21.436 B/key), latency cold 376.8 ns, then mean 375.2 / min 374.5 ns
1099.265,20.442799,376.841
[time 3.04 s, user 2.94 s, sys 0.08 s, maxrss 151928 KB]
[busy 318 jiffies]
[exit 0]
--- lexindex dict1024   load 0.82 0.90 0.98
1000000 keys
lexindex DictIndex block 1024: build 151 ms, size 9.821 MiB (10.298 B/key), latency cold 407.9 ns, then mean 403.7 / min 403.2 ns
151.154,9.821330,407.894
[time 2.22 s, user 2.52 s, sys 0.18 s, maxrss 145312 KB]
[busy 290 jiffies]
[exit 0]
--- lexindex dict256   load 0.83 0.90 0.98
1000000 keys
lexindex DictIndex block 256: build 138 ms, size 9.939 MiB (10.422 B/key), latency cold 359.6 ns, then mean 360.3 / min 356.3 ns
138.308,9.939323,359.647
[time 2.03 s, user 2.61 s, sys 0.24 s, maxrss 223500 KB]
[busy 306 jiffies]
[exit 0]
--- lexindex dict32   load 0.83 0.90 0.98
1000000 keys
lexindex DictIndex block 32: build 137 ms, size 10.197 MiB (10.692 B/key), latency cold 349.5 ns, then mean 345.6 / min 343.9 ns
136.630,10.197118,349.512
[time 1.97 s, user 2.55 s, sys 0.25 s, maxrss 215476 KB]
[busy 298 jiffies]
[exit 0]

##### numeric-1000000 (1000000 lines, 6888890 bytes)   round 2/3   2026-09-19T12:15:55+03:00
--- xcdat 16   load 0.85 0.91 0.98
build time: 179.345384 ms
space cost: 7.181439 MiB (127.872740% of original size 5.616083 MiB)
avg latency: 69.243793 ns
179.345384,7.181439,69.243793
[time 0.57 s, user 0.51 s, sys 0.06 s, maxrss 90236 KB]
[busy 65 jiffies]
[exit 0]
--- xcdat 15   load 0.85 0.91 0.98
build time: 208.942926 ms
space cost: 6.727912 MiB (119.797228% of original size 5.616083 MiB)
avg latency: 54.250095 ns
208.942926,6.727912,54.250095
[time 0.59 s, user 0.51 s, sys 0.07 s, maxrss 90280 KB]
[busy 64 jiffies]
[exit 0]
--- xcdat 8   load 0.78 0.89 0.98
build time: 177.484025 ms
space cost: 4.607934 MiB (82.048892% of original size 5.616083 MiB)
avg latency: 95.384415 ns
177.484025,4.607934,95.384415
[time 0.61 s, user 0.52 s, sys 0.08 s, maxrss 90172 KB]
[busy 65 jiffies]
[exit 0]
--- xcdat 7   load 0.78 0.89 0.98
build time: 271.440075 ms
space cost: 5.285287 MiB (94.109841% of original size 5.616083 MiB)
avg latency: 85.278497 ns
271.440075,5.285287,85.278497
[time 0.68 s, user 0.61 s, sys 0.06 s, maxrss 90280 KB]
[busy 76 jiffies]
[exit 0]
--- c2 case 8 rec 0   load 0.78 0.89 0.98
[TEST CART]
Processing dataset...
Done!
Building trie...
Done!
build time: 70.837519 ms (70.837519 ns per key)
space cost: 11.262885 MB (200.546979% of original size 5.616083 MB)
Querying trie...
Done!
total time: 78.692415 ms, avg latency: 78.692415 ns
not implemented
70.837519,11.262885,78.692415
[PASSED]
[time 0.48 s, user 0.42 s, sys 0.05 s, maxrss 104824 KB]
[busy 54 jiffies]
[exit 0]
--- c2 case 7 rec 0   load 0.71 0.88 0.97
[TEST ART]
Processing dataset...
Done!
Building trie...
Done!
build time: 56.173501 ms (56.173501 ns per key)
space cost: 20.065308 MB (357.282951% of original size 5.616083 MB)
Querying trie...
Done!
total time: 71.486789 ms, avg latency: 71.486789 ns
not implemented
56.173501,20.065308,71.486789
[PASSED]
[time 0.45 s, user 0.40 s, sys 0.05 s, maxrss 103260 KB]
[busy 52 jiffies]
[exit 0]
--- c2 case 6 rec 0   load 0.71 0.88 0.97
[TEST PDT]
Processing dataset...
Done!
Building trie...
dict size: 92, stream size: 296698
Done!
build time: 108.634464 ms (108.634464 ns per key)
space cost: 1.559100 MB (27.761344% of original size 5.616083 MB)
Querying trie...
Done!
total time: 391.501732 ms, avg latency: 391.501732 ns
not implemented
108.634464,1.559100,391.501732
[PASSED]
[time 0.83 s, user 0.77 s, sys 0.05 s, maxrss 89984 KB]
[busy 89 jiffies]
[exit 0]
--- c2 case 5 rec 2   load 0.71 0.88 0.97
[TEST MARISA]
Processing dataset...
Done!
Building trie...
Done!
build time: 143.968840 ms (143.968840 ns per key)
space cost: 1.565816 MB (27.880925% of original size 5.616083 MB)
Querying trie...
Done!
total time: 185.880760 ms, avg latency: 185.880760 ns
not implemented
143.968840,1.565816,185.880760
[PASSED]
[time 0.66 s, user 0.59 s, sys 0.07 s, maxrss 108200 KB]
[busy 72 jiffies]
[exit 0]
--- c2 case 5 rec 1   load 0.66 0.86 0.97
[TEST MARISA]
Processing dataset...
Done!
Building trie...
Done!
build time: 145.197820 ms (145.197820 ns per key)
space cost: 1.565816 MB (27.880925% of original size 5.616083 MB)
Querying trie...
Done!
total time: 187.739334 ms, avg latency: 187.739334 ns
not implemented
145.197820,1.565816,187.739334
[PASSED]
[time 0.66 s, user 0.59 s, sys 0.07 s, maxrss 108248 KB]
[busy 70 jiffies]
[exit 0]
--- c2 case 5 rec 0   load 0.66 0.86 0.97
[TEST MARISA]
Processing dataset...
Done!
Building trie...
Done!
build time: 146.176941 ms (146.176941 ns per key)
space cost: 1.565816 MB (27.880925% of original size 5.616083 MB)
Querying trie...
Done!
total time: 186.899185 ms, avg latency: 186.899185 ns
not implemented
146.176941,1.565816,186.899185
[PASSED]
[time 0.66 s, user 0.58 s, sys 0.08 s, maxrss 108228 KB]
[busy 73 jiffies]
[exit 0]
--- c2 case 4 rec 0   load 0.66 0.86 0.97
[TEST COCO]
Processing dataset...
Done!
Building trie...
num nodes = 9001, average depth = 1.000222
ef = 0.000000, pa = 0.000000, bv = 0.000111, de = 0.999889
efr = 0.000000, par = 0.000000, bvr = 0.000000, der = 0.000000
Done!
build time: 699.191893 ms (699.191893 ns per key)
space cost: 0.497188 MB (8.852927% of original size 5.616083 MB)
Querying trie...
Done!
total time: 236.596031 ms, avg latency: 236.596031 ns
not implemented
699.191893,0.497188,236.596031
[PASSED]
[time 1.28 s, user 1.02 s, sys 0.25 s, maxrss 494720 KB]
[busy 134 jiffies]
[exit 0]
--- c2 case 3 rec 0   load 0.68 0.86 0.97
[TEST FST]
Processing dataset...
Done!
Building trie...
Done!
build time: 221.458334 ms (221.458334 ns per key)
space cost: 1.445107 MB (25.731589% of original size 5.616083 MB)
Querying trie...
Done!
total time: 249.518244 ms, avg latency: 249.518244 ns
not implemented
221.458334,1.445107,249.518244
[PASSED]
[time 0.79 s, user 0.72 s, sys 0.06 s, maxrss 73940 KB]
[busy 90 jiffies]
[exit 0]
--- c2 case 2 rec 2   skipped: exit 139 in round 1
--- c2 case 2 rec 1   skipped: exit 139 in round 1
--- c2 case 2 rec 0   skipped: exit 139 in round 1
--- c2 case 1 rec 2   skipped: exit 139 in round 1
--- c2 case 1 rec 1   skipped: exit 139 in round 1
--- c2 case 1 rec 0   skipped: exit 139 in round 1
--- c2 case 0 rec 2   skipped: exit 139 in round 1
--- c2 case 0 rec 1   skipped: exit 139 in round 1
--- c2 case 0 rec 0   skipped: exit 139 in round 1
--- lexindex string   load 0.68 0.86 0.97
1000000 keys
lexindex StringIndex: build 163 ms, size 0.000 MiB (0.000 B/key), latency cold 115.7 ns, then mean 117.0 / min 116.8 ns
162.772,0.000287,115.709
[time 1.05 s, user 0.99 s, sys 0.05 s, maxrss 114512 KB]
[busy 115 jiffies]
[exit 0]
--- lexindex dict1024   load 0.68 0.86 0.97
1000000 keys
lexindex DictIndex block 1024: build 91 ms, size 0.883 MiB (0.926 B/key), latency cold 296.8 ns, then mean 296.0 / min 295.5 ns
91.394,0.882905,296.839
[time 1.72 s, user 1.79 s, sys 0.09 s, maxrss 138292 KB]
[busy 200 jiffies]
[exit 0]
--- lexindex dict256   load 0.71 0.87 0.97
1000000 keys
lexindex DictIndex block 256: build 92 ms, size 0.986 MiB (1.034 B/key), latency cold 273.9 ns, then mean 272.4 / min 271.8 ns
91.705,0.986431,273.864
[time 1.61 s, user 1.83 s, sys 0.13 s, maxrss 141020 KB]
[busy 208 jiffies]
[exit 0]
--- lexindex dict32   load 0.65 0.85 0.96
1000000 keys
lexindex DictIndex block 32: build 92 ms, size 1.205 MiB (1.263 B/key), latency cold 259.5 ns, then mean 258.6 / min 257.7 ns
91.860,1.204577,259.480
[time 1.56 s, user 1.76 s, sys 0.15 s, maxrss 152276 KB]
[busy 205 jiffies]
[exit 0]

##### idents-1000000 (1000000 lines, 18283976 bytes)   round 2/3   2026-09-19T12:16:26+03:00
--- xcdat 16   load 0.65 0.85 0.96
build time: 463.881258 ms
space cost: 13.736038 MiB (83.333140% of original size 16.483284 MiB)
avg latency: 211.760613 ns
463.881258,13.736038,211.760613
[time 1.20 s, user 1.08 s, sys 0.12 s, maxrss 179964 KB]
[busy 128 jiffies]
[exit 0]
--- xcdat 15   load 0.60 0.84 0.96
build time: 495.841271 ms
space cost: 13.141485 MiB (79.726135% of original size 16.483284 MiB)
avg latency: 199.853639 ns
495.841271,13.141485,199.853639
[time 1.22 s, user 1.10 s, sys 0.11 s, maxrss 180008 KB]
[busy 129 jiffies]
[exit 0]
--- xcdat 8   load 0.60 0.84 0.96
build time: 461.948916 ms
space cost: 10.584354 MiB (64.212656% of original size 16.483284 MiB)
avg latency: 214.551520 ns
461.948916,10.584354,214.551520
[time 1.20 s, user 1.06 s, sys 0.13 s, maxrss 179940 KB]
[busy 127 jiffies]
[exit 0]
--- xcdat 7   load 0.60 0.84 0.96
build time: 502.468620 ms
space cost: 11.013126 MiB (66.813909% of original size 16.483284 MiB)
avg latency: 222.788083 ns
502.468620,11.013126,222.788083
[time 1.25 s, user 1.14 s, sys 0.10 s, maxrss 180184 KB]
[busy 132 jiffies]
[exit 0]
--- c2 case 8 rec 0   load 0.63 0.84 0.96
[TEST CART]
Processing dataset...
Done!
Building trie...
Done!
build time: 200.257648 ms (200.257648 ns per key)
space cost: 15.673315 MB (95.086119% of original size 16.483284 MB)
Querying trie...
Done!
total time: 456.647951 ms, avg latency: 456.647951 ns
not implemented
200.257648,15.673315,456.647951
[PASSED]
[time 1.18 s, user 1.09 s, sys 0.08 s, maxrss 148952 KB]
[busy 128 jiffies]
[exit 0]
--- c2 case 7 rec 0   load 0.63 0.84 0.96
[TEST ART]
Processing dataset...
Done!
Building trie...
Done!
build time: 149.622388 ms (149.622388 ns per key)
space cost: 32.931778 MB (199.788937% of original size 16.483284 MB)
Querying trie...
Done!
total time: 388.216856 ms, avg latency: 388.216856 ns
not implemented
149.622388,32.931778,388.216856
[PASSED]
[time 1.06 s, user 0.97 s, sys 0.08 s, maxrss 160540 KB]
[busy 111 jiffies]
[exit 0]
--- c2 case 6 rec 0   load 0.66 0.84 0.96
[TEST PDT]
Processing dataset...
Done!
Building trie...
dict size: 158636, stream size: 5032831
Done!
build time: 2559.629173 ms (2559.629173 ns per key)
space cost: 6.227028 MB (37.777835% of original size 16.483284 MB)
Querying trie...
Done!
total time: 584.086054 ms, avg latency: 584.086054 ns
not implemented
2559.629173,6.227028,584.086054
[PASSED]
[time 3.64 s, user 3.53 s, sys 0.09 s, maxrss 168484 KB]
[busy 376 jiffies]
[exit 0]
--- c2 case 5 rec 2   load 0.61 0.83 0.95
[TEST MARISA]
Processing dataset...
Done!
Building trie...
Done!
build time: 562.465970 ms (562.465970 ns per key)
space cost: 5.354378 MB (32.483683% of original size 16.483284 MB)
Querying trie...
Done!
total time: 725.881668 ms, avg latency: 725.881668 ns
not implemented
562.465970,5.354378,725.881668
[PASSED]
[time 1.80 s, user 1.68 s, sys 0.11 s, maxrss 165548 KB]
[busy 188 jiffies]
[exit 0]
--- c2 case 5 rec 1   load 0.61 0.83 0.95
[TEST MARISA]
Processing dataset...
Done!
Building trie...
Done!
build time: 547.175094 ms (547.175094 ns per key)
space cost: 5.655286 MB (34.309218% of original size 16.483284 MB)
Querying trie...
Done!
total time: 657.936366 ms, avg latency: 657.936366 ns
not implemented
547.175094,5.655286,657.936366
[PASSED]
[time 1.70 s, user 1.60 s, sys 0.08 s, maxrss 157704 KB]
[busy 177 jiffies]
[exit 0]
--- c2 case 5 rec 0   load 0.64 0.83 0.95
[TEST MARISA]
Processing dataset...
Done!
Building trie...
Done!
build time: 468.766562 ms (468.766562 ns per key)
space cost: 7.279773 MB (44.164578% of original size 16.483284 MB)
Querying trie...
Done!
total time: 466.298773 ms, avg latency: 466.298773 ns
not implemented
468.766562,7.279773,466.298773
[PASSED]
[time 1.45 s, user 1.34 s, sys 0.10 s, maxrss 157992 KB]
[busy 156 jiffies]
[exit 0]
--- c2 case 4 rec 0   load 0.64 0.83 0.95
[TEST COCO]
Processing dataset...
Done!
Building trie...
num nodes = 412937, average depth = 8.208172
ef = 0.000455, pa = 0.242352, bv = 0.003325, de = 0.563989
efr = 0.002477, par = 0.125714, bvr = 0.000545, der = 0.061142
Done!
build time: 14353.716337 ms (14353.716337 ns per key)
space cost: 9.974920 MB (60.515370% of original size 16.483284 MB)
Querying trie...
Done!
total time: 498.985672 ms, avg latency: 498.985672 ns
not implemented
14353.716337,9.974920,498.985672
[PASSED]
[time 16.01 s, user 12.43 s, sys 3.51 s, maxrss 7730588 KB]
[busy 1651 jiffies]
[exit 0]
--- c2 case 3 rec 0   load 0.74 0.84 0.96
[TEST FST]
Processing dataset...
Done!
Building trie...
Done!
build time: 675.017037 ms (675.017037 ns per key)
space cost: 8.563316 MB (51.951519% of original size 16.483284 MB)
Querying trie...
Done!
total time: 754.822975 ms, avg latency: 754.822975 ns
not implemented
675.017037,8.563316,754.822975
[PASSED]
[time 1.94 s, user 1.86 s, sys 0.07 s, maxrss 114572 KB]
[busy 201 jiffies]
[exit 0]
--- c2 case 2 rec 2   load 0.74 0.84 0.96
[TEST C2-MARISA]
Processing dataset...
Done!
Building trie...
trie size: 2.268721 MB
trie size: 2.569425 MB
trie size: 0.468599 MB
Done!
build time: 866.106790 ms (866.106790 ns per key)
space cost: 6.231204 MB (37.803171% of original size 16.483284 MB)
Querying trie...
Done!
total time: 429.557422 ms, avg latency: 429.557422 ns
topology: 0.985817 MB, link: 2.134608 MB, data: 3.090271 MB
--- Unary Path Analysis (Marisa, cutoff=3) ---
  branches: 1404624  |  single-char: 479529 (34.1%)  short-unary: 101093 (7.2%)  links: 824002 (58.7%)
  link len: avg=8.83  max=511  total_chars=7275589
  link length distribution (len:count):  3:96296  4:151575  5:100673  6:68854  7:57858  8:46664  9:40166  10:34974  11:30498  12:41963  13:23674  14:17279  15:14913  16:12650  17:10496  18:9162  19:7137  20:6187  21:5166  22:4219  23:3575  24:2970  25:2515  26:2033  27:1786  28:3448  29:3574  30:1146  31:1929  32:12598  33:2418  34:520  35:464  36:440  37:386  38:271  39:250  40:221  41:206  42:160  43:154  44:139  45:143  46:95  47:113  48:108  49:103  50:87  51:72  52:78  53:68  54:62  55:80  56:76  57:60  58:86  59:123  60:137  61:260  62:340  63:18  64:12  65:14  66:12  67:15  68:15  69:13  70:15  71:7  72:12  73:10  74:22  75:26  76:36  77:15  78:1  79:2  80:2  81:3  82:3  83:1  84:2  85:2  86:2  87:2  89:2  90:2  91:2  92:4  93:1  95:2  96:1  97:3  105:1  107:1  108:1  110:1  111:1  117:1  118:3  121:1  122:2  123:1  124:1  125:1  130:1  136:1  137:1  192:1  258:1  337:1  367:1  425:1  509:1  511:1
  short unary avg len: 2.00
866.106790,6.231204,429.557422
[PASSED]
[time 1.81 s, user 1.66 s, sys 0.14 s, maxrss 204548 KB]
[busy 189 jiffies]
[exit 0]
--- c2 case 2 rec 1   load 0.76 0.85 0.96
[TEST C2-MARISA]
Processing dataset...
Done!
Building trie...
trie size: 2.268721 MB
trie size: 2.569425 MB
Done!
build time: 809.782715 ms (809.782715 ns per key)
space cost: 6.231204 MB (37.803171% of original size 16.483284 MB)
Querying trie...
Done!
total time: 428.126933 ms, avg latency: 428.126933 ns
topology: 0.985817 MB, link: 2.134608 MB, data: 3.090271 MB
--- Unary Path Analysis (Marisa, cutoff=3) ---
  branches: 1404624  |  single-char: 479529 (34.1%)  short-unary: 101093 (7.2%)  links: 824002 (58.7%)
  link len: avg=8.83  max=511  total_chars=7275589
  link length distribution (len:count):  3:96296  4:151575  5:100673  6:68854  7:57858  8:46664  9:40166  10:34974  11:30498  12:41963  13:23674  14:17279  15:14913  16:12650  17:10496  18:9162  19:7137  20:6187  21:5166  22:4219  23:3575  24:2970  25:2515  26:2033  27:1786  28:3448  29:3574  30:1146  31:1929  32:12598  33:2418  34:520  35:464  36:440  37:386  38:271  39:250  40:221  41:206  42:160  43:154  44:139  45:143  46:95  47:113  48:108  49:103  50:87  51:72  52:78  53:68  54:62  55:80  56:76  57:60  58:86  59:123  60:137  61:260  62:340  63:18  64:12  65:14  66:12  67:15  68:15  69:13  70:15  71:7  72:12  73:10  74:22  75:26  76:36  77:15  78:1  79:2  80:2  81:3  82:3  83:1  84:2  85:2  86:2  87:2  89:2  90:2  91:2  92:4  93:1  95:2  96:1  97:3  105:1  107:1  108:1  110:1  111:1  117:1  118:3  121:1  122:2  123:1  124:1  125:1  130:1  136:1  137:1  192:1  258:1  337:1  367:1  425:1  509:1  511:1
  short unary avg len: 2.00
809.782715,6.231204,428.126933
[PASSED]
[time 1.75 s, user 1.61 s, sys 0.13 s, maxrss 204632 KB]
[busy 184 jiffies]
[exit 0]
--- c2 case 2 rec 0   load 0.76 0.85 0.96
[TEST C2-MARISA]
Processing dataset...
Done!
Building trie...
trie size: 2.268721 MB
Done!
build time: 662.311030 ms (662.311030 ns per key)
space cost: 7.402753 MB (44.910668% of original size 16.483284 MB)
Querying trie...
Done!
total time: 333.017425 ms, avg latency: 333.017425 ns
topology: 0.751392 MB, link: 2.163248 MB, data: 4.467605 MB
--- Unary Path Analysis (Marisa, cutoff=3) ---
  branches: 1404624  |  single-char: 479529 (34.1%)  short-unary: 101093 (7.2%)  links: 824002 (58.7%)
  link len: avg=8.83  max=511  total_chars=7275589
  link length distribution (len:count):  3:96296  4:151575  5:100673  6:68854  7:57858  8:46664  9:40166  10:34974  11:30498  12:41963  13:23674  14:17279  15:14913  16:12650  17:10496  18:9162  19:7137  20:6187  21:5166  22:4219  23:3575  24:2970  25:2515  26:2033  27:1786  28:3448  29:3574  30:1146  31:1929  32:12598  33:2418  34:520  35:464  36:440  37:386  38:271  39:250  40:221  41:206  42:160  43:154  44:139  45:143  46:95  47:113  48:108  49:103  50:87  51:72  52:78  53:68  54:62  55:80  56:76  57:60  58:86  59:123  60:137  61:260  62:340  63:18  64:12  65:14  66:12  67:15  68:15  69:13  70:15  71:7  72:12  73:10  74:22  75:26  76:36  77:15  78:1  79:2  80:2  81:3  82:3  83:1  84:2  85:2  86:2  87:2  89:2  90:2  91:2  92:4  93:1  95:2  96:1  97:3  105:1  107:1  108:1  110:1  111:1  117:1  118:3  121:1  122:2  123:1  124:1  125:1  130:1  136:1  137:1  192:1  258:1  337:1  367:1  425:1  509:1  511:1
  short unary avg len: 2.00
662.311030,7.402753,333.017425
[PASSED]
[time 1.50 s, user 1.38 s, sys 0.11 s, maxrss 204740 KB]
[busy 163 jiffies]
[exit 0]
--- c2 case 1 rec 2   load 0.86 0.87 0.96
[TEST C2-CoCo(LOUDS-Sparse)]
Processing dataset...
Done!
Building trie...
trie size: 1.626037 MB
trie size: 0.392475 MB
Done!
build time: 2300.871800 ms (2300.871800 ns per key)
space cost: 7.511661 MB (45.571388% of original size 16.483284 MB)
Querying trie...
Done!
total time: 629.770697 ms, avg latency: 629.770697 ns
topology: 0.599392 MB, link: 2.257739 MB, data: 4.654530 MB
2300.871800,7.511661,629.770697
[PASSED]
[time 3.45 s, user 3.24 s, sys 0.19 s, maxrss 335864 KB]
[busy 359 jiffies]
[exit 0]
--- c2 case 1 rec 1   load 1.12 0.92 0.98
[TEST C2-CoCo(LOUDS-Sparse)]
Processing dataset...
Done!
Building trie...
trie size: 1.626037 MB
Done!
build time: 2266.795319 ms (2266.795319 ns per key)
space cost: 7.511661 MB (45.571388% of original size 16.483284 MB)
Querying trie...
Done!
total time: 631.396534 ms, avg latency: 631.396534 ns
topology: 0.599392 MB, link: 2.257739 MB, data: 4.654530 MB
2266.795319,7.511661,631.396534
[PASSED]
[time 3.41 s, user 3.22 s, sys 0.17 s, maxrss 336032 KB]
[busy 354 jiffies]
[exit 0]
--- c2 case 1 rec 0   load 1.03 0.90 0.97
[TEST C2-CoCo(LOUDS-Sparse)]
Processing dataset...
Done!
Building trie...
Done!
build time: 2158.357054 ms (2158.357054 ns per key)
space cost: 8.350286 MB (50.659118% of original size 16.483284 MB)
Querying trie...
Done!
total time: 568.986408 ms, avg latency: 568.986408 ns
topology: 0.418800 MB, link: 2.233477 MB, data: 5.698009 MB
2158.357054,8.350286,568.986408
[PASSED]
[time 3.24 s, user 3.02 s, sys 0.21 s, maxrss 335580 KB]
[busy 338 jiffies]
[exit 0]
--- c2 case 0 rec 2   load 0.94 0.89 0.97
[TEST C2-FST]
Processing dataset...
Done!
Building trie...
trie size: 1.626037 MB
trie size: 0.392475 MB
Done!
build time: 734.568108 ms (734.568108 ns per key)
space cost: 7.389305 MB (44.829083% of original size 16.483284 MB)
Querying trie...
Done!
total time: 519.737173 ms, avg latency: 519.737173 ns
topology: 1.316097 MB, link: 1.431170 MB, data: 4.642038 MB
--- Unary Path Analysis (FST, cutoff=4) ---
  shared unary steps in main trie: 971668
  terminal suffixes: inplace=238747 (avg len=2.28)  links=478774 (66.7% of terminal)
  link len: avg=9.52  max=507  total_chars=4557473
  link length distribution (len:count):  4:79167  5:52258  6:44526  7:37562  8:33071  9:28872  10:26062  11:38559  12:20998  13:14985  14:12840  15:11027  16:9190  17:7956  18:6288  19:5522  20:4616  21:3760  22:3224  23:2642  24:2265  25:1817  26:1599  27:3319  28:3490  29:1071  30:1819  31:12530  32:2370  33:475  34:427  35:414  36:360  37:260  38:234  39:210  40:195  41:157  42:148  43:129  44:137  45:91  46:113  47:107  48:101  49:86  50:71  51:74  52:68  53:61  54:79  55:76  56:60  57:86  58:122  59:137  60:259  61:339  62:18  63:12  64:12  65:12  66:15  67:15  68:13  69:15  70:7  71:11  72:10  73:21  74:26  75:36  76:15  77:1  78:2  79:2  80:3  81:3  83:1  84:2  85:2  86:1  88:2  89:2  90:2  91:4  92:1  94:2  95:1  96:3  104:1  106:1  107:1  109:1  110:1  116:1  117:3  120:1  121:2  122:1  123:1  124:1  129:1  191:1  257:1  366:1  424:1  508:1
734.568108,7.389305,519.737173
[PASSED]
[time 1.77 s, user 1.65 s, sys 0.10 s, maxrss 163028 KB]
[busy 184 jiffies]
[exit 0]
--- c2 case 0 rec 1   load 0.94 0.89 0.97
[TEST C2-FST]
Processing dataset...
Done!
Building trie...
trie size: 1.626037 MB
Done!
build time: 713.720736 ms (713.720736 ns per key)
space cost: 7.389305 MB (44.829083% of original size 16.483284 MB)
Querying trie...
Done!
total time: 525.958158 ms, avg latency: 525.958158 ns
topology: 1.316097 MB, link: 1.431170 MB, data: 4.642038 MB
--- Unary Path Analysis (FST, cutoff=4) ---
  shared unary steps in main trie: 971668
  terminal suffixes: inplace=238747 (avg len=2.28)  links=478774 (66.7% of terminal)
  link len: avg=9.52  max=507  total_chars=4557473
  link length distribution (len:count):  4:79167  5:52258  6:44526  7:37562  8:33071  9:28872  10:26062  11:38559  12:20998  13:14985  14:12840  15:11027  16:9190  17:7956  18:6288  19:5522  20:4616  21:3760  22:3224  23:2642  24:2265  25:1817  26:1599  27:3319  28:3490  29:1071  30:1819  31:12530  32:2370  33:475  34:427  35:414  36:360  37:260  38:234  39:210  40:195  41:157  42:148  43:129  44:137  45:91  46:113  47:107  48:101  49:86  50:71  51:74  52:68  53:61  54:79  55:76  56:60  57:86  58:122  59:137  60:259  61:339  62:18  63:12  64:12  65:12  66:15  67:15  68:13  69:15  70:7  71:11  72:10  73:21  74:26  75:36  76:15  77:1  78:2  79:2  80:3  81:3  83:1  84:2  85:2  86:1  88:2  89:2  90:2  91:4  92:1  94:2  95:1  96:3  104:1  106:1  107:1  109:1  110:1  116:1  117:3  120:1  121:2  122:1  123:1  124:1  129:1  191:1  257:1  366:1  424:1  508:1
713.720736,7.389305,525.958158
[PASSED]
[time 1.76 s, user 1.64 s, sys 0.11 s, maxrss 163172 KB]
[busy 183 jiffies]
[exit 0]
--- c2 case 0 rec 0   load 0.87 0.87 0.96
[TEST C2-FST]
Processing dataset...
Done!
Building trie...
Done!
build time: 597.708293 ms (597.708293 ns per key)
space cost: 8.227930 MB (49.916813% of original size 16.483284 MB)
Querying trie...
Done!
total time: 469.498679 ms, avg latency: 469.498679 ns
topology: 1.135506 MB, link: 1.406907 MB, data: 5.685517 MB
--- Unary Path Analysis (FST, cutoff=4) ---
  shared unary steps in main trie: 971668
  terminal suffixes: inplace=238747 (avg len=2.28)  links=478774 (66.7% of terminal)
  link len: avg=9.52  max=507  total_chars=4557473
  link length distribution (len:count):  4:79167  5:52258  6:44526  7:37562  8:33071  9:28872  10:26062  11:38559  12:20998  13:14985  14:12840  15:11027  16:9190  17:7956  18:6288  19:5522  20:4616  21:3760  22:3224  23:2642  24:2265  25:1817  26:1599  27:3319  28:3490  29:1071  30:1819  31:12530  32:2370  33:475  34:427  35:414  36:360  37:260  38:234  39:210  40:195  41:157  42:148  43:129  44:137  45:91  46:113  47:107  48:101  49:86  50:71  51:74  52:68  53:61  54:79  55:76  56:60  57:86  58:122  59:137  60:259  61:339  62:18  63:12  64:12  65:12  66:15  67:15  68:13  69:15  70:7  71:11  72:10  73:21  74:26  75:36  76:15  77:1  78:2  79:2  80:3  81:3  83:1  84:2  85:2  86:1  88:2  89:2  90:2  91:4  92:1  94:2  95:1  96:3  104:1  106:1  107:1  109:1  110:1  116:1  117:3  120:1  121:2  122:1  123:1  124:1  129:1  191:1  257:1  366:1  424:1  508:1
597.708293,8.227930,469.498679
[PASSED]
[time 1.58 s, user 1.45 s, sys 0.12 s, maxrss 163152 KB]
[busy 165 jiffies]
[exit 0]
--- lexindex string   load 0.87 0.87 0.96
1000000 keys
lexindex StringIndex: build 659 ms, size 10.063 MiB (10.552 B/key), latency cold 343.1 ns, then mean 338.7 / min 335.5 ns
659.003,10.063018,343.145
[time 2.51 s, user 2.41 s, sys 0.08 s, maxrss 148656 KB]
[busy 265 jiffies]
[exit 0]
--- lexindex dict1024   load 0.88 0.87 0.96
1000000 keys
lexindex DictIndex block 1024: build 320 ms, size 4.891 MiB (5.129 B/key), latency cold 484.2 ns, then mean 479.8 / min 478.7 ns
319.742,4.891071,484.168
[time 2.74 s, user 3.79 s, sys 0.20 s, maxrss 255848 KB]
[busy 420 jiffies]
[exit 0]
--- lexindex dict256   load 0.81 0.86 0.96
1000000 keys
lexindex DictIndex block 256: build 286 ms, size 5.059 MiB (5.305 B/key), latency cold 410.0 ns, then mean 402.9 / min 400.3 ns
286.471,5.059068,409.967
[time 2.41 s, user 4.06 s, sys 0.26 s, maxrss 255576 KB]
[busy 460 jiffies]
[exit 0]
--- lexindex dict32   load 0.81 0.86 0.96
1000000 keys
lexindex DictIndex block 32: build 284 ms, size 5.437 MiB (5.701 B/key), latency cold 376.1 ns, then mean 371.8 / min 369.0 ns
284.251,5.437026,376.147
[time 2.28 s, user 3.87 s, sys 0.25 s, maxrss 255584 KB]
[busy 435 jiffies]
[exit 0]

##### domains-1000000 (1000000 lines, 14782044 bytes)   round 2/3   2026-09-19T12:17:56+03:00
--- xcdat 16   load 0.82 0.86 0.96
build time: 486.036028 ms
space cost: 10.260450 MiB (78.064342% of original size 13.143581 MiB)
avg latency: 152.414728 ns
486.036028,10.260450,152.414728
[time 1.09 s, user 0.98 s, sys 0.10 s, maxrss 139536 KB]
[busy 117 jiffies]
[exit 0]
--- xcdat 15   load 0.82 0.86 0.96
build time: 509.917213 ms
space cost: 9.847433 MiB (74.921993% of original size 13.143581 MiB)
avg latency: 145.738286 ns
509.917213,9.847433,145.738286
[time 1.10 s, user 1.00 s, sys 0.10 s, maxrss 139648 KB]
[busy 117 jiffies]
[exit 0]
--- xcdat 8   load 0.84 0.86 0.96
build time: 492.123722 ms
space cost: 8.488643 MiB (64.583940% of original size 13.143581 MiB)
avg latency: 172.957686 ns
492.123722,8.488643,172.957686
[time 1.11 s, user 1.01 s, sys 0.09 s, maxrss 139684 KB]
[busy 120 jiffies]
[exit 0]
--- xcdat 7   load 0.84 0.86 0.96
build time: 517.793750 ms
space cost: 9.017626 MiB (68.608590% of original size 13.143581 MiB)
avg latency: 174.606365 ns
517.793750,9.017626,174.606365
[time 1.14 s, user 1.03 s, sys 0.09 s, maxrss 139696 KB]
[busy 119 jiffies]
[exit 0]
--- c2 case 8 rec 0   load 0.85 0.87 0.96
[TEST CART]
Processing dataset...
Done!
Building trie...
Done!
build time: 160.816592 ms (160.816592 ns per key)
space cost: 13.831998 MB (105.237663% of original size 13.143581 MB)
Querying trie...
Done!
total time: 311.467292 ms, avg latency: 311.467292 ns
not implemented
160.816592,13.831998,311.467292
[PASSED]
[time 0.91 s, user 0.84 s, sys 0.07 s, maxrss 134244 KB]
[busy 99 jiffies]
[exit 0]
--- c2 case 7 rec 0   load 0.85 0.87 0.96
[TEST ART]
Processing dataset...
Done!
Building trie...
Done!
build time: 115.716788 ms (115.716788 ns per key)
space cost: 31.580688 MB (240.274607% of original size 13.143581 MB)
Querying trie...
Done!
total time: 250.649010 ms, avg latency: 250.649010 ns
not implemented
115.716788,31.580688,250.649010
[PASSED]
[time 0.80 s, user 0.72 s, sys 0.07 s, maxrss 136044 KB]
[busy 86 jiffies]
[exit 0]
--- c2 case 6 rec 0   load 0.85 0.87 0.96
[TEST PDT]
Processing dataset...
Done!
Building trie...
dict size: 155466, stream size: 4016746
Done!
build time: 1910.631972 ms (1910.631972 ns per key)
space cost: 5.254991 MB (39.981421% of original size 13.143581 MB)
Querying trie...
Done!
total time: 529.555271 ms, avg latency: 529.555271 ns
not implemented
1910.631972,5.254991,529.555271
[PASSED]
[time 2.87 s, user 2.76 s, sys 0.10 s, maxrss 152588 KB]
[busy 303 jiffies]
[exit 0]
--- c2 case 5 rec 2   load 0.86 0.87 0.96
[TEST MARISA]
Processing dataset...
Done!
Building trie...
Done!
build time: 559.453917 ms (559.453917 ns per key)
space cost: 4.647946 MB (35.362861% of original size 13.143581 MB)
Querying trie...
Done!
total time: 534.649928 ms, avg latency: 534.649928 ns
not implemented
559.453917,4.647946,534.649928
[PASSED]
[time 1.52 s, user 1.40 s, sys 0.12 s, maxrss 172608 KB]
[busy 158 jiffies]
[exit 0]
--- c2 case 5 rec 1   load 0.87 0.87 0.96
[TEST MARISA]
Processing dataset...
Done!
Building trie...
Done!
build time: 550.718175 ms (550.718175 ns per key)
space cost: 4.826345 MB (36.720170% of original size 13.143581 MB)
Querying trie...
Done!
total time: 520.227264 ms, avg latency: 520.227264 ns
not implemented
550.718175,4.826345,520.227264
[PASSED]
[time 1.51 s, user 1.39 s, sys 0.11 s, maxrss 172472 KB]
[busy 158 jiffies]
[exit 0]
--- c2 case 5 rec 0   load 0.87 0.87 0.96
[TEST MARISA]
Processing dataset...
Done!
Building trie...
Done!
build time: 479.833258 ms (479.833258 ns per key)
space cost: 6.885828 MB (52.389283% of original size 13.143581 MB)
Querying trie...
Done!
total time: 377.043972 ms, avg latency: 377.043972 ns
not implemented
479.833258,6.885828,377.043972
[PASSED]
[time 1.28 s, user 1.16 s, sys 0.12 s, maxrss 172476 KB]
[busy 141 jiffies]
[exit 0]
--- c2 case 4 rec 0   load 0.80 0.86 0.96
[TEST COCO]
Processing dataset...
Done!
Building trie...
num nodes = 310886, average depth = 6.283062
ef = 0.001168, pa = 0.211653, bv = 0.000885, de = 0.651638
efr = 0.002046, par = 0.129141, bvr = 0.000006, der = 0.003464
Done!
build time: 10450.691803 ms (10450.691803 ns per key)
space cost: 9.668336 MB (73.559374% of original size 13.143581 MB)
Querying trie...
Done!
total time: 425.890118 ms, avg latency: 425.890118 ns
not implemented
10450.691803,9.668336,425.890118
[PASSED]
[time 11.83 s, user 8.89 s, sys 2.89 s, maxrss 6138264 KB]
[busy 1217 jiffies]
[exit 0]
--- c2 case 3 rec 0   load 0.83 0.86 0.96
[TEST FST]
Processing dataset...
Done!
Building trie...
Done!
build time: 598.138812 ms (598.138812 ns per key)
space cost: 6.751218 MB (51.365131% of original size 13.143581 MB)
Querying trie...
Done!
total time: 447.623836 ms, avg latency: 447.623836 ns
not implemented
598.138812,6.751218,447.623836
[PASSED]
[time 1.47 s, user 1.39 s, sys 0.07 s, maxrss 95068 KB]
[busy 153 jiffies]
[exit 0]
--- c2 case 2 rec 2   load 0.85 0.86 0.96
[TEST C2-MARISA]
Processing dataset...
Done!
Building trie...
trie size: 2.220281 MB
trie size: 2.823213 MB
trie size: 0.214430 MB
Done!
build time: 801.745646 ms (801.745646 ns per key)
space cost: 5.413679 MB (41.188767% of original size 13.143581 MB)
Querying trie...
Done!
total time: 328.319043 ms, avg latency: 328.319043 ns
topology: 0.947487 MB, link: 2.305346 MB, data: 2.140338 MB
--- Unary Path Analysis (Marisa, cutoff=3) ---
  branches: 1529804  |  single-char: 445053 (29.1%)  short-unary: 119280 (7.8%)  links: 965471 (63.1%)
  link len: avg=7.67  max=65  total_chars=7409785
  link length distribution (len:count):  3:106346  4:81524  5:100388  6:117171  7:118183  8:106006  9:86378  10:68801  11:51930  12:37786  13:27091  14:19390  15:13458  16:9322  17:6753  18:4616  19:3149  20:2153  21:1566  22:983  23:724  24:512  25:321  26:290  27:155  28:98  29:77  30:70  31:40  32:24  33:35  34:24  35:16  36:9  37:12  38:9  39:5  40:5  41:5  42:8  43:4  44:7  46:3  47:1  49:1  51:1  53:4  55:2  56:1  57:5  58:4  60:2  64:2  65:1
  short unary avg len: 2.00
801.745646,5.413679,328.319043
[PASSED]
[time 1.56 s, user 1.42 s, sys 0.13 s, maxrss 206068 KB]
[busy 165 jiffies]
[exit 0]
--- c2 case 2 rec 1   load 0.85 0.86 0.96
[TEST C2-MARISA]
Processing dataset...
Done!
Building trie...
trie size: 2.220281 MB
trie size: 2.823213 MB
Done!
build time: 786.703378 ms (786.703378 ns per key)
space cost: 5.413679 MB (41.188767% of original size 13.143581 MB)
Querying trie...
Done!
total time: 327.704518 ms, avg latency: 327.704518 ns
topology: 0.947487 MB, link: 2.305346 MB, data: 2.140338 MB
--- Unary Path Analysis (Marisa, cutoff=3) ---
  branches: 1529804  |  single-char: 445053 (29.1%)  short-unary: 119280 (7.8%)  links: 965471 (63.1%)
  link len: avg=7.67  max=65  total_chars=7409785
  link length distribution (len:count):  3:106346  4:81524  5:100388  6:117171  7:118183  8:106006  9:86378  10:68801  11:51930  12:37786  13:27091  14:19390  15:13458  16:9322  17:6753  18:4616  19:3149  20:2153  21:1566  22:983  23:724  24:512  25:321  26:290  27:155  28:98  29:77  30:70  31:40  32:24  33:35  34:24  35:16  36:9  37:12  38:9  39:5  40:5  41:5  42:8  43:4  44:7  46:3  47:1  49:1  51:1  53:4  55:2  56:1  57:5  58:4  60:2  64:2  65:1
  short unary avg len: 2.00
786.703378,5.413679,327.704518
[PASSED]
[time 1.56 s, user 1.42 s, sys 0.13 s, maxrss 205992 KB]
[busy 163 jiffies]
[exit 0]
--- c2 case 2 rec 0   load 0.86 0.87 0.96
[TEST C2-MARISA]
Processing dataset...
Done!
Building trie...
trie size: 2.220281 MB
Done!
build time: 691.382903 ms (691.382903 ns per key)
space cost: 6.286226 MB (47.827347% of original size 13.143581 MB)
Querying trie...
Done!
total time: 257.044723 ms, avg latency: 257.044723 ns
topology: 0.735279 MB, link: 2.419176 MB, data: 3.111263 MB
--- Unary Path Analysis (Marisa, cutoff=3) ---
  branches: 1529804  |  single-char: 445053 (29.1%)  short-unary: 119280 (7.8%)  links: 965471 (63.1%)
  link len: avg=7.67  max=65  total_chars=7409785
  link length distribution (len:count):  3:106346  4:81524  5:100388  6:117171  7:118183  8:106006  9:86378  10:68801  11:51930  12:37786  13:27091  14:19390  15:13458  16:9322  17:6753  18:4616  19:3149  20:2153  21:1566  22:983  23:724  24:512  25:321  26:290  27:155  28:98  29:77  30:70  31:40  32:24  33:35  34:24  35:16  36:9  37:12  38:9  39:5  40:5  41:5  42:8  43:4  44:7  46:3  47:1  49:1  51:1  53:4  55:2  56:1  57:5  58:4  60:2  64:2  65:1
  short unary avg len: 2.00
691.382903,6.286226,257.044723
[PASSED]
[time 1.37 s, user 1.25 s, sys 0.12 s, maxrss 206104 KB]
[busy 147 jiffies]
[exit 0]
--- c2 case 1 rec 2   load 0.86 0.87 0.96
[TEST C2-CoCo(LOUDS-Sparse)]
Processing dataset...
Done!
Building trie...
trie size: 2.171301 MB
trie size: 0.145336 MB
Done!
build time: 1439.117944 ms (1439.117944 ns per key)
space cost: 6.299446 MB (47.927923% of original size 13.143581 MB)
Querying trie...
Done!
total time: 532.808476 ms, avg latency: 532.808476 ns
topology: 0.558979 MB, link: 2.635554 MB, data: 3.104912 MB
1439.117944,6.299446,532.808476
[PASSED]
[time 2.40 s, user 2.20 s, sys 0.18 s, maxrss 327116 KB]
[busy 251 jiffies]
[exit 0]
--- c2 case 1 rec 1   load 0.87 0.87 0.96
[TEST C2-CoCo(LOUDS-Sparse)]
Processing dataset...
Done!
Building trie...
trie size: 2.171301 MB
Done!
build time: 1420.397902 ms (1420.397902 ns per key)
space cost: 6.299446 MB (47.927923% of original size 13.143581 MB)
Querying trie...
Done!
total time: 535.419144 ms, avg latency: 535.419144 ns
topology: 0.558979 MB, link: 2.635554 MB, data: 3.104912 MB
1420.397902,6.299446,535.419144
[PASSED]
[time 2.39 s, user 2.19 s, sys 0.18 s, maxrss 326860 KB]
[busy 248 jiffies]
[exit 0]
--- c2 case 1 rec 0   load 0.88 0.87 0.96
[TEST C2-CoCo(LOUDS-Sparse)]
Processing dataset...
Done!
Building trie...
Done!
build time: 1343.996874 ms (1343.996874 ns per key)
space cost: 6.955368 MB (52.918365% of original size 13.143581 MB)
Querying trie...
Done!
total time: 486.182803 ms, avg latency: 486.182803 ns
topology: 0.405121 MB, link: 2.743303 MB, data: 3.806944 MB
1343.996874,6.955368,486.182803
[PASSED]
[time 2.26 s, user 2.07 s, sys 0.18 s, maxrss 326732 KB]
[busy 242 jiffies]
[exit 0]
--- c2 case 0 rec 2   load 0.88 0.87 0.96
[TEST C2-FST]
Processing dataset...
Done!
Building trie...
trie size: 2.171301 MB
trie size: 0.145336 MB
Done!
build time: 699.845582 ms (699.845582 ns per key)
space cost: 6.261899 MB (47.642258% of original size 13.143581 MB)
Querying trie...
Done!
total time: 389.411572 ms, avg latency: 389.411572 ns
topology: 1.096256 MB, link: 1.933458 MB, data: 3.232184 MB
--- Unary Path Analysis (FST, cutoff=4) ---
  shared unary steps in main trie: 268333
  terminal suffixes: inplace=220500 (avg len=1.97)  links=754948 (77.4% of terminal)
  link len: avg=6.76  max=63  total_chars=5105329
  link length distribution (len:count):  4:91687  5:111663  6:114934  7:103953  8:85177  9:68086  10:51456  11:37502  12:26935  13:19286  14:13392  15:9281  16:6718  17:4599  18:3138  19:2143  20:1561  21:980  22:717  23:511  24:315  25:289  26:154  27:98  28:76  29:70  30:38  31:24  32:35  33:24  34:15  35:9  36:12  37:9  38:5  39:5  40:5  41:8  42:4  43:7  45:3  46:1  48:1  50:1  52:4  54:2  55:1  56:5  57:4  59:2  63:2  64:1
699.845582,6.261899,389.411572
[PASSED]
[time 1.52 s, user 1.41 s, sys 0.10 s, maxrss 182832 KB]
[busy 159 jiffies]
[exit 0]
--- c2 case 0 rec 1   load 0.97 0.89 0.96
[TEST C2-FST]
Processing dataset...
Done!
Building trie...
trie size: 2.171301 MB
Done!
build time: 693.714196 ms (693.714196 ns per key)
space cost: 6.261899 MB (47.642258% of original size 13.143581 MB)
Querying trie...
Done!
total time: 386.634681 ms, avg latency: 386.634681 ns
topology: 1.096256 MB, link: 1.933458 MB, data: 3.232184 MB
--- Unary Path Analysis (FST, cutoff=4) ---
  shared unary steps in main trie: 268333
  terminal suffixes: inplace=220500 (avg len=1.97)  links=754948 (77.4% of terminal)
  link len: avg=6.76  max=63  total_chars=5105329
  link length distribution (len:count):  4:91687  5:111663  6:114934  7:103953  8:85177  9:68086  10:51456  11:37502  12:26935  13:19286  14:13392  15:9281  16:6718  17:4599  18:3138  19:2143  20:1561  21:980  22:717  23:511  24:315  25:289  26:154  27:98  28:76  29:70  30:38  31:24  32:35  33:24  34:15  35:9  36:12  37:9  38:5  39:5  40:5  41:8  42:4  43:7  45:3  46:1  48:1  50:1  52:4  54:2  55:1  56:5  57:4  59:2  63:2  64:1
693.714196,6.261899,386.634681
[PASSED]
[time 1.52 s, user 1.40 s, sys 0.11 s, maxrss 183284 KB]
[busy 166 jiffies]
[exit 0]
--- c2 case 0 rec 0   load 0.97 0.89 0.96
[TEST C2-FST]
Processing dataset...
Done!
Building trie...
Done!
build time: 626.544031 ms (626.544031 ns per key)
space cost: 6.917822 MB (52.632701% of original size 13.143581 MB)
Querying trie...
Done!
total time: 340.719695 ms, avg latency: 340.719695 ns
topology: 0.942398 MB, link: 2.041207 MB, data: 3.934216 MB
--- Unary Path Analysis (FST, cutoff=4) ---
  shared unary steps in main trie: 268333
  terminal suffixes: inplace=220500 (avg len=1.97)  links=754948 (77.4% of terminal)
  link len: avg=6.76  max=63  total_chars=5105329
  link length distribution (len:count):  4:91687  5:111663  6:114934  7:103953  8:85177  9:68086  10:51456  11:37502  12:26935  13:19286  14:13392  15:9281  16:6718  17:4599  18:3138  19:2143  20:1561  21:980  22:717  23:511  24:315  25:289  26:154  27:98  28:76  29:70  30:38  31:24  32:35  33:24  34:15  35:9  36:12  37:9  38:5  39:5  40:5  41:8  42:4  43:7  45:3  46:1  48:1  50:1  52:4  54:2  55:1  56:5  57:4  59:2  63:2  64:1
626.544031,6.917822,340.719695
[PASSED]
[time 1.38 s, user 1.27 s, sys 0.11 s, maxrss 183292 KB]
[busy 146 jiffies]
[exit 0]
--- lexindex string   load 0.97 0.89 0.96
1000000 keys
lexindex StringIndex: build 589 ms, size 10.017 MiB (10.504 B/key), latency cold 284.9 ns, then mean 281.7 / min 278.4 ns
588.873,10.017015,284.851
[time 2.18 s, user 2.09 s, sys 0.07 s, maxrss 135592 KB]
[busy 233 jiffies]
[exit 0]
--- lexindex dict1024   load 0.97 0.89 0.96
1000000 keys
lexindex DictIndex block 1024: build 261 ms, size 4.377 MiB (4.589 B/key), latency cold 415.4 ns, then mean 413.7 / min 412.9 ns
261.006,4.376807,415.383
[time 2.39 s, user 3.25 s, sys 0.19 s, maxrss 225132 KB]
[busy 360 jiffies]
[exit 0]
--- lexindex dict256   load 0.98 0.89 0.97
1000000 keys
lexindex DictIndex block 256: build 235 ms, size 4.534 MiB (4.754 B/key), latency cold 344.6 ns, then mean 339.8 / min 337.7 ns
235.426,4.534131,344.628
[time 2.07 s, user 3.54 s, sys 0.23 s, maxrss 237864 KB]
[busy 393 jiffies]
[exit 0]
--- lexindex dict32   load 0.98 0.90 0.97
1000000 keys
lexindex DictIndex block 32: build 233 ms, size 4.851 MiB (5.087 B/key), latency cold 314.0 ns, then mean 310.4 / min 306.5 ns
232.502,4.851443,314.027
[time 1.96 s, user 3.38 s, sys 0.22 s, maxrss 237644 KB]
[busy 384 jiffies]
[exit 0]

##### dna-1000000 (1000000 lines, 25000000 bytes)   round 2/3   2026-09-19T12:19:12+03:00
--- xcdat 16   load 0.98 0.90 0.97
build time: 793.180775 ms
space cost: 21.935129 MiB (95.836042% of original size 22.888184 MiB)
avg latency: 285.553998 ns
793.180775,21.935129,285.553998
[time 1.78 s, user 1.67 s, sys 0.10 s, maxrss 182868 KB]
[busy 186 jiffies]
[exit 0]
--- xcdat 15   load 0.98 0.90 0.97
build time: 816.204277 ms
space cost: 21.414997 MiB (93.563550% of original size 22.888184 MiB)
avg latency: 279.148586 ns
816.204277,21.414997,279.148586
[time 1.80 s, user 1.68 s, sys 0.11 s, maxrss 182096 KB]
[busy 190 jiffies]
[exit 0]
--- xcdat 8   load 0.98 0.90 0.97
build time: 790.234626 ms
space cost: 19.685819 MiB (86.008654% of original size 22.888184 MiB)
avg latency: 301.084944 ns
790.234626,19.685819,301.084944
[time 1.80 s, user 1.67 s, sys 0.12 s, maxrss 180484 KB]
[busy 187 jiffies]
[exit 0]
--- xcdat 7   load 0.98 0.90 0.97
build time: 833.171915 ms
space cost: 19.789600 MiB (86.462083% of original size 22.888184 MiB)
avg latency: 297.630852 ns
833.171915,19.789600,297.630852
[time 1.85 s, user 1.71 s, sys 0.12 s, maxrss 180356 KB]
[busy 196 jiffies]
[exit 0]
--- c2 case 8 rec 0   load 0.90 0.89 0.96
[TEST CART]
Processing dataset...
Done!
Building trie...
Done!
build time: 252.738498 ms (252.738498 ns per key)
space cost: 15.643999 MB (68.349675% of original size 22.888184 MB)
Querying trie...
Done!
total time: 452.559946 ms, avg latency: 452.559946 ns
not implemented
252.738498,15.643999,452.559946
[PASSED]
[time 1.44 s, user 1.32 s, sys 0.12 s, maxrss 214336 KB]
[busy 151 jiffies]
[exit 0]
--- c2 case 7 rec 0   load 0.90 0.89 0.96
[TEST ART]
Processing dataset...
Done!
Building trie...
Done!
build time: 201.467362 ms (201.467362 ns per key)
space cost: 33.278465 MB (145.395833% of original size 22.888184 MB)
Querying trie...
Done!
total time: 406.503113 ms, avg latency: 406.503113 ns
not implemented
201.467362,33.278465,406.503113
[PASSED]
[time 1.35 s, user 1.21 s, sys 0.12 s, maxrss 222848 KB]
[busy 142 jiffies]
[exit 0]
--- c2 case 6 rec 0   load 0.83 0.87 0.96
[TEST PDT]
Processing dataset...
Done!
Building trie...
dict size: 151324, stream size: 6218209
Done!
build time: 2893.573611 ms (2893.573611 ns per key)
space cost: 7.350519 MB (32.114908% of original size 22.888184 MB)
Querying trie...
Done!
total time: 768.863360 ms, avg latency: 768.863360 ns
not implemented
2893.573611,7.350519,768.863360
[PASSED]
[time 4.35 s, user 4.17 s, sys 0.17 s, maxrss 213064 KB]
[busy 449 jiffies]
[exit 0]
--- c2 case 5 rec 2   load 0.76 0.86 0.95
[TEST MARISA]
Processing dataset...
Done!
Building trie...
Done!
build time: 943.011724 ms (943.011724 ns per key)
space cost: 7.210847 MB (31.504671% of original size 22.888184 MB)
Querying trie...
Done!
total time: 782.159375 ms, avg latency: 782.159375 ns
not implemented
943.011724,7.210847,782.159375
[PASSED]
[time 2.44 s, user 2.29 s, sys 0.13 s, maxrss 222136 KB]
[busy 256 jiffies]
[exit 0]
--- c2 case 5 rec 1   load 0.76 0.86 0.95
[TEST MARISA]
Processing dataset...
Done!
Building trie...
Done!
build time: 946.504811 ms (946.504811 ns per key)
space cost: 7.640043 MB (33.379858% of original size 22.888184 MB)
Querying trie...
Done!
total time: 730.556927 ms, avg latency: 730.556927 ns
not implemented
946.504811,7.640043,730.556927
[PASSED]
[time 2.38 s, user 2.22 s, sys 0.15 s, maxrss 222044 KB]
[busy 246 jiffies]
[exit 0]
--- c2 case 5 rec 0   load 0.78 0.86 0.95
[TEST MARISA]
Processing dataset...
Done!
Building trie...
Done!
build time: 679.885248 ms (679.885248 ns per key)
space cost: 18.867507 MB (82.433396% of original size 22.888184 MB)
Querying trie...
Done!
total time: 543.526956 ms, avg latency: 543.526956 ns
not implemented
679.885248,18.867507,543.526956
[PASSED]
[time 1.92 s, user 1.76 s, sys 0.15 s, maxrss 223028 KB]
[busy 199 jiffies]
[exit 0]
--- c2 case 4 rec 0   load 0.72 0.84 0.95
[TEST COCO]
Processing dataset...
Done!
Building trie...
num nodes = 65537, average depth = 14.999878
ef = 0.000000, pa = 0.000000, bv = 0.000000, de = 0.000015
efr = 0.000015, par = 0.999969, bvr = 0.000000, der = 0.000000
Done!
build time: 22251.827334 ms (22251.827334 ns per key)
space cost: 5.857979 MB (25.593899% of original size 22.888184 MB)
Querying trie...
Done!
total time: 354.686562 ms, avg latency: 354.686562 ns
not implemented
22251.827334,5.857979,354.686562
[PASSED]
[time 24.37 s, user 18.25 s, sys 6.02 s, maxrss 13623472 KB]
[busy 2513 jiffies]
[exit 0]
--- c2 case 3 rec 0   load 0.82 0.86 0.95
[TEST FST]
Processing dataset...
Done!
Building trie...
Done!
build time: 946.698074 ms (946.698074 ns per key)
space cost: 18.082896 MB (79.005379% of original size 22.888184 MB)
Querying trie...
Done!
total time: 554.274460 ms, avg latency: 554.274460 ns
not implemented
946.698074,18.082896,554.274460
[PASSED]
[time 2.21 s, user 2.09 s, sys 0.10 s, maxrss 179284 KB]
[busy 230 jiffies]
[exit 0]
--- c2 case 2 rec 2   load 0.82 0.86 0.95
[TEST C2-MARISA]
Processing dataset...
Done!
Building trie...
trie size: 2.428399 MB
trie size: 5.162292 MB
Done!
build time: 2206.520207 ms (2206.520207 ns per key)
space cost: 10.748939 MB (46.962829% of original size 22.888184 MB)
Querying trie...
Done!
total time: 389.589617 ms, avg latency: 389.589617 ns
topology: 0.804615 MB, link: 2.791285 MB, data: 7.132531 MB
--- Unary Path Analysis (Marisa, cutoff=3) ---
  branches: 1681124  |  single-char: 605889 (36.0%)  short-unary: 58000 (3.5%)  links: 1017235 (60.5%)
  link len: avg=13.94  max=17  total_chars=14175392
  link length distribution (len:count):  3:13001  4:3156  5:812  6:209  7:97  8:186  9:733  10:2730  11:11261  12:42928  13:153933  14:402475  15:363824  16:21889  17:1
  short unary avg len: 2.00
2206.520207,10.748939,389.589617
[PASSED]
[time 3.32 s, user 3.12 s, sys 0.19 s, maxrss 285320 KB]
[busy 348 jiffies]
[exit 0]
--- c2 case 2 rec 1   load 0.83 0.86 0.95
[TEST C2-MARISA]
Processing dataset...
Done!
Building trie...
trie size: 2.428399 MB
trie size: 5.162292 MB
Done!
build time: 2219.278251 ms (2219.278251 ns per key)
space cost: 10.748939 MB (46.962829% of original size 22.888184 MB)
Querying trie...
Done!
total time: 382.914808 ms, avg latency: 382.914808 ns
topology: 0.804615 MB, link: 2.791285 MB, data: 7.132531 MB
--- Unary Path Analysis (Marisa, cutoff=3) ---
  branches: 1681124  |  single-char: 605889 (36.0%)  short-unary: 58000 (3.5%)  links: 1017235 (60.5%)
  link len: avg=13.94  max=17  total_chars=14175392
  link length distribution (len:count):  3:13001  4:3156  5:812  6:209  7:97  8:186  9:733  10:2730  11:11261  12:42928  13:153933  14:402475  15:363824  16:21889  17:1
  short unary avg len: 2.00
2219.278251,10.748939,382.914808
[PASSED]
[time 3.33 s, user 3.09 s, sys 0.22 s, maxrss 285464 KB]
[busy 345 jiffies]
[exit 0]
--- c2 case 2 rec 0   load 0.85 0.86 0.95
[TEST C2-MARISA]
Processing dataset...
Done!
Building trie...
trie size: 2.428399 MB
Done!
build time: 1310.465848 ms (1310.465848 ns per key)
space cost: 10.748939 MB (46.962829% of original size 22.888184 MB)
Querying trie...
Done!
total time: 383.262893 ms, avg latency: 383.262893 ns
topology: 0.804615 MB, link: 2.791285 MB, data: 7.132531 MB
--- Unary Path Analysis (Marisa, cutoff=3) ---
  branches: 1681124  |  single-char: 605889 (36.0%)  short-unary: 58000 (3.5%)  links: 1017235 (60.5%)
  link len: avg=13.94  max=17  total_chars=14175392
  link length distribution (len:count):  3:13001  4:3156  5:812  6:209  7:97  8:186  9:733  10:2730  11:11261  12:42928  13:153933  14:402475  15:363824  16:21889  17:1
  short unary avg len: 2.00
1310.465848,10.748939,383.262893
[PASSED]
[time 2.40 s, user 2.24 s, sys 0.15 s, maxrss 252348 KB]
[busy 246 jiffies]
[exit 0]
--- c2 case 1 rec 2   load 0.86 0.87 0.95
[TEST C2-CoCo(LOUDS-Sparse)]
Processing dataset...
Done!
Building trie...
trie size: 5.258043 MB
Done!
build time: 2708.100096 ms (2708.100096 ns per key)
space cost: 9.777104 MB (42.716818% of original size 22.888184 MB)
Querying trie...
Done!
total time: 451.928428 ms, avg latency: 451.928428 ns
topology: 0.343521 MB, link: 3.029230 MB, data: 6.404353 MB
2708.100096,9.777104,451.928428
[PASSED]
[time 3.86 s, user 3.63 s, sys 0.21 s, maxrss 413948 KB]
[busy 401 jiffies]
[exit 0]
--- c2 case 1 rec 1   load 0.87 0.87 0.95
[TEST C2-CoCo(LOUDS-Sparse)]
Processing dataset...
Done!
Building trie...
trie size: 5.258043 MB
Done!
build time: 2703.743416 ms (2703.743416 ns per key)
space cost: 9.777104 MB (42.716818% of original size 22.888184 MB)
Querying trie...
Done!
total time: 458.922166 ms, avg latency: 458.922166 ns
topology: 0.343521 MB, link: 3.029230 MB, data: 6.404353 MB
2703.743416,9.777104,458.922166
[PASSED]
[time 3.86 s, user 3.63 s, sys 0.21 s, maxrss 414052 KB]
[busy 401 jiffies]
[exit 0]
--- c2 case 1 rec 0   load 0.88 0.87 0.95
[TEST C2-CoCo(LOUDS-Sparse)]
Processing dataset...
Done!
Building trie...
Done!
build time: 2000.154036 ms (2000.154036 ns per key)
space cost: 9.777104 MB (42.716818% of original size 22.888184 MB)
Querying trie...
Done!
total time: 455.337152 ms, avg latency: 455.337152 ns
topology: 0.343521 MB, link: 3.029230 MB, data: 6.404353 MB
2000.154036,9.777104,455.337152
[PASSED]
[time 3.15 s, user 2.93 s, sys 0.20 s, maxrss 385832 KB]
[busy 326 jiffies]
[exit 0]
--- c2 case 0 rec 2   load 0.81 0.86 0.95
[TEST C2-FST]
Processing dataset...
Done!
Building trie...
trie size: 5.258043 MB
Done!
build time: 2122.938772 ms (2122.938772 ns per key)
space cost: 11.502727 MB (50.256179% of original size 22.888184 MB)
Querying trie...
Done!
total time: 415.893859 ms, avg latency: 415.893859 ns
topology: 0.892128 MB, link: 2.893083 MB, data: 7.717516 MB
--- Unary Path Analysis (FST, cutoff=4) ---
  shared unary steps in main trie: 98146
  terminal suffixes: inplace=2 (avg len=3.00)  links=999998 (100.0% of terminal)
  link len: avg=12.12  max=15  total_chars=12118007
  link length distribution (len:count):  4:2  5:10  6:40  7:176  8:732  9:2727  10:11261  11:42928  12:153933  13:402475  14:363824  15:21889  16:1
2122.938772,11.502727,415.893859
[PASSED]
[time 3.23 s, user 3.03 s, sys 0.18 s, maxrss 284260 KB]
[busy 339 jiffies]
[exit 0]
--- c2 case 0 rec 1   load 0.81 0.86 0.95
[TEST C2-FST]
Processing dataset...
Done!
Building trie...
trie size: 5.258043 MB
Done!
build time: 2132.912200 ms (2132.912200 ns per key)
space cost: 11.502727 MB (50.256179% of original size 22.888184 MB)
Querying trie...
Done!
total time: 420.921300 ms, avg latency: 420.921300 ns
topology: 0.892128 MB, link: 2.893083 MB, data: 7.717516 MB
--- Unary Path Analysis (FST, cutoff=4) ---
  shared unary steps in main trie: 98146
  terminal suffixes: inplace=2 (avg len=3.00)  links=999998 (100.0% of terminal)
  link len: avg=12.12  max=15  total_chars=12118007
  link length distribution (len:count):  4:2  5:10  6:40  7:176  8:732  9:2727  10:11261  11:42928  12:153933  13:402475  14:363824  15:21889  16:1
2132.912200,11.502727,420.921300
[PASSED]
[time 3.25 s, user 3.06 s, sys 0.17 s, maxrss 284312 KB]
[busy 341 jiffies]
[exit 0]
--- c2 case 0 rec 0   load 0.83 0.86 0.95
[TEST C2-FST]
Processing dataset...
Done!
Building trie...
Done!
build time: 1421.553814 ms (1421.553814 ns per key)
space cost: 11.502727 MB (50.256179% of original size 22.888184 MB)
Querying trie...
Done!
total time: 412.708511 ms, avg latency: 412.708511 ns
topology: 0.892128 MB, link: 2.893083 MB, data: 7.717516 MB
--- Unary Path Analysis (FST, cutoff=4) ---
  shared unary steps in main trie: 98146
  terminal suffixes: inplace=2 (avg len=3.00)  links=999998 (100.0% of terminal)
  link len: avg=12.12  max=15  total_chars=12118007
  link length distribution (len:count):  4:2  5:10  6:40  7:176  8:732  9:2727  10:11261  11:42928  12:153933  13:402475  14:363824  15:21889  16:1
1421.553814,11.502727,412.708511
[PASSED]
[time 2.53 s, user 2.36 s, sys 0.15 s, maxrss 255720 KB]
[busy 260 jiffies]
[exit 0]
--- lexindex string   load 0.84 0.86 0.95
1000000 keys
lexindex StringIndex: build 1134 ms, size 16.920 MiB (17.741 B/key), latency cold 504.2 ns, then mean 498.7 / min 497.1 ns
1134.281,16.919603,504.232
[time 3.62 s, user 3.53 s, sys 0.07 s, maxrss 164156 KB]
[busy 381 jiffies]
[exit 0]
--- lexindex dict1024   load 0.85 0.86 0.95
1000000 keys
lexindex DictIndex block 1024: build 124 ms, size 4.042 MiB (4.238 B/key), latency cold 377.8 ns, then mean 374.7 / min 372.5 ns
123.538,4.042011,377.793
[time 2.13 s, user 2.33 s, sys 0.12 s, maxrss 174428 KB]
[busy 264 jiffies]
[exit 0]
--- lexindex dict256   load 0.78 0.85 0.94
1000000 keys
lexindex DictIndex block 256: build 117 ms, size 4.195 MiB (4.398 B/key), latency cold 346.9 ns, then mean 345.7 / min 344.5 ns
117.256,4.194675,346.921
[time 2.00 s, user 2.41 s, sys 0.18 s, maxrss 190296 KB]
[busy 276 jiffies]
[exit 0]
--- lexindex dict32   load 0.78 0.85 0.94
1000000 keys
lexindex DictIndex block 32: build 117 ms, size 4.820 MiB (5.054 B/key), latency cold 350.9 ns, then mean 345.7 / min 342.8 ns
117.211,4.820289,350.886
[time 2.01 s, user 2.44 s, sys 0.16 s, maxrss 195372 KB]
[busy 277 jiffies]
[exit 0]

##### words-full (479823 lines, 4953557 bytes)   round 2/3   2026-09-19T12:21:04+03:00
--- xcdat 16   load 0.88 0.87 0.95
build time: 98.618480 ms
space cost: 3.550420 MiB (83.216503% of original size 4.266485 MiB)
avg latency: 87.266732 ns
98.618480,3.550420,87.266732
[time 0.31 s, user 0.28 s, sys 0.03 s, maxrss 58092 KB]
[busy 38 jiffies]
[exit 0]
--- xcdat 15   load 0.88 0.87 0.95
build time: 108.389589 ms
space cost: 3.340850 MiB (78.304499% of original size 4.266485 MiB)
avg latency: 77.368503 ns
108.389589,3.340850,77.368503
[time 0.32 s, user 0.27 s, sys 0.04 s, maxrss 57788 KB]
[busy 37 jiffies]
[exit 0]
--- xcdat 8   load 0.88 0.87 0.95
build time: 97.983617 ms
space cost: 2.597720 MiB (60.886655% of original size 4.266485 MiB)
avg latency: 109.971417 ns
97.983617,2.597720,109.971417
[time 0.32 s, user 0.28 s, sys 0.03 s, maxrss 52124 KB]
[busy 38 jiffies]
[exit 0]
--- xcdat 7   load 0.81 0.85 0.94
build time: 108.295092 ms
space cost: 2.721505 MiB (63.787990% of original size 4.266485 MiB)
avg latency: 106.293481 ns
108.295092,2.721505,106.293481
[time 0.33 s, user 0.29 s, sys 0.03 s, maxrss 51620 KB]
[busy 37 jiffies]
[exit 0]
--- c2 case 8 rec 0   load 0.81 0.85 0.94
[TEST CART]
Processing dataset...
Done!
Building trie...
Done!
build time: 67.828369 ms (141.361229 ns per key)
space cost: 7.328448 MB (171.767812% of original size 4.266485 MB)
Querying trie...
Done!
total time: 104.248083 ms, avg latency: 217.263622 ns
not implemented
67.828369,7.328448,217.263622
[PASSED]
[time 0.35 s, user 0.31 s, sys 0.03 s, maxrss 62344 KB]
[busy 41 jiffies]
[exit 0]
--- c2 case 7 rec 0   load 0.81 0.85 0.94
[TEST ART]
Processing dataset...
Done!
Building trie...
Done!
build time: 46.565177 ms (97.046571 ns per key)
space cost: 16.425407 MB (384.986859% of original size 4.266485 MB)
Querying trie...
Done!
total time: 83.289795 ms, avg latency: 173.584416 ns
not implemented
46.565177,16.425407,173.584416
[PASSED]
[time 0.30 s, user 0.27 s, sys 0.03 s, maxrss 61848 KB]
[busy 37 jiffies]
[exit 0]
--- c2 case 6 rec 0   load 0.81 0.85 0.94
[TEST PDT]
Processing dataset...
Done!
Building trie...
dict size: 35774, stream size: 975943
Done!
build time: 335.176290 ms (698.541525 ns per key)
space cost: 1.577207 MB (36.967352% of original size 4.266485 MB)
Querying trie...
Done!
total time: 206.398464 ms, avg latency: 430.155420 ns
not implemented
335.176290,1.577207,430.155420
[PASSED]
[time 0.72 s, user 0.68 s, sys 0.03 s, maxrss 53020 KB]
[busy 77 jiffies]
[exit 0]
--- c2 case 5 rec 2   load 0.75 0.84 0.94
[TEST MARISA]
Processing dataset...
Done!
Building trie...
Done!
build time: 155.426282 ms (323.924201 ns per key)
space cost: 1.362252 MB (31.929145% of original size 4.266485 MB)
Querying trie...
Done!
total time: 165.491624 ms, avg latency: 344.901399 ns
not implemented
155.426282,1.362252,344.901399
[PASSED]
[time 0.49 s, user 0.45 s, sys 0.03 s, maxrss 63360 KB]
[busy 55 jiffies]
[exit 0]
--- c2 case 5 rec 1   load 0.75 0.84 0.94
[TEST MARISA]
Processing dataset...
Done!
Building trie...
Done!
build time: 154.416604 ms (321.819929 ns per key)
space cost: 1.371034 MB (32.134968% of original size 4.266485 MB)
Querying trie...
Done!
total time: 164.125155 ms, avg latency: 342.053538 ns
not implemented
154.416604,1.371034,342.053538
[PASSED]
[time 0.49 s, user 0.45 s, sys 0.04 s, maxrss 63420 KB]
[busy 56 jiffies]
[exit 0]
--- c2 case 5 rec 0   load 0.75 0.84 0.94
[TEST MARISA]
Processing dataset...
Done!
Building trie...
Done!
build time: 152.538494 ms (317.905757 ns per key)
space cost: 1.546566 MB (36.249182% of original size 4.266485 MB)
Querying trie...
Done!
total time: 146.688216 ms, avg latency: 305.713182 ns
not implemented
152.538494,1.546566,305.713182
[PASSED]
[time 0.47 s, user 0.42 s, sys 0.05 s, maxrss 63236 KB]
[busy 54 jiffies]
[exit 0]
--- c2 case 4 rec 0   load 0.69 0.82 0.93
[TEST COCO]
Processing dataset...
Done!
Building trie...
num nodes = 100870, average depth = 2.907644
ef = 0.002379, pa = 0.381531, bv = 0.002558, de = 0.468484
efr = 0.010370, par = 0.134639, bvr = 0.000020, der = 0.000020
Done!
build time: 1618.243617 ms (3372.584509 ns per key)
space cost: 2.485874 MB (58.265159% of original size 4.266485 MB)
Querying trie...
Done!
total time: 168.850177 ms, avg latency: 351.900966 ns
not implemented
1618.243617,2.485874,351.900966
[PASSED]
[time 2.03 s, user 1.57 s, sys 0.45 s, maxrss 920056 KB]
[busy 211 jiffies]
[exit 0]
--- c2 case 3 rec 0   load 0.69 0.82 0.93
[TEST FST]
Processing dataset...
Done!
Building trie...
Done!
build time: 183.546996 ms (382.530633 ns per key)
space cost: 2.144493 MB (50.263695% of original size 4.266485 MB)
Querying trie...
Done!
total time: 204.442005 ms, avg latency: 426.077960 ns
not implemented
183.546996,2.144493,426.077960
[PASSED]
[time 0.56 s, user 0.52 s, sys 0.03 s, maxrss 41476 KB]
[busy 61 jiffies]
[exit 0]
--- c2 case 2 rec 2   load 0.63 0.81 0.93
[TEST C2-MARISA]
Processing dataset...
Done!
Building trie...
trie size: 1.224291 MB
trie size: 0.455650 MB
trie size: 0.007228 MB
Done!
build time: 113.358219 ms (236.250073 ns per key)
space cost: 1.692706 MB (39.674487% of original size 4.266485 MB)
Querying trie...
Done!
total time: 105.139469 ms, avg latency: 219.121361 ns
topology: 0.426247 MB, link: 0.398585 MB, data: 0.857620 MB
--- Unary Path Analysis (Marisa, cutoff=3) ---
  branches: 742737  |  single-char: 411656 (55.4%)  short-unary: 124451 (16.8%)  links: 206630 (27.8%)
  link len: avg=4.35  max=37  total_chars=898820
  link length distribution (len:count):  3:81252  4:55503  5:30038  6:18037  7:10646  8:5519  9:2885  10:1442  11:688  12:346  13:146  14:66  15:26  16:12  17:9  18:7  19:2  20:3  21:1  22:1  37:1
  short unary avg len: 2.00
113.358219,1.692706,219.121361
[PASSED]
[time 0.39 s, user 0.34 s, sys 0.05 s, maxrss 62956 KB]
[busy 44 jiffies]
[exit 0]
--- c2 case 2 rec 1   load 0.63 0.81 0.93
[TEST C2-MARISA]
Processing dataset...
Done!
Building trie...
trie size: 1.224291 MB
trie size: 0.455650 MB
Done!
build time: 109.430185 ms (228.063651 ns per key)
space cost: 1.692706 MB (39.674487% of original size 4.266485 MB)
Querying trie...
Done!
total time: 105.026887 ms, avg latency: 218.886729 ns
topology: 0.426247 MB, link: 0.398585 MB, data: 0.857620 MB
--- Unary Path Analysis (Marisa, cutoff=3) ---
  branches: 742737  |  single-char: 411656 (55.4%)  short-unary: 124451 (16.8%)  links: 206630 (27.8%)
  link len: avg=4.35  max=37  total_chars=898820
  link length distribution (len:count):  3:81252  4:55503  5:30038  6:18037  7:10646  8:5519  9:2885  10:1442  11:688  12:346  13:146  14:66  15:26  16:12  17:9  18:7  19:2  20:3  21:1  22:1  37:1
  short unary avg len: 2.00
109.430185,1.692706,218.886729
[PASSED]
[time 0.39 s, user 0.33 s, sys 0.04 s, maxrss 62912 KB]
[busy 43 jiffies]
[exit 0]
--- c2 case 2 rec 0   load 0.63 0.81 0.93
[TEST C2-MARISA]
Processing dataset...
Done!
Building trie...
trie size: 1.224291 MB
Done!
build time: 113.231010 ms (235.984957 ns per key)
space cost: 1.753984 MB (41.110759% of original size 4.266485 MB)
Querying trie...
Done!
total time: 99.098683 ms, avg latency: 206.531748 ns
topology: 0.405689 MB, link: 0.420969 MB, data: 0.917072 MB
--- Unary Path Analysis (Marisa, cutoff=3) ---
  branches: 742737  |  single-char: 411656 (55.4%)  short-unary: 124451 (16.8%)  links: 206630 (27.8%)
  link len: avg=4.35  max=37  total_chars=898820
  link length distribution (len:count):  3:81252  4:55503  5:30038  6:18037  7:10646  8:5519  9:2885  10:1442  11:688  12:346  13:146  14:66  15:26  16:12  17:9  18:7  19:2  20:3  21:1  22:1  37:1
  short unary avg len: 2.00
113.231010,1.753984,206.531748
[PASSED]
[time 0.38 s, user 0.33 s, sys 0.04 s, maxrss 62616 KB]
[busy 44 jiffies]
[exit 0]
--- c2 case 1 rec 2   load 0.63 0.81 0.93
[TEST C2-CoCo(LOUDS-Sparse)]
Processing dataset...
Done!
Building trie...
trie size: 0.142362 MB
Done!
build time: 416.075971 ms (867.144699 ns per key)
space cost: 2.136750 MB (50.082199% of original size 4.266485 MB)
Querying trie...
Done!
total time: 198.087930 ms, avg latency: 412.835421 ns
topology: 0.195229 MB, link: 0.520357 MB, data: 1.421164 MB
416.075971,2.136750,412.835421
[PASSED]
[time 0.79 s, user 0.73 s, sys 0.05 s, maxrss 97836 KB]
[busy 85 jiffies]
[exit 0]
--- c2 case 1 rec 1   load 0.66 0.81 0.93
[TEST C2-CoCo(LOUDS-Sparse)]
Processing dataset...
Done!
Building trie...
trie size: 0.142362 MB
Done!
build time: 419.092702 ms (873.431874 ns per key)
space cost: 2.136750 MB (50.082199% of original size 4.266485 MB)
Querying trie...
Done!
total time: 197.263901 ms, avg latency: 411.118060 ns
topology: 0.195229 MB, link: 0.520357 MB, data: 1.421164 MB
419.092702,2.136750,411.118060
[PASSED]
[time 0.79 s, user 0.73 s, sys 0.05 s, maxrss 98156 KB]
[busy 84 jiffies]
[exit 0]
--- c2 case 1 rec 0   load 0.66 0.81 0.93
[TEST C2-CoCo(LOUDS-Sparse)]
Processing dataset...
Done!
Building trie...
Done!
build time: 417.145121 ms (869.372917 ns per key)
space cost: 2.136750 MB (50.082199% of original size 4.266485 MB)
Querying trie...
Done!
total time: 195.707937 ms, avg latency: 407.875273 ns
topology: 0.195229 MB, link: 0.520357 MB, data: 1.421164 MB
417.145121,2.136750,407.875273
[PASSED]
[time 0.79 s, user 0.73 s, sys 0.05 s, maxrss 97600 KB]
[busy 84 jiffies]
[exit 0]
--- c2 case 0 rec 2   load 0.66 0.81 0.93
[TEST C2-FST]
Processing dataset...
Done!
Building trie...
trie size: 0.142362 MB
Done!
build time: 71.706248 ms (149.443124 ns per key)
space cost: 1.889297 MB (44.282271% of original size 4.266485 MB)
Querying trie...
Done!
total time: 125.426386 ms, avg latency: 261.401363 ns
topology: 0.420059 MB, link: 0.189988 MB, data: 1.279249 MB
--- Unary Path Analysis (FST, cutoff=4) ---
  shared unary steps in main trie: 150595
  terminal suffixes: inplace=193950 (avg len=1.79)  links=60939 (23.9% of terminal)
  link len: avg=4.24  max=35  total_chars=258586
  link length distribution (len:count):  4:25346  5:15798  6:9608  7:4976  8:2612  9:1355  10:653  11:330  12:137  13:65  14:25  15:11  16:9  17:6  18:2  19:3  20:1  21:1  36:1
71.706248,1.889297,261.401363
[PASSED]
[time 0.37 s, user 0.33 s, sys 0.03 s, maxrss 48728 KB]
[busy 42 jiffies]
[exit 0]
--- c2 case 0 rec 1   load 0.69 0.82 0.93
[TEST C2-FST]
Processing dataset...
Done!
Building trie...
trie size: 0.142362 MB
Done!
build time: 70.888451 ms (147.738752 ns per key)
space cost: 1.889297 MB (44.282271% of original size 4.266485 MB)
Querying trie...
Done!
total time: 123.613688 ms, avg latency: 257.623515 ns
topology: 0.420059 MB, link: 0.189988 MB, data: 1.279249 MB
--- Unary Path Analysis (FST, cutoff=4) ---
  shared unary steps in main trie: 150595
  terminal suffixes: inplace=193950 (avg len=1.79)  links=60939 (23.9% of terminal)
  link len: avg=4.24  max=35  total_chars=258586
  link length distribution (len:count):  4:25346  5:15798  6:9608  7:4976  8:2612  9:1355  10:653  11:330  12:137  13:65  14:25  15:11  16:9  17:6  18:2  19:3  20:1  21:1  36:1
70.888451,1.889297,257.623515
[PASSED]
[time 0.37 s, user 0.33 s, sys 0.03 s, maxrss 48676 KB]
[busy 41 jiffies]
[exit 0]
--- c2 case 0 rec 0   load 0.69 0.82 0.93
[TEST C2-FST]
Processing dataset...
Done!
Building trie...
Done!
build time: 68.358144 ms (142.465334 ns per key)
space cost: 1.889297 MB (44.282271% of original size 4.266485 MB)
Querying trie...
Done!
total time: 122.842559 ms, avg latency: 256.016404 ns
topology: 0.420059 MB, link: 0.189988 MB, data: 1.279249 MB
--- Unary Path Analysis (FST, cutoff=4) ---
  shared unary steps in main trie: 150595
  terminal suffixes: inplace=193950 (avg len=1.79)  links=60939 (23.9% of terminal)
  link len: avg=4.24  max=35  total_chars=258586
  link length distribution (len:count):  4:25346  5:15798  6:9608  7:4976  8:2612  9:1355  10:653  11:330  12:137  13:65  14:25  15:11  16:9  17:6  18:2  19:3  20:1  21:1  36:1
68.358144,1.889297,256.016404
[PASSED]
[time 0.36 s, user 0.33 s, sys 0.03 s, maxrss 49020 KB]
[busy 42 jiffies]
[exit 0]
--- lexindex string   load 0.69 0.82 0.93
479823 keys
lexindex StringIndex: build 154 ms, size 2.724 MiB (5.953 B/key), latency cold 216.0 ns, then mean 213.8 / min 213.7 ns
153.508,2.724010,215.990
[time 0.74 s, user 0.69 s, sys 0.03 s, maxrss 63496 KB]
[busy 78 jiffies]
[exit 0]
--- lexindex dict1024   load 0.63 0.80 0.92
479823 keys
lexindex DictIndex block 1024: build 72 ms, size 1.154 MiB (2.521 B/key), latency cold 370.3 ns, then mean 367.7 / min 367.0 ns
72.492,1.153697,370.343
[time 0.95 s, user 0.99 s, sys 0.04 s, maxrss 75488 KB]
[busy 110 jiffies]
[exit 0]
--- lexindex dict256   load 0.63 0.80 0.92
479823 keys
lexindex DictIndex block 256: build 61 ms, size 1.213 MiB (2.651 B/key), latency cold 303.0 ns, then mean 293.9 / min 291.6 ns
60.624,1.212943,302.978
[time 0.81 s, user 0.85 s, sys 0.08 s, maxrss 85656 KB]
[busy 104 jiffies]
[exit 0]
--- lexindex dict32   load 0.63 0.80 0.92
479823 keys
lexindex DictIndex block 32: build 62 ms, size 1.326 MiB (2.897 B/key), latency cold 247.4 ns, then mean 245.7 / min 244.4 ns
62.210,1.325510,247.449
[time 0.71 s, user 0.76 s, sys 0.07 s, maxrss 87540 KB]
[busy 93 jiffies]
[exit 0]

##### words-full (479823 lines, 4953557 bytes)   round 3/3   2026-09-19T12:21:44+03:00
--- lexindex dict32   load 0.66 0.81 0.92
479823 keys
lexindex DictIndex block 32: build 61 ms, size 1.326 MiB (2.897 B/key), latency cold 246.8 ns, then mean 243.6 / min 243.2 ns
61.042,1.325510,246.806
[time 0.71 s, user 0.76 s, sys 0.07 s, maxrss 87672 KB]
[busy 90 jiffies]
[exit 0]
--- lexindex dict256   load 0.66 0.81 0.92
479823 keys
lexindex DictIndex block 256: build 60 ms, size 1.213 MiB (2.651 B/key), latency cold 304.6 ns, then mean 295.3 / min 295.1 ns
60.489,1.212943,304.634
[time 0.81 s, user 0.87 s, sys 0.06 s, maxrss 85480 KB]
[busy 104 jiffies]
[exit 0]
--- lexindex dict1024   load 0.66 0.81 0.92
479823 keys
lexindex DictIndex block 1024: build 72 ms, size 1.154 MiB (2.521 B/key), latency cold 367.4 ns, then mean 365.8 / min 364.9 ns
71.637,1.153697,367.370
[time 0.95 s, user 0.98 s, sys 0.04 s, maxrss 75616 KB]
[busy 109 jiffies]
[exit 0]
--- lexindex string   load 0.69 0.81 0.92
479823 keys
lexindex StringIndex: build 168 ms, size 2.724 MiB (5.953 B/key), latency cold 215.5 ns, then mean 211.7 / min 210.7 ns
168.036,2.724010,215.479
[time 0.75 s, user 0.72 s, sys 0.03 s, maxrss 63784 KB]
[busy 83 jiffies]
[exit 0]
--- c2 case 0 rec 0   load 0.69 0.81 0.92
[TEST C2-FST]
Processing dataset...
Done!
Building trie...
Done!
build time: 69.729323 ms (145.323011 ns per key)
space cost: 1.889297 MB (44.282271% of original size 4.266485 MB)
Querying trie...
Done!
total time: 123.061480 ms, avg latency: 256.472658 ns
topology: 0.420059 MB, link: 0.189988 MB, data: 1.279249 MB
--- Unary Path Analysis (FST, cutoff=4) ---
  shared unary steps in main trie: 150595
  terminal suffixes: inplace=193950 (avg len=1.79)  links=60939 (23.9% of terminal)
  link len: avg=4.24  max=35  total_chars=258586
  link length distribution (len:count):  4:25346  5:15798  6:9608  7:4976  8:2612  9:1355  10:653  11:330  12:137  13:65  14:25  15:11  16:9  17:6  18:2  19:3  20:1  21:1  36:1
69.729323,1.889297,256.472658
[PASSED]
[time 0.36 s, user 0.32 s, sys 0.03 s, maxrss 48784 KB]
[busy 40 jiffies]
[exit 0]
--- c2 case 0 rec 1   load 0.69 0.81 0.92
[TEST C2-FST]
Processing dataset...
Done!
Building trie...
trie size: 0.142362 MB
Done!
build time: 70.948274 ms (147.863429 ns per key)
space cost: 1.889297 MB (44.282271% of original size 4.266485 MB)
Querying trie...
Done!
total time: 123.474517 ms, avg latency: 257.333469 ns
topology: 0.420059 MB, link: 0.189988 MB, data: 1.279249 MB
--- Unary Path Analysis (FST, cutoff=4) ---
  shared unary steps in main trie: 150595
  terminal suffixes: inplace=193950 (avg len=1.79)  links=60939 (23.9% of terminal)
  link len: avg=4.24  max=35  total_chars=258586
  link length distribution (len:count):  4:25346  5:15798  6:9608  7:4976  8:2612  9:1355  10:653  11:330  12:137  13:65  14:25  15:11  16:9  17:6  18:2  19:3  20:1  21:1  36:1
70.948274,1.889297,257.333469
[PASSED]
[time 0.36 s, user 0.33 s, sys 0.03 s, maxrss 48740 KB]
[busy 42 jiffies]
[exit 0]
--- c2 case 0 rec 2   load 0.71 0.81 0.92
[TEST C2-FST]
Processing dataset...
Done!
Building trie...
trie size: 0.142362 MB
Done!
build time: 71.030088 ms (148.033938 ns per key)
space cost: 1.889297 MB (44.282271% of original size 4.266485 MB)
Querying trie...
Done!
total time: 123.347038 ms, avg latency: 257.067790 ns
topology: 0.420059 MB, link: 0.189988 MB, data: 1.279249 MB
--- Unary Path Analysis (FST, cutoff=4) ---
  shared unary steps in main trie: 150595
  terminal suffixes: inplace=193950 (avg len=1.79)  links=60939 (23.9% of terminal)
  link len: avg=4.24  max=35  total_chars=258586
  link length distribution (len:count):  4:25346  5:15798  6:9608  7:4976  8:2612  9:1355  10:653  11:330  12:137  13:65  14:25  15:11  16:9  17:6  18:2  19:3  20:1  21:1  36:1
71.030088,1.889297,257.067790
[PASSED]
[time 0.37 s, user 0.34 s, sys 0.02 s, maxrss 48748 KB]
[busy 43 jiffies]
[exit 0]
--- c2 case 1 rec 0   load 0.71 0.81 0.92
[TEST C2-CoCo(LOUDS-Sparse)]
Processing dataset...
Done!
Building trie...
Done!
build time: 416.359033 ms (867.734629 ns per key)
space cost: 2.136750 MB (50.082199% of original size 4.266485 MB)
Querying trie...
Done!
total time: 195.713567 ms, avg latency: 407.887006 ns
topology: 0.195229 MB, link: 0.520357 MB, data: 1.421164 MB
416.359033,2.136750,407.887006
[PASSED]
[time 0.78 s, user 0.72 s, sys 0.05 s, maxrss 97844 KB]
[busy 85 jiffies]
[exit 0]
--- c2 case 1 rec 1   load 0.71 0.81 0.92
[TEST C2-CoCo(LOUDS-Sparse)]
Processing dataset...
Done!
Building trie...
trie size: 0.142362 MB
Done!
build time: 418.471364 ms (872.136942 ns per key)
space cost: 2.136750 MB (50.082199% of original size 4.266485 MB)
Querying trie...
Done!
total time: 197.639458 ms, avg latency: 411.900759 ns
topology: 0.195229 MB, link: 0.520357 MB, data: 1.421164 MB
418.471364,2.136750,411.900759
[PASSED]
[time 0.79 s, user 0.72 s, sys 0.06 s, maxrss 97836 KB]
[busy 86 jiffies]
[exit 0]
--- c2 case 1 rec 2   load 0.74 0.82 0.92
[TEST C2-CoCo(LOUDS-Sparse)]
Processing dataset...
Done!
Building trie...
trie size: 0.142362 MB
Done!
build time: 419.132297 ms (873.514394 ns per key)
space cost: 2.136750 MB (50.082199% of original size 4.266485 MB)
Querying trie...
Done!
total time: 202.386522 ms, avg latency: 421.794124 ns
topology: 0.195229 MB, link: 0.520357 MB, data: 1.421164 MB
419.132297,2.136750,421.794124
[PASSED]
[time 0.80 s, user 0.74 s, sys 0.05 s, maxrss 98048 KB]
[busy 87 jiffies]
[exit 0]
--- c2 case 2 rec 0   load 0.74 0.82 0.92
[TEST C2-MARISA]
Processing dataset...
Done!
Building trie...
trie size: 1.224291 MB
Done!
build time: 111.055821 ms (231.451642 ns per key)
space cost: 1.753984 MB (41.110759% of original size 4.266485 MB)
Querying trie...
Done!
total time: 98.233316 ms, avg latency: 204.728235 ns
topology: 0.405689 MB, link: 0.420969 MB, data: 0.917072 MB
--- Unary Path Analysis (Marisa, cutoff=3) ---
  branches: 742737  |  single-char: 411656 (55.4%)  short-unary: 124451 (16.8%)  links: 206630 (27.8%)
  link len: avg=4.35  max=37  total_chars=898820
  link length distribution (len:count):  3:81252  4:55503  5:30038  6:18037  7:10646  8:5519  9:2885  10:1442  11:688  12:346  13:146  14:66  15:26  16:12  17:9  18:7  19:2  20:3  21:1  22:1  37:1
  short unary avg len: 2.00
111.055821,1.753984,204.728235
[PASSED]
[time 0.38 s, user 0.34 s, sys 0.03 s, maxrss 62800 KB]
[busy 41 jiffies]
[exit 0]
--- c2 case 2 rec 1   load 0.74 0.82 0.92
[TEST C2-MARISA]
Processing dataset...
Done!
Building trie...
trie size: 1.224291 MB
trie size: 0.455650 MB
Done!
build time: 113.493103 ms (236.531185 ns per key)
space cost: 1.692706 MB (39.674487% of original size 4.266485 MB)
Querying trie...
Done!
total time: 104.421530 ms, avg latency: 217.625103 ns
topology: 0.426247 MB, link: 0.398585 MB, data: 0.857620 MB
--- Unary Path Analysis (Marisa, cutoff=3) ---
  branches: 742737  |  single-char: 411656 (55.4%)  short-unary: 124451 (16.8%)  links: 206630 (27.8%)
  link len: avg=4.35  max=37  total_chars=898820
  link length distribution (len:count):  3:81252  4:55503  5:30038  6:18037  7:10646  8:5519  9:2885  10:1442  11:688  12:346  13:146  14:66  15:26  16:12  17:9  18:7  19:2  20:3  21:1  22:1  37:1
  short unary avg len: 2.00
113.493103,1.692706,217.625103
[PASSED]
[time 0.40 s, user 0.35 s, sys 0.04 s, maxrss 62868 KB]
[busy 48 jiffies]
[exit 0]
--- c2 case 2 rec 2   load 0.68 0.80 0.92
[TEST C2-MARISA]
Processing dataset...
Done!
Building trie...
trie size: 1.224291 MB
trie size: 0.455650 MB
trie size: 0.007228 MB
Done!
build time: 112.383327 ms (234.218299 ns per key)
space cost: 1.692706 MB (39.674487% of original size 4.266485 MB)
Querying trie...
Done!
total time: 105.465291 ms, avg latency: 219.800408 ns
topology: 0.426247 MB, link: 0.398585 MB, data: 0.857620 MB
--- Unary Path Analysis (Marisa, cutoff=3) ---
  branches: 742737  |  single-char: 411656 (55.4%)  short-unary: 124451 (16.8%)  links: 206630 (27.8%)
  link len: avg=4.35  max=37  total_chars=898820
  link length distribution (len:count):  3:81252  4:55503  5:30038  6:18037  7:10646  8:5519  9:2885  10:1442  11:688  12:346  13:146  14:66  15:26  16:12  17:9  18:7  19:2  20:3  21:1  22:1  37:1
  short unary avg len: 2.00
112.383327,1.692706,219.800408
[PASSED]
[time 0.39 s, user 0.35 s, sys 0.04 s, maxrss 62768 KB]
[busy 44 jiffies]
[exit 0]
--- c2 case 3 rec 0   load 0.68 0.80 0.92
[TEST FST]
Processing dataset...
Done!
Building trie...
Done!
build time: 185.917512 ms (387.471030 ns per key)
space cost: 2.144493 MB (50.263695% of original size 4.266485 MB)
Querying trie...
Done!
total time: 203.811199 ms, avg latency: 424.763296 ns
not implemented
185.917512,2.144493,424.763296
[PASSED]
[time 0.56 s, user 0.52 s, sys 0.03 s, maxrss 41440 KB]
[busy 62 jiffies]
[exit 0]
--- c2 case 4 rec 0   load 0.68 0.80 0.92
[TEST COCO]
Processing dataset...
Done!
Building trie...
num nodes = 100870, average depth = 2.907644
ef = 0.002379, pa = 0.381531, bv = 0.002558, de = 0.468484
efr = 0.010370, par = 0.134639, bvr = 0.000020, der = 0.000020
Done!
build time: 1602.256494 ms (3339.265717 ns per key)
space cost: 2.485874 MB (58.265159% of original size 4.266485 MB)
Querying trie...
Done!
total time: 168.047659 ms, avg latency: 350.228436 ns
not implemented
1602.256494,2.485874,350.228436
[PASSED]
[time 2.01 s, user 1.58 s, sys 0.43 s, maxrss 920248 KB]
[busy 208 jiffies]
[exit 0]
--- c2 case 5 rec 0   load 0.70 0.81 0.92
[TEST MARISA]
Processing dataset...
Done!
Building trie...
Done!
build time: 150.639494 ms (313.948048 ns per key)
space cost: 1.546566 MB (36.249182% of original size 4.266485 MB)
Querying trie...
Done!
total time: 146.639394 ms, avg latency: 305.611432 ns
not implemented
150.639494,1.546566,305.611432
[PASSED]
[time 0.47 s, user 0.43 s, sys 0.04 s, maxrss 63292 KB]
[busy 55 jiffies]
[exit 0]
--- c2 case 5 rec 1   load 0.70 0.81 0.92
[TEST MARISA]
Processing dataset...
Done!
Building trie...
Done!
build time: 156.384524 ms (325.921275 ns per key)
space cost: 1.371034 MB (32.134968% of original size 4.266485 MB)
Querying trie...
Done!
total time: 164.182883 ms, avg latency: 342.173850 ns
not implemented
156.384524,1.371034,342.173850
[PASSED]
[time 0.49 s, user 0.44 s, sys 0.04 s, maxrss 63244 KB]
[busy 54 jiffies]
[exit 0]
--- c2 case 5 rec 2   load 0.65 0.79 0.91
[TEST MARISA]
Processing dataset...
Done!
Building trie...
Done!
build time: 156.086133 ms (325.299398 ns per key)
space cost: 1.362252 MB (31.929145% of original size 4.266485 MB)
Querying trie...
Done!
total time: 167.120015 ms, avg latency: 348.295132 ns
not implemented
156.086133,1.362252,348.295132
[PASSED]
[time 0.50 s, user 0.45 s, sys 0.04 s, maxrss 63260 KB]
[busy 56 jiffies]
[exit 0]
--- c2 case 6 rec 0   load 0.65 0.79 0.91
[TEST PDT]
Processing dataset...
Done!
Building trie...
dict size: 35774, stream size: 975943
Done!
build time: 334.768272 ms (697.691174 ns per key)
space cost: 1.577207 MB (36.967352% of original size 4.266485 MB)
Querying trie...
Done!
total time: 209.664393 ms, avg latency: 436.961948 ns
not implemented
334.768272,1.577207,436.961948
[PASSED]
[time 0.72 s, user 0.68 s, sys 0.03 s, maxrss 52716 KB]
[busy 79 jiffies]
[exit 0]
--- c2 case 7 rec 0   load 0.65 0.79 0.91
[TEST ART]
Processing dataset...
Done!
Building trie...
Done!
build time: 46.026164 ms (95.923213 ns per key)
space cost: 16.425407 MB (384.986859% of original size 4.266485 MB)
Querying trie...
Done!
total time: 82.152576 ms, avg latency: 171.214335 ns
not implemented
46.026164,16.425407,171.214335
[PASSED]
[time 0.30 s, user 0.27 s, sys 0.03 s, maxrss 61948 KB]
[busy 37 jiffies]
[exit 0]
--- c2 case 8 rec 0   load 0.65 0.79 0.91
[TEST CART]
Processing dataset...
Done!
Building trie...
Done!
build time: 67.039767 ms (139.717702 ns per key)
space cost: 7.328448 MB (171.767812% of original size 4.266485 MB)
Querying trie...
Done!
total time: 100.633649 ms, avg latency: 209.730774 ns
not implemented
67.039767,7.328448,209.730774
[PASSED]
[time 0.34 s, user 0.30 s, sys 0.03 s, maxrss 62340 KB]
[busy 39 jiffies]
[exit 0]
--- xcdat 7   load 0.60 0.78 0.91
build time: 107.039952 ms
space cost: 2.721505 MiB (63.787990% of original size 4.266485 MiB)
avg latency: 106.979128 ns
107.039952,2.721505,106.979128
[time 0.33 s, user 0.28 s, sys 0.04 s, maxrss 51928 KB]
[busy 39 jiffies]
[exit 0]
--- xcdat 8   load 0.60 0.78 0.91
build time: 97.368461 ms
space cost: 2.597720 MiB (60.886655% of original size 4.266485 MiB)
avg latency: 112.820655 ns
97.368461,2.597720,112.820655
[time 0.32 s, user 0.28 s, sys 0.03 s, maxrss 52140 KB]
[busy 37 jiffies]
[exit 0]
--- xcdat 15   load 0.60 0.78 0.91
build time: 107.566692 ms
space cost: 3.340850 MiB (78.304499% of original size 4.266485 MiB)
avg latency: 77.371864 ns
107.566692,3.340850,77.371864
[time 0.32 s, user 0.27 s, sys 0.04 s, maxrss 58220 KB]
[busy 35 jiffies]
[exit 0]
--- xcdat 16   load 0.60 0.78 0.91
build time: 97.055011 ms
space cost: 3.550420 MiB (83.216503% of original size 4.266485 MiB)
avg latency: 84.702469 ns
97.055011,3.550420,84.702469
[time 0.31 s, user 0.26 s, sys 0.04 s, maxrss 57964 KB]
[busy 35 jiffies]
[exit 0]

##### dna-1000000 (1000000 lines, 25000000 bytes)   round 3/3   2026-09-19T12:22:25+03:00
--- lexindex dict32   load 0.63 0.78 0.91
1000000 keys
lexindex DictIndex block 32: build 117 ms, size 4.820 MiB (5.054 B/key), latency cold 355.6 ns, then mean 347.1 / min 346.8 ns
117.295,4.820289,355.553
[time 2.01 s, user 2.43 s, sys 0.17 s, maxrss 194816 KB]
[busy 276 jiffies]
[exit 0]
--- lexindex dict256   load 0.63 0.78 0.91
1000000 keys
lexindex DictIndex block 256: build 116 ms, size 4.195 MiB (4.398 B/key), latency cold 350.3 ns, then mean 345.1 / min 342.2 ns
116.022,4.194675,350.345
[time 2.00 s, user 2.40 s, sys 0.17 s, maxrss 191184 KB]
[busy 277 jiffies]
[exit 0]
--- lexindex dict1024   load 0.66 0.79 0.91
1000000 keys
lexindex DictIndex block 1024: build 124 ms, size 4.042 MiB (4.238 B/key), latency cold 384.8 ns, then mean 378.9 / min 376.1 ns
123.527,4.042011,384.832
[time 2.14 s, user 2.36 s, sys 0.11 s, maxrss 173912 KB]
[busy 264 jiffies]
[exit 0]
--- lexindex string   load 0.61 0.77 0.90
1000000 keys
lexindex StringIndex: build 1142 ms, size 16.920 MiB (17.741 B/key), latency cold 515.7 ns, then mean 500.1 / min 497.9 ns
1141.514,16.919603,515.733
[time 3.64 s, user 3.53 s, sys 0.08 s, maxrss 164052 KB]
[busy 386 jiffies]
[exit 0]
--- c2 case 0 rec 0   load 0.56 0.76 0.90
[TEST C2-FST]
Processing dataset...
Done!
Building trie...
Done!
build time: 1413.130059 ms (1413.130059 ns per key)
space cost: 11.502727 MB (50.256179% of original size 22.888184 MB)
Querying trie...
Done!
total time: 416.841150 ms, avg latency: 416.841150 ns
topology: 0.892128 MB, link: 2.893083 MB, data: 7.717516 MB
--- Unary Path Analysis (FST, cutoff=4) ---
  shared unary steps in main trie: 98146
  terminal suffixes: inplace=2 (avg len=3.00)  links=999998 (100.0% of terminal)
  link len: avg=12.12  max=15  total_chars=12118007
  link length distribution (len:count):  4:2  5:10  6:40  7:176  8:732  9:2727  10:11261  11:42928  12:153933  13:402475  14:363824  15:21889  16:1
1413.130059,11.502727,416.841150
[PASSED]
[time 2.54 s, user 2.36 s, sys 0.16 s, maxrss 255460 KB]
[busy 266 jiffies]
[exit 0]
--- c2 case 0 rec 1   load 0.56 0.76 0.90
[TEST C2-FST]
Processing dataset...
Done!
Building trie...
trie size: 5.258043 MB
Done!
build time: 2128.794800 ms (2128.794800 ns per key)
space cost: 11.502727 MB (50.256179% of original size 22.888184 MB)
Querying trie...
Done!
total time: 417.916481 ms, avg latency: 417.916481 ns
topology: 0.892128 MB, link: 2.893083 MB, data: 7.717516 MB
--- Unary Path Analysis (FST, cutoff=4) ---
  shared unary steps in main trie: 98146
  terminal suffixes: inplace=2 (avg len=3.00)  links=999998 (100.0% of terminal)
  link len: avg=12.12  max=15  total_chars=12118007
  link length distribution (len:count):  4:2  5:10  6:40  7:176  8:732  9:2727  10:11261  11:42928  12:153933  13:402475  14:363824  15:21889  16:1
2128.794800,11.502727,417.916481
[PASSED]
[time 3.24 s, user 3.03 s, sys 0.19 s, maxrss 284312 KB]
[busy 335 jiffies]
[exit 0]
--- c2 case 0 rec 2   load 0.59 0.77 0.90
[TEST C2-FST]
Processing dataset...
Done!
Building trie...
trie size: 5.258043 MB
Done!
build time: 2132.033157 ms (2132.033157 ns per key)
space cost: 11.502727 MB (50.256179% of original size 22.888184 MB)
Querying trie...
Done!
total time: 415.343825 ms, avg latency: 415.343825 ns
topology: 0.892128 MB, link: 2.893083 MB, data: 7.717516 MB
--- Unary Path Analysis (FST, cutoff=4) ---
  shared unary steps in main trie: 98146
  terminal suffixes: inplace=2 (avg len=3.00)  links=999998 (100.0% of terminal)
  link len: avg=12.12  max=15  total_chars=12118007
  link length distribution (len:count):  4:2  5:10  6:40  7:176  8:732  9:2727  10:11261  11:42928  12:153933  13:402475  14:363824  15:21889  16:1
2132.033157,11.502727,415.343825
[PASSED]
[time 3.24 s, user 3.05 s, sys 0.18 s, maxrss 284200 KB]
[busy 340 jiffies]
[exit 0]
--- c2 case 1 rec 0   load 0.62 0.77 0.90
[TEST C2-CoCo(LOUDS-Sparse)]
Processing dataset...
Done!
Building trie...
Done!
build time: 2005.517885 ms (2005.517885 ns per key)
space cost: 9.777104 MB (42.716818% of original size 22.888184 MB)
Querying trie...
Done!
total time: 458.661657 ms, avg latency: 458.661657 ns
topology: 0.343521 MB, link: 3.029230 MB, data: 6.404353 MB
2005.517885,9.777104,458.661657
[PASSED]
[time 3.16 s, user 2.95 s, sys 0.19 s, maxrss 385544 KB]
[busy 325 jiffies]
[exit 0]
--- c2 case 1 rec 1   load 0.66 0.77 0.90
[TEST C2-CoCo(LOUDS-Sparse)]
Processing dataset...
Done!
Building trie...
trie size: 5.258043 MB
Done!
build time: 2697.009493 ms (2697.009493 ns per key)
space cost: 9.777104 MB (42.716818% of original size 22.888184 MB)
Querying trie...
Done!
total time: 452.957724 ms, avg latency: 452.957724 ns
topology: 0.343521 MB, link: 3.029230 MB, data: 6.404353 MB
2697.009493,9.777104,452.957724
[PASSED]
[time 3.84 s, user 3.61 s, sys 0.21 s, maxrss 413940 KB]
[busy 397 jiffies]
[exit 0]
--- c2 case 1 rec 2   load 0.68 0.78 0.90
[TEST C2-CoCo(LOUDS-Sparse)]
Processing dataset...
Done!
Building trie...
trie size: 5.258043 MB
Done!
build time: 2690.114422 ms (2690.114422 ns per key)
space cost: 9.777104 MB (42.716818% of original size 22.888184 MB)
Querying trie...
Done!
total time: 453.903613 ms, avg latency: 453.903613 ns
topology: 0.343521 MB, link: 3.029230 MB, data: 6.404353 MB
2690.114422,9.777104,453.903613
[PASSED]
[time 3.84 s, user 3.59 s, sys 0.23 s, maxrss 413952 KB]
[busy 401 jiffies]
[exit 0]
--- c2 case 2 rec 0   load 0.71 0.78 0.90
[TEST C2-MARISA]
Processing dataset...
Done!
Building trie...
trie size: 2.428399 MB
Done!
build time: 1326.090205 ms (1326.090205 ns per key)
space cost: 10.748939 MB (46.962829% of original size 22.888184 MB)
Querying trie...
Done!
total time: 387.721218 ms, avg latency: 387.721218 ns
topology: 0.804615 MB, link: 2.791285 MB, data: 7.132531 MB
--- Unary Path Analysis (Marisa, cutoff=3) ---
  branches: 1681124  |  single-char: 605889 (36.0%)  short-unary: 58000 (3.5%)  links: 1017235 (60.5%)
  link len: avg=13.94  max=17  total_chars=14175392
  link length distribution (len:count):  3:13001  4:3156  5:812  6:209  7:97  8:186  9:733  10:2730  11:11261  12:42928  13:153933  14:402475  15:363824  16:21889  17:1
  short unary avg len: 2.00
1326.090205,10.748939,387.721218
[PASSED]
[time 2.41 s, user 2.23 s, sys 0.16 s, maxrss 252224 KB]
[busy 252 jiffies]
[exit 0]
--- c2 case 2 rec 1   load 0.71 0.78 0.90
[TEST C2-MARISA]
Processing dataset...
Done!
Building trie...
trie size: 2.428399 MB
trie size: 5.162292 MB
Done!
build time: 2216.031324 ms (2216.031324 ns per key)
space cost: 10.748939 MB (46.962829% of original size 22.888184 MB)
Querying trie...
Done!
total time: 386.250643 ms, avg latency: 386.250643 ns
topology: 0.804615 MB, link: 2.791285 MB, data: 7.132531 MB
--- Unary Path Analysis (Marisa, cutoff=3) ---
  branches: 1681124  |  single-char: 605889 (36.0%)  short-unary: 58000 (3.5%)  links: 1017235 (60.5%)
  link len: avg=13.94  max=17  total_chars=14175392
  link length distribution (len:count):  3:13001  4:3156  5:812  6:209  7:97  8:186  9:733  10:2730  11:11261  12:42928  13:153933  14:402475  15:363824  16:21889  17:1
  short unary avg len: 2.00
2216.031324,10.748939,386.250643
[PASSED]
[time 3.32 s, user 3.09 s, sys 0.21 s, maxrss 285368 KB]
[busy 346 jiffies]
[exit 0]
--- c2 case 2 rec 2   load 0.73 0.79 0.91
[TEST C2-MARISA]
Processing dataset...
Done!
Building trie...
trie size: 2.428399 MB
trie size: 5.162292 MB
Done!
build time: 2204.962886 ms (2204.962886 ns per key)
space cost: 10.748939 MB (46.962829% of original size 22.888184 MB)
Querying trie...
Done!
total time: 386.722791 ms, avg latency: 386.722791 ns
topology: 0.804615 MB, link: 2.791285 MB, data: 7.132531 MB
--- Unary Path Analysis (Marisa, cutoff=3) ---
  branches: 1681124  |  single-char: 605889 (36.0%)  short-unary: 58000 (3.5%)  links: 1017235 (60.5%)
  link len: avg=13.94  max=17  total_chars=14175392
  link length distribution (len:count):  3:13001  4:3156  5:812  6:209  7:97  8:186  9:733  10:2730  11:11261  12:42928  13:153933  14:402475  15:363824  16:21889  17:1
  short unary avg len: 2.00
2204.962886,10.748939,386.722791
[PASSED]
[time 3.31 s, user 3.08 s, sys 0.21 s, maxrss 285200 KB]
[busy 344 jiffies]
[exit 0]
--- c2 case 3 rec 0   load 0.75 0.79 0.91
[TEST FST]
Processing dataset...
Done!
Building trie...
Done!
build time: 950.663720 ms (950.663720 ns per key)
space cost: 18.082896 MB (79.005379% of original size 22.888184 MB)
Querying trie...
Done!
total time: 551.871730 ms, avg latency: 551.871730 ns
not implemented
950.663720,18.082896,551.871730
[PASSED]
[time 2.21 s, user 2.09 s, sys 0.10 s, maxrss 179132 KB]
[busy 230 jiffies]
[exit 0]
--- c2 case 4 rec 0   load 0.77 0.79 0.91
[TEST COCO]
Processing dataset...
Done!
Building trie...
num nodes = 65537, average depth = 14.999878
ef = 0.000000, pa = 0.000000, bv = 0.000000, de = 0.000015
efr = 0.000015, par = 0.999969, bvr = 0.000000, der = 0.000000
Done!
build time: 22272.671177 ms (22272.671177 ns per key)
space cost: 5.857979 MB (25.593899% of original size 22.888184 MB)
Querying trie...
Done!
total time: 401.343336 ms, avg latency: 401.343336 ns
not implemented
22272.671177,5.857979,401.343336
[PASSED]
[time 24.49 s, user 18.24 s, sys 6.14 s, maxrss 13623488 KB]
[busy 2526 jiffies]
[exit 0]
--- c2 case 5 rec 0   load 0.85 0.81 0.91
[TEST MARISA]
Processing dataset...
Done!
Building trie...
Done!
build time: 681.285242 ms (681.285242 ns per key)
space cost: 18.867507 MB (82.433396% of original size 22.888184 MB)
Querying trie...
Done!
total time: 534.205290 ms, avg latency: 534.205290 ns
not implemented
681.285242,18.867507,534.205290
[PASSED]
[time 1.92 s, user 1.77 s, sys 0.14 s, maxrss 223080 KB]
[busy 202 jiffies]
[exit 0]
--- c2 case 5 rec 1   load 0.85 0.81 0.91
[TEST MARISA]
Processing dataset...
Done!
Building trie...
Done!
build time: 947.690200 ms (947.690200 ns per key)
space cost: 7.640043 MB (33.379858% of original size 22.888184 MB)
Querying trie...
Done!
total time: 742.554009 ms, avg latency: 742.554009 ns
not implemented
947.690200,7.640043,742.554009
[PASSED]
[time 2.40 s, user 2.23 s, sys 0.16 s, maxrss 221856 KB]
[busy 249 jiffies]
[exit 0]
--- c2 case 5 rec 2   load 0.78 0.80 0.91
[TEST MARISA]
Processing dataset...
Done!
Building trie...
Done!
build time: 947.105891 ms (947.105891 ns per key)
space cost: 7.210847 MB (31.504671% of original size 22.888184 MB)
Querying trie...
Done!
total time: 781.264610 ms, avg latency: 781.264610 ns
not implemented
947.105891,7.210847,781.264610
[PASSED]
[time 2.43 s, user 2.29 s, sys 0.12 s, maxrss 221884 KB]
[busy 254 jiffies]
[exit 0]
--- c2 case 6 rec 0   load 0.80 0.80 0.91
[TEST PDT]
Processing dataset...
Done!
Building trie...
dict size: 151324, stream size: 6218209
Done!
build time: 2912.225222 ms (2912.225222 ns per key)
space cost: 7.350519 MB (32.114908% of original size 22.888184 MB)
Querying trie...
Done!
total time: 779.154684 ms, avg latency: 779.154684 ns
not implemented
2912.225222,7.350519,779.154684
[PASSED]
[time 4.41 s, user 4.23 s, sys 0.16 s, maxrss 212912 KB]
[busy 455 jiffies]
[exit 0]
--- c2 case 7 rec 0   load 0.82 0.80 0.91
[TEST ART]
Processing dataset...
Done!
Building trie...
Done!
build time: 191.591238 ms (191.591238 ns per key)
space cost: 33.278465 MB (145.395833% of original size 22.888184 MB)
Querying trie...
Done!
total time: 410.289012 ms, avg latency: 410.289012 ns
not implemented
191.591238,33.278465,410.289012
[PASSED]
[time 1.33 s, user 1.21 s, sys 0.11 s, maxrss 223088 KB]
[busy 142 jiffies]
[exit 0]
--- c2 case 8 rec 0   load 0.82 0.80 0.91
[TEST CART]
Processing dataset...
Done!
Building trie...
Done!
build time: 247.449464 ms (247.449464 ns per key)
space cost: 15.643999 MB (68.349675% of original size 22.888184 MB)
Querying trie...
Done!
total time: 449.447475 ms, avg latency: 449.447475 ns
not implemented
247.449464,15.643999,449.447475
[PASSED]
[time 1.43 s, user 1.31 s, sys 0.11 s, maxrss 214448 KB]
[busy 150 jiffies]
[exit 0]
--- xcdat 7   load 0.83 0.81 0.91
build time: 827.711034 ms
space cost: 19.789600 MiB (86.462083% of original size 22.888184 MiB)
avg latency: 299.018548 ns
827.711034,19.789600,299.018548
[time 1.83 s, user 1.69 s, sys 0.13 s, maxrss 180560 KB]
[busy 191 jiffies]
[exit 0]
--- xcdat 8   load 0.83 0.81 0.91
build time: 793.788915 ms
space cost: 19.685819 MiB (86.008654% of original size 22.888184 MiB)
avg latency: 298.454717 ns
793.788915,19.685819,298.454717
[time 1.80 s, user 1.67 s, sys 0.12 s, maxrss 180360 KB]
[busy 191 jiffies]
[exit 0]
--- xcdat 15   load 0.85 0.81 0.91
build time: 814.925208 ms
space cost: 21.414997 MiB (93.563550% of original size 22.888184 MiB)
avg latency: 280.965531 ns
814.925208,21.414997,280.965531
[time 1.80 s, user 1.67 s, sys 0.12 s, maxrss 182304 KB]
[busy 191 jiffies]
[exit 0]
--- xcdat 16   load 0.78 0.80 0.90
build time: 796.425061 ms
space cost: 21.935129 MiB (95.836042% of original size 22.888184 MiB)
avg latency: 301.978743 ns
796.425061,21.935129,301.978743
[time 1.81 s, user 1.67 s, sys 0.12 s, maxrss 182552 KB]
[busy 188 jiffies]
[exit 0]

##### domains-1000000 (1000000 lines, 14782044 bytes)   round 3/3   2026-09-19T12:24:17+03:00
--- lexindex dict32   load 0.78 0.80 0.90
1000000 keys
lexindex DictIndex block 32: build 235 ms, size 4.851 MiB (5.087 B/key), latency cold 309.4 ns, then mean 305.5 / min 303.9 ns
235.192,4.851443,309.366
[time 1.93 s, user 3.35 s, sys 0.23 s, maxrss 236980 KB]
[busy 376 jiffies]
[exit 0]
--- lexindex dict256   load 0.80 0.80 0.90
1000000 keys
lexindex DictIndex block 256: build 234 ms, size 4.534 MiB (4.754 B/key), latency cold 352.8 ns, then mean 337.9 / min 332.4 ns
234.428,4.534131,352.785
[time 2.09 s, user 3.58 s, sys 0.23 s, maxrss 237404 KB]
[busy 405 jiffies]
[exit 0]
--- lexindex dict1024   load 0.80 0.80 0.90
1000000 keys
lexindex DictIndex block 1024: build 262 ms, size 4.377 MiB (4.589 B/key), latency cold 424.9 ns, then mean 421.4 / min 420.1 ns
261.578,4.376807,424.860
[time 2.43 s, user 3.32 s, sys 0.19 s, maxrss 228596 KB]
[busy 369 jiffies]
[exit 0]
--- lexindex string   load 1.37 0.92 0.94
1000000 keys
lexindex StringIndex: build 594 ms, size 10.017 MiB (10.504 B/key), latency cold 285.6 ns, then mean 279.8 / min 278.5 ns
594.450,10.017015,285.613
[time 2.18 s, user 2.10 s, sys 0.07 s, maxrss 135560 KB]
[busy 228 jiffies]
[exit 0]
--- c2 case 0 rec 0   load 1.34 0.92 0.94
[TEST C2-FST]
Processing dataset...
Done!
Building trie...
Done!
build time: 607.251086 ms (607.251086 ns per key)
space cost: 6.917822 MB (52.632701% of original size 13.143581 MB)
Querying trie...
Done!
total time: 339.198812 ms, avg latency: 339.198812 ns
topology: 0.942398 MB, link: 2.041207 MB, data: 3.934216 MB
--- Unary Path Analysis (FST, cutoff=4) ---
  shared unary steps in main trie: 268333
  terminal suffixes: inplace=220500 (avg len=1.97)  links=754948 (77.4% of terminal)
  link len: avg=6.76  max=63  total_chars=5105329
  link length distribution (len:count):  4:91687  5:111663  6:114934  7:103953  8:85177  9:68086  10:51456  11:37502  12:26935  13:19286  14:13392  15:9281  16:6718  17:4599  18:3138  19:2143  20:1561  21:980  22:717  23:511  24:315  25:289  26:154  27:98  28:76  29:70  30:38  31:24  32:35  33:24  34:15  35:9  36:12  37:9  38:5  39:5  40:5  41:8  42:4  43:7  45:3  46:1  48:1  50:1  52:4  54:2  55:1  56:5  57:4  59:2  63:2  64:1
607.251086,6.917822,339.198812
[PASSED]
[time 1.37 s, user 1.25 s, sys 0.12 s, maxrss 183316 KB]
[busy 146 jiffies]
[exit 0]
--- c2 case 0 rec 1   load 1.34 0.92 0.94
[TEST C2-FST]
Processing dataset...
Done!
Building trie...
trie size: 2.171301 MB
Done!
build time: 687.865111 ms (687.865111 ns per key)
space cost: 6.261899 MB (47.642258% of original size 13.143581 MB)
Querying trie...
Done!
total time: 387.282032 ms, avg latency: 387.282032 ns
topology: 1.096256 MB, link: 1.933458 MB, data: 3.232184 MB
--- Unary Path Analysis (FST, cutoff=4) ---
  shared unary steps in main trie: 268333
  terminal suffixes: inplace=220500 (avg len=1.97)  links=754948 (77.4% of terminal)
  link len: avg=6.76  max=63  total_chars=5105329
  link length distribution (len:count):  4:91687  5:111663  6:114934  7:103953  8:85177  9:68086  10:51456  11:37502  12:26935  13:19286  14:13392  15:9281  16:6718  17:4599  18:3138  19:2143  20:1561  21:980  22:717  23:511  24:315  25:289  26:154  27:98  28:76  29:70  30:38  31:24  32:35  33:24  34:15  35:9  36:12  37:9  38:5  39:5  40:5  41:8  42:4  43:7  45:3  46:1  48:1  50:1  52:4  54:2  55:1  56:5  57:4  59:2  63:2  64:1
687.865111,6.261899,387.282032
[PASSED]
[time 1.51 s, user 1.38 s, sys 0.11 s, maxrss 182988 KB]
[busy 157 jiffies]
[exit 0]
--- c2 case 0 rec 2   load 1.31 0.92 0.94
[TEST C2-FST]
Processing dataset...
Done!
Building trie...
trie size: 2.171301 MB
trie size: 0.145336 MB
Done!
build time: 707.403110 ms (707.403110 ns per key)
space cost: 6.261899 MB (47.642258% of original size 13.143581 MB)
Querying trie...
Done!
total time: 390.078189 ms, avg latency: 390.078189 ns
topology: 1.096256 MB, link: 1.933458 MB, data: 3.232184 MB
--- Unary Path Analysis (FST, cutoff=4) ---
  shared unary steps in main trie: 268333
  terminal suffixes: inplace=220500 (avg len=1.97)  links=754948 (77.4% of terminal)
  link len: avg=6.76  max=63  total_chars=5105329
  link length distribution (len:count):  4:91687  5:111663  6:114934  7:103953  8:85177  9:68086  10:51456  11:37502  12:26935  13:19286  14:13392  15:9281  16:6718  17:4599  18:3138  19:2143  20:1561  21:980  22:717  23:511  24:315  25:289  26:154  27:98  28:76  29:70  30:38  31:24  32:35  33:24  34:15  35:9  36:12  37:9  38:5  39:5  40:5  41:8  42:4  43:7  45:3  46:1  48:1  50:1  52:4  54:2  55:1  56:5  57:4  59:2  63:2  64:1
707.403110,6.261899,390.078189
[PASSED]
[time 1.54 s, user 1.41 s, sys 0.12 s, maxrss 183092 KB]
[busy 161 jiffies]
[exit 0]
--- c2 case 1 rec 0   load 1.31 0.92 0.94
[TEST C2-CoCo(LOUDS-Sparse)]
Processing dataset...
Done!
Building trie...
Done!
build time: 1352.532112 ms (1352.532112 ns per key)
space cost: 6.955368 MB (52.918365% of original size 13.143581 MB)
Querying trie...
Done!
total time: 485.265309 ms, avg latency: 485.265309 ns
topology: 0.405121 MB, link: 2.743303 MB, data: 3.806944 MB
1352.532112,6.955368,485.265309
[PASSED]
[time 2.26 s, user 2.06 s, sys 0.19 s, maxrss 326688 KB]
[busy 238 jiffies]
[exit 0]
--- c2 case 1 rec 1   load 1.29 0.92 0.94
[TEST C2-CoCo(LOUDS-Sparse)]
Processing dataset...
Done!
Building trie...
trie size: 2.171301 MB
Done!
build time: 1418.683749 ms (1418.683749 ns per key)
space cost: 6.299446 MB (47.927923% of original size 13.143581 MB)
Querying trie...
Done!
total time: 527.604871 ms, avg latency: 527.604871 ns
topology: 0.558979 MB, link: 2.635554 MB, data: 3.104912 MB
1418.683749,6.299446,527.604871
[PASSED]
[time 2.38 s, user 2.18 s, sys 0.19 s, maxrss 326728 KB]
[busy 247 jiffies]
[exit 0]
--- c2 case 1 rec 2   load 1.19 0.91 0.94
[TEST C2-CoCo(LOUDS-Sparse)]
Processing dataset...
Done!
Building trie...
trie size: 2.171301 MB
trie size: 0.145336 MB
Done!
build time: 1430.343218 ms (1430.343218 ns per key)
space cost: 6.299446 MB (47.927923% of original size 13.143581 MB)
Querying trie...
Done!
total time: 544.108707 ms, avg latency: 544.108707 ns
topology: 0.558979 MB, link: 2.635554 MB, data: 3.104912 MB
1430.343218,6.299446,544.108707
[PASSED]
[time 2.42 s, user 2.22 s, sys 0.18 s, maxrss 326788 KB]
[busy 257 jiffies]
[exit 0]
--- c2 case 2 rec 0   load 1.19 0.91 0.94
[TEST C2-MARISA]
Processing dataset...
Done!
Building trie...
trie size: 2.220281 MB
Done!
build time: 678.931086 ms (678.931086 ns per key)
space cost: 6.286226 MB (47.827347% of original size 13.143581 MB)
Querying trie...
Done!
total time: 256.847200 ms, avg latency: 256.847200 ns
topology: 0.735279 MB, link: 2.419176 MB, data: 3.111263 MB
--- Unary Path Analysis (Marisa, cutoff=3) ---
  branches: 1529804  |  single-char: 445053 (29.1%)  short-unary: 119280 (7.8%)  links: 965471 (63.1%)
  link len: avg=7.67  max=65  total_chars=7409785
  link length distribution (len:count):  3:106346  4:81524  5:100388  6:117171  7:118183  8:106006  9:86378  10:68801  11:51930  12:37786  13:27091  14:19390  15:13458  16:9322  17:6753  18:4616  19:3149  20:2153  21:1566  22:983  23:724  24:512  25:321  26:290  27:155  28:98  29:77  30:70  31:40  32:24  33:35  34:24  35:16  36:9  37:12  38:9  39:5  40:5  41:5  42:8  43:4  44:7  46:3  47:1  49:1  51:1  53:4  55:2  56:1  57:5  58:4  60:2  64:2  65:1
  short unary avg len: 2.00
678.931086,6.286226,256.847200
[PASSED]
[time 1.37 s, user 1.24 s, sys 0.12 s, maxrss 206128 KB]
[busy 144 jiffies]
[exit 0]
--- c2 case 2 rec 1   load 1.17 0.91 0.94
[TEST C2-MARISA]
Processing dataset...
Done!
Building trie...
trie size: 2.220281 MB
trie size: 2.823213 MB
Done!
build time: 794.114718 ms (794.114718 ns per key)
space cost: 5.413679 MB (41.188767% of original size 13.143581 MB)
Querying trie...
Done!
total time: 326.614836 ms, avg latency: 326.614836 ns
topology: 0.947487 MB, link: 2.305346 MB, data: 2.140338 MB
--- Unary Path Analysis (Marisa, cutoff=3) ---
  branches: 1529804  |  single-char: 445053 (29.1%)  short-unary: 119280 (7.8%)  links: 965471 (63.1%)
  link len: avg=7.67  max=65  total_chars=7409785
  link length distribution (len:count):  3:106346  4:81524  5:100388  6:117171  7:118183  8:106006  9:86378  10:68801  11:51930  12:37786  13:27091  14:19390  15:13458  16:9322  17:6753  18:4616  19:3149  20:2153  21:1566  22:983  23:724  24:512  25:321  26:290  27:155  28:98  29:77  30:70  31:40  32:24  33:35  34:24  35:16  36:9  37:12  38:9  39:5  40:5  41:5  42:8  43:4  44:7  46:3  47:1  49:1  51:1  53:4  55:2  56:1  57:5  58:4  60:2  64:2  65:1
  short unary avg len: 2.00
794.114718,5.413679,326.614836
[PASSED]
[time 1.56 s, user 1.42 s, sys 0.12 s, maxrss 206092 KB]
[busy 167 jiffies]
[exit 0]
--- c2 case 2 rec 2   load 1.17 0.91 0.94
[TEST C2-MARISA]
Processing dataset...
Done!
Building trie...
trie size: 2.220281 MB
trie size: 2.823213 MB
trie size: 0.214430 MB
Done!
build time: 792.796660 ms (792.796660 ns per key)
space cost: 5.413679 MB (41.188767% of original size 13.143581 MB)
Querying trie...
Done!
total time: 331.113132 ms, avg latency: 331.113132 ns
topology: 0.947487 MB, link: 2.305346 MB, data: 2.140338 MB
--- Unary Path Analysis (Marisa, cutoff=3) ---
  branches: 1529804  |  single-char: 445053 (29.1%)  short-unary: 119280 (7.8%)  links: 965471 (63.1%)
  link len: avg=7.67  max=65  total_chars=7409785
  link length distribution (len:count):  3:106346  4:81524  5:100388  6:117171  7:118183  8:106006  9:86378  10:68801  11:51930  12:37786  13:27091  14:19390  15:13458  16:9322  17:6753  18:4616  19:3149  20:2153  21:1566  22:983  23:724  24:512  25:321  26:290  27:155  28:98  29:77  30:70  31:40  32:24  33:35  34:24  35:16  36:9  37:12  38:9  39:5  40:5  41:5  42:8  43:4  44:7  46:3  47:1  49:1  51:1  53:4  55:2  56:1  57:5  58:4  60:2  64:2  65:1
  short unary avg len: 2.00
792.796660,5.413679,331.113132
[PASSED]
[time 1.56 s, user 1.44 s, sys 0.12 s, maxrss 205992 KB]
[busy 163 jiffies]
[exit 0]
--- c2 case 3 rec 0   load 1.16 0.91 0.94
[TEST FST]
Processing dataset...
Done!
Building trie...
Done!
build time: 600.629409 ms (600.629409 ns per key)
space cost: 6.751218 MB (51.365131% of original size 13.143581 MB)
Querying trie...
Done!
total time: 446.108078 ms, avg latency: 446.108078 ns
not implemented
600.629409,6.751218,446.108078
[PASSED]
[time 1.48 s, user 1.40 s, sys 0.07 s, maxrss 95060 KB]
[busy 159 jiffies]
[exit 0]
--- c2 case 4 rec 0   load 1.16 0.91 0.94
[TEST COCO]
Processing dataset...
Done!
Building trie...
num nodes = 310886, average depth = 6.283062
ef = 0.001168, pa = 0.211653, bv = 0.000885, de = 0.651638
efr = 0.002046, par = 0.129141, bvr = 0.000006, der = 0.003464
Done!
build time: 10391.438575 ms (10391.438575 ns per key)
space cost: 9.668336 MB (73.559374% of original size 13.143581 MB)
Querying trie...
Done!
total time: 409.639752 ms, avg latency: 409.639752 ns
not implemented
10391.438575,9.668336,409.639752
[PASSED]
[time 11.77 s, user 8.89 s, sys 2.82 s, maxrss 6138048 KB]
[busy 1209 jiffies]
[exit 0]
--- c2 case 5 rec 0   load 1.12 0.92 0.94
[TEST MARISA]
Processing dataset...
Done!
Building trie...
Done!
build time: 485.026370 ms (485.026370 ns per key)
space cost: 6.885828 MB (52.389283% of original size 13.143581 MB)
Querying trie...
Done!
total time: 380.392270 ms, avg latency: 380.392270 ns
not implemented
485.026370,6.885828,380.392270
[PASSED]
[time 1.30 s, user 1.17 s, sys 0.12 s, maxrss 172480 KB]
[busy 139 jiffies]
[exit 0]
--- c2 case 5 rec 1   load 1.12 0.92 0.94
[TEST MARISA]
Processing dataset...
Done!
Building trie...
Done!
build time: 552.844649 ms (552.844649 ns per key)
space cost: 4.826345 MB (36.720170% of original size 13.143581 MB)
Querying trie...
Done!
total time: 517.090876 ms, avg latency: 517.090876 ns
not implemented
552.844649,4.826345,517.090876
[PASSED]
[time 1.50 s, user 1.37 s, sys 0.11 s, maxrss 172308 KB]
[busy 156 jiffies]
[exit 0]
--- c2 case 5 rec 2   load 1.11 0.92 0.94
[TEST MARISA]
Processing dataset...
Done!
Building trie...
Done!
build time: 560.821304 ms (560.821304 ns per key)
space cost: 4.647946 MB (35.362861% of original size 13.143581 MB)
Querying trie...
Done!
total time: 540.845292 ms, avg latency: 540.845292 ns
not implemented
560.821304,4.647946,540.845292
[PASSED]
[time 1.53 s, user 1.41 s, sys 0.11 s, maxrss 172640 KB]
[busy 166 jiffies]
[exit 0]
--- c2 case 6 rec 0   load 1.11 0.92 0.94
[TEST PDT]
Processing dataset...
Done!
Building trie...
dict size: 155466, stream size: 4016746
Done!
build time: 1911.747919 ms (1911.747919 ns per key)
space cost: 5.254991 MB (39.981421% of original size 13.143581 MB)
Querying trie...
Done!
total time: 517.890489 ms, avg latency: 517.890489 ns
not implemented
1911.747919,5.254991,517.890489
[PASSED]
[time 2.85 s, user 2.74 s, sys 0.10 s, maxrss 152628 KB]
[busy 296 jiffies]
[exit 0]
--- c2 case 7 rec 0   load 1.10 0.92 0.94
[TEST ART]
Processing dataset...
Done!
Building trie...
Done!
build time: 115.986810 ms (115.986810 ns per key)
space cost: 31.580688 MB (240.274607% of original size 13.143581 MB)
Querying trie...
Done!
total time: 248.939004 ms, avg latency: 248.939004 ns
not implemented
115.986810,31.580688,248.939004
[PASSED]
[time 0.80 s, user 0.73 s, sys 0.06 s, maxrss 135884 KB]
[busy 85 jiffies]
[exit 0]
--- c2 case 8 rec 0   load 1.10 0.92 0.94
[TEST CART]
Processing dataset...
Done!
Building trie...
Done!
build time: 163.811556 ms (163.811556 ns per key)
space cost: 13.831998 MB (105.237663% of original size 13.143581 MB)
Querying trie...
Done!
total time: 314.125497 ms, avg latency: 314.125497 ns
not implemented
163.811556,13.831998,314.125497
[PASSED]
[time 0.93 s, user 0.83 s, sys 0.09 s, maxrss 134436 KB]
[busy 98 jiffies]
[exit 0]
--- xcdat 7   load 1.09 0.92 0.94
build time: 522.184021 ms
space cost: 9.017626 MiB (68.608590% of original size 13.143581 MiB)
avg latency: 174.284934 ns
522.184021,9.017626,174.284934
[time 1.14 s, user 1.03 s, sys 0.10 s, maxrss 139500 KB]
[busy 120 jiffies]
[exit 0]
--- xcdat 8   load 1.09 0.92 0.94
build time: 485.030787 ms
space cost: 8.488643 MiB (64.583940% of original size 13.143581 MiB)
avg latency: 171.764296 ns
485.030787,8.488643,171.764296
[time 1.11 s, user 1.01 s, sys 0.09 s, maxrss 139800 KB]
[busy 117 jiffies]
[exit 0]
--- xcdat 15   load 1.01 0.91 0.94
build time: 504.843883 ms
space cost: 9.847433 MiB (74.921993% of original size 13.143581 MiB)
avg latency: 146.229543 ns
504.843883,9.847433,146.229543
[time 1.10 s, user 1.01 s, sys 0.09 s, maxrss 139660 KB]
[busy 119 jiffies]
[exit 0]
--- xcdat 16   load 1.01 0.91 0.94
build time: 487.212088 ms
space cost: 10.260450 MiB (78.064342% of original size 13.143581 MiB)
avg latency: 154.027703 ns
487.212088,10.260450,154.027703
[time 1.09 s, user 1.00 s, sys 0.08 s, maxrss 139848 KB]
[busy 115 jiffies]
[exit 0]

##### idents-1000000 (1000000 lines, 18283976 bytes)   round 3/3   2026-09-19T12:25:33+03:00
--- lexindex dict32   load 0.93 0.89 0.93
1000000 keys
lexindex DictIndex block 32: build 284 ms, size 5.437 MiB (5.701 B/key), latency cold 378.7 ns, then mean 373.6 / min 369.9 ns
283.883,5.437026,378.715
[time 2.28 s, user 3.91 s, sys 0.25 s, maxrss 254848 KB]
[busy 441 jiffies]
[exit 0]
--- lexindex dict256   load 0.93 0.89 0.93
1000000 keys
lexindex DictIndex block 256: build 287 ms, size 5.059 MiB (5.305 B/key), latency cold 409.0 ns, then mean 403.1 / min 402.4 ns
287.349,5.059068,408.976
[time 2.42 s, user 4.06 s, sys 0.26 s, maxrss 256104 KB]
[busy 452 jiffies]
[exit 0]
--- lexindex dict1024   load 0.93 0.89 0.93
1000000 keys
lexindex DictIndex block 1024: build 317 ms, size 4.891 MiB (5.129 B/key), latency cold 479.6 ns, then mean 478.1 / min 475.2 ns
317.111,4.891071,479.647
[time 2.75 s, user 3.77 s, sys 0.22 s, maxrss 252592 KB]
[busy 425 jiffies]
[exit 0]
--- lexindex string   load 0.86 0.88 0.93
1000000 keys
lexindex StringIndex: build 662 ms, size 10.063 MiB (10.552 B/key), latency cold 360.9 ns, then mean 340.3 / min 336.8 ns
661.599,10.063018,360.908
[time 2.53 s, user 2.44 s, sys 0.07 s, maxrss 148340 KB]
[busy 270 jiffies]
[exit 0]
--- c2 case 0 rec 0   load 0.86 0.88 0.93
[TEST C2-FST]
Processing dataset...
Done!
Building trie...
Done!
build time: 594.452297 ms (594.452297 ns per key)
space cost: 8.227930 MB (49.916813% of original size 16.483284 MB)
Querying trie...
Done!
total time: 465.094591 ms, avg latency: 465.094591 ns
topology: 1.135506 MB, link: 1.406907 MB, data: 5.685517 MB
--- Unary Path Analysis (FST, cutoff=4) ---
  shared unary steps in main trie: 971668
  terminal suffixes: inplace=238747 (avg len=2.28)  links=478774 (66.7% of terminal)
  link len: avg=9.52  max=507  total_chars=4557473
  link length distribution (len:count):  4:79167  5:52258  6:44526  7:37562  8:33071  9:28872  10:26062  11:38559  12:20998  13:14985  14:12840  15:11027  16:9190  17:7956  18:6288  19:5522  20:4616  21:3760  22:3224  23:2642  24:2265  25:1817  26:1599  27:3319  28:3490  29:1071  30:1819  31:12530  32:2370  33:475  34:427  35:414  36:360  37:260  38:234  39:210  40:195  41:157  42:148  43:129  44:137  45:91  46:113  47:107  48:101  49:86  50:71  51:74  52:68  53:61  54:79  55:76  56:60  57:86  58:122  59:137  60:259  61:339  62:18  63:12  64:12  65:12  66:15  67:15  68:13  69:15  70:7  71:11  72:10  73:21  74:26  75:36  76:15  77:1  78:2  79:2  80:3  81:3  83:1  84:2  85:2  86:1  88:2  89:2  90:2  91:4  92:1  94:2  95:1  96:3  104:1  106:1  107:1  109:1  110:1  116:1  117:3  120:1  121:2  122:1  123:1  124:1  129:1  191:1  257:1  366:1  424:1  508:1
594.452297,8.227930,465.094591
[PASSED]
[time 1.57 s, user 1.44 s, sys 0.11 s, maxrss 163312 KB]
[busy 167 jiffies]
[exit 0]
--- c2 case 0 rec 1   load 0.87 0.88 0.93
[TEST C2-FST]
Processing dataset...
Done!
Building trie...
trie size: 1.626037 MB
Done!
build time: 706.674871 ms (706.674871 ns per key)
space cost: 7.389305 MB (44.829083% of original size 16.483284 MB)
Querying trie...
Done!
total time: 528.469427 ms, avg latency: 528.469427 ns
topology: 1.316097 MB, link: 1.431170 MB, data: 4.642038 MB
--- Unary Path Analysis (FST, cutoff=4) ---
  shared unary steps in main trie: 971668
  terminal suffixes: inplace=238747 (avg len=2.28)  links=478774 (66.7% of terminal)
  link len: avg=9.52  max=507  total_chars=4557473
  link length distribution (len:count):  4:79167  5:52258  6:44526  7:37562  8:33071  9:28872  10:26062  11:38559  12:20998  13:14985  14:12840  15:11027  16:9190  17:7956  18:6288  19:5522  20:4616  21:3760  22:3224  23:2642  24:2265  25:1817  26:1599  27:3319  28:3490  29:1071  30:1819  31:12530  32:2370  33:475  34:427  35:414  36:360  37:260  38:234  39:210  40:195  41:157  42:148  43:129  44:137  45:91  46:113  47:107  48:101  49:86  50:71  51:74  52:68  53:61  54:79  55:76  56:60  57:86  58:122  59:137  60:259  61:339  62:18  63:12  64:12  65:12  66:15  67:15  68:13  69:15  70:7  71:11  72:10  73:21  74:26  75:36  76:15  77:1  78:2  79:2  80:3  81:3  83:1  84:2  85:2  86:1  88:2  89:2  90:2  91:4  92:1  94:2  95:1  96:3  104:1  106:1  107:1  109:1  110:1  116:1  117:3  120:1  121:2  122:1  123:1  124:1  129:1  191:1  257:1  366:1  424:1  508:1
706.674871,7.389305,528.469427
[PASSED]
[time 1.76 s, user 1.64 s, sys 0.11 s, maxrss 162900 KB]
[busy 189 jiffies]
[exit 0]
--- c2 case 0 rec 2   load 0.87 0.88 0.93
[TEST C2-FST]
Processing dataset...
Done!
Building trie...
trie size: 1.626037 MB
trie size: 0.392475 MB
Done!
build time: 732.322105 ms (732.322105 ns per key)
space cost: 7.389305 MB (44.829083% of original size 16.483284 MB)
Querying trie...
Done!
total time: 528.344723 ms, avg latency: 528.344723 ns
topology: 1.316097 MB, link: 1.431170 MB, data: 4.642038 MB
--- Unary Path Analysis (FST, cutoff=4) ---
  shared unary steps in main trie: 971668
  terminal suffixes: inplace=238747 (avg len=2.28)  links=478774 (66.7% of terminal)
  link len: avg=9.52  max=507  total_chars=4557473
  link length distribution (len:count):  4:79167  5:52258  6:44526  7:37562  8:33071  9:28872  10:26062  11:38559  12:20998  13:14985  14:12840  15:11027  16:9190  17:7956  18:6288  19:5522  20:4616  21:3760  22:3224  23:2642  24:2265  25:1817  26:1599  27:3319  28:3490  29:1071  30:1819  31:12530  32:2370  33:475  34:427  35:414  36:360  37:260  38:234  39:210  40:195  41:157  42:148  43:129  44:137  45:91  46:113  47:107  48:101  49:86  50:71  51:74  52:68  53:61  54:79  55:76  56:60  57:86  58:122  59:137  60:259  61:339  62:18  63:12  64:12  65:12  66:15  67:15  68:13  69:15  70:7  71:11  72:10  73:21  74:26  75:36  76:15  77:1  78:2  79:2  80:3  81:3  83:1  84:2  85:2  86:1  88:2  89:2  90:2  91:4  92:1  94:2  95:1  96:3  104:1  106:1  107:1  109:1  110:1  116:1  117:3  120:1  121:2  122:1  123:1  124:1  129:1  191:1  257:1  366:1  424:1  508:1
732.322105,7.389305,528.344723
[PASSED]
[time 1.78 s, user 1.67 s, sys 0.10 s, maxrss 163388 KB]
[busy 187 jiffies]
[exit 0]
--- c2 case 1 rec 0   load 0.88 0.88 0.93
[TEST C2-CoCo(LOUDS-Sparse)]
Processing dataset...
Done!
Building trie...
Done!
build time: 2151.213234 ms (2151.213234 ns per key)
space cost: 8.350286 MB (50.659118% of original size 16.483284 MB)
Querying trie...
Done!
total time: 577.182151 ms, avg latency: 577.182151 ns
topology: 0.418800 MB, link: 2.233477 MB, data: 5.698009 MB
2151.213234,8.350286,577.182151
[PASSED]
[time 3.24 s, user 3.05 s, sys 0.18 s, maxrss 336008 KB]
[busy 334 jiffies]
[exit 0]
--- c2 case 1 rec 1   load 0.89 0.88 0.93
[TEST C2-CoCo(LOUDS-Sparse)]
Processing dataset...
Done!
Building trie...
trie size: 1.626037 MB
Done!
build time: 2277.899949 ms (2277.899949 ns per key)
space cost: 7.511661 MB (45.571388% of original size 16.483284 MB)
Querying trie...
Done!
total time: 628.962972 ms, avg latency: 628.962972 ns
topology: 0.599392 MB, link: 2.257739 MB, data: 4.654530 MB
2277.899949,7.511661,628.962972
[PASSED]
[time 3.43 s, user 3.24 s, sys 0.17 s, maxrss 336052 KB]
[busy 356 jiffies]
[exit 0]
--- c2 case 1 rec 2   load 0.90 0.89 0.93
[TEST C2-CoCo(LOUDS-Sparse)]
Processing dataset...
Done!
Building trie...
trie size: 1.626037 MB
trie size: 0.392475 MB
Done!
build time: 2301.817300 ms (2301.817300 ns per key)
space cost: 7.511661 MB (45.571388% of original size 16.483284 MB)
Querying trie...
Done!
total time: 631.838828 ms, avg latency: 631.838828 ns
topology: 0.599392 MB, link: 2.257739 MB, data: 4.654530 MB
2301.817300,7.511661,631.838828
[PASSED]
[time 3.45 s, user 3.25 s, sys 0.18 s, maxrss 335852 KB]
[busy 359 jiffies]
[exit 0]
--- c2 case 2 rec 0   load 0.91 0.89 0.93
[TEST C2-MARISA]
Processing dataset...
Done!
Building trie...
trie size: 2.268721 MB
Done!
build time: 665.440466 ms (665.440466 ns per key)
space cost: 7.402753 MB (44.910668% of original size 16.483284 MB)
Querying trie...
Done!
total time: 338.261800 ms, avg latency: 338.261800 ns
topology: 0.751392 MB, link: 2.163248 MB, data: 4.467605 MB
--- Unary Path Analysis (Marisa, cutoff=3) ---
  branches: 1404624  |  single-char: 479529 (34.1%)  short-unary: 101093 (7.2%)  links: 824002 (58.7%)
  link len: avg=8.83  max=511  total_chars=7275589
  link length distribution (len:count):  3:96296  4:151575  5:100673  6:68854  7:57858  8:46664  9:40166  10:34974  11:30498  12:41963  13:23674  14:17279  15:14913  16:12650  17:10496  18:9162  19:7137  20:6187  21:5166  22:4219  23:3575  24:2970  25:2515  26:2033  27:1786  28:3448  29:3574  30:1146  31:1929  32:12598  33:2418  34:520  35:464  36:440  37:386  38:271  39:250  40:221  41:206  42:160  43:154  44:139  45:143  46:95  47:113  48:108  49:103  50:87  51:72  52:78  53:68  54:62  55:80  56:76  57:60  58:86  59:123  60:137  61:260  62:340  63:18  64:12  65:14  66:12  67:15  68:15  69:13  70:15  71:7  72:12  73:10  74:22  75:26  76:36  77:15  78:1  79:2  80:2  81:3  82:3  83:1  84:2  85:2  86:2  87:2  89:2  90:2  91:2  92:4  93:1  95:2  96:1  97:3  105:1  107:1  108:1  110:1  111:1  117:1  118:3  121:1  122:2  123:1  124:1  125:1  130:1  136:1  137:1  192:1  258:1  337:1  367:1  425:1  509:1  511:1
  short unary avg len: 2.00
665.440466,7.402753,338.261800
[PASSED]
[time 1.51 s, user 1.36 s, sys 0.13 s, maxrss 204316 KB]
[busy 160 jiffies]
[exit 0]
--- c2 case 2 rec 1   load 0.91 0.89 0.93
[TEST C2-MARISA]
Processing dataset...
Done!
Building trie...
trie size: 2.268721 MB
trie size: 2.569425 MB
Done!
build time: 805.819100 ms (805.819100 ns per key)
space cost: 6.231204 MB (37.803171% of original size 16.483284 MB)
Querying trie...
Done!
total time: 439.585646 ms, avg latency: 439.585646 ns
topology: 0.985817 MB, link: 2.134608 MB, data: 3.090271 MB
--- Unary Path Analysis (Marisa, cutoff=3) ---
  branches: 1404624  |  single-char: 479529 (34.1%)  short-unary: 101093 (7.2%)  links: 824002 (58.7%)
  link len: avg=8.83  max=511  total_chars=7275589
  link length distribution (len:count):  3:96296  4:151575  5:100673  6:68854  7:57858  8:46664  9:40166  10:34974  11:30498  12:41963  13:23674  14:17279  15:14913  16:12650  17:10496  18:9162  19:7137  20:6187  21:5166  22:4219  23:3575  24:2970  25:2515  26:2033  27:1786  28:3448  29:3574  30:1146  31:1929  32:12598  33:2418  34:520  35:464  36:440  37:386  38:271  39:250  40:221  41:206  42:160  43:154  44:139  45:143  46:95  47:113  48:108  49:103  50:87  51:72  52:78  53:68  54:62  55:80  56:76  57:60  58:86  59:123  60:137  61:260  62:340  63:18  64:12  65:14  66:12  67:15  68:15  69:13  70:15  71:7  72:12  73:10  74:22  75:26  76:36  77:15  78:1  79:2  80:2  81:3  82:3  83:1  84:2  85:2  86:2  87:2  89:2  90:2  91:2  92:4  93:1  95:2  96:1  97:3  105:1  107:1  108:1  110:1  111:1  117:1  118:3  121:1  122:2  123:1  124:1  125:1  130:1  136:1  137:1  192:1  258:1  337:1  367:1  425:1  509:1  511:1
  short unary avg len: 2.00
805.819100,6.231204,439.585646
[PASSED]
[time 1.76 s, user 1.61 s, sys 0.13 s, maxrss 204744 KB]
[busy 182 jiffies]
[exit 0]
--- c2 case 2 rec 2   load 0.83 0.87 0.92
[TEST C2-MARISA]
Processing dataset...
Done!
Building trie...
trie size: 2.268721 MB
trie size: 2.569425 MB
trie size: 0.468599 MB
Done!
build time: 870.952654 ms (870.952654 ns per key)
space cost: 6.231204 MB (37.803171% of original size 16.483284 MB)
Querying trie...
Done!
total time: 437.122956 ms, avg latency: 437.122956 ns
topology: 0.985817 MB, link: 2.134608 MB, data: 3.090271 MB
--- Unary Path Analysis (Marisa, cutoff=3) ---
  branches: 1404624  |  single-char: 479529 (34.1%)  short-unary: 101093 (7.2%)  links: 824002 (58.7%)
  link len: avg=8.83  max=511  total_chars=7275589
  link length distribution (len:count):  3:96296  4:151575  5:100673  6:68854  7:57858  8:46664  9:40166  10:34974  11:30498  12:41963  13:23674  14:17279  15:14913  16:12650  17:10496  18:9162  19:7137  20:6187  21:5166  22:4219  23:3575  24:2970  25:2515  26:2033  27:1786  28:3448  29:3574  30:1146  31:1929  32:12598  33:2418  34:520  35:464  36:440  37:386  38:271  39:250  40:221  41:206  42:160  43:154  44:139  45:143  46:95  47:113  48:108  49:103  50:87  51:72  52:78  53:68  54:62  55:80  56:76  57:60  58:86  59:123  60:137  61:260  62:340  63:18  64:12  65:14  66:12  67:15  68:15  69:13  70:15  71:7  72:12  73:10  74:22  75:26  76:36  77:15  78:1  79:2  80:2  81:3  82:3  83:1  84:2  85:2  86:2  87:2  89:2  90:2  91:2  92:4  93:1  95:2  96:1  97:3  105:1  107:1  108:1  110:1  111:1  117:1  118:3  121:1  122:2  123:1  124:1  125:1  130:1  136:1  137:1  192:1  258:1  337:1  367:1  425:1  509:1  511:1
  short unary avg len: 2.00
870.952654,6.231204,437.122956
[PASSED]
[time 1.82 s, user 1.67 s, sys 0.14 s, maxrss 204760 KB]
[busy 192 jiffies]
[exit 0]
--- c2 case 3 rec 0   load 0.83 0.87 0.92
[TEST FST]
Processing dataset...
Done!
Building trie...
Done!
build time: 676.702517 ms (676.702517 ns per key)
space cost: 8.563316 MB (51.951519% of original size 16.483284 MB)
Querying trie...
Done!
total time: 743.450254 ms, avg latency: 743.450254 ns
not implemented
676.702517,8.563316,743.450254
[PASSED]
[time 1.93 s, user 1.84 s, sys 0.08 s, maxrss 114464 KB]
[busy 201 jiffies]
[exit 0]
--- c2 case 4 rec 0   load 0.85 0.88 0.93
[TEST COCO]
Processing dataset...
Done!
Building trie...
num nodes = 412937, average depth = 8.208172
ef = 0.000455, pa = 0.242352, bv = 0.003325, de = 0.563989
efr = 0.002477, par = 0.125714, bvr = 0.000545, der = 0.061142
Done!
build time: 14271.342600 ms (14271.342600 ns per key)
space cost: 9.974920 MB (60.515370% of original size 16.483284 MB)
Querying trie...
Done!
total time: 497.156853 ms, avg latency: 497.156853 ns
not implemented
14271.342600,9.974920,497.156853
[PASSED]
[time 15.93 s, user 12.45 s, sys 3.42 s, maxrss 7730704 KB]
[busy 1642 jiffies]
[exit 0]
--- c2 case 5 rec 0   load 0.88 0.88 0.93
[TEST MARISA]
Processing dataset...
Done!
Building trie...
Done!
build time: 463.706080 ms (463.706080 ns per key)
space cost: 7.279773 MB (44.164578% of original size 16.483284 MB)
Querying trie...
Done!
total time: 462.144274 ms, avg latency: 462.144274 ns
not implemented
463.706080,7.279773,462.144274
[PASSED]
[time 1.45 s, user 1.33 s, sys 0.10 s, maxrss 157652 KB]
[busy 150 jiffies]
[exit 0]
--- c2 case 5 rec 1   load 0.89 0.89 0.93
[TEST MARISA]
Processing dataset...
Done!
Building trie...
Done!
build time: 550.246495 ms (550.246495 ns per key)
space cost: 5.655286 MB (34.309218% of original size 16.483284 MB)
Querying trie...
Done!
total time: 663.882206 ms, avg latency: 663.882206 ns
not implemented
550.246495,5.655286,663.882206
[PASSED]
[time 1.72 s, user 1.60 s, sys 0.10 s, maxrss 157804 KB]
[busy 185 jiffies]
[exit 0]
--- c2 case 5 rec 2   load 0.89 0.89 0.93
[TEST MARISA]
Processing dataset...
Done!
Building trie...
Done!
build time: 561.702892 ms (561.702892 ns per key)
space cost: 5.354378 MB (32.483683% of original size 16.483284 MB)
Querying trie...
Done!
total time: 720.977999 ms, avg latency: 720.977999 ns
not implemented
561.702892,5.354378,720.977999
[PASSED]
[time 1.80 s, user 1.68 s, sys 0.10 s, maxrss 165576 KB]
[busy 187 jiffies]
[exit 0]
--- c2 case 6 rec 0   load 0.90 0.89 0.93
[TEST PDT]
Processing dataset...
Done!
Building trie...
dict size: 158636, stream size: 5032831
Done!
build time: 2600.528781 ms (2600.528781 ns per key)
space cost: 6.227028 MB (37.777835% of original size 16.483284 MB)
Querying trie...
Done!
total time: 586.031095 ms, avg latency: 586.031095 ns
not implemented
2600.528781,6.227028,586.031095
[PASSED]
[time 3.70 s, user 3.58 s, sys 0.10 s, maxrss 168312 KB]
[busy 385 jiffies]
[exit 0]
--- c2 case 7 rec 0   load 0.91 0.89 0.93
[TEST ART]
Processing dataset...
Done!
Building trie...
Done!
build time: 151.248208 ms (151.248208 ns per key)
space cost: 32.931778 MB (199.788937% of original size 16.483284 MB)
Querying trie...
Done!
total time: 404.543011 ms, avg latency: 404.543011 ns
not implemented
151.248208,32.931778,404.543011
[PASSED]
[time 1.09 s, user 0.99 s, sys 0.09 s, maxrss 160472 KB]
[busy 117 jiffies]
[exit 0]
--- c2 case 8 rec 0   load 0.91 0.89 0.93
[TEST CART]
Processing dataset...
Done!
Building trie...
Done!
build time: 202.528489 ms (202.528489 ns per key)
space cost: 15.673315 MB (95.086119% of original size 16.483284 MB)
Querying trie...
Done!
total time: 467.514019 ms, avg latency: 467.514019 ns
not implemented
202.528489,15.673315,467.514019
[PASSED]
[time 1.20 s, user 1.11 s, sys 0.09 s, maxrss 149080 KB]
[busy 128 jiffies]
[exit 0]
--- xcdat 7   load 0.84 0.87 0.92
build time: 502.610386 ms
space cost: 11.013126 MiB (66.813909% of original size 16.483284 MiB)
avg latency: 219.022565 ns
502.610386,11.013126,219.022565
[time 1.26 s, user 1.13 s, sys 0.11 s, maxrss 180220 KB]
[busy 133 jiffies]
[exit 0]
--- xcdat 8   load 0.84 0.87 0.92
build time: 456.419402 ms
space cost: 10.584354 MiB (64.212656% of original size 16.483284 MiB)
avg latency: 215.657449 ns
456.419402,10.584354,215.657449
[time 1.20 s, user 1.08 s, sys 0.11 s, maxrss 179856 KB]
[busy 125 jiffies]
[exit 0]
--- xcdat 15   load 0.77 0.86 0.92
build time: 498.550693 ms
space cost: 13.141485 MiB (79.726135% of original size 16.483284 MiB)
avg latency: 203.346657 ns
498.550693,13.141485,203.346657
[time 1.23 s, user 1.11 s, sys 0.11 s, maxrss 180036 KB]
[busy 134 jiffies]
[exit 0]
--- xcdat 16   load 0.77 0.86 0.92
build time: 465.366752 ms
space cost: 13.736038 MiB (83.333140% of original size 16.483284 MiB)
avg latency: 206.375490 ns
465.366752,13.736038,206.375490
[time 1.20 s, user 1.07 s, sys 0.12 s, maxrss 180012 KB]
[busy 126 jiffies]
[exit 0]

##### numeric-1000000 (1000000 lines, 6888890 bytes)   round 3/3   2026-09-19T12:27:03+03:00
--- lexindex dict32   load 0.77 0.86 0.92
1000000 keys
lexindex DictIndex block 32: build 90 ms, size 1.205 MiB (1.263 B/key), latency cold 264.0 ns, then mean 264.1 / min 263.0 ns
90.494,1.204577,263.955
[time 1.58 s, user 1.76 s, sys 0.16 s, maxrss 151268 KB]
[busy 205 jiffies]
[exit 0]
--- lexindex dict256   load 0.79 0.86 0.92
1000000 keys
lexindex DictIndex block 256: build 91 ms, size 0.986 MiB (1.034 B/key), latency cold 274.2 ns, then mean 275.9 / min 275.7 ns
91.122,0.986431,274.169
[time 1.63 s, user 1.85 s, sys 0.14 s, maxrss 140092 KB]
[busy 212 jiffies]
[exit 0]
--- lexindex dict1024   load 0.72 0.85 0.91
1000000 keys
lexindex DictIndex block 1024: build 89 ms, size 0.883 MiB (0.926 B/key), latency cold 296.8 ns, then mean 295.7 / min 294.9 ns
89.025,0.882905,296.848
[time 1.70 s, user 1.77 s, sys 0.09 s, maxrss 138684 KB]
[busy 199 jiffies]
[exit 0]
--- lexindex string   load 0.72 0.85 0.91
1000000 keys
lexindex StringIndex: build 165 ms, size 0.000 MiB (0.000 B/key), latency cold 114.1 ns, then mean 115.2 / min 114.6 ns
165.391,0.000287,114.150
[time 1.04 s, user 0.98 s, sys 0.05 s, maxrss 114732 KB]
[busy 120 jiffies]
[exit 0]
--- c2 case 0 rec 0   skipped: exit 139 in round 1
--- c2 case 0 rec 1   skipped: exit 139 in round 1
--- c2 case 0 rec 2   skipped: exit 139 in round 1
--- c2 case 1 rec 0   skipped: exit 139 in round 1
--- c2 case 1 rec 1   skipped: exit 139 in round 1
--- c2 case 1 rec 2   skipped: exit 139 in round 1
--- c2 case 2 rec 0   skipped: exit 139 in round 1
--- c2 case 2 rec 1   skipped: exit 139 in round 1
--- c2 case 2 rec 2   skipped: exit 139 in round 1
--- c2 case 3 rec 0   load 0.72 0.85 0.91
[TEST FST]
Processing dataset...
Done!
Building trie...
Done!
build time: 218.005944 ms (218.005944 ns per key)
space cost: 1.445107 MB (25.731589% of original size 5.616083 MB)
Querying trie...
Done!
total time: 249.438243 ms, avg latency: 249.438243 ns
not implemented
218.005944,1.445107,249.438243
[PASSED]
[time 0.79 s, user 0.74 s, sys 0.05 s, maxrss 74008 KB]
[busy 87 jiffies]
[exit 0]
--- c2 case 4 rec 0   load 0.75 0.85 0.91
[TEST COCO]
Processing dataset...
Done!
Building trie...
num nodes = 9001, average depth = 1.000222
ef = 0.000000, pa = 0.000000, bv = 0.000111, de = 0.999889
efr = 0.000000, par = 0.000000, bvr = 0.000000, der = 0.000000
Done!
build time: 701.669983 ms (701.669983 ns per key)
space cost: 0.497188 MB (8.852927% of original size 5.616083 MB)
Querying trie...
Done!
total time: 226.546429 ms, avg latency: 226.546429 ns
not implemented
701.669983,0.497188,226.546429
[PASSED]
[time 1.29 s, user 1.06 s, sys 0.23 s, maxrss 494468 KB]
[busy 138 jiffies]
[exit 0]
--- c2 case 5 rec 0   load 0.75 0.85 0.91
[TEST MARISA]
Processing dataset...
Done!
Building trie...
Done!
build time: 145.032703 ms (145.032703 ns per key)
space cost: 1.565816 MB (27.880925% of original size 5.616083 MB)
Querying trie...
Done!
total time: 185.493655 ms, avg latency: 185.493655 ns
not implemented
145.032703,1.565816,185.493655
[PASSED]
[time 0.67 s, user 0.60 s, sys 0.06 s, maxrss 108276 KB]
[busy 72 jiffies]
[exit 0]
--- c2 case 5 rec 1   load 0.69 0.84 0.91
[TEST MARISA]
Processing dataset...
Done!
Building trie...
Done!
build time: 145.425202 ms (145.425202 ns per key)
space cost: 1.565816 MB (27.880925% of original size 5.616083 MB)
Querying trie...
Done!
total time: 186.606868 ms, avg latency: 186.606868 ns
not implemented
145.425202,1.565816,186.606868
[PASSED]
[time 0.67 s, user 0.59 s, sys 0.07 s, maxrss 108192 KB]
[busy 74 jiffies]
[exit 0]
--- c2 case 5 rec 2   load 0.69 0.84 0.91
[TEST MARISA]
Processing dataset...
Done!
Building trie...
Done!
build time: 144.353086 ms (144.353086 ns per key)
space cost: 1.565816 MB (27.880925% of original size 5.616083 MB)
Querying trie...
Done!
total time: 186.198851 ms, avg latency: 186.198851 ns
not implemented
144.353086,1.565816,186.198851
[PASSED]
[time 0.67 s, user 0.60 s, sys 0.06 s, maxrss 108184 KB]
[busy 72 jiffies]
[exit 0]
--- c2 case 6 rec 0   load 0.69 0.84 0.91
[TEST PDT]
Processing dataset...
Done!
Building trie...
dict size: 92, stream size: 296698
Done!
build time: 106.298538 ms (106.298538 ns per key)
space cost: 1.559100 MB (27.761344% of original size 5.616083 MB)
Querying trie...
Done!
total time: 389.527593 ms, avg latency: 389.527593 ns
not implemented
106.298538,1.559100,389.527593
[PASSED]
[time 0.82 s, user 0.76 s, sys 0.05 s, maxrss 89992 KB]
[busy 88 jiffies]
[exit 0]
--- c2 case 7 rec 0   load 0.71 0.84 0.91
[TEST ART]
Processing dataset...
Done!
Building trie...
Done!
build time: 56.568792 ms (56.568792 ns per key)
space cost: 20.065308 MB (357.282951% of original size 5.616083 MB)
Querying trie...
Done!
total time: 71.455277 ms, avg latency: 71.455277 ns
not implemented
56.568792,20.065308,71.455277
[PASSED]
[time 0.45 s, user 0.39 s, sys 0.06 s, maxrss 103244 KB]
[busy 50 jiffies]
[exit 0]
--- c2 case 8 rec 0   load 0.71 0.84 0.91
[TEST CART]
Processing dataset...
Done!
Building trie...
Done!
build time: 70.143020 ms (70.143020 ns per key)
space cost: 11.262885 MB (200.546979% of original size 5.616083 MB)
Querying trie...
Done!
total time: 78.767042 ms, avg latency: 78.767042 ns
not implemented
70.143020,11.262885,78.767042
[PASSED]
[time 0.46 s, user 0.39 s, sys 0.06 s, maxrss 105116 KB]
[busy 51 jiffies]
[exit 0]
--- xcdat 7   load 0.71 0.84 0.91
build time: 269.581389 ms
space cost: 5.285287 MiB (94.109841% of original size 5.616083 MiB)
avg latency: 85.254718 ns
269.581389,5.285287,85.254718
[time 0.69 s, user 0.62 s, sys 0.06 s, maxrss 90276 KB]
[busy 74 jiffies]
[exit 0]
--- xcdat 8   load 0.65 0.82 0.90
build time: 180.979339 ms
space cost: 4.607934 MiB (82.048892% of original size 5.616083 MiB)
avg latency: 95.738367 ns
180.979339,4.607934,95.738367
[time 0.60 s, user 0.53 s, sys 0.06 s, maxrss 90104 KB]
[busy 66 jiffies]
[exit 0]
--- xcdat 15   load 0.65 0.82 0.90
build time: 204.722353 ms
space cost: 6.727912 MiB (119.797228% of original size 5.616083 MiB)
avg latency: 53.754301 ns
204.722353,6.727912,53.754301
[time 0.58 s, user 0.52 s, sys 0.05 s, maxrss 90244 KB]
[busy 65 jiffies]
[exit 0]
--- xcdat 16   load 0.65 0.82 0.90
build time: 180.486652 ms
space cost: 7.181439 MiB (127.872740% of original size 5.616083 MiB)
avg latency: 68.382771 ns
180.486652,7.181439,68.382771
[time 0.58 s, user 0.51 s, sys 0.06 s, maxrss 90176 KB]
[busy 66 jiffies]
[exit 0]

##### opaque-1000000 (1000000 lines, 17000000 bytes)   round 3/3   2026-09-19T12:27:34+03:00
--- lexindex dict32   load 0.60 0.81 0.90
1000000 keys
lexindex DictIndex block 32: build 136 ms, size 10.197 MiB (10.692 B/key), latency cold 351.4 ns, then mean 347.2 / min 342.7 ns
136.037,10.197118,351.443
[time 1.98 s, user 2.55 s, sys 0.24 s, maxrss 207736 KB]
[busy 299 jiffies]
[exit 0]
--- lexindex dict256   load 0.60 0.81 0.90
1000000 keys
lexindex DictIndex block 256: build 135 ms, size 9.939 MiB (10.422 B/key), latency cold 356.5 ns, then mean 353.9 / min 352.5 ns
134.985,9.939323,356.478
[time 2.00 s, user 2.57 s, sys 0.24 s, maxrss 217536 KB]
[busy 302 jiffies]
[exit 0]
--- lexindex dict1024   load 0.63 0.81 0.90
1000000 keys
lexindex DictIndex block 1024: build 153 ms, size 9.821 MiB (10.298 B/key), latency cold 408.9 ns, then mean 402.4 / min 400.7 ns
153.090,9.821330,408.853
[time 2.21 s, user 2.52 s, sys 0.17 s, maxrss 145116 KB]
[busy 284 jiffies]
[exit 0]
--- lexindex string   load 0.63 0.81 0.90
1000000 keys
lexindex StringIndex: build 1094 ms, size 20.443 MiB (21.436 B/key), latency cold 379.6 ns, then mean 377.3 / min 375.4 ns
1094.102,20.442799,379.595
[time 3.04 s, user 2.94 s, sys 0.09 s, maxrss 152112 KB]
[busy 323 jiffies]
[exit 0]
--- c2 case 0 rec 0   load 0.74 0.83 0.91
[TEST C2-FST]
Processing dataset...
Done!
Building trie...
Done!
build time: 1082.125802 ms (1082.125802 ns per key)
space cost: 16.922257 MB (110.901706% of original size 15.258789 MB)
Querying trie...
Done!
total time: 402.355949 ms, avg latency: 402.355949 ns
topology: 0.743332 MB, link: 3.012292 MB, data: 13.166634 MB
--- Unary Path Analysis (FST, cutoff=4) ---
  shared unary steps in main trie: 1041
  terminal suffixes: inplace=0 (avg len=0.00)  links=1000000 (100.0% of terminal)
  link len: avg=10.96  max=12  total_chars=10963783
  link length distribution (len:count):  9:6  10:856  11:56569  12:920487  13:22082
1082.125802,16.922257,402.355949
[PASSED]
[time 2.11 s, user 1.96 s, sys 0.14 s, maxrss 250152 KB]
[busy 221 jiffies]
[exit 0]
--- c2 case 0 rec 1   load 0.76 0.84 0.91
[TEST C2-FST]
Processing dataset...
Done!
Building trie...
trie size: 4.316751 MB
Done!
build time: 1966.899427 ms (1966.899427 ns per key)
space cost: 16.922257 MB (110.901706% of original size 15.258789 MB)
Querying trie...
Done!
total time: 402.392007 ms, avg latency: 402.392007 ns
topology: 0.743332 MB, link: 3.012292 MB, data: 13.166634 MB
--- Unary Path Analysis (FST, cutoff=4) ---
  shared unary steps in main trie: 1041
  terminal suffixes: inplace=0 (avg len=0.00)  links=1000000 (100.0% of terminal)
  link len: avg=10.96  max=12  total_chars=10963783
  link length distribution (len:count):  9:6  10:856  11:56569  12:920487  13:22082
1966.899427,16.922257,402.392007
[PASSED]
[time 3.02 s, user 2.80 s, sys 0.20 s, maxrss 311700 KB]
[busy 314 jiffies]
[exit 0]
--- c2 case 0 rec 2   load 0.70 0.82 0.90
[TEST C2-FST]
Processing dataset...
Done!
Building trie...
trie size: 4.316751 MB
Done!
build time: 1974.907420 ms (1974.907420 ns per key)
space cost: 16.922257 MB (110.901706% of original size 15.258789 MB)
Querying trie...
Done!
total time: 402.158689 ms, avg latency: 402.158689 ns
topology: 0.743332 MB, link: 3.012292 MB, data: 13.166634 MB
--- Unary Path Analysis (FST, cutoff=4) ---
  shared unary steps in main trie: 1041
  terminal suffixes: inplace=0 (avg len=0.00)  links=1000000 (100.0% of terminal)
  link len: avg=10.96  max=12  total_chars=10963783
  link length distribution (len:count):  9:6  10:856  11:56569  12:920487  13:22082
1974.907420,16.922257,402.158689
[PASSED]
[time 3.02 s, user 2.79 s, sys 0.21 s, maxrss 311252 KB]
[busy 314 jiffies]
[exit 0]
--- c2 case 1 rec 0   load 0.70 0.82 0.90
[TEST C2-CoCo(LOUDS-Sparse)]
Processing dataset...
Done!
Building trie...
Done!
build time: 1349.004912 ms (1349.004912 ns per key)
space cost: 16.089285 MB (105.442735% of original size 15.258789 MB)
Querying trie...
Done!
total time: 537.075606 ms, avg latency: 537.075606 ns
topology: 0.346626 MB, link: 3.175570 MB, data: 12.567089 MB
1349.004912,16.089285,537.075606
[PASSED]
[time 2.54 s, user 2.34 s, sys 0.19 s, maxrss 357444 KB]
[busy 264 jiffies]
[exit 0]
--- c2 case 1 rec 1   load 0.73 0.83 0.90
[TEST C2-CoCo(LOUDS-Sparse)]
Processing dataset...
Done!
Building trie...
trie size: 4.316751 MB
Done!
build time: 2211.610553 ms (2211.610553 ns per key)
space cost: 16.089285 MB (105.442735% of original size 15.258789 MB)
Querying trie...
Done!
total time: 528.572801 ms, avg latency: 528.572801 ns
topology: 0.346626 MB, link: 3.175570 MB, data: 12.567089 MB
2211.610553,16.089285,528.572801
[PASSED]
[time 3.40 s, user 3.16 s, sys 0.22 s, maxrss 419028 KB]
[busy 351 jiffies]
[exit 0]
--- c2 case 1 rec 2   load 0.75 0.83 0.90
[TEST C2-CoCo(LOUDS-Sparse)]
Processing dataset...
Done!
Building trie...
trie size: 4.316751 MB
Done!
build time: 2220.315607 ms (2220.315607 ns per key)
space cost: 16.089285 MB (105.442735% of original size 15.258789 MB)
Querying trie...
Done!
total time: 531.323221 ms, avg latency: 531.323221 ns
topology: 0.346626 MB, link: 3.175570 MB, data: 12.567089 MB
2220.315607,16.089285,531.323221
[PASSED]
[time 3.40 s, user 3.14 s, sys 0.25 s, maxrss 418792 KB]
[busy 353 jiffies]
[exit 0]
--- c2 case 2 rec 0   load 0.77 0.83 0.91
[TEST C2-MARISA]
Processing dataset...
Done!
Building trie...
trie size: 1.836515 MB
Done!
build time: 971.270778 ms (971.270778 ns per key)
space cost: 16.609414 MB (108.851456% of original size 15.258789 MB)
Querying trie...
Done!
total time: 321.588356 ms, avg latency: 321.588356 ns
topology: 0.607349 MB, link: 2.863268 MB, data: 13.118289 MB
--- Unary Path Analysis (Marisa, cutoff=3) ---
  branches: 1267337  |  single-char: 266306 (21.0%)  short-unary: 1021 (0.1%)  links: 1000010 (78.9%)
  link len: avg=12.96  max=14  total_chars=12963813
  link length distribution (len:count):  3:10  10:6  11:856  12:56569  13:920487  14:22082
  short unary avg len: 2.00
971.270778,16.609414,321.588356
[PASSED]
[time 1.93 s, user 1.77 s, sys 0.14 s, maxrss 236896 KB]
[busy 203 jiffies]
[exit 0]
--- c2 case 2 rec 1   load 0.71 0.82 0.90
[TEST C2-MARISA]
Processing dataset...
Done!
Building trie...
trie size: 1.836515 MB
trie size: 4.316792 MB
Done!
build time: 2001.823239 ms (2001.823239 ns per key)
space cost: 16.609414 MB (108.851456% of original size 15.258789 MB)
Querying trie...
Done!
total time: 326.763365 ms, avg latency: 326.763365 ns
topology: 0.607349 MB, link: 2.863268 MB, data: 13.118289 MB
--- Unary Path Analysis (Marisa, cutoff=3) ---
  branches: 1267337  |  single-char: 266306 (21.0%)  short-unary: 1021 (0.1%)  links: 1000010 (78.9%)
  link len: avg=12.96  max=14  total_chars=12963813
  link length distribution (len:count):  3:10  10:6  11:856  12:56569  13:920487  14:22082
  short unary avg len: 2.00
2001.823239,16.609414,326.763365
[PASSED]
[time 2.97 s, user 2.77 s, sys 0.18 s, maxrss 283724 KB]
[busy 309 jiffies]
[exit 0]
--- c2 case 2 rec 2   load 0.71 0.82 0.90
[TEST C2-MARISA]
Processing dataset...
Done!
Building trie...
trie size: 1.836515 MB
trie size: 4.316792 MB
Done!
build time: 2004.267224 ms (2004.267224 ns per key)
space cost: 16.609414 MB (108.851456% of original size 15.258789 MB)
Querying trie...
Done!
total time: 345.874982 ms, avg latency: 345.874982 ns
topology: 0.607349 MB, link: 2.863268 MB, data: 13.118289 MB
--- Unary Path Analysis (Marisa, cutoff=3) ---
  branches: 1267337  |  single-char: 266306 (21.0%)  short-unary: 1021 (0.1%)  links: 1000010 (78.9%)
  link len: avg=12.96  max=14  total_chars=12963813
  link length distribution (len:count):  3:10  10:6  11:856  12:56569  13:920487  14:22082
  short unary avg len: 2.00
2004.267224,16.609414,345.874982
[PASSED]
[time 3.00 s, user 2.80 s, sys 0.18 s, maxrss 283772 KB]
[busy 313 jiffies]
[exit 0]
--- c2 case 3 rec 0   load 0.73 0.82 0.90
[TEST FST]
Processing dataset...
Done!
Building trie...
Done!
build time: 653.258876 ms (653.258876 ns per key)
space cost: 16.760878 MB (109.844088% of original size 15.258789 MB)
Querying trie...
Done!
total time: 341.283260 ms, avg latency: 341.283260 ns
not implemented
653.258876,16.760878,341.283260
[PASSED]
[time 1.64 s, user 1.54 s, sys 0.09 s, maxrss 147208 KB]
[busy 169 jiffies]
[exit 0]
--- c2 case 4 rec 0   load 0.67 0.81 0.90
[TEST COCO]
Processing dataset...
Done!
Building trie...
num nodes = 4097, average depth = 12.997071
ef = 0.000000, pa = 0.000000, bv = 0.000000, de = 0.000000
efr = 0.000000, par = 0.999756, bvr = 0.000244, der = 0.000000
Done!
build time: 17514.286565 ms (17514.286565 ns per key)
space cost: 10.595579 MB (69.439184% of original size 15.258789 MB)
Querying trie...
Done!
total time: 520.135671 ms, avg latency: 520.135671 ns
not implemented
17514.286565,10.595579,520.135671
[PASSED]
[time 19.61 s, user 14.46 s, sys 5.07 s, maxrss 11388796 KB]
[busy 2020 jiffies]
[exit 0]
--- c2 case 5 rec 0   load 0.77 0.82 0.90
[TEST MARISA]
Processing dataset...
Done!
Building trie...
Done!
build time: 469.389574 ms (469.389574 ns per key)
space cost: 17.200768 MB (112.726950% of original size 15.258789 MB)
Querying trie...
Done!
total time: 454.067751 ms, avg latency: 454.067751 ns
not implemented
469.389574,17.200768,454.067751
[PASSED]
[time 1.56 s, user 1.44 s, sys 0.11 s, maxrss 194632 KB]
[busy 165 jiffies]
[exit 0]
--- c2 case 5 rec 1   load 0.77 0.82 0.90
[TEST MARISA]
Processing dataset...
Done!
Building trie...
Done!
build time: 732.982717 ms (732.982717 ns per key)
space cost: 17.634758 MB (115.571150% of original size 15.258789 MB)
Querying trie...
Done!
total time: 687.882454 ms, avg latency: 687.882454 ns
not implemented
732.982717,17.634758,687.882454
[PASSED]
[time 2.06 s, user 1.93 s, sys 0.12 s, maxrss 185272 KB]
[busy 216 jiffies]
[exit 0]
--- c2 case 5 rec 2   load 0.79 0.82 0.90
[TEST MARISA]
Processing dataset...
Done!
Building trie...
Done!
build time: 946.338028 ms (946.338028 ns per key)
space cost: 17.949429 MB (117.633375% of original size 15.258789 MB)
Querying trie...
Done!
total time: 955.607193 ms, avg latency: 955.607193 ns
not implemented
946.338028,17.949429,955.607193
[PASSED]
[time 2.56 s, user 2.41 s, sys 0.13 s, maxrss 225556 KB]
[busy 266 jiffies]
[exit 0]
--- c2 case 6 rec 0   load 0.72 0.81 0.90
[TEST PDT]
Processing dataset...
Done!
Building trie...
dict size: 177882, stream size: 12826382
Done!
build time: 16005.922792 ms (16005.922792 ns per key)
space cost: 13.677892 MB (89.639431% of original size 15.258789 MB)
Querying trie...
Done!
total time: 591.221346 ms, avg latency: 591.221346 ns
not implemented
16005.922792,13.677892,591.221346
[PASSED]
[time 17.25 s, user 16.95 s, sys 0.23 s, maxrss 360976 KB]
[busy 1773 jiffies]
[exit 0]
--- c2 case 7 rec 0   load 0.78 0.82 0.90
[TEST ART]
Processing dataset...
Done!
Building trie...
Done!
build time: 148.759861 ms (148.759861 ns per key)
space cost: 30.301407 MB (198.583300% of original size 15.258789 MB)
Querying trie...
Done!
total time: 184.172558 ms, avg latency: 184.172558 ns
not implemented
148.759861,30.301407,184.172558
[PASSED]
[time 1.02 s, user 0.91 s, sys 0.11 s, maxrss 178872 KB]
[busy 108 jiffies]
[exit 0]
--- c2 case 8 rec 0   load 0.80 0.82 0.90
[TEST CART]
Processing dataset...
Done!
Building trie...
Done!
build time: 170.973987 ms (170.973987 ns per key)
space cost: 11.383729 MB (74.604406% of original size 15.258789 MB)
Querying trie...
Done!
total time: 230.662918 ms, avg latency: 230.662918 ns
not implemented
170.973987,11.383729,230.662918
[PASSED]
[time 1.06 s, user 0.96 s, sys 0.09 s, maxrss 160852 KB]
[busy 116 jiffies]
[exit 0]
--- xcdat 7   load 0.80 0.82 0.90
build time: 664.139674 ms
space cost: 19.932177 MiB (130.627512% of original size 15.258789 MiB)
avg latency: 221.030421 ns
664.139674,19.932177,221.030421
[time 1.57 s, user 1.44 s, sys 0.11 s, maxrss 172892 KB]
[busy 164 jiffies]
[exit 0]
--- xcdat 8   load 0.74 0.81 0.90
build time: 639.669596 ms
space cost: 18.565336 MiB (121.669787% of original size 15.258789 MiB)
avg latency: 216.287315 ns
639.669596,18.565336,216.287315
[time 1.53 s, user 1.41 s, sys 0.11 s, maxrss 180056 KB]
[busy 163 jiffies]
[exit 0]
--- xcdat 15   load 0.74 0.81 0.90
build time: 657.508939 ms
space cost: 19.094490 MiB (125.137650% of original size 15.258789 MiB)
avg latency: 204.678935 ns
657.508939,19.094490,204.678935
[time 1.53 s, user 1.41 s, sys 0.11 s, maxrss 180588 KB]
[busy 160 jiffies]
[exit 0]
--- xcdat 16   load 0.68 0.80 0.89
build time: 637.966244 ms
space cost: 19.227987 MiB (126.012538% of original size 15.258789 MiB)
avg latency: 211.114392 ns
637.966244,19.227987,211.114392
[time 1.54 s, user 1.42 s, sys 0.11 s, maxrss 179804 KB]
[busy 164 jiffies]
[exit 0]

##### paths-1000000 (1000000 lines, 125978312 bytes)   round 3/3   2026-09-19T12:29:27+03:00
--- lexindex dict32   load 0.68 0.80 0.89
1000000 keys
lexindex DictIndex block 32: build 570 ms, size 12.680 MiB (13.296 B/key), latency cold 787.2 ns, then mean 776.5 / min 772.9 ns
569.717,12.679603,787.243
[time 4.49 s, user 7.67 s, sys 0.45 s, maxrss 544928 KB]
[busy 844 jiffies]
[exit 0]
--- lexindex dict256   load 0.70 0.80 0.89
1000000 keys
lexindex DictIndex block 256: build 581 ms, size 9.709 MiB (10.180 B/key), latency cold 786.3 ns, then mean 780.3 / min 775.7 ns
580.877,9.708795,786.277
[time 4.51 s, user 7.79 s, sys 0.46 s, maxrss 547252 KB]
[busy 856 jiffies]
[exit 0]
--- lexindex dict1024   load 1.85 1.04 0.97
1000000 keys
lexindex DictIndex block 1024: build 651 ms, size 9.164 MiB (9.609 B/key), latency cold 821.4 ns, then mean 815.2 / min 810.2 ns
651.346,9.163901,821.351
[time 4.73 s, user 6.79 s, sys 0.41 s, maxrss 561500 KB]
[busy 751 jiffies]
[exit 0]
--- lexindex string   load 1.64 1.02 0.96
1000000 keys
lexindex StringIndex: build 1507 ms, size 16.673 MiB (17.483 B/key), latency cold 1143.2 ns, then mean 1136.3 / min 1132.5 ns
1507.218,16.673446,1143.239
[time 6.84 s, user 6.62 s, sys 0.18 s, maxrss 362940 KB]
[busy 713 jiffies]
[exit 0]
--- c2 case 0 rec 0   load 1.59 1.02 0.96
[TEST C2-FST]
Processing dataset...
Done!
Building trie...
Done!
build time: 1393.750336 ms (1393.750336 ns per key)
space cost: 14.260756 MB (11.964866% of original size 119.188606 MB)
Querying trie...
Done!
total time: 2427.017587 ms, avg latency: 2427.017587 ns
topology: 1.699890 MB, link: 2.595201 MB, data: 9.965666 MB
--- Unary Path Analysis (FST, cutoff=4) ---
  shared unary steps in main trie: 2658278
  terminal suffixes: inplace=39819 (avg len=2.28)  links=891354 (95.7% of terminal)
  link len: avg=14.94  max=443  total_chars=13318660
  link length distribution (len:count):  4:40001  5:49577  6:45421  7:46380  8:50483  9:55180  10:56608  11:54673  12:51140  13:35047  14:30416  15:36724  16:35248  17:24069  18:19466  19:17073  20:16018  21:15299  22:13878  23:12677  24:11568  25:37816  26:26754  27:6712  28:5420  29:5541  30:5676  31:5365  32:4659  33:5334  34:4520  35:4652  36:5350  37:9255  38:4943  39:11477  40:3024  41:2087  42:2051  43:1854  44:1606  45:1448  46:1135  47:1025  48:963  49:801  50:774  51:907  52:679  53:727  54:589  55:642  56:710  57:689  58:824  59:515  60:781  61:937  62:666  63:360  64:436  65:381  66:289  67:245  68:235  69:250  70:244  71:266  72:444  73:249  74:341  75:214  76:315  77:82  78:131  79:63  80:31  81:46  82:38  83:33  84:32  85:58  86:34  87:20  88:33  89:21  90:5  91:6  92:18  93:7  94:11  95:14  96:12  97:3  98:4  99:4  100:10  101:17  102:11  103:6  104:17  105:9  106:12  107:11  108:7  109:2  110:3  111:1  112:2  113:4  114:3  115:4  116:3  117:4  118:13  119:5  120:1  122:2  123:3  124:38  125:23  126:156  127:15  128:61  129:3  130:1  131:3  132:2  133:1  136:3  137:6  138:1  139:1  142:4  143:1  144:2  145:2  146:2  151:3  152:1  154:2  159:2  160:2  161:2  165:3  167:1  171:1  172:3  173:1  174:1  175:1  182:1  187:3  188:1  190:2  191:1  194:1  195:3  198:1  201:1  202:1  203:1  205:1  206:1  215:1  219:1  233:1  235:1  243:1  247:1  257:1  265:1  444:1
1393.750336,14.260756,2427.017587
[PASSED]
[time 4.81 s, user 4.58 s, sys 0.21 s, maxrss 358720 KB]
[busy 499 jiffies]
[exit 0]
--- c2 case 0 rec 1   load 1.54 1.02 0.96
[TEST C2-FST]
Processing dataset...
Done!
Building trie...
trie size: 2.746100 MB
Done!
build time: 1644.016543 ms (1644.016543 ns per key)
space cost: 12.500864 MB (10.488305% of original size 119.188606 MB)
Querying trie...
Done!
total time: 2615.926357 ms, avg latency: 2615.926357 ns
topology: 1.942371 MB, link: 2.552141 MB, data: 8.006351 MB
--- Unary Path Analysis (FST, cutoff=4) ---
  shared unary steps in main trie: 2658278
  terminal suffixes: inplace=39819 (avg len=2.28)  links=891354 (95.7% of terminal)
  link len: avg=14.94  max=443  total_chars=13318660
  link length distribution (len:count):  4:40001  5:49577  6:45421  7:46380  8:50483  9:55180  10:56608  11:54673  12:51140  13:35047  14:30416  15:36724  16:35248  17:24069  18:19466  19:17073  20:16018  21:15299  22:13878  23:12677  24:11568  25:37816  26:26754  27:6712  28:5420  29:5541  30:5676  31:5365  32:4659  33:5334  34:4520  35:4652  36:5350  37:9255  38:4943  39:11477  40:3024  41:2087  42:2051  43:1854  44:1606  45:1448  46:1135  47:1025  48:963  49:801  50:774  51:907  52:679  53:727  54:589  55:642  56:710  57:689  58:824  59:515  60:781  61:937  62:666  63:360  64:436  65:381  66:289  67:245  68:235  69:250  70:244  71:266  72:444  73:249  74:341  75:214  76:315  77:82  78:131  79:63  80:31  81:46  82:38  83:33  84:32  85:58  86:34  87:20  88:33  89:21  90:5  91:6  92:18  93:7  94:11  95:14  96:12  97:3  98:4  99:4  100:10  101:17  102:11  103:6  104:17  105:9  106:12  107:11  108:7  109:2  110:3  111:1  112:2  113:4  114:3  115:4  116:3  117:4  118:13  119:5  120:1  122:2  123:3  124:38  125:23  126:156  127:15  128:61  129:3  130:1  131:3  132:2  133:1  136:3  137:6  138:1  139:1  142:4  143:1  144:2  145:2  146:2  151:3  152:1  154:2  159:2  160:2  161:2  165:3  167:1  171:1  172:3  173:1  174:1  175:1  182:1  187:3  188:1  190:2  191:1  194:1  195:3  198:1  201:1  202:1  203:1  205:1  206:1  215:1  219:1  233:1  235:1  243:1  247:1  257:1  265:1  444:1
1644.016543,12.500864,2615.926357
[PASSED]
[time 5.26 s, user 5.02 s, sys 0.22 s, maxrss 356636 KB]
[busy 543 jiffies]
[exit 0]
--- c2 case 0 rec 2   load 1.38 1.00 0.96
[TEST C2-FST]
Processing dataset...
Done!
Building trie...
trie size: 2.746100 MB
trie size: 0.687543 MB
Done!
build time: 1776.236874 ms (1776.236874 ns per key)
space cost: 12.500864 MB (10.488305% of original size 119.188606 MB)
Querying trie...
Done!
total time: 2619.056461 ms, avg latency: 2619.056461 ns
topology: 1.942371 MB, link: 2.552141 MB, data: 8.006351 MB
--- Unary Path Analysis (FST, cutoff=4) ---
  shared unary steps in main trie: 2658278
  terminal suffixes: inplace=39819 (avg len=2.28)  links=891354 (95.7% of terminal)
  link len: avg=14.94  max=443  total_chars=13318660
  link length distribution (len:count):  4:40001  5:49577  6:45421  7:46380  8:50483  9:55180  10:56608  11:54673  12:51140  13:35047  14:30416  15:36724  16:35248  17:24069  18:19466  19:17073  20:16018  21:15299  22:13878  23:12677  24:11568  25:37816  26:26754  27:6712  28:5420  29:5541  30:5676  31:5365  32:4659  33:5334  34:4520  35:4652  36:5350  37:9255  38:4943  39:11477  40:3024  41:2087  42:2051  43:1854  44:1606  45:1448  46:1135  47:1025  48:963  49:801  50:774  51:907  52:679  53:727  54:589  55:642  56:710  57:689  58:824  59:515  60:781  61:937  62:666  63:360  64:436  65:381  66:289  67:245  68:235  69:250  70:244  71:266  72:444  73:249  74:341  75:214  76:315  77:82  78:131  79:63  80:31  81:46  82:38  83:33  84:32  85:58  86:34  87:20  88:33  89:21  90:5  91:6  92:18  93:7  94:11  95:14  96:12  97:3  98:4  99:4  100:10  101:17  102:11  103:6  104:17  105:9  106:12  107:11  108:7  109:2  110:3  111:1  112:2  113:4  114:3  115:4  116:3  117:4  118:13  119:5  120:1  122:2  123:3  124:38  125:23  126:156  127:15  128:61  129:3  130:1  131:3  132:2  133:1  136:3  137:6  138:1  139:1  142:4  143:1  144:2  145:2  146:2  151:3  152:1  154:2  159:2  160:2  161:2  165:3  167:1  171:1  172:3  173:1  174:1  175:1  182:1  187:3  188:1  190:2  191:1  194:1  195:3  198:1  201:1  202:1  203:1  205:1  206:1  215:1  219:1  233:1  235:1  243:1  247:1  257:1  265:1  444:1
1776.236874,12.500864,2619.056461
[PASSED]
[time 5.39 s, user 5.14 s, sys 0.22 s, maxrss 357040 KB]
[busy 556 jiffies]
[exit 0]
--- c2 case 1 rec 0   load 1.35 1.00 0.96
[TEST C2-CoCo(LOUDS-Sparse)]
Processing dataset...
Done!
Building trie...
Done!
build time: 5117.341763 ms (5117.341763 ns per key)
space cost: 14.878411 MB (12.483082% of original size 119.188606 MB)
Querying trie...
Done!
total time: 1629.805560 ms, avg latency: 1629.805560 ns
topology: 0.476959 MB, link: 4.004946 MB, data: 10.396506 MB
5117.341763,14.878411,1629.805560
[PASSED]
[time 7.75 s, user 7.34 s, sys 0.37 s, maxrss 596028 KB]
[busy 801 jiffies]
[exit 0]
--- c2 case 1 rec 1   load 1.21 0.98 0.95
[TEST C2-CoCo(LOUDS-Sparse)]
Processing dataset...
Done!
Building trie...
trie size: 2.746100 MB
Done!
build time: 5346.036881 ms (5346.036881 ns per key)
space cost: 13.118518 MB (11.006521% of original size 119.188606 MB)
Querying trie...
Done!
total time: 1915.520482 ms, avg latency: 1915.520482 ns
topology: 0.719440 MB, link: 3.961886 MB, data: 8.437192 MB
5346.036881,13.118518,1915.520482
[PASSED]
[time 8.24 s, user 7.88 s, sys 0.32 s, maxrss 588052 KB]
[busy 854 jiffies]
[exit 0]
--- c2 case 1 rec 2   load 1.19 0.98 0.95
[TEST C2-CoCo(LOUDS-Sparse)]
Processing dataset...
Done!
Building trie...
trie size: 2.746100 MB
trie size: 0.687543 MB
Done!
build time: 5472.362941 ms (5472.362941 ns per key)
space cost: 13.118518 MB (11.006521% of original size 119.188606 MB)
Querying trie...
Done!
total time: 1832.832179 ms, avg latency: 1832.832179 ns
topology: 0.719440 MB, link: 3.961886 MB, data: 8.437192 MB
5472.362941,13.118518,1832.832179
[PASSED]
[time 8.29 s, user 7.92 s, sys 0.34 s, maxrss 590804 KB]
[busy 855 jiffies]
[exit 0]
--- c2 case 2 rec 0   load 1.16 0.98 0.96
[TEST C2-MARISA]
Processing dataset...
Done!
Building trie...
trie size: 2.297644 MB
Done!
build time: 1344.832093 ms (1344.832093 ns per key)
space cost: 11.928165 MB (10.007807% of original size 119.188606 MB)
Querying trie...
Done!
total time: 881.749636 ms, avg latency: 881.749636 ns
topology: 0.761036 MB, link: 3.343996 MB, data: 7.802626 MB
--- Unary Path Analysis (Marisa, cutoff=3) ---
  branches: 1534795  |  single-char: 270841 (17.6%)  short-unary: 45134 (2.9%)  links: 1218820 (79.4%)
  link len: avg=14.88  max=445  total_chars=18132830
  link length distribution (len:count):  3:37127  4:49365  5:75461  6:91989  7:72185  8:66513  9:63973  10:68956  11:73223  12:65790  13:57380  14:41495  15:36762  16:42631  17:41179  18:27817  19:22377  20:18838  21:17845  22:16718  23:15115  24:13613  25:12555  26:39233  27:27982  28:7379  29:6328  30:6087  31:6172  32:5955  33:5265  34:5643  35:4792  36:4909  37:5534  38:9417  39:5190  40:12044  41:4130  42:3423  43:3194  44:2134  45:1772  46:1642  47:1384  48:1261  49:1057  50:900  51:919  52:1030  53:750  54:799  55:667  56:702  57:772  58:823  59:1198  60:1008  61:899  62:972  63:712  64:409  65:454  66:414  67:320  68:269  69:256  70:270  71:258  72:280  73:453  74:258  75:356  76:221  77:315  78:88  79:138  80:65  81:34  82:48  83:40  84:34  85:38  86:63  87:38  88:23  89:36  90:23  91:6  92:6  93:19  94:8  95:11  96:14  97:13  98:3  99:5  100:4  101:12  102:17  103:11  104:6  105:17  106:9  107:12  108:11  109:7  110:2  111:4  112:1  113:2  114:4  115:4  116:4  117:3  118:4  119:14  120:6  121:1  123:2  124:3  125:38  126:23  127:156  128:15  129:61  130:3  131:1  132:3  133:2  134:1  136:1  137:3  138:6  139:1  140:1  143:4  144:2  145:2  146:2  147:2  149:1  152:3  153:1  155:2  157:1  160:2  161:2  162:2  166:3  167:1  168:1  172:1  173:3  174:1  175:1  176:1  183:2  185:1  188:4  189:2  191:2  192:3  195:2  196:3  199:1  202:1  203:1  204:1  206:1  207:2  216:1  220:1  230:1  234:1  236:1  244:1  248:1  258:1  266:1  445:1
  short unary avg len: 2.00
1344.832093,11.928165,881.749636
[PASSED]
[time 3.22 s, user 2.97 s, sys 0.23 s, maxrss 355884 KB]
[busy 336 jiffies]
[exit 0]
--- c2 case 2 rec 1   load 1.15 0.98 0.96
[TEST C2-MARISA]
Processing dataset...
Done!
Building trie...
trie size: 2.297644 MB
trie size: 3.841883 MB
Done!
build time: 1633.320748 ms (1633.320748 ns per key)
space cost: 9.839272 MB (8.255212% of original size 119.188606 MB)
Querying trie...
Done!
total time: 1626.515977 ms, avg latency: 1626.515977 ns
topology: 1.073097 MB, link: 3.403300 MB, data: 5.342366 MB
--- Unary Path Analysis (Marisa, cutoff=3) ---
  branches: 1534795  |  single-char: 270841 (17.6%)  short-unary: 45134 (2.9%)  links: 1218820 (79.4%)
  link len: avg=14.88  max=445  total_chars=18132830
  link length distribution (len:count):  3:37127  4:49365  5:75461  6:91989  7:72185  8:66513  9:63973  10:68956  11:73223  12:65790  13:57380  14:41495  15:36762  16:42631  17:41179  18:27817  19:22377  20:18838  21:17845  22:16718  23:15115  24:13613  25:12555  26:39233  27:27982  28:7379  29:6328  30:6087  31:6172  32:5955  33:5265  34:5643  35:4792  36:4909  37:5534  38:9417  39:5190  40:12044  41:4130  42:3423  43:3194  44:2134  45:1772  46:1642  47:1384  48:1261  49:1057  50:900  51:919  52:1030  53:750  54:799  55:667  56:702  57:772  58:823  59:1198  60:1008  61:899  62:972  63:712  64:409  65:454  66:414  67:320  68:269  69:256  70:270  71:258  72:280  73:453  74:258  75:356  76:221  77:315  78:88  79:138  80:65  81:34  82:48  83:40  84:34  85:38  86:63  87:38  88:23  89:36  90:23  91:6  92:6  93:19  94:8  95:11  96:14  97:13  98:3  99:5  100:4  101:12  102:17  103:11  104:6  105:17  106:9  107:12  108:11  109:7  110:2  111:4  112:1  113:2  114:4  115:4  116:4  117:3  118:4  119:14  120:6  121:1  123:2  124:3  125:38  126:23  127:156  128:15  129:61  130:3  131:1  132:3  133:2  134:1  136:1  137:3  138:6  139:1  140:1  143:4  144:2  145:2  146:2  147:2  149:1  152:3  153:1  155:2  157:1  160:2  161:2  162:2  166:3  167:1  168:1  172:1  173:3  174:1  175:1  176:1  183:2  185:1  188:4  189:2  191:2  192:3  195:2  196:3  199:1  202:1  203:1  204:1  206:1  207:2  216:1  220:1  230:1  234:1  236:1  244:1  248:1  258:1  266:1  445:1
  short unary avg len: 2.00
1633.320748,9.839272,1626.515977
[PASSED]
[time 4.25 s, user 3.98 s, sys 0.25 s, maxrss 354120 KB]
[busy 440 jiffies]
[exit 0]
--- c2 case 2 rec 2   load 1.14 0.99 0.96
[TEST C2-MARISA]
Processing dataset...
Done!
Building trie...
trie size: 2.297644 MB
trie size: 3.841883 MB
trie size: 0.864431 MB
Done!
build time: 1785.400870 ms (1785.400870 ns per key)
space cost: 9.839272 MB (8.255212% of original size 119.188606 MB)
Querying trie...
Done!
total time: 1608.995322 ms, avg latency: 1608.995322 ns
topology: 1.073097 MB, link: 3.403300 MB, data: 5.342366 MB
--- Unary Path Analysis (Marisa, cutoff=3) ---
  branches: 1534795  |  single-char: 270841 (17.6%)  short-unary: 45134 (2.9%)  links: 1218820 (79.4%)
  link len: avg=14.88  max=445  total_chars=18132830
  link length distribution (len:count):  3:37127  4:49365  5:75461  6:91989  7:72185  8:66513  9:63973  10:68956  11:73223  12:65790  13:57380  14:41495  15:36762  16:42631  17:41179  18:27817  19:22377  20:18838  21:17845  22:16718  23:15115  24:13613  25:12555  26:39233  27:27982  28:7379  29:6328  30:6087  31:6172  32:5955  33:5265  34:5643  35:4792  36:4909  37:5534  38:9417  39:5190  40:12044  41:4130  42:3423  43:3194  44:2134  45:1772  46:1642  47:1384  48:1261  49:1057  50:900  51:919  52:1030  53:750  54:799  55:667  56:702  57:772  58:823  59:1198  60:1008  61:899  62:972  63:712  64:409  65:454  66:414  67:320  68:269  69:256  70:270  71:258  72:280  73:453  74:258  75:356  76:221  77:315  78:88  79:138  80:65  81:34  82:48  83:40  84:34  85:38  86:63  87:38  88:23  89:36  90:23  91:6  92:6  93:19  94:8  95:11  96:14  97:13  98:3  99:5  100:4  101:12  102:17  103:11  104:6  105:17  106:9  107:12  108:11  109:7  110:2  111:4  112:1  113:2  114:4  115:4  116:4  117:3  118:4  119:14  120:6  121:1  123:2  124:3  125:38  126:23  127:156  128:15  129:61  130:3  131:1  132:3  133:2  134:1  136:1  137:3  138:6  139:1  140:1  143:4  144:2  145:2  146:2  147:2  149:1  152:3  153:1  155:2  157:1  160:2  161:2  162:2  166:3  167:1  168:1  172:1  173:3  174:1  175:1  176:1  183:2  185:1  188:4  189:2  191:2  192:3  195:2  196:3  199:1  202:1  203:1  204:1  206:1  207:2  216:1  220:1  230:1  234:1  236:1  244:1  248:1  258:1  266:1  445:1
  short unary avg len: 2.00
1785.400870,9.839272,1608.995322
[PASSED]
[time 4.38 s, user 4.12 s, sys 0.24 s, maxrss 354152 KB]
[busy 451 jiffies]
[exit 0]
--- c2 case 3 rec 0   load 1.13 0.99 0.96
[TEST FST]
Processing dataset...
Done!
Building trie...
Done!
build time: 3310.700706 ms (3310.700706 ns per key)
space cost: 14.021067 MB (11.763764% of original size 119.188606 MB)
Querying trie...
Done!
total time: 4583.763371 ms, avg latency: 4583.763371 ns
not implemented
3310.700706,14.021067,4583.763371
[PASSED]
[time 8.91 s, user 8.66 s, sys 0.21 s, maxrss 357900 KB]
[busy 916 jiffies]
[exit 0]
--- c2 case 4 rec 0   load 1.11 0.99 0.96
[TEST COCO]
Processing dataset...
Done!
Building trie...
num nodes = 584148, average depth = 12.594651
ef = 0.000038, pa = 0.103241, bv = 0.000608, de = 0.597184
efr = 0.000176, par = 0.181430, bvr = 0.000135, der = 0.117188
Done!
build time: 45310.484638 ms (45310.484638 ns per key)
space cost: 19.697372 MB (16.526221% of original size 119.188606 MB)
Querying trie...
Done!
total time: 1403.478984 ms, avg latency: 1403.478984 ns
not implemented
45310.484638,19.697372,1403.478984
[PASSED]
[time 49.39 s, user 39.00 s, sys 10.19 s, maxrss 23292992 KB]
[busy 5066 jiffies]
[exit 0]
--- c2 case 5 rec 0   load 1.04 0.99 0.96
[TEST MARISA]
Processing dataset...
Done!
Building trie...
Done!
build time: 1615.703853 ms (1615.703853 ns per key)
space cost: 12.257486 MB (10.284109% of original size 119.188606 MB)
Querying trie...
Done!
total time: 986.275488 ms, avg latency: 986.275488 ns
not implemented
1615.703853,12.257486,986.275488
[PASSED]
[time 3.55 s, user 3.29 s, sys 0.24 s, maxrss 411632 KB]
[busy 370 jiffies]
[exit 0]
--- c2 case 5 rec 1   load 1.04 0.99 0.96
[TEST MARISA]
Processing dataset...
Done!
Building trie...
Done!
build time: 1732.883039 ms (1732.883039 ns per key)
space cost: 9.428862 MB (7.910875% of original size 119.188606 MB)
Querying trie...
Done!
total time: 1793.210560 ms, avg latency: 1793.210560 ns
not implemented
1732.883039,9.428862,1793.210560
[PASSED]
[time 4.48 s, user 4.23 s, sys 0.22 s, maxrss 411700 KB]
[busy 464 jiffies]
[exit 0]
--- c2 case 5 rec 2   load 1.04 0.99 0.96
[TEST MARISA]
Processing dataset...
Done!
Building trie...
Done!
build time: 1808.279486 ms (1808.279486 ns per key)
space cost: 9.029414 MB (7.575736% of original size 119.188606 MB)
Querying trie...
Done!
total time: 2226.964708 ms, avg latency: 2226.964708 ns
not implemented
1808.279486,9.029414,2226.964708
[PASSED]
[time 4.98 s, user 4.72 s, sys 0.23 s, maxrss 411580 KB]
[busy 514 jiffies]
[exit 0]
--- c2 case 6 rec 0   load 0.95 0.98 0.96
[TEST PDT]
Processing dataset...
Done!
Building trie...
dict size: 153672, stream size: 10323140
Done!
build time: 4815.022679 ms (4815.022679 ns per key)
space cost: 11.267526 MB (9.453526% of original size 119.188606 MB)
Querying trie...
Done!
total time: 1084.607266 ms, avg latency: 1084.607266 ns
not implemented
4815.022679,11.267526,1084.607266
[PASSED]
[time 6.91 s, user 6.56 s, sys 0.32 s, maxrss 388848 KB]
[busy 714 jiffies]
[exit 0]
--- c2 case 7 rec 0   load 0.96 0.98 0.96
[TEST ART]
Processing dataset...
Done!
Building trie...
Done!
build time: 413.592228 ms (413.592228 ns per key)
space cost: 34.675591 MB (29.093041% of original size 119.188606 MB)
Querying trie...
Done!
total time: 762.764524 ms, avg latency: 762.764524 ns
not implemented
413.592228,34.675591,762.764524
[PASSED]
[time 2.21 s, user 1.93 s, sys 0.26 s, maxrss 505504 KB]
[busy 229 jiffies]
[exit 0]
--- c2 case 8 rec 0   load 0.96 0.98 0.96
[TEST CART]
Processing dataset...
Done!
Building trie...
Done!
build time: 467.825443 ms (467.825443 ns per key)
space cost: 18.620093 MB (15.622377% of original size 119.188606 MB)
Querying trie...
Done!
total time: 850.144486 ms, avg latency: 850.144486 ns
not implemented
467.825443,18.620093,850.144486
[PASSED]
[time 2.35 s, user 2.09 s, sys 0.25 s, maxrss 495868 KB]
[busy 247 jiffies]
[exit 0]
--- xcdat 7   load 0.96 0.98 0.96
build time: 1412.730785 ms
space cost: 18.455355 MiB (15.484160% of original size 119.188606 MiB)
avg latency: 710.992435 ns
1412.730785,18.455355,710.992435
[time 3.12 s, user 2.84 s, sys 0.26 s, maxrss 362072 KB]
[busy 323 jiffies]
[exit 0]
--- xcdat 8   load 0.96 0.98 0.96
build time: 1357.324114 ms
space cost: 18.497238 MiB (15.519301% of original size 119.188606 MiB)
avg latency: 700.511875 ns
1357.324114,18.497238,700.511875
[time 3.07 s, user 2.81 s, sys 0.24 s, maxrss 362656 KB]
[busy 320 jiffies]
[exit 0]
--- xcdat 15   load 0.97 0.98 0.96
build time: 1413.025188 ms
space cost: 23.949356 MiB (20.093662% of original size 119.188606 MiB)
avg latency: 630.073057 ns
1413.025188,23.949356,630.073057
[time 3.03 s, user 2.77 s, sys 0.24 s, maxrss 368328 KB]
[busy 313 jiffies]
[exit 0]
--- xcdat 16   load 0.97 0.98 0.96
build time: 1363.845112 ms
space cost: 25.154240 MiB (21.104567% of original size 119.188606 MiB)
avg latency: 679.061262 ns
1363.845112,25.154240,679.061262
[time 3.05 s, user 2.77 s, sys 0.26 s, maxrss 369320 KB]
[busy 315 jiffies]
[exit 0]

##### pypi-full (889864 lines, 12756399 bytes)   round 3/3   2026-09-19T12:32:40+03:00
--- lexindex dict32   load 0.97 0.98 0.96
889864 keys
lexindex DictIndex block 32: build 198 ms, size 3.988 MiB (4.700 B/key), latency cold 337.7 ns, then mean 322.6 / min 317.7 ns
198.104,3.988224,337.714
[time 1.78 s, user 2.81 s, sys 0.17 s, maxrss 210092 KB]
[busy 315 jiffies]
[exit 0]
--- lexindex dict256   load 0.97 0.98 0.96
889864 keys
lexindex DictIndex block 256: build 204 ms, size 3.704 MiB (4.365 B/key), latency cold 357.1 ns, then mean 351.5 / min 350.1 ns
203.942,3.703953,357.064
[time 1.88 s, user 2.93 s, sys 0.17 s, maxrss 209420 KB]
[busy 324 jiffies]
[exit 0]
--- lexindex dict1024   load 0.97 0.98 0.96
889864 keys
lexindex DictIndex block 1024: build 224 ms, size 3.575 MiB (4.213 B/key), latency cold 427.3 ns, then mean 425.8 / min 423.1 ns
223.676,3.575363,427.265
[time 2.16 s, user 2.82 s, sys 0.14 s, maxrss 197196 KB]
[busy 314 jiffies]
[exit 0]
--- lexindex string   load 0.90 0.96 0.96
889864 keys
lexindex StringIndex: build 476 ms, size 8.484 MiB (9.998 B/key), latency cold 291.0 ns, then mean 288.0 / min 283.8 ns
475.526,8.484477,291.004
[time 1.91 s, user 1.84 s, sys 0.05 s, maxrss 122188 KB]
[busy 205 jiffies]
[exit 0]
--- c2 case 0 rec 0   load 0.90 0.96 0.96
[TEST C2-FST]
Processing dataset...
Done!
Building trie...
Done!
build time: 394.537630 ms (443.368459 ns per key)
space cost: 5.574753 MB (49.260816% of original size 11.316810 MB)
Querying trie...
Done!
total time: 319.777801 ms, avg latency: 359.355813 ns
topology: 0.851089 MB, link: 1.149713 MB, data: 3.573951 MB
--- Unary Path Analysis (FST, cutoff=4) ---
  shared unary steps in main trie: 344931
  terminal suffixes: inplace=288151 (avg len=1.99)  links=405388 (58.5% of terminal)
  link len: avg=7.08  max=176  total_chars=2869854
  link length distribution (len:count):  4:74698  5:65971  6:53798  7:40968  8:33851  9:27326  10:20764  11:16938  12:14649  13:12025  14:9410  15:7294  16:5909  17:4518  18:3598  19:2810  20:2154  21:1673  22:1340  23:1095  24:876  25:726  26:550  27:431  28:361  29:400  30:312  31:173  32:150  33:103  34:106  35:75  36:44  37:52  38:50  39:27  40:24  41:13  42:21  43:16  44:7  45:10  46:6  47:5  48:10  49:1  50:4  51:5  52:2  53:2  54:2  55:1  56:5  57:3  60:2  62:2  63:1  64:3  65:2  67:1  68:3  71:1  75:1  77:2  82:1  86:1  99:2  106:1  113:1  153:1  177:1
394.537630,5.574753,359.355813
[PASSED]
[time 1.11 s, user 1.02 s, sys 0.08 s, maxrss 129392 KB]
[busy 117 jiffies]
[exit 0]
--- c2 case 0 rec 1   load 0.82 0.95 0.95
[TEST C2-FST]
Processing dataset...
Done!
Building trie...
trie size: 1.301167 MB
Done!
build time: 460.798554 ms (517.830313 ns per key)
space cost: 5.131913 MB (45.347703% of original size 11.316810 MB)
Querying trie...
Done!
total time: 362.121125 ms, avg latency: 406.939853 ns
topology: 0.978825 MB, link: 1.146868 MB, data: 3.006221 MB
--- Unary Path Analysis (FST, cutoff=4) ---
  shared unary steps in main trie: 344931
  terminal suffixes: inplace=288151 (avg len=1.99)  links=405388 (58.5% of terminal)
  link len: avg=7.08  max=176  total_chars=2869854
  link length distribution (len:count):  4:74698  5:65971  6:53798  7:40968  8:33851  9:27326  10:20764  11:16938  12:14649  13:12025  14:9410  15:7294  16:5909  17:4518  18:3598  19:2810  20:2154  21:1673  22:1340  23:1095  24:876  25:726  26:550  27:431  28:361  29:400  30:312  31:173  32:150  33:103  34:106  35:75  36:44  37:52  38:50  39:27  40:24  41:13  42:21  43:16  44:7  45:10  46:6  47:5  48:10  49:1  50:4  51:5  52:2  53:2  54:2  55:1  56:5  57:3  60:2  62:2  63:1  64:3  65:2  67:1  68:3  71:1  75:1  77:2  82:1  86:1  99:2  106:1  113:1  153:1  177:1
460.798554,5.131913,406.939853
[PASSED]
[time 1.23 s, user 1.14 s, sys 0.08 s, maxrss 129712 KB]
[busy 129 jiffies]
[exit 0]
--- c2 case 0 rec 2   load 0.82 0.95 0.95
[TEST C2-FST]
Processing dataset...
Done!
Building trie...
trie size: 1.301167 MB
trie size: 0.188086 MB
Done!
build time: 478.301055 ms (537.499050 ns per key)
space cost: 5.131913 MB (45.347703% of original size 11.316810 MB)
Querying trie...
Done!
total time: 359.251983 ms, avg latency: 403.715605 ns
topology: 0.978825 MB, link: 1.146868 MB, data: 3.006221 MB
--- Unary Path Analysis (FST, cutoff=4) ---
  shared unary steps in main trie: 344931
  terminal suffixes: inplace=288151 (avg len=1.99)  links=405388 (58.5% of terminal)
  link len: avg=7.08  max=176  total_chars=2869854
  link length distribution (len:count):  4:74698  5:65971  6:53798  7:40968  8:33851  9:27326  10:20764  11:16938  12:14649  13:12025  14:9410  15:7294  16:5909  17:4518  18:3598  19:2810  20:2154  21:1673  22:1340  23:1095  24:876  25:726  26:550  27:431  28:361  29:400  30:312  31:173  32:150  33:103  34:106  35:75  36:44  37:52  38:50  39:27  40:24  41:13  42:21  43:16  44:7  45:10  46:6  47:5  48:10  49:1  50:4  51:5  52:2  53:2  54:2  55:1  56:5  57:3  60:2  62:2  63:1  64:3  65:2  67:1  68:3  71:1  75:1  77:2  82:1  86:1  99:2  106:1  113:1  153:1  177:1
478.301055,5.131913,403.715605
[PASSED]
[time 1.23 s, user 1.14 s, sys 0.09 s, maxrss 129844 KB]
[busy 129 jiffies]
[exit 0]
--- c2 case 1 rec 0   load 0.82 0.95 0.95
[TEST C2-CoCo(LOUDS-Sparse)]
Processing dataset...
Done!
Building trie...
Done!
build time: 1200.525133 ms (1349.110800 ns per key)
space cost: 5.902932 MB (52.160740% of original size 11.316810 MB)
Querying trie...
Done!
total time: 475.932032 ms, avg latency: 534.836820 ns
topology: 0.365089 MB, link: 1.816309 MB, data: 3.721533 MB
1200.525133,5.902932,534.836820
[PASSED]
[time 2.05 s, user 1.91 s, sys 0.13 s, maxrss 251564 KB]
[busy 215 jiffies]
[exit 0]
--- c2 case 1 rec 1   load 0.84 0.95 0.95
[TEST C2-CoCo(LOUDS-Sparse)]
Processing dataset...
Done!
Building trie...
trie size: 1.301167 MB
Done!
build time: 1257.686612 ms (1413.346997 ns per key)
space cost: 5.460092 MB (48.247627% of original size 11.316810 MB)
Querying trie...
Done!
total time: 511.975374 ms, avg latency: 575.341147 ns
topology: 0.492825 MB, link: 1.813464 MB, data: 3.153803 MB
1257.686612,5.460092,575.341147
[PASSED]
[time 2.15 s, user 2.02 s, sys 0.12 s, maxrss 251928 KB]
[busy 226 jiffies]
[exit 0]
--- c2 case 1 rec 2   load 0.85 0.95 0.95
[TEST C2-CoCo(LOUDS-Sparse)]
Processing dataset...
Done!
Building trie...
trie size: 1.301167 MB
trie size: 0.188086 MB
Done!
build time: 1254.379204 ms (1409.630240 ns per key)
space cost: 5.460092 MB (48.247627% of original size 11.316810 MB)
Querying trie...
Done!
total time: 511.835520 ms, avg latency: 575.183983 ns
topology: 0.492825 MB, link: 1.813464 MB, data: 3.153803 MB
1254.379204,5.460092,575.183983
[PASSED]
[time 2.15 s, user 2.02 s, sys 0.11 s, maxrss 251616 KB]
[busy 224 jiffies]
[exit 0]
--- c2 case 2 rec 0   load 0.85 0.95 0.95
[TEST C2-MARISA]
Processing dataset...
Done!
Building trie...
trie size: 2.034968 MB
Done!
build time: 481.500729 ms (541.094739 ns per key)
space cost: 5.148748 MB (45.496465% of original size 11.316810 MB)
Querying trie...
Done!
total time: 234.915482 ms, avg latency: 263.990320 ns
topology: 0.673512 MB, link: 1.684298 MB, data: 2.770432 MB
--- Unary Path Analysis (Marisa, cutoff=3) ---
  branches: 1290446  |  single-char: 483681 (37.5%)  short-unary: 134846 (10.4%)  links: 671919 (52.1%)
  link len: avg=7.04  max=178  total_chars=4731655
  link length distribution (len:count):  3:128200  4:106194  5:84287  6:72656  7:58516  8:44149  9:36040  10:28839  11:21753  12:17688  13:15308  14:12510  15:9745  16:7525  17:6122  18:4690  19:3698  20:2882  21:2216  22:1721  23:1367  24:1119  25:897  26:746  27:562  28:441  29:368  30:406  31:316  32:177  33:153  34:106  35:106  36:75  37:44  38:54  39:50  40:27  41:25  42:13  43:21  44:16  45:7  46:10  47:6  48:5  49:10  50:2  51:4  52:5  53:2  54:2  55:2  56:1  57:5  58:3  61:2  63:2  64:1  65:3  66:2  68:2  69:3  72:1  76:1  78:2  83:1  87:1  100:2  107:1  114:1  154:1  178:1
  short unary avg len: 2.00
481.500729,5.148748,263.990320
[PASSED]
[time 1.09 s, user 1.00 s, sys 0.09 s, maxrss 158848 KB]
[busy 115 jiffies]
[exit 0]
--- c2 case 2 rec 1   load 0.86 0.95 0.95
[TEST C2-MARISA]
Processing dataset...
Done!
Building trie...
trie size: 2.034968 MB
trie size: 2.021012 MB
Done!
build time: 567.933841 ms (638.225438 ns per key)
space cost: 4.528195 MB (40.013003% of original size 11.316810 MB)
Querying trie...
Done!
total time: 288.480209 ms, avg latency: 324.184605 ns
topology: 0.839943 MB, link: 1.648341 MB, data: 2.019403 MB
--- Unary Path Analysis (Marisa, cutoff=3) ---
  branches: 1290446  |  single-char: 483681 (37.5%)  short-unary: 134846 (10.4%)  links: 671919 (52.1%)
  link len: avg=7.04  max=178  total_chars=4731655
  link length distribution (len:count):  3:128200  4:106194  5:84287  6:72656  7:58516  8:44149  9:36040  10:28839  11:21753  12:17688  13:15308  14:12510  15:9745  16:7525  17:6122  18:4690  19:3698  20:2882  21:2216  22:1721  23:1367  24:1119  25:897  26:746  27:562  28:441  29:368  30:406  31:316  32:177  33:153  34:106  35:106  36:75  37:44  38:54  39:50  40:27  41:25  42:13  43:21  44:16  45:7  46:10  47:6  48:5  49:10  50:2  51:4  52:5  53:2  54:2  55:2  56:1  57:5  58:3  61:2  63:2  64:1  65:3  66:2  68:2  69:3  72:1  76:1  78:2  83:1  87:1  100:2  107:1  114:1  154:1  178:1
  short unary avg len: 2.00
567.933841,4.528195,324.184605
[PASSED]
[time 1.25 s, user 1.14 s, sys 0.10 s, maxrss 158792 KB]
[busy 135 jiffies]
[exit 0]
--- c2 case 2 rec 2   load 0.86 0.95 0.95
[TEST C2-MARISA]
Processing dataset...
Done!
Building trie...
trie size: 2.034968 MB
trie size: 2.021012 MB
trie size: 0.240847 MB
Done!
build time: 582.252216 ms (654.315958 ns per key)
space cost: 4.528195 MB (40.013003% of original size 11.316810 MB)
Querying trie...
Done!
total time: 289.774443 ms, avg latency: 325.639022 ns
topology: 0.839943 MB, link: 1.648341 MB, data: 2.019403 MB
--- Unary Path Analysis (Marisa, cutoff=3) ---
  branches: 1290446  |  single-char: 483681 (37.5%)  short-unary: 134846 (10.4%)  links: 671919 (52.1%)
  link len: avg=7.04  max=178  total_chars=4731655
  link length distribution (len:count):  3:128200  4:106194  5:84287  6:72656  7:58516  8:44149  9:36040  10:28839  11:21753  12:17688  13:15308  14:12510  15:9745  16:7525  17:6122  18:4690  19:3698  20:2882  21:2216  22:1721  23:1367  24:1119  25:897  26:746  27:562  28:441  29:368  30:406  31:316  32:177  33:153  34:106  35:106  36:75  37:44  38:54  39:50  40:27  41:25  42:13  43:21  44:16  45:7  46:10  47:6  48:5  49:10  50:2  51:4  52:5  53:2  54:2  55:2  56:1  57:5  58:3  61:2  63:2  64:1  65:3  66:2  68:2  69:3  72:1  76:1  78:2  83:1  87:1  100:2  107:1  114:1  154:1  178:1
  short unary avg len: 2.00
582.252216,4.528195,325.639022
[PASSED]
[time 1.26 s, user 1.16 s, sys 0.09 s, maxrss 159028 KB]
[busy 136 jiffies]
[exit 0]
--- c2 case 3 rec 0   load 0.79 0.93 0.95
[TEST FST]
Processing dataset...
Done!
Building trie...
Done!
build time: 505.156897 ms (567.678766 ns per key)
space cost: 5.878841 MB (51.947869% of original size 11.316810 MB)
Querying trie...
Done!
total time: 496.071138 ms, avg latency: 557.468487 ns
not implemented
505.156897,5.878841,557.468487
[PASSED]
[time 1.39 s, user 1.32 s, sys 0.06 s, maxrss 86656 KB]
[busy 148 jiffies]
[exit 0]
--- c2 case 4 rec 0   load 0.79 0.93 0.95
[TEST COCO]
Processing dataset...
Done!
Building trie...
num nodes = 375656, average depth = 5.235279
ef = 0.000442, pa = 0.203029, bv = 0.001044, de = 0.703223
efr = 0.002106, par = 0.078420, bvr = 0.000029, der = 0.011708
Done!
build time: 7797.578536 ms (8762.663211 ns per key)
space cost: 7.666221 MB (67.741891% of original size 11.316810 MB)
Querying trie...
Done!
total time: 428.486947 ms, avg latency: 481.519588 ns
not implemented
7797.578536,7.666221,481.519588
[PASSED]
[time 8.99 s, user 6.95 s, sys 2.00 s, maxrss 4347252 KB]
[busy 927 jiffies]
[exit 0]
--- c2 case 5 rec 0   load 0.83 0.94 0.95
[TEST MARISA]
Processing dataset...
Done!
Building trie...
Done!
build time: 377.735517 ms (424.486795 ns per key)
space cost: 5.316237 MB (46.976468% of original size 11.316810 MB)
Querying trie...
Done!
total time: 338.438669 ms, avg latency: 380.326285 ns
not implemented
377.735517,5.316237,380.326285
[PASSED]
[time 1.11 s, user 1.01 s, sys 0.09 s, maxrss 132180 KB]
[busy 117 jiffies]
[exit 0]
--- c2 case 5 rec 1   load 0.76 0.92 0.94
[TEST MARISA]
Processing dataset...
Done!
Building trie...
Done!
build time: 425.274227 ms (477.909239 ns per key)
space cost: 4.038295 MB (35.684039% of original size 11.316810 MB)
Querying trie...
Done!
total time: 447.798618 ms, avg latency: 503.221411 ns
not implemented
425.274227,4.038295,503.221411
[PASSED]
[time 1.26 s, user 1.18 s, sys 0.07 s, maxrss 132180 KB]
[busy 133 jiffies]
[exit 0]
--- c2 case 5 rec 2   load 0.76 0.92 0.94
[TEST MARISA]
Processing dataset...
Done!
Building trie...
Done!
build time: 436.177072 ms (490.161499 ns per key)
space cost: 3.830196 MB (33.845196% of original size 11.316810 MB)
Querying trie...
Done!
total time: 478.014806 ms, avg latency: 537.177373 ns
not implemented
436.177072,3.830196,537.177373
[PASSED]
[time 1.30 s, user 1.20 s, sys 0.09 s, maxrss 132172 KB]
[busy 142 jiffies]
[exit 0]
--- c2 case 6 rec 0   load 0.70 0.91 0.94
[TEST PDT]
Processing dataset...
Done!
Building trie...
dict size: 158766, stream size: 3178838
Done!
build time: 1629.681558 ms (1831.382726 ns per key)
space cost: 4.318639 MB (38.161275% of original size 11.316810 MB)
Querying trie...
Done!
total time: 465.485264 ms, avg latency: 523.097084 ns
not implemented
1629.681558,4.318639,523.097084
[PASSED]
[time 2.50 s, user 2.41 s, sys 0.08 s, maxrss 137176 KB]
[busy 260 jiffies]
[exit 0]
--- c2 case 7 rec 0   load 0.70 0.91 0.94
[TEST ART]
Processing dataset...
Done!
Building trie...
Done!
build time: 99.081218 ms (111.344226 ns per key)
space cost: 28.637695 MB (253.054493% of original size 11.316810 MB)
Querying trie...
Done!
total time: 254.910096 ms, avg latency: 286.459612 ns
not implemented
99.081218,28.637695,286.459612
[PASSED]
[time 0.75 s, user 0.67 s, sys 0.07 s, maxrss 123648 KB]
[busy 80 jiffies]
[exit 0]
--- c2 case 8 rec 0   load 0.64 0.89 0.93
[TEST CART]
Processing dataset...
Done!
Building trie...
Done!
build time: 139.775383 ms (157.074995 ns per key)
space cost: 12.686618 MB (112.104190% of original size 11.316810 MB)
Querying trie...
Done!
total time: 308.967730 ms, avg latency: 347.207809 ns
not implemented
139.775383,12.686618,347.207809
[PASSED]
[time 0.85 s, user 0.78 s, sys 0.06 s, maxrss 121028 KB]
[busy 92 jiffies]
[exit 0]
--- xcdat 7   load 0.64 0.89 0.93
build time: 372.191946 ms
space cost: 7.451407 MiB (65.843711% of original size 11.316810 MiB)
avg latency: 169.551799 ns
372.191946,7.451407,169.551799
[time 0.94 s, user 0.85 s, sys 0.08 s, maxrss 125204 KB]
[busy 99 jiffies]
[exit 0]
--- xcdat 8   load 0.64 0.89 0.93
build time: 350.668337 ms
space cost: 7.063261 MiB (62.413889% of original size 11.316810 MiB)
avg latency: 167.154320 ns
350.668337,7.063261,167.154320
[time 0.90 s, user 0.80 s, sys 0.09 s, maxrss 124892 KB]
[busy 96 jiffies]
[exit 0]
--- xcdat 15   load 0.67 0.89 0.93
build time: 365.986612 ms
space cost: 8.417356 MiB (74.379227% of original size 11.316810 MiB)
avg latency: 137.675907 ns
365.986612,8.417356,137.675907
[time 0.90 s, user 0.80 s, sys 0.08 s, maxrss 124888 KB]
[busy 97 jiffies]
[exit 0]
--- xcdat 16   load 0.67 0.89 0.93
build time: 347.166004 ms
space cost: 8.791730 MiB (77.687354% of original size 11.316810 MiB)
avg latency: 140.799231 ns
347.166004,8.791730,140.799231
[time 0.87 s, user 0.78 s, sys 0.09 s, maxrss 125016 KB]
[busy 93 jiffies]
[exit 0]

##### titles-en-1000000 (1000000 lines, 21984647 bytes)   round 3/3   2026-09-19T12:33:48+03:00
--- lexindex dict32   load 0.67 0.89 0.93
1000000 keys
lexindex DictIndex block 32: build 447 ms, size 7.489 MiB (7.853 B/key), latency cold 395.4 ns, then mean 392.7 / min 387.5 ns
446.761,7.489206,395.399
[time 2.53 s, user 5.32 s, sys 0.39 s, maxrss 308916 KB]
[busy 594 jiffies]
[exit 0]
--- lexindex dict256   load 0.78 0.91 0.94
1000000 keys
lexindex DictIndex block 256: build 457 ms, size 7.060 MiB (7.403 B/key), latency cold 427.9 ns, then mean 420.0 / min 418.7 ns
456.654,7.059999,427.922
[time 2.67 s, user 5.45 s, sys 0.43 s, maxrss 310704 KB]
[busy 609 jiffies]
[exit 0]
--- lexindex dict1024   load 0.80 0.91 0.94
1000000 keys
lexindex DictIndex block 1024: build 501 ms, size 6.896 MiB (7.231 B/key), latency cold 495.9 ns, then mean 490.2 / min 489.9 ns
500.977,6.896215,495.860
[time 2.98 s, user 4.80 s, sys 0.34 s, maxrss 321328 KB]
[busy 536 jiffies]
[exit 0]
--- lexindex string   load 0.81 0.91 0.94
1000000 keys
lexindex StringIndex: build 1000 ms, size 16.482 MiB (17.283 B/key), latency cold 445.1 ns, then mean 441.9 / min 438.0 ns
999.706,16.482312,445.129
[time 3.26 s, user 3.15 s, sys 0.09 s, maxrss 163544 KB]
[busy 343 jiffies]
[exit 0]
--- c2 case 0 rec 0   load 0.75 0.90 0.93
[TEST C2-FST]
Processing dataset...
Done!
Building trie...
Done!
build time: 1010.558734 ms (1010.558734 ns per key)
space cost: 11.326162 MB (56.595386% of original size 20.012519 MB)
Querying trie...
Done!
total time: 482.589836 ms, avg latency: 482.589836 ns
topology: 1.047974 MB, link: 2.330659 MB, data: 7.947530 MB
--- Unary Path Analysis (FST, cutoff=4) ---
  shared unary steps in main trie: 632648
  terminal suffixes: inplace=148307 (avg len=2.14)  links=794871 (84.3% of terminal)
  link len: avg=12.03  max=232  total_chars=9558452
  link length distribution (len:count):  4:67686  5:69275  6:65423  7:58787  8:51921  9:47544  10:42795  11:38054  12:34227  13:30736  14:30694  15:28260  16:25308  17:22807  18:19264  19:17586  20:15912  21:14224  22:12066  23:10759  24:9477  25:8347  26:7925  27:7112  28:6113  29:5746  30:5072  31:4462  32:3927  33:3658  34:3228  35:2847  36:2644  37:2353  38:2038  39:1870  40:1644  41:1489  42:1315  43:1143  44:928  45:846  46:722  47:679  48:610  49:543  50:459  51:451  52:342  53:339  54:284  55:273  56:239  57:215  58:214  59:177  60:158  61:140  62:127  63:109  64:95  65:79  66:80  67:78  68:75  69:69  70:68  71:54  72:51  73:42  74:46  75:42  76:35  77:41  78:38  79:39  80:21  81:18  82:21  83:19  84:14  85:18  86:14  87:15  88:11  89:14  90:13  91:7  92:5  93:8  94:7  95:5  96:8  97:8  98:5  99:7  100:11  101:5  102:6  103:3  104:3  105:3  106:5  107:4  108:5  109:1  110:2  111:6  112:1  113:1  114:1  115:4  116:1  118:1  119:2  121:2  123:2  125:1  126:1  128:1  129:1  131:1  132:2  134:1  135:1  136:1  137:3  138:1  139:1  141:2  145:1  152:1  154:1  156:1  159:3  165:1  168:1  174:1  175:1  179:1  181:1  199:1  201:1  202:1  204:1  207:1  216:1  217:1  219:1  233:1
1010.558734,11.326162,482.589836
[PASSED]
[time 2.05 s, user 1.92 s, sys 0.11 s, maxrss 185296 KB]
[busy 218 jiffies]
[exit 0]
--- c2 case 0 rec 1   load 0.75 0.90 0.93
[TEST C2-FST]
Processing dataset...
Done!
Building trie...
trie size: 3.096522 MB
Done!
build time: 1316.448088 ms (1316.448088 ns per key)
space cost: 9.522977 MB (47.585099% of original size 20.012519 MB)
Querying trie...
Done!
total time: 602.864523 ms, avg latency: 602.864523 ns
topology: 1.448536 MB, link: 2.515947 MB, data: 5.558494 MB
--- Unary Path Analysis (FST, cutoff=4) ---
  shared unary steps in main trie: 632648
  terminal suffixes: inplace=148307 (avg len=2.14)  links=794871 (84.3% of terminal)
  link len: avg=12.03  max=232  total_chars=9558452
  link length distribution (len:count):  4:67686  5:69275  6:65423  7:58787  8:51921  9:47544  10:42795  11:38054  12:34227  13:30736  14:30694  15:28260  16:25308  17:22807  18:19264  19:17586  20:15912  21:14224  22:12066  23:10759  24:9477  25:8347  26:7925  27:7112  28:6113  29:5746  30:5072  31:4462  32:3927  33:3658  34:3228  35:2847  36:2644  37:2353  38:2038  39:1870  40:1644  41:1489  42:1315  43:1143  44:928  45:846  46:722  47:679  48:610  49:543  50:459  51:451  52:342  53:339  54:284  55:273  56:239  57:215  58:214  59:177  60:158  61:140  62:127  63:109  64:95  65:79  66:80  67:78  68:75  69:69  70:68  71:54  72:51  73:42  74:46  75:42  76:35  77:41  78:38  79:39  80:21  81:18  82:21  83:19  84:14  85:18  86:14  87:15  88:11  89:14  90:13  91:7  92:5  93:8  94:7  95:5  96:8  97:8  98:5  99:7  100:11  101:5  102:6  103:3  104:3  105:3  106:5  107:4  108:5  109:1  110:2  111:6  112:1  113:1  114:1  115:4  116:1  118:1  119:2  121:2  123:2  125:1  126:1  128:1  129:1  131:1  132:2  134:1  135:1  136:1  137:3  138:1  139:1  141:2  145:1  152:1  154:1  156:1  159:3  165:1  168:1  174:1  175:1  179:1  181:1  199:1  201:1  202:1  204:1  207:1  216:1  217:1  219:1  233:1
1316.448088,9.522977,602.864523
[PASSED]
[time 2.50 s, user 2.34 s, sys 0.14 s, maxrss 180588 KB]
[busy 259 jiffies]
[exit 0]
--- c2 case 0 rec 2   load 0.77 0.90 0.94
[TEST C2-FST]
Processing dataset...
Done!
Building trie...
trie size: 3.096522 MB
trie size: 0.887704 MB
Done!
build time: 1427.716595 ms (1427.716595 ns per key)
space cost: 9.522977 MB (47.585099% of original size 20.012519 MB)
Querying trie...
Done!
total time: 600.680667 ms, avg latency: 600.680667 ns
topology: 1.448536 MB, link: 2.515947 MB, data: 5.558494 MB
--- Unary Path Analysis (FST, cutoff=4) ---
  shared unary steps in main trie: 632648
  terminal suffixes: inplace=148307 (avg len=2.14)  links=794871 (84.3% of terminal)
  link len: avg=12.03  max=232  total_chars=9558452
  link length distribution (len:count):  4:67686  5:69275  6:65423  7:58787  8:51921  9:47544  10:42795  11:38054  12:34227  13:30736  14:30694  15:28260  16:25308  17:22807  18:19264  19:17586  20:15912  21:14224  22:12066  23:10759  24:9477  25:8347  26:7925  27:7112  28:6113  29:5746  30:5072  31:4462  32:3927  33:3658  34:3228  35:2847  36:2644  37:2353  38:2038  39:1870  40:1644  41:1489  42:1315  43:1143  44:928  45:846  46:722  47:679  48:610  49:543  50:459  51:451  52:342  53:339  54:284  55:273  56:239  57:215  58:214  59:177  60:158  61:140  62:127  63:109  64:95  65:79  66:80  67:78  68:75  69:69  70:68  71:54  72:51  73:42  74:46  75:42  76:35  77:41  78:38  79:39  80:21  81:18  82:21  83:19  84:14  85:18  86:14  87:15  88:11  89:14  90:13  91:7  92:5  93:8  94:7  95:5  96:8  97:8  98:5  99:7  100:11  101:5  102:6  103:3  104:3  105:3  106:5  107:4  108:5  109:1  110:2  111:6  112:1  113:1  114:1  115:4  116:1  118:1  119:2  121:2  123:2  125:1  126:1  128:1  129:1  131:1  132:2  134:1  135:1  136:1  137:3  138:1  139:1  141:2  145:1  152:1  154:1  156:1  159:3  165:1  168:1  174:1  175:1  179:1  181:1  199:1  201:1  202:1  204:1  207:1  216:1  217:1  219:1  233:1
1427.716595,9.522977,600.680667
[PASSED]
[time 2.60 s, user 2.47 s, sys 0.12 s, maxrss 181232 KB]
[busy 272 jiffies]
[exit 0]
--- c2 case 1 rec 0   load 0.71 0.89 0.93
[TEST C2-CoCo(LOUDS-Sparse)]
Processing dataset...
Done!
Building trie...
Done!
build time: 2111.907760 ms (2111.907760 ns per key)
space cost: 12.265971 MB (61.291488% of original size 20.012519 MB)
Querying trie...
Done!
total time: 730.531884 ms, avg latency: 730.531884 ns
topology: 0.432648 MB, link: 3.282862 MB, data: 8.550461 MB
2111.907760,12.265971,730.531884
[PASSED]
[time 3.40 s, user 3.19 s, sys 0.19 s, maxrss 358184 KB]
[busy 351 jiffies]
[exit 0]
--- c2 case 1 rec 1   load 0.65 0.87 0.92
[TEST C2-CoCo(LOUDS-Sparse)]
Processing dataset...
Done!
Building trie...
trie size: 3.096522 MB
Done!
build time: 2431.232529 ms (2431.232529 ns per key)
space cost: 10.462785 MB (52.281201% of original size 20.012519 MB)
Querying trie...
Done!
total time: 855.669321 ms, avg latency: 855.669321 ns
topology: 0.833210 MB, link: 3.468150 MB, data: 6.161425 MB
2431.232529,10.462785,855.669321
[PASSED]
[time 3.86 s, user 3.64 s, sys 0.19 s, maxrss 344968 KB]
[busy 400 jiffies]
[exit 0]
--- c2 case 1 rec 2   load 0.65 0.87 0.92
[TEST C2-CoCo(LOUDS-Sparse)]
Processing dataset...
Done!
Building trie...
trie size: 3.096522 MB
trie size: 0.887704 MB
Done!
build time: 2556.541609 ms (2556.541609 ns per key)
space cost: 10.462785 MB (52.281201% of original size 20.012519 MB)
Querying trie...
Done!
total time: 857.846113 ms, avg latency: 857.846113 ns
topology: 0.833210 MB, link: 3.468150 MB, data: 6.161425 MB
2556.541609,10.462785,857.846113
[PASSED]
[time 3.99 s, user 3.78 s, sys 0.18 s, maxrss 344904 KB]
[busy 410 jiffies]
[exit 0]
--- c2 case 2 rec 0   load 0.68 0.87 0.93
[TEST C2-MARISA]
Processing dataset...
Done!
Building trie...
trie size: 2.238578 MB
Done!
build time: 1017.203885 ms (1017.203885 ns per key)
space cost: 10.766413 MB (53.798389% of original size 20.012519 MB)
Querying trie...
Done!
total time: 365.588213 ms, avg latency: 365.588213 ns
topology: 0.741383 MB, link: 2.768053 MB, data: 7.236469 MB
--- Unary Path Analysis (Marisa, cutoff=3) ---
  branches: 1523874  |  single-char: 417651 (27.4%)  short-unary: 97461 (6.4%)  links: 1008762 (66.2%)
  link len: avg=12.11  max=234  total_chars=12215333
  link length distribution (len:count):  3:76859  4:82017  5:81216  6:79010  7:72564  8:64127  9:55531  10:50303  11:44703  12:39548  13:35394  14:31778  15:31462  16:28952  17:25995  18:23521  19:19840  20:18044  21:16382  22:14569  23:12399  24:11015  25:9715  26:8556  27:8141  28:7267  29:6255  30:5853  31:5207  32:4578  33:4049  34:3736  35:3293  36:2910  37:2688  38:2423  39:2074  40:1908  41:1670  42:1511  43:1333  44:1158  45:939  46:855  47:728  48:689  49:615  50:544  51:465  52:457  53:344  54:344  55:284  56:276  57:242  58:216  59:216  60:177  61:159  62:140  63:127  64:109  65:95  66:79  67:80  68:79  69:75  70:69  71:69  72:55  73:51  74:42  75:46  76:42  77:35  78:41  79:38  80:39  81:21  82:18  83:21  84:19  85:14  86:18  87:14  88:15  89:11  90:14  91:13  92:7  93:5  94:8  95:7  96:5  97:9  98:8  99:5  100:7  101:11  102:5  103:6  104:3  105:3  106:3  107:5  108:4  109:5  110:1  111:2  112:6  113:1  114:1  115:1  116:4  117:1  119:1  120:2  122:2  124:2  126:1  127:1  129:1  130:1  132:1  133:2  135:1  136:1  137:1  138:3  139:1  140:1  142:2  146:1  153:1  155:1  157:1  160:3  166:1  169:1  175:1  176:1  180:1  182:1  200:1  202:1  203:1  205:1  208:1  217:1  218:1  220:1  234:1
  short unary avg len: 2.00
1017.203885,10.766413,365.588213
[PASSED]
[time 1.94 s, user 1.79 s, sys 0.14 s, maxrss 201496 KB]
[busy 202 jiffies]
[exit 0]
--- c2 case 2 rec 1   load 0.70 0.88 0.93
[TEST C2-MARISA]
Processing dataset...
Done!
Building trie...
trie size: 2.238578 MB
trie size: 3.821277 MB
Done!
build time: 1390.144869 ms (1390.144869 ns per key)
space cost: 8.586061 MB (42.903452% of original size 20.012519 MB)
Querying trie...
Done!
total time: 504.366321 ms, avg latency: 504.366321 ns
topology: 1.213478 MB, link: 2.963206 MB, data: 4.388869 MB
--- Unary Path Analysis (Marisa, cutoff=3) ---
  branches: 1523874  |  single-char: 417651 (27.4%)  short-unary: 97461 (6.4%)  links: 1008762 (66.2%)
  link len: avg=12.11  max=234  total_chars=12215333
  link length distribution (len:count):  3:76859  4:82017  5:81216  6:79010  7:72564  8:64127  9:55531  10:50303  11:44703  12:39548  13:35394  14:31778  15:31462  16:28952  17:25995  18:23521  19:19840  20:18044  21:16382  22:14569  23:12399  24:11015  25:9715  26:8556  27:8141  28:7267  29:6255  30:5853  31:5207  32:4578  33:4049  34:3736  35:3293  36:2910  37:2688  38:2423  39:2074  40:1908  41:1670  42:1511  43:1333  44:1158  45:939  46:855  47:728  48:689  49:615  50:544  51:465  52:457  53:344  54:344  55:284  56:276  57:242  58:216  59:216  60:177  61:159  62:140  63:127  64:109  65:95  66:79  67:80  68:79  69:75  70:69  71:69  72:55  73:51  74:42  75:46  76:42  77:35  78:41  79:38  80:39  81:21  82:18  83:21  84:19  85:14  86:18  87:14  88:15  89:11  90:14  91:13  92:7  93:5  94:8  95:7  96:5  97:9  98:8  99:5  100:7  101:11  102:5  103:6  104:3  105:3  106:3  107:5  108:4  109:5  110:1  111:2  112:6  113:1  114:1  115:1  116:4  117:1  119:1  120:2  122:2  124:2  126:1  127:1  129:1  130:1  132:1  133:2  135:1  136:1  137:1  138:3  139:1  140:1  142:2  146:1  153:1  155:1  157:1  160:3  166:1  169:1  175:1  176:1  180:1  182:1  200:1  202:1  203:1  205:1  208:1  217:1  218:1  220:1  234:1
  short unary avg len: 2.00
1390.144869,8.586061,504.366321
[PASSED]
[time 2.48 s, user 2.32 s, sys 0.15 s, maxrss 197208 KB]
[busy 257 jiffies]
[exit 0]
--- c2 case 2 rec 2   load 0.73 0.88 0.93
[TEST C2-MARISA]
Processing dataset...
Done!
Building trie...
trie size: 2.238578 MB
trie size: 3.821277 MB
trie size: 1.037524 MB
Done!
build time: 1532.543513 ms (1532.543513 ns per key)
space cost: 8.586061 MB (42.903452% of original size 20.012519 MB)
Querying trie...
Done!
total time: 501.767245 ms, avg latency: 501.767245 ns
topology: 1.213478 MB, link: 2.963206 MB, data: 4.388869 MB
--- Unary Path Analysis (Marisa, cutoff=3) ---
  branches: 1523874  |  single-char: 417651 (27.4%)  short-unary: 97461 (6.4%)  links: 1008762 (66.2%)
  link len: avg=12.11  max=234  total_chars=12215333
  link length distribution (len:count):  3:76859  4:82017  5:81216  6:79010  7:72564  8:64127  9:55531  10:50303  11:44703  12:39548  13:35394  14:31778  15:31462  16:28952  17:25995  18:23521  19:19840  20:18044  21:16382  22:14569  23:12399  24:11015  25:9715  26:8556  27:8141  28:7267  29:6255  30:5853  31:5207  32:4578  33:4049  34:3736  35:3293  36:2910  37:2688  38:2423  39:2074  40:1908  41:1670  42:1511  43:1333  44:1158  45:939  46:855  47:728  48:689  49:615  50:544  51:465  52:457  53:344  54:344  55:284  56:276  57:242  58:216  59:216  60:177  61:159  62:140  63:127  64:109  65:95  66:79  67:80  68:79  69:75  70:69  71:69  72:55  73:51  74:42  75:46  76:42  77:35  78:41  79:38  80:39  81:21  82:18  83:21  84:19  85:14  86:18  87:14  88:15  89:11  90:14  91:13  92:7  93:5  94:8  95:7  96:5  97:9  98:8  99:5  100:7  101:11  102:5  103:6  104:3  105:3  106:3  107:5  108:4  109:5  110:1  111:2  112:6  113:1  114:1  115:1  116:4  117:1  119:1  120:2  122:2  124:2  126:1  127:1  129:1  130:1  132:1  133:2  135:1  136:1  137:1  138:3  139:1  140:1  142:2  146:1  153:1  155:1  157:1  160:3  166:1  169:1  175:1  176:1  180:1  182:1  200:1  202:1  203:1  205:1  208:1  217:1  218:1  220:1  234:1
  short unary avg len: 2.00
1532.543513,8.586061,501.767245
[PASSED]
[time 2.61 s, user 2.44 s, sys 0.15 s, maxrss 197160 KB]
[busy 271 jiffies]
[exit 0]
--- c2 case 3 rec 0   load 0.67 0.86 0.92
[TEST FST]
Processing dataset...
Done!
Building trie...
Done!
build time: 795.152925 ms (795.152925 ns per key)
space cost: 12.223534 MB (61.079436% of original size 20.012519 MB)
Querying trie...
Done!
total time: 694.111494 ms, avg latency: 694.111494 ns
not implemented
795.152925,12.223534,694.111494
[PASSED]
[time 2.07 s, user 1.97 s, sys 0.09 s, maxrss 130800 KB]
[busy 218 jiffies]
[exit 0]
--- c2 case 4 rec 0   skipped: exit 134 in round 1
--- c2 case 5 rec 0   load 0.67 0.86 0.92
[TEST MARISA]
Processing dataset...
Done!
Building trie...
Done!
build time: 599.349064 ms (599.349064 ns per key)
space cost: 12.537066 MB (62.646119% of original size 20.012519 MB)
Querying trie...
Done!
total time: 500.300378 ms, avg latency: 500.300378 ns
not implemented
599.349064,12.537066,500.300378
[PASSED]
[time 1.67 s, user 1.53 s, sys 0.12 s, maxrss 195100 KB]
[busy 175 jiffies]
[exit 0]
--- c2 case 5 rec 1   load 0.62 0.85 0.92
[TEST MARISA]
Processing dataset...
Done!
Building trie...
Done!
build time: 761.989787 ms (761.989787 ns per key)
space cost: 8.680676 MB (43.376231% of original size 20.012519 MB)
Querying trie...
Done!
total time: 777.616382 ms, avg latency: 777.616382 ns
not implemented
761.989787,8.680676,777.616382
[PASSED]
[time 2.11 s, user 1.97 s, sys 0.13 s, maxrss 195060 KB]
[busy 219 jiffies]
[exit 0]
--- c2 case 5 rec 2   load 0.62 0.85 0.92
[TEST MARISA]
Processing dataset...
Done!
Building trie...
Done!
build time: 811.365611 ms (811.365611 ns per key)
space cost: 7.806685 MB (39.009010% of original size 20.012519 MB)
Querying trie...
Done!
total time: 888.703647 ms, avg latency: 888.703647 ns
not implemented
811.365611,7.806685,888.703647
[PASSED]
[time 2.27 s, user 2.13 s, sys 0.12 s, maxrss 195296 KB]
[busy 233 jiffies]
[exit 0]
--- c2 case 6 rec 0   load 0.65 0.85 0.92
[TEST PDT]
Processing dataset...
Done!
Building trie...
dict size: 157446, stream size: 7395682
Done!
build time: 3396.034983 ms (3396.034983 ns per key)
space cost: 8.479283 MB (42.369895% of original size 20.012519 MB)
Querying trie...
Done!
total time: 649.518570 ms, avg latency: 649.518570 ns
not implemented
3396.034983,8.479283,649.518570
[PASSED]
[time 4.63 s, user 4.42 s, sys 0.18 s, maxrss 256704 KB]
[busy 474 jiffies]
[exit 0]
--- c2 case 7 rec 0   load 0.67 0.85 0.92
[TEST ART]
Processing dataset...
Done!
Building trie...
Done!
build time: 161.956758 ms (161.956758 ns per key)
space cost: 32.696541 MB (163.380437% of original size 20.012519 MB)
Querying trie...
Done!
total time: 394.096882 ms, avg latency: 394.096882 ns
not implemented
161.956758,32.696541,394.096882
[PASSED]
[time 1.15 s, user 1.02 s, sys 0.11 s, maxrss 176172 KB]
[busy 125 jiffies]
[exit 0]
--- c2 case 8 rec 0   load 0.62 0.84 0.91
[TEST CART]
Processing dataset...
Done!
Building trie...
Done!
build time: 209.425467 ms (209.425467 ns per key)
space cost: 14.850546 MB (74.206280% of original size 20.012519 MB)
Querying trie...
Done!
total time: 452.234607 ms, avg latency: 452.234607 ns
not implemented
209.425467,14.850546,452.234607
[PASSED]
[time 1.24 s, user 1.15 s, sys 0.09 s, maxrss 163716 KB]
[busy 131 jiffies]
[exit 0]
--- xcdat 7   load 0.62 0.84 0.91
build time: 631.709783 ms
space cost: 14.813288 MiB (74.020106% of original size 20.012519 MiB)
avg latency: 264.144935 ns
631.709783,14.813288,264.144935
[time 1.48 s, user 1.36 s, sys 0.11 s, maxrss 161648 KB]
[busy 156 jiffies]
[exit 0]
--- xcdat 8   load 0.62 0.84 0.91
build time: 603.374581 ms
space cost: 14.333878 MiB (71.624555% of original size 20.012519 MiB)
avg latency: 257.175625 ns
603.374581,14.333878,257.175625
[time 1.44 s, user 1.34 s, sys 0.10 s, maxrss 161096 KB]
[busy 152 jiffies]
[exit 0]
--- xcdat 15   load 0.65 0.84 0.91
build time: 629.698092 ms
space cost: 16.333202 MiB (81.614925% of original size 20.012519 MiB)
avg latency: 236.544594 ns
629.698092,16.333202,236.544594
[time 1.45 s, user 1.34 s, sys 0.11 s, maxrss 163708 KB]
[busy 152 jiffies]
[exit 0]
--- xcdat 16   load 0.65 0.84 0.91
build time: 600.185296 ms
space cost: 16.875467 MiB (84.324554% of original size 20.012519 MiB)
avg latency: 259.538106 ns
600.185296,16.875467,259.538106
[time 1.44 s, user 1.33 s, sys 0.10 s, maxrss 164756 KB]
[busy 153 jiffies]
[exit 0]

##### titles-ru-1000000 (1000000 lines, 36819661 bytes)   round 3/3   2026-09-19T12:35:11+03:00
--- lexindex dict32   load 0.68 0.85 0.91
1000000 keys
lexindex DictIndex block 32: build 493 ms, size 8.265 MiB (8.667 B/key), latency cold 479.2 ns, then mean 468.1 / min 466.9 ns
493.229,8.265026,479.225
[time 2.98 s, user 6.86 s, sys 0.31 s, maxrss 337920 KB]
[busy 741 jiffies]
[exit 0]
--- lexindex dict256   load 0.71 0.85 0.91
1000000 keys
lexindex DictIndex block 256: build 506 ms, size 7.451 MiB (7.813 B/key), latency cold 498.2 ns, then mean 487.3 / min 485.9 ns
506.456,7.450783,498.224
[time 3.06 s, user 7.07 s, sys 0.31 s, maxrss 344928 KB]
[busy 774 jiffies]
[exit 0]
--- lexindex dict1024   load 0.65 0.83 0.91
1000000 keys
lexindex DictIndex block 1024: build 616 ms, size 7.220 MiB (7.571 B/key), latency cold 544.5 ns, then mean 534.9 / min 529.1 ns
616.398,7.219861,544.504
[time 3.37 s, user 6.05 s, sys 0.30 s, maxrss 357924 KB]
[busy 664 jiffies]
[exit 0]
--- lexindex string   load 0.65 0.83 0.91
1000000 keys
lexindex StringIndex: build 1511 ms, size 30.276 MiB (31.746 B/key), latency cold 687.6 ns, then mean 680.5 / min 679.5 ns
1511.142,30.275526,687.595
[time 4.82 s, user 4.67 s, sys 0.13 s, maxrss 212396 KB]
[busy 501 jiffies]
[exit 0]
--- c2 case 0 rec 0   load 0.62 0.82 0.90
[TEST C2-FST]
Processing dataset...
Done!
Building trie...
Done!
build time: 1247.170313 ms (1247.170313 ns per key)
space cost: 13.454716 MB (39.387006% of original size 34.160291 MB)
Querying trie...
Done!
total time: 717.762030 ms, avg latency: 717.762030 ns
topology: 1.316696 MB, link: 2.448647 MB, data: 9.689372 MB
--- Unary Path Analysis (FST, cutoff=4) ---
  shared unary steps in main trie: 1444849
  terminal suffixes: inplace=70261 (avg len=2.02)  links=837902 (92.3% of terminal)
  link len: avg=18.90  max=238  total_chars=15835418
  link length distribution (len:count):  4:38002  5:25136  6:46678  7:25626  8:51081  9:27061  10:49555  11:26346  12:44099  13:24737  14:35638  15:24081  16:29538  17:19279  18:25434  19:16078  20:16463  21:14405  22:12877  23:14367  24:11738  25:15079  26:11391  27:16946  28:11354  29:17411  30:12058  31:16873  32:11600  33:15555  34:11210  35:12790  36:9994  37:10106  38:7923  39:7962  40:6648  41:5829  42:4930  43:4945  44:3895  45:3528  46:3382  47:2749  48:2598  49:2269  50:2117  51:1901  52:1753  53:1665  54:1553  55:1449  56:1305  57:1145  58:1092  59:1004  60:875  61:848  62:788  63:815  64:741  65:605  66:640  67:594  68:554  69:512  70:530  71:482  72:415  73:428  74:424  75:368  76:310  77:349  78:289  79:299  80:274  81:267  82:209  83:198  84:204  85:187  86:188  87:169  88:154  89:148  90:143  91:149  92:108  93:110  94:105  95:111  96:95  97:79  98:91  99:85  100:98  101:68  102:61  103:57  104:50  105:52  106:54  107:61  108:50  109:62  110:44  111:43  112:42  113:44  114:37  115:29  116:42  117:29  118:35  119:28  120:37  121:28  122:24  123:19  124:19  125:31  126:29  127:26  128:15  129:19  130:30  131:11  132:22  133:9  134:11  135:14  136:17  137:15  138:6  139:7  140:14  141:16  142:8  143:9  144:14  145:12  146:8  147:11  148:7  149:9  150:6  151:12  152:9  153:13  154:7  155:5  156:6  157:3  158:8  159:4  160:7  161:11  162:5  163:11  164:3  165:5  166:7  167:4  168:4  169:6  170:3  171:4  172:3  173:9  174:4  175:1  176:4  177:5  178:6  179:4  180:4  181:2  182:6  183:7  184:4  185:2  186:3  187:2  188:2  190:1  191:1  192:3  193:3  194:2  196:2  197:2  198:4  200:1  202:1  205:2  207:2  208:1  210:2  212:2  213:1  217:2  218:2  220:1  222:1  228:2  234:1  239:1
1247.170313,13.454716,717.762030
[PASSED]
[time 2.66 s, user 2.53 s, sys 0.12 s, maxrss 226652 KB]
[busy 276 jiffies]
[exit 0]
--- c2 case 0 rec 1   load 0.62 0.82 0.90
[TEST C2-FST]
Processing dataset...
Done!
Building trie...
trie size: 3.233313 MB
Done!
build time: 1630.123428 ms (1630.123428 ns per key)
space cost: 10.950089 MB (32.055021% of original size 34.160291 MB)
Querying trie...
Done!
total time: 743.663889 ms, avg latency: 743.663889 ns
topology: 1.728611 MB, link: 2.656099 MB, data: 6.565378 MB
--- Unary Path Analysis (FST, cutoff=4) ---
  shared unary steps in main trie: 1444849
  terminal suffixes: inplace=70261 (avg len=2.02)  links=837902 (92.3% of terminal)
  link len: avg=18.90  max=238  total_chars=15835418
  link length distribution (len:count):  4:38002  5:25136  6:46678  7:25626  8:51081  9:27061  10:49555  11:26346  12:44099  13:24737  14:35638  15:24081  16:29538  17:19279  18:25434  19:16078  20:16463  21:14405  22:12877  23:14367  24:11738  25:15079  26:11391  27:16946  28:11354  29:17411  30:12058  31:16873  32:11600  33:15555  34:11210  35:12790  36:9994  37:10106  38:7923  39:7962  40:6648  41:5829  42:4930  43:4945  44:3895  45:3528  46:3382  47:2749  48:2598  49:2269  50:2117  51:1901  52:1753  53:1665  54:1553  55:1449  56:1305  57:1145  58:1092  59:1004  60:875  61:848  62:788  63:815  64:741  65:605  66:640  67:594  68:554  69:512  70:530  71:482  72:415  73:428  74:424  75:368  76:310  77:349  78:289  79:299  80:274  81:267  82:209  83:198  84:204  85:187  86:188  87:169  88:154  89:148  90:143  91:149  92:108  93:110  94:105  95:111  96:95  97:79  98:91  99:85  100:98  101:68  102:61  103:57  104:50  105:52  106:54  107:61  108:50  109:62  110:44  111:43  112:42  113:44  114:37  115:29  116:42  117:29  118:35  119:28  120:37  121:28  122:24  123:19  124:19  125:31  126:29  127:26  128:15  129:19  130:30  131:11  132:22  133:9  134:11  135:14  136:17  137:15  138:6  139:7  140:14  141:16  142:8  143:9  144:14  145:12  146:8  147:11  148:7  149:9  150:6  151:12  152:9  153:13  154:7  155:5  156:6  157:3  158:8  159:4  160:7  161:11  162:5  163:11  164:3  165:5  166:7  167:4  168:4  169:6  170:3  171:4  172:3  173:9  174:4  175:1  176:4  177:5  178:6  179:4  180:4  181:2  182:6  183:7  184:4  185:2  186:3  187:2  188:2  190:1  191:1  192:3  193:3  194:2  196:2  197:2  198:4  200:1  202:1  205:2  207:2  208:1  210:2  212:2  213:1  217:2  218:2  220:1  222:1  228:2  234:1  239:1
1630.123428,10.950089,743.663889
[PASSED]
[time 3.09 s, user 2.92 s, sys 0.15 s, maxrss 215364 KB]
[busy 320 jiffies]
[exit 0]
--- c2 case 0 rec 2   load 0.65 0.83 0.90
[TEST C2-FST]
Processing dataset...
Done!
Building trie...
trie size: 3.233313 MB
trie size: 0.910584 MB
Done!
build time: 1761.009941 ms (1761.009941 ns per key)
space cost: 10.950089 MB (32.055021% of original size 34.160291 MB)
Querying trie...
Done!
total time: 736.714736 ms, avg latency: 736.714736 ns
topology: 1.728611 MB, link: 2.656099 MB, data: 6.565378 MB
--- Unary Path Analysis (FST, cutoff=4) ---
  shared unary steps in main trie: 1444849
  terminal suffixes: inplace=70261 (avg len=2.02)  links=837902 (92.3% of terminal)
  link len: avg=18.90  max=238  total_chars=15835418
  link length distribution (len:count):  4:38002  5:25136  6:46678  7:25626  8:51081  9:27061  10:49555  11:26346  12:44099  13:24737  14:35638  15:24081  16:29538  17:19279  18:25434  19:16078  20:16463  21:14405  22:12877  23:14367  24:11738  25:15079  26:11391  27:16946  28:11354  29:17411  30:12058  31:16873  32:11600  33:15555  34:11210  35:12790  36:9994  37:10106  38:7923  39:7962  40:6648  41:5829  42:4930  43:4945  44:3895  45:3528  46:3382  47:2749  48:2598  49:2269  50:2117  51:1901  52:1753  53:1665  54:1553  55:1449  56:1305  57:1145  58:1092  59:1004  60:875  61:848  62:788  63:815  64:741  65:605  66:640  67:594  68:554  69:512  70:530  71:482  72:415  73:428  74:424  75:368  76:310  77:349  78:289  79:299  80:274  81:267  82:209  83:198  84:204  85:187  86:188  87:169  88:154  89:148  90:143  91:149  92:108  93:110  94:105  95:111  96:95  97:79  98:91  99:85  100:98  101:68  102:61  103:57  104:50  105:52  106:54  107:61  108:50  109:62  110:44  111:43  112:42  113:44  114:37  115:29  116:42  117:29  118:35  119:28  120:37  121:28  122:24  123:19  124:19  125:31  126:29  127:26  128:15  129:19  130:30  131:11  132:22  133:9  134:11  135:14  136:17  137:15  138:6  139:7  140:14  141:16  142:8  143:9  144:14  145:12  146:8  147:11  148:7  149:9  150:6  151:12  152:9  153:13  154:7  155:5  156:6  157:3  158:8  159:4  160:7  161:11  162:5  163:11  164:3  165:5  166:7  167:4  168:4  169:6  170:3  171:4  172:3  173:9  174:4  175:1  176:4  177:5  178:6  179:4  180:4  181:2  182:6  183:7  184:4  185:2  186:3  187:2  188:2  190:1  191:1  192:3  193:3  194:2  196:2  197:2  198:4  200:1  202:1  205:2  207:2  208:1  210:2  212:2  213:1  217:2  218:2  220:1  222:1  228:2  234:1  239:1
1761.009941,10.950089,736.714736
[PASSED]
[time 3.21 s, user 3.06 s, sys 0.14 s, maxrss 215280 KB]
[busy 331 jiffies]
[exit 0]
--- c2 case 1 rec 0   load 0.68 0.83 0.91
[TEST C2-CoCo(LOUDS-Sparse)]
Processing dataset...
Done!
Building trie...
Done!
build time: 3475.752361 ms (3475.752361 ns per key)
space cost: 14.618523 MB (42.793905% of original size 34.160291 MB)
Querying trie...
Done!
total time: 1011.025120 ms, avg latency: 1011.025120 ns
topology: 0.472511 MB, link: 3.816133 MB, data: 10.329878 MB
3475.752361,14.618523,1011.025120
[PASSED]
[time 5.18 s, user 4.93 s, sys 0.23 s, maxrss 445628 KB]
[busy 536 jiffies]
[exit 0]
--- c2 case 1 rec 1   load 0.71 0.83 0.91
[TEST C2-CoCo(LOUDS-Sparse)]
Processing dataset...
Done!
Building trie...
trie size: 3.233313 MB
Done!
build time: 3870.228977 ms (3870.228977 ns per key)
space cost: 12.113895 MB (35.461921% of original size 34.160291 MB)
Querying trie...
Done!
total time: 1017.171714 ms, avg latency: 1017.171714 ns
topology: 0.884426 MB, link: 4.023585 MB, data: 7.205884 MB
3870.228977,12.113895,1017.171714
[PASSED]
[time 5.59 s, user 5.34 s, sys 0.22 s, maxrss 432640 KB]
[busy 578 jiffies]
[exit 0]
--- c2 case 1 rec 2   load 0.67 0.82 0.90
[TEST C2-CoCo(LOUDS-Sparse)]
Processing dataset...
Done!
Building trie...
trie size: 3.233313 MB
trie size: 0.910584 MB
Done!
build time: 3994.591827 ms (3994.591827 ns per key)
space cost: 12.113895 MB (35.461921% of original size 34.160291 MB)
Querying trie...
Done!
total time: 1036.764825 ms, avg latency: 1036.764825 ns
topology: 0.884426 MB, link: 4.023585 MB, data: 7.205884 MB
3994.591827,12.113895,1036.764825
[PASSED]
[time 5.73 s, user 5.48 s, sys 0.22 s, maxrss 432588 KB]
[busy 592 jiffies]
[exit 0]
--- c2 case 2 rec 0   load 0.70 0.82 0.90
[TEST C2-MARISA]
Processing dataset...
Done!
Building trie...
trie size: 2.484302 MB
Done!
build time: 1214.698354 ms (1214.698354 ns per key)
space cost: 12.012337 MB (35.164621% of original size 34.160291 MB)
Querying trie...
Done!
total time: 522.560571 ms, avg latency: 522.560571 ns
topology: 0.823292 MB, link: 2.965906 MB, data: 8.202631 MB
--- Unary Path Analysis (Marisa, cutoff=3) ---
  branches: 1657128  |  single-char: 447774 (27.0%)  short-unary: 128432 (7.8%)  links: 1080922 (65.2%)
  link len: avg=17.77  max=240  total_chars=19212544
  link length distribution (len:count):  3:87321  4:48292  5:58975  6:36358  7:58121  8:33015  9:59626  10:32247  11:55687  12:30072  13:49121  14:27545  15:39628  16:26319  17:32373  18:20972  19:27510  20:17247  21:17760  22:15297  23:13707  24:14933  25:12396  26:15583  27:11863  28:17395  29:11704  30:17896  31:12395  32:17216  33:11862  34:15819  35:11459  36:13046  37:10194  38:10344  39:8104  40:8139  41:6769  42:6000  43:5033  44:5077  45:3963  46:3720  47:3456  48:2871  49:2663  50:2321  51:2168  52:1981  53:1813  54:1693  55:1597  56:1488  57:1344  58:1172  59:1122  60:1025  61:904  62:871  63:814  64:834  65:767  66:626  67:663  68:607  69:568  70:524  71:545  72:489  73:428  74:436  75:441  76:375  77:319  78:357  79:299  80:304  81:282  82:274  83:213  84:203  85:208  86:189  87:193  88:179  89:159  90:153  91:146  92:153  93:110  94:115  95:107  96:113  97:98  98:81  99:92  100:91  101:100  102:69  103:62  104:60  105:53  106:53  107:55  108:63  109:50  110:63  111:44  112:45  113:43  114:49  115:38  116:32  117:45  118:31  119:36  120:28  121:37  122:28  123:24  124:20  125:19  126:32  127:29  128:26  129:15  130:19  131:30  132:11  133:22  134:9  135:11  136:14  137:18  138:15  139:6  140:8  141:14  142:16  143:8  144:10  145:14  146:12  147:8  148:11  149:7  150:9  151:6  152:12  153:9  154:13  155:7  156:5  157:6  158:3  159:8  160:4  161:7  162:11  163:6  164:11  165:3  166:5  167:7  168:4  169:5  170:6  171:3  172:4  173:3  174:9  175:4  176:1  177:4  178:5  179:7  180:4  181:4  182:2  183:6  184:7  185:4  186:2  187:3  188:2  189:2  191:1  192:1  193:3  194:3  195:2  197:2  198:2  199:4  201:1  203:1  206:2  208:2  209:1  211:2  213:2  214:1  218:2  219:2  221:1  223:1  229:2  235:1  240:1
  short unary avg len: 2.00
1214.698354,12.012337,522.560571
[PASSED]
[time 2.45 s, user 2.28 s, sys 0.16 s, maxrss 243660 KB]
[busy 258 jiffies]
[exit 0]
--- c2 case 2 rec 1   load 0.64 0.81 0.90
[TEST C2-MARISA]
Processing dataset...
Done!
Building trie...
trie size: 2.484302 MB
trie size: 4.015308 MB
Done!
build time: 1639.391459 ms (1639.391459 ns per key)
space cost: 9.221785 MB (26.995627% of original size 34.160291 MB)
Querying trie...
Done!
total time: 383.432386 ms, avg latency: 383.432386 ns
topology: 1.302711 MB, link: 3.189349 MB, data: 4.709216 MB
--- Unary Path Analysis (Marisa, cutoff=3) ---
  branches: 1657128  |  single-char: 447774 (27.0%)  short-unary: 128432 (7.8%)  links: 1080922 (65.2%)
  link len: avg=17.77  max=240  total_chars=19212544
  link length distribution (len:count):  3:87321  4:48292  5:58975  6:36358  7:58121  8:33015  9:59626  10:32247  11:55687  12:30072  13:49121  14:27545  15:39628  16:26319  17:32373  18:20972  19:27510  20:17247  21:17760  22:15297  23:13707  24:14933  25:12396  26:15583  27:11863  28:17395  29:11704  30:17896  31:12395  32:17216  33:11862  34:15819  35:11459  36:13046  37:10194  38:10344  39:8104  40:8139  41:6769  42:6000  43:5033  44:5077  45:3963  46:3720  47:3456  48:2871  49:2663  50:2321  51:2168  52:1981  53:1813  54:1693  55:1597  56:1488  57:1344  58:1172  59:1122  60:1025  61:904  62:871  63:814  64:834  65:767  66:626  67:663  68:607  69:568  70:524  71:545  72:489  73:428  74:436  75:441  76:375  77:319  78:357  79:299  80:304  81:282  82:274  83:213  84:203  85:208  86:189  87:193  88:179  89:159  90:153  91:146  92:153  93:110  94:115  95:107  96:113  97:98  98:81  99:92  100:91  101:100  102:69  103:62  104:60  105:53  106:53  107:55  108:63  109:50  110:63  111:44  112:45  113:43  114:49  115:38  116:32  117:45  118:31  119:36  120:28  121:37  122:28  123:24  124:20  125:19  126:32  127:29  128:26  129:15  130:19  131:30  132:11  133:22  134:9  135:11  136:14  137:18  138:15  139:6  140:8  141:14  142:16  143:8  144:10  145:14  146:12  147:8  148:11  149:7  150:9  151:6  152:12  153:9  154:13  155:7  156:5  157:6  158:3  159:8  160:4  161:7  162:11  163:6  164:11  165:3  166:5  167:7  168:4  169:5  170:6  171:3  172:4  173:3  174:9  175:4  176:1  177:4  178:5  179:7  180:4  181:4  182:2  183:6  184:7  185:4  186:2  187:3  188:2  189:2  191:1  192:1  193:3  194:3  195:2  197:2  198:2  199:4  201:1  203:1  206:2  208:2  209:1  211:2  213:2  214:1  218:2  219:2  221:1  223:1  229:2  235:1  240:1
  short unary avg len: 2.00
1639.391459,9.221785,383.432386
[PASSED]
[time 2.74 s, user 2.55 s, sys 0.17 s, maxrss 226936 KB]
[busy 283 jiffies]
[exit 0]
--- c2 case 2 rec 2   load 0.64 0.81 0.90
[TEST C2-MARISA]
Processing dataset...
Done!
Building trie...
trie size: 2.484302 MB
trie size: 4.015308 MB
trie size: 1.015766 MB
Done!
build time: 1772.807938 ms (1772.807938 ns per key)
space cost: 8.714260 MB (25.509912% of original size 34.160291 MB)
Querying trie...
Done!
total time: 394.430489 ms, avg latency: 394.430489 ns
topology: 1.481594 MB, link: 3.266720 MB, data: 3.945438 MB
--- Unary Path Analysis (Marisa, cutoff=3) ---
  branches: 1657128  |  single-char: 447774 (27.0%)  short-unary: 128432 (7.8%)  links: 1080922 (65.2%)
  link len: avg=17.77  max=240  total_chars=19212544
  link length distribution (len:count):  3:87321  4:48292  5:58975  6:36358  7:58121  8:33015  9:59626  10:32247  11:55687  12:30072  13:49121  14:27545  15:39628  16:26319  17:32373  18:20972  19:27510  20:17247  21:17760  22:15297  23:13707  24:14933  25:12396  26:15583  27:11863  28:17395  29:11704  30:17896  31:12395  32:17216  33:11862  34:15819  35:11459  36:13046  37:10194  38:10344  39:8104  40:8139  41:6769  42:6000  43:5033  44:5077  45:3963  46:3720  47:3456  48:2871  49:2663  50:2321  51:2168  52:1981  53:1813  54:1693  55:1597  56:1488  57:1344  58:1172  59:1122  60:1025  61:904  62:871  63:814  64:834  65:767  66:626  67:663  68:607  69:568  70:524  71:545  72:489  73:428  74:436  75:441  76:375  77:319  78:357  79:299  80:304  81:282  82:274  83:213  84:203  85:208  86:189  87:193  88:179  89:159  90:153  91:146  92:153  93:110  94:115  95:107  96:113  97:98  98:81  99:92  100:91  101:100  102:69  103:62  104:60  105:53  106:53  107:55  108:63  109:50  110:63  111:44  112:45  113:43  114:49  115:38  116:32  117:45  118:31  119:36  120:28  121:37  122:28  123:24  124:20  125:19  126:32  127:29  128:26  129:15  130:19  131:30  132:11  133:22  134:9  135:11  136:14  137:18  138:15  139:6  140:8  141:14  142:16  143:8  144:10  145:14  146:12  147:8  148:11  149:7  150:9  151:6  152:12  153:9  154:13  155:7  156:5  157:6  158:3  159:8  160:4  161:7  162:11  163:6  164:11  165:3  166:5  167:7  168:4  169:5  170:6  171:3  172:4  173:3  174:9  175:4  176:1  177:4  178:5  179:7  180:4  181:4  182:2  183:6  184:7  185:4  186:2  187:3  188:2  189:2  191:1  192:1  193:3  194:3  195:2  197:2  198:2  199:4  201:1  203:1  206:2  208:2  209:1  211:2  213:2  214:1  218:2  219:2  221:1  223:1  229:2  235:1  240:1
  short unary avg len: 2.00
1772.807938,8.714260,394.430489
[PASSED]
[time 2.87 s, user 2.70 s, sys 0.15 s, maxrss 227288 KB]
[busy 297 jiffies]
[exit 0]
--- c2 case 3 rec 0   load 0.67 0.81 0.90
[TEST FST]
Processing dataset...
Done!
Building trie...
Done!
build time: 1178.347224 ms (1178.347224 ns per key)
space cost: 15.406425 MB (45.100393% of original size 34.160291 MB)
Querying trie...
Done!
total time: 1204.096315 ms, avg latency: 1204.096315 ns
not implemented
1178.347224,15.406425,1204.096315
[PASSED]
[time 3.11 s, user 2.99 s, sys 0.10 s, maxrss 177196 KB]
[busy 324 jiffies]
[exit 0]
--- c2 case 4 rec 0   skipped: exit 134 in round 1
--- c2 case 5 rec 0   load 0.70 0.82 0.90
[TEST MARISA]
Processing dataset...
Done!
Building trie...
Done!
build time: 751.374714 ms (751.374714 ns per key)
space cost: 14.925114 MB (43.691413% of original size 34.160291 MB)
Querying trie...
Done!
total time: 684.009634 ms, avg latency: 684.009634 ns
not implemented
751.374714,14.925114,684.009634
[PASSED]
[time 2.15 s, user 1.98 s, sys 0.16 s, maxrss 231240 KB]
[busy 223 jiffies]
[exit 0]
--- c2 case 5 rec 1   load 0.64 0.80 0.90
[TEST MARISA]
Processing dataset...
Done!
Building trie...
Done!
build time: 944.291619 ms (944.291619 ns per key)
space cost: 9.445531 MB (27.650616% of original size 34.160291 MB)
Querying trie...
Done!
total time: 1075.454882 ms, avg latency: 1075.454882 ns
not implemented
944.291619,9.445531,1075.454882
[PASSED]
[time 2.73 s, user 2.57 s, sys 0.14 s, maxrss 231440 KB]
[busy 286 jiffies]
[exit 0]
--- c2 case 5 rec 2   load 0.64 0.80 0.90
[TEST MARISA]
Processing dataset...
Done!
Building trie...
Done!
build time: 996.895981 ms (996.895981 ns per key)
space cost: 8.209226 MB (24.031487% of original size 34.160291 MB)
Querying trie...
Done!
total time: 1225.860767 ms, avg latency: 1225.860767 ns
not implemented
996.895981,8.209226,1225.860767
[PASSED]
[time 2.91 s, user 2.74 s, sys 0.15 s, maxrss 230932 KB]
[busy 305 jiffies]
[exit 0]
--- c2 case 6 rec 0   load 0.67 0.81 0.90
[TEST PDT]
Processing dataset...
Done!
Building trie...
dict size: 149058, stream size: 8676288
Done!
build time: 2750.346904 ms (2750.346904 ns per key)
space cost: 9.692565 MB (28.373778% of original size 34.160291 MB)
Querying trie...
Done!
total time: 776.587617 ms, avg latency: 776.587617 ns
not implemented
2750.346904,9.692565,776.587617
[PASSED]
[time 4.24 s, user 4.03 s, sys 0.19 s, maxrss 238044 KB]
[busy 438 jiffies]
[exit 0]
--- c2 case 7 rec 0   load 0.70 0.81 0.90
[TEST ART]
Processing dataset...
Done!
Building trie...
Done!
build time: 233.772573 ms (233.772573 ns per key)
space cost: 37.032776 MB (108.408843% of original size 34.160291 MB)
Querying trie...
Done!
total time: 571.413813 ms, avg latency: 571.413813 ns
not implemented
233.772573,37.032776,571.413813
[PASSED]
[time 1.54 s, user 1.40 s, sys 0.13 s, maxrss 239144 KB]
[busy 162 jiffies]
[exit 0]
--- c2 case 8 rec 0   load 0.72 0.81 0.90
[TEST CART]
Processing dataset...
Done!
Building trie...
Done!
build time: 288.397314 ms (288.397314 ns per key)
space cost: 17.935776 MB (52.504752% of original size 34.160291 MB)
Querying trie...
Done!
total time: 647.885019 ms, avg latency: 647.885019 ns
not implemented
288.397314,17.935776,647.885019
[PASSED]
[time 1.66 s, user 1.54 s, sys 0.11 s, maxrss 228408 KB]
[busy 174 jiffies]
[exit 0]
--- xcdat 7   load 0.72 0.81 0.90
build time: 824.137739 ms
space cost: 18.793670 MiB (55.016129% of original size 34.160291 MiB)
avg latency: 388.004590 ns
824.137739,18.793670,388.004590
[time 1.92 s, user 1.77 s, sys 0.14 s, maxrss 207420 KB]
[busy 199 jiffies]
[exit 0]
--- xcdat 8   load 0.82 0.83 0.90
build time: 771.232531 ms
space cost: 18.486019 MiB (54.115521% of original size 34.160291 MiB)
avg latency: 379.743051 ns
771.232531,18.486019,379.743051
[time 1.86 s, user 1.70 s, sys 0.15 s, maxrss 207448 KB]
[busy 196 jiffies]
[exit 0]
--- xcdat 15   load 0.82 0.83 0.90
build time: 812.921646 ms
space cost: 22.013930 MiB (64.443041% of original size 34.160291 MiB)
avg latency: 364.044942 ns
812.921646,22.013930,364.044942
[time 1.88 s, user 1.74 s, sys 0.13 s, maxrss 213424 KB]
[busy 197 jiffies]
[exit 0]
--- xcdat 16   load 0.84 0.84 0.91
build time: 776.160955 ms
space cost: 22.860906 MiB (66.922456% of original size 34.160291 MiB)
avg latency: 377.664072 ns
776.160955,22.860906,377.664072
[time 1.86 s, user 1.70 s, sys 0.15 s, maxrss 213248 KB]
[busy 193 jiffies]
[exit 0]

##### titles-zh-1000000 (1000000 lines, 17871822 bytes)   round 3/3   2026-09-19T12:36:49+03:00
--- lexindex dict32   load 0.77 0.82 0.90
1000000 keys
lexindex DictIndex block 32: build 334 ms, size 6.343 MiB (6.651 B/key), latency cold 361.4 ns, then mean 356.6 / min 352.5 ns
334.068,6.342973,361.435
[time 2.28 s, user 4.34 s, sys 0.30 s, maxrss 259160 KB]
[busy 488 jiffies]
[exit 0]
--- lexindex dict256   load 0.77 0.82 0.90
1000000 keys
lexindex DictIndex block 256: build 342 ms, size 6.001 MiB (6.292 B/key), latency cold 399.8 ns, then mean 397.4 / min 397.0 ns
342.390,6.000659,399.843
[time 2.46 s, user 4.59 s, sys 0.30 s, maxrss 259236 KB]
[busy 516 jiffies]
[exit 0]
--- lexindex dict1024   load 0.79 0.83 0.90
1000000 keys
lexindex DictIndex block 1024: build 383 ms, size 5.831 MiB (6.114 B/key), latency cold 469.8 ns, then mean 460.3 / min 459.4 ns
383.320,5.830638,469.813
[time 2.76 s, user 4.10 s, sys 0.27 s, maxrss 271744 KB]
[busy 457 jiffies]
[exit 0]
--- lexindex string   load 0.73 0.81 0.90
1000000 keys
lexindex StringIndex: build 770 ms, size 16.712 MiB (17.523 B/key), latency cold 384.4 ns, then mean 373.8 / min 370.7 ns
769.925,16.711605,384.416
[time 2.77 s, user 2.68 s, sys 0.08 s, maxrss 151924 KB]
[busy 294 jiffies]
[exit 0]
--- c2 case 0 rec 0   load 0.73 0.81 0.90
[TEST C2-FST]
Processing dataset...
Done!
Building trie...
Done!
build time: 657.575414 ms (657.575414 ns per key)
space cost: 9.315402 MB (57.894796% of original size 16.090223 MB)
Querying trie...
Done!
total time: 416.056040 ms, avg latency: 416.056040 ns
topology: 1.013481 MB, link: 1.860200 MB, data: 6.441721 MB
--- Unary Path Analysis (FST, cutoff=4) ---
  shared unary steps in main trie: 533155
  terminal suffixes: inplace=237541 (avg len=1.85)  links=651614 (73.3% of terminal)
  link len: avg=9.49  max=219  total_chars=6184530
  link length distribution (len:count):  4:101787  5:75109  6:33236  7:70197  8:54797  9:28682  10:45020  11:39800  12:18111  13:26128  14:25316  15:13287  16:18412  17:17629  18:7811  19:11663  20:10322  21:4897  22:7909  23:6587  24:3201  25:5027  26:3953  27:2124  28:3009  29:2707  30:1318  31:2090  32:1807  33:932  34:1302  35:1246  36:576  37:856  38:792  39:335  40:596  41:485  42:228  43:398  44:289  45:126  46:187  47:184  48:83  49:123  50:115  51:56  52:76  53:79  54:43  55:73  56:58  57:28  58:35  59:27  60:9  61:32  62:19  63:18  64:20  65:11  66:19  67:16  68:13  69:6  70:14  71:16  72:6  73:9  74:5  75:5  76:7  77:5  78:2  79:17  80:2  81:7  82:8  83:7  84:3  85:7  86:7  87:3  88:3  89:2  90:4  91:3  92:3  93:1  94:1  95:3  96:5  97:1  98:4  101:2  102:1  103:1  104:1  106:2  107:1  112:2  113:1  115:1  116:1  120:1  121:1  122:1  124:1  130:1  138:1  148:1  151:1  155:2  184:1  188:1  204:1  220:1
657.575414,9.315402,416.056040
[PASSED]
[time 1.56 s, user 1.44 s, sys 0.10 s, maxrss 186336 KB]
[busy 163 jiffies]
[exit 0]
--- c2 case 0 rec 1   load 0.75 0.82 0.90
[TEST C2-FST]
Processing dataset...
Done!
Building trie...
trie size: 2.382156 MB
Done!
build time: 830.114113 ms (830.114113 ns per key)
space cost: 7.814046 MB (48.563937% of original size 16.090223 MB)
Querying trie...
Done!
total time: 424.578350 ms, avg latency: 424.578350 ns
topology: 1.289776 MB, link: 2.002253 MB, data: 4.522017 MB
--- Unary Path Analysis (FST, cutoff=4) ---
  shared unary steps in main trie: 533155
  terminal suffixes: inplace=237541 (avg len=1.85)  links=651614 (73.3% of terminal)
  link len: avg=9.49  max=219  total_chars=6184530
  link length distribution (len:count):  4:101787  5:75109  6:33236  7:70197  8:54797  9:28682  10:45020  11:39800  12:18111  13:26128  14:25316  15:13287  16:18412  17:17629  18:7811  19:11663  20:10322  21:4897  22:7909  23:6587  24:3201  25:5027  26:3953  27:2124  28:3009  29:2707  30:1318  31:2090  32:1807  33:932  34:1302  35:1246  36:576  37:856  38:792  39:335  40:596  41:485  42:228  43:398  44:289  45:126  46:187  47:184  48:83  49:123  50:115  51:56  52:76  53:79  54:43  55:73  56:58  57:28  58:35  59:27  60:9  61:32  62:19  63:18  64:20  65:11  66:19  67:16  68:13  69:6  70:14  71:16  72:6  73:9  74:5  75:5  76:7  77:5  78:2  79:17  80:2  81:7  82:8  83:7  84:3  85:7  86:7  87:3  88:3  89:2  90:4  91:3  92:3  93:1  94:1  95:3  96:5  97:1  98:4  101:2  102:1  103:1  104:1  106:2  107:1  112:2  113:1  115:1  116:1  120:1  121:1  122:1  124:1  130:1  138:1  148:1  151:1  155:2  184:1  188:1  204:1  220:1
830.114113,7.814046,424.578350
[PASSED]
[time 1.76 s, user 1.63 s, sys 0.12 s, maxrss 186456 KB]
[busy 184 jiffies]
[exit 0]
--- c2 case 0 rec 2   load 0.69 0.80 0.89
[TEST C2-FST]
Processing dataset...
Done!
Building trie...
trie size: 2.382156 MB
trie size: 0.519189 MB
Done!
build time: 885.839624 ms (885.839624 ns per key)
space cost: 7.814046 MB (48.563937% of original size 16.090223 MB)
Querying trie...
Done!
total time: 433.358033 ms, avg latency: 433.358033 ns
topology: 1.289776 MB, link: 2.002253 MB, data: 4.522017 MB
--- Unary Path Analysis (FST, cutoff=4) ---
  shared unary steps in main trie: 533155
  terminal suffixes: inplace=237541 (avg len=1.85)  links=651614 (73.3% of terminal)
  link len: avg=9.49  max=219  total_chars=6184530
  link length distribution (len:count):  4:101787  5:75109  6:33236  7:70197  8:54797  9:28682  10:45020  11:39800  12:18111  13:26128  14:25316  15:13287  16:18412  17:17629  18:7811  19:11663  20:10322  21:4897  22:7909  23:6587  24:3201  25:5027  26:3953  27:2124  28:3009  29:2707  30:1318  31:2090  32:1807  33:932  34:1302  35:1246  36:576  37:856  38:792  39:335  40:596  41:485  42:228  43:398  44:289  45:126  46:187  47:184  48:83  49:123  50:115  51:56  52:76  53:79  54:43  55:73  56:58  57:28  58:35  59:27  60:9  61:32  62:19  63:18  64:20  65:11  66:19  67:16  68:13  69:6  70:14  71:16  72:6  73:9  74:5  75:5  76:7  77:5  78:2  79:17  80:2  81:7  82:8  83:7  84:3  85:7  86:7  87:3  88:3  89:2  90:4  91:3  92:3  93:1  94:1  95:3  96:5  97:1  98:4  101:2  102:1  103:1  104:1  106:2  107:1  112:2  113:1  115:1  116:1  120:1  121:1  122:1  124:1  130:1  138:1  148:1  151:1  155:2  184:1  188:1  204:1  220:1
885.839624,7.814046,433.358033
[PASSED]
[time 1.82 s, user 1.68 s, sys 0.13 s, maxrss 186220 KB]
[busy 192 jiffies]
[exit 0]
--- c2 case 1 rec 0   load 0.69 0.80 0.89
[TEST C2-CoCo(LOUDS-Sparse)]
Processing dataset...
Done!
Building trie...
Done!
build time: 1633.504504 ms (1633.504504 ns per key)
space cost: 10.076944 MB (62.627748% of original size 16.090223 MB)
Querying trie...
Done!
total time: 621.100822 ms, avg latency: 621.100822 ns
topology: 0.428116 MB, link: 2.771456 MB, data: 6.877373 MB
1633.504504,10.076944,621.100822
[PASSED]
[time 2.74 s, user 2.55 s, sys 0.18 s, maxrss 344000 KB]
[busy 287 jiffies]
[exit 0]
--- c2 case 1 rec 1   load 0.71 0.81 0.89
[TEST C2-CoCo(LOUDS-Sparse)]
Processing dataset...
Done!
Building trie...
trie size: 2.382156 MB
Done!
build time: 1804.777984 ms (1804.777984 ns per key)
space cost: 8.575588 MB (53.296888% of original size 16.090223 MB)
Querying trie...
Done!
total time: 637.385222 ms, avg latency: 637.385222 ns
topology: 0.704411 MB, link: 2.913508 MB, data: 4.957669 MB
1804.777984,8.575588,637.385222
[PASSED]
[time 2.95 s, user 2.75 s, sys 0.18 s, maxrss 343592 KB]
[busy 306 jiffies]
[exit 0]
--- c2 case 1 rec 2   load 0.74 0.81 0.89
[TEST C2-CoCo(LOUDS-Sparse)]
Processing dataset...
Done!
Building trie...
trie size: 2.382156 MB
trie size: 0.519189 MB
Done!
build time: 1847.079610 ms (1847.079610 ns per key)
space cost: 8.575588 MB (53.296888% of original size 16.090223 MB)
Querying trie...
Done!
total time: 632.592593 ms, avg latency: 632.592593 ns
topology: 0.704411 MB, link: 2.913508 MB, data: 4.957669 MB
1847.079610,8.575588,632.592593
[PASSED]
[time 2.98 s, user 2.78 s, sys 0.18 s, maxrss 343852 KB]
[busy 310 jiffies]
[exit 0]
--- c2 case 2 rec 0   load 0.74 0.81 0.89
[TEST C2-MARISA]
Processing dataset...
Done!
Building trie...
trie size: 2.376703 MB
Done!
build time: 728.780021 ms (728.780021 ns per key)
space cost: 9.316646 MB (57.902525% of original size 16.090223 MB)
Querying trie...
Done!
total time: 325.778320 ms, avg latency: 325.778320 ns
topology: 0.787403 MB, link: 2.444094 MB, data: 6.064641 MB
--- Unary Path Analysis (Marisa, cutoff=3) ---
  branches: 1581104  |  single-char: 512959 (32.4%)  short-unary: 177539 (11.2%)  links: 890606 (56.3%)
  link len: avg=9.57  max=221  total_chars=8521548
  link length distribution (len:count):  3:117743  4:70413  5:118917  6:85174  7:37680  8:75877  9:57977  10:30193  11:47337  12:41279  13:18765  14:27062  15:25994  16:13620  17:18901  18:18001  19:8082  20:11948  21:10483  22:5017  23:8072  24:6695  25:3249  26:5099  27:4017  28:2164  29:3054  30:2749  31:1341  32:2116  33:1821  34:942  35:1314  36:1256  37:587  38:865  39:798  40:341  41:600  42:486  43:231  44:401  45:290  46:126  47:187  48:184  49:84  50:123  51:115  52:56  53:77  54:82  55:43  56:74  57:60  58:29  59:35  60:27  61:10  62:32  63:19  64:19  65:20  66:11  67:19  68:16  69:13  70:6  71:14  72:16  73:6  74:9  75:5  76:5  77:7  78:5  79:2  80:17  81:2  82:7  83:8  84:7  85:3  86:7  87:7  88:3  89:3  90:2  91:4  92:3  93:3  94:1  95:1  96:4  97:5  98:1  99:4  102:2  103:1  104:1  105:1  107:2  108:1  113:2  114:1  116:1  117:1  121:1  122:1  123:1  125:1  131:1  139:1  149:1  152:1  156:2  185:1  189:1  205:1  221:1
  short unary avg len: 2.00
728.780021,9.316646,325.778320
[PASSED]
[time 1.53 s, user 1.40 s, sys 0.12 s, maxrss 216488 KB]
[busy 162 jiffies]
[exit 0]
--- c2 case 2 rec 1   load 0.76 0.81 0.90
[TEST C2-MARISA]
Processing dataset...
Done!
Building trie...
trie size: 2.376703 MB
trie size: 3.200656 MB
Done!
build time: 925.964187 ms (925.964187 ns per key)
space cost: 7.215687 MB (44.845163% of original size 16.090223 MB)
Querying trie...
Done!
total time: 284.983827 ms, avg latency: 284.983827 ns
topology: 1.146584 MB, link: 2.476871 MB, data: 3.571725 MB
--- Unary Path Analysis (Marisa, cutoff=3) ---
  branches: 1581104  |  single-char: 512959 (32.4%)  short-unary: 177539 (11.2%)  links: 890606 (56.3%)
  link len: avg=9.57  max=221  total_chars=8521548
  link length distribution (len:count):  3:117743  4:70413  5:118917  6:85174  7:37680  8:75877  9:57977  10:30193  11:47337  12:41279  13:18765  14:27062  15:25994  16:13620  17:18901  18:18001  19:8082  20:11948  21:10483  22:5017  23:8072  24:6695  25:3249  26:5099  27:4017  28:2164  29:3054  30:2749  31:1341  32:2116  33:1821  34:942  35:1314  36:1256  37:587  38:865  39:798  40:341  41:600  42:486  43:231  44:401  45:290  46:126  47:187  48:184  49:84  50:123  51:115  52:56  53:77  54:82  55:43  56:74  57:60  58:29  59:35  60:27  61:10  62:32  63:19  64:19  65:20  66:11  67:19  68:16  69:13  70:6  71:14  72:16  73:6  74:9  75:5  76:5  77:7  78:5  79:2  80:17  81:2  82:7  83:8  84:7  85:3  86:7  87:7  88:3  89:3  90:2  91:4  92:3  93:3  94:1  95:1  96:4  97:5  98:1  99:4  102:2  103:1  104:1  105:1  107:2  108:1  113:2  114:1  116:1  117:1  121:1  122:1  123:1  125:1  131:1  139:1  149:1  152:1  156:2  185:1  189:1  205:1  221:1
  short unary avg len: 2.00
925.964187,7.215687,284.983827
[PASSED]
[time 1.71 s, user 1.56 s, sys 0.14 s, maxrss 216188 KB]
[busy 178 jiffies]
[exit 0]
--- c2 case 2 rec 2   load 0.76 0.81 0.90
[TEST C2-MARISA]
Processing dataset...
Done!
Building trie...
trie size: 2.376703 MB
trie size: 3.200656 MB
trie size: 0.643222 MB
Done!
build time: 989.434315 ms (989.434315 ns per key)
space cost: 7.215687 MB (44.845163% of original size 16.090223 MB)
Querying trie...
Done!
total time: 286.410209 ms, avg latency: 286.410209 ns
topology: 1.146584 MB, link: 2.476871 MB, data: 3.571725 MB
--- Unary Path Analysis (Marisa, cutoff=3) ---
  branches: 1581104  |  single-char: 512959 (32.4%)  short-unary: 177539 (11.2%)  links: 890606 (56.3%)
  link len: avg=9.57  max=221  total_chars=8521548
  link length distribution (len:count):  3:117743  4:70413  5:118917  6:85174  7:37680  8:75877  9:57977  10:30193  11:47337  12:41279  13:18765  14:27062  15:25994  16:13620  17:18901  18:18001  19:8082  20:11948  21:10483  22:5017  23:8072  24:6695  25:3249  26:5099  27:4017  28:2164  29:3054  30:2749  31:1341  32:2116  33:1821  34:942  35:1314  36:1256  37:587  38:865  39:798  40:341  41:600  42:486  43:231  44:401  45:290  46:126  47:187  48:184  49:84  50:123  51:115  52:56  53:77  54:82  55:43  56:74  57:60  58:29  59:35  60:27  61:10  62:32  63:19  64:19  65:20  66:11  67:19  68:16  69:13  70:6  71:14  72:16  73:6  74:9  75:5  76:5  77:7  78:5  79:2  80:17  81:2  82:7  83:8  84:7  85:3  86:7  87:7  88:3  89:3  90:2  91:4  92:3  93:3  94:1  95:1  96:4  97:5  98:1  99:4  102:2  103:1  104:1  105:1  107:2  108:1  113:2  114:1  116:1  117:1  121:1  122:1  123:1  125:1  131:1  139:1  149:1  152:1  156:2  185:1  189:1  205:1  221:1
  short unary avg len: 2.00
989.434315,7.215687,286.410209
[PASSED]
[time 1.78 s, user 1.63 s, sys 0.14 s, maxrss 216120 KB]
[busy 189 jiffies]
[exit 0]
--- c2 case 3 rec 0   load 0.78 0.82 0.90
[TEST FST]
Processing dataset...
Done!
Building trie...
Done!
build time: 666.263135 ms (666.263135 ns per key)
space cost: 9.251146 MB (57.495450% of original size 16.090223 MB)
Querying trie...
Done!
total time: 605.202637 ms, avg latency: 605.202637 ns
not implemented
666.263135,9.251146,605.202637
[PASSED]
[time 1.77 s, user 1.68 s, sys 0.07 s, maxrss 110820 KB]
[busy 183 jiffies]
[exit 0]
--- c2 case 4 rec 0   skipped: exit 134 in round 1
--- c2 case 5 rec 0   load 0.72 0.80 0.89
[TEST MARISA]
Processing dataset...
Done!
Building trie...
Done!
build time: 526.821039 ms (526.821039 ns per key)
space cost: 9.064179 MB (56.333459% of original size 16.090223 MB)
Querying trie...
Done!
total time: 463.724534 ms, avg latency: 463.724534 ns
not implemented
526.821039,9.064179,463.724534
[PASSED]
[time 1.49 s, user 1.38 s, sys 0.10 s, maxrss 182148 KB]
[busy 158 jiffies]
[exit 0]
--- c2 case 5 rec 1   load 0.72 0.80 0.89
[TEST MARISA]
Processing dataset...
Done!
Building trie...
Done!
build time: 635.069760 ms (635.069760 ns per key)
space cost: 6.703102 MB (41.659472% of original size 16.090223 MB)
Querying trie...
Done!
total time: 675.971014 ms, avg latency: 675.971014 ns
not implemented
635.069760,6.703102,675.971014
[PASSED]
[time 1.81 s, user 1.68 s, sys 0.11 s, maxrss 182356 KB]
[busy 193 jiffies]
[exit 0]
--- c2 case 5 rec 2   load 0.66 0.79 0.89
[TEST MARISA]
Processing dataset...
Done!
Building trie...
Done!
build time: 671.998998 ms (671.998998 ns per key)
space cost: 6.233802 MB (38.742793% of original size 16.090223 MB)
Querying trie...
Done!
total time: 752.773603 ms, avg latency: 752.773603 ns
not implemented
671.998998,6.233802,752.773603
[PASSED]
[time 1.90 s, user 1.77 s, sys 0.11 s, maxrss 182248 KB]
[busy 200 jiffies]
[exit 0]
--- c2 case 6 rec 0   load 0.66 0.79 0.89
[TEST PDT]
Processing dataset...
Done!
Building trie...
dict size: 161960, stream size: 6363323
Done!
build time: 3159.848833 ms (3159.848833 ns per key)
space cost: 7.499054 MB (46.606276% of original size 16.090223 MB)
Querying trie...
Done!
total time: 602.725761 ms, avg latency: 602.725761 ns
not implemented
3159.848833,7.499054,602.725761
[PASSED]
[time 4.24 s, user 4.12 s, sys 0.10 s, maxrss 166832 KB]
[busy 441 jiffies]
[exit 0]
--- c2 case 7 rec 0   load 0.69 0.79 0.89
[TEST ART]
Processing dataset...
Done!
Building trie...
Done!
build time: 134.217132 ms (134.217132 ns per key)
space cost: 33.565483 MB (208.607938% of original size 16.090223 MB)
Querying trie...
Done!
total time: 338.968872 ms, avg latency: 338.968872 ns
not implemented
134.217132,33.565483,338.968872
[PASSED]
[time 0.98 s, user 0.87 s, sys 0.10 s, maxrss 155944 KB]
[busy 103 jiffies]
[exit 0]
--- c2 case 8 rec 0   load 0.71 0.80 0.89
[TEST CART]
Processing dataset...
Done!
Building trie...
Done!
build time: 183.689555 ms (183.689555 ns per key)
space cost: 15.100161 MB (93.846806% of original size 16.090223 MB)
Querying trie...
Done!
total time: 419.858835 ms, avg latency: 419.858835 ns
not implemented
183.689555,15.100161,419.858835
[PASSED]
[time 1.13 s, user 1.04 s, sys 0.07 s, maxrss 146808 KB]
[busy 121 jiffies]
[exit 0]
--- xcdat 7   load 0.71 0.80 0.89
build time: 546.643617 ms
space cost: 11.666194 MiB (72.504860% of original size 16.090223 MiB)
avg latency: 227.908975 ns
546.643617,11.666194,227.908975
[time 1.29 s, user 1.18 s, sys 0.10 s, maxrss 148176 KB]
[busy 135 jiffies]
[exit 0]
--- xcdat 8   load 0.65 0.78 0.88
build time: 504.801445 ms
space cost: 11.129195 MiB (69.167438% of original size 16.090223 MiB)
avg latency: 210.534500 ns
504.801445,11.129195,210.534500
[time 1.23 s, user 1.12 s, sys 0.10 s, maxrss 147824 KB]
[busy 129 jiffies]
[exit 0]
--- xcdat 15   load 0.65 0.78 0.88
build time: 529.053056 ms
space cost: 12.949578 MiB (80.481035% of original size 16.090223 MiB)
avg latency: 187.648415 ns
529.053056,12.949578,187.648415
[time 1.23 s, user 1.12 s, sys 0.09 s, maxrss 148632 KB]
[busy 131 jiffies]
[exit 0]
--- xcdat 16   load 0.60 0.77 0.88
build time: 505.660109 ms
space cost: 13.463712 MiB (83.676351% of original size 16.090223 MiB)
avg latency: 198.510922 ns
505.660109,13.463712,198.510922
[time 1.22 s, user 1.11 s, sys 0.10 s, maxrss 149412 KB]
[busy 129 jiffies]
[exit 0]

##### urls-1000000 (1000000 lines, 53361181 bytes)   round 3/3   2026-09-19T12:38:01+03:00
--- lexindex dict32   load 0.60 0.77 0.88
1000000 keys
lexindex DictIndex block 32: build 451 ms, size 8.445 MiB (8.856 B/key), latency cold 455.3 ns, then mean 445.0 / min 443.0 ns
450.697,8.445328,455.307
[time 2.84 s, user 5.67 s, sys 0.41 s, maxrss 358568 KB]
[busy 638 jiffies]
[exit 0]
--- lexindex dict256   load 0.63 0.77 0.88
1000000 keys
lexindex DictIndex block 256: build 463 ms, size 7.186 MiB (7.535 B/key), latency cold 487.3 ns, then mean 478.7 / min 476.1 ns
462.663,7.185664,487.258
[time 2.98 s, user 5.89 s, sys 0.42 s, maxrss 361780 KB]
[busy 654 jiffies]
[exit 0]
--- lexindex dict1024   load 0.58 0.76 0.88
1000000 keys
lexindex DictIndex block 1024: build 511 ms, size 6.944 MiB (7.281 B/key), latency cold 551.2 ns, then mean 548.2 / min 543.0 ns
510.898,6.943998,551.199
[time 3.31 s, user 5.17 s, sys 0.37 s, maxrss 369908 KB]
[busy 585 jiffies]
[exit 0]
--- lexindex string   load 0.58 0.76 0.88
1000000 keys
lexindex StringIndex: build 1124 ms, size 16.099 MiB (16.881 B/key), latency cold 610.9 ns, then mean 610.1 / min 609.1 ns
1124.445,16.099341,610.854
[time 4.14 s, user 4.02 s, sys 0.10 s, maxrss 219676 KB]
[busy 437 jiffies]
[exit 0]
--- c2 case 0 rec 0   load 0.62 0.76 0.88
[TEST C2-FST]
Processing dataset...
Done!
Building trie...
Done!
build time: 1200.685981 ms (1200.685981 ns per key)
space cost: 11.640069 MB (23.310202% of original size 49.935513 MB)
Querying trie...
Done!
total time: 808.631995 ms, avg latency: 808.631995 ns
topology: 1.074997 MB, link: 2.347375 MB, data: 8.217697 MB
--- Unary Path Analysis (FST, cutoff=4) ---
  shared unary steps in main trie: 711966
  terminal suffixes: inplace=143732 (avg len=2.14)  links=800966 (84.8% of terminal)
  link len: avg=13.15  max=596  total_chars=10531952
  link length distribution (len:count):  4:63058  5:62039  6:59659  7:54131  8:47449  9:44821  10:40952  11:37727  12:34320  13:30594  14:29226  15:26885  16:26206  17:21450  18:19914  19:21120  20:19131  21:16702  22:14529  23:13405  24:12440  25:10970  26:9615  27:8669  28:7752  29:7002  30:6267  31:5704  32:4931  33:4493  34:4087  35:3562  36:3323  37:3007  38:2533  39:2401  40:2145  41:1856  42:1793  43:1565  44:1379  45:1246  46:1005  47:985  48:849  49:826  50:642  51:609  52:482  53:442  54:385  55:389  56:339  57:263  58:263  59:238  60:228  61:217  62:184  63:166  64:151  65:119  66:125  67:156  68:131  69:105  70:94  71:74  72:74  73:77  74:67  75:66  76:74  77:39  78:49  79:44  80:45  81:42  82:48  83:36  84:31  85:34  86:39  87:18  88:23  89:15  90:18  91:31  92:24  93:20  94:16  95:16  96:16  97:12  98:16  99:14  100:17  101:16  102:2  103:18  104:4  105:3  106:10  107:11  108:9  109:19  110:13  111:7  112:6  113:5  114:3  115:8  116:5  117:6  118:7  119:10  120:11  121:9  122:10  123:8  124:9  125:7  126:5  127:7  128:18  129:5  130:4  131:10  132:3  133:4  134:4  135:4  136:3  137:4  139:2  140:3  141:2  142:2  143:4  144:7  145:1  146:5  147:5  148:1  149:4  150:4  152:1  153:6  154:3  155:1  156:2  157:1  158:1  159:1  161:2  162:1  163:2  164:1  165:1  166:1  167:3  168:3  170:1  174:1  177:2  180:3  182:2  183:1  184:2  188:1  189:3  190:1  191:1  192:1  193:1  194:1  195:2  199:1  202:2  204:2  206:1  207:1  209:2  211:1  213:1  215:2  219:1  220:1  222:1  224:1  225:1  226:1  229:1  233:1  236:1  238:2  240:1  241:1  246:1  247:1  249:1  252:1  254:1  256:1  260:1  264:1  271:1  311:1  337:1  383:1  506:1  597:1
1200.685981,11.640069,808.631995
[PASSED]
[time 2.79 s, user 2.62 s, sys 0.16 s, maxrss 231400 KB]
[busy 289 jiffies]
[exit 0]
--- c2 case 0 rec 1   load 0.65 0.77 0.88
[TEST C2-FST]
Processing dataset...
Done!
Building trie...
trie size: 3.124794 MB
Done!
build time: 1563.352142 ms (1563.352142 ns per key)
space cost: 9.773470 MB (19.572183% of original size 49.935513 MB)
Querying trie...
Done!
total time: 954.414032 ms, avg latency: 954.414032 ns
topology: 1.480076 MB, link: 2.557474 MB, data: 5.735920 MB
--- Unary Path Analysis (FST, cutoff=4) ---
  shared unary steps in main trie: 711966
  terminal suffixes: inplace=143732 (avg len=2.14)  links=800966 (84.8% of terminal)
  link len: avg=13.15  max=596  total_chars=10531952
  link length distribution (len:count):  4:63058  5:62039  6:59659  7:54131  8:47449  9:44821  10:40952  11:37727  12:34320  13:30594  14:29226  15:26885  16:26206  17:21450  18:19914  19:21120  20:19131  21:16702  22:14529  23:13405  24:12440  25:10970  26:9615  27:8669  28:7752  29:7002  30:6267  31:5704  32:4931  33:4493  34:4087  35:3562  36:3323  37:3007  38:2533  39:2401  40:2145  41:1856  42:1793  43:1565  44:1379  45:1246  46:1005  47:985  48:849  49:826  50:642  51:609  52:482  53:442  54:385  55:389  56:339  57:263  58:263  59:238  60:228  61:217  62:184  63:166  64:151  65:119  66:125  67:156  68:131  69:105  70:94  71:74  72:74  73:77  74:67  75:66  76:74  77:39  78:49  79:44  80:45  81:42  82:48  83:36  84:31  85:34  86:39  87:18  88:23  89:15  90:18  91:31  92:24  93:20  94:16  95:16  96:16  97:12  98:16  99:14  100:17  101:16  102:2  103:18  104:4  105:3  106:10  107:11  108:9  109:19  110:13  111:7  112:6  113:5  114:3  115:8  116:5  117:6  118:7  119:10  120:11  121:9  122:10  123:8  124:9  125:7  126:5  127:7  128:18  129:5  130:4  131:10  132:3  133:4  134:4  135:4  136:3  137:4  139:2  140:3  141:2  142:2  143:4  144:7  145:1  146:5  147:5  148:1  149:4  150:4  152:1  153:6  154:3  155:1  156:2  157:1  158:1  159:1  161:2  162:1  163:2  164:1  165:1  166:1  167:3  168:3  170:1  174:1  177:2  180:3  182:2  183:1  184:2  188:1  189:3  190:1  191:1  192:1  193:1  194:1  195:2  199:1  202:2  204:2  206:1  207:1  209:2  211:1  213:1  215:2  219:1  220:1  222:1  224:1  225:1  226:1  229:1  233:1  236:1  238:2  240:1  241:1  246:1  247:1  249:1  252:1  254:1  256:1  260:1  264:1  271:1  311:1  337:1  383:1  506:1  597:1
1563.352142,9.773470,954.414032
[PASSED]
[time 3.32 s, user 3.12 s, sys 0.18 s, maxrss 228552 KB]
[busy 344 jiffies]
[exit 0]
--- c2 case 0 rec 2   load 0.68 0.77 0.88
[TEST C2-FST]
Processing dataset...
Done!
Building trie...
trie size: 3.124794 MB
trie size: 0.926831 MB
Done!
build time: 1662.520309 ms (1662.520309 ns per key)
space cost: 9.773470 MB (19.572183% of original size 49.935513 MB)
Querying trie...
Done!
total time: 968.782838 ms, avg latency: 968.782838 ns
topology: 1.480076 MB, link: 2.557474 MB, data: 5.735920 MB
--- Unary Path Analysis (FST, cutoff=4) ---
  shared unary steps in main trie: 711966
  terminal suffixes: inplace=143732 (avg len=2.14)  links=800966 (84.8% of terminal)
  link len: avg=13.15  max=596  total_chars=10531952
  link length distribution (len:count):  4:63058  5:62039  6:59659  7:54131  8:47449  9:44821  10:40952  11:37727  12:34320  13:30594  14:29226  15:26885  16:26206  17:21450  18:19914  19:21120  20:19131  21:16702  22:14529  23:13405  24:12440  25:10970  26:9615  27:8669  28:7752  29:7002  30:6267  31:5704  32:4931  33:4493  34:4087  35:3562  36:3323  37:3007  38:2533  39:2401  40:2145  41:1856  42:1793  43:1565  44:1379  45:1246  46:1005  47:985  48:849  49:826  50:642  51:609  52:482  53:442  54:385  55:389  56:339  57:263  58:263  59:238  60:228  61:217  62:184  63:166  64:151  65:119  66:125  67:156  68:131  69:105  70:94  71:74  72:74  73:77  74:67  75:66  76:74  77:39  78:49  79:44  80:45  81:42  82:48  83:36  84:31  85:34  86:39  87:18  88:23  89:15  90:18  91:31  92:24  93:20  94:16  95:16  96:16  97:12  98:16  99:14  100:17  101:16  102:2  103:18  104:4  105:3  106:10  107:11  108:9  109:19  110:13  111:7  112:6  113:5  114:3  115:8  116:5  117:6  118:7  119:10  120:11  121:9  122:10  123:8  124:9  125:7  126:5  127:7  128:18  129:5  130:4  131:10  132:3  133:4  134:4  135:4  136:3  137:4  139:2  140:3  141:2  142:2  143:4  144:7  145:1  146:5  147:5  148:1  149:4  150:4  152:1  153:6  154:3  155:1  156:2  157:1  158:1  159:1  161:2  162:1  163:2  164:1  165:1  166:1  167:3  168:3  170:1  174:1  177:2  180:3  182:2  183:1  184:2  188:1  189:3  190:1  191:1  192:1  193:1  194:1  195:2  199:1  202:2  204:2  206:1  207:1  209:2  211:1  213:1  215:2  219:1  220:1  222:1  224:1  225:1  226:1  229:1  233:1  236:1  238:2  240:1  241:1  246:1  247:1  249:1  252:1  254:1  256:1  260:1  264:1  271:1  311:1  337:1  383:1  506:1  597:1
1662.520309,9.773470,968.782838
[PASSED]
[time 3.41 s, user 3.23 s, sys 0.16 s, maxrss 228320 KB]
[busy 351 jiffies]
[exit 0]
--- c2 case 1 rec 0   load 0.70 0.78 0.88
[TEST C2-CoCo(LOUDS-Sparse)]
Processing dataset...
Done!
Building trie...
Done!
build time: 2477.106795 ms (2477.106795 ns per key)
space cost: 12.005466 MB (24.041940% of original size 49.935513 MB)
Querying trie...
Done!
total time: 884.535696 ms, avg latency: 884.535696 ns
topology: 0.422745 MB, link: 3.209543 MB, data: 8.373178 MB
2477.106795,12.005466,884.535696
[PASSED]
[time 4.12 s, user 3.89 s, sys 0.21 s, maxrss 407864 KB]
[busy 424 jiffies]
[exit 0]
--- c2 case 1 rec 1   load 0.73 0.78 0.88
[TEST C2-CoCo(LOUDS-Sparse)]
Processing dataset...
Done!
Building trie...
trie size: 3.124794 MB
Done!
build time: 2831.417683 ms (2831.417683 ns per key)
space cost: 10.138867 MB (20.303920% of original size 49.935513 MB)
Querying trie...
Done!
total time: 1028.547436 ms, avg latency: 1028.547436 ns
topology: 0.827824 MB, link: 3.419642 MB, data: 5.891401 MB
2831.417683,10.138867,1028.547436
[PASSED]
[time 4.64 s, user 4.39 s, sys 0.23 s, maxrss 397804 KB]
[busy 478 jiffies]
[exit 0]
--- c2 case 1 rec 2   load 0.75 0.78 0.88
[TEST C2-CoCo(LOUDS-Sparse)]
Processing dataset...
Done!
Building trie...
trie size: 3.124794 MB
trie size: 0.926831 MB
Done!
build time: 2957.621443 ms (2957.621443 ns per key)
space cost: 10.138867 MB (20.303920% of original size 49.935513 MB)
Querying trie...
Done!
total time: 1040.553011 ms, avg latency: 1040.553011 ns
topology: 0.827824 MB, link: 3.419642 MB, data: 5.891401 MB
2957.621443,10.138867,1040.553011
[PASSED]
[time 4.78 s, user 4.52 s, sys 0.23 s, maxrss 398540 KB]
[busy 493 jiffies]
[exit 0]
--- c2 case 2 rec 0   load 0.77 0.79 0.88
[TEST C2-MARISA]
Processing dataset...
Done!
Building trie...
trie size: 2.244002 MB
Done!
build time: 1180.872130 ms (1180.872130 ns per key)
space cost: 10.960715 MB (21.949740% of original size 49.935513 MB)
Querying trie...
Done!
total time: 455.744823 ms, avg latency: 455.744823 ns
topology: 0.743214 MB, link: 2.809175 MB, data: 7.387818 MB
--- Unary Path Analysis (Marisa, cutoff=3) ---
  branches: 1527762  |  single-char: 409800 (26.8%)  short-unary: 94203 (6.2%)  links: 1023759 (67.0%)
  link len: avg=12.97  max=598  total_chars=13282609
  link length distribution (len:count):  3:78091  4:83418  5:77115  6:71727  7:67342  8:60401  9:52007  10:48612  11:43341  12:39688  13:35797  14:31899  15:30173  16:27648  17:26857  18:22212  19:20563  20:21642  21:19617  22:17114  23:14842  24:13684  25:12695  26:11175  27:9829  28:8848  29:7935  30:7132  31:6445  32:5847  33:5055  34:4589  35:4148  36:3637  37:3382  38:3086  39:2567  40:2441  41:2168  42:1886  43:1827  44:1585  45:1405  46:1260  47:1016  48:995  49:861  50:844  51:650  52:616  53:486  54:450  55:392  56:393  57:345  58:266  59:265  60:240  61:230  62:219  63:185  64:166  65:151  66:119  67:125  68:158  69:131  70:105  71:94  72:74  73:75  74:77  75:68  76:66  77:74  78:40  79:49  80:44  81:45  82:43  83:48  84:36  85:31  86:35  87:40  88:19  89:24  90:15  91:18  92:31  93:24  94:20  95:16  96:16  97:16  98:12  99:16  100:14  101:17  102:16  103:2  104:18  105:4  106:3  107:10  108:11  109:9  110:19  111:13  112:7  113:6  114:5  115:3  116:8  117:5  118:6  119:8  120:10  121:11  122:9  123:10  124:8  125:9  126:7  127:5  128:7  129:18  130:5  131:4  132:10  133:3  134:4  135:4  136:4  137:4  138:4  140:2  141:3  142:2  143:2  144:4  145:7  146:1  147:5  148:5  149:1  150:4  151:4  153:1  154:6  155:3  156:1  157:2  158:1  159:1  160:1  162:2  163:1  164:2  165:1  166:1  167:1  168:3  169:3  171:1  175:1  178:2  181:3  183:2  184:1  185:2  189:1  190:3  191:1  192:1  193:1  194:1  195:1  196:2  200:1  203:2  205:2  207:1  208:1  210:2  212:1  214:1  216:2  220:1  221:1  223:1  225:1  226:1  227:1  230:1  234:1  237:1  239:2  241:1  242:1  247:1  248:1  250:1  253:1  255:1  257:1  261:1  265:1  272:1  312:1  338:1  384:1  507:1  598:1
  short unary avg len: 2.00
1180.872130,10.960715,455.744823
[PASSED]
[time 2.42 s, user 2.22 s, sys 0.18 s, maxrss 246932 KB]
[busy 252 jiffies]
[exit 0]
--- c2 case 2 rec 1   load 0.79 0.79 0.88
[TEST C2-MARISA]
Processing dataset...
Done!
Building trie...
trie size: 2.244002 MB
trie size: 3.864603 MB
Done!
build time: 1582.803521 ms (1582.803521 ns per key)
space cost: 8.779989 MB (17.582655% of original size 49.935513 MB)
Querying trie...
Done!
total time: 609.333123 ms, avg latency: 609.333123 ns
topology: 1.217873 MB, link: 3.069385 MB, data: 4.472224 MB
--- Unary Path Analysis (Marisa, cutoff=3) ---
  branches: 1527762  |  single-char: 409800 (26.8%)  short-unary: 94203 (6.2%)  links: 1023759 (67.0%)
  link len: avg=12.97  max=598  total_chars=13282609
  link length distribution (len:count):  3:78091  4:83418  5:77115  6:71727  7:67342  8:60401  9:52007  10:48612  11:43341  12:39688  13:35797  14:31899  15:30173  16:27648  17:26857  18:22212  19:20563  20:21642  21:19617  22:17114  23:14842  24:13684  25:12695  26:11175  27:9829  28:8848  29:7935  30:7132  31:6445  32:5847  33:5055  34:4589  35:4148  36:3637  37:3382  38:3086  39:2567  40:2441  41:2168  42:1886  43:1827  44:1585  45:1405  46:1260  47:1016  48:995  49:861  50:844  51:650  52:616  53:486  54:450  55:392  56:393  57:345  58:266  59:265  60:240  61:230  62:219  63:185  64:166  65:151  66:119  67:125  68:158  69:131  70:105  71:94  72:74  73:75  74:77  75:68  76:66  77:74  78:40  79:49  80:44  81:45  82:43  83:48  84:36  85:31  86:35  87:40  88:19  89:24  90:15  91:18  92:31  93:24  94:20  95:16  96:16  97:16  98:12  99:16  100:14  101:17  102:16  103:2  104:18  105:4  106:3  107:10  108:11  109:9  110:19  111:13  112:7  113:6  114:5  115:3  116:8  117:5  118:6  119:8  120:10  121:11  122:9  123:10  124:8  125:9  126:7  127:5  128:7  129:18  130:5  131:4  132:10  133:3  134:4  135:4  136:4  137:4  138:4  140:2  141:3  142:2  143:2  144:4  145:7  146:1  147:5  148:5  149:1  150:4  151:4  153:1  154:6  155:3  156:1  157:2  158:1  159:1  160:1  162:2  163:1  164:2  165:1  166:1  167:1  168:3  169:3  171:1  175:1  178:2  181:3  183:2  184:1  185:2  189:1  190:3  191:1  192:1  193:1  194:1  195:1  196:2  200:1  203:2  205:2  207:1  208:1  210:2  212:1  214:1  216:2  220:1  221:1  223:1  225:1  226:1  227:1  230:1  234:1  237:1  239:2  241:1  242:1  247:1  248:1  250:1  253:1  255:1  257:1  261:1  265:1  272:1  312:1  338:1  384:1  507:1  598:1
  short unary avg len: 2.00
1582.803521,8.779989,609.333123
[PASSED]
[time 3.00 s, user 2.79 s, sys 0.19 s, maxrss 242168 KB]
[busy 310 jiffies]
[exit 0]
--- c2 case 2 rec 2   load 0.80 0.80 0.88
[TEST C2-MARISA]
Processing dataset...
Done!
Building trie...
trie size: 2.244002 MB
trie size: 3.864603 MB
trie size: 1.068947 MB
Done!
build time: 1727.279814 ms (1727.279814 ns per key)
space cost: 8.365690 MB (16.752987% of original size 49.935513 MB)
Querying trie...
Done!
total time: 689.144618 ms, avg latency: 689.144618 ns
topology: 1.410183 MB, link: 3.158367 MB, data: 3.776632 MB
--- Unary Path Analysis (Marisa, cutoff=3) ---
  branches: 1527762  |  single-char: 409800 (26.8%)  short-unary: 94203 (6.2%)  links: 1023759 (67.0%)
  link len: avg=12.97  max=598  total_chars=13282609
  link length distribution (len:count):  3:78091  4:83418  5:77115  6:71727  7:67342  8:60401  9:52007  10:48612  11:43341  12:39688  13:35797  14:31899  15:30173  16:27648  17:26857  18:22212  19:20563  20:21642  21:19617  22:17114  23:14842  24:13684  25:12695  26:11175  27:9829  28:8848  29:7935  30:7132  31:6445  32:5847  33:5055  34:4589  35:4148  36:3637  37:3382  38:3086  39:2567  40:2441  41:2168  42:1886  43:1827  44:1585  45:1405  46:1260  47:1016  48:995  49:861  50:844  51:650  52:616  53:486  54:450  55:392  56:393  57:345  58:266  59:265  60:240  61:230  62:219  63:185  64:166  65:151  66:119  67:125  68:158  69:131  70:105  71:94  72:74  73:75  74:77  75:68  76:66  77:74  78:40  79:49  80:44  81:45  82:43  83:48  84:36  85:31  86:35  87:40  88:19  89:24  90:15  91:18  92:31  93:24  94:20  95:16  96:16  97:16  98:12  99:16  100:14  101:17  102:16  103:2  104:18  105:4  106:3  107:10  108:11  109:9  110:19  111:13  112:7  113:6  114:5  115:3  116:8  117:5  118:6  119:8  120:10  121:11  122:9  123:10  124:8  125:9  126:7  127:5  128:7  129:18  130:5  131:4  132:10  133:3  134:4  135:4  136:4  137:4  138:4  140:2  141:3  142:2  143:2  144:4  145:7  146:1  147:5  148:5  149:1  150:4  151:4  153:1  154:6  155:3  156:1  157:2  158:1  159:1  160:1  162:2  163:1  164:2  165:1  166:1  167:1  168:3  169:3  171:1  175:1  178:2  181:3  183:2  184:1  185:2  189:1  190:3  191:1  192:1  193:1  194:1  195:1  196:2  200:1  203:2  205:2  207:1  208:1  210:2  212:1  214:1  216:2  220:1  221:1  223:1  225:1  226:1  227:1  230:1  234:1  237:1  239:2  241:1  242:1  247:1  248:1  250:1  253:1  255:1  257:1  261:1  265:1  272:1  312:1  338:1  384:1  507:1  598:1
  short unary avg len: 2.00
1727.279814,8.365690,689.144618
[PASSED]
[time 3.21 s, user 2.99 s, sys 0.20 s, maxrss 242412 KB]
[busy 332 jiffies]
[exit 0]
--- c2 case 3 rec 0   load 0.74 0.78 0.88
[TEST FST]
Processing dataset...
Done!
Building trie...
Done!
build time: 1425.667473 ms (1425.667473 ns per key)
space cost: 12.952020 MB (25.937492% of original size 49.935513 MB)
Querying trie...
Done!
total time: 1199.773706 ms, avg latency: 1199.773706 ns
not implemented
1425.667473,12.952020,1199.773706
[PASSED]
[time 3.42 s, user 3.27 s, sys 0.13 s, maxrss 215128 KB]
[busy 356 jiffies]
[exit 0]
--- c2 case 4 rec 0   load 0.68 0.77 0.87
[TEST COCO]
Processing dataset...
Done!
Building trie...
num nodes = 618926, average depth = 10.757375
ef = 0.000126, pa = 0.112513, bv = 0.000294, de = 0.664175
efr = 0.000805, par = 0.102747, bvr = 0.000005, der = 0.119336
Done!
build time: 31009.488619 ms (31009.488619 ns per key)
space cost: 17.219774 MB (34.484023% of original size 49.935513 MB)
Querying trie...
Done!
total time: 1349.992503 ms, avg latency: 1349.992503 ns
not implemented
31009.488619,17.219774,1349.992503
[PASSED]
[time 34.32 s, user 27.28 s, sys 6.90 s, maxrss 15528088 KB]
[busy 3526 jiffies]
[exit 0]
--- c2 case 5 rec 0   load 0.74 0.78 0.88
[TEST MARISA]
Processing dataset...
Done!
Building trie...
Done!
build time: 984.495981 ms (984.495981 ns per key)
space cost: 13.234698 MB (26.503579% of original size 49.935513 MB)
Querying trie...
Done!
total time: 590.611795 ms, avg latency: 590.611795 ns
not implemented
984.495981,13.234698,590.611795
[PASSED]
[time 2.33 s, user 2.17 s, sys 0.15 s, maxrss 268096 KB]
[busy 247 jiffies]
[exit 0]
--- c2 case 5 rec 1   load 0.74 0.78 0.88
[TEST MARISA]
Processing dataset...
Done!
Building trie...
Done!
build time: 1173.237030 ms (1173.237030 ns per key)
space cost: 8.973619 MB (17.970414% of original size 49.935513 MB)
Querying trie...
Done!
total time: 895.886019 ms, avg latency: 895.886019 ns
not implemented
1173.237030,8.973619,895.886019
[PASSED]
[time 2.83 s, user 2.64 s, sys 0.17 s, maxrss 267864 KB]
[busy 298 jiffies]
[exit 0]
--- c2 case 5 rec 2   load 0.76 0.78 0.88
[TEST MARISA]
Processing dataset...
Done!
Building trie...
Done!
build time: 1219.301449 ms (1219.301449 ns per key)
space cost: 8.005336 MB (16.031348% of original size 49.935513 MB)
Querying trie...
Done!
total time: 993.773418 ms, avg latency: 993.773418 ns
not implemented
1219.301449,8.005336,993.773418
[PASSED]
[time 2.97 s, user 2.78 s, sys 0.17 s, maxrss 268176 KB]
[busy 311 jiffies]
[exit 0]
--- c2 case 6 rec 0   load 0.78 0.79 0.88
[TEST PDT]
Processing dataset...
Done!
Building trie...
dict size: 156062, stream size: 7596722
Done!
build time: 3567.574781 ms (3567.574781 ns per key)
space cost: 8.669690 MB (17.361772% of original size 49.935513 MB)
Querying trie...
Done!
total time: 728.247171 ms, avg latency: 728.247171 ns
not implemented
3567.574781,8.669690,728.247171
[PASSED]
[time 5.07 s, user 4.85 s, sys 0.20 s, maxrss 299212 KB]
[busy 529 jiffies]
[exit 0]
--- c2 case 7 rec 0   load 0.80 0.79 0.88
[TEST ART]
Processing dataset...
Done!
Building trie...
Done!
build time: 308.200643 ms (308.200643 ns per key)
space cost: 32.934517 MB (65.954097% of original size 49.935513 MB)
Querying trie...
Done!
total time: 624.672423 ms, avg latency: 624.672423 ns
not implemented
308.200643,32.934517,624.672423
[PASSED]
[time 1.74 s, user 1.58 s, sys 0.15 s, maxrss 290796 KB]
[busy 181 jiffies]
[exit 0]
--- c2 case 8 rec 0   load 0.74 0.78 0.87
[TEST CART]
Processing dataset...
Done!
Building trie...
Done!
build time: 390.760645 ms (390.760645 ns per key)
space cost: 15.060642 MB (30.160183% of original size 49.935513 MB)
Querying trie...
Done!
total time: 654.280812 ms, avg latency: 654.280812 ns
not implemented
390.760645,15.060642,654.280812
[PASSED]
[time 1.85 s, user 1.69 s, sys 0.14 s, maxrss 277680 KB]
[busy 265 jiffies]
[exit 0]
--- xcdat 7   load 0.74 0.78 0.87
build time: 1160.309513 ms
space cost: 15.639350 MiB (31.319093% of original size 49.935513 MiB)
avg latency: 399.301458 ns
1160.309513,15.639350,399.301458
[time 2.36 s, user 2.20 s, sys 0.15 s, maxrss 231268 KB]
[busy 261 jiffies]
[exit 0]
--- xcdat 8   load 0.84 0.80 0.88
build time: 1122.990111 ms
space cost: 15.165496 MiB (30.370161% of original size 49.935513 MiB)
avg latency: 376.359718 ns
1122.990111,15.165496,376.359718
[time 2.29 s, user 2.12 s, sys 0.16 s, maxrss 231200 KB]
[busy 244 jiffies]
[exit 0]
--- xcdat 15   load 0.84 0.80 0.88
build time: 1155.793325 ms
space cost: 17.302892 MiB (34.650473% of original size 49.935513 MiB)
avg latency: 371.498211 ns
1155.793325,17.302892,371.498211
[time 2.31 s, user 2.14 s, sys 0.16 s, maxrss 231136 KB]
[busy 242 jiffies]
[exit 0]
--- xcdat 16   load 0.85 0.80 0.88
build time: 1122.723591 ms
space cost: 17.859698 MiB (35.765524% of original size 49.935513 MiB)
avg latency: 389.164465 ns
1122.723591,17.859698,389.164465
[time 2.30 s, user 2.12 s, sys 0.16 s, maxrss 231092 KB]
[busy 242 jiffies]
[exit 0]

##### uuid-1000000 (1000000 lines, 37000000 bytes)   round 3/3   2026-09-19T12:40:15+03:00
--- lexindex dict32   load 0.86 0.81 0.88
1000000 keys
lexindex DictIndex block 32: build 251 ms, size 17.794 MiB (18.658 B/key), latency cold 455.9 ns, then mean 443.3 / min 440.2 ns
250.654,17.793509,455.881
[time 2.55 s, user 3.41 s, sys 0.36 s, maxrss 294596 KB]
[busy 396 jiffies]
[exit 0]
--- lexindex dict256   load 0.79 0.79 0.88
1000000 keys
lexindex DictIndex block 256: build 250 ms, size 17.227 MiB (18.064 B/key), latency cold 443.3 ns, then mean 445.5 / min 444.2 ns
250.211,17.226997,443.269
[time 2.54 s, user 3.40 s, sys 0.36 s, maxrss 287644 KB]
[busy 395 jiffies]
[exit 0]
--- lexindex dict1024   load 0.79 0.79 0.88
1000000 keys
lexindex DictIndex block 1024: build 252 ms, size 17.072 MiB (17.902 B/key), latency cold 482.3 ns, then mean 480.1 / min 480.0 ns
251.735,17.072439,482.313
[time 2.68 s, user 3.10 s, sys 0.23 s, maxrss 243168 KB]
[busy 352 jiffies]
[exit 0]
--- lexindex string   load 0.81 0.80 0.88
1000000 keys
lexindex StringIndex: build 2427 ms, size 35.389 MiB (37.108 B/key), latency cold 544.3 ns, then mean 549.6 / min 547.1 ns
2426.620,35.389391,544.280
[time 5.11 s, user 4.98 s, sys 0.10 s, maxrss 198756 KB]
[busy 530 jiffies]
[exit 0]
--- c2 case 0 rec 0   load 0.83 0.80 0.88
[TEST C2-FST]
Processing dataset...
Done!
Building trie...
Done!
build time: 1106.246281 ms (1106.246281 ns per key)
space cost: 22.510774 MB (65.567381% of original size 34.332275 MB)
Querying trie...
Done!
total time: 443.977666 ms, avg latency: 443.977666 ns
topology: 0.773712 MB, link: 3.131501 MB, data: 18.605560 MB
--- Unary Path Analysis (FST, cutoff=4) ---
  shared unary steps in main trie: 13682
  terminal suffixes: inplace=0 (avg len=0.00)  links=1000000 (100.0% of terminal)
  link len: avg=29.32  max=30  total_chars=29323284
  link length distribution (len:count):  24:2  25:10  26:206  28:3376  29:54458  30:556568  31:385380
1106.246281,22.510774,443.977666
[PASSED]
[time 2.23 s, user 2.04 s, sys 0.18 s, maxrss 312064 KB]
[busy 229 jiffies]
[exit 0]
--- c2 case 0 rec 1   load 0.84 0.80 0.88
[TEST C2-FST]
Processing dataset...
Done!
Building trie...
trie size: 4.445807 MB
Done!
build time: 2037.135328 ms (2037.135328 ns per key)
space cost: 22.510774 MB (65.567381% of original size 34.332275 MB)
Querying trie...
Done!
total time: 442.131316 ms, avg latency: 442.131316 ns
topology: 0.773712 MB, link: 3.131501 MB, data: 18.605560 MB
--- Unary Path Analysis (FST, cutoff=4) ---
  shared unary steps in main trie: 13682
  terminal suffixes: inplace=0 (avg len=0.00)  links=1000000 (100.0% of terminal)
  link len: avg=29.32  max=30  total_chars=29323284
  link length distribution (len:count):  24:2  25:10  26:206  28:3376  29:54458  30:556568  31:385380
2037.135328,22.510774,442.131316
[PASSED]
[time 3.15 s, user 2.95 s, sys 0.19 s, maxrss 361948 KB]
[busy 328 jiffies]
[exit 0]
--- c2 case 0 rec 2   load 0.85 0.81 0.88
[TEST C2-FST]
Processing dataset...
Done!
Building trie...
trie size: 4.445807 MB
Done!
build time: 2039.373054 ms (2039.373054 ns per key)
space cost: 22.510774 MB (65.567381% of original size 34.332275 MB)
Querying trie...
Done!
total time: 438.150745 ms, avg latency: 438.150745 ns
topology: 0.773712 MB, link: 3.131501 MB, data: 18.605560 MB
--- Unary Path Analysis (FST, cutoff=4) ---
  shared unary steps in main trie: 13682
  terminal suffixes: inplace=0 (avg len=0.00)  links=1000000 (100.0% of terminal)
  link len: avg=29.32  max=30  total_chars=29323284
  link length distribution (len:count):  24:2  25:10  26:206  28:3376  29:54458  30:556568  31:385380
2039.373054,22.510774,438.150745
[PASSED]
[time 3.16 s, user 2.95 s, sys 0.19 s, maxrss 361688 KB]
[busy 326 jiffies]
[exit 0]
--- c2 case 1 rec 0   load 0.78 0.79 0.88
[TEST C2-CoCo(LOUDS-Sparse)]
Processing dataset...
Done!
Building trie...
Done!
build time: 1456.003250 ms (1456.003250 ns per key)
space cost: 21.333610 MB (62.138642% of original size 34.332275 MB)
Querying trie...
Done!
total time: 506.786025 ms, avg latency: 506.786025 ns
topology: 0.346375 MB, link: 3.293192 MB, data: 17.694043 MB
1456.003250,21.333610,506.786025
[PASSED]
[time 2.64 s, user 2.41 s, sys 0.21 s, maxrss 431252 KB]
[busy 279 jiffies]
[exit 0]
--- c2 case 1 rec 1   load 0.78 0.79 0.88
[TEST C2-CoCo(LOUDS-Sparse)]
Processing dataset...
Done!
Building trie...
trie size: 4.445807 MB
Done!
build time: 2427.415600 ms (2427.415600 ns per key)
space cost: 21.333610 MB (62.138642% of original size 34.332275 MB)
Querying trie...
Done!
total time: 516.415383 ms, avg latency: 516.415383 ns
topology: 0.346375 MB, link: 3.293192 MB, data: 17.694043 MB
2427.415600,21.333610,516.415383
[PASSED]
[time 3.64 s, user 3.37 s, sys 0.26 s, maxrss 474736 KB]
[busy 405 jiffies]
[exit 0]
--- c2 case 1 rec 2   load 0.80 0.80 0.88
[TEST C2-CoCo(LOUDS-Sparse)]
Processing dataset...
Done!
Building trie...
trie size: 4.445807 MB
Done!
build time: 2401.203515 ms (2401.203515 ns per key)
space cost: 21.333610 MB (62.138642% of original size 34.332275 MB)
Querying trie...
Done!
total time: 506.774924 ms, avg latency: 506.774924 ns
topology: 0.346375 MB, link: 3.293192 MB, data: 17.694043 MB
2401.203515,21.333610,506.774924
[PASSED]
[time 3.59 s, user 3.32 s, sys 0.25 s, maxrss 474968 KB]
[busy 374 jiffies]
[exit 0]
--- c2 case 2 rec 0   load 0.82 0.80 0.88
[TEST C2-MARISA]
Processing dataset...
Done!
Building trie...
trie size: 1.966455 MB
Done!
build time: 1019.231256 ms (1019.231256 ns per key)
space cost: 21.883573 MB (63.740525% of original size 34.332275 MB)
Querying trie...
Done!
total time: 369.121985 ms, avg latency: 369.121985 ns
topology: 0.650684 MB, link: 2.984713 MB, data: 18.227668 MB
--- Unary Path Analysis (Marisa, cutoff=3) ---
  branches: 1358149  |  single-char: 345387 (25.4%)  short-unary: 12003 (0.9%)  links: 1000759 (73.7%)
  link len: avg=31.30  max=32  total_chars=31325722
  link length distribution (len:count):  3:655  4:51  5:49  6:4  25:2  26:10  27:206  29:3376  30:54458  31:556568  32:385380
  short unary avg len: 2.00
1019.231256,21.883573,369.121985
[PASSED]
[time 2.08 s, user 1.89 s, sys 0.17 s, maxrss 313448 KB]
[busy 218 jiffies]
[exit 0]
--- c2 case 2 rec 1   load 0.83 0.80 0.88
[TEST C2-MARISA]
Processing dataset...
Done!
Building trie...
trie size: 1.966455 MB
trie size: 4.448333 MB
Done!
build time: 1954.357568 ms (1954.357568 ns per key)
space cost: 21.883573 MB (63.740525% of original size 34.332275 MB)
Querying trie...
Done!
total time: 366.796695 ms, avg latency: 366.796695 ns
topology: 0.650684 MB, link: 2.984713 MB, data: 18.227668 MB
--- Unary Path Analysis (Marisa, cutoff=3) ---
  branches: 1358149  |  single-char: 345387 (25.4%)  short-unary: 12003 (0.9%)  links: 1000759 (73.7%)
  link len: avg=31.30  max=32  total_chars=31325722
  link length distribution (len:count):  3:655  4:51  5:49  6:4  25:2  26:10  27:206  29:3376  30:54458  31:556568  32:385380
  short unary avg len: 2.00
1954.357568,21.883573,366.796695
[PASSED]
[time 3.01 s, user 2.80 s, sys 0.20 s, maxrss 361808 KB]
[busy 314 jiffies]
[exit 0]
--- c2 case 2 rec 2   load 0.77 0.79 0.87
[TEST C2-MARISA]
Processing dataset...
Done!
Building trie...
trie size: 1.966455 MB
trie size: 4.448333 MB
Done!
build time: 1953.881102 ms (1953.881102 ns per key)
space cost: 21.883573 MB (63.740525% of original size 34.332275 MB)
Querying trie...
Done!
total time: 365.888698 ms, avg latency: 365.888698 ns
topology: 0.650684 MB, link: 2.984713 MB, data: 18.227668 MB
--- Unary Path Analysis (Marisa, cutoff=3) ---
  branches: 1358149  |  single-char: 345387 (25.4%)  short-unary: 12003 (0.9%)  links: 1000759 (73.7%)
  link len: avg=31.30  max=32  total_chars=31325722
  link length distribution (len:count):  3:655  4:51  5:49  6:4  25:2  26:10  27:206  29:3376  30:54458  31:556568  32:385380
  short unary avg len: 2.00
1953.881102,21.883573,365.888698
[PASSED]
[time 3.01 s, user 2.82 s, sys 0.18 s, maxrss 361672 KB]
[busy 313 jiffies]
[exit 0]
--- c2 case 3 rec 0   load 0.77 0.79 0.87
[TEST FST]
Processing dataset...
Done!
Building trie...
Done!
build time: 847.449652 ms (847.449652 ns per key)
space cost: 34.505507 MB (100.504572% of original size 34.332275 MB)
Querying trie...
Done!
total time: 464.462838 ms, avg latency: 464.462838 ns
not implemented
847.449652,34.505507,464.462838
[PASSED]
[time 2.01 s, user 1.88 s, sys 0.12 s, maxrss 207528 KB]
[busy 212 jiffies]
[exit 0]
--- c2 case 4 rec 0   skipped: exit 134 in round 1
--- c2 case 5 rec 0   load 0.79 0.79 0.87
[TEST MARISA]
Processing dataset...
Done!
Building trie...
Done!
build time: 669.545231 ms (669.545231 ns per key)
space cost: 34.975940 MB (101.874808% of original size 34.332275 MB)
Querying trie...
Done!
total time: 530.861084 ms, avg latency: 530.861084 ns
not implemented
669.545231,34.975940,530.861084
[PASSED]
[time 1.89 s, user 1.70 s, sys 0.17 s, maxrss 282520 KB]
[busy 197 jiffies]
[exit 0]
--- c2 case 5 rec 1   load 0.72 0.78 0.87
[TEST MARISA]
Processing dataset...
Done!
Building trie...
Done!
build time: 1037.605150 ms (1037.605150 ns per key)
space cost: 33.974524 MB (98.957975% of original size 34.332275 MB)
Querying trie...
Done!
total time: 800.309803 ms, avg latency: 800.309803 ns
not implemented
1037.605150,33.974524,800.309803
[PASSED]
[time 2.52 s, user 2.35 s, sys 0.16 s, maxrss 251984 KB]
[busy 264 jiffies]
[exit 0]
--- c2 case 5 rec 2   load 0.72 0.78 0.87
[TEST MARISA]
Processing dataset...
Done!
Building trie...
Done!
build time: 1321.445498 ms (1321.445498 ns per key)
space cost: 32.972683 MB (96.039900% of original size 34.332275 MB)
Querying trie...
Done!
total time: 1124.028533 ms, avg latency: 1124.028533 ns
not implemented
1321.445498,32.972683,1124.028533
[PASSED]
[time 3.13 s, user 2.94 s, sys 0.17 s, maxrss 273020 KB]
[busy 327 jiffies]
[exit 0]
--- c2 case 6 rec 0   load 0.74 0.78 0.87
[TEST PDT]
Processing dataset...
Done!
Building trie...
dict size: 166618, stream size: 19935113
Done!
build time: 16576.583519 ms (16576.583519 ns per key)
space cost: 20.446564 MB (59.554933% of original size 34.332275 MB)
Querying trie...
Done!
total time: 733.161899 ms, avg latency: 733.161899 ns
not implemented
16576.583519,20.446564,733.161899
[PASSED]
[time 18.01 s, user 17.50 s, sys 0.44 s, maxrss 648300 KB]
[busy 1885 jiffies]
[exit 0]
--- c2 case 7 rec 0   load 0.82 0.80 0.87
[TEST ART]
Processing dataset...
Done!
Building trie...
Done!
build time: 190.815864 ms (190.815864 ns per key)
space cost: 25.565071 MB (74.463667% of original size 34.332275 MB)
Querying trie...
Done!
total time: 371.043652 ms, avg latency: 371.043652 ns
not implemented
190.815864,25.565071,371.043652
[PASSED]
[time 1.28 s, user 1.15 s, sys 0.12 s, maxrss 224816 KB]
[busy 141 jiffies]
[exit 0]
--- c2 case 8 rec 0   load 0.82 0.80 0.87
[TEST CART]
Processing dataset...
Done!
Building trie...
Done!
build time: 227.009767 ms (227.009767 ns per key)
space cost: 12.300360 MB (35.827394% of original size 34.332275 MB)
Querying trie...
Done!
total time: 368.802821 ms, avg latency: 368.802821 ns
not implemented
227.009767,12.300360,368.802821
[PASSED]
[time 1.31 s, user 1.19 s, sys 0.11 s, maxrss 214652 KB]
[busy 139 jiffies]
[exit 0]
--- xcdat 7   load 0.83 0.80 0.88
build time: 868.376997 ms
space cost: 36.820305 MiB (107.246911% of original size 34.332275 MiB)
avg latency: 345.754570 ns
868.376997,36.820305,345.754570
[time 1.92 s, user 1.78 s, sys 0.13 s, maxrss 231468 KB]
[busy 203 jiffies]
[exit 0]
--- xcdat 8   load 0.83 0.80 0.88
build time: 792.206232 ms
space cost: 36.200803 MiB (105.442481% of original size 34.332275 MiB)
avg latency: 346.785487 ns
792.206232,36.200803,346.785487
[time 1.83 s, user 1.67 s, sys 0.14 s, maxrss 230780 KB]
[busy 197 jiffies]
[exit 0]
--- xcdat 15   load 0.85 0.81 0.88
build time: 811.354444 ms
space cost: 37.074831 MiB (107.988272% of original size 34.332275 MiB)
avg latency: 332.446771 ns
811.354444,37.074831,332.446771
[time 1.83 s, user 1.68 s, sys 0.13 s, maxrss 230800 KB]
[busy 190 jiffies]
[exit 0]
--- xcdat 16   load 0.78 0.79 0.87
build time: 789.822540 ms
space cost: 37.473558 MiB (109.149650% of original size 34.332275 MiB)
avg latency: 347.332691 ns
789.822540,37.473558,347.332691
[time 1.83 s, user 1.67 s, sys 0.15 s, maxrss 231052 KB]
[busy 192 jiffies]
[exit 0]

campaign done 2026-09-19T12:41:57+03:00, load 0.78 0.79 0.87
