frontier campaign
date: 2026-09-15T16:07:17+03:00
host: arz
commit: 3d107c4
table: frontier-10m
lexindex: 3.0.0
kernel: Linux 7.2.5-200.fc44.x86_64 x86_64
cpu: AMD Ryzen 7 5800HS with Radeon Graphics
cores/threads: 8 / 16
caches: L2 512 KiB, L3 16384 KiB
governor: powersave
transparent hugepages: always [madvise] never
compiler: c++ (GCC) 16.2.1 20260819 (Red Hat 16.2.1-2)
rustc: rustc 1.98.1 (48a229cea 2026-09-01)
load at start: 0.81 0.83 0.87
rounds: 3, even rounds in the reverse order
quiet before each process: under 1.0 busy CPUs for 1 s
clock ticks: 100
address space cap: 28000000 KB
timeout: 7200 s a process
pin c2: 92c1b861456b https://github.com/alexztc/C2
pin c2/lib/sdsl-lite: 4312ea9c9370 https://github.com/vgteam/sdsl-lite
pin c2/lib/ds2i: 4f46606cc077 https://github.com/aboffa/ds2i (modified: compact_elias_fano.hpp,succinct)
pin c2/lib/sux: 5944f6b5c1c7 https://github.com/vigna/sux (modified: sux/util/Vector.hpp)
pin c2/lib/fsst: e638d4cf8c26 https://github.com/cwida/fsst
pin c2/baseline_marisa/marisa: e54f296bb52d https://github.com/s-yata/marisa-trie
pin c2/baseline_ctriepp/ctriepp: 52d2c16a7bb6 https://gitlab.com/ofek.gila1/ctriepp
pin xcdat: 2451441dcc09 https://github.com/kampersanda/xcdat
pin c2/lib/ds2i/succinct: ea74747a8b1c (gitlink)
pin c2/lib/sdsl-lite/external/googletest: 71815bbf7de6 (gitlink)
pin c2/lib/sdsl-lite/external/libdivsufsort: 0f24acd8de20 (gitlink)
pin coco adapted headers: ee860d4b1e62 https://github.com/aboffa/CoCo-trie (by sha256)

##### dna-10000000 (10000000 lines, 250000000 bytes)   round 1/3   2026-09-15T16:07:17+03:00
--- lexindex dict32   load 0.74 0.82 0.87
10000000 keys
lexindex DictIndex block 32: build 987 ms, size 73.578 MiB (7.715 B/key), latency cold 611.5 ns, then mean 613.0 / min 612.5 ns
987.135,73.577577,611.510
[time 31.55 s, user 34.53 s, sys 0.92 s, maxrss 1547536 KB]
[busy 3651 jiffies]
[exit 0]
--- lexindex dict256   load 0.84 0.84 0.88
10000000 keys
lexindex DictIndex block 256: build 989 ms, size 66.989 MiB (7.024 B/key), latency cold 609.4 ns, then mean 609.3 / min 608.2 ns
989.141,66.988614,609.417
[time 31.46 s, user 34.47 s, sys 0.92 s, maxrss 1536600 KB]
[busy 3652 jiffies]
[exit 0]
--- lexindex dict1024   load 0.83 0.84 0.88
10000000 keys
lexindex DictIndex block 1024: build 988 ms, size 66.213 MiB (6.943 B/key), latency cold 514.9 ns, then mean 513.8 / min 513.4 ns
987.807,66.212607,514.916
[time 27.67 s, user 30.75 s, sys 0.88 s, maxrss 1535200 KB]
[busy 3254 jiffies]
[exit 0]
--- lexindex string   load 0.89 0.85 0.88
10000000 keys
lexindex StringIndex: build 9945 ms, size 152.422 MiB (15.983 B/key), latency cold 944.5 ns, then mean 944.5 / min 942.9 ns
9945.206,152.421832,944.523
[time 53.69 s, user 52.67 s, sys 0.81 s, maxrss 1603840 KB]
[busy 5510 jiffies]
[exit 0]
--- c2 case 0 rec 0   load 0.96 0.88 0.89
[TEST C2-FST]
Processing dataset...
Done!
Building trie...
Done!
build time: 15611.479686 ms (1561.147969 ns per key)
space cost: 89.937219 MB (39.294170% of original size 228.881836 MB)
Querying trie...
Done!
total time: 7763.852186 ms, avg latency: 776.385219 ns
topology: 8.925270 MB, link: 31.294473 MB, data: 49.717476 MB
--- Unary Path Analysis (FST, cutoff=4) ---
  shared unary steps in main trie: 994037
  terminal suffixes: inplace=72 (avg len=2.67)  links=9999928 (100.0% of terminal)
  link len: avg=10.46  max=13  total_chars=104556373
  link length distribution (len:count):  4:308  5:1114  6:4343  7:17785  8:69577  9:272560  10:1019069  11:3104051  12:4591242  13:919171  14:708
15611.479686,89.937219,776.385219
[PASSED]
[time 32.71 s, user 30.85 s, sys 1.73 s, maxrss 2128576 KB]
[busy 3356 jiffies]
[exit 0]
--- c2 case 0 rec 1   load 0.98 0.90 0.90
[TEST C2-FST]
Processing dataset...
Done!
Building trie...
trie size: 37.777167 MB
Done!
build time: 16884.307333 ms (1688.430733 ns per key)
space cost: 74.159266 MB (32.400678% of original size 228.881836 MB)
Querying trie...
Done!
total time: 10678.271240 ms, avg latency: 1067.827124 ns
topology: 12.378445 MB, link: 28.910372 MB, data: 32.870449 MB
--- Unary Path Analysis (FST, cutoff=4) ---
  shared unary steps in main trie: 994037
  terminal suffixes: inplace=72 (avg len=2.67)  links=9999928 (100.0% of terminal)
  link len: avg=10.46  max=13  total_chars=104556373
  link length distribution (len:count):  4:308  5:1114  6:4343  7:17785  8:69577  9:272560  10:1019069  11:3104051  12:4591242  13:919171  14:708
16884.307333,74.159266,1067.827124
[PASSED]
[time 36.86 s, user 35.19 s, sys 1.52 s, maxrss 1758320 KB]
[busy 3778 jiffies]
[exit 0]
--- c2 case 0 rec 2   load 0.91 0.89 0.90
timeout: the monitored command dumped core
Command terminated by signal 11
[time 22.26 s, user 20.80 s, sys 1.30 s, maxrss 1757856 KB]
[busy 2287 jiffies]
[exit 139]
--- c2 case 1 rec 0   load 0.94 0.90 0.90
[TEST C2-CoCo(LOUDS-Sparse)]
Processing dataset...
Done!
Building trie...
Done!
build time: 22086.683737 ms (2208.668374 ns per key)
space cost: 72.822873 MB (31.816798% of original size 228.881836 MB)
Querying trie...
Done!
total time: 7581.899062 ms, avg latency: 758.189906 ns
topology: 3.420319 MB, link: 32.688608 MB, data: 36.713946 MB
22086.683737,72.822873,758.189906
[PASSED]
[time 38.99 s, user 36.40 s, sys 2.43 s, maxrss 3400208 KB]
[busy 3998 jiffies]
[exit 0]
--- c2 case 1 rec 1   load 0.97 0.92 0.91
[TEST C2-CoCo(LOUDS-Sparse)]
Processing dataset...
Done!
Building trie...
trie size: 37.777167 MB
Done!
build time: 23452.381433 ms (2345.238143 ns per key)
space cost: 57.044919 MB (24.923306% of original size 228.881836 MB)
Querying trie...
Done!
total time: 9211.417953 ms, avg latency: 921.141795 ns
topology: 6.873493 MB, link: 30.304507 MB, data: 19.866919 MB
23452.381433,57.044919,921.141795
[PASSED]
[time 42.03 s, user 39.53 s, sys 2.33 s, maxrss 3069296 KB]
[busy 4311 jiffies]
[exit 0]
--- c2 case 1 rec 2   load 0.99 0.93 0.92
timeout: the monitored command dumped core
Command terminated by signal 11
[time 28.75 s, user 26.53 s, sys 2.04 s, maxrss 3069316 KB]
[busy 2953 jiffies]
[exit 139]
--- c2 case 2 rec 0   load 0.99 0.94 0.92
[TEST C2-MARISA]
Processing dataset...
Done!
Building trie...
trie size: 24.434970 MB
Done!
build time: 15180.847681 ms (1518.084768 ns per key)
space cost: 95.269694 MB (41.623965% of original size 228.881836 MB)
Querying trie...
Done!
total time: 7015.950326 ms, avg latency: 701.595033 ns
topology: 8.066944 MB, link: 31.537600 MB, data: 55.337026 MB
--- Unary Path Analysis (Marisa, cutoff=3) ---
  branches: 16819022  |  single-char: 6056704 (36.0%)  short-unary: 587781 (3.5%)  links: 10174537 (60.5%)
  link len: avg=12.30  max=15  total_chars=125137286
  link length distribution (len:count):  3:131739  4:32131  5:8322  6:3155  7:4877  8:17889  9:69612  10:272566  11:1019074  12:3104051  13:4591242  14:919171  15:708
  short unary avg len: 2.00
15180.847681,95.269694,701.595033
[PASSED]
[time 31.47 s, user 29.54 s, sys 1.80 s, maxrss 2244700 KB]
[busy 3236 jiffies]
[exit 0]
--- c2 case 2 rec 1   load 1.00 0.95 0.92
[TEST C2-MARISA]
Processing dataset...
Done!
Building trie...
trie size: 24.434970 MB
trie size: 47.886275 MB
Done!
build time: 17185.861366 ms (1718.586137 ns per key)
space cost: 72.352404 MB (31.611248% of original size 228.881836 MB)
Querying trie...
Done!
total time: 9917.551875 ms, avg latency: 991.755188 ns
topology: 14.325905 MB, link: 29.140208 MB, data: 28.558166 MB
--- Unary Path Analysis (Marisa, cutoff=3) ---
  branches: 16819022  |  single-char: 6056704 (36.0%)  short-unary: 587781 (3.5%)  links: 10174537 (60.5%)
  link len: avg=12.30  max=15  total_chars=125137286
  link length distribution (len:count):  3:131739  4:32131  5:8322  6:3155  7:4877  8:17889  9:69612  10:272566  11:1019074  12:3104051  13:4591242  14:919171  15:708
  short unary avg len: 2.00
17185.861366,72.352404,991.755188
[PASSED]
[time 36.42 s, user 34.65 s, sys 1.62 s, maxrss 1666932 KB]
[busy 3750 jiffies]
[exit 0]
--- c2 case 2 rec 2   load 1.00 0.95 0.93
timeout: the monitored command dumped core
Command terminated by signal 11
[time 22.61 s, user 21.20 s, sys 1.25 s, maxrss 1666932 KB]
[busy 2321 jiffies]
[exit 139]
--- c2 case 3 rec 0   load 1.00 0.96 0.93
[TEST FST]
Processing dataset...
Done!
Building trie...
Done!
build time: 11976.492236 ms (1197.649224 ns per key)
space cost: 119.365768 MB (52.151700% of original size 228.881836 MB)
Querying trie...
Done!
total time: 8591.502806 ms, avg latency: 859.150281 ns
not implemented
11976.492236,119.365768,859.150281
[PASSED]
[time 29.88 s, user 28.60 s, sys 1.15 s, maxrss 1689316 KB]
[busy 3070 jiffies]
[exit 0]
--- c2 case 4 rec 0   load 0.92 0.95 0.92
terminate called after throwing an instance of 'std::bad_alloc'
  what():  std::bad_alloc
timeout: the monitored command dumped core
Command terminated by signal 6
[time 25.64 s, user 14.06 s, sys 11.41 s, maxrss 27784828 KB]
[busy 2724 jiffies]
[exit 134]
--- c2 case 5 rec 0   load 1.01 0.97 0.93
[TEST MARISA]
Processing dataset...
Done!
Building trie...
Done!
build time: 7722.828706 ms (772.282871 ns per key)
space cost: 147.956710 MB (64.643273% of original size 228.881836 MB)
Querying trie...
Done!
total time: 8849.052351 ms, avg latency: 884.905235 ns
not implemented
7722.828706,147.956710,884.905235
[PASSED]
[time 25.83 s, user 24.13 s, sys 1.59 s, maxrss 1989256 KB]
[busy 2659 jiffies]
[exit 0]
--- c2 case 5 rec 1   load 1.07 0.99 0.94
[TEST MARISA]
Processing dataset...
Done!
Building trie...
Done!
build time: 9660.362015 ms (966.036201 ns per key)
space cost: 65.397814 MB (28.572741% of original size 228.881836 MB)
Querying trie...
Done!
total time: 13254.062641 ms, avg latency: 1325.406264 ns
not implemented
9660.362015,65.397814,1325.406264
[PASSED]
[time 32.12 s, user 30.38 s, sys 1.60 s, maxrss 1910708 KB]
[busy 3309 jiffies]
[exit 0]
--- c2 case 5 rec 2   load 1.04 0.99 0.94
[TEST MARISA]
Processing dataset...
Done!
Building trie...
Done!
build time: 9645.304150 ms (964.530415 ns per key)
space cost: 64.374021 MB (28.125439% of original size 228.881836 MB)
Querying trie...
Done!
total time: 13694.038659 ms, avg latency: 1369.403866 ns
not implemented
9645.304150,64.374021,1369.403866
[PASSED]
[time 32.58 s, user 30.82 s, sys 1.62 s, maxrss 1910492 KB]
[busy 3351 jiffies]
[exit 0]
--- c2 case 6 rec 0   load 1.02 1.00 0.95
[TEST PDT]
Processing dataset...
Done!
Building trie...
dict size: 151384, stream size: 57071972
Done!
build time: 24866.193142 ms (2486.619314 ns per key)
space cost: 67.337972 MB (29.420409% of original size 228.881836 MB)
Querying trie...
Done!
total time: 14225.214322 ms, avg latency: 1422.521432 ns
not implemented
24866.193142,67.337972,1422.521432
[PASSED]
[time 48.53 s, user 46.45 s, sys 1.88 s, maxrss 1637048 KB]
[busy 4980 jiffies]
[exit 0]
--- c2 case 7 rec 0   load 0.93 0.98 0.95
[TEST ART]
Processing dataset...
Done!
Building trie...
Done!
build time: 2204.354391 ms (220.435439 ns per key)
space cost: 332.784225 MB (145.395647% of original size 228.881836 MB)
Querying trie...
Done!
total time: 6062.802294 ms, avg latency: 606.280229 ns
not implemented
2204.354391,332.784225,606.280229
[PASSED]
[time 17.69 s, user 16.31 s, sys 1.31 s, maxrss 2190436 KB]
[busy 1826 jiffies]
[exit 0]
--- c2 case 8 rec 0   load 0.94 0.98 0.95
[TEST CART]
Processing dataset...
Done!
Building trie...
Done!
build time: 2765.083152 ms (276.508315 ns per key)
space cost: 156.509016 MB (68.379833% of original size 228.881836 MB)
Querying trie...
Done!
total time: 7286.548105 ms, avg latency: 728.654811 ns
not implemented
2765.083152,156.509016,728.654811
[PASSED]
[time 19.49 s, user 18.09 s, sys 1.32 s, maxrss 2102600 KB]
[busy 2007 jiffies]
[exit 0]
--- xcdat 7   load 0.96 0.99 0.95
build time: 10753.323608 ms
space cost: 136.369071 MiB (59.580556% of original size 228.881836 MiB)
avg latency: 687.596414 ns
10753.323608,136.369071,687.596414
[time 26.87 s, user 25.09 s, sys 1.66 s, maxrss 1705892 KB]
[busy 2760 jiffies]
[exit 0]
--- xcdat 8   load 0.98 0.99 0.95
build time: 10409.023249 ms
space cost: 135.305025 MiB (59.115668% of original size 228.881836 MiB)
avg latency: 682.741244 ns
10409.023249,135.305025,682.741244
[time 26.52 s, user 24.72 s, sys 1.69 s, maxrss 1704452 KB]
[busy 2730 jiffies]
[exit 0]
--- xcdat 15   load 0.91 0.98 0.95
build time: 10640.034224 ms
space cost: 152.576344 MiB (66.661622% of original size 228.881836 MiB)
avg latency: 556.320338 ns
10640.034224,152.576344,556.320338
[time 25.49 s, user 23.74 s, sys 1.64 s, maxrss 1722088 KB]
[busy 2626 jiffies]
[exit 0]
--- xcdat 16   load 0.94 0.98 0.95
build time: 10417.208620 ms
space cost: 157.761472 MiB (68.927039% of original size 228.881836 MiB)
avg latency: 606.842618 ns
10417.208620,157.761472,606.842618
[time 25.79 s, user 24.02 s, sys 1.66 s, maxrss 1727436 KB]
[busy 2661 jiffies]
[exit 0]

##### numeric-10000000 (10000000 lines, 78888890 bytes)   round 1/3   2026-09-15T16:20:35+03:00
--- lexindex dict32   load 1.04 1.00 0.96
10000000 keys
lexindex DictIndex block 32: build 778 ms, size 23.775 MiB (2.493 B/key), latency cold 322.2 ns, then mean 322.7 / min 320.3 ns
778.344,23.775229,322.190
[time 19.30 s, user 20.41 s, sys 0.69 s, maxrss 1170540 KB]
[busy 2185 jiffies]
[exit 0]
--- lexindex dict256   load 1.03 1.00 0.96
10000000 keys
lexindex DictIndex block 256: build 805 ms, size 20.306 MiB (2.129 B/key), latency cold 335.5 ns, then mean 336.8 / min 333.9 ns
804.554,20.306348,335.544
[time 19.90 s, user 21.26 s, sys 0.71 s, maxrss 1168716 KB]
[busy 2270 jiffies]
[exit 0]
--- lexindex dict1024   load 1.02 1.00 0.96
10000000 keys
lexindex DictIndex block 1024: build 803 ms, size 19.864 MiB (2.083 B/key), latency cold 324.4 ns, then mean 329.4 / min 325.3 ns
802.935,19.863672,324.357
[time 19.55 s, user 20.85 s, sys 0.72 s, maxrss 1168164 KB]
[busy 2229 jiffies]
[exit 0]
--- lexindex string   load 0.93 0.98 0.96
10000000 keys
lexindex StringIndex: build 1829 ms, size 0.000 MiB (0.000 B/key), latency cold 133.3 ns, then mean 134.1 / min 134.0 ns
1828.660,0.000340,133.265
[time 12.72 s, user 12.12 s, sys 0.55 s, maxrss 1125200 KB]
[busy 1315 jiffies]
[exit 0]
--- c2 case 0 rec 0   load 0.94 0.98 0.96
timeout: the monitored command dumped core
Command terminated by signal 11
[time 3.52 s, user 2.79 s, sys 0.65 s, maxrss 734328 KB]
[busy 365 jiffies]
[exit 139]
--- c2 case 0 rec 1   load 0.95 0.98 0.96
timeout: the monitored command dumped core
Command terminated by signal 11
[time 3.58 s, user 2.85 s, sys 0.66 s, maxrss 734508 KB]
[busy 372 jiffies]
[exit 139]
--- c2 case 0 rec 2   load 0.95 0.99 0.96
timeout: the monitored command dumped core
Command terminated by signal 11
[time 3.62 s, user 2.88 s, sys 0.66 s, maxrss 734320 KB]
[busy 376 jiffies]
[exit 139]
--- c2 case 1 rec 0   load 0.96 0.99 0.96
timeout: the monitored command dumped core
Command terminated by signal 11
[time 4.07 s, user 3.32 s, sys 0.66 s, maxrss 734580 KB]
[busy 424 jiffies]
[exit 139]
--- c2 case 1 rec 1   load 0.96 0.99 0.96
timeout: the monitored command dumped core
Command terminated by signal 11
[time 4.06 s, user 3.30 s, sys 0.68 s, maxrss 734364 KB]
[busy 426 jiffies]
[exit 139]
--- c2 case 1 rec 2   load 0.96 0.99 0.96
timeout: the monitored command dumped core
Command terminated by signal 11
[time 4.05 s, user 3.30 s, sys 0.67 s, maxrss 734644 KB]
[busy 422 jiffies]
[exit 139]
--- c2 case 2 rec 0   load 1.05 1.00 0.97
timeout: the monitored command dumped core
Command terminated by signal 11
[time 3.73 s, user 2.98 s, sys 0.67 s, maxrss 734440 KB]
[busy 386 jiffies]
[exit 139]
--- c2 case 2 rec 1   load 1.04 1.00 0.97
timeout: the monitored command dumped core
Command terminated by signal 11
[time 3.72 s, user 2.98 s, sys 0.65 s, maxrss 734684 KB]
[busy 389 jiffies]
[exit 139]
--- c2 case 2 rec 2   load 1.04 1.00 0.97
timeout: the monitored command dumped core
Command terminated by signal 11
[time 3.72 s, user 2.99 s, sys 0.65 s, maxrss 734508 KB]
[busy 388 jiffies]
[exit 139]
--- c2 case 3 rec 0   load 1.04 1.00 0.97
[TEST FST]
Processing dataset...
Done!
Building trie...
Done!
build time: 2540.698198 ms (254.069820 ns per key)
space cost: 14.447110 MB (21.990328% of original size 65.697565 MB)
Querying trie...
Done!
total time: 3580.399955 ms, avg latency: 358.039995 ns
not implemented
2540.698198,14.447110,358.039995
[PASSED]
[time 9.98 s, user 9.31 s, sys 0.62 s, maxrss 661560 KB]
[busy 1028 jiffies]
[exit 0]
--- c2 case 4 rec 0   load 1.03 1.00 0.97
[TEST COCO]
Processing dataset...
Done!
Building trie...
num nodes = 90001, average depth = 1.000033
ef = 0.000000, pa = 0.000000, bv = 0.000011, de = 0.999989
efr = 0.000000, par = 0.000000, bvr = 0.000000, der = 0.000000
Done!
build time: 7177.719785 ms (717.771979 ns per key)
space cost: 4.854946 MB (7.389841% of original size 65.697565 MB)
Querying trie...
Done!
total time: 2960.170741 ms, avg latency: 296.017074 ns
not implemented
7177.719785,4.854946,296.017074
[PASSED]
[time 14.21 s, user 11.75 s, sys 2.40 s, maxrss 4905588 KB]
[busy 1466 jiffies]
[exit 0]
--- c2 case 5 rec 0   load 1.02 1.00 0.97
[TEST MARISA]
Processing dataset...
Done!
Building trie...
Done!
build time: 1645.944408 ms (164.594441 ns per key)
space cost: 15.797803 MB (24.046253% of original size 65.697565 MB)
Querying trie...
Done!
total time: 2542.313524 ms, avg latency: 254.231352 ns
not implemented
1645.944408,15.797803,254.231352
[PASSED]
[time 8.09 s, user 7.27 s, sys 0.78 s, maxrss 977440 KB]
[busy 832 jiffies]
[exit 0]
--- c2 case 5 rec 1   load 1.02 1.00 0.97
[TEST MARISA]
Processing dataset...
Done!
Building trie...
Done!
build time: 1651.796014 ms (165.179601 ns per key)
space cost: 15.797803 MB (24.046253% of original size 65.697565 MB)
Querying trie...
Done!
total time: 2608.077117 ms, avg latency: 260.807712 ns
not implemented
1651.796014,15.797803,260.807712
[PASSED]
[time 8.11 s, user 7.28 s, sys 0.80 s, maxrss 978120 KB]
[busy 834 jiffies]
[exit 0]
--- c2 case 5 rec 2   load 1.02 1.00 0.98
[TEST MARISA]
Processing dataset...
Done!
Building trie...
Done!
build time: 1635.582045 ms (163.558204 ns per key)
space cost: 15.797803 MB (24.046253% of original size 65.697565 MB)
Querying trie...
Done!
total time: 2582.184489 ms, avg latency: 258.218449 ns
not implemented
1635.582045,15.797803,258.218449
[PASSED]
[time 8.09 s, user 7.29 s, sys 0.76 s, maxrss 977692 KB]
[busy 834 jiffies]
[exit 0]
--- c2 case 6 rec 0   load 0.93 0.98 0.97
[TEST PDT]
Processing dataset...
Done!
Building trie...
dict size: 130, stream size: 2965758
Done!
build time: 1185.923116 ms (118.592312 ns per key)
space cost: 15.594018 MB (23.736067% of original size 65.697565 MB)
Querying trie...
Done!
total time: 6479.075153 ms, avg latency: 647.907515 ns
not implemented
1185.923116,15.594018,647.907515
[PASSED]
[time 11.55 s, user 10.85 s, sys 0.65 s, maxrss 687608 KB]
[busy 1186 jiffies]
[exit 0]
--- c2 case 7 rec 0   load 0.94 0.98 0.97
[TEST ART]
Processing dataset...
Done!
Building trie...
Done!
build time: 643.078753 ms (64.307875 ns per key)
space cost: 200.653076 MB (305.419350% of original size 65.697565 MB)
Querying trie...
Done!
total time: 1450.254848 ms, avg latency: 145.025485 ns
not implemented
643.078753,200.653076,145.025485
[PASSED]
[time 5.95 s, user 5.18 s, sys 0.74 s, maxrss 924968 KB]
[busy 615 jiffies]
[exit 0]
--- c2 case 8 rec 0   load 0.87 0.97 0.97
[TEST CART]
Processing dataset...
Done!
Building trie...
Done!
build time: 819.370771 ms (81.937077 ns per key)
space cost: 111.770621 MB (170.129016% of original size 65.697565 MB)
Querying trie...
Done!
total time: 2237.619994 ms, avg latency: 223.761999 ns
not implemented
819.370771,111.770621,223.761999
[PASSED]
[time 6.95 s, user 6.17 s, sys 0.75 s, maxrss 940084 KB]
[busy 713 jiffies]
[exit 0]
--- xcdat 7   load 0.88 0.97 0.97
build time: 2775.680096 ms
space cost: 52.854505 MiB (80.451238% of original size 65.697565 MiB)
avg latency: 359.912299 ns
2775.680096,52.854505,359.912299
[time 10.26 s, user 9.51 s, sys 0.70 s, maxrss 747036 KB]
[busy 1057 jiffies]
[exit 0]
--- xcdat 8   load 0.90 0.97 0.97
build time: 1820.875708 ms
space cost: 46.072033 MiB (70.127459% of original size 65.697565 MiB)
avg latency: 309.204511 ns
1820.875708,46.072033,309.204511
[time 8.86 s, user 8.11 s, sys 0.71 s, maxrss 731944 KB]
[busy 911 jiffies]
[exit 0]
--- xcdat 15   load 0.92 0.97 0.97
build time: 2093.462243 ms
space cost: 67.281871 MiB (102.411514% of original size 65.697565 MiB)
avg latency: 202.464440 ns
2093.462243,67.281871,202.464440
[time 8.02 s, user 7.26 s, sys 0.73 s, maxrss 775896 KB]
[busy 824 jiffies]
[exit 0]
--- xcdat 16   load 0.93 0.97 0.97
build time: 1833.286781 ms
space cost: 71.808467 MiB (109.301565% of original size 65.697565 MiB)
avg latency: 237.893331 ns
1833.286781,71.808467,237.893331
[time 8.11 s, user 7.33 s, sys 0.74 s, maxrss 784036 KB]
[busy 832 jiffies]
[exit 0]

##### opaque-10000000 (10000000 lines, 170000000 bytes)   round 1/3   2026-09-15T16:24:35+03:00
--- lexindex dict32   load 0.94 0.97 0.97
10000000 keys
lexindex DictIndex block 32: build 1500 ms, size 130.296 MiB (13.663 B/key), latency cold 666.2 ns, then mean 662.8 / min 662.4 ns
1499.701,130.296104,666.161
[time 33.91 s, user 41.31 s, sys 1.94 s, maxrss 1461820 KB]
[busy 4455 jiffies]
[exit 0]
--- lexindex dict256   load 0.97 0.98 0.97
10000000 keys
lexindex DictIndex block 256: build 1528 ms, size 127.485 MiB (13.368 B/key), latency cold 666.2 ns, then mean 664.7 / min 663.4 ns
1528.306,127.484571,666.175
[time 34.00 s, user 41.76 s, sys 2.04 s, maxrss 1450912 KB]
[busy 4504 jiffies]
[exit 0]
--- lexindex dict1024   load 0.98 0.98 0.98
10000000 keys
lexindex DictIndex block 1024: build 1544 ms, size 127.109 MiB (13.328 B/key), latency cold 667.2 ns, then mean 667.6 / min 667.1 ns
1544.373,127.109295,667.224
[time 34.12 s, user 41.86 s, sys 2.18 s, maxrss 1448604 KB]
[busy 4530 jiffies]
[exit 0]
--- lexindex string   load 0.99 0.98 0.98
10000000 keys
lexindex StringIndex: build 11316 ms, size 204.743 MiB (21.469 B/key), latency cold 641.0 ns, then mean 639.1 / min 638.2 ns
11315.847,204.742606,641.004
[time 42.67 s, user 41.65 s, sys 0.84 s, maxrss 1501236 KB]
[busy 4382 jiffies]
[exit 0]
--- c2 case 0 rec 0   load 1.00 0.99 0.99
[TEST C2-FST]
Processing dataset...
Done!
Building trie...
Done!
build time: 12463.118493 ms (1246.311849 ns per key)
space cost: 168.524103 MB (110.443956% of original size 152.587891 MB)
Querying trie...
Done!
total time: 6839.836566 ms, avg latency: 683.983657 ns
topology: 7.322502 MB, link: 33.678872 MB, data: 127.522729 MB
--- Unary Path Analysis (FST, cutoff=4) ---
  shared unary steps in main trie: 26453
  terminal suffixes: inplace=0 (avg len=0.00)  links=10000000 (100.0% of terminal)
  link len: avg=10.54  max=11  total_chars=105416542
  link length distribution (len:count):  8:18  9:1442  10:92299  11:4394462  12:5511779
12463.118493,168.524103,683.983657
[PASSED]
[time 28.26 s, user 26.39 s, sys 1.75 s, maxrss 2353688 KB]
[busy 2904 jiffies]
[exit 0]
--- c2 case 0 rec 1   load 0.92 0.97 0.98
[TEST C2-FST]
Processing dataset...
Done!
Building trie...
trie size: 46.253762 MB
Done!
build time: 23522.737310 ms (2352.273731 ns per key)
space cost: 168.524103 MB (110.443956% of original size 152.587891 MB)
Querying trie...
Done!
total time: 6740.048404 ms, avg latency: 674.004840 ns
topology: 7.322502 MB, link: 33.678872 MB, data: 127.522729 MB
--- Unary Path Analysis (FST, cutoff=4) ---
  shared unary steps in main trie: 26453
  terminal suffixes: inplace=0 (avg len=0.00)  links=10000000 (100.0% of terminal)
  link len: avg=10.54  max=11  total_chars=105416542
  link length distribution (len:count):  8:18  9:1442  10:92299  11:4394462  12:5511779
23522.737310,168.524103,674.004840
[PASSED]
[time 39.32 s, user 36.92 s, sys 2.24 s, maxrss 2822480 KB]
[busy 4051 jiffies]
[exit 0]
--- c2 case 0 rec 2   load 0.96 0.98 0.99
[TEST C2-FST]
Processing dataset...
Done!
Building trie...
trie size: 46.253762 MB
Done!
build time: 23554.720654 ms (2355.472065 ns per key)
space cost: 168.524103 MB (110.443956% of original size 152.587891 MB)
Querying trie...
Done!
total time: 6784.066893 ms, avg latency: 678.406689 ns
topology: 7.322502 MB, link: 33.678872 MB, data: 127.522729 MB
--- Unary Path Analysis (FST, cutoff=4) ---
  shared unary steps in main trie: 26453
  terminal suffixes: inplace=0 (avg len=0.00)  links=10000000 (100.0% of terminal)
  link len: avg=10.54  max=11  total_chars=105416542
  link length distribution (len:count):  8:18  9:1442  10:92299  11:4394462  12:5511779
23554.720654,168.524103,678.406689
[PASSED]
[time 39.31 s, user 36.89 s, sys 2.26 s, maxrss 2822496 KB]
[busy 4043 jiffies]
[exit 0]
--- c2 case 1 rec 0   load 0.98 0.98 0.99
[TEST C2-CoCo(LOUDS-Sparse)]
Processing dataset...
Done!
Building trie...
Done!
build time: 15189.871635 ms (1518.987163 ns per key)
space cost: 161.439246 MB (105.800824% of original size 152.587891 MB)
Querying trie...
Done!
total time: 7130.973450 ms, avg latency: 713.097345 ns
topology: 3.310211 MB, link: 34.003298 MB, data: 124.125737 MB
15189.871635,161.439246,713.097345
[PASSED]
[time 31.25 s, user 28.70 s, sys 2.42 s, maxrss 3321904 KB]
[busy 3207 jiffies]
[exit 0]
--- c2 case 1 rec 1   load 1.05 1.00 1.00
[TEST C2-CoCo(LOUDS-Sparse)]
Processing dataset...
Done!
Building trie...
trie size: 46.253762 MB
Done!
build time: 26286.014328 ms (2628.601433 ns per key)
space cost: 161.439246 MB (105.800824% of original size 152.587891 MB)
Querying trie...
Done!
total time: 7091.400925 ms, avg latency: 709.140093 ns
topology: 3.310211 MB, link: 34.003298 MB, data: 124.125737 MB
26286.014328,161.439246,709.140093
[PASSED]
[time 42.29 s, user 39.28 s, sys 2.83 s, maxrss 3790896 KB]
[busy 4347 jiffies]
[exit 0]
--- c2 case 1 rec 2   load 1.02 1.00 1.00
[TEST C2-CoCo(LOUDS-Sparse)]
Processing dataset...
Done!
Building trie...
trie size: 46.253762 MB
Done!
build time: 26258.528016 ms (2625.852802 ns per key)
space cost: 161.439246 MB (105.800824% of original size 152.587891 MB)
Querying trie...
Done!
total time: 7049.231741 ms, avg latency: 704.923174 ns
topology: 3.310211 MB, link: 34.003298 MB, data: 124.125737 MB
26258.528016,161.439246,704.923174
[PASSED]
[time 42.28 s, user 39.32 s, sys 2.79 s, maxrss 3790840 KB]
[busy 4341 jiffies]
[exit 0]
--- c2 case 2 rec 0   load 0.93 0.98 0.99
[TEST C2-MARISA]
Processing dataset...
Done!
Building trie...
trie size: 18.021462 MB
Done!
build time: 11156.794510 ms (1115.679451 ns per key)
space cost: 165.523580 MB (108.477533% of original size 152.587891 MB)
Querying trie...
Done!
total time: 5637.427380 ms, avg latency: 563.742738 ns
topology: 5.929127 MB, link: 32.190027 MB, data: 127.076301 MB
--- Unary Path Analysis (Marisa, cutoff=3) ---
  branches: 12335636  |  single-char: 2309593 (18.7%)  short-unary: 25639 (0.2%)  links: 10000404 (81.1%)
  link len: avg=12.54  max=13  total_chars=125417760
  link length distribution (len:count):  3:398  4:6  9:18  10:1442  11:92299  12:4394462  13:5511779
  short unary avg len: 2.00
11156.794510,165.523580,563.742738
[PASSED]
[time 25.79 s, user 23.88 s, sys 1.81 s, maxrss 2275844 KB]
[busy 2644 jiffies]
[exit 0]
--- c2 case 2 rec 1   load 1.09 1.02 1.01
[TEST C2-MARISA]
Processing dataset...
Done!
Building trie...
trie size: 18.021462 MB
trie size: 46.255407 MB
Done!
build time: 22101.696992 ms (2210.169699 ns per key)
space cost: 165.523580 MB (108.477533% of original size 152.587891 MB)
Querying trie...
Done!
total time: 5623.687049 ms, avg latency: 562.368705 ns
topology: 5.929127 MB, link: 32.190027 MB, data: 127.076301 MB
--- Unary Path Analysis (Marisa, cutoff=3) ---
  branches: 12335636  |  single-char: 2309593 (18.7%)  short-unary: 25639 (0.2%)  links: 10000404 (81.1%)
  link len: avg=12.54  max=13  total_chars=125417760
  link length distribution (len:count):  3:398  4:6  9:18  10:1442  11:92299  12:4394462  13:5511779
  short unary avg len: 2.00
22101.696992,165.523580,562.368705
[PASSED]
[time 36.77 s, user 34.36 s, sys 2.25 s, maxrss 2778928 KB]
[busy 3776 jiffies]
[exit 0]
--- c2 case 2 rec 2   load 1.05 1.01 1.00
[TEST C2-MARISA]
Processing dataset...
Done!
Building trie...
trie size: 18.021462 MB
trie size: 46.255407 MB
Done!
build time: 22087.212873 ms (2208.721287 ns per key)
space cost: 165.523580 MB (108.477533% of original size 152.587891 MB)
Querying trie...
Done!
total time: 5649.940694 ms, avg latency: 564.994069 ns
topology: 5.929127 MB, link: 32.190027 MB, data: 127.076301 MB
--- Unary Path Analysis (Marisa, cutoff=3) ---
  branches: 12335636  |  single-char: 2309593 (18.7%)  short-unary: 25639 (0.2%)  links: 10000404 (81.1%)
  link len: avg=12.54  max=13  total_chars=125417760
  link length distribution (len:count):  3:398  4:6  9:18  10:1442  11:92299  12:4394462  13:5511779
  short unary avg len: 2.00
22087.212873,165.523580,564.994069
[PASSED]
[time 36.76 s, user 34.41 s, sys 2.20 s, maxrss 2779012 KB]
[busy 3777 jiffies]
[exit 0]
--- c2 case 3 rec 0   load 1.07 1.03 1.00
[TEST FST]
Processing dataset...
Done!
Building trie...
Done!
build time: 8713.715338 ms (871.371534 ns per key)
space cost: 166.730864 MB (109.268739% of original size 152.587891 MB)
Querying trie...
Done!
total time: 5393.589800 ms, avg latency: 539.358980 ns
not implemented
8713.715338,166.730864,539.358980
[PASSED]
[time 23.16 s, user 21.97 s, sys 1.10 s, maxrss 1425176 KB]
[busy 2383 jiffies]
[exit 0]
--- c2 case 4 rec 0   load 1.05 1.02 1.00
terminate called after throwing an instance of 'std::bad_alloc'
  what():  std::bad_alloc
timeout: the monitored command dumped core
Command terminated by signal 6
[time 26.76 s, user 15.18 s, sys 11.42 s, maxrss 27784772 KB]
[busy 2878 jiffies]
[exit 134]
--- c2 case 5 rec 0   load 1.03 1.02 1.00
[TEST MARISA]
Processing dataset...
Done!
Building trie...
Done!
build time: 6106.959243 ms (610.695924 ns per key)
space cost: 172.390432 MB (112.977794% of original size 152.587891 MB)
Querying trie...
Done!
total time: 9142.338696 ms, avg latency: 914.233870 ns
not implemented
6106.959243,172.390432,914.233870
[PASSED]
[time 24.16 s, user 22.60 s, sys 1.47 s, maxrss 1756236 KB]
[busy 2487 jiffies]
[exit 0]
--- c2 case 5 rec 1   load 1.02 1.02 1.00
[TEST MARISA]
Processing dataset...
Done!
Building trie...
Done!
build time: 9449.370319 ms (944.937032 ns per key)
space cost: 174.772559 MB (114.538944% of original size 152.587891 MB)
Querying trie...
Done!
total time: 18940.572800 ms, avg latency: 1894.057280 ns
not implemented
9449.370319,174.772559,1894.057280
[PASSED]
[time 37.33 s, user 35.40 s, sys 1.77 s, maxrss 1746020 KB]
[busy 3837 jiffies]
[exit 0]
--- c2 case 5 rec 2   load 1.01 1.02 1.00
[TEST MARISA]
Processing dataset...
Done!
Building trie...
Done!
build time: 12540.897915 ms (1254.089792 ns per key)
space cost: 174.781183 MB (114.544596% of original size 152.587891 MB)
Querying trie...
Done!
total time: 30742.341629 ms, avg latency: 3074.234163 ns
not implemented
12540.897915,174.781183,3074.234163
[PASSED]
[time 52.22 s, user 50.02 s, sys 1.98 s, maxrss 1801696 KB]
[busy 5359 jiffies]
[exit 0]
--- c2 case 6 rec 0   load 1.00 1.01 1.00
[TEST PDT]
Processing dataset...
Done!
Building trie...
dict size: 177886, stream size: 123770486
Done!
build time: 112704.657864 ms (11270.465786 ns per key)
space cost: 130.971906 MB (85.833748% of original size 152.587891 MB)
Querying trie...
Done!
total time: 9262.612582 ms, avg latency: 926.261258 ns
not implemented
112704.657864,130.971906,926.261258
[PASSED]
[time 130.95 s, user 128.61 s, sys 1.85 s, maxrss 2153880 KB]
[busy 13401 jiffies]
[exit 0]
--- c2 case 7 rec 0   load 1.06 1.01 1.00
[TEST ART]
Processing dataset...
Done!
Building trie...
Done!
build time: 1552.510354 ms (155.251035 ns per key)
space cost: 281.783142 MB (184.669400% of original size 152.587891 MB)
Querying trie...
Done!
total time: 2614.429370 ms, avg latency: 261.442937 ns
not implemented
1552.510354,281.783142,261.442937
[PASSED]
[time 13.23 s, user 12.08 s, sys 1.09 s, maxrss 1719088 KB]
[busy 1361 jiffies]
[exit 0]
--- c2 case 8 rec 0   load 1.04 1.01 1.00
[TEST CART]
Processing dataset...
Done!
Building trie...
Done!
build time: 1955.223707 ms (195.522371 ns per key)
space cost: 110.237770 MB (72.245425% of original size 152.587891 MB)
Querying trie...
Done!
total time: 3538.245856 ms, avg latency: 353.824586 ns
not implemented
1955.223707,110.237770,353.824586
[PASSED]
[time 14.55 s, user 13.45 s, sys 1.04 s, maxrss 1556920 KB]
[busy 1498 jiffies]
[exit 0]
--- xcdat 7   load 1.03 1.01 1.00
build time: 10151.465679 ms
space cost: 200.245496 MiB (131.232888% of original size 152.587891 MiB)
avg latency: 398.324861 ns
10151.465679,200.245496,398.324861
[time 23.23 s, user 21.52 s, sys 1.60 s, maxrss 1677644 KB]
[busy 2388 jiffies]
[exit 0]
--- xcdat 8   load 1.02 1.01 1.00
build time: 10396.637635 ms
space cost: 194.729631 MiB (127.618011% of original size 152.587891 MiB)
avg latency: 403.798107 ns
10396.637635,194.729631,403.798107
[time 23.56 s, user 21.86 s, sys 1.60 s, maxrss 1658592 KB]
[busy 2420 jiffies]
[exit 0]
--- xcdat 15   load 1.01 1.01 1.00
build time: 10618.129784 ms
space cost: 206.548369 MiB (135.363539% of original size 152.587891 MiB)
avg latency: 330.867149 ns
10618.129784,206.548369,330.867149
[time 23.02 s, user 21.26 s, sys 1.65 s, maxrss 1675360 KB]
[busy 2369 jiffies]
[exit 0]
--- xcdat 16   load 1.01 1.00 1.00
build time: 10365.771333 ms
space cost: 209.774417 MiB (137.477762% of original size 152.587891 MiB)
avg latency: 357.447669 ns
10365.771333,209.774417,357.447669
[time 22.96 s, user 21.26 s, sys 1.60 s, maxrss 1682016 KB]
[busy 2359 jiffies]
[exit 0]

##### titles-en-10000000 (10000000 lines, 219718589 bytes)   round 1/3   2026-09-15T16:39:42+03:00
--- lexindex dict32   load 0.92 0.99 0.99
10000000 keys
lexindex DictIndex block 32: build 1185 ms, size 78.286 MiB (8.209 B/key), latency cold 657.7 ns, then mean 657.0 / min 656.7 ns
1185.293,78.285635,657.721
[time 33.90 s, user 39.26 s, sys 1.38 s, maxrss 1560604 KB]
[busy 4175 jiffies]
[exit 0]
--- lexindex dict256   load 0.88 0.97 0.99
10000000 keys
lexindex DictIndex block 256: build 1166 ms, size 72.979 MiB (7.652 B/key), latency cold 684.1 ns, then mean 684.3 / min 682.1 ns
1166.405,72.979122,684.071
[time 34.93 s, user 40.51 s, sys 1.03 s, maxrss 1567644 KB]
[busy 4270 jiffies]
[exit 0]
--- lexindex dict1024   load 0.93 0.97 1.00
10000000 keys
lexindex DictIndex block 1024: build 1205 ms, size 72.351 MiB (7.587 B/key), latency cold 652.2 ns, then mean 655.7 / min 653.3 ns
1205.221,72.351329,652.217
[time 33.78 s, user 39.31 s, sys 1.29 s, maxrss 1553844 KB]
[busy 4182 jiffies]
[exit 0]
--- lexindex string   load 1.61 1.18 1.07
10000000 keys
lexindex StringIndex: build 8188 ms, size 126.354 MiB (13.249 B/key), latency cold 858.1 ns, then mean 856.7 / min 856.4 ns
8187.824,126.354340,858.105
[time 48.69 s, user 47.67 s, sys 0.82 s, maxrss 1571656 KB]
[busy 4996 jiffies]
[exit 0]
--- c2 case 0 rec 0   load 1.25 1.15 1.06
[TEST C2-FST]
Processing dataset...
Done!
Building trie...
Done!
build time: 10577.371785 ms (1057.737179 ns per key)
space cost: 86.858212 MB (43.428404% of original size 200.003232 MB)
Querying trie...
Done!
total time: 11789.735334 ms, avg latency: 1178.973533 ns
topology: 11.274200 MB, link: 21.160836 MB, data: 54.423176 MB
--- Unary Path Analysis (FST, cutoff=4) ---
  shared unary steps in main trie: 9042618
  terminal suffixes: inplace=1798982 (avg len=2.14)  links=6599643 (78.6% of terminal)
  link len: avg=9.93  max=234  total_chars=65543603
  link length distribution (len:count):  4:783104  5:760158  6:695828  7:589022  8:475587  9:402890  10:359960  11:287809  12:252754  13:211229  14:291790  15:204192  16:188465  17:134915  18:119234  19:103940  20:94864  21:79457  22:68801  23:57526  24:51335  25:45253  26:43170  27:36068  28:31115  29:26944  30:23808  31:20749  32:18599  33:16316  34:14256  35:12616  36:11654  37:10097  38:8350  39:7410  40:6438  41:5768  42:5227  43:4358  44:3828  45:3564  46:3239  47:2673  48:2418  49:2015  50:1930  51:1676  52:1473  53:1343  54:1226  55:1070  56:979  57:898  58:769  59:736  60:626  61:563  62:597  63:542  64:428  65:419  66:401  67:383  68:320  69:311  70:276  71:263  72:227  73:216  74:189  75:189  76:152  77:176  78:161  79:141  80:122  81:127  82:110  83:97  84:90  85:90  86:88  87:88  88:62  89:58  90:57  91:55  92:60  93:54  94:47  95:39  96:52  97:43  98:41  99:43  100:34  101:29  102:20  103:25  104:38  105:22  106:19  107:21  108:27  109:17  110:17  111:15  112:20  113:20  114:14  115:18  116:19  117:10  118:15  119:19  120:13  121:11  122:5  123:13  124:11  125:8  126:8  127:8  128:10  129:12  130:6  131:9  132:1  133:8  134:7  135:4  136:6  137:4  138:7  139:6  140:3  141:3  142:1  143:5  144:3  145:5  146:2  147:3  148:3  149:8  150:6  151:3  152:5  153:5  154:4  155:5  156:4  157:2  158:2  159:3  160:6  162:6  163:1  164:1  165:3  166:3  167:6  168:2  169:1  170:1  171:3  172:1  173:1  174:3  175:1  176:1  177:2  178:2  179:4  180:1  182:1  184:2  185:1  188:2  189:1  191:1  193:4  194:1  195:1  198:3  199:2  200:1  201:1  204:3  205:2  206:1  208:1  209:4  210:1  211:1  213:1  214:1  215:1  217:1  223:1  224:2  228:1  229:1  230:1  231:1  233:1  235:1
10577.371785,86.858212,1178.973533
[PASSED]
[time 30.14 s, user 28.62 s, sys 1.39 s, maxrss 1462188 KB]
[busy 3097 jiffies]
[exit 0]
--- c2 case 0 rec 1   load 1.15 1.14 1.06
[TEST C2-FST]
Processing dataset...
Done!
Building trie...
trie size: 22.733012 MB
Done!
build time: 12422.779416 ms (1242.277942 ns per key)
space cost: 75.770544 MB (37.884660% of original size 200.003232 MB)
Querying trie...
Done!
total time: 14302.746317 ms, avg latency: 1430.274632 ns
topology: 13.082478 MB, link: 20.816256 MB, data: 41.871811 MB
--- Unary Path Analysis (FST, cutoff=4) ---
  shared unary steps in main trie: 9042618
  terminal suffixes: inplace=1798982 (avg len=2.14)  links=6599643 (78.6% of terminal)
  link len: avg=9.93  max=234  total_chars=65543603
  link length distribution (len:count):  4:783104  5:760158  6:695828  7:589022  8:475587  9:402890  10:359960  11:287809  12:252754  13:211229  14:291790  15:204192  16:188465  17:134915  18:119234  19:103940  20:94864  21:79457  22:68801  23:57526  24:51335  25:45253  26:43170  27:36068  28:31115  29:26944  30:23808  31:20749  32:18599  33:16316  34:14256  35:12616  36:11654  37:10097  38:8350  39:7410  40:6438  41:5768  42:5227  43:4358  44:3828  45:3564  46:3239  47:2673  48:2418  49:2015  50:1930  51:1676  52:1473  53:1343  54:1226  55:1070  56:979  57:898  58:769  59:736  60:626  61:563  62:597  63:542  64:428  65:419  66:401  67:383  68:320  69:311  70:276  71:263  72:227  73:216  74:189  75:189  76:152  77:176  78:161  79:141  80:122  81:127  82:110  83:97  84:90  85:90  86:88  87:88  88:62  89:58  90:57  91:55  92:60  93:54  94:47  95:39  96:52  97:43  98:41  99:43  100:34  101:29  102:20  103:25  104:38  105:22  106:19  107:21  108:27  109:17  110:17  111:15  112:20  113:20  114:14  115:18  116:19  117:10  118:15  119:19  120:13  121:11  122:5  123:13  124:11  125:8  126:8  127:8  128:10  129:12  130:6  131:9  132:1  133:8  134:7  135:4  136:6  137:4  138:7  139:6  140:3  141:3  142:1  143:5  144:3  145:5  146:2  147:3  148:3  149:8  150:6  151:3  152:5  153:5  154:4  155:5  156:4  157:2  158:2  159:3  160:6  162:6  163:1  164:1  165:3  166:3  167:6  168:2  169:1  170:1  171:3  172:1  173:1  174:3  175:1  176:1  177:2  178:2  179:4  180:1  182:1  184:2  185:1  188:2  189:1  191:1  193:4  194:1  195:1  198:3  199:2  200:1  201:1  204:3  205:2  206:1  208:1  209:4  210:1  211:1  213:1  214:1  215:1  217:1  223:1  224:2  228:1  229:1  230:1  231:1  233:1  235:1
12422.779416,75.770544,1430.274632
[PASSED]
[time 34.55 s, user 33.08 s, sys 1.33 s, maxrss 1338572 KB]
[busy 3544 jiffies]
[exit 0]
--- c2 case 0 rec 2   load 1.08 1.12 1.06
[TEST C2-FST]
Processing dataset...
Done!
Building trie...
trie size: 22.733012 MB
trie size: 3.280537 MB
Done!
build time: 12858.955290 ms (1285.895529 ns per key)
space cost: 75.770544 MB (37.884660% of original size 200.003232 MB)
Querying trie...
Done!
total time: 14260.231728 ms, avg latency: 1426.023173 ns
topology: 13.082478 MB, link: 20.816256 MB, data: 41.871811 MB
--- Unary Path Analysis (FST, cutoff=4) ---
  shared unary steps in main trie: 9042618
  terminal suffixes: inplace=1798982 (avg len=2.14)  links=6599643 (78.6% of terminal)
  link len: avg=9.93  max=234  total_chars=65543603
  link length distribution (len:count):  4:783104  5:760158  6:695828  7:589022  8:475587  9:402890  10:359960  11:287809  12:252754  13:211229  14:291790  15:204192  16:188465  17:134915  18:119234  19:103940  20:94864  21:79457  22:68801  23:57526  24:51335  25:45253  26:43170  27:36068  28:31115  29:26944  30:23808  31:20749  32:18599  33:16316  34:14256  35:12616  36:11654  37:10097  38:8350  39:7410  40:6438  41:5768  42:5227  43:4358  44:3828  45:3564  46:3239  47:2673  48:2418  49:2015  50:1930  51:1676  52:1473  53:1343  54:1226  55:1070  56:979  57:898  58:769  59:736  60:626  61:563  62:597  63:542  64:428  65:419  66:401  67:383  68:320  69:311  70:276  71:263  72:227  73:216  74:189  75:189  76:152  77:176  78:161  79:141  80:122  81:127  82:110  83:97  84:90  85:90  86:88  87:88  88:62  89:58  90:57  91:55  92:60  93:54  94:47  95:39  96:52  97:43  98:41  99:43  100:34  101:29  102:20  103:25  104:38  105:22  106:19  107:21  108:27  109:17  110:17  111:15  112:20  113:20  114:14  115:18  116:19  117:10  118:15  119:19  120:13  121:11  122:5  123:13  124:11  125:8  126:8  127:8  128:10  129:12  130:6  131:9  132:1  133:8  134:7  135:4  136:6  137:4  138:7  139:6  140:3  141:3  142:1  143:5  144:3  145:5  146:2  147:3  148:3  149:8  150:6  151:3  152:5  153:5  154:4  155:5  156:4  157:2  158:2  159:3  160:6  162:6  163:1  164:1  165:3  166:3  167:6  168:2  169:1  170:1  171:3  172:1  173:1  174:3  175:1  176:1  177:2  178:2  179:4  180:1  182:1  184:2  185:1  188:2  189:1  191:1  193:4  194:1  195:1  198:3  199:2  200:1  201:1  204:3  205:2  206:1  208:1  209:4  210:1  211:1  213:1  214:1  215:1  217:1  223:1  224:2  228:1  229:1  230:1  231:1  233:1  235:1
12858.955290,75.770544,1426.023173
[PASSED]
[time 34.86 s, user 33.38 s, sys 1.33 s, maxrss 1364180 KB]
[busy 3583 jiffies]
[exit 0]
--- c2 case 1 rec 0   load 1.10 1.12 1.06
[TEST C2-CoCo(LOUDS-Sparse)]
Processing dataset...
Done!
Building trie...
Done!
build time: 24697.783675 ms (2469.778368 ns per key)
space cost: 98.257762 MB (49.128087% of original size 200.003232 MB)
Querying trie...
Done!
total time: 14800.164222 ms, avg latency: 1480.016422 ns
topology: 4.410110 MB, link: 33.095964 MB, data: 60.751687 MB
24697.783675,98.257762,1480.016422
[PASSED]
[time 47.25 s, user 44.83 s, sys 2.23 s, maxrss 3193788 KB]
[busy 4838 jiffies]
[exit 0]
--- c2 case 1 rec 1   load 1.04 1.10 1.06
[TEST C2-CoCo(LOUDS-Sparse)]
Processing dataset...
Done!
Building trie...
trie size: 22.733012 MB
Done!
build time: 26396.516327 ms (2639.651633 ns per key)
space cost: 87.170093 MB (43.584342% of original size 200.003232 MB)
Querying trie...
Done!
total time: 16925.940658 ms, avg latency: 1692.594066 ns
topology: 6.218388 MB, link: 32.751384 MB, data: 48.200322 MB
26396.516327,87.170093,1692.594066
[PASSED]
[time 51.12 s, user 48.71 s, sys 2.20 s, maxrss 3066436 KB]
[busy 5241 jiffies]
[exit 0]
--- c2 case 1 rec 2   load 1.02 1.08 1.05
[TEST C2-CoCo(LOUDS-Sparse)]
Processing dataset...
Done!
Building trie...
trie size: 22.733012 MB
trie size: 3.280537 MB
Done!
build time: 26976.043043 ms (2697.604304 ns per key)
space cost: 87.170093 MB (43.584342% of original size 200.003232 MB)
Querying trie...
Done!
total time: 16972.923374 ms, avg latency: 1697.292337 ns
topology: 6.218388 MB, link: 32.751384 MB, data: 48.200322 MB
26976.043043,87.170093,1697.292337
[PASSED]
[time 51.75 s, user 49.43 s, sys 2.11 s, maxrss 3090096 KB]
[busy 5304 jiffies]
[exit 0]
--- c2 case 2 rec 0   load 1.00 1.07 1.04
[TEST C2-MARISA]
Processing dataset...
Done!
Building trie...
trie size: 23.317092 MB
Done!
build time: 10399.266254 ms (1039.926625 ns per key)
space cost: 78.192151 MB (39.095444% of original size 200.003232 MB)
Querying trie...
Done!
total time: 7934.334717 ms, avg latency: 793.433472 ns
topology: 7.694263 MB, link: 27.912508 MB, data: 42.257255 MB
--- Unary Path Analysis (Marisa, cutoff=3) ---
  branches: 15080896  |  single-char: 4578086 (30.4%)  short-unary: 1137672 (7.5%)  links: 9365138 (62.1%)
  link len: avg=9.96  max=236  total_chars=93261704
  link length distribution (len:count):  3:947829  4:986562  5:965254  6:903368  7:803217  8:675232  9:535160  10:448828  11:393655  12:313562  13:273926  14:228549  15:306731  16:216481  17:200904  18:144129  19:127804  20:110710  21:100724  22:84358  23:73263  24:61276  25:54434  26:48000  27:45573  28:38180  29:33095  30:28718  31:25581  32:22213  33:19884  34:17374  35:15159  36:13408  37:12318  38:10537  39:8786  40:7764  41:6832  42:6052  43:5427  44:4522  45:3945  46:3695  47:3344  48:2764  49:2509  50:2081  51:1977  52:1721  53:1517  54:1388  55:1255  56:1097  57:1012  58:930  59:785  60:751  61:645  62:578  63:614  64:560  65:436  66:431  67:412  68:392  69:332  70:320  71:285  72:270  73:233  74:225  75:193  76:195  77:155  78:178  79:164  80:147  81:126  82:131  83:112  84:98  85:95  86:92  87:89  88:91  89:63  90:58  91:59  92:55  93:61  94:54  95:48  96:42  97:53  98:43  99:42  100:44  101:35  102:30  103:20  104:25  105:38  106:22  107:19  108:21  109:27  110:17  111:18  112:16  113:20  114:20  115:15  116:18  117:20  118:11  119:16  120:19  121:14  122:12  123:5  124:13  125:12  126:8  127:9  128:8  129:10  130:13  131:6  132:9  133:1  134:8  135:7  136:5  137:7  138:4  139:7  140:6  141:3  142:3  143:1  144:5  145:3  146:5  147:2  148:3  149:3  150:8  151:6  152:3  153:6  154:5  155:4  156:5  157:4  158:2  159:2  160:3  161:6  163:6  164:1  165:1  166:3  167:3  168:6  169:2  170:1  171:1  172:3  173:1  174:1  175:3  176:1  177:1  178:2  179:2  180:4  181:1  183:1  185:3  186:1  189:2  190:1  192:1  194:4  195:2  196:1  199:3  200:3  201:1  202:1  205:3  206:2  207:1  209:1  210:4  211:1  212:1  214:1  215:1  216:1  218:1  224:1  225:2  229:1  230:1  231:1  232:1  234:1  235:1  236:1
  short unary avg len: 2.00
10399.266254,78.192151,793.433472
[PASSED]
[time 26.17 s, user 24.51 s, sys 1.55 s, maxrss 1608860 KB]
[busy 2694 jiffies]
[exit 0]
--- c2 case 2 rec 1   load 1.00 1.06 1.04
[TEST C2-MARISA]
Processing dataset...
Done!
Building trie...
trie size: 23.317092 MB
trie size: 32.530715 MB
Done!
build time: 12591.018536 ms (1259.101854 ns per key)
space cost: 64.832272 MB (32.415612% of original size 200.003232 MB)
Querying trie...
Done!
total time: 10261.674394 ms, avg latency: 1026.167439 ns
topology: 9.978737 MB, link: 28.205211 MB, data: 26.320199 MB
--- Unary Path Analysis (Marisa, cutoff=3) ---
  branches: 15080896  |  single-char: 4578086 (30.4%)  short-unary: 1137672 (7.5%)  links: 9365138 (62.1%)
  link len: avg=9.96  max=236  total_chars=93261704
  link length distribution (len:count):  3:947829  4:986562  5:965254  6:903368  7:803217  8:675232  9:535160  10:448828  11:393655  12:313562  13:273926  14:228549  15:306731  16:216481  17:200904  18:144129  19:127804  20:110710  21:100724  22:84358  23:73263  24:61276  25:54434  26:48000  27:45573  28:38180  29:33095  30:28718  31:25581  32:22213  33:19884  34:17374  35:15159  36:13408  37:12318  38:10537  39:8786  40:7764  41:6832  42:6052  43:5427  44:4522  45:3945  46:3695  47:3344  48:2764  49:2509  50:2081  51:1977  52:1721  53:1517  54:1388  55:1255  56:1097  57:1012  58:930  59:785  60:751  61:645  62:578  63:614  64:560  65:436  66:431  67:412  68:392  69:332  70:320  71:285  72:270  73:233  74:225  75:193  76:195  77:155  78:178  79:164  80:147  81:126  82:131  83:112  84:98  85:95  86:92  87:89  88:91  89:63  90:58  91:59  92:55  93:61  94:54  95:48  96:42  97:53  98:43  99:42  100:44  101:35  102:30  103:20  104:25  105:38  106:22  107:19  108:21  109:27  110:17  111:18  112:16  113:20  114:20  115:15  116:18  117:20  118:11  119:16  120:19  121:14  122:12  123:5  124:13  125:12  126:8  127:9  128:8  129:10  130:13  131:6  132:9  133:1  134:8  135:7  136:5  137:7  138:4  139:7  140:6  141:3  142:3  143:1  144:5  145:3  146:5  147:2  148:3  149:3  150:8  151:6  152:3  153:6  154:5  155:4  156:5  157:4  158:2  159:2  160:3  161:6  163:6  164:1  165:1  166:3  167:3  168:6  169:2  170:1  171:1  172:3  173:1  174:1  175:3  176:1  177:1  178:2  179:2  180:4  181:1  183:1  185:3  186:1  189:2  190:1  192:1  194:4  195:2  196:1  199:3  200:3  201:1  202:1  205:3  206:2  207:1  209:1  210:4  211:1  212:1  214:1  215:1  216:1  218:1  224:1  225:2  229:1  230:1  231:1  232:1  234:1  235:1  236:1
  short unary avg len: 2.00
12591.018536,64.832272,1026.167439
[PASSED]
[time 30.68 s, user 29.07 s, sys 1.47 s, maxrss 1466244 KB]
[busy 3154 jiffies]
[exit 0]
--- c2 case 2 rec 2   load 0.92 1.04 1.03
[TEST C2-MARISA]
Processing dataset...
Done!
Building trie...
trie size: 23.317092 MB
trie size: 32.530715 MB
trie size: 4.028131 MB
Done!
build time: 13293.520236 ms (1329.352024 ns per key)
space cost: 64.832272 MB (32.415612% of original size 200.003232 MB)
Querying trie...
Done!
total time: 10228.984035 ms, avg latency: 1022.898403 ns
topology: 9.978737 MB, link: 28.205211 MB, data: 26.320199 MB
--- Unary Path Analysis (Marisa, cutoff=3) ---
  branches: 15080896  |  single-char: 4578086 (30.4%)  short-unary: 1137672 (7.5%)  links: 9365138 (62.1%)
  link len: avg=9.96  max=236  total_chars=93261704
  link length distribution (len:count):  3:947829  4:986562  5:965254  6:903368  7:803217  8:675232  9:535160  10:448828  11:393655  12:313562  13:273926  14:228549  15:306731  16:216481  17:200904  18:144129  19:127804  20:110710  21:100724  22:84358  23:73263  24:61276  25:54434  26:48000  27:45573  28:38180  29:33095  30:28718  31:25581  32:22213  33:19884  34:17374  35:15159  36:13408  37:12318  38:10537  39:8786  40:7764  41:6832  42:6052  43:5427  44:4522  45:3945  46:3695  47:3344  48:2764  49:2509  50:2081  51:1977  52:1721  53:1517  54:1388  55:1255  56:1097  57:1012  58:930  59:785  60:751  61:645  62:578  63:614  64:560  65:436  66:431  67:412  68:392  69:332  70:320  71:285  72:270  73:233  74:225  75:193  76:195  77:155  78:178  79:164  80:147  81:126  82:131  83:112  84:98  85:95  86:92  87:89  88:91  89:63  90:58  91:59  92:55  93:61  94:54  95:48  96:42  97:53  98:43  99:42  100:44  101:35  102:30  103:20  104:25  105:38  106:22  107:19  108:21  109:27  110:17  111:18  112:16  113:20  114:20  115:15  116:18  117:20  118:11  119:16  120:19  121:14  122:12  123:5  124:13  125:12  126:8  127:9  128:8  129:10  130:13  131:6  132:9  133:1  134:8  135:7  136:5  137:7  138:4  139:7  140:6  141:3  142:3  143:1  144:5  145:3  146:5  147:2  148:3  149:3  150:8  151:6  152:3  153:6  154:5  155:4  156:5  157:4  158:2  159:2  160:3  161:6  163:6  164:1  165:1  166:3  167:3  168:6  169:2  170:1  171:1  172:3  173:1  174:1  175:3  176:1  177:1  178:2  179:2  180:4  181:1  183:1  185:3  186:1  189:2  190:1  192:1  194:4  195:2  196:1  199:3  200:3  201:1  202:1  205:3  206:2  207:1  209:1  210:4  211:1  212:1  214:1  215:1  216:1  218:1  224:1  225:2  229:1  230:1  231:1  232:1  234:1  235:1  236:1
  short unary avg len: 2.00
13293.520236,64.832272,1022.898403
[PASSED]
[time 31.32 s, user 29.69 s, sys 1.50 s, maxrss 1496520 KB]
[busy 3227 jiffies]
[exit 0]
--- c2 case 3 rec 0   load 0.95 1.03 1.03
[TEST FST]
Processing dataset...
Done!
Building trie...
Done!
build time: 9691.045356 ms (969.104536 ns per key)
space cost: 86.740355 MB (43.369476% of original size 200.003232 MB)
Querying trie...
Done!
total time: 13973.198529 ms, avg latency: 1397.319853 ns
not implemented
9691.045356,86.740355,1397.319853
[PASSED]
[time 31.56 s, user 30.47 s, sys 0.96 s, maxrss 1233780 KB]
[busy 3242 jiffies]
[exit 0]
--- c2 case 4 rec 0   load 0.89 1.01 1.02
terminate called after throwing an instance of 'std::bad_alloc'
  what():  std::bad_alloc
timeout: the monitored command dumped core
Command terminated by signal 6
[time 26.29 s, user 14.59 s, sys 11.54 s, maxrss 27784916 KB]
[busy 2830 jiffies]
[exit 134]
--- c2 case 5 rec 0   load 1.01 1.02 1.03
[TEST MARISA]
Processing dataset...
Done!
Building trie...
Done!
build time: 6564.974845 ms (656.497485 ns per key)
space cost: 79.225293 MB (39.612006% of original size 200.003232 MB)
Querying trie...
Done!
total time: 10628.110759 ms, avg latency: 1062.811076 ns
not implemented
6564.974845,79.225293,1062.811076
[PASSED]
[time 24.91 s, user 23.47 s, sys 1.34 s, maxrss 1612228 KB]
[busy 2562 jiffies]
[exit 0]
--- c2 case 5 rec 1   load 1.01 1.02 1.02
[TEST MARISA]
Processing dataset...
Done!
Building trie...
Done!
build time: 7690.386099 ms (769.038610 ns per key)
space cost: 58.000221 MB (28.999642% of original size 200.003232 MB)
Querying trie...
Done!
total time: 14136.886848 ms, avg latency: 1413.688685 ns
not implemented
7690.386099,58.000221,1413.688685
[PASSED]
[time 29.59 s, user 28.04 s, sys 1.42 s, maxrss 1612456 KB]
[busy 3049 jiffies]
[exit 0]
--- c2 case 5 rec 2   load 1.00 1.02 1.02
[TEST MARISA]
Processing dataset...
Done!
Building trie...
Done!
build time: 7886.418928 ms (788.641893 ns per key)
space cost: 54.499722 MB (27.249420% of original size 200.003232 MB)
Querying trie...
Done!
total time: 15056.532667 ms, avg latency: 1505.653267 ns
not implemented
7886.418928,54.499722,1505.653267
[PASSED]
[time 30.64 s, user 29.06 s, sys 1.45 s, maxrss 1612116 KB]
[busy 3148 jiffies]
[exit 0]
--- c2 case 6 rec 0   load 0.92 1.00 1.01
[TEST PDT]
Processing dataset...
Done!
Building trie...
dict size: 157532, stream size: 58361417
Done!
build time: 25813.602195 ms (2581.360219 ns per key)
space cost: 68.573545 MB (34.286219% of original size 200.003232 MB)
Querying trie...
Done!
total time: 10784.656747 ms, avg latency: 1078.465675 ns
not implemented
25813.602195,68.573545,1078.465675
[PASSED]
[time 44.43 s, user 42.81 s, sys 1.43 s, maxrss 1317060 KB]
[busy 4562 jiffies]
[exit 0]
--- c2 case 7 rec 0   load 0.96 1.00 1.01
[TEST ART]
Processing dataset...
Done!
Building trie...
Done!
build time: 1965.437491 ms (196.543749 ns per key)
space cost: 339.123360 MB (169.558940% of original size 200.003232 MB)
Querying trie...
Done!
total time: 6628.192788 ms, avg latency: 662.819279 ns
not implemented
1965.437491,339.123360,662.819279
[PASSED]
[time 16.47 s, user 15.32 s, sys 1.08 s, maxrss 1739588 KB]
[busy 1704 jiffies]
[exit 0]
--- c2 case 8 rec 0   load 0.97 1.00 1.01
[TEST CART]
Processing dataset...
Done!
Building trie...
Done!
build time: 2581.982148 ms (258.198215 ns per key)
space cost: 157.938812 MB (78.968130% of original size 200.003232 MB)
Querying trie...
Done!
total time: 7338.994867 ms, avg latency: 733.899487 ns
not implemented
2581.982148,157.938812,733.899487
[PASSED]
[time 17.77 s, user 16.64 s, sys 1.05 s, maxrss 1617824 KB]
[busy 1836 jiffies]
[exit 0]
--- xcdat 7   load 0.98 1.00 1.00
build time: 7400.177595 ms
space cost: 112.423756 MiB (56.210969% of original size 200.003232 MiB)
avg latency: 740.291922 ns
7400.177595,112.423756,740.291922
[time 22.70 s, user 21.17 s, sys 1.43 s, maxrss 1456724 KB]
[busy 2327 jiffies]
[exit 0]
--- xcdat 8   load 0.99 1.00 1.00
build time: 7044.190978 ms
space cost: 108.349843 MiB (54.174046% of original size 200.003232 MiB)
avg latency: 677.950905 ns
7044.190978,108.349843,677.950905
[time 21.69 s, user 20.19 s, sys 1.40 s, maxrss 1452116 KB]
[busy 2236 jiffies]
[exit 0]
--- xcdat 15   load 0.99 1.00 1.00
build time: 7348.234296 ms
space cost: 133.023680 MiB (66.510765% of original size 200.003232 MiB)
avg latency: 589.768761 ns
7348.234296,133.023680,589.768761
[time 21.14 s, user 19.59 s, sys 1.46 s, maxrss 1503772 KB]
[busy 2175 jiffies]
[exit 0]
--- xcdat 16   load 0.92 0.98 0.99
build time: 7057.199404 ms
space cost: 139.139603 MiB (69.568677% of original size 200.003232 MiB)
avg latency: 609.306389 ns
7057.199404,139.139603,609.306389
[time 21.03 s, user 19.46 s, sys 1.47 s, maxrss 1507520 KB]
[busy 2160 jiffies]
[exit 0]

##### urls-10000000 (10000000 lines, 533677969 bytes)   round 1/3   2026-09-15T16:53:25+03:00
--- lexindex dict32   load 0.94 0.99 1.00
10000000 keys
lexindex DictIndex block 32: build 1235 ms, size 102.484 MiB (10.746 B/key), latency cold 1017.9 ns, then mean 1016.1 / min 1013.9 ns
1234.729,102.483859,1017.859
[time 49.02 s, user 54.12 s, sys 1.50 s, maxrss 2154340 KB]
[busy 5730 jiffies]
[exit 0]
--- lexindex dict256   load 0.98 0.99 1.00
10000000 keys
lexindex DictIndex block 256: build 1237 ms, size 89.468 MiB (9.381 B/key), latency cold 965.9 ns, then mean 964.1 / min 962.7 ns
1236.827,89.468317,965.944
[time 46.95 s, user 52.22 s, sys 1.62 s, maxrss 2135604 KB]
[busy 5547 jiffies]
[exit 0]
--- lexindex dict1024   load 0.99 1.00 1.00
10000000 keys
lexindex DictIndex block 1024: build 1238 ms, size 87.989 MiB (9.226 B/key), latency cold 933.3 ns, then mean 932.1 / min 930.8 ns
1238.244,87.988962,933.343
[time 45.65 s, user 50.90 s, sys 1.66 s, maxrss 2128892 KB]
[busy 5406 jiffies]
[exit 0]
--- lexindex string   load 1.00 1.00 1.00
10000000 keys
lexindex StringIndex: build 9370 ms, size 124.922 MiB (13.099 B/key), latency cold 1022.9 ns, then mean 1024.5 / min 1022.1 ns
9370.456,124.921756,1022.891
[time 57.29 s, user 55.94 s, sys 1.12 s, maxrss 2136880 KB]
[busy 5884 jiffies]
[exit 0]
--- c2 case 0 rec 0   load 1.00 1.00 1.00
[TEST C2-FST]
Processing dataset...
Done!
Building trie...
Done!
build time: 12139.757443 ms (1213.975744 ns per key)
space cost: 89.769738 MB (17.974862% of original size 499.418229 MB)
Querying trie...
Done!
total time: 15565.654773 ms, avg latency: 1556.565477 ns
topology: 11.665031 MB, link: 21.507524 MB, data: 56.597183 MB
--- Unary Path Analysis (FST, cutoff=4) ---
  shared unary steps in main trie: 10222647
  terminal suffixes: inplace=1703226 (avg len=2.16)  links=6715973 (79.8% of terminal)
  link len: avg=10.80  max=659  total_chars=72556931
  link length distribution (len:count):  4:696901  5:673915  6:668087  7:559938  8:460143  9:408987  10:371411  11:317336  12:286791  13:230146  14:219886  15:194657  16:260212  17:141485  18:132694  19:152516  20:142603  21:91996  22:80093  23:71031  24:65911  25:55655  26:49759  27:43541  28:39655  29:33371  30:31744  31:26630  32:22544  33:19836  34:17416  35:15244  36:14777  37:12475  38:10684  39:9704  40:8252  41:7414  42:7187  43:6077  44:4975  45:4415  46:4008  47:3641  48:3548  49:3129  50:2543  51:2408  52:2048  53:1756  54:1822  55:1758  56:1478  57:1179  58:1174  59:1028  60:1021  61:1008  62:800  63:782  64:703  65:577  66:564  67:679  68:553  69:459  70:394  71:348  72:410  73:498  74:336  75:309  76:287  77:230  78:220  79:262  80:269  81:251  82:214  83:163  84:154  85:231  86:178  87:132  88:144  89:127  90:127  91:212  92:153  93:106  94:107  95:76  96:81  97:157  98:106  99:86  100:109  101:82  102:64  103:107  104:90  105:70  106:58  107:55  108:63  109:130  110:83  111:45  112:41  113:46  114:39  115:60  116:60  117:41  118:52  119:37  120:39  121:51  122:48  123:30  124:24  125:39  126:42  127:48  128:44  129:34  130:23  131:19  132:20  133:26  134:27  135:27  136:16  137:30  138:27  139:16  140:24  141:15  142:13  143:23  144:25  145:30  146:25  147:14  148:7  149:15  150:16  151:9  152:19  153:25  154:20  155:19  156:17  157:10  158:12  159:18  160:5  161:5  162:9  163:10  164:14  165:17  166:11  167:8  168:6  169:2  170:5  171:9  172:11  173:14  174:10  175:6  176:8  177:8  178:8  179:7  180:8  181:5  182:7  183:9  184:6  185:5  186:4  187:6  188:7  189:12  190:7  191:5  192:3  193:7  194:3  195:5  196:2  197:4  198:3  199:6  200:8  201:7  202:9  204:4  205:5  206:5  207:1  208:12  209:3  210:7  211:2  212:2  213:2  214:4  215:2  216:4  217:3  218:6  219:4  220:3  221:3  222:2  223:4  224:2  225:3  226:3  227:3  228:3  229:1  231:4  232:1  233:1  234:2  235:2  236:4  237:4  238:2  239:1  240:1  241:1  242:1  243:5  245:2  246:2  247:2  249:1  250:1  251:1  252:3  254:3  255:6  256:2  257:2  259:1  260:1  261:4  262:3  263:1  264:1  265:1  268:4  270:1  271:1  272:1  273:1  274:1  276:2  280:1  285:1  286:1  287:1  293:1  294:1  300:1  303:1  304:2  305:2  307:1  310:1  318:1  322:1  327:1  328:2  329:3  330:1  333:1  336:1  340:2  347:1  348:1  350:2  352:1  355:1  367:1  379:1  386:1  391:1  419:1  442:1  446:3  449:1  596:1  649:1  660:1
12139.757443,89.769738,1556.565477
[PASSED]
[time 37.67 s, user 35.78 s, sys 1.73 s, maxrss 2073776 KB]
[busy 3863 jiffies]
[exit 0]
--- c2 case 0 rec 1   load 1.00 1.00 1.00
[TEST C2-FST]
Processing dataset...
Done!
Building trie...
trie size: 23.143724 MB
Done!
build time: 14172.984735 ms (1417.298474 ns per key)
space cost: 78.247462 MB (15.667723% of original size 499.418229 MB)
Querying trie...
Done!
total time: 18481.811373 ms, avg latency: 1848.181137 ns
topology: 13.508587 MB, link: 21.314508 MB, data: 43.424367 MB
--- Unary Path Analysis (FST, cutoff=4) ---
  shared unary steps in main trie: 10222647
  terminal suffixes: inplace=1703226 (avg len=2.16)  links=6715973 (79.8% of terminal)
  link len: avg=10.80  max=659  total_chars=72556931
  link length distribution (len:count):  4:696901  5:673915  6:668087  7:559938  8:460143  9:408987  10:371411  11:317336  12:286791  13:230146  14:219886  15:194657  16:260212  17:141485  18:132694  19:152516  20:142603  21:91996  22:80093  23:71031  24:65911  25:55655  26:49759  27:43541  28:39655  29:33371  30:31744  31:26630  32:22544  33:19836  34:17416  35:15244  36:14777  37:12475  38:10684  39:9704  40:8252  41:7414  42:7187  43:6077  44:4975  45:4415  46:4008  47:3641  48:3548  49:3129  50:2543  51:2408  52:2048  53:1756  54:1822  55:1758  56:1478  57:1179  58:1174  59:1028  60:1021  61:1008  62:800  63:782  64:703  65:577  66:564  67:679  68:553  69:459  70:394  71:348  72:410  73:498  74:336  75:309  76:287  77:230  78:220  79:262  80:269  81:251  82:214  83:163  84:154  85:231  86:178  87:132  88:144  89:127  90:127  91:212  92:153  93:106  94:107  95:76  96:81  97:157  98:106  99:86  100:109  101:82  102:64  103:107  104:90  105:70  106:58  107:55  108:63  109:130  110:83  111:45  112:41  113:46  114:39  115:60  116:60  117:41  118:52  119:37  120:39  121:51  122:48  123:30  124:24  125:39  126:42  127:48  128:44  129:34  130:23  131:19  132:20  133:26  134:27  135:27  136:16  137:30  138:27  139:16  140:24  141:15  142:13  143:23  144:25  145:30  146:25  147:14  148:7  149:15  150:16  151:9  152:19  153:25  154:20  155:19  156:17  157:10  158:12  159:18  160:5  161:5  162:9  163:10  164:14  165:17  166:11  167:8  168:6  169:2  170:5  171:9  172:11  173:14  174:10  175:6  176:8  177:8  178:8  179:7  180:8  181:5  182:7  183:9  184:6  185:5  186:4  187:6  188:7  189:12  190:7  191:5  192:3  193:7  194:3  195:5  196:2  197:4  198:3  199:6  200:8  201:7  202:9  204:4  205:5  206:5  207:1  208:12  209:3  210:7  211:2  212:2  213:2  214:4  215:2  216:4  217:3  218:6  219:4  220:3  221:3  222:2  223:4  224:2  225:3  226:3  227:3  228:3  229:1  231:4  232:1  233:1  234:2  235:2  236:4  237:4  238:2  239:1  240:1  241:1  242:1  243:5  245:2  246:2  247:2  249:1  250:1  251:1  252:3  254:3  255:6  256:2  257:2  259:1  260:1  261:4  262:3  263:1  264:1  265:1  268:4  270:1  271:1  272:1  273:1  274:1  276:2  280:1  285:1  286:1  287:1  293:1  294:1  300:1  303:1  304:2  305:2  307:1  310:1  318:1  322:1  327:1  328:2  329:3  330:1  333:1  336:1  340:2  347:1  348:1  350:2  352:1  355:1  367:1  379:1  386:1  391:1  419:1  442:1  446:3  449:1  596:1  649:1  660:1
14172.984735,78.247462,1848.181137
[PASSED]
[time 42.60 s, user 40.71 s, sys 1.71 s, maxrss 2061768 KB]
[busy 4374 jiffies]
[exit 0]
--- c2 case 0 rec 2   load 1.00 1.00 1.00
[TEST C2-FST]
Processing dataset...
Done!
Building trie...
trie size: 23.143724 MB
trie size: 3.515203 MB
Done!
build time: 14725.779514 ms (1472.577951 ns per key)
space cost: 78.247462 MB (15.667723% of original size 499.418229 MB)
Querying trie...
Done!
total time: 18370.481098 ms, avg latency: 1837.048110 ns
topology: 13.508587 MB, link: 21.314508 MB, data: 43.424367 MB
--- Unary Path Analysis (FST, cutoff=4) ---
  shared unary steps in main trie: 10222647
  terminal suffixes: inplace=1703226 (avg len=2.16)  links=6715973 (79.8% of terminal)
  link len: avg=10.80  max=659  total_chars=72556931
  link length distribution (len:count):  4:696901  5:673915  6:668087  7:559938  8:460143  9:408987  10:371411  11:317336  12:286791  13:230146  14:219886  15:194657  16:260212  17:141485  18:132694  19:152516  20:142603  21:91996  22:80093  23:71031  24:65911  25:55655  26:49759  27:43541  28:39655  29:33371  30:31744  31:26630  32:22544  33:19836  34:17416  35:15244  36:14777  37:12475  38:10684  39:9704  40:8252  41:7414  42:7187  43:6077  44:4975  45:4415  46:4008  47:3641  48:3548  49:3129  50:2543  51:2408  52:2048  53:1756  54:1822  55:1758  56:1478  57:1179  58:1174  59:1028  60:1021  61:1008  62:800  63:782  64:703  65:577  66:564  67:679  68:553  69:459  70:394  71:348  72:410  73:498  74:336  75:309  76:287  77:230  78:220  79:262  80:269  81:251  82:214  83:163  84:154  85:231  86:178  87:132  88:144  89:127  90:127  91:212  92:153  93:106  94:107  95:76  96:81  97:157  98:106  99:86  100:109  101:82  102:64  103:107  104:90  105:70  106:58  107:55  108:63  109:130  110:83  111:45  112:41  113:46  114:39  115:60  116:60  117:41  118:52  119:37  120:39  121:51  122:48  123:30  124:24  125:39  126:42  127:48  128:44  129:34  130:23  131:19  132:20  133:26  134:27  135:27  136:16  137:30  138:27  139:16  140:24  141:15  142:13  143:23  144:25  145:30  146:25  147:14  148:7  149:15  150:16  151:9  152:19  153:25  154:20  155:19  156:17  157:10  158:12  159:18  160:5  161:5  162:9  163:10  164:14  165:17  166:11  167:8  168:6  169:2  170:5  171:9  172:11  173:14  174:10  175:6  176:8  177:8  178:8  179:7  180:8  181:5  182:7  183:9  184:6  185:5  186:4  187:6  188:7  189:12  190:7  191:5  192:3  193:7  194:3  195:5  196:2  197:4  198:3  199:6  200:8  201:7  202:9  204:4  205:5  206:5  207:1  208:12  209:3  210:7  211:2  212:2  213:2  214:4  215:2  216:4  217:3  218:6  219:4  220:3  221:3  222:2  223:4  224:2  225:3  226:3  227:3  228:3  229:1  231:4  232:1  233:1  234:2  235:2  236:4  237:4  238:2  239:1  240:1  241:1  242:1  243:5  245:2  246:2  247:2  249:1  250:1  251:1  252:3  254:3  255:6  256:2  257:2  259:1  260:1  261:4  262:3  263:1  264:1  265:1  268:4  270:1  271:1  272:1  273:1  274:1  276:2  280:1  285:1  286:1  287:1  293:1  294:1  300:1  303:1  304:2  305:2  307:1  310:1  318:1  322:1  327:1  328:2  329:3  330:1  333:1  336:1  340:2  347:1  348:1  350:2  352:1  355:1  367:1  379:1  386:1  391:1  419:1  442:1  446:3  449:1  596:1  649:1  660:1
14725.779514,78.247462,1837.048110
[PASSED]
[time 43.07 s, user 41.16 s, sys 1.73 s, maxrss 2061704 KB]
[busy 4428 jiffies]
[exit 0]
--- c2 case 1 rec 0   load 1.00 1.00 1.00
[TEST C2-CoCo(LOUDS-Sparse)]
Processing dataset...
Done!
Building trie...
Done!
build time: 28730.834089 ms (2873.083409 ns per key)
space cost: 94.593055 MB (18.940649% of original size 499.418229 MB)
Querying trie...
Done!
total time: 15837.827187 ms, avg latency: 1583.782719 ns
topology: 4.283638 MB, link: 32.108927 MB, data: 58.200490 MB
28730.834089,94.593055,1583.782719
[PASSED]
[time 54.56 s, user 51.78 s, sys 2.56 s, maxrss 3698596 KB]
[busy 5601 jiffies]
[exit 0]
--- c2 case 1 rec 1   load 1.00 1.00 1.00
[TEST C2-CoCo(LOUDS-Sparse)]
Processing dataset...
Done!
Building trie...
trie size: 23.143724 MB
Done!
build time: 30745.761802 ms (3074.576180 ns per key)
space cost: 83.070779 MB (16.633510% of original size 499.418229 MB)
Querying trie...
Done!
total time: 18453.274846 ms, avg latency: 1845.327485 ns
topology: 6.127193 MB, link: 31.915912 MB, data: 45.027674 MB
30745.761802,83.070779,1845.327485
[PASSED]
[time 59.18 s, user 56.36 s, sys 2.58 s, maxrss 3571700 KB]
[busy 6072 jiffies]
[exit 0]
--- c2 case 1 rec 2   load 1.00 1.00 1.00
[TEST C2-CoCo(LOUDS-Sparse)]
Processing dataset...
Done!
Building trie...
trie size: 23.143724 MB
trie size: 3.515203 MB
Done!
build time: 31191.788950 ms (3119.178895 ns per key)
space cost: 83.070779 MB (16.633510% of original size 499.418229 MB)
Querying trie...
Done!
total time: 18473.317140 ms, avg latency: 1847.331714 ns
topology: 6.127193 MB, link: 31.915912 MB, data: 45.027674 MB
31191.788950,83.070779,1847.331714
[PASSED]
[time 59.66 s, user 56.88 s, sys 2.53 s, maxrss 3593008 KB]
[busy 6118 jiffies]
[exit 0]
--- c2 case 2 rec 0   load 1.00 1.00 1.00
[TEST C2-MARISA]
Processing dataset...
Done!
Building trie...
trie size: 23.210503 MB
Done!
build time: 11979.622141 ms (1197.962214 ns per key)
space cost: 79.565398 MB (15.931617% of original size 499.418229 MB)
Querying trie...
Done!
total time: 9017.719974 ms, avg latency: 901.771997 ns
topology: 7.658741 MB, link: 28.820719 MB, data: 42.757813 MB
--- Unary Path Analysis (Marisa, cutoff=3) ---
  branches: 15006864  |  single-char: 4344202 (28.9%)  short-unary: 992777 (6.6%)  links: 9669885 (64.4%)
  link len: avg=10.53  max=661  total_chars=101846674
  link length distribution (len:count):  3:979135  4:1063854  5:889005  6:816748  7:783836  8:655792  9:527524  10:470175  11:410531  12:348158  13:310501  14:249595  15:236303  16:208521  17:272348  18:152006  19:142197  20:160137  21:150517  22:97740  23:85053  24:75097  25:69397  26:58698  27:52492  28:46035  29:41825  30:35181  31:33558  32:28138  33:24094  34:21147  35:18522  36:16174  37:15646  38:13222  39:11318  40:10241  41:8684  42:7727  43:7580  44:6353  45:5175  46:4565  47:4156  48:3773  49:3667  50:3232  51:2627  52:2472  53:2112  54:1827  55:1870  56:1795  57:1516  58:1219  59:1198  60:1058  61:1063  62:1033  63:824  64:809  65:724  66:596  67:588  68:699  69:566  70:477  71:404  72:358  73:423  74:508  75:343  76:316  77:296  78:242  79:228  80:271  81:278  82:260  83:218  84:168  85:161  86:237  87:180  88:132  89:149  90:129  91:130  92:217  93:157  94:107  95:107  96:78  97:83  98:157  99:108  100:88  101:113  102:83  103:68  104:108  105:90  106:73  107:60  108:55  109:66  110:134  111:84  112:45  113:42  114:46  115:41  116:61  117:60  118:41  119:55  120:38  121:39  122:51  123:48  124:32  125:24  126:41  127:42  128:50  129:45  130:34  131:23  132:21  133:21  134:26  135:27  136:27  137:16  138:30  139:28  140:17  141:24  142:16  143:13  144:23  145:25  146:30  147:25  148:14  149:7  150:15  151:16  152:9  153:20  154:26  155:21  156:19  157:17  158:10  159:13  160:18  161:5  162:5  163:10  164:10  165:15  166:17  167:11  168:8  169:6  170:2  171:5  172:9  173:11  174:14  175:10  176:6  177:8  178:9  179:8  180:7  181:8  182:5  183:7  184:9  185:7  186:5  187:4  188:6  189:7  190:12  191:7  192:5  193:3  194:7  195:3  196:5  197:2  198:4  199:3  200:7  201:8  202:7  203:9  205:4  206:5  207:5  208:2  209:13  210:3  211:8  212:2  213:2  214:2  215:4  216:2  217:4  218:3  219:6  220:5  221:4  222:3  223:2  224:4  225:2  226:3  227:3  228:3  229:3  230:1  232:4  233:1  234:1  235:2  236:2  237:4  238:5  239:2  240:1  241:1  242:2  243:1  244:5  246:2  247:2  248:2  250:1  251:1  252:1  253:3  255:3  256:6  257:2  258:2  260:1  261:1  262:4  263:3  264:1  265:1  266:1  269:4  271:1  272:1  273:1  274:1  275:1  277:2  281:1  286:1  287:1  288:1  294:1  295:1  301:1  304:1  305:2  306:2  308:1  309:1  311:1  319:1  323:1  328:1  329:2  330:3  331:1  334:1  337:1  341:2  348:1  349:1  351:2  353:1  356:1  368:1  380:1  387:1  392:1  420:1  443:1  447:3  450:1  597:1  650:1  661:1
  short unary avg len: 2.00
11979.622141,79.565398,901.771997
[PASSED]
[time 30.99 s, user 28.92 s, sys 1.94 s, maxrss 2063588 KB]
[busy 3190 jiffies]
[exit 0]
--- c2 case 2 rec 1   load 0.92 0.98 0.99
[TEST C2-MARISA]
Processing dataset...
Done!
Building trie...
trie size: 23.210503 MB
trie size: 33.431739 MB
Done!
build time: 14353.887313 ms (1435.388731 ns per key)
space cost: 66.026621 MB (13.220707% of original size 499.418229 MB)
Querying trie...
Done!
total time: 11911.307332 ms, avg latency: 1191.130733 ns
topology: 9.965065 MB, link: 29.247737 MB, data: 26.485694 MB
--- Unary Path Analysis (Marisa, cutoff=3) ---
  branches: 15006864  |  single-char: 4344202 (28.9%)  short-unary: 992777 (6.6%)  links: 9669885 (64.4%)
  link len: avg=10.53  max=661  total_chars=101846674
  link length distribution (len:count):  3:979135  4:1063854  5:889005  6:816748  7:783836  8:655792  9:527524  10:470175  11:410531  12:348158  13:310501  14:249595  15:236303  16:208521  17:272348  18:152006  19:142197  20:160137  21:150517  22:97740  23:85053  24:75097  25:69397  26:58698  27:52492  28:46035  29:41825  30:35181  31:33558  32:28138  33:24094  34:21147  35:18522  36:16174  37:15646  38:13222  39:11318  40:10241  41:8684  42:7727  43:7580  44:6353  45:5175  46:4565  47:4156  48:3773  49:3667  50:3232  51:2627  52:2472  53:2112  54:1827  55:1870  56:1795  57:1516  58:1219  59:1198  60:1058  61:1063  62:1033  63:824  64:809  65:724  66:596  67:588  68:699  69:566  70:477  71:404  72:358  73:423  74:508  75:343  76:316  77:296  78:242  79:228  80:271  81:278  82:260  83:218  84:168  85:161  86:237  87:180  88:132  89:149  90:129  91:130  92:217  93:157  94:107  95:107  96:78  97:83  98:157  99:108  100:88  101:113  102:83  103:68  104:108  105:90  106:73  107:60  108:55  109:66  110:134  111:84  112:45  113:42  114:46  115:41  116:61  117:60  118:41  119:55  120:38  121:39  122:51  123:48  124:32  125:24  126:41  127:42  128:50  129:45  130:34  131:23  132:21  133:21  134:26  135:27  136:27  137:16  138:30  139:28  140:17  141:24  142:16  143:13  144:23  145:25  146:30  147:25  148:14  149:7  150:15  151:16  152:9  153:20  154:26  155:21  156:19  157:17  158:10  159:13  160:18  161:5  162:5  163:10  164:10  165:15  166:17  167:11  168:8  169:6  170:2  171:5  172:9  173:11  174:14  175:10  176:6  177:8  178:9  179:8  180:7  181:8  182:5  183:7  184:9  185:7  186:5  187:4  188:6  189:7  190:12  191:7  192:5  193:3  194:7  195:3  196:5  197:2  198:4  199:3  200:7  201:8  202:7  203:9  205:4  206:5  207:5  208:2  209:13  210:3  211:8  212:2  213:2  214:2  215:4  216:2  217:4  218:3  219:6  220:5  221:4  222:3  223:2  224:4  225:2  226:3  227:3  228:3  229:3  230:1  232:4  233:1  234:1  235:2  236:2  237:4  238:5  239:2  240:1  241:1  242:2  243:1  244:5  246:2  247:2  248:2  250:1  251:1  252:1  253:3  255:3  256:6  257:2  258:2  260:1  261:1  262:4  263:3  264:1  265:1  266:1  269:4  271:1  272:1  273:1  274:1  275:1  277:2  281:1  286:1  287:1  288:1  294:1  295:1  301:1  304:1  305:2  306:2  308:1  309:1  311:1  319:1  323:1  328:1  329:2  330:3  331:1  334:1  337:1  341:2  348:1  349:1  351:2  353:1  356:1  368:1  380:1  387:1  392:1  420:1  443:1  447:3  450:1  597:1  650:1  661:1
  short unary avg len: 2.00
14353.887313,66.026621,1191.130733
[PASSED]
[time 36.30 s, user 34.27 s, sys 1.88 s, maxrss 2049620 KB]
[busy 3732 jiffies]
[exit 0]
--- c2 case 2 rec 2   load 0.96 0.99 1.00
[TEST C2-MARISA]
Processing dataset...
Done!
Building trie...
trie size: 23.210503 MB
trie size: 33.431739 MB
trie size: 4.248938 MB
Done!
build time: 15001.178993 ms (1500.117899 ns per key)
space cost: 66.026621 MB (13.220707% of original size 499.418229 MB)
Querying trie...
Done!
total time: 11998.796905 ms, avg latency: 1199.879690 ns
topology: 9.965065 MB, link: 29.247737 MB, data: 26.485694 MB
--- Unary Path Analysis (Marisa, cutoff=3) ---
  branches: 15006864  |  single-char: 4344202 (28.9%)  short-unary: 992777 (6.6%)  links: 9669885 (64.4%)
  link len: avg=10.53  max=661  total_chars=101846674
  link length distribution (len:count):  3:979135  4:1063854  5:889005  6:816748  7:783836  8:655792  9:527524  10:470175  11:410531  12:348158  13:310501  14:249595  15:236303  16:208521  17:272348  18:152006  19:142197  20:160137  21:150517  22:97740  23:85053  24:75097  25:69397  26:58698  27:52492  28:46035  29:41825  30:35181  31:33558  32:28138  33:24094  34:21147  35:18522  36:16174  37:15646  38:13222  39:11318  40:10241  41:8684  42:7727  43:7580  44:6353  45:5175  46:4565  47:4156  48:3773  49:3667  50:3232  51:2627  52:2472  53:2112  54:1827  55:1870  56:1795  57:1516  58:1219  59:1198  60:1058  61:1063  62:1033  63:824  64:809  65:724  66:596  67:588  68:699  69:566  70:477  71:404  72:358  73:423  74:508  75:343  76:316  77:296  78:242  79:228  80:271  81:278  82:260  83:218  84:168  85:161  86:237  87:180  88:132  89:149  90:129  91:130  92:217  93:157  94:107  95:107  96:78  97:83  98:157  99:108  100:88  101:113  102:83  103:68  104:108  105:90  106:73  107:60  108:55  109:66  110:134  111:84  112:45  113:42  114:46  115:41  116:61  117:60  118:41  119:55  120:38  121:39  122:51  123:48  124:32  125:24  126:41  127:42  128:50  129:45  130:34  131:23  132:21  133:21  134:26  135:27  136:27  137:16  138:30  139:28  140:17  141:24  142:16  143:13  144:23  145:25  146:30  147:25  148:14  149:7  150:15  151:16  152:9  153:20  154:26  155:21  156:19  157:17  158:10  159:13  160:18  161:5  162:5  163:10  164:10  165:15  166:17  167:11  168:8  169:6  170:2  171:5  172:9  173:11  174:14  175:10  176:6  177:8  178:9  179:8  180:7  181:8  182:5  183:7  184:9  185:7  186:5  187:4  188:6  189:7  190:12  191:7  192:5  193:3  194:7  195:3  196:5  197:2  198:4  199:3  200:7  201:8  202:7  203:9  205:4  206:5  207:5  208:2  209:13  210:3  211:8  212:2  213:2  214:2  215:4  216:2  217:4  218:3  219:6  220:5  221:4  222:3  223:2  224:4  225:2  226:3  227:3  228:3  229:3  230:1  232:4  233:1  234:1  235:2  236:2  237:4  238:5  239:2  240:1  241:1  242:2  243:1  244:5  246:2  247:2  248:2  250:1  251:1  252:1  253:3  255:3  256:6  257:2  258:2  260:1  261:1  262:4  263:3  264:1  265:1  266:1  269:4  271:1  272:1  273:1  274:1  275:1  277:2  281:1  286:1  287:1  288:1  294:1  295:1  301:1  304:1  305:2  306:2  308:1  309:1  311:1  319:1  323:1  328:1  329:2  330:3  331:1  334:1  337:1  341:2  348:1  349:1  351:2  353:1  356:1  368:1  380:1  387:1  392:1  420:1  443:1  447:3  450:1  597:1  650:1  661:1
  short unary avg len: 2.00
15001.178993,66.026621,1199.879690
[PASSED]
[time 36.97 s, user 34.96 s, sys 1.86 s, maxrss 2049576 KB]
[busy 3798 jiffies]
[exit 0]
--- c2 case 3 rec 0   load 0.98 0.99 1.00
[TEST FST]
Processing dataset...
Done!
Building trie...
Done!
build time: 15691.647853 ms (1569.164785 ns per key)
space cost: 90.985074 MB (18.218212% of original size 499.418229 MB)
Querying trie...
Done!
total time: 19992.858990 ms, avg latency: 1999.285899 ns
not implemented
15691.647853,90.985074,1999.285899
[PASSED]
[time 45.69 s, user 44.14 s, sys 1.37 s, maxrss 2073804 KB]
[busy 4690 jiffies]
[exit 0]
--- c2 case 4 rec 0   load 0.99 1.00 1.00
terminate called after throwing an instance of 'std::bad_alloc'
  what():  std::bad_alloc
timeout: the monitored command dumped core
Command terminated by signal 6
[time 31.20 s, user 19.57 s, sys 11.45 s, maxrss 27784668 KB]
[busy 3329 jiffies]
[exit 134]
--- c2 case 5 rec 0   load 0.92 0.98 0.99
[TEST MARISA]
Processing dataset...
Done!
Building trie...
Done!
build time: 10485.690699 ms (1048.569070 ns per key)
space cost: 82.540893 MB (16.527409% of original size 499.418229 MB)
Querying trie...
Done!
total time: 11184.479574 ms, avg latency: 1118.447957 ns
not implemented
10485.690699,82.540893,1118.447957
[PASSED]
[time 31.40 s, user 29.60 s, sys 1.66 s, maxrss 2342112 KB]
[busy 3227 jiffies]
[exit 0]
--- c2 case 5 rec 1   load 0.95 0.98 1.00
[TEST MARISA]
Processing dataset...
Done!
Building trie...
Done!
build time: 11595.552996 ms (1159.555300 ns per key)
space cost: 59.449470 MB (11.903744% of original size 499.418229 MB)
Querying trie...
Done!
total time: 15398.534435 ms, avg latency: 1539.853443 ns
not implemented
11595.552996,59.449470,1539.853443
[PASSED]
[time 36.70 s, user 34.75 s, sys 1.79 s, maxrss 2341824 KB]
[busy 3765 jiffies]
[exit 0]
--- c2 case 5 rec 2   load 0.89 0.97 0.99
[TEST MARISA]
Processing dataset...
Done!
Building trie...
Done!
build time: 11901.020640 ms (1190.102064 ns per key)
space cost: 55.623455 MB (11.137650% of original size 499.418229 MB)
Querying trie...
Done!
total time: 16345.457882 ms, avg latency: 1634.545788 ns
not implemented
11901.020640,55.623455,1634.545788
[PASSED]
[time 37.92 s, user 35.95 s, sys 1.81 s, maxrss 2342348 KB]
[busy 3908 jiffies]
[exit 0]
--- c2 case 6 rec 0   load 0.94 0.97 1.00
[TEST PDT]
Processing dataset...
Done!
Building trie...
dict size: 156234, stream size: 59837983
Done!
build time: 27577.670379 ms (2757.767038 ns per key)
space cost: 69.980471 MB (14.012398% of original size 499.418229 MB)
Querying trie...
Done!
total time: 11806.130831 ms, avg latency: 1180.613083 ns
not implemented
27577.670379,69.980471,1180.613083
[PASSED]
[time 49.29 s, user 47.28 s, sys 1.81 s, maxrss 2053504 KB]
[busy 5058 jiffies]
[exit 0]
--- c2 case 7 rec 0   load 0.98 0.98 1.00
[TEST ART]
Processing dataset...
Done!
Building trie...
Done!
build time: 3633.315718 ms (363.331572 ns per key)
space cost: 341.430801 MB (68.365707% of original size 499.418229 MB)
Querying trie...
Done!
total time: 8827.385321 ms, avg latency: 882.738532 ns
not implemented
3633.315718,341.430801,882.738532
[PASSED]
[time 22.61 s, user 20.84 s, sys 1.68 s, maxrss 2884560 KB]
[busy 2327 jiffies]
[exit 0]
--- c2 case 8 rec 0   load 0.99 0.98 1.00
[TEST CART]
Processing dataset...
Done!
Building trie...
Done!
build time: 4214.738775 ms (421.473878 ns per key)
space cost: 160.654354 MB (32.168300% of original size 499.418229 MB)
Querying trie...
Done!
total time: 9144.736968 ms, avg latency: 914.473697 ns
not implemented
4214.738775,160.654354,914.473697
[PASSED]
[time 23.39 s, user 21.70 s, sys 1.59 s, maxrss 2766204 KB]
[busy 2408 jiffies]
[exit 0]
--- xcdat 7   load 0.99 0.98 1.00
build time: 12658.978317 ms
space cost: 117.959981 MiB (23.619478% of original size 499.418229 MiB)
avg latency: 864.778940 ns
12658.978317,117.959981,864.778940
[time 31.23 s, user 29.27 s, sys 1.83 s, maxrss 2101972 KB]
[busy 3211 jiffies]
[exit 0]
--- xcdat 8   load 1.00 0.99 1.00
build time: 12238.330053 ms
space cost: 114.082344 MiB (22.843048% of original size 499.418229 MiB)
avg latency: 837.869714 ns
12238.330053,114.082344,837.869714
[time 30.52 s, user 28.61 s, sys 1.78 s, maxrss 2097896 KB]
[busy 3137 jiffies]
[exit 0]
--- xcdat 15   load 1.06 1.00 1.00
build time: 12620.118883 ms
space cost: 140.648740 MiB (28.162516% of original size 499.418229 MiB)
avg latency: 697.651142 ns
12620.118883,140.648740,697.651142
[time 29.50 s, user 27.54 s, sys 1.83 s, maxrss 2125036 KB]
[busy 3033 jiffies]
[exit 0]
--- xcdat 16   load 1.04 1.00 1.00
build time: 12299.381050 ms
space cost: 147.118110 MiB (29.457897% of original size 499.418229 MiB)
avg latency: 761.047434 ns
12299.381050,147.118110,761.047434
[time 29.85 s, user 27.87 s, sys 1.85 s, maxrss 2131848 KB]
[busy 3071 jiffies]
[exit 0]

##### uuid-10000000 (10000000 lines, 370000000 bytes)   round 1/3   2026-09-15T17:10:30+03:00
--- lexindex dict32   load 1.02 1.00 1.00
10000000 keys
lexindex DictIndex block 32: build 2541 ms, size 196.965 MiB (20.653 B/key), latency cold 758.7 ns, then mean 761.1 / min 759.4 ns
2541.131,196.964945,758.726
[time 39.14 s, user 58.94 s, sys 3.26 s, maxrss 1853660 KB]
[busy 6380 jiffies]
[exit 0]
--- lexindex dict256   load 1.01 1.00 1.00
10000000 keys
lexindex DictIndex block 256: build 2582 ms, size 190.505 MiB (19.976 B/key), latency cold 781.7 ns, then mean 779.6 / min 778.4 ns
2581.609,190.504832,781.720
[time 39.94 s, user 59.85 s, sys 3.27 s, maxrss 1843312 KB]
[busy 6473 jiffies]
[exit 0]
--- lexindex dict1024   load 1.00 1.00 1.00
10000000 keys
lexindex DictIndex block 1024: build 2566 ms, size 189.735 MiB (19.895 B/key), latency cold 765.3 ns, then mean 762.9 / min 761.1 ns
2565.742,189.735226,765.287
[time 39.28 s, user 59.32 s, sys 3.34 s, maxrss 1842388 KB]
[busy 6428 jiffies]
[exit 0]
--- lexindex string   load 1.00 1.00 1.00
10000000 keys
lexindex StringIndex: build 24242 ms, size 343.964 MiB (36.067 B/key), latency cold 778.8 ns, then mean 773.9 / min 773.1 ns
24241.545,343.963631,778.807
[time 61.31 s, user 59.90 s, sys 1.16 s, maxrss 1956256 KB]
[busy 6279 jiffies]
[exit 0]
--- c2 case 0 rec 0   load 1.00 1.00 1.00
[TEST C2-FST]
Processing dataset...
Done!
Building trie...
Done!
build time: 13835.681215 ms (1383.568121 ns per key)
space cost: 224.266170 MB (65.322256% of original size 343.322754 MB)
Querying trie...
Done!
total time: 6984.412865 ms, avg latency: 698.441287 ns
topology: 7.652824 MB, link: 34.870965 MB, data: 181.742380 MB
--- Unary Path Analysis (FST, cutoff=4) ---
  shared unary steps in main trie: 126967
  terminal suffixes: inplace=0 (avg len=0.00)  links=10000000 (100.0% of terminal)
  link len: avg=28.51  max=30  total_chars=285103126
  link length distribution (len:count):  23:4  24:94  25:1324  26:21561  28:340409  29:4123330  30:5512548  31:730
13835.681215,224.266170,698.441287
[PASSED]
[time 29.80 s, user 27.50 s, sys 2.17 s, maxrss 3090208 KB]
[busy 3064 jiffies]
[exit 0]
--- c2 case 0 rec 1   load 1.00 1.00 1.00
[TEST C2-FST]
Processing dataset...
Done!
Building trie...
trie size: 47.664446 MB
Done!
build time: 25820.587031 ms (2582.058703 ns per key)
space cost: 224.266170 MB (65.322256% of original size 343.322754 MB)
Querying trie...
Done!
total time: 7046.462382 ms, avg latency: 704.646238 ns
topology: 7.652824 MB, link: 34.870965 MB, data: 181.742380 MB
--- Unary Path Analysis (FST, cutoff=4) ---
  shared unary steps in main trie: 126967
  terminal suffixes: inplace=0 (avg len=0.00)  links=10000000 (100.0% of terminal)
  link len: avg=28.51  max=30  total_chars=285103126
  link length distribution (len:count):  23:4  24:94  25:1324  26:21561  28:340409  29:4123330  30:5512548  31:730
25820.587031,224.266170,704.646238
[PASSED]
[time 41.96 s, user 39.17 s, sys 2.61 s, maxrss 3559232 KB]
[busy 4310 jiffies]
[exit 0]
--- c2 case 0 rec 2   load 0.96 1.00 1.00
[TEST C2-FST]
Processing dataset...
Done!
Building trie...
trie size: 47.664446 MB
Done!
build time: 25939.372009 ms (2593.937201 ns per key)
space cost: 224.266170 MB (65.322256% of original size 343.322754 MB)
Querying trie...
Done!
total time: 7027.712035 ms, avg latency: 702.771203 ns
topology: 7.652824 MB, link: 34.870965 MB, data: 181.742380 MB
--- Unary Path Analysis (FST, cutoff=4) ---
  shared unary steps in main trie: 126967
  terminal suffixes: inplace=0 (avg len=0.00)  links=10000000 (100.0% of terminal)
  link len: avg=28.51  max=30  total_chars=285103126
  link length distribution (len:count):  23:4  24:94  25:1324  26:21561  28:340409  29:4123330  30:5512548  31:730
25939.372009,224.266170,702.771203
[PASSED]
[time 42.06 s, user 39.24 s, sys 2.64 s, maxrss 3559500 KB]
[busy 4319 jiffies]
[exit 0]
--- c2 case 1 rec 0   load 0.98 1.00 1.00
[TEST C2-CoCo(LOUDS-Sparse)]
Processing dataset...
Done!
Building trie...
Done!
build time: 17514.164843 ms (1751.416484 ns per key)
space cost: 212.803069 MB (61.983386% of original size 343.322754 MB)
Querying trie...
Done!
total time: 7339.566965 ms, avg latency: 733.956697 ns
topology: 3.395058 MB, link: 36.016802 MB, data: 173.391209 MB
17514.164843,212.803069,733.956697
[PASSED]
[time 33.91 s, user 30.95 s, sys 2.81 s, maxrss 4160932 KB]
[busy 3482 jiffies]
[exit 0]
--- c2 case 1 rec 1   load 1.04 1.01 1.00
[TEST C2-CoCo(LOUDS-Sparse)]
Processing dataset...
Done!
Building trie...
trie size: 47.664446 MB
Done!
build time: 29638.630168 ms (2963.863017 ns per key)
space cost: 212.803069 MB (61.983386% of original size 343.322754 MB)
Querying trie...
Done!
total time: 7234.401691 ms, avg latency: 723.440169 ns
topology: 3.395058 MB, link: 36.016802 MB, data: 173.391209 MB
29638.630168,212.803069,723.440169
[PASSED]
[time 45.90 s, user 42.54 s, sys 3.17 s, maxrss 4629812 KB]
[busy 4713 jiffies]
[exit 0]
--- c2 case 1 rec 2   load 0.93 0.99 0.99
[TEST C2-CoCo(LOUDS-Sparse)]
Processing dataset...
Done!
Building trie...
trie size: 47.664446 MB
Done!
build time: 29531.691272 ms (2953.169127 ns per key)
space cost: 212.803069 MB (61.983386% of original size 343.322754 MB)
Querying trie...
Done!
total time: 7326.011010 ms, avg latency: 732.601101 ns
topology: 3.395058 MB, link: 36.016802 MB, data: 173.391209 MB
29531.691272,212.803069,732.601101
[PASSED]
[time 45.90 s, user 42.47 s, sys 3.24 s, maxrss 4629856 KB]
[busy 4717 jiffies]
[exit 0]
--- c2 case 2 rec 0   load 0.97 1.00 1.00
[TEST C2-MARISA]
Processing dataset...
Done!
Building trie...
trie size: 19.421587 MB
Done!
build time: 12740.288986 ms (1274.028899 ns per key)
space cost: 218.030363 MB (63.505946% of original size 343.322754 MB)
Querying trie...
Done!
total time: 5791.465653 ms, avg latency: 579.146565 ns
topology: 6.395802 MB, link: 33.418009 MB, data: 177.888428 MB
--- Unary Path Analysis (Marisa, cutoff=3) ---
  branches: 13314429  |  single-char: 3205780 (24.1%)  short-unary: 97508 (0.7%)  links: 10011141 (75.2%)
  link len: avg=30.48  max=32  total_chars=305143726
  link length distribution (len:count):  3:4393  4:6350  5:369  6:27  7:2  24:4  25:94  26:1324  27:21561  29:340409  30:4123330  31:5512548  32:730
  short unary avg len: 2.00
12740.288986,218.030363,579.146565
[PASSED]
[time 27.67 s, user 25.31 s, sys 2.24 s, maxrss 3004204 KB]
[busy 2851 jiffies]
[exit 0]
--- c2 case 2 rec 1   load 0.96 1.00 1.00
[TEST C2-MARISA]
Processing dataset...
Done!
Building trie...
trie size: 19.421587 MB
trie size: 47.697874 MB
Done!
build time: 24900.656051 ms (2490.065605 ns per key)
space cost: 218.030363 MB (63.505946% of original size 343.322754 MB)
Querying trie...
Done!
total time: 5789.969812 ms, avg latency: 578.996981 ns
topology: 6.395802 MB, link: 33.418009 MB, data: 177.888428 MB
--- Unary Path Analysis (Marisa, cutoff=3) ---
  branches: 13314429  |  single-char: 3205780 (24.1%)  short-unary: 97508 (0.7%)  links: 10011141 (75.2%)
  link len: avg=30.48  max=32  total_chars=305143726
  link length distribution (len:count):  3:4393  4:6350  5:369  6:27  7:2  24:4  25:94  26:1324  27:21561  29:340409  30:4123330  31:5512548  32:730
  short unary avg len: 2.00
24900.656051,218.030363,578.996981
[PASSED]
[time 39.77 s, user 37.05 s, sys 2.55 s, maxrss 3497968 KB]
[busy 4097 jiffies]
[exit 0]
--- c2 case 2 rec 2   load 0.98 1.00 1.00
[TEST C2-MARISA]
Processing dataset...
Done!
Building trie...
trie size: 19.421587 MB
trie size: 47.697874 MB
Done!
build time: 25058.185912 ms (2505.818591 ns per key)
space cost: 218.030363 MB (63.505946% of original size 343.322754 MB)
Querying trie...
Done!
total time: 5781.679233 ms, avg latency: 578.167923 ns
topology: 6.395802 MB, link: 33.418009 MB, data: 177.888428 MB
--- Unary Path Analysis (Marisa, cutoff=3) ---
  branches: 13314429  |  single-char: 3205780 (24.1%)  short-unary: 97508 (0.7%)  links: 10011141 (75.2%)
  link len: avg=30.48  max=32  total_chars=305143726
  link length distribution (len:count):  3:4393  4:6350  5:369  6:27  7:2  24:4  25:94  26:1324  27:21561  29:340409  30:4123330  31:5512548  32:730
  short unary avg len: 2.00
25058.185912,218.030363,578.167923
[PASSED]
[time 39.95 s, user 37.19 s, sys 2.59 s, maxrss 3497792 KB]
[busy 4108 jiffies]
[exit 0]
--- c2 case 3 rec 0   load 0.99 1.00 1.00
[TEST FST]
Processing dataset...
Done!
Building trie...
Done!
build time: 10592.033722 ms (1059.203372 ns per key)
space cost: 341.746040 MB (99.540749% of original size 343.322754 MB)
Querying trie...
Done!
total time: 7027.636493 ms, avg latency: 702.763649 ns
not implemented
10592.033722,341.746040,702.763649
[PASSED]
[time 26.66 s, user 24.94 s, sys 1.61 s, maxrss 1916792 KB]
[busy 2748 jiffies]
[exit 0]
--- c2 case 4 rec 0   load 0.91 0.98 0.99
terminate called after throwing an instance of 'std::bad_alloc'
  what():  std::bad_alloc
timeout: the monitored command dumped core
Command terminated by signal 6
[time 27.87 s, user 16.21 s, sys 11.49 s, maxrss 27785008 KB]
[busy 2988 jiffies]
[exit 134]
--- c2 case 5 rec 0   load 0.94 0.99 1.00
[TEST MARISA]
Processing dataset...
Done!
Building trie...
Done!
build time: 7776.038834 ms (777.603883 ns per key)
space cost: 346.565342 MB (100.944472% of original size 343.322754 MB)
Querying trie...
Done!
total time: 7919.448710 ms, avg latency: 791.944871 ns
not implemented
7776.038834,346.565342,791.944871
[PASSED]
[time 24.54 s, user 22.56 s, sys 1.88 s, maxrss 2465044 KB]
[busy 2525 jiffies]
[exit 0]
--- c2 case 5 rec 1   load 0.96 0.99 1.00
[TEST MARISA]
Processing dataset...
Done!
Building trie...
Done!
build time: 12543.686797 ms (1254.368680 ns per key)
space cost: 330.987365 MB (96.407058% of original size 343.322754 MB)
Querying trie...
Done!
total time: 15273.525604 ms, avg latency: 1527.352560 ns
not implemented
12543.686797,330.987365,1527.352560
[PASSED]
[time 36.65 s, user 34.40 s, sys 2.09 s, maxrss 2416164 KB]
[busy 3774 jiffies]
[exit 0]
--- c2 case 5 rec 2   load 0.98 0.99 1.00
[TEST MARISA]
Processing dataset...
Done!
Building trie...
Done!
build time: 16301.209560 ms (1630.120956 ns per key)
space cost: 316.683807 MB (92.240844% of original size 343.322754 MB)
Querying trie...
Done!
total time: 23258.891670 ms, avg latency: 2325.889167 ns
not implemented
16301.209560,316.683807,2325.889167
[PASSED]
[time 48.34 s, user 45.82 s, sys 2.32 s, maxrss 2381340 KB]
[busy 4960 jiffies]
[exit 0]
--- c2 case 6 rec 0   load 0.99 1.00 1.00
[TEST PDT]
Processing dataset...
Done!
Building trie...
dict size: 166678, stream size: 192351068
Done!
build time: 125532.784521 ms (12553.278452 ns per key)
space cost: 196.364757 MB (57.195381% of original size 343.322754 MB)
Querying trie...
Done!
total time: 11375.344515 ms, avg latency: 1137.534451 ns
not implemented
125532.784521,196.364757,1137.534451
[PASSED]
[time 145.99 s, user 141.75 s, sys 3.67 s, maxrss 2858452 KB]
[busy 14981 jiffies]
[exit 0]
--- c2 case 7 rec 0   load 1.00 1.00 1.00
[TEST ART]
Processing dataset...
Done!
Building trie...
Done!
build time: 2152.617291 ms (215.261729 ns per key)
space cost: 274.100403 MB (79.837529% of original size 343.322754 MB)
Querying trie...
Done!
total time: 5165.487591 ms, avg latency: 516.548759 ns
not implemented
2152.617291,274.100403,516.548759
[PASSED]
[time 16.44 s, user 15.06 s, sys 1.31 s, maxrss 2232280 KB]
[busy 1691 jiffies]
[exit 0]
--- c2 case 8 rec 0   load 1.00 1.00 1.00
[TEST CART]
Processing dataset...
Done!
Building trie...
Done!
build time: 2449.633044 ms (244.963304 ns per key)
space cost: 120.320314 MB (35.045832% of original size 343.322754 MB)
Querying trie...
Done!
total time: 5379.995460 ms, avg latency: 537.999546 ns
not implemented
2449.633044,120.320314,537.999546
[PASSED]
[time 16.96 s, user 15.62 s, sys 1.27 s, maxrss 2097076 KB]
[busy 1750 jiffies]
[exit 0]
--- xcdat 7   load 1.00 1.00 1.00
build time: 11317.542249 ms
space cost: 365.827440 MiB (106.554965% of original size 343.322754 MiB)
avg latency: 670.969194 ns
11317.542249,365.827440,670.969194
[time 26.99 s, user 24.97 s, sys 1.91 s, maxrss 1989516 KB]
[busy 2768 jiffies]
[exit 0]
--- xcdat 8   load 1.06 1.02 1.00
build time: 10286.110168 ms
space cost: 357.688156 MiB (104.184227% of original size 343.322754 MiB)
avg latency: 615.266165 ns
10286.110168,357.688156,615.266165
[time 25.38 s, user 23.42 s, sys 1.86 s, maxrss 1959568 KB]
[busy 2610 jiffies]
[exit 0]
--- xcdat 15   load 1.11 1.03 1.01
build time: 10475.434341 ms
space cost: 367.954617 MiB (107.174550% of original size 343.322754 MiB)
avg latency: 547.542974 ns
10475.434341,367.954617,547.542974
[time 24.98 s, user 23.00 s, sys 1.88 s, maxrss 1946712 KB]
[busy 2563 jiffies]
[exit 0]
--- xcdat 16   load 1.14 1.04 1.01
build time: 10258.781716 ms
space cost: 371.930763 MiB (108.332687% of original size 343.322754 MiB)
avg latency: 562.677571 ns
10258.781716,371.930763,562.677571
[time 24.88 s, user 22.93 s, sys 1.84 s, maxrss 1955256 KB]
[busy 2558 jiffies]
[exit 0]

##### uuid-10000000 (10000000 lines, 370000000 bytes)   round 2/3   2026-09-15T17:27:08+03:00
--- xcdat 16   load 1.00 1.02 1.00
build time: 10280.008737 ms
space cost: 371.930763 MiB (108.332687% of original size 343.322754 MiB)
avg latency: 562.250682 ns
10280.008737,371.930763,562.250682
[time 24.90 s, user 22.89 s, sys 1.91 s, maxrss 1955492 KB]
[busy 2560 jiffies]
[exit 0]
--- xcdat 15   load 1.00 1.02 1.00
build time: 10474.161568 ms
space cost: 367.954617 MiB (107.174550% of original size 343.322754 MiB)
avg latency: 551.505779 ns
10474.161568,367.954617,551.505779
[time 24.97 s, user 22.93 s, sys 1.94 s, maxrss 1946732 KB]
[busy 2559 jiffies]
[exit 0]
--- xcdat 8   load 1.07 1.03 1.00
build time: 10285.840997 ms
space cost: 357.688156 MiB (104.184227% of original size 343.322754 MiB)
avg latency: 611.169945 ns
10285.840997,357.688156,611.169945
[time 25.40 s, user 23.45 s, sys 1.84 s, maxrss 1959656 KB]
[busy 2609 jiffies]
[exit 0]
--- xcdat 7   load 1.05 1.03 1.00
build time: 11301.019186 ms
space cost: 365.827440 MiB (106.554965% of original size 343.322754 MiB)
avg latency: 669.991159 ns
11301.019186,365.827440,669.991159
[time 27.01 s, user 25.02 s, sys 1.88 s, maxrss 1989732 KB]
[busy 2771 jiffies]
[exit 0]
--- c2 case 8 rec 0   load 1.03 1.02 1.00
[TEST CART]
Processing dataset...
Done!
Building trie...
Done!
build time: 2455.821882 ms (245.582188 ns per key)
space cost: 120.320314 MB (35.045832% of original size 343.322754 MB)
Querying trie...
Done!
total time: 5399.022016 ms, avg latency: 539.902202 ns
not implemented
2455.821882,120.320314,539.902202
[PASSED]
[time 16.91 s, user 15.52 s, sys 1.32 s, maxrss 2096520 KB]
[busy 1738 jiffies]
[exit 0]
--- c2 case 7 rec 0   load 1.02 1.02 1.00
[TEST ART]
Processing dataset...
Done!
Building trie...
Done!
build time: 2156.409472 ms (215.640947 ns per key)
space cost: 274.100403 MB (79.837529% of original size 343.322754 MB)
Querying trie...
Done!
total time: 5144.666450 ms, avg latency: 514.466645 ns
not implemented
2156.409472,274.100403,514.466645
[PASSED]
[time 16.40 s, user 15.01 s, sys 1.32 s, maxrss 2232144 KB]
[busy 1700 jiffies]
[exit 0]
--- c2 case 6 rec 0   load 1.01 1.02 1.00
[TEST PDT]
Processing dataset...
Done!
Building trie...
dict size: 166678, stream size: 192351068
Done!
build time: 123938.809662 ms (12393.880966 ns per key)
space cost: 196.364757 MB (57.195381% of original size 343.322754 MB)
Querying trie...
Done!
total time: 11418.162166 ms, avg latency: 1141.816217 ns
not implemented
123938.809662,196.364757,1141.816217
[PASSED]
[time 144.43 s, user 140.24 s, sys 3.64 s, maxrss 2857968 KB]
[busy 14791 jiffies]
[exit 0]
--- c2 case 5 rec 2   load 1.00 1.01 1.00
[TEST MARISA]
Processing dataset...
Done!
Building trie...
Done!
build time: 16305.360841 ms (1630.536084 ns per key)
space cost: 316.683807 MB (92.240844% of original size 343.322754 MB)
Querying trie...
Done!
total time: 23624.889661 ms, avg latency: 2362.488966 ns
not implemented
16305.360841,316.683807,2362.488966
[PASSED]
[time 48.76 s, user 46.33 s, sys 2.23 s, maxrss 2381428 KB]
[busy 5013 jiffies]
[exit 0]
--- c2 case 5 rec 1   load 1.00 1.00 1.00
[TEST MARISA]
Processing dataset...
Done!
Building trie...
Done!
build time: 12547.984730 ms (1254.798473 ns per key)
space cost: 330.987365 MB (96.407058% of original size 343.322754 MB)
Querying trie...
Done!
total time: 15381.585430 ms, avg latency: 1538.158543 ns
not implemented
12547.984730,330.987365,1538.158543
[PASSED]
[time 36.81 s, user 34.57 s, sys 2.09 s, maxrss 2416288 KB]
[busy 3786 jiffies]
[exit 0]
--- c2 case 5 rec 0   load 0.92 0.98 0.99
[TEST MARISA]
Processing dataset...
Done!
Building trie...
Done!
build time: 7791.198422 ms (779.119842 ns per key)
space cost: 346.565342 MB (100.944472% of original size 343.322754 MB)
Querying trie...
Done!
total time: 7850.760864 ms, avg latency: 785.076086 ns
not implemented
7791.198422,346.565342,785.076086
[PASSED]
[time 24.47 s, user 22.47 s, sys 1.90 s, maxrss 2464952 KB]
[busy 2522 jiffies]
[exit 0]
--- c2 case 4 rec 0   skipped: exit 134 in round 1
--- c2 case 3 rec 0   load 0.87 0.97 0.99
[TEST FST]
Processing dataset...
Done!
Building trie...
Done!
build time: 10581.224486 ms (1058.122449 ns per key)
space cost: 341.746040 MB (99.540749% of original size 343.322754 MB)
Querying trie...
Done!
total time: 6990.387542 ms, avg latency: 699.038754 ns
not implemented
10581.224486,341.746040,699.038754
[PASSED]
[time 26.64 s, user 24.95 s, sys 1.57 s, maxrss 1917004 KB]
[busy 2735 jiffies]
[exit 0]
--- c2 case 2 rec 2   load 0.91 0.97 0.99
[TEST C2-MARISA]
Processing dataset...
Done!
Building trie...
trie size: 19.421587 MB
trie size: 47.697874 MB
Done!
build time: 24934.694295 ms (2493.469429 ns per key)
space cost: 218.030363 MB (63.505946% of original size 343.322754 MB)
Querying trie...
Done!
total time: 5793.419325 ms, avg latency: 579.341932 ns
topology: 6.395802 MB, link: 33.418009 MB, data: 177.888428 MB
--- Unary Path Analysis (Marisa, cutoff=3) ---
  branches: 13314429  |  single-char: 3205780 (24.1%)  short-unary: 97508 (0.7%)  links: 10011141 (75.2%)
  link len: avg=30.48  max=32  total_chars=305143726
  link length distribution (len:count):  3:4393  4:6350  5:369  6:27  7:2  24:4  25:94  26:1324  27:21561  29:340409  30:4123330  31:5512548  32:730
  short unary avg len: 2.00
24934.694295,218.030363,579.341932
[PASSED]
[time 39.77 s, user 36.95 s, sys 2.65 s, maxrss 3498112 KB]
[busy 4085 jiffies]
[exit 0]
--- c2 case 2 rec 1   load 0.96 0.98 1.00
[TEST C2-MARISA]
Processing dataset...
Done!
Building trie...
trie size: 19.421587 MB
trie size: 47.697874 MB
Done!
build time: 24958.948224 ms (2495.894822 ns per key)
space cost: 218.030363 MB (63.505946% of original size 343.322754 MB)
Querying trie...
Done!
total time: 5800.871610 ms, avg latency: 580.087161 ns
topology: 6.395802 MB, link: 33.418009 MB, data: 177.888428 MB
--- Unary Path Analysis (Marisa, cutoff=3) ---
  branches: 13314429  |  single-char: 3205780 (24.1%)  short-unary: 97508 (0.7%)  links: 10011141 (75.2%)
  link len: avg=30.48  max=32  total_chars=305143726
  link length distribution (len:count):  3:4393  4:6350  5:369  6:27  7:2  24:4  25:94  26:1324  27:21561  29:340409  30:4123330  31:5512548  32:730
  short unary avg len: 2.00
24958.948224,218.030363,580.087161
[PASSED]
[time 39.85 s, user 37.07 s, sys 2.61 s, maxrss 3497676 KB]
[busy 4089 jiffies]
[exit 0]
--- c2 case 2 rec 0   load 0.90 0.96 0.99
[TEST C2-MARISA]
Processing dataset...
Done!
Building trie...
trie size: 19.421587 MB
Done!
build time: 12755.542833 ms (1275.554283 ns per key)
space cost: 218.030363 MB (63.505946% of original size 343.322754 MB)
Querying trie...
Done!
total time: 5768.524703 ms, avg latency: 576.852470 ns
topology: 6.395802 MB, link: 33.418009 MB, data: 177.888428 MB
--- Unary Path Analysis (Marisa, cutoff=3) ---
  branches: 13314429  |  single-char: 3205780 (24.1%)  short-unary: 97508 (0.7%)  links: 10011141 (75.2%)
  link len: avg=30.48  max=32  total_chars=305143726
  link length distribution (len:count):  3:4393  4:6350  5:369  6:27  7:2  24:4  25:94  26:1324  27:21561  29:340409  30:4123330  31:5512548  32:730
  short unary avg len: 2.00
12755.542833,218.030363,576.852470
[PASSED]
[time 27.60 s, user 25.26 s, sys 2.23 s, maxrss 3004316 KB]
[busy 2832 jiffies]
[exit 0]
--- c2 case 1 rec 2   load 0.94 0.97 1.00
[TEST C2-CoCo(LOUDS-Sparse)]
Processing dataset...
Done!
Building trie...
trie size: 47.664446 MB
Done!
build time: 29484.883686 ms (2948.488369 ns per key)
space cost: 212.803069 MB (61.983386% of original size 343.322754 MB)
Querying trie...
Done!
total time: 7174.692797 ms, avg latency: 717.469280 ns
topology: 3.395058 MB, link: 36.016802 MB, data: 173.391209 MB
29484.883686,212.803069,717.469280
[PASSED]
[time 45.76 s, user 42.31 s, sys 3.27 s, maxrss 4630012 KB]
[busy 4693 jiffies]
[exit 0]
--- c2 case 1 rec 1   load 0.89 0.96 0.99
[TEST C2-CoCo(LOUDS-Sparse)]
Processing dataset...
Done!
Building trie...
trie size: 47.664446 MB
Done!
build time: 29476.856952 ms (2947.685695 ns per key)
space cost: 212.803069 MB (61.983386% of original size 343.322754 MB)
Querying trie...
Done!
total time: 7219.861951 ms, avg latency: 721.986195 ns
topology: 3.395058 MB, link: 36.016802 MB, data: 173.391209 MB
29476.856952,212.803069,721.986195
[PASSED]
[time 45.75 s, user 42.25 s, sys 3.31 s, maxrss 4629860 KB]
[busy 4686 jiffies]
[exit 0]
--- c2 case 1 rec 0   load 0.95 0.97 1.00
[TEST C2-CoCo(LOUDS-Sparse)]
Processing dataset...
Done!
Building trie...
Done!
build time: 17522.776674 ms (1752.277667 ns per key)
space cost: 212.803069 MB (61.983386% of original size 343.322754 MB)
Querying trie...
Done!
total time: 7275.820230 ms, avg latency: 727.582023 ns
topology: 3.395058 MB, link: 36.016802 MB, data: 173.391209 MB
17522.776674,212.803069,727.582023
[PASSED]
[time 33.88 s, user 30.86 s, sys 2.88 s, maxrss 4160476 KB]
[busy 3471 jiffies]
[exit 0]
--- c2 case 0 rec 2   load 0.97 0.97 1.00
[TEST C2-FST]
Processing dataset...
Done!
Building trie...
trie size: 47.664446 MB
Done!
build time: 25955.043861 ms (2595.504386 ns per key)
space cost: 224.266170 MB (65.322256% of original size 343.322754 MB)
Querying trie...
Done!
total time: 7200.872275 ms, avg latency: 720.087228 ns
topology: 7.652824 MB, link: 34.870965 MB, data: 181.742380 MB
--- Unary Path Analysis (FST, cutoff=4) ---
  shared unary steps in main trie: 126967
  terminal suffixes: inplace=0 (avg len=0.00)  links=10000000 (100.0% of terminal)
  link len: avg=28.51  max=30  total_chars=285103126
  link length distribution (len:count):  23:4  24:94  25:1324  26:21561  28:340409  29:4123330  30:5512548  31:730
25955.043861,224.266170,720.087228
[PASSED]
[time 42.21 s, user 39.44 s, sys 2.59 s, maxrss 3559600 KB]
[busy 4328 jiffies]
[exit 0]
--- c2 case 0 rec 1   load 0.91 0.96 0.99
[TEST C2-FST]
Processing dataset...
Done!
Building trie...
trie size: 47.664446 MB
Done!
build time: 25876.498766 ms (2587.649877 ns per key)
space cost: 224.266170 MB (65.322256% of original size 343.322754 MB)
Querying trie...
Done!
total time: 7093.486030 ms, avg latency: 709.348603 ns
topology: 7.652824 MB, link: 34.870965 MB, data: 181.742380 MB
--- Unary Path Analysis (FST, cutoff=4) ---
  shared unary steps in main trie: 126967
  terminal suffixes: inplace=0 (avg len=0.00)  links=10000000 (100.0% of terminal)
  link len: avg=28.51  max=30  total_chars=285103126
  link length distribution (len:count):  23:4  24:94  25:1324  26:21561  28:340409  29:4123330  30:5512548  31:730
25876.498766,224.266170,709.348603
[PASSED]
[time 42.02 s, user 39.22 s, sys 2.63 s, maxrss 3559580 KB]
[busy 4318 jiffies]
[exit 0]
--- c2 case 0 rec 0   load 0.95 0.97 1.00
[TEST C2-FST]
Processing dataset...
Done!
Building trie...
Done!
build time: 13856.783814 ms (1385.678381 ns per key)
space cost: 224.266170 MB (65.322256% of original size 343.322754 MB)
Querying trie...
Done!
total time: 7241.889526 ms, avg latency: 724.188953 ns
topology: 7.652824 MB, link: 34.870965 MB, data: 181.742380 MB
--- Unary Path Analysis (FST, cutoff=4) ---
  shared unary steps in main trie: 126967
  terminal suffixes: inplace=0 (avg len=0.00)  links=10000000 (100.0% of terminal)
  link len: avg=28.51  max=30  total_chars=285103126
  link length distribution (len:count):  23:4  24:94  25:1324  26:21561  28:340409  29:4123330  30:5512548  31:730
13856.783814,224.266170,724.188953
[PASSED]
[time 30.16 s, user 27.79 s, sys 2.24 s, maxrss 3090424 KB]
[busy 3097 jiffies]
[exit 0]
--- lexindex string   load 0.97 0.97 1.00
10000000 keys
lexindex StringIndex: build 24391 ms, size 343.964 MiB (36.067 B/key), latency cold 801.6 ns, then mean 799.7 / min 798.5 ns
24390.932,343.963631,801.639
[time 62.46 s, user 60.99 s, sys 1.22 s, maxrss 1956284 KB]
[busy 6405 jiffies]
[exit 0]
--- lexindex dict1024   load 1.02 1.00 1.00
10000000 keys
lexindex DictIndex block 1024: build 2513 ms, size 189.735 MiB (19.895 B/key), latency cold 768.2 ns, then mean 762.9 / min 761.1 ns
2513.221,189.735226,768.223
[time 39.30 s, user 59.24 s, sys 2.47 s, maxrss 1870272 KB]
[busy 6328 jiffies]
[exit 0]
--- lexindex dict256   load 1.01 1.00 1.00
10000000 keys
lexindex DictIndex block 256: build 2552 ms, size 190.505 MiB (19.976 B/key), latency cold 753.4 ns, then mean 746.2 / min 744.1 ns
2552.238,190.504832,753.439
[time 38.64 s, user 58.66 s, sys 3.21 s, maxrss 1843432 KB]
[busy 6340 jiffies]
[exit 0]
--- lexindex dict32   load 1.00 1.00 1.00
10000000 keys
lexindex DictIndex block 32: build 2552 ms, size 196.965 MiB (20.653 B/key), latency cold 782.5 ns, then mean 779.0 / min 778.2 ns
2551.676,196.964945,782.461
[time 39.91 s, user 59.71 s, sys 3.32 s, maxrss 1849596 KB]
[busy 6463 jiffies]
[exit 0]

##### urls-10000000 (10000000 lines, 533677969 bytes)   round 2/3   2026-09-15T17:43:17+03:00
--- xcdat 16   load 1.00 1.00 1.00
build time: 12301.849231 ms
space cost: 147.118110 MiB (29.457897% of original size 499.418229 MiB)
avg latency: 749.047693 ns
12301.849231,147.118110,749.047693
[time 29.76 s, user 27.76 s, sys 1.87 s, maxrss 2131896 KB]
[busy 3064 jiffies]
[exit 0]
--- xcdat 15   load 1.00 1.00 1.00
build time: 12602.166641 ms
space cost: 140.648740 MiB (28.162516% of original size 499.418229 MiB)
avg latency: 694.248073 ns
12602.166641,140.648740,694.248073
[time 29.45 s, user 27.49 s, sys 1.84 s, maxrss 2125212 KB]
[busy 3026 jiffies]
[exit 0]
--- xcdat 8   load 0.92 0.98 0.99
build time: 12326.879245 ms
space cost: 114.082344 MiB (22.843048% of original size 499.418229 MiB)
avg latency: 834.158435 ns
12326.879245,114.082344,834.158435
[time 30.63 s, user 28.66 s, sys 1.84 s, maxrss 2098060 KB]
[busy 3146 jiffies]
[exit 0]
--- xcdat 7   load 0.95 0.99 1.00
build time: 12632.822072 ms
space cost: 117.959981 MiB (23.619478% of original size 499.418229 MiB)
avg latency: 886.464621 ns
12632.822072,117.959981,886.464621
[time 31.45 s, user 29.51 s, sys 1.81 s, maxrss 2101868 KB]
[busy 3234 jiffies]
[exit 0]
--- c2 case 8 rec 0   load 0.97 0.99 1.00
[TEST CART]
Processing dataset...
Done!
Building trie...
Done!
build time: 4163.768123 ms (416.376812 ns per key)
space cost: 160.654354 MB (32.168300% of original size 499.418229 MB)
Querying trie...
Done!
total time: 9379.454436 ms, avg latency: 937.945444 ns
not implemented
4163.768123,160.654354,937.945444
[PASSED]
[time 23.55 s, user 21.88 s, sys 1.57 s, maxrss 2766292 KB]
[busy 2424 jiffies]
[exit 0]
--- c2 case 7 rec 0   load 0.98 0.99 1.00
[TEST ART]
Processing dataset...
Done!
Building trie...
Done!
build time: 3575.471602 ms (357.547160 ns per key)
space cost: 341.430801 MB (68.365707% of original size 499.418229 MB)
Querying trie...
Done!
total time: 9549.135416 ms, avg latency: 954.913542 ns
not implemented
3575.471602,341.430801,954.913542
[PASSED]
[time 23.17 s, user 21.43 s, sys 1.64 s, maxrss 2884700 KB]
[busy 2382 jiffies]
[exit 0]
--- c2 case 6 rec 0   load 0.99 0.99 1.00
[TEST PDT]
Processing dataset...
Done!
Building trie...
dict size: 156234, stream size: 59837983
Done!
build time: 27415.217377 ms (2741.521738 ns per key)
space cost: 69.980471 MB (14.012398% of original size 499.418229 MB)
Querying trie...
Done!
total time: 11771.524252 ms, avg latency: 1177.152425 ns
not implemented
27415.217377,69.980471,1177.152425
[PASSED]
[time 49.16 s, user 47.07 s, sys 1.88 s, maxrss 2053616 KB]
[busy 5050 jiffies]
[exit 0]
--- c2 case 5 rec 2   load 1.00 1.00 1.00
[TEST MARISA]
Processing dataset...
Done!
Building trie...
Done!
build time: 12050.584237 ms (1205.058424 ns per key)
space cost: 55.623455 MB (11.137650% of original size 499.418229 MB)
Querying trie...
Done!
total time: 16376.964706 ms, avg latency: 1637.696471 ns
not implemented
12050.584237,55.623455,1637.696471
[PASSED]
[time 38.11 s, user 36.17 s, sys 1.78 s, maxrss 2342272 KB]
[busy 3924 jiffies]
[exit 0]
--- c2 case 5 rec 1   load 1.00 1.00 1.00
[TEST MARISA]
Processing dataset...
Done!
Building trie...
Done!
build time: 11891.103325 ms (1189.110332 ns per key)
space cost: 59.449470 MB (11.903744% of original size 499.418229 MB)
Querying trie...
Done!
total time: 15169.417002 ms, avg latency: 1516.941700 ns
not implemented
11891.103325,59.449470,1516.941700
[PASSED]
[time 36.77 s, user 34.82 s, sys 1.80 s, maxrss 2342180 KB]
[busy 3783 jiffies]
[exit 0]
--- c2 case 5 rec 0   load 0.92 0.98 0.99
[TEST MARISA]
Processing dataset...
Done!
Building trie...
Done!
build time: 10656.010938 ms (1065.601094 ns per key)
space cost: 82.540893 MB (16.527409% of original size 499.418229 MB)
Querying trie...
Done!
total time: 11325.860791 ms, avg latency: 1132.586079 ns
not implemented
10656.010938,82.540893,1132.586079
[PASSED]
[time 31.67 s, user 29.84 s, sys 1.69 s, maxrss 2342544 KB]
[busy 3262 jiffies]
[exit 0]
--- c2 case 4 rec 0   skipped: exit 134 in round 1
--- c2 case 3 rec 0   load 0.95 0.99 1.00
[TEST FST]
Processing dataset...
Done!
Building trie...
Done!
build time: 15697.476509 ms (1569.747651 ns per key)
space cost: 90.985074 MB (18.218212% of original size 499.418229 MB)
Querying trie...
Done!
total time: 19978.071645 ms, avg latency: 1997.807164 ns
not implemented
15697.476509,90.985074,1997.807164
[PASSED]
[time 45.61 s, user 44.12 s, sys 1.31 s, maxrss 2073824 KB]
[busy 4682 jiffies]
[exit 0]
--- c2 case 2 rec 2   load 0.98 0.99 1.00
[TEST C2-MARISA]
Processing dataset...
Done!
Building trie...
trie size: 23.210503 MB
trie size: 33.431739 MB
trie size: 4.248938 MB
Done!
build time: 14960.923742 ms (1496.092374 ns per key)
space cost: 66.026621 MB (13.220707% of original size 499.418229 MB)
Querying trie...
Done!
total time: 11936.794883 ms, avg latency: 1193.679488 ns
topology: 9.965065 MB, link: 29.247737 MB, data: 26.485694 MB
--- Unary Path Analysis (Marisa, cutoff=3) ---
  branches: 15006864  |  single-char: 4344202 (28.9%)  short-unary: 992777 (6.6%)  links: 9669885 (64.4%)
  link len: avg=10.53  max=661  total_chars=101846674
  link length distribution (len:count):  3:979135  4:1063854  5:889005  6:816748  7:783836  8:655792  9:527524  10:470175  11:410531  12:348158  13:310501  14:249595  15:236303  16:208521  17:272348  18:152006  19:142197  20:160137  21:150517  22:97740  23:85053  24:75097  25:69397  26:58698  27:52492  28:46035  29:41825  30:35181  31:33558  32:28138  33:24094  34:21147  35:18522  36:16174  37:15646  38:13222  39:11318  40:10241  41:8684  42:7727  43:7580  44:6353  45:5175  46:4565  47:4156  48:3773  49:3667  50:3232  51:2627  52:2472  53:2112  54:1827  55:1870  56:1795  57:1516  58:1219  59:1198  60:1058  61:1063  62:1033  63:824  64:809  65:724  66:596  67:588  68:699  69:566  70:477  71:404  72:358  73:423  74:508  75:343  76:316  77:296  78:242  79:228  80:271  81:278  82:260  83:218  84:168  85:161  86:237  87:180  88:132  89:149  90:129  91:130  92:217  93:157  94:107  95:107  96:78  97:83  98:157  99:108  100:88  101:113  102:83  103:68  104:108  105:90  106:73  107:60  108:55  109:66  110:134  111:84  112:45  113:42  114:46  115:41  116:61  117:60  118:41  119:55  120:38  121:39  122:51  123:48  124:32  125:24  126:41  127:42  128:50  129:45  130:34  131:23  132:21  133:21  134:26  135:27  136:27  137:16  138:30  139:28  140:17  141:24  142:16  143:13  144:23  145:25  146:30  147:25  148:14  149:7  150:15  151:16  152:9  153:20  154:26  155:21  156:19  157:17  158:10  159:13  160:18  161:5  162:5  163:10  164:10  165:15  166:17  167:11  168:8  169:6  170:2  171:5  172:9  173:11  174:14  175:10  176:6  177:8  178:9  179:8  180:7  181:8  182:5  183:7  184:9  185:7  186:5  187:4  188:6  189:7  190:12  191:7  192:5  193:3  194:7  195:3  196:5  197:2  198:4  199:3  200:7  201:8  202:7  203:9  205:4  206:5  207:5  208:2  209:13  210:3  211:8  212:2  213:2  214:2  215:4  216:2  217:4  218:3  219:6  220:5  221:4  222:3  223:2  224:4  225:2  226:3  227:3  228:3  229:3  230:1  232:4  233:1  234:1  235:2  236:2  237:4  238:5  239:2  240:1  241:1  242:2  243:1  244:5  246:2  247:2  248:2  250:1  251:1  252:1  253:3  255:3  256:6  257:2  258:2  260:1  261:1  262:4  263:3  264:1  265:1  266:1  269:4  271:1  272:1  273:1  274:1  275:1  277:2  281:1  286:1  287:1  288:1  294:1  295:1  301:1  304:1  305:2  306:2  308:1  309:1  311:1  319:1  323:1  328:1  329:2  330:3  331:1  334:1  337:1  341:2  348:1  349:1  351:2  353:1  356:1  368:1  380:1  387:1  392:1  420:1  443:1  447:3  450:1  597:1  650:1  661:1
  short unary avg len: 2.00
14960.923742,66.026621,1193.679488
[PASSED]
[time 36.86 s, user 34.84 s, sys 1.86 s, maxrss 2049804 KB]
[busy 3791 jiffies]
[exit 0]
--- c2 case 2 rec 1   load 0.99 0.99 1.00
[TEST C2-MARISA]
Processing dataset...
Done!
Building trie...
trie size: 23.210503 MB
trie size: 33.431739 MB
Done!
build time: 14359.281972 ms (1435.928197 ns per key)
space cost: 66.026621 MB (13.220707% of original size 499.418229 MB)
Querying trie...
Done!
total time: 11983.595425 ms, avg latency: 1198.359543 ns
topology: 9.965065 MB, link: 29.247737 MB, data: 26.485694 MB
--- Unary Path Analysis (Marisa, cutoff=3) ---
  branches: 15006864  |  single-char: 4344202 (28.9%)  short-unary: 992777 (6.6%)  links: 9669885 (64.4%)
  link len: avg=10.53  max=661  total_chars=101846674
  link length distribution (len:count):  3:979135  4:1063854  5:889005  6:816748  7:783836  8:655792  9:527524  10:470175  11:410531  12:348158  13:310501  14:249595  15:236303  16:208521  17:272348  18:152006  19:142197  20:160137  21:150517  22:97740  23:85053  24:75097  25:69397  26:58698  27:52492  28:46035  29:41825  30:35181  31:33558  32:28138  33:24094  34:21147  35:18522  36:16174  37:15646  38:13222  39:11318  40:10241  41:8684  42:7727  43:7580  44:6353  45:5175  46:4565  47:4156  48:3773  49:3667  50:3232  51:2627  52:2472  53:2112  54:1827  55:1870  56:1795  57:1516  58:1219  59:1198  60:1058  61:1063  62:1033  63:824  64:809  65:724  66:596  67:588  68:699  69:566  70:477  71:404  72:358  73:423  74:508  75:343  76:316  77:296  78:242  79:228  80:271  81:278  82:260  83:218  84:168  85:161  86:237  87:180  88:132  89:149  90:129  91:130  92:217  93:157  94:107  95:107  96:78  97:83  98:157  99:108  100:88  101:113  102:83  103:68  104:108  105:90  106:73  107:60  108:55  109:66  110:134  111:84  112:45  113:42  114:46  115:41  116:61  117:60  118:41  119:55  120:38  121:39  122:51  123:48  124:32  125:24  126:41  127:42  128:50  129:45  130:34  131:23  132:21  133:21  134:26  135:27  136:27  137:16  138:30  139:28  140:17  141:24  142:16  143:13  144:23  145:25  146:30  147:25  148:14  149:7  150:15  151:16  152:9  153:20  154:26  155:21  156:19  157:17  158:10  159:13  160:18  161:5  162:5  163:10  164:10  165:15  166:17  167:11  168:8  169:6  170:2  171:5  172:9  173:11  174:14  175:10  176:6  177:8  178:9  179:8  180:7  181:8  182:5  183:7  184:9  185:7  186:5  187:4  188:6  189:7  190:12  191:7  192:5  193:3  194:7  195:3  196:5  197:2  198:4  199:3  200:7  201:8  202:7  203:9  205:4  206:5  207:5  208:2  209:13  210:3  211:8  212:2  213:2  214:2  215:4  216:2  217:4  218:3  219:6  220:5  221:4  222:3  223:2  224:4  225:2  226:3  227:3  228:3  229:3  230:1  232:4  233:1  234:1  235:2  236:2  237:4  238:5  239:2  240:1  241:1  242:2  243:1  244:5  246:2  247:2  248:2  250:1  251:1  252:1  253:3  255:3  256:6  257:2  258:2  260:1  261:1  262:4  263:3  264:1  265:1  266:1  269:4  271:1  272:1  273:1  274:1  275:1  277:2  281:1  286:1  287:1  288:1  294:1  295:1  301:1  304:1  305:2  306:2  308:1  309:1  311:1  319:1  323:1  328:1  329:2  330:3  331:1  334:1  337:1  341:2  348:1  349:1  351:2  353:1  356:1  368:1  380:1  387:1  392:1  420:1  443:1  447:3  450:1  597:1  650:1  661:1
  short unary avg len: 2.00
14359.281972,66.026621,1198.359543
[PASSED]
[time 36.37 s, user 34.32 s, sys 1.89 s, maxrss 2049640 KB]
[busy 3738 jiffies]
[exit 0]
--- c2 case 2 rec 0   load 1.00 1.00 1.00
[TEST C2-MARISA]
Processing dataset...
Done!
Building trie...
trie size: 23.210503 MB
Done!
build time: 12072.831266 ms (1207.283127 ns per key)
space cost: 79.565398 MB (15.931617% of original size 499.418229 MB)
Querying trie...
Done!
total time: 9012.261142 ms, avg latency: 901.226114 ns
topology: 7.658741 MB, link: 28.820719 MB, data: 42.757813 MB
--- Unary Path Analysis (Marisa, cutoff=3) ---
  branches: 15006864  |  single-char: 4344202 (28.9%)  short-unary: 992777 (6.6%)  links: 9669885 (64.4%)
  link len: avg=10.53  max=661  total_chars=101846674
  link length distribution (len:count):  3:979135  4:1063854  5:889005  6:816748  7:783836  8:655792  9:527524  10:470175  11:410531  12:348158  13:310501  14:249595  15:236303  16:208521  17:272348  18:152006  19:142197  20:160137  21:150517  22:97740  23:85053  24:75097  25:69397  26:58698  27:52492  28:46035  29:41825  30:35181  31:33558  32:28138  33:24094  34:21147  35:18522  36:16174  37:15646  38:13222  39:11318  40:10241  41:8684  42:7727  43:7580  44:6353  45:5175  46:4565  47:4156  48:3773  49:3667  50:3232  51:2627  52:2472  53:2112  54:1827  55:1870  56:1795  57:1516  58:1219  59:1198  60:1058  61:1063  62:1033  63:824  64:809  65:724  66:596  67:588  68:699  69:566  70:477  71:404  72:358  73:423  74:508  75:343  76:316  77:296  78:242  79:228  80:271  81:278  82:260  83:218  84:168  85:161  86:237  87:180  88:132  89:149  90:129  91:130  92:217  93:157  94:107  95:107  96:78  97:83  98:157  99:108  100:88  101:113  102:83  103:68  104:108  105:90  106:73  107:60  108:55  109:66  110:134  111:84  112:45  113:42  114:46  115:41  116:61  117:60  118:41  119:55  120:38  121:39  122:51  123:48  124:32  125:24  126:41  127:42  128:50  129:45  130:34  131:23  132:21  133:21  134:26  135:27  136:27  137:16  138:30  139:28  140:17  141:24  142:16  143:13  144:23  145:25  146:30  147:25  148:14  149:7  150:15  151:16  152:9  153:20  154:26  155:21  156:19  157:17  158:10  159:13  160:18  161:5  162:5  163:10  164:10  165:15  166:17  167:11  168:8  169:6  170:2  171:5  172:9  173:11  174:14  175:10  176:6  177:8  178:9  179:8  180:7  181:8  182:5  183:7  184:9  185:7  186:5  187:4  188:6  189:7  190:12  191:7  192:5  193:3  194:7  195:3  196:5  197:2  198:4  199:3  200:7  201:8  202:7  203:9  205:4  206:5  207:5  208:2  209:13  210:3  211:8  212:2  213:2  214:2  215:4  216:2  217:4  218:3  219:6  220:5  221:4  222:3  223:2  224:4  225:2  226:3  227:3  228:3  229:3  230:1  232:4  233:1  234:1  235:2  236:2  237:4  238:5  239:2  240:1  241:1  242:2  243:1  244:5  246:2  247:2  248:2  250:1  251:1  252:1  253:3  255:3  256:6  257:2  258:2  260:1  261:1  262:4  263:3  264:1  265:1  266:1  269:4  271:1  272:1  273:1  274:1  275:1  277:2  281:1  286:1  287:1  288:1  294:1  295:1  301:1  304:1  305:2  306:2  308:1  309:1  311:1  319:1  323:1  328:1  329:2  330:3  331:1  334:1  337:1  341:2  348:1  349:1  351:2  353:1  356:1  368:1  380:1  387:1  392:1  420:1  443:1  447:3  450:1  597:1  650:1  661:1
  short unary avg len: 2.00
12072.831266,79.565398,901.226114
[PASSED]
[time 31.04 s, user 28.99 s, sys 1.92 s, maxrss 2063172 KB]
[busy 3191 jiffies]
[exit 0]
--- c2 case 1 rec 2   load 1.00 1.00 1.00
[TEST C2-CoCo(LOUDS-Sparse)]
Processing dataset...
Done!
Building trie...
trie size: 23.143724 MB
trie size: 3.515203 MB
Done!
build time: 31266.901232 ms (3126.690123 ns per key)
space cost: 83.070779 MB (16.633510% of original size 499.418229 MB)
Querying trie...
Done!
total time: 18468.811635 ms, avg latency: 1846.881163 ns
topology: 6.127193 MB, link: 31.915912 MB, data: 45.027674 MB
31266.901232,83.070779,1846.881163
[PASSED]
[time 59.66 s, user 56.85 s, sys 2.58 s, maxrss 3593056 KB]
[busy 6121 jiffies]
[exit 0]
--- c2 case 1 rec 1   load 1.00 1.00 1.00
[TEST C2-CoCo(LOUDS-Sparse)]
Processing dataset...
Done!
Building trie...
trie size: 23.143724 MB
Done!
build time: 30714.978328 ms (3071.497833 ns per key)
space cost: 83.070779 MB (16.633510% of original size 499.418229 MB)
Querying trie...
Done!
total time: 18501.468837 ms, avg latency: 1850.146884 ns
topology: 6.127193 MB, link: 31.915912 MB, data: 45.027674 MB
30714.978328,83.070779,1850.146884
[PASSED]
[time 59.19 s, user 56.35 s, sys 2.60 s, maxrss 3572008 KB]
[busy 6078 jiffies]
[exit 0]
--- c2 case 1 rec 0   load 1.00 1.00 1.00
[TEST C2-CoCo(LOUDS-Sparse)]
Processing dataset...
Done!
Building trie...
Done!
build time: 28765.646347 ms (2876.564635 ns per key)
space cost: 94.593055 MB (18.940649% of original size 499.418229 MB)
Querying trie...
Done!
total time: 15968.895495 ms, avg latency: 1596.889549 ns
topology: 4.283638 MB, link: 32.108927 MB, data: 58.200490 MB
28765.646347,94.593055,1596.889549
[PASSED]
[time 54.70 s, user 51.87 s, sys 2.60 s, maxrss 3698164 KB]
[busy 5602 jiffies]
[exit 0]
--- c2 case 0 rec 2   load 1.00 1.00 1.00
[TEST C2-FST]
Processing dataset...
Done!
Building trie...
trie size: 23.143724 MB
trie size: 3.515203 MB
Done!
build time: 14635.540322 ms (1463.554032 ns per key)
space cost: 78.247462 MB (15.667723% of original size 499.418229 MB)
Querying trie...
Done!
total time: 18576.498660 ms, avg latency: 1857.649866 ns
topology: 13.508587 MB, link: 21.314508 MB, data: 43.424367 MB
--- Unary Path Analysis (FST, cutoff=4) ---
  shared unary steps in main trie: 10222647
  terminal suffixes: inplace=1703226 (avg len=2.16)  links=6715973 (79.8% of terminal)
  link len: avg=10.80  max=659  total_chars=72556931
  link length distribution (len:count):  4:696901  5:673915  6:668087  7:559938  8:460143  9:408987  10:371411  11:317336  12:286791  13:230146  14:219886  15:194657  16:260212  17:141485  18:132694  19:152516  20:142603  21:91996  22:80093  23:71031  24:65911  25:55655  26:49759  27:43541  28:39655  29:33371  30:31744  31:26630  32:22544  33:19836  34:17416  35:15244  36:14777  37:12475  38:10684  39:9704  40:8252  41:7414  42:7187  43:6077  44:4975  45:4415  46:4008  47:3641  48:3548  49:3129  50:2543  51:2408  52:2048  53:1756  54:1822  55:1758  56:1478  57:1179  58:1174  59:1028  60:1021  61:1008  62:800  63:782  64:703  65:577  66:564  67:679  68:553  69:459  70:394  71:348  72:410  73:498  74:336  75:309  76:287  77:230  78:220  79:262  80:269  81:251  82:214  83:163  84:154  85:231  86:178  87:132  88:144  89:127  90:127  91:212  92:153  93:106  94:107  95:76  96:81  97:157  98:106  99:86  100:109  101:82  102:64  103:107  104:90  105:70  106:58  107:55  108:63  109:130  110:83  111:45  112:41  113:46  114:39  115:60  116:60  117:41  118:52  119:37  120:39  121:51  122:48  123:30  124:24  125:39  126:42  127:48  128:44  129:34  130:23  131:19  132:20  133:26  134:27  135:27  136:16  137:30  138:27  139:16  140:24  141:15  142:13  143:23  144:25  145:30  146:25  147:14  148:7  149:15  150:16  151:9  152:19  153:25  154:20  155:19  156:17  157:10  158:12  159:18  160:5  161:5  162:9  163:10  164:14  165:17  166:11  167:8  168:6  169:2  170:5  171:9  172:11  173:14  174:10  175:6  176:8  177:8  178:8  179:7  180:8  181:5  182:7  183:9  184:6  185:5  186:4  187:6  188:7  189:12  190:7  191:5  192:3  193:7  194:3  195:5  196:2  197:4  198:3  199:6  200:8  201:7  202:9  204:4  205:5  206:5  207:1  208:12  209:3  210:7  211:2  212:2  213:2  214:4  215:2  216:4  217:3  218:6  219:4  220:3  221:3  222:2  223:4  224:2  225:3  226:3  227:3  228:3  229:1  231:4  232:1  233:1  234:2  235:2  236:4  237:4  238:2  239:1  240:1  241:1  242:1  243:5  245:2  246:2  247:2  249:1  250:1  251:1  252:3  254:3  255:6  256:2  257:2  259:1  260:1  261:4  262:3  263:1  264:1  265:1  268:4  270:1  271:1  272:1  273:1  274:1  276:2  280:1  285:1  286:1  287:1  293:1  294:1  300:1  303:1  304:2  305:2  307:1  310:1  318:1  322:1  327:1  328:2  329:3  330:1  333:1  336:1  340:2  347:1  348:1  350:2  352:1  355:1  367:1  379:1  386:1  391:1  419:1  442:1  446:3  449:1  596:1  649:1  660:1
14635.540322,78.247462,1857.649866
[PASSED]
[time 43.20 s, user 41.28 s, sys 1.74 s, maxrss 2061924 KB]
[busy 4430 jiffies]
[exit 0]
--- c2 case 0 rec 1   load 1.00 1.00 1.00
[TEST C2-FST]
Processing dataset...
Done!
Building trie...
trie size: 23.143724 MB
Done!
build time: 14145.503780 ms (1414.550378 ns per key)
space cost: 78.247462 MB (15.667723% of original size 499.418229 MB)
Querying trie...
Done!
total time: 18519.235526 ms, avg latency: 1851.923553 ns
topology: 13.508587 MB, link: 21.314508 MB, data: 43.424367 MB
--- Unary Path Analysis (FST, cutoff=4) ---
  shared unary steps in main trie: 10222647
  terminal suffixes: inplace=1703226 (avg len=2.16)  links=6715973 (79.8% of terminal)
  link len: avg=10.80  max=659  total_chars=72556931
  link length distribution (len:count):  4:696901  5:673915  6:668087  7:559938  8:460143  9:408987  10:371411  11:317336  12:286791  13:230146  14:219886  15:194657  16:260212  17:141485  18:132694  19:152516  20:142603  21:91996  22:80093  23:71031  24:65911  25:55655  26:49759  27:43541  28:39655  29:33371  30:31744  31:26630  32:22544  33:19836  34:17416  35:15244  36:14777  37:12475  38:10684  39:9704  40:8252  41:7414  42:7187  43:6077  44:4975  45:4415  46:4008  47:3641  48:3548  49:3129  50:2543  51:2408  52:2048  53:1756  54:1822  55:1758  56:1478  57:1179  58:1174  59:1028  60:1021  61:1008  62:800  63:782  64:703  65:577  66:564  67:679  68:553  69:459  70:394  71:348  72:410  73:498  74:336  75:309  76:287  77:230  78:220  79:262  80:269  81:251  82:214  83:163  84:154  85:231  86:178  87:132  88:144  89:127  90:127  91:212  92:153  93:106  94:107  95:76  96:81  97:157  98:106  99:86  100:109  101:82  102:64  103:107  104:90  105:70  106:58  107:55  108:63  109:130  110:83  111:45  112:41  113:46  114:39  115:60  116:60  117:41  118:52  119:37  120:39  121:51  122:48  123:30  124:24  125:39  126:42  127:48  128:44  129:34  130:23  131:19  132:20  133:26  134:27  135:27  136:16  137:30  138:27  139:16  140:24  141:15  142:13  143:23  144:25  145:30  146:25  147:14  148:7  149:15  150:16  151:9  152:19  153:25  154:20  155:19  156:17  157:10  158:12  159:18  160:5  161:5  162:9  163:10  164:14  165:17  166:11  167:8  168:6  169:2  170:5  171:9  172:11  173:14  174:10  175:6  176:8  177:8  178:8  179:7  180:8  181:5  182:7  183:9  184:6  185:5  186:4  187:6  188:7  189:12  190:7  191:5  192:3  193:7  194:3  195:5  196:2  197:4  198:3  199:6  200:8  201:7  202:9  204:4  205:5  206:5  207:1  208:12  209:3  210:7  211:2  212:2  213:2  214:4  215:2  216:4  217:3  218:6  219:4  220:3  221:3  222:2  223:4  224:2  225:3  226:3  227:3  228:3  229:1  231:4  232:1  233:1  234:2  235:2  236:4  237:4  238:2  239:1  240:1  241:1  242:1  243:5  245:2  246:2  247:2  249:1  250:1  251:1  252:3  254:3  255:6  256:2  257:2  259:1  260:1  261:4  262:3  263:1  264:1  265:1  268:4  270:1  271:1  272:1  273:1  274:1  276:2  280:1  285:1  286:1  287:1  293:1  294:1  300:1  303:1  304:2  305:2  307:1  310:1  318:1  322:1  327:1  328:2  329:3  330:1  333:1  336:1  340:2  347:1  348:1  350:2  352:1  355:1  367:1  379:1  386:1  391:1  419:1  442:1  446:3  449:1  596:1  649:1  660:1
14145.503780,78.247462,1851.923553
[PASSED]
[time 42.65 s, user 40.76 s, sys 1.72 s, maxrss 2062020 KB]
[busy 4386 jiffies]
[exit 0]
--- c2 case 0 rec 0   load 1.00 1.00 1.00
[TEST C2-FST]
Processing dataset...
Done!
Building trie...
Done!
build time: 12042.040300 ms (1204.204030 ns per key)
space cost: 89.769738 MB (17.974862% of original size 499.418229 MB)
Querying trie...
Done!
total time: 15676.297468 ms, avg latency: 1567.629747 ns
topology: 11.665031 MB, link: 21.507524 MB, data: 56.597183 MB
--- Unary Path Analysis (FST, cutoff=4) ---
  shared unary steps in main trie: 10222647
  terminal suffixes: inplace=1703226 (avg len=2.16)  links=6715973 (79.8% of terminal)
  link len: avg=10.80  max=659  total_chars=72556931
  link length distribution (len:count):  4:696901  5:673915  6:668087  7:559938  8:460143  9:408987  10:371411  11:317336  12:286791  13:230146  14:219886  15:194657  16:260212  17:141485  18:132694  19:152516  20:142603  21:91996  22:80093  23:71031  24:65911  25:55655  26:49759  27:43541  28:39655  29:33371  30:31744  31:26630  32:22544  33:19836  34:17416  35:15244  36:14777  37:12475  38:10684  39:9704  40:8252  41:7414  42:7187  43:6077  44:4975  45:4415  46:4008  47:3641  48:3548  49:3129  50:2543  51:2408  52:2048  53:1756  54:1822  55:1758  56:1478  57:1179  58:1174  59:1028  60:1021  61:1008  62:800  63:782  64:703  65:577  66:564  67:679  68:553  69:459  70:394  71:348  72:410  73:498  74:336  75:309  76:287  77:230  78:220  79:262  80:269  81:251  82:214  83:163  84:154  85:231  86:178  87:132  88:144  89:127  90:127  91:212  92:153  93:106  94:107  95:76  96:81  97:157  98:106  99:86  100:109  101:82  102:64  103:107  104:90  105:70  106:58  107:55  108:63  109:130  110:83  111:45  112:41  113:46  114:39  115:60  116:60  117:41  118:52  119:37  120:39  121:51  122:48  123:30  124:24  125:39  126:42  127:48  128:44  129:34  130:23  131:19  132:20  133:26  134:27  135:27  136:16  137:30  138:27  139:16  140:24  141:15  142:13  143:23  144:25  145:30  146:25  147:14  148:7  149:15  150:16  151:9  152:19  153:25  154:20  155:19  156:17  157:10  158:12  159:18  160:5  161:5  162:9  163:10  164:14  165:17  166:11  167:8  168:6  169:2  170:5  171:9  172:11  173:14  174:10  175:6  176:8  177:8  178:8  179:7  180:8  181:5  182:7  183:9  184:6  185:5  186:4  187:6  188:7  189:12  190:7  191:5  192:3  193:7  194:3  195:5  196:2  197:4  198:3  199:6  200:8  201:7  202:9  204:4  205:5  206:5  207:1  208:12  209:3  210:7  211:2  212:2  213:2  214:4  215:2  216:4  217:3  218:6  219:4  220:3  221:3  222:2  223:4  224:2  225:3  226:3  227:3  228:3  229:1  231:4  232:1  233:1  234:2  235:2  236:4  237:4  238:2  239:1  240:1  241:1  242:1  243:5  245:2  246:2  247:2  249:1  250:1  251:1  252:3  254:3  255:6  256:2  257:2  259:1  260:1  261:4  262:3  263:1  264:1  265:1  268:4  270:1  271:1  272:1  273:1  274:1  276:2  280:1  285:1  286:1  287:1  293:1  294:1  300:1  303:1  304:2  305:2  307:1  310:1  318:1  322:1  327:1  328:2  329:3  330:1  333:1  336:1  340:2  347:1  348:1  350:2  352:1  355:1  367:1  379:1  386:1  391:1  419:1  442:1  446:3  449:1  596:1  649:1  660:1
12042.040300,89.769738,1567.629747
[PASSED]
[time 37.69 s, user 35.70 s, sys 1.83 s, maxrss 2073812 KB]
[busy 3873 jiffies]
[exit 0]
--- lexindex string   load 1.00 1.00 1.00
10000000 keys
lexindex StringIndex: build 9330 ms, size 124.922 MiB (13.099 B/key), latency cold 1017.7 ns, then mean 1021.0 / min 1018.3 ns
9329.972,124.921756,1017.731
[time 57.12 s, user 55.77 s, sys 1.12 s, maxrss 2136952 KB]
[busy 5860 jiffies]
[exit 0]
--- lexindex dict1024   load 1.00 1.00 1.00
10000000 keys
lexindex DictIndex block 1024: build 1237 ms, size 87.989 MiB (9.226 B/key), latency cold 936.3 ns, then mean 936.5 / min 936.3 ns
1237.417,87.988962,936.334
[time 45.82 s, user 51.10 s, sys 1.63 s, maxrss 2132236 KB]
[busy 5418 jiffies]
[exit 0]
--- lexindex dict256   load 1.00 1.00 1.00
10000000 keys
lexindex DictIndex block 256: build 1225 ms, size 89.468 MiB (9.381 B/key), latency cold 951.1 ns, then mean 952.2 / min 948.3 ns
1224.861,89.468317,951.054
[time 46.43 s, user 51.62 s, sys 1.46 s, maxrss 2140836 KB]
[busy 5450 jiffies]
[exit 0]
--- lexindex dict32   load 1.61 1.22 1.08
10000000 keys
lexindex DictIndex block 32: build 1248 ms, size 102.484 MiB (10.746 B/key), latency cold 1020.5 ns, then mean 1019.3 / min 1018.7 ns
1247.909,102.483859,1020.494
[time 49.17 s, user 54.22 s, sys 1.73 s, maxrss 2153496 KB]
[busy 5757 jiffies]
[exit 0]

##### titles-en-10000000 (10000000 lines, 219718589 bytes)   round 2/3   2026-09-15T17:59:50+03:00
--- xcdat 16   load 1.27 1.18 1.07
build time: 7081.694456 ms
space cost: 139.139603 MiB (69.568677% of original size 200.003232 MiB)
avg latency: 607.511098 ns
7081.694456,139.139603,607.511098
[time 21.09 s, user 19.54 s, sys 1.46 s, maxrss 1507816 KB]
[busy 2169 jiffies]
[exit 0]
--- xcdat 15   load 1.19 1.17 1.07
build time: 7359.465779 ms
space cost: 133.023680 MiB (66.510765% of original size 200.003232 MiB)
avg latency: 559.409730 ns
7359.465779,133.023680,559.409730
[time 20.81 s, user 19.30 s, sys 1.43 s, maxrss 1503676 KB]
[busy 2140 jiffies]
[exit 0]
--- xcdat 8   load 1.12 1.15 1.07
build time: 7056.329207 ms
space cost: 108.349843 MiB (54.174046% of original size 200.003232 MiB)
avg latency: 679.533324 ns
7056.329207,108.349843,679.533324
[time 21.75 s, user 20.22 s, sys 1.44 s, maxrss 1452128 KB]
[busy 2233 jiffies]
[exit 0]
--- xcdat 7   load 1.09 1.14 1.07
build time: 7427.047521 ms
space cost: 112.423756 MiB (56.210969% of original size 200.003232 MiB)
avg latency: 734.739097 ns
7427.047521,112.423756,734.739097
[time 22.66 s, user 21.14 s, sys 1.42 s, maxrss 1456648 KB]
[busy 2337 jiffies]
[exit 0]
--- c2 case 8 rec 0   load 1.06 1.13 1.06
[TEST CART]
Processing dataset...
Done!
Building trie...
Done!
build time: 2577.111464 ms (257.711146 ns per key)
space cost: 157.938812 MB (78.968130% of original size 200.003232 MB)
Querying trie...
Done!
total time: 7373.229322 ms, avg latency: 737.322932 ns
not implemented
2577.111464,157.938812,737.322932
[PASSED]
[time 17.75 s, user 16.59 s, sys 1.09 s, maxrss 1617724 KB]
[busy 1820 jiffies]
[exit 0]
--- c2 case 7 rec 0   load 1.04 1.12 1.06
[TEST ART]
Processing dataset...
Done!
Building trie...
Done!
build time: 1974.640273 ms (197.464027 ns per key)
space cost: 339.123360 MB (169.558940% of original size 200.003232 MB)
Querying trie...
Done!
total time: 6782.331923 ms, avg latency: 678.233192 ns
not implemented
1974.640273,339.123360,678.233192
[PASSED]
[time 16.67 s, user 15.52 s, sys 1.08 s, maxrss 1739344 KB]
[busy 1715 jiffies]
[exit 0]
--- c2 case 6 rec 0   load 1.03 1.11 1.06
[TEST PDT]
Processing dataset...
Done!
Building trie...
dict size: 157532, stream size: 58361417
Done!
build time: 25817.827643 ms (2581.782764 ns per key)
space cost: 68.573545 MB (34.286219% of original size 200.003232 MB)
Querying trie...
Done!
total time: 10769.172406 ms, avg latency: 1076.917241 ns
not implemented
25817.827643,68.573545,1076.917241
[PASSED]
[time 44.36 s, user 42.73 s, sys 1.44 s, maxrss 1316848 KB]
[busy 4556 jiffies]
[exit 0]
--- c2 case 5 rec 2   load 1.01 1.10 1.06
[TEST MARISA]
Processing dataset...
Done!
Building trie...
Done!
build time: 7856.994668 ms (785.699467 ns per key)
space cost: 54.499722 MB (27.249420% of original size 200.003232 MB)
Querying trie...
Done!
total time: 14763.818840 ms, avg latency: 1476.381884 ns
not implemented
7856.994668,54.499722,1476.381884
[PASSED]
[time 30.35 s, user 28.81 s, sys 1.41 s, maxrss 1612204 KB]
[busy 3119 jiffies]
[exit 0]
--- c2 case 5 rec 1   load 1.01 1.08 1.05
[TEST MARISA]
Processing dataset...
Done!
Building trie...
Done!
build time: 7696.647466 ms (769.664747 ns per key)
space cost: 58.000221 MB (28.999642% of original size 200.003232 MB)
Querying trie...
Done!
total time: 14191.773258 ms, avg latency: 1419.177326 ns
not implemented
7696.647466,58.000221,1419.177326
[PASSED]
[time 29.63 s, user 28.11 s, sys 1.39 s, maxrss 1612212 KB]
[busy 3042 jiffies]
[exit 0]
--- c2 case 5 rec 0   load 1.00 1.07 1.05
[TEST MARISA]
Processing dataset...
Done!
Building trie...
Done!
build time: 6547.104066 ms (654.710407 ns per key)
space cost: 79.225293 MB (39.612006% of original size 200.003232 MB)
Querying trie...
Done!
total time: 10591.194981 ms, avg latency: 1059.119498 ns
not implemented
6547.104066,79.225293,1059.119498
[PASSED]
[time 24.90 s, user 23.42 s, sys 1.38 s, maxrss 1612400 KB]
[busy 2557 jiffies]
[exit 0]
--- c2 case 4 rec 0   skipped: exit 134 in round 1
--- c2 case 3 rec 0   load 1.00 1.07 1.05
[TEST FST]
Processing dataset...
Done!
Building trie...
Done!
build time: 9694.008579 ms (969.400858 ns per key)
space cost: 86.740355 MB (43.369476% of original size 200.003232 MB)
Querying trie...
Done!
total time: 14076.896369 ms, avg latency: 1407.689637 ns
not implemented
9694.008579,86.740355,1407.689637
[PASSED]
[time 31.58 s, user 30.49 s, sys 0.96 s, maxrss 1233508 KB]
[busy 3234 jiffies]
[exit 0]
--- c2 case 2 rec 2   load 0.92 1.04 1.04
[TEST C2-MARISA]
Processing dataset...
Done!
Building trie...
trie size: 23.317092 MB
trie size: 32.530715 MB
trie size: 4.028131 MB
Done!
build time: 13246.110013 ms (1324.611001 ns per key)
space cost: 64.832272 MB (32.415612% of original size 200.003232 MB)
Querying trie...
Done!
total time: 10212.435985 ms, avg latency: 1021.243598 ns
topology: 9.978737 MB, link: 28.205211 MB, data: 26.320199 MB
--- Unary Path Analysis (Marisa, cutoff=3) ---
  branches: 15080896  |  single-char: 4578086 (30.4%)  short-unary: 1137672 (7.5%)  links: 9365138 (62.1%)
  link len: avg=9.96  max=236  total_chars=93261704
  link length distribution (len:count):  3:947829  4:986562  5:965254  6:903368  7:803217  8:675232  9:535160  10:448828  11:393655  12:313562  13:273926  14:228549  15:306731  16:216481  17:200904  18:144129  19:127804  20:110710  21:100724  22:84358  23:73263  24:61276  25:54434  26:48000  27:45573  28:38180  29:33095  30:28718  31:25581  32:22213  33:19884  34:17374  35:15159  36:13408  37:12318  38:10537  39:8786  40:7764  41:6832  42:6052  43:5427  44:4522  45:3945  46:3695  47:3344  48:2764  49:2509  50:2081  51:1977  52:1721  53:1517  54:1388  55:1255  56:1097  57:1012  58:930  59:785  60:751  61:645  62:578  63:614  64:560  65:436  66:431  67:412  68:392  69:332  70:320  71:285  72:270  73:233  74:225  75:193  76:195  77:155  78:178  79:164  80:147  81:126  82:131  83:112  84:98  85:95  86:92  87:89  88:91  89:63  90:58  91:59  92:55  93:61  94:54  95:48  96:42  97:53  98:43  99:42  100:44  101:35  102:30  103:20  104:25  105:38  106:22  107:19  108:21  109:27  110:17  111:18  112:16  113:20  114:20  115:15  116:18  117:20  118:11  119:16  120:19  121:14  122:12  123:5  124:13  125:12  126:8  127:9  128:8  129:10  130:13  131:6  132:9  133:1  134:8  135:7  136:5  137:7  138:4  139:7  140:6  141:3  142:3  143:1  144:5  145:3  146:5  147:2  148:3  149:3  150:8  151:6  152:3  153:6  154:5  155:4  156:5  157:4  158:2  159:2  160:3  161:6  163:6  164:1  165:1  166:3  167:3  168:6  169:2  170:1  171:1  172:3  173:1  174:1  175:3  176:1  177:1  178:2  179:2  180:4  181:1  183:1  185:3  186:1  189:2  190:1  192:1  194:4  195:2  196:1  199:3  200:3  201:1  202:1  205:3  206:2  207:1  209:1  210:4  211:1  212:1  214:1  215:1  216:1  218:1  224:1  225:2  229:1  230:1  231:1  232:1  234:1  235:1  236:1
  short unary avg len: 2.00
13246.110013,64.832272,1021.243598
[PASSED]
[time 31.29 s, user 29.66 s, sys 1.49 s, maxrss 1496876 KB]
[busy 3216 jiffies]
[exit 0]
--- c2 case 2 rec 1   load 0.95 1.04 1.03
[TEST C2-MARISA]
Processing dataset...
Done!
Building trie...
trie size: 23.317092 MB
trie size: 32.530715 MB
Done!
build time: 12729.607523 ms (1272.960752 ns per key)
space cost: 64.832272 MB (32.415612% of original size 200.003232 MB)
Querying trie...
Done!
total time: 10217.821105 ms, avg latency: 1021.782111 ns
topology: 9.978737 MB, link: 28.205211 MB, data: 26.320199 MB
--- Unary Path Analysis (Marisa, cutoff=3) ---
  branches: 15080896  |  single-char: 4578086 (30.4%)  short-unary: 1137672 (7.5%)  links: 9365138 (62.1%)
  link len: avg=9.96  max=236  total_chars=93261704
  link length distribution (len:count):  3:947829  4:986562  5:965254  6:903368  7:803217  8:675232  9:535160  10:448828  11:393655  12:313562  13:273926  14:228549  15:306731  16:216481  17:200904  18:144129  19:127804  20:110710  21:100724  22:84358  23:73263  24:61276  25:54434  26:48000  27:45573  28:38180  29:33095  30:28718  31:25581  32:22213  33:19884  34:17374  35:15159  36:13408  37:12318  38:10537  39:8786  40:7764  41:6832  42:6052  43:5427  44:4522  45:3945  46:3695  47:3344  48:2764  49:2509  50:2081  51:1977  52:1721  53:1517  54:1388  55:1255  56:1097  57:1012  58:930  59:785  60:751  61:645  62:578  63:614  64:560  65:436  66:431  67:412  68:392  69:332  70:320  71:285  72:270  73:233  74:225  75:193  76:195  77:155  78:178  79:164  80:147  81:126  82:131  83:112  84:98  85:95  86:92  87:89  88:91  89:63  90:58  91:59  92:55  93:61  94:54  95:48  96:42  97:53  98:43  99:42  100:44  101:35  102:30  103:20  104:25  105:38  106:22  107:19  108:21  109:27  110:17  111:18  112:16  113:20  114:20  115:15  116:18  117:20  118:11  119:16  120:19  121:14  122:12  123:5  124:13  125:12  126:8  127:9  128:8  129:10  130:13  131:6  132:9  133:1  134:8  135:7  136:5  137:7  138:4  139:7  140:6  141:3  142:3  143:1  144:5  145:3  146:5  147:2  148:3  149:3  150:8  151:6  152:3  153:6  154:5  155:4  156:5  157:4  158:2  159:2  160:3  161:6  163:6  164:1  165:1  166:3  167:3  168:6  169:2  170:1  171:1  172:3  173:1  174:1  175:3  176:1  177:1  178:2  179:2  180:4  181:1  183:1  185:3  186:1  189:2  190:1  192:1  194:4  195:2  196:1  199:3  200:3  201:1  202:1  205:3  206:2  207:1  209:1  210:4  211:1  212:1  214:1  215:1  216:1  218:1  224:1  225:2  229:1  230:1  231:1  232:1  234:1  235:1  236:1
  short unary avg len: 2.00
12729.607523,64.832272,1021.782111
[PASSED]
[time 30.80 s, user 29.20 s, sys 1.47 s, maxrss 1466140 KB]
[busy 3165 jiffies]
[exit 0]
--- c2 case 2 rec 0   load 0.97 1.03 1.03
[TEST C2-MARISA]
Processing dataset...
Done!
Building trie...
trie size: 23.317092 MB
Done!
build time: 10422.625076 ms (1042.262508 ns per key)
space cost: 78.192151 MB (39.095444% of original size 200.003232 MB)
Querying trie...
Done!
total time: 7916.679695 ms, avg latency: 791.667970 ns
topology: 7.694263 MB, link: 27.912508 MB, data: 42.257255 MB
--- Unary Path Analysis (Marisa, cutoff=3) ---
  branches: 15080896  |  single-char: 4578086 (30.4%)  short-unary: 1137672 (7.5%)  links: 9365138 (62.1%)
  link len: avg=9.96  max=236  total_chars=93261704
  link length distribution (len:count):  3:947829  4:986562  5:965254  6:903368  7:803217  8:675232  9:535160  10:448828  11:393655  12:313562  13:273926  14:228549  15:306731  16:216481  17:200904  18:144129  19:127804  20:110710  21:100724  22:84358  23:73263  24:61276  25:54434  26:48000  27:45573  28:38180  29:33095  30:28718  31:25581  32:22213  33:19884  34:17374  35:15159  36:13408  37:12318  38:10537  39:8786  40:7764  41:6832  42:6052  43:5427  44:4522  45:3945  46:3695  47:3344  48:2764  49:2509  50:2081  51:1977  52:1721  53:1517  54:1388  55:1255  56:1097  57:1012  58:930  59:785  60:751  61:645  62:578  63:614  64:560  65:436  66:431  67:412  68:392  69:332  70:320  71:285  72:270  73:233  74:225  75:193  76:195  77:155  78:178  79:164  80:147  81:126  82:131  83:112  84:98  85:95  86:92  87:89  88:91  89:63  90:58  91:59  92:55  93:61  94:54  95:48  96:42  97:53  98:43  99:42  100:44  101:35  102:30  103:20  104:25  105:38  106:22  107:19  108:21  109:27  110:17  111:18  112:16  113:20  114:20  115:15  116:18  117:20  118:11  119:16  120:19  121:14  122:12  123:5  124:13  125:12  126:8  127:9  128:8  129:10  130:13  131:6  132:9  133:1  134:8  135:7  136:5  137:7  138:4  139:7  140:6  141:3  142:3  143:1  144:5  145:3  146:5  147:2  148:3  149:3  150:8  151:6  152:3  153:6  154:5  155:4  156:5  157:4  158:2  159:2  160:3  161:6  163:6  164:1  165:1  166:3  167:3  168:6  169:2  170:1  171:1  172:3  173:1  174:1  175:3  176:1  177:1  178:2  179:2  180:4  181:1  183:1  185:3  186:1  189:2  190:1  192:1  194:4  195:2  196:1  199:3  200:3  201:1  202:1  205:3  206:2  207:1  209:1  210:4  211:1  212:1  214:1  215:1  216:1  218:1  224:1  225:2  229:1  230:1  231:1  232:1  234:1  235:1  236:1
  short unary avg len: 2.00
10422.625076,78.192151,791.667970
[PASSED]
[time 26.15 s, user 24.47 s, sys 1.57 s, maxrss 1608732 KB]
[busy 2688 jiffies]
[exit 0]
--- c2 case 1 rec 2   load 0.98 1.03 1.03
[TEST C2-CoCo(LOUDS-Sparse)]
Processing dataset...
Done!
Building trie...
trie size: 22.733012 MB
trie size: 3.280537 MB
Done!
build time: 26947.707879 ms (2694.770788 ns per key)
space cost: 87.170093 MB (43.584342% of original size 200.003232 MB)
Querying trie...
Done!
total time: 16934.582381 ms, avg latency: 1693.458238 ns
topology: 6.218388 MB, link: 32.751384 MB, data: 48.200322 MB
26947.707879,87.170093,1693.458238
[PASSED]
[time 51.68 s, user 49.33 s, sys 2.14 s, maxrss 3090272 KB]
[busy 5298 jiffies]
[exit 0]
--- c2 case 1 rec 1   load 1.00 1.02 1.02
[TEST C2-CoCo(LOUDS-Sparse)]
Processing dataset...
Done!
Building trie...
trie size: 22.733012 MB
Done!
build time: 26489.954437 ms (2648.995444 ns per key)
space cost: 87.170093 MB (43.584342% of original size 200.003232 MB)
Querying trie...
Done!
total time: 16963.478745 ms, avg latency: 1696.347874 ns
topology: 6.218388 MB, link: 32.751384 MB, data: 48.200322 MB
26489.954437,87.170093,1696.347874
[PASSED]
[time 51.24 s, user 48.83 s, sys 2.20 s, maxrss 3066272 KB]
[busy 5260 jiffies]
[exit 0]
--- c2 case 1 rec 0   load 1.00 1.02 1.02
[TEST C2-CoCo(LOUDS-Sparse)]
Processing dataset...
Done!
Building trie...
Done!
build time: 24701.558796 ms (2470.155880 ns per key)
space cost: 98.257762 MB (49.128087% of original size 200.003232 MB)
Querying trie...
Done!
total time: 14535.651874 ms, avg latency: 1453.565187 ns
topology: 4.410110 MB, link: 33.095964 MB, data: 60.751687 MB
24701.558796,98.257762,1453.565187
[PASSED]
[time 47.05 s, user 44.63 s, sys 2.23 s, maxrss 3193716 KB]
[busy 4823 jiffies]
[exit 0]
--- c2 case 0 rec 2   load 1.00 1.01 1.01
[TEST C2-FST]
Processing dataset...
Done!
Building trie...
trie size: 22.733012 MB
trie size: 3.280537 MB
Done!
build time: 12858.574012 ms (1285.857401 ns per key)
space cost: 75.770544 MB (37.884660% of original size 200.003232 MB)
Querying trie...
Done!
total time: 14349.430175 ms, avg latency: 1434.943017 ns
topology: 13.082478 MB, link: 20.816256 MB, data: 41.871811 MB
--- Unary Path Analysis (FST, cutoff=4) ---
  shared unary steps in main trie: 9042618
  terminal suffixes: inplace=1798982 (avg len=2.14)  links=6599643 (78.6% of terminal)
  link len: avg=9.93  max=234  total_chars=65543603
  link length distribution (len:count):  4:783104  5:760158  6:695828  7:589022  8:475587  9:402890  10:359960  11:287809  12:252754  13:211229  14:291790  15:204192  16:188465  17:134915  18:119234  19:103940  20:94864  21:79457  22:68801  23:57526  24:51335  25:45253  26:43170  27:36068  28:31115  29:26944  30:23808  31:20749  32:18599  33:16316  34:14256  35:12616  36:11654  37:10097  38:8350  39:7410  40:6438  41:5768  42:5227  43:4358  44:3828  45:3564  46:3239  47:2673  48:2418  49:2015  50:1930  51:1676  52:1473  53:1343  54:1226  55:1070  56:979  57:898  58:769  59:736  60:626  61:563  62:597  63:542  64:428  65:419  66:401  67:383  68:320  69:311  70:276  71:263  72:227  73:216  74:189  75:189  76:152  77:176  78:161  79:141  80:122  81:127  82:110  83:97  84:90  85:90  86:88  87:88  88:62  89:58  90:57  91:55  92:60  93:54  94:47  95:39  96:52  97:43  98:41  99:43  100:34  101:29  102:20  103:25  104:38  105:22  106:19  107:21  108:27  109:17  110:17  111:15  112:20  113:20  114:14  115:18  116:19  117:10  118:15  119:19  120:13  121:11  122:5  123:13  124:11  125:8  126:8  127:8  128:10  129:12  130:6  131:9  132:1  133:8  134:7  135:4  136:6  137:4  138:7  139:6  140:3  141:3  142:1  143:5  144:3  145:5  146:2  147:3  148:3  149:8  150:6  151:3  152:5  153:5  154:4  155:5  156:4  157:2  158:2  159:3  160:6  162:6  163:1  164:1  165:3  166:3  167:6  168:2  169:1  170:1  171:3  172:1  173:1  174:3  175:1  176:1  177:2  178:2  179:4  180:1  182:1  184:2  185:1  188:2  189:1  191:1  193:4  194:1  195:1  198:3  199:2  200:1  201:1  204:3  205:2  206:1  208:1  209:4  210:1  211:1  213:1  214:1  215:1  217:1  223:1  224:2  228:1  229:1  230:1  231:1  233:1  235:1
12858.574012,75.770544,1434.943017
[PASSED]
[time 35.05 s, user 33.54 s, sys 1.37 s, maxrss 1363972 KB]
[busy 3600 jiffies]
[exit 0]
--- c2 case 0 rec 1   load 0.92 0.99 1.00
[TEST C2-FST]
Processing dataset...
Done!
Building trie...
trie size: 22.733012 MB
Done!
build time: 12421.312241 ms (1242.131224 ns per key)
space cost: 75.770544 MB (37.884660% of original size 200.003232 MB)
Querying trie...
Done!
total time: 14302.360606 ms, avg latency: 1430.236061 ns
topology: 13.082478 MB, link: 20.816256 MB, data: 41.871811 MB
--- Unary Path Analysis (FST, cutoff=4) ---
  shared unary steps in main trie: 9042618
  terminal suffixes: inplace=1798982 (avg len=2.14)  links=6599643 (78.6% of terminal)
  link len: avg=9.93  max=234  total_chars=65543603
  link length distribution (len:count):  4:783104  5:760158  6:695828  7:589022  8:475587  9:402890  10:359960  11:287809  12:252754  13:211229  14:291790  15:204192  16:188465  17:134915  18:119234  19:103940  20:94864  21:79457  22:68801  23:57526  24:51335  25:45253  26:43170  27:36068  28:31115  29:26944  30:23808  31:20749  32:18599  33:16316  34:14256  35:12616  36:11654  37:10097  38:8350  39:7410  40:6438  41:5768  42:5227  43:4358  44:3828  45:3564  46:3239  47:2673  48:2418  49:2015  50:1930  51:1676  52:1473  53:1343  54:1226  55:1070  56:979  57:898  58:769  59:736  60:626  61:563  62:597  63:542  64:428  65:419  66:401  67:383  68:320  69:311  70:276  71:263  72:227  73:216  74:189  75:189  76:152  77:176  78:161  79:141  80:122  81:127  82:110  83:97  84:90  85:90  86:88  87:88  88:62  89:58  90:57  91:55  92:60  93:54  94:47  95:39  96:52  97:43  98:41  99:43  100:34  101:29  102:20  103:25  104:38  105:22  106:19  107:21  108:27  109:17  110:17  111:15  112:20  113:20  114:14  115:18  116:19  117:10  118:15  119:19  120:13  121:11  122:5  123:13  124:11  125:8  126:8  127:8  128:10  129:12  130:6  131:9  132:1  133:8  134:7  135:4  136:6  137:4  138:7  139:6  140:3  141:3  142:1  143:5  144:3  145:5  146:2  147:3  148:3  149:8  150:6  151:3  152:5  153:5  154:4  155:5  156:4  157:2  158:2  159:3  160:6  162:6  163:1  164:1  165:3  166:3  167:6  168:2  169:1  170:1  171:3  172:1  173:1  174:3  175:1  176:1  177:2  178:2  179:4  180:1  182:1  184:2  185:1  188:2  189:1  191:1  193:4  194:1  195:1  198:3  199:2  200:1  201:1  204:3  205:2  206:1  208:1  209:4  210:1  211:1  213:1  214:1  215:1  217:1  223:1  224:2  228:1  229:1  230:1  231:1  233:1  235:1
12421.312241,75.770544,1430.236061
[PASSED]
[time 34.55 s, user 33.05 s, sys 1.35 s, maxrss 1339304 KB]
[busy 3551 jiffies]
[exit 0]
--- c2 case 0 rec 0   load 0.96 0.99 1.00
[TEST C2-FST]
Processing dataset...
Done!
Building trie...
Done!
build time: 10568.458773 ms (1056.845877 ns per key)
space cost: 86.858212 MB (43.428404% of original size 200.003232 MB)
Querying trie...
Done!
total time: 11921.028031 ms, avg latency: 1192.102803 ns
topology: 11.274200 MB, link: 21.160836 MB, data: 54.423176 MB
--- Unary Path Analysis (FST, cutoff=4) ---
  shared unary steps in main trie: 9042618
  terminal suffixes: inplace=1798982 (avg len=2.14)  links=6599643 (78.6% of terminal)
  link len: avg=9.93  max=234  total_chars=65543603
  link length distribution (len:count):  4:783104  5:760158  6:695828  7:589022  8:475587  9:402890  10:359960  11:287809  12:252754  13:211229  14:291790  15:204192  16:188465  17:134915  18:119234  19:103940  20:94864  21:79457  22:68801  23:57526  24:51335  25:45253  26:43170  27:36068  28:31115  29:26944  30:23808  31:20749  32:18599  33:16316  34:14256  35:12616  36:11654  37:10097  38:8350  39:7410  40:6438  41:5768  42:5227  43:4358  44:3828  45:3564  46:3239  47:2673  48:2418  49:2015  50:1930  51:1676  52:1473  53:1343  54:1226  55:1070  56:979  57:898  58:769  59:736  60:626  61:563  62:597  63:542  64:428  65:419  66:401  67:383  68:320  69:311  70:276  71:263  72:227  73:216  74:189  75:189  76:152  77:176  78:161  79:141  80:122  81:127  82:110  83:97  84:90  85:90  86:88  87:88  88:62  89:58  90:57  91:55  92:60  93:54  94:47  95:39  96:52  97:43  98:41  99:43  100:34  101:29  102:20  103:25  104:38  105:22  106:19  107:21  108:27  109:17  110:17  111:15  112:20  113:20  114:14  115:18  116:19  117:10  118:15  119:19  120:13  121:11  122:5  123:13  124:11  125:8  126:8  127:8  128:10  129:12  130:6  131:9  132:1  133:8  134:7  135:4  136:6  137:4  138:7  139:6  140:3  141:3  142:1  143:5  144:3  145:5  146:2  147:3  148:3  149:8  150:6  151:3  152:5  153:5  154:4  155:5  156:4  157:2  158:2  159:3  160:6  162:6  163:1  164:1  165:3  166:3  167:6  168:2  169:1  170:1  171:3  172:1  173:1  174:3  175:1  176:1  177:2  178:2  179:4  180:1  182:1  184:2  185:1  188:2  189:1  191:1  193:4  194:1  195:1  198:3  199:2  200:1  201:1  204:3  205:2  206:1  208:1  209:4  210:1  211:1  213:1  214:1  215:1  217:1  223:1  224:2  228:1  229:1  230:1  231:1  233:1  235:1
10568.458773,86.858212,1192.102803
[PASSED]
[time 30.26 s, user 28.77 s, sys 1.36 s, maxrss 1462424 KB]
[busy 3106 jiffies]
[exit 0]
--- lexindex string   load 0.97 1.00 1.00
10000000 keys
lexindex StringIndex: build 8231 ms, size 126.354 MiB (13.249 B/key), latency cold 860.3 ns, then mean 860.3 / min 858.0 ns
8230.969,126.354340,860.277
[time 48.87 s, user 47.79 s, sys 0.87 s, maxrss 1571784 KB]
[busy 5011 jiffies]
[exit 0]
--- lexindex dict1024   load 1.15 1.03 1.01
10000000 keys
lexindex DictIndex block 1024: build 1189 ms, size 72.351 MiB (7.587 B/key), latency cold 652.4 ns, then mean 651.8 / min 651.2 ns
1188.862,72.351329,652.404
[time 33.65 s, user 39.20 s, sys 1.31 s, maxrss 1552308 KB]
[busy 4167 jiffies]
[exit 0]
--- lexindex dict256   load 1.08 1.03 1.01
10000000 keys
lexindex DictIndex block 256: build 1199 ms, size 72.979 MiB (7.652 B/key), latency cold 667.9 ns, then mean 668.7 / min 667.5 ns
1198.902,72.979122,667.858
[time 34.31 s, user 39.82 s, sys 1.34 s, maxrss 1552232 KB]
[busy 4237 jiffies]
[exit 0]
--- lexindex dict32   load 1.05 1.02 1.00
10000000 keys
lexindex DictIndex block 32: build 1192 ms, size 78.286 MiB (8.209 B/key), latency cold 643.7 ns, then mean 644.6 / min 643.4 ns
1192.064,78.285635,643.729
[time 33.36 s, user 38.72 s, sys 1.34 s, maxrss 1563668 KB]
[busy 4121 jiffies]
[exit 0]

##### opaque-10000000 (10000000 lines, 170000000 bytes)   round 2/3   2026-09-15T18:13:05+03:00
--- xcdat 16   load 1.02 1.02 1.00
build time: 10360.571728 ms
space cost: 209.774417 MiB (137.477762% of original size 152.587891 MiB)
avg latency: 350.825588 ns
10360.571728,209.774417,350.825588
[time 22.92 s, user 21.23 s, sys 1.59 s, maxrss 1681788 KB]
[busy 2371 jiffies]
[exit 0]
--- xcdat 15   load 0.93 1.00 0.99
build time: 10586.549150 ms
space cost: 206.548369 MiB (135.363539% of original size 152.587891 MiB)
avg latency: 332.688685 ns
10586.549150,206.548369,332.688685
[time 23.02 s, user 21.29 s, sys 1.64 s, maxrss 1675072 KB]
[busy 2367 jiffies]
[exit 0]
--- xcdat 8   load 0.95 1.00 1.00
build time: 10411.753295 ms
space cost: 194.729631 MiB (127.618011% of original size 152.587891 MiB)
avg latency: 403.823014 ns
10411.753295,194.729631,403.823014
[time 23.55 s, user 21.83 s, sys 1.61 s, maxrss 1658396 KB]
[busy 2422 jiffies]
[exit 0]
--- xcdat 7   load 0.97 1.00 1.00
build time: 10175.251013 ms
space cost: 200.245496 MiB (131.232888% of original size 152.587891 MiB)
avg latency: 392.152459 ns
10175.251013,200.245496,392.152459
[time 23.15 s, user 21.39 s, sys 1.66 s, maxrss 1677684 KB]
[busy 2383 jiffies]
[exit 0]
--- c2 case 8 rec 0   load 0.98 1.00 1.00
[TEST CART]
Processing dataset...
Done!
Building trie...
Done!
build time: 1983.938879 ms (198.393888 ns per key)
space cost: 110.237770 MB (72.245425% of original size 152.587891 MB)
Querying trie...
Done!
total time: 3493.831597 ms, avg latency: 349.383160 ns
not implemented
1983.938879,110.237770,349.383160
[PASSED]
[time 14.53 s, user 13.47 s, sys 0.99 s, maxrss 1556748 KB]
[busy 1560 jiffies]
[exit 0]
--- c2 case 7 rec 0   load 0.99 1.00 1.00
[TEST ART]
Processing dataset...
Done!
Building trie...
Done!
build time: 1674.426979 ms (167.442698 ns per key)
space cost: 281.783142 MB (184.669400% of original size 152.587891 MB)
Querying trie...
Done!
total time: 2816.681782 ms, avg latency: 281.668178 ns
not implemented
1674.426979,281.783142,281.668178
[PASSED]
[time 14.11 s, user 12.89 s, sys 1.12 s, maxrss 1719100 KB]
[busy 1781 jiffies]
[exit 0]
--- c2 case 6 rec 0   load 0.99 1.00 1.00
[TEST PDT]
Processing dataset...
Done!
Building trie...
dict size: 177886, stream size: 123770486
Done!
build time: 116456.511015 ms (11645.651101 ns per key)
space cost: 130.971906 MB (85.833748% of original size 152.587891 MB)
Querying trie...
Done!
total time: 9451.833587 ms, avg latency: 945.183359 ns
not implemented
116456.511015,130.971906,945.183359
[PASSED]
[time 135.75 s, user 133.30 s, sys 1.91 s, maxrss 2153988 KB]
[busy 15710 jiffies]
[exit 0]
--- c2 case 5 rec 2   load 0.97 1.00 1.00
[TEST MARISA]
Processing dataset...
Done!
Building trie...
Done!
build time: 12604.919476 ms (1260.491948 ns per key)
space cost: 174.781183 MB (114.544596% of original size 152.587891 MB)
Querying trie...
Done!
total time: 31799.629039 ms, avg latency: 3179.962904 ns
not implemented
12604.919476,174.781183,3179.962904
[PASSED]
[time 53.35 s, user 51.09 s, sys 2.03 s, maxrss 1801908 KB]
[busy 5592 jiffies]
[exit 0]
--- c2 case 5 rec 1   load 0.91 0.98 0.99
[TEST MARISA]
Processing dataset...
Done!
Building trie...
Done!
build time: 9495.155245 ms (949.515524 ns per key)
space cost: 174.772559 MB (114.538944% of original size 152.587891 MB)
Querying trie...
Done!
total time: 19500.308162 ms, avg latency: 1950.030816 ns
not implemented
9495.155245,174.772559,1950.030816
[PASSED]
[time 38.00 s, user 36.03 s, sys 1.81 s, maxrss 1745948 KB]
[busy 3983 jiffies]
[exit 0]
--- c2 case 5 rec 0   load 0.95 0.99 1.00
[TEST MARISA]
Processing dataset...
Done!
Building trie...
Done!
build time: 6125.670407 ms (612.567041 ns per key)
space cost: 172.390432 MB (112.977794% of original size 152.587891 MB)
Querying trie...
Done!
total time: 9303.916819 ms, avg latency: 930.391682 ns
not implemented
6125.670407,172.390432,930.391682
[PASSED]
[time 24.42 s, user 22.77 s, sys 1.54 s, maxrss 1756304 KB]
[busy 2554 jiffies]
[exit 0]
--- c2 case 4 rec 0   skipped: exit 134 in round 1
--- c2 case 3 rec 0   load 1.03 1.00 1.00
[TEST FST]
Processing dataset...
Done!
Building trie...
Done!
build time: 8731.881325 ms (873.188133 ns per key)
space cost: 166.730864 MB (109.268739% of original size 152.587891 MB)
Querying trie...
Done!
total time: 5509.936853 ms, avg latency: 550.993685 ns
not implemented
8731.881325,166.730864,550.993685
[PASSED]
[time 23.28 s, user 22.05 s, sys 1.13 s, maxrss 1424724 KB]
[busy 2434 jiffies]
[exit 0]
--- c2 case 2 rec 2   load 1.02 1.00 1.00
[TEST C2-MARISA]
Processing dataset...
Done!
Building trie...
trie size: 18.021462 MB
trie size: 46.255407 MB
Done!
build time: 22234.725818 ms (2223.472582 ns per key)
space cost: 165.523580 MB (108.477533% of original size 152.587891 MB)
Querying trie...
Done!
total time: 5692.311429 ms, avg latency: 569.231143 ns
topology: 5.929127 MB, link: 32.190027 MB, data: 127.076301 MB
--- Unary Path Analysis (Marisa, cutoff=3) ---
  branches: 12335636  |  single-char: 2309593 (18.7%)  short-unary: 25639 (0.2%)  links: 10000404 (81.1%)
  link len: avg=12.54  max=13  total_chars=125417760
  link length distribution (len:count):  3:398  4:6  9:18  10:1442  11:92299  12:4394462  13:5511779
  short unary avg len: 2.00
22234.725818,165.523580,569.231143
[PASSED]
[time 36.95 s, user 34.56 s, sys 2.23 s, maxrss 2778976 KB]
[busy 3867 jiffies]
[exit 0]
--- c2 case 2 rec 1   load 1.01 1.00 1.00
[TEST C2-MARISA]
Processing dataset...
Done!
Building trie...
trie size: 18.021462 MB
trie size: 46.255407 MB
Done!
build time: 22628.316588 ms (2262.831659 ns per key)
space cost: 165.523580 MB (108.477533% of original size 152.587891 MB)
Querying trie...
Done!
total time: 5694.712823 ms, avg latency: 569.471282 ns
topology: 5.929127 MB, link: 32.190027 MB, data: 127.076301 MB
--- Unary Path Analysis (Marisa, cutoff=3) ---
  branches: 12335636  |  single-char: 2309593 (18.7%)  short-unary: 25639 (0.2%)  links: 10000404 (81.1%)
  link len: avg=12.54  max=13  total_chars=125417760
  link length distribution (len:count):  3:398  4:6  9:18  10:1442  11:92299  12:4394462  13:5511779
  short unary avg len: 2.00
22628.316588,165.523580,569.471282
[PASSED]
[time 37.36 s, user 34.90 s, sys 2.29 s, maxrss 2778988 KB]
[busy 4038 jiffies]
[exit 0]
--- c2 case 2 rec 0   load 1.04 1.01 1.00
[TEST C2-MARISA]
Processing dataset...
Done!
Building trie...
trie size: 18.021462 MB
Done!
build time: 11251.220236 ms (1125.122024 ns per key)
space cost: 165.523580 MB (108.477533% of original size 152.587891 MB)
Querying trie...
Done!
total time: 5703.596410 ms, avg latency: 570.359641 ns
topology: 5.929127 MB, link: 32.190027 MB, data: 127.076301 MB
--- Unary Path Analysis (Marisa, cutoff=3) ---
  branches: 12335636  |  single-char: 2309593 (18.7%)  short-unary: 25639 (0.2%)  links: 10000404 (81.1%)
  link len: avg=12.54  max=13  total_chars=125417760
  link length distribution (len:count):  3:398  4:6  9:18  10:1442  11:92299  12:4394462  13:5511779
  short unary avg len: 2.00
11251.220236,165.523580,570.359641
[PASSED]
[time 26.01 s, user 24.05 s, sys 1.85 s, maxrss 2275780 KB]
[busy 2727 jiffies]
[exit 0]
--- c2 case 1 rec 2   load 1.03 1.01 1.00
[TEST C2-CoCo(LOUDS-Sparse)]
Processing dataset...
Done!
Building trie...
trie size: 46.253762 MB
Done!
build time: 26521.887800 ms (2652.188780 ns per key)
space cost: 161.439246 MB (105.800824% of original size 152.587891 MB)
Querying trie...
Done!
total time: 7174.756196 ms, avg latency: 717.475620 ns
topology: 3.310211 MB, link: 34.003298 MB, data: 124.125737 MB
26521.887800,161.439246,717.475620
[PASSED]
[time 42.68 s, user 39.72 s, sys 2.78 s, maxrss 3791048 KB]
[busy 4463 jiffies]
[exit 0]
--- c2 case 1 rec 1   load 1.01 1.01 1.00
[TEST C2-CoCo(LOUDS-Sparse)]
Processing dataset...
Done!
Building trie...
trie size: 46.253762 MB
Done!
build time: 26422.308388 ms (2642.230839 ns per key)
space cost: 161.439246 MB (105.800824% of original size 152.587891 MB)
Querying trie...
Done!
total time: 7204.585871 ms, avg latency: 720.458587 ns
topology: 3.310211 MB, link: 34.003298 MB, data: 124.125737 MB
26422.308388,161.439246,720.458587
[PASSED]
[time 42.64 s, user 39.64 s, sys 2.82 s, maxrss 3791504 KB]
[busy 4455 jiffies]
[exit 0]
--- c2 case 1 rec 0   load 1.00 1.00 1.00
[TEST C2-CoCo(LOUDS-Sparse)]
Processing dataset...
Done!
Building trie...
Done!
build time: 15317.521095 ms (1531.752109 ns per key)
space cost: 161.439246 MB (105.800824% of original size 152.587891 MB)
Querying trie...
Done!
total time: 7205.295976 ms, avg latency: 720.529598 ns
topology: 3.310211 MB, link: 34.003298 MB, data: 124.125737 MB
15317.521095,161.439246,720.529598
[PASSED]
[time 31.54 s, user 28.97 s, sys 2.43 s, maxrss 3322212 KB]
[busy 3301 jiffies]
[exit 0]
--- c2 case 0 rec 2   load 1.00 1.00 1.00
[TEST C2-FST]
Processing dataset...
Done!
Building trie...
trie size: 46.253762 MB
Done!
build time: 23743.365038 ms (2374.336504 ns per key)
space cost: 168.524103 MB (110.443956% of original size 152.587891 MB)
Querying trie...
Done!
total time: 6986.705150 ms, avg latency: 698.670515 ns
topology: 7.322502 MB, link: 33.678872 MB, data: 127.522729 MB
--- Unary Path Analysis (FST, cutoff=4) ---
  shared unary steps in main trie: 26453
  terminal suffixes: inplace=0 (avg len=0.00)  links=10000000 (100.0% of terminal)
  link len: avg=10.54  max=11  total_chars=105416542
  link length distribution (len:count):  8:18  9:1442  10:92299  11:4394462  12:5511779
23743.365038,168.524103,698.670515
[PASSED]
[time 39.81 s, user 37.45 s, sys 2.20 s, maxrss 2822876 KB]
[busy 4159 jiffies]
[exit 0]
--- c2 case 0 rec 1   load 1.08 1.02 1.01
[TEST C2-FST]
Processing dataset...
Done!
Building trie...
trie size: 46.253762 MB
Done!
build time: 23687.558819 ms (2368.755882 ns per key)
space cost: 168.524103 MB (110.443956% of original size 152.587891 MB)
Querying trie...
Done!
total time: 6930.715106 ms, avg latency: 693.071511 ns
topology: 7.322502 MB, link: 33.678872 MB, data: 127.522729 MB
--- Unary Path Analysis (FST, cutoff=4) ---
  shared unary steps in main trie: 26453
  terminal suffixes: inplace=0 (avg len=0.00)  links=10000000 (100.0% of terminal)
  link len: avg=10.54  max=11  total_chars=105416542
  link length distribution (len:count):  8:18  9:1442  10:92299  11:4394462  12:5511779
23687.558819,168.524103,693.071511
[PASSED]
[time 39.70 s, user 37.25 s, sys 2.27 s, maxrss 2822364 KB]
[busy 4143 jiffies]
[exit 0]
--- c2 case 0 rec 0   load 1.04 1.01 1.00
[TEST C2-FST]
Processing dataset...
Done!
Building trie...
Done!
build time: 12537.024934 ms (1253.702493 ns per key)
space cost: 168.524103 MB (110.443956% of original size 152.587891 MB)
Querying trie...
Done!
total time: 6976.193123 ms, avg latency: 697.619312 ns
topology: 7.322502 MB, link: 33.678872 MB, data: 127.522729 MB
--- Unary Path Analysis (FST, cutoff=4) ---
  shared unary steps in main trie: 26453
  terminal suffixes: inplace=0 (avg len=0.00)  links=10000000 (100.0% of terminal)
  link len: avg=10.54  max=11  total_chars=105416542
  link length distribution (len:count):  8:18  9:1442  10:92299  11:4394462  12:5511779
12537.024934,168.524103,697.619312
[PASSED]
[time 28.54 s, user 26.54 s, sys 1.88 s, maxrss 2353680 KB]
[busy 2990 jiffies]
[exit 0]
--- lexindex string   load 1.02 1.01 1.00
10000000 keys
lexindex StringIndex: build 11380 ms, size 204.743 MiB (21.469 B/key), latency cold 631.6 ns, then mean 632.6 / min 629.8 ns
11379.946,204.742606,631.621
[time 42.42 s, user 41.37 s, sys 0.87 s, maxrss 1500584 KB]
[busy 4430 jiffies]
[exit 0]
--- lexindex dict1024   load 1.05 1.02 1.00
10000000 keys
lexindex DictIndex block 1024: build 1535 ms, size 127.109 MiB (13.328 B/key), latency cold 679.4 ns, then mean 680.8 / min 679.6 ns
1535.451,127.109295,679.440
[time 34.67 s, user 42.27 s, sys 2.08 s, maxrss 1451556 KB]
[busy 4623 jiffies]
[exit 0]
--- lexindex dict256   load 1.03 1.02 1.00
10000000 keys
lexindex DictIndex block 256: build 1528 ms, size 127.485 MiB (13.368 B/key), latency cold 683.8 ns, then mean 683.2 / min 681.8 ns
1528.330,127.484571,683.783
[time 34.78 s, user 42.25 s, sys 1.92 s, maxrss 1454376 KB]
[busy 4594 jiffies]
[exit 0]
--- lexindex dict32   load 1.02 1.02 1.00
10000000 keys
lexindex DictIndex block 32: build 1539 ms, size 130.296 MiB (13.663 B/key), latency cold 680.9 ns, then mean 682.7 / min 682.2 ns
1539.406,130.296104,680.921
[time 34.74 s, user 42.10 s, sys 2.13 s, maxrss 1460768 KB]
[busy 4605 jiffies]
[exit 0]

##### numeric-10000000 (10000000 lines, 78888890 bytes)   round 2/3   2026-09-15T18:27:57+03:00
--- xcdat 16   load 1.08 1.03 1.00
build time: 1848.175384 ms
space cost: 71.808467 MiB (109.301565% of original size 65.697565 MiB)
avg latency: 242.686251 ns
1848.175384,71.808467,242.686251
[time 8.24 s, user 7.47 s, sys 0.74 s, maxrss 783852 KB]
[busy 863 jiffies]
[exit 0]
--- xcdat 15   load 1.06 1.03 1.00
build time: 2055.739476 ms
space cost: 67.281871 MiB (102.411514% of original size 65.697565 MiB)
avg latency: 204.909099 ns
2055.739476,67.281871,204.909099
[time 7.96 s, user 7.22 s, sys 0.70 s, maxrss 775656 KB]
[busy 829 jiffies]
[exit 0]
--- xcdat 8   load 1.05 1.03 1.00
build time: 1765.587950 ms
space cost: 46.072033 MiB (70.127459% of original size 65.697565 MiB)
avg latency: 318.564406 ns
1765.587950,46.072033,318.564406
[time 8.88 s, user 8.09 s, sys 0.75 s, maxrss 731864 KB]
[busy 933 jiffies]
[exit 0]
--- xcdat 7   load 1.04 1.03 1.00
build time: 2707.589201 ms
space cost: 52.854505 MiB (80.451238% of original size 65.697565 MiB)
avg latency: 360.119145 ns
2707.589201,52.854505,360.119145
[time 10.23 s, user 9.46 s, sys 0.73 s, maxrss 747220 KB]
[busy 1079 jiffies]
[exit 0]
--- c2 case 8 rec 0   load 1.04 1.02 1.00
[TEST CART]
Processing dataset...
Done!
Building trie...
Done!
build time: 836.728519 ms (83.672852 ns per key)
space cost: 111.770621 MB (170.129016% of original size 65.697565 MB)
Querying trie...
Done!
total time: 2116.607309 ms, avg latency: 211.660731 ns
not implemented
836.728519,111.770621,211.660731
[PASSED]
[time 6.81 s, user 6.05 s, sys 0.72 s, maxrss 940308 KB]
[busy 715 jiffies]
[exit 0]
--- c2 case 7 rec 0   load 1.03 1.02 1.00
[TEST ART]
Processing dataset...
Done!
Building trie...
Done!
build time: 642.724224 ms (64.272422 ns per key)
space cost: 200.653076 MB (305.419350% of original size 65.697565 MB)
Querying trie...
Done!
total time: 1485.524254 ms, avg latency: 148.552425 ns
not implemented
642.724224,200.653076,148.552425
[PASSED]
[time 5.98 s, user 5.24 s, sys 0.71 s, maxrss 924748 KB]
[busy 631 jiffies]
[exit 0]
--- c2 case 6 rec 0   load 1.03 1.02 1.00
[TEST PDT]
Processing dataset...
Done!
Building trie...
dict size: 130, stream size: 2965758
Done!
build time: 1241.709049 ms (124.170905 ns per key)
space cost: 15.594018 MB (23.736067% of original size 65.697565 MB)
Querying trie...
Done!
total time: 6622.930128 ms, avg latency: 662.293013 ns
not implemented
1241.709049,15.594018,662.293013
[PASSED]
[time 11.74 s, user 11.03 s, sys 0.66 s, maxrss 687832 KB]
[busy 1231 jiffies]
[exit 0]
--- c2 case 5 rec 2   load 1.09 1.04 1.00
[TEST MARISA]
Processing dataset...
Done!
Building trie...
Done!
build time: 1664.067299 ms (166.406730 ns per key)
space cost: 15.797803 MB (24.046253% of original size 65.697565 MB)
Querying trie...
Done!
total time: 2587.280368 ms, avg latency: 258.728037 ns
not implemented
1664.067299,15.797803,258.728037
[PASSED]
[time 8.16 s, user 7.35 s, sys 0.77 s, maxrss 977704 KB]
[busy 857 jiffies]
[exit 0]
--- c2 case 5 rec 1   load 1.00 1.02 1.00
[TEST MARISA]
Processing dataset...
Done!
Building trie...
Done!
build time: 1665.523006 ms (166.552301 ns per key)
space cost: 15.797803 MB (24.046253% of original size 65.697565 MB)
Querying trie...
Done!
total time: 2605.853277 ms, avg latency: 260.585328 ns
not implemented
1665.523006,15.797803,260.585328
[PASSED]
[time 8.15 s, user 7.32 s, sys 0.79 s, maxrss 977812 KB]
[busy 854 jiffies]
[exit 0]
--- c2 case 5 rec 0   load 1.00 1.02 1.00
[TEST MARISA]
Processing dataset...
Done!
Building trie...
Done!
build time: 1678.597890 ms (167.859789 ns per key)
space cost: 15.797803 MB (24.046253% of original size 65.697565 MB)
Querying trie...
Done!
total time: 2606.708374 ms, avg latency: 260.670837 ns
not implemented
1678.597890,15.797803,260.670837
[PASSED]
[time 8.18 s, user 7.34 s, sys 0.81 s, maxrss 978016 KB]
[busy 860 jiffies]
[exit 0]
--- c2 case 4 rec 0   load 1.00 1.02 1.00
[TEST COCO]
Processing dataset...
Done!
Building trie...
num nodes = 90001, average depth = 1.000033
ef = 0.000000, pa = 0.000000, bv = 0.000011, de = 0.999989
efr = 0.000000, par = 0.000000, bvr = 0.000000, der = 0.000000
Done!
build time: 7277.288594 ms (727.728859 ns per key)
space cost: 4.854946 MB (7.389841% of original size 65.697565 MB)
Querying trie...
Done!
total time: 2965.753336 ms, avg latency: 296.575334 ns
not implemented
7277.288594,4.854946,296.575334
[PASSED]
[time 14.33 s, user 11.96 s, sys 2.31 s, maxrss 4905604 KB]
[busy 1506 jiffies]
[exit 0]
--- c2 case 3 rec 0   load 1.00 1.02 1.00
[TEST FST]
Processing dataset...
Done!
Building trie...
Done!
build time: 2552.229539 ms (255.222954 ns per key)
space cost: 14.447110 MB (21.990328% of original size 65.697565 MB)
Querying trie...
Done!
total time: 3727.678651 ms, avg latency: 372.767865 ns
not implemented
2552.229539,14.447110,372.767865
[PASSED]
[time 10.16 s, user 9.45 s, sys 0.66 s, maxrss 661604 KB]
[busy 1064 jiffies]
[exit 0]
--- c2 case 2 rec 2   skipped: exit 139 in round 1
--- c2 case 2 rec 1   skipped: exit 139 in round 1
--- c2 case 2 rec 0   skipped: exit 139 in round 1
--- c2 case 1 rec 2   skipped: exit 139 in round 1
--- c2 case 1 rec 1   skipped: exit 139 in round 1
--- c2 case 1 rec 0   skipped: exit 139 in round 1
--- c2 case 0 rec 2   skipped: exit 139 in round 1
--- c2 case 0 rec 1   skipped: exit 139 in round 1
--- c2 case 0 rec 0   skipped: exit 139 in round 1
--- lexindex string   load 0.92 1.00 0.99
10000000 keys
lexindex StringIndex: build 1850 ms, size 0.000 MiB (0.000 B/key), latency cold 134.9 ns, then mean 134.7 / min 134.1 ns
1850.172,0.000340,134.891
[time 12.99 s, user 12.36 s, sys 0.58 s, maxrss 1125008 KB]
[busy 1364 jiffies]
[exit 0]
--- lexindex dict1024   load 0.93 1.00 1.00
10000000 keys
lexindex DictIndex block 1024: build 804 ms, size 19.864 MiB (2.083 B/key), latency cold 329.1 ns, then mean 332.6 / min 327.5 ns
804.243,19.863672,329.100
[time 19.74 s, user 21.07 s, sys 0.73 s, maxrss 1167680 KB]
[busy 2283 jiffies]
[exit 0]
--- lexindex dict256   load 0.95 1.00 1.00
10000000 keys
lexindex DictIndex block 256: build 809 ms, size 20.306 MiB (2.129 B/key), latency cold 341.4 ns, then mean 342.2 / min 338.2 ns
808.934,20.306348,341.442
[time 20.17 s, user 21.46 s, sys 0.72 s, maxrss 1168324 KB]
[busy 2337 jiffies]
[exit 0]
--- lexindex dict32   load 0.97 1.00 1.00
10000000 keys
lexindex DictIndex block 32: build 782 ms, size 23.775 MiB (2.493 B/key), latency cold 328.2 ns, then mean 329.4 / min 326.8 ns
782.221,23.775229,328.247
[time 19.65 s, user 20.73 s, sys 0.73 s, maxrss 1171116 KB]
[busy 2254 jiffies]
[exit 0]

##### dna-10000000 (10000000 lines, 250000000 bytes)   round 2/3   2026-09-15T18:31:15+03:00
--- xcdat 16   load 1.91 1.24 1.08
build time: 10472.151400 ms
space cost: 157.761472 MiB (68.927039% of original size 228.881836 MiB)
avg latency: 615.354130 ns
10472.151400,157.761472,615.354130
[time 25.91 s, user 24.09 s, sys 1.71 s, maxrss 1728028 KB]
[busy 2715 jiffies]
[exit 0]
--- xcdat 15   load 1.60 1.22 1.08
build time: 10725.729156 ms
space cost: 152.576344 MiB (66.661622% of original size 228.881836 MiB)
avg latency: 581.942725 ns
10725.729156,152.576344,581.942725
[time 25.91 s, user 24.13 s, sys 1.67 s, maxrss 1722812 KB]
[busy 2712 jiffies]
[exit 0]
--- xcdat 8   load 1.28 1.18 1.07
build time: 10449.421218 ms
space cost: 135.305025 MiB (59.115668% of original size 228.881836 MiB)
avg latency: 675.040351 ns
10449.421218,135.305025,675.040351
[time 26.63 s, user 24.84 s, sys 1.67 s, maxrss 1704908 KB]
[busy 2785 jiffies]
[exit 0]
--- xcdat 7   load 1.27 1.18 1.07
build time: 10850.130500 ms
space cost: 136.369071 MiB (59.580556% of original size 228.881836 MiB)
avg latency: 724.912887 ns
10850.130500,136.369071,724.912887
[time 27.42 s, user 25.66 s, sys 1.64 s, maxrss 1706168 KB]
[busy 2921 jiffies]
[exit 0]
--- c2 case 8 rec 0   load 1.23 1.18 1.07
[TEST CART]
Processing dataset...
Done!
Building trie...
Done!
build time: 2756.269217 ms (275.626922 ns per key)
space cost: 156.509016 MB (68.379833% of original size 228.881836 MB)
Querying trie...
Done!
total time: 7768.606320 ms, avg latency: 776.860632 ns
not implemented
2756.269217,156.509016,776.860632
[PASSED]
[time 20.07 s, user 18.69 s, sys 1.29 s, maxrss 2102160 KB]
[busy 2105 jiffies]
[exit 0]
--- c2 case 7 rec 0   load 1.17 1.17 1.07
[TEST ART]
Processing dataset...
Done!
Building trie...
Done!
build time: 2209.482419 ms (220.948242 ns per key)
space cost: 332.784225 MB (145.395647% of original size 228.881836 MB)
Querying trie...
Done!
total time: 6191.452716 ms, avg latency: 619.145272 ns
not implemented
2209.482419,332.784225,619.145272
[PASSED]
[time 17.89 s, user 16.47 s, sys 1.34 s, maxrss 2190616 KB]
[busy 1877 jiffies]
[exit 0]
--- c2 case 6 rec 0   load 1.19 1.17 1.08
[TEST PDT]
Processing dataset...
Done!
Building trie...
dict size: 151384, stream size: 57071972
Done!
build time: 24905.901279 ms (2490.590128 ns per key)
space cost: 67.337972 MB (29.420409% of original size 228.881836 MB)
Querying trie...
Done!
total time: 14486.524329 ms, avg latency: 1448.652433 ns
not implemented
24905.901279,67.337972,1448.652433
[PASSED]
[time 48.82 s, user 46.66 s, sys 1.96 s, maxrss 1637284 KB]
[busy 5088 jiffies]
[exit 0]
--- c2 case 5 rec 2   load 1.13 1.16 1.08
[TEST MARISA]
Processing dataset...
Done!
Building trie...
Done!
build time: 9656.518742 ms (965.651874 ns per key)
space cost: 64.374021 MB (28.125439% of original size 228.881836 MB)
Querying trie...
Done!
total time: 13915.203039 ms, avg latency: 1391.520304 ns
not implemented
9656.518742,64.374021,1391.520304
[PASSED]
[time 32.85 s, user 31.11 s, sys 1.60 s, maxrss 1910572 KB]
[busy 3450 jiffies]
[exit 0]
--- c2 case 5 rec 1   load 0.99 1.12 1.07
[TEST MARISA]
Processing dataset...
Done!
Building trie...
Done!
build time: 9650.470664 ms (965.047066 ns per key)
space cost: 65.397814 MB (28.572741% of original size 228.881836 MB)
Querying trie...
Done!
total time: 13576.342826 ms, avg latency: 1357.634283 ns
not implemented
9650.470664,65.397814,1357.634283
[PASSED]
[time 32.45 s, user 30.67 s, sys 1.64 s, maxrss 1910804 KB]
[busy 3394 jiffies]
[exit 0]
--- c2 case 5 rec 0   load 1.00 1.11 1.07
[TEST MARISA]
Processing dataset...
Done!
Building trie...
Done!
build time: 7747.607163 ms (774.760716 ns per key)
space cost: 147.956710 MB (64.643273% of original size 228.881836 MB)
Querying trie...
Done!
total time: 9240.351887 ms, avg latency: 924.035189 ns
not implemented
7747.607163,147.956710,924.035189
[PASSED]
[time 26.23 s, user 24.48 s, sys 1.64 s, maxrss 1989548 KB]
[busy 2752 jiffies]
[exit 0]
--- c2 case 4 rec 0   skipped: exit 134 in round 1
--- c2 case 3 rec 0   load 1.06 1.11 1.07
[TEST FST]
Processing dataset...
Done!
Building trie...
Done!
build time: 12041.220267 ms (1204.122027 ns per key)
space cost: 119.365768 MB (52.151700% of original size 228.881836 MB)
Querying trie...
Done!
total time: 8756.403872 ms, avg latency: 875.640387 ns
not implemented
12041.220267,119.365768,875.640387
[PASSED]
[time 30.29 s, user 28.91 s, sys 1.25 s, maxrss 1689240 KB]
[busy 3162 jiffies]
[exit 0]
--- c2 case 2 rec 2   skipped: exit 139 in round 1
--- c2 case 2 rec 1   load 1.04 1.10 1.07
[TEST C2-MARISA]
Processing dataset...
Done!
Building trie...
trie size: 24.434970 MB
trie size: 47.886275 MB
Done!
build time: 17406.536006 ms (1740.653601 ns per key)
space cost: 72.352404 MB (31.611248% of original size 228.881836 MB)
Querying trie...
Done!
total time: 10208.313049 ms, avg latency: 1020.831305 ns
topology: 14.325905 MB, link: 29.140208 MB, data: 28.558166 MB
--- Unary Path Analysis (Marisa, cutoff=3) ---
  branches: 16819022  |  single-char: 6056704 (36.0%)  short-unary: 587781 (3.5%)  links: 10174537 (60.5%)
  link len: avg=12.30  max=15  total_chars=125137286
  link length distribution (len:count):  3:131739  4:32131  5:8322  6:3155  7:4877  8:17889  9:69612  10:272566  11:1019074  12:3104051  13:4591242  14:919171  15:708
  short unary avg len: 2.00
17406.536006,72.352404,1020.831305
[PASSED]
[time 37.03 s, user 35.22 s, sys 1.65 s, maxrss 1666972 KB]
[busy 3873 jiffies]
[exit 0]
--- c2 case 2 rec 0   load 0.94 1.07 1.06
[TEST C2-MARISA]
Processing dataset...
Done!
Building trie...
trie size: 24.434970 MB
Done!
build time: 15401.015028 ms (1540.101503 ns per key)
space cost: 95.269694 MB (41.623965% of original size 228.881836 MB)
Querying trie...
Done!
total time: 7129.471205 ms, avg latency: 712.947120 ns
topology: 8.066944 MB, link: 31.537600 MB, data: 55.337026 MB
--- Unary Path Analysis (Marisa, cutoff=3) ---
  branches: 16819022  |  single-char: 6056704 (36.0%)  short-unary: 587781 (3.5%)  links: 10174537 (60.5%)
  link len: avg=12.30  max=15  total_chars=125137286
  link length distribution (len:count):  3:131739  4:32131  5:8322  6:3155  7:4877  8:17889  9:69612  10:272566  11:1019074  12:3104051  13:4591242  14:919171  15:708
  short unary avg len: 2.00
15401.015028,95.269694,712.947120
[PASSED]
[time 31.98 s, user 29.92 s, sys 1.93 s, maxrss 2244780 KB]
[busy 3346 jiffies]
[exit 0]
--- c2 case 1 rec 2   skipped: exit 139 in round 1
--- c2 case 1 rec 1   load 0.96 1.06 1.05
[TEST C2-CoCo(LOUDS-Sparse)]
Processing dataset...
Done!
Building trie...
trie size: 37.777167 MB
Done!
build time: 23616.804976 ms (2361.680498 ns per key)
space cost: 57.044919 MB (24.923306% of original size 228.881836 MB)
Querying trie...
Done!
total time: 9401.349718 ms, avg latency: 940.134972 ns
topology: 6.873493 MB, link: 30.304507 MB, data: 19.866919 MB
23616.804976,57.044919,940.134972
[PASSED]
[time 42.39 s, user 39.72 s, sys 2.50 s, maxrss 3069104 KB]
[busy 4425 jiffies]
[exit 0]
--- c2 case 1 rec 0   load 0.98 1.05 1.05
[TEST C2-CoCo(LOUDS-Sparse)]
Processing dataset...
Done!
Building trie...
Done!
build time: 22276.584858 ms (2227.658486 ns per key)
space cost: 72.822873 MB (31.816798% of original size 228.881836 MB)
Querying trie...
Done!
total time: 7752.505439 ms, avg latency: 775.250544 ns
topology: 3.420319 MB, link: 32.688608 MB, data: 36.713946 MB
22276.584858,72.822873,775.250544
[PASSED]
[time 39.42 s, user 36.64 s, sys 2.62 s, maxrss 3400440 KB]
[busy 4126 jiffies]
[exit 0]
--- c2 case 0 rec 2   skipped: exit 139 in round 1
--- c2 case 0 rec 1   load 0.99 1.04 1.05
[TEST C2-FST]
Processing dataset...
Done!
Building trie...
trie size: 37.777167 MB
Done!
build time: 17172.286146 ms (1717.228615 ns per key)
space cost: 74.159266 MB (32.400678% of original size 228.881836 MB)
Querying trie...
Done!
total time: 10804.687881 ms, avg latency: 1080.468788 ns
topology: 12.378445 MB, link: 28.910372 MB, data: 32.870449 MB
--- Unary Path Analysis (FST, cutoff=4) ---
  shared unary steps in main trie: 994037
  terminal suffixes: inplace=72 (avg len=2.67)  links=9999928 (100.0% of terminal)
  link len: avg=10.46  max=13  total_chars=104556373
  link length distribution (len:count):  4:308  5:1114  6:4343  7:17785  8:69577  9:272560  10:1019069  11:3104051  12:4591242  13:919171  14:708
17172.286146,74.159266,1080.468788
[PASSED]
[time 37.43 s, user 35.56 s, sys 1.71 s, maxrss 1758232 KB]
[busy 3912 jiffies]
[exit 0]
--- c2 case 0 rec 0   load 0.92 1.02 1.04
[TEST C2-FST]
Processing dataset...
Done!
Building trie...
Done!
build time: 15911.589554 ms (1591.158955 ns per key)
space cost: 89.937219 MB (39.294170% of original size 228.881836 MB)
Querying trie...
Done!
total time: 7934.696230 ms, avg latency: 793.469623 ns
topology: 8.925270 MB, link: 31.294473 MB, data: 49.717476 MB
--- Unary Path Analysis (FST, cutoff=4) ---
  shared unary steps in main trie: 994037
  terminal suffixes: inplace=72 (avg len=2.67)  links=9999928 (100.0% of terminal)
  link len: avg=10.46  max=13  total_chars=104556373
  link length distribution (len:count):  4:308  5:1114  6:4343  7:17785  8:69577  9:272560  10:1019069  11:3104051  12:4591242  13:919171  14:708
15911.589554,89.937219,793.469623
[PASSED]
[time 33.31 s, user 31.34 s, sys 1.82 s, maxrss 2128424 KB]
[busy 3491 jiffies]
[exit 0]
--- lexindex string   load 0.93 1.01 1.03
10000000 keys
lexindex StringIndex: build 10248 ms, size 152.422 MiB (15.983 B/key), latency cold 960.3 ns, then mean 956.3 / min 952.8 ns
10248.203,152.421832,960.316
[time 54.62 s, user 53.51 s, sys 0.89 s, maxrss 1603480 KB]
[busy 5704 jiffies]
[exit 0]
--- lexindex dict1024   load 0.89 0.99 1.02
10000000 keys
lexindex DictIndex block 1024: build 1010 ms, size 66.213 MiB (6.943 B/key), latency cold 526.2 ns, then mean 528.4 / min 528.2 ns
1009.883,66.212607,526.212
[time 28.34 s, user 31.37 s, sys 0.95 s, maxrss 1535536 KB]
[busy 3388 jiffies]
[exit 0]
--- lexindex dict256   load 1.64 1.20 1.09
10000000 keys
lexindex DictIndex block 256: build 1012 ms, size 66.989 MiB (7.024 B/key), latency cold 606.3 ns, then mean 603.3 / min 603.0 ns
1012.337,66.988614,606.269
[time 31.36 s, user 34.41 s, sys 0.92 s, maxrss 1536352 KB]
[busy 3702 jiffies]
[exit 0]
--- lexindex dict32   load 1.39 1.18 1.09
10000000 keys
lexindex DictIndex block 32: build 1017 ms, size 73.578 MiB (7.715 B/key), latency cold 629.5 ns, then mean 629.5 / min 626.9 ns
1017.185,73.577577,629.539
[time 32.42 s, user 35.26 s, sys 1.01 s, maxrss 1548888 KB]
[busy 3791 jiffies]
[exit 0]

##### dna-10000000 (10000000 lines, 250000000 bytes)   round 3/3   2026-09-15T18:42:59+03:00
--- lexindex dict32   load 1.14 1.14 1.08
10000000 keys
lexindex DictIndex block 32: build 1008 ms, size 73.578 MiB (7.715 B/key), latency cold 629.7 ns, then mean 629.2 / min 627.5 ns
1007.725,73.577577,629.707
[time 32.39 s, user 35.27 s, sys 0.98 s, maxrss 1548076 KB]
[busy 3803 jiffies]
[exit 0]
--- lexindex dict256   load 1.77 1.33 1.14
10000000 keys
lexindex DictIndex block 256: build 1016 ms, size 66.989 MiB (7.024 B/key), latency cold 604.3 ns, then mean 601.5 / min 599.1 ns
1015.903,66.988614,604.326
[time 31.32 s, user 34.27 s, sys 0.96 s, maxrss 1536800 KB]
[busy 3677 jiffies]
[exit 0]
--- lexindex dict1024   load 1.43 1.29 1.14
10000000 keys
lexindex DictIndex block 1024: build 1017 ms, size 66.213 MiB (6.943 B/key), latency cold 521.8 ns, then mean 521.2 / min 520.7 ns
1017.172,66.212607,521.762
[time 28.05 s, user 31.04 s, sys 0.99 s, maxrss 1535380 KB]
[busy 3351 jiffies]
[exit 0]
--- lexindex string   load 1.18 1.25 1.13
10000000 keys
lexindex StringIndex: build 10275 ms, size 152.422 MiB (15.983 B/key), latency cold 919.1 ns, then mean 920.9 / min 919.9 ns
10274.503,152.421832,919.116
[time 53.17 s, user 52.10 s, sys 0.85 s, maxrss 1603532 KB]
[busy 5560 jiffies]
[exit 0]
--- c2 case 0 rec 0   load 1.14 1.22 1.12
[TEST C2-FST]
Processing dataset...
Done!
Building trie...
Done!
build time: 15873.306114 ms (1587.330611 ns per key)
space cost: 89.937219 MB (39.294170% of original size 228.881836 MB)
Querying trie...
Done!
total time: 8033.585933 ms, avg latency: 803.358593 ns
topology: 8.925270 MB, link: 31.294473 MB, data: 49.717476 MB
--- Unary Path Analysis (FST, cutoff=4) ---
  shared unary steps in main trie: 994037
  terminal suffixes: inplace=72 (avg len=2.67)  links=9999928 (100.0% of terminal)
  link len: avg=10.46  max=13  total_chars=104556373
  link length distribution (len:count):  4:308  5:1114  6:4343  7:17785  8:69577  9:272560  10:1019069  11:3104051  12:4591242  13:919171  14:708
15873.306114,89.937219,803.358593
[PASSED]
[time 33.39 s, user 31.39 s, sys 1.85 s, maxrss 2128360 KB]
[busy 3516 jiffies]
[exit 0]
--- c2 case 0 rec 1   load 1.08 1.20 1.12
[TEST C2-FST]
Processing dataset...
Done!
Building trie...
trie size: 37.777167 MB
Done!
build time: 17200.571295 ms (1720.057129 ns per key)
space cost: 74.159266 MB (32.400678% of original size 228.881836 MB)
Querying trie...
Done!
total time: 10826.291733 ms, avg latency: 1082.629173 ns
topology: 12.378445 MB, link: 28.910372 MB, data: 32.870449 MB
--- Unary Path Analysis (FST, cutoff=4) ---
  shared unary steps in main trie: 994037
  terminal suffixes: inplace=72 (avg len=2.67)  links=9999928 (100.0% of terminal)
  link len: avg=10.46  max=13  total_chars=104556373
  link length distribution (len:count):  4:308  5:1114  6:4343  7:17785  8:69577  9:272560  10:1019069  11:3104051  12:4591242  13:919171  14:708
17200.571295,74.159266,1082.629173
[PASSED]
[time 37.47 s, user 35.65 s, sys 1.67 s, maxrss 1758200 KB]
[busy 3924 jiffies]
[exit 0]
--- c2 case 0 rec 2   skipped: exit 139 in round 1
--- c2 case 1 rec 0   load 1.12 1.19 1.11
[TEST C2-CoCo(LOUDS-Sparse)]
Processing dataset...
Done!
Building trie...
Done!
build time: 22245.769824 ms (2224.576982 ns per key)
space cost: 72.822873 MB (31.816798% of original size 228.881836 MB)
Querying trie...
Done!
total time: 7828.649044 ms, avg latency: 782.864904 ns
topology: 3.420319 MB, link: 32.688608 MB, data: 36.713946 MB
22245.769824,72.822873,782.864904
[PASSED]
[time 39.56 s, user 36.76 s, sys 2.63 s, maxrss 3400140 KB]
[busy 4136 jiffies]
[exit 0]
--- c2 case 1 rec 1   load 1.06 1.16 1.11
[TEST C2-CoCo(LOUDS-Sparse)]
Processing dataset...
Done!
Building trie...
trie size: 37.777167 MB
Done!
build time: 23684.025471 ms (2368.402547 ns per key)
space cost: 57.044919 MB (24.923306% of original size 228.881836 MB)
Querying trie...
Done!
total time: 9472.388889 ms, avg latency: 947.238889 ns
topology: 6.873493 MB, link: 30.304507 MB, data: 19.866919 MB
23684.025471,57.044919,947.238889
[PASSED]
[time 42.64 s, user 40.04 s, sys 2.42 s, maxrss 3069032 KB]
[busy 4452 jiffies]
[exit 0]
--- c2 case 1 rec 2   skipped: exit 139 in round 1
--- c2 case 2 rec 0   load 1.03 1.14 1.10
[TEST C2-MARISA]
Processing dataset...
Done!
Building trie...
trie size: 24.434970 MB
Done!
build time: 15425.634407 ms (1542.563441 ns per key)
space cost: 95.269694 MB (41.623965% of original size 228.881836 MB)
Querying trie...
Done!
total time: 7131.821792 ms, avg latency: 713.182179 ns
topology: 8.066944 MB, link: 31.537600 MB, data: 55.337026 MB
--- Unary Path Analysis (Marisa, cutoff=3) ---
  branches: 16819022  |  single-char: 6056704 (36.0%)  short-unary: 587781 (3.5%)  links: 10174537 (60.5%)
  link len: avg=12.30  max=15  total_chars=125137286
  link length distribution (len:count):  3:131739  4:32131  5:8322  6:3155  7:4877  8:17889  9:69612  10:272566  11:1019074  12:3104051  13:4591242  14:919171  15:708
  short unary avg len: 2.00
15425.634407,95.269694,713.182179
[PASSED]
[time 32.00 s, user 29.96 s, sys 1.90 s, maxrss 2244628 KB]
[busy 3341 jiffies]
[exit 0]
--- c2 case 2 rec 1   load 0.93 1.10 1.09
[TEST C2-MARISA]
Processing dataset...
Done!
Building trie...
trie size: 24.434970 MB
trie size: 47.886275 MB
Done!
build time: 17438.392618 ms (1743.839262 ns per key)
space cost: 72.352404 MB (31.611248% of original size 228.881836 MB)
Querying trie...
Done!
total time: 10222.163410 ms, avg latency: 1022.216341 ns
topology: 14.325905 MB, link: 29.140208 MB, data: 28.558166 MB
--- Unary Path Analysis (Marisa, cutoff=3) ---
  branches: 16819022  |  single-char: 6056704 (36.0%)  short-unary: 587781 (3.5%)  links: 10174537 (60.5%)
  link len: avg=12.30  max=15  total_chars=125137286
  link length distribution (len:count):  3:131739  4:32131  5:8322  6:3155  7:4877  8:17889  9:69612  10:272566  11:1019074  12:3104051  13:4591242  14:919171  15:708
  short unary avg len: 2.00
17438.392618,72.352404,1022.216341
[PASSED]
[time 37.14 s, user 35.33 s, sys 1.66 s, maxrss 1666616 KB]
[busy 3883 jiffies]
[exit 0]
--- c2 case 2 rec 2   skipped: exit 139 in round 1
--- c2 case 3 rec 0   load 0.96 1.09 1.08
[TEST FST]
Processing dataset...
Done!
Building trie...
Done!
build time: 12087.820498 ms (1208.782050 ns per key)
space cost: 119.365768 MB (52.151700% of original size 228.881836 MB)
Querying trie...
Done!
total time: 8755.357275 ms, avg latency: 875.535728 ns
not implemented
12087.820498,119.365768,875.535728
[PASSED]
[time 30.33 s, user 29.00 s, sys 1.20 s, maxrss 1689200 KB]
[busy 3166 jiffies]
[exit 0]
--- c2 case 4 rec 0   skipped: exit 134 in round 1
--- c2 case 5 rec 0   load 0.98 1.08 1.08
[TEST MARISA]
Processing dataset...
Done!
Building trie...
Done!
build time: 7750.469382 ms (775.046938 ns per key)
space cost: 147.956710 MB (64.643273% of original size 228.881836 MB)
Querying trie...
Done!
total time: 9214.648420 ms, avg latency: 921.464842 ns
not implemented
7750.469382,147.956710,921.464842
[PASSED]
[time 26.27 s, user 24.55 s, sys 1.61 s, maxrss 1989732 KB]
[busy 2754 jiffies]
[exit 0]
--- c2 case 5 rec 1   load 1.04 1.09 1.08
[TEST MARISA]
Processing dataset...
Done!
Building trie...
Done!
build time: 9719.865718 ms (971.986572 ns per key)
space cost: 65.397814 MB (28.572741% of original size 228.881836 MB)
Querying trie...
Done!
total time: 13661.996414 ms, avg latency: 1366.199641 ns
not implemented
9719.865718,65.397814,1366.199641
[PASSED]
[time 32.62 s, user 30.86 s, sys 1.62 s, maxrss 1910468 KB]
[busy 3415 jiffies]
[exit 0]
--- c2 case 5 rec 2   load 0.94 1.06 1.07
[TEST MARISA]
Processing dataset...
Done!
Building trie...
Done!
build time: 9658.101488 ms (965.810149 ns per key)
space cost: 64.374021 MB (28.125439% of original size 228.881836 MB)
Querying trie...
Done!
total time: 13955.079908 ms, avg latency: 1395.507991 ns
not implemented
9658.101488,64.374021,1395.507991
[PASSED]
[time 32.94 s, user 31.14 s, sys 1.65 s, maxrss 1910700 KB]
[busy 3453 jiffies]
[exit 0]
--- c2 case 6 rec 0   load 0.96 1.05 1.07
[TEST PDT]
Processing dataset...
Done!
Building trie...
dict size: 151384, stream size: 57071972
Done!
build time: 24897.100732 ms (2489.710073 ns per key)
space cost: 67.337972 MB (29.420409% of original size 228.881836 MB)
Querying trie...
Done!
total time: 14339.317557 ms, avg latency: 1433.931756 ns
not implemented
24897.100732,67.337972,1433.931756
[PASSED]
[time 48.76 s, user 46.68 s, sys 1.89 s, maxrss 1636936 KB]
[busy 5093 jiffies]
[exit 0]
--- c2 case 7 rec 0   load 1.06 1.06 1.07
[TEST ART]
Processing dataset...
Done!
Building trie...
Done!
build time: 2198.808134 ms (219.880813 ns per key)
space cost: 332.784225 MB (145.395647% of original size 228.881836 MB)
Querying trie...
Done!
total time: 6135.852882 ms, avg latency: 613.585288 ns
not implemented
2198.808134,332.784225,613.585288
[PASSED]
[time 17.85 s, user 16.49 s, sys 1.29 s, maxrss 2190284 KB]
[busy 1871 jiffies]
[exit 0]
--- c2 case 8 rec 0   load 1.04 1.06 1.07
[TEST CART]
Processing dataset...
Done!
Building trie...
Done!
build time: 2756.724385 ms (275.672438 ns per key)
space cost: 156.509016 MB (68.379833% of original size 228.881836 MB)
Querying trie...
Done!
total time: 7731.269120 ms, avg latency: 773.126912 ns
not implemented
2756.724385,156.509016,773.126912
[PASSED]
[time 19.93 s, user 18.59 s, sys 1.25 s, maxrss 2102484 KB]
[busy 2085 jiffies]
[exit 0]
--- xcdat 7   load 1.03 1.05 1.07
build time: 10864.459219 ms
space cost: 136.369071 MiB (59.580556% of original size 228.881836 MiB)
avg latency: 714.845034 ns
10864.459219,136.369071,714.845034
[time 27.28 s, user 25.47 s, sys 1.69 s, maxrss 1705916 KB]
[busy 2851 jiffies]
[exit 0]
--- xcdat 8   load 1.02 1.05 1.06
build time: 10426.559846 ms
space cost: 135.305025 MiB (59.115668% of original size 228.881836 MiB)
avg latency: 675.266427 ns
10426.559846,135.305025,675.266427
[time 26.50 s, user 24.75 s, sys 1.63 s, maxrss 1704900 KB]
[busy 2768 jiffies]
[exit 0]
--- xcdat 15   load 1.01 1.04 1.06
build time: 10700.743877 ms
space cost: 152.576344 MiB (66.661622% of original size 228.881836 MiB)
avg latency: 566.815335 ns
10700.743877,152.576344,566.815335
[time 25.68 s, user 23.96 s, sys 1.61 s, maxrss 1722468 KB]
[busy 2686 jiffies]
[exit 0]
--- xcdat 16   load 1.00 1.04 1.06
build time: 10469.625906 ms
space cost: 157.761472 MiB (68.927039% of original size 228.881836 MiB)
avg latency: 598.492943 ns
10469.625906,157.761472,598.492943
[time 25.82 s, user 24.07 s, sys 1.63 s, maxrss 1727892 KB]
[busy 2707 jiffies]
[exit 0]

##### numeric-10000000 (10000000 lines, 78888890 bytes)   round 3/3   2026-09-15T18:54:42+03:00
--- lexindex dict32   load 1.00 1.03 1.06
10000000 keys
lexindex DictIndex block 32: build 793 ms, size 23.775 MiB (2.493 B/key), latency cold 327.9 ns, then mean 331.3 / min 328.3 ns
792.955,23.775229,327.931
[time 19.67 s, user 20.80 s, sys 0.72 s, maxrss 1170904 KB]
[busy 2263 jiffies]
[exit 0]
--- lexindex dict256   load 1.00 1.03 1.05
10000000 keys
lexindex DictIndex block 256: build 810 ms, size 20.306 MiB (2.129 B/key), latency cold 341.1 ns, then mean 344.6 / min 340.6 ns
810.235,20.306348,341.059
[time 20.23 s, user 21.52 s, sys 0.73 s, maxrss 1168632 KB]
[busy 2339 jiffies]
[exit 0]
--- lexindex dict1024   load 0.92 1.01 1.05
10000000 keys
lexindex DictIndex block 1024: build 811 ms, size 19.864 MiB (2.083 B/key), latency cold 329.0 ns, then mean 330.3 / min 327.0 ns
810.610,19.863672,329.017
[time 19.67 s, user 20.97 s, sys 0.74 s, maxrss 1167720 KB]
[busy 2273 jiffies]
[exit 0]
--- lexindex string   load 0.94 1.01 1.04
10000000 keys
lexindex StringIndex: build 1882 ms, size 0.000 MiB (0.000 B/key), latency cold 131.2 ns, then mean 131.3 / min 131.1 ns
1882.266,0.000340,131.203
[time 12.72 s, user 12.11 s, sys 0.56 s, maxrss 1125276 KB]
[busy 1343 jiffies]
[exit 0]
--- c2 case 0 rec 0   skipped: exit 139 in round 1
--- c2 case 0 rec 1   skipped: exit 139 in round 1
--- c2 case 0 rec 2   skipped: exit 139 in round 1
--- c2 case 1 rec 0   skipped: exit 139 in round 1
--- c2 case 1 rec 1   skipped: exit 139 in round 1
--- c2 case 1 rec 2   skipped: exit 139 in round 1
--- c2 case 2 rec 0   skipped: exit 139 in round 1
--- c2 case 2 rec 1   skipped: exit 139 in round 1
--- c2 case 2 rec 2   skipped: exit 139 in round 1
--- c2 case 3 rec 0   load 0.95 1.01 1.04
[TEST FST]
Processing dataset...
Done!
Building trie...
Done!
build time: 2493.166679 ms (249.316668 ns per key)
space cost: 14.447110 MB (21.990328% of original size 65.697565 MB)
Querying trie...
Done!
total time: 3669.159748 ms, avg latency: 366.915975 ns
not implemented
2493.166679,14.447110,366.915975
[PASSED]
[time 10.03 s, user 9.35 s, sys 0.64 s, maxrss 661296 KB]
[busy 1050 jiffies]
[exit 0]
--- c2 case 4 rec 0   load 0.88 0.99 1.04
[TEST COCO]
Processing dataset...
Done!
Building trie...
num nodes = 90001, average depth = 1.000033
ef = 0.000000, pa = 0.000000, bv = 0.000011, de = 0.999989
efr = 0.000000, par = 0.000000, bvr = 0.000000, der = 0.000000
Done!
build time: 7258.866640 ms (725.886664 ns per key)
space cost: 4.854946 MB (7.389841% of original size 65.697565 MB)
Querying trie...
Done!
total time: 2886.569042 ms, avg latency: 288.656904 ns
not implemented
7258.866640,4.854946,288.656904
[PASSED]
[time 14.25 s, user 11.81 s, sys 2.38 s, maxrss 4905500 KB]
[busy 1498 jiffies]
[exit 0]
--- c2 case 5 rec 0   load 0.91 0.99 1.04
[TEST MARISA]
Processing dataset...
Done!
Building trie...
Done!
build time: 1651.232570 ms (165.123257 ns per key)
space cost: 15.797803 MB (24.046253% of original size 65.697565 MB)
Querying trie...
Done!
total time: 2641.430130 ms, avg latency: 264.143013 ns
not implemented
1651.232570,15.797803,264.143013
[PASSED]
[time 8.18 s, user 7.36 s, sys 0.78 s, maxrss 977516 KB]
[busy 860 jiffies]
[exit 0]
--- c2 case 5 rec 1   load 0.84 0.97 1.03
[TEST MARISA]
Processing dataset...
Done!
Building trie...
Done!
build time: 1643.820910 ms (164.382091 ns per key)
space cost: 15.797803 MB (24.046253% of original size 65.697565 MB)
Querying trie...
Done!
total time: 2610.124383 ms, avg latency: 261.012438 ns
not implemented
1643.820910,15.797803,261.012438
[PASSED]
[time 8.11 s, user 7.27 s, sys 0.80 s, maxrss 977812 KB]
[busy 852 jiffies]
[exit 0]
--- c2 case 5 rec 2   load 0.86 0.97 1.03
[TEST MARISA]
Processing dataset...
Done!
Building trie...
Done!
build time: 1658.755519 ms (165.875552 ns per key)
space cost: 15.797803 MB (24.046253% of original size 65.697565 MB)
Querying trie...
Done!
total time: 2610.262633 ms, avg latency: 261.026263 ns
not implemented
1658.755519,15.797803,261.026263
[PASSED]
[time 8.18 s, user 7.37 s, sys 0.77 s, maxrss 977724 KB]
[busy 860 jiffies]
[exit 0]
--- c2 case 6 rec 0   load 0.88 0.97 1.03
[TEST PDT]
Processing dataset...
Done!
Building trie...
dict size: 130, stream size: 2965758
Done!
build time: 1200.258946 ms (120.025895 ns per key)
space cost: 15.594018 MB (23.736067% of original size 65.697565 MB)
Querying trie...
Done!
total time: 6741.992300 ms, avg latency: 674.199230 ns
not implemented
1200.258946,15.594018,674.199230
[PASSED]
[time 11.77 s, user 11.02 s, sys 0.70 s, maxrss 687284 KB]
[busy 1236 jiffies]
[exit 0]
--- c2 case 7 rec 0   load 0.91 0.98 1.03
[TEST ART]
Processing dataset...
Done!
Building trie...
Done!
build time: 645.381961 ms (64.538196 ns per key)
space cost: 200.653076 MB (305.419350% of original size 65.697565 MB)
Querying trie...
Done!
total time: 1525.515063 ms, avg latency: 152.551506 ns
not implemented
645.381961,200.653076,152.551506
[PASSED]
[time 6.01 s, user 5.26 s, sys 0.72 s, maxrss 924740 KB]
[busy 634 jiffies]
[exit 0]
--- c2 case 8 rec 0   load 0.91 0.98 1.03
[TEST CART]
Processing dataset...
Done!
Building trie...
Done!
build time: 831.145843 ms (83.114584 ns per key)
space cost: 111.770621 MB (170.129016% of original size 65.697565 MB)
Querying trie...
Done!
total time: 2124.846866 ms, avg latency: 212.484687 ns
not implemented
831.145843,111.770621,212.484687
[PASSED]
[time 6.82 s, user 6.04 s, sys 0.74 s, maxrss 940248 KB]
[busy 717 jiffies]
[exit 0]
--- xcdat 7   load 0.93 0.98 1.02
build time: 2780.292082 ms
space cost: 52.854505 MiB (80.451238% of original size 65.697565 MiB)
avg latency: 356.576196 ns
2780.292082,52.854505,356.576196
[time 10.22 s, user 9.43 s, sys 0.74 s, maxrss 747372 KB]
[busy 1068 jiffies]
[exit 0]
--- xcdat 8   load 0.94 0.98 1.02
build time: 1792.390166 ms
space cost: 46.072033 MiB (70.127459% of original size 65.697565 MiB)
avg latency: 314.336634 ns
1792.390166,46.072033,314.336634
[time 8.84 s, user 8.07 s, sys 0.73 s, maxrss 731468 KB]
[busy 926 jiffies]
[exit 0]
--- xcdat 15   load 0.95 0.98 1.02
build time: 2104.163333 ms
space cost: 67.281871 MiB (102.411514% of original size 65.697565 MiB)
avg latency: 205.178602 ns
2104.163333,67.281871,205.178602
[time 8.01 s, user 7.27 s, sys 0.70 s, maxrss 775804 KB]
[busy 841 jiffies]
[exit 0]
--- xcdat 16   load 1.04 1.00 1.03
build time: 1795.665052 ms
space cost: 71.808467 MiB (109.301565% of original size 65.697565 MiB)
avg latency: 241.913072 ns
1795.665052,71.808467,241.913072
[time 8.16 s, user 7.42 s, sys 0.70 s, maxrss 783560 KB]
[busy 857 jiffies]
[exit 0]

##### opaque-10000000 (10000000 lines, 170000000 bytes)   round 3/3   2026-09-15T18:57:59+03:00
--- lexindex dict32   load 0.95 0.98 1.02
10000000 keys
lexindex DictIndex block 32: build 1562 ms, size 130.296 MiB (13.663 B/key), latency cold 686.2 ns, then mean 682.8 / min 682.0 ns
1561.819,130.296104,686.229
[time 34.82 s, user 42.80 s, sys 2.41 s, maxrss 1461260 KB]
[busy 4706 jiffies]
[exit 0]
--- lexindex dict256   load 0.97 0.98 1.02
10000000 keys
lexindex DictIndex block 256: build 1527 ms, size 127.485 MiB (13.368 B/key), latency cold 685.6 ns, then mean 686.9 / min 686.6 ns
1526.831,127.484571,685.608
[time 34.91 s, user 42.48 s, sys 1.94 s, maxrss 1454708 KB]
[busy 4638 jiffies]
[exit 0]
--- lexindex dict1024   load 0.99 0.99 1.01
10000000 keys
lexindex DictIndex block 1024: build 1573 ms, size 127.109 MiB (13.328 B/key), latency cold 669.7 ns, then mean 675.2 / min 674.0 ns
1573.004,127.109295,669.707
[time 34.45 s, user 42.50 s, sys 2.28 s, maxrss 1448416 KB]
[busy 4674 jiffies]
[exit 0]
--- lexindex string   load 0.99 0.99 1.01
10000000 keys
lexindex StringIndex: build 11219 ms, size 204.743 MiB (21.469 B/key), latency cold 649.7 ns, then mean 650.3 / min 649.9 ns
11218.665,204.742606,649.746
[time 42.99 s, user 41.95 s, sys 0.86 s, maxrss 1501072 KB]
[busy 4489 jiffies]
[exit 0]
--- c2 case 0 rec 0   load 1.00 1.00 1.01
[TEST C2-FST]
Processing dataset...
Done!
Building trie...
Done!
build time: 12597.090843 ms (1259.709084 ns per key)
space cost: 168.524103 MB (110.443956% of original size 152.587891 MB)
Querying trie...
Done!
total time: 6956.890016 ms, avg latency: 695.689002 ns
topology: 7.322502 MB, link: 33.678872 MB, data: 127.522729 MB
--- Unary Path Analysis (FST, cutoff=4) ---
  shared unary steps in main trie: 26453
  terminal suffixes: inplace=0 (avg len=0.00)  links=10000000 (100.0% of terminal)
  link len: avg=10.54  max=11  total_chars=105416542
  link length distribution (len:count):  8:18  9:1442  10:92299  11:4394462  12:5511779
12597.090843,168.524103,695.689002
[PASSED]
[time 28.59 s, user 26.66 s, sys 1.81 s, maxrss 2353612 KB]
[busy 2992 jiffies]
[exit 0]
--- c2 case 0 rec 1   load 1.06 1.01 1.01
[TEST C2-FST]
Processing dataset...
Done!
Building trie...
trie size: 46.253762 MB
Done!
build time: 23778.736232 ms (2377.873623 ns per key)
space cost: 168.524103 MB (110.443956% of original size 152.587891 MB)
Querying trie...
Done!
total time: 6923.333659 ms, avg latency: 692.333366 ns
topology: 7.322502 MB, link: 33.678872 MB, data: 127.522729 MB
--- Unary Path Analysis (FST, cutoff=4) ---
  shared unary steps in main trie: 26453
  terminal suffixes: inplace=0 (avg len=0.00)  links=10000000 (100.0% of terminal)
  link len: avg=10.54  max=11  total_chars=105416542
  link length distribution (len:count):  8:18  9:1442  10:92299  11:4394462  12:5511779
23778.736232,168.524103,692.333366
[PASSED]
[time 39.84 s, user 37.36 s, sys 2.31 s, maxrss 2822224 KB]
[busy 4161 jiffies]
[exit 0]
--- c2 case 0 rec 2   load 1.03 1.01 1.01
[TEST C2-FST]
Processing dataset...
Done!
Building trie...
trie size: 46.253762 MB
Done!
build time: 23743.152615 ms (2374.315261 ns per key)
space cost: 168.524103 MB (110.443956% of original size 152.587891 MB)
Querying trie...
Done!
total time: 6960.828047 ms, avg latency: 696.082805 ns
topology: 7.322502 MB, link: 33.678872 MB, data: 127.522729 MB
--- Unary Path Analysis (FST, cutoff=4) ---
  shared unary steps in main trie: 26453
  terminal suffixes: inplace=0 (avg len=0.00)  links=10000000 (100.0% of terminal)
  link len: avg=10.54  max=11  total_chars=105416542
  link length distribution (len:count):  8:18  9:1442  10:92299  11:4394462  12:5511779
23743.152615,168.524103,696.082805
[PASSED]
[time 39.79 s, user 37.36 s, sys 2.26 s, maxrss 2822532 KB]
[busy 4155 jiffies]
[exit 0]
--- c2 case 1 rec 0   load 1.01 1.00 1.00
[TEST C2-CoCo(LOUDS-Sparse)]
Processing dataset...
Done!
Building trie...
Done!
build time: 15309.501365 ms (1530.950137 ns per key)
space cost: 161.439246 MB (105.800824% of original size 152.587891 MB)
Querying trie...
Done!
total time: 7236.324394 ms, avg latency: 723.632439 ns
topology: 3.310211 MB, link: 34.003298 MB, data: 124.125737 MB
15309.501365,161.439246,723.632439
[PASSED]
[time 31.61 s, user 29.09 s, sys 2.38 s, maxrss 3322120 KB]
[busy 3307 jiffies]
[exit 0]
--- c2 case 1 rec 1   load 0.93 0.98 0.99
[TEST C2-CoCo(LOUDS-Sparse)]
Processing dataset...
Done!
Building trie...
trie size: 46.253762 MB
Done!
build time: 26531.292014 ms (2653.129201 ns per key)
space cost: 161.439246 MB (105.800824% of original size 152.587891 MB)
Querying trie...
Done!
total time: 7179.311322 ms, avg latency: 717.931132 ns
topology: 3.310211 MB, link: 34.003298 MB, data: 124.125737 MB
26531.292014,161.439246,717.931132
[PASSED]
[time 42.73 s, user 39.82 s, sys 2.74 s, maxrss 3790972 KB]
[busy 4469 jiffies]
[exit 0]
--- c2 case 1 rec 2   load 0.96 0.99 1.00
[TEST C2-CoCo(LOUDS-Sparse)]
Processing dataset...
Done!
Building trie...
trie size: 46.253762 MB
Done!
build time: 26441.365253 ms (2644.136525 ns per key)
space cost: 161.439246 MB (105.800824% of original size 152.587891 MB)
Querying trie...
Done!
total time: 7260.767533 ms, avg latency: 726.076753 ns
topology: 3.310211 MB, link: 34.003298 MB, data: 124.125737 MB
26441.365253,161.439246,726.076753
[PASSED]
[time 42.79 s, user 39.73 s, sys 2.88 s, maxrss 3791296 KB]
[busy 4465 jiffies]
[exit 0]
--- c2 case 2 rec 0   load 0.98 0.99 1.00
[TEST C2-MARISA]
Processing dataset...
Done!
Building trie...
trie size: 18.021462 MB
Done!
build time: 11245.274175 ms (1124.527417 ns per key)
space cost: 165.523580 MB (108.477533% of original size 152.587891 MB)
Querying trie...
Done!
total time: 5719.507689 ms, avg latency: 571.950769 ns
topology: 5.929127 MB, link: 32.190027 MB, data: 127.076301 MB
--- Unary Path Analysis (Marisa, cutoff=3) ---
  branches: 12335636  |  single-char: 2309593 (18.7%)  short-unary: 25639 (0.2%)  links: 10000404 (81.1%)
  link len: avg=12.54  max=13  total_chars=125417760
  link length distribution (len:count):  3:398  4:6  9:18  10:1442  11:92299  12:4394462  13:5511779
  short unary avg len: 2.00
11245.274175,165.523580,571.950769
[PASSED]
[time 26.03 s, user 24.04 s, sys 1.88 s, maxrss 2275796 KB]
[busy 2732 jiffies]
[exit 0]
--- c2 case 2 rec 1   load 0.98 0.99 1.00
[TEST C2-MARISA]
Processing dataset...
Done!
Building trie...
trie size: 18.021462 MB
trie size: 46.255407 MB
Done!
build time: 22262.963149 ms (2226.296315 ns per key)
space cost: 165.523580 MB (108.477533% of original size 152.587891 MB)
Querying trie...
Done!
total time: 5712.075471 ms, avg latency: 571.207547 ns
topology: 5.929127 MB, link: 32.190027 MB, data: 127.076301 MB
--- Unary Path Analysis (Marisa, cutoff=3) ---
  branches: 12335636  |  single-char: 2309593 (18.7%)  short-unary: 25639 (0.2%)  links: 10000404 (81.1%)
  link len: avg=12.54  max=13  total_chars=125417760
  link length distribution (len:count):  3:398  4:6  9:18  10:1442  11:92299  12:4394462  13:5511779
  short unary avg len: 2.00
22262.963149,165.523580,571.207547
[PASSED]
[time 37.01 s, user 34.64 s, sys 2.22 s, maxrss 2779056 KB]
[busy 3872 jiffies]
[exit 0]
--- c2 case 2 rec 2   load 0.99 1.00 1.00
[TEST C2-MARISA]
Processing dataset...
Done!
Building trie...
trie size: 18.021462 MB
trie size: 46.255407 MB
Done!
build time: 22211.377055 ms (2221.137705 ns per key)
space cost: 165.523580 MB (108.477533% of original size 152.587891 MB)
Querying trie...
Done!
total time: 5718.382825 ms, avg latency: 571.838282 ns
topology: 5.929127 MB, link: 32.190027 MB, data: 127.076301 MB
--- Unary Path Analysis (Marisa, cutoff=3) ---
  branches: 12335636  |  single-char: 2309593 (18.7%)  short-unary: 25639 (0.2%)  links: 10000404 (81.1%)
  link len: avg=12.54  max=13  total_chars=125417760
  link length distribution (len:count):  3:398  4:6  9:18  10:1442  11:92299  12:4394462  13:5511779
  short unary avg len: 2.00
22211.377055,165.523580,571.838282
[PASSED]
[time 36.99 s, user 34.62 s, sys 2.22 s, maxrss 2778804 KB]
[busy 3871 jiffies]
[exit 0]
--- c2 case 3 rec 0   load 1.00 1.00 1.00
[TEST FST]
Processing dataset...
Done!
Building trie...
Done!
build time: 8757.027523 ms (875.702752 ns per key)
space cost: 166.730864 MB (109.268739% of original size 152.587891 MB)
Querying trie...
Done!
total time: 5513.698454 ms, avg latency: 551.369845 ns
not implemented
8757.027523,166.730864,551.369845
[PASSED]
[time 23.37 s, user 22.14 s, sys 1.12 s, maxrss 1424924 KB]
[busy 2445 jiffies]
[exit 0]
--- c2 case 4 rec 0   skipped: exit 134 in round 1
--- c2 case 5 rec 0   load 0.92 0.98 0.99
[TEST MARISA]
Processing dataset...
Done!
Building trie...
Done!
build time: 6139.425305 ms (613.942530 ns per key)
space cost: 172.390432 MB (112.977794% of original size 152.587891 MB)
Querying trie...
Done!
total time: 9344.663525 ms, avg latency: 934.466352 ns
not implemented
6139.425305,172.390432,934.466352
[PASSED]
[time 24.43 s, user 22.81 s, sys 1.52 s, maxrss 1756236 KB]
[busy 2563 jiffies]
[exit 0]
--- c2 case 5 rec 1   load 0.95 0.99 1.00
[TEST MARISA]
Processing dataset...
Done!
Building trie...
Done!
build time: 9499.445678 ms (949.944568 ns per key)
space cost: 174.772559 MB (114.538944% of original size 152.587891 MB)
Querying trie...
Done!
total time: 19679.320666 ms, avg latency: 1967.932067 ns
not implemented
9499.445678,174.772559,1967.932067
[PASSED]
[time 38.16 s, user 36.20 s, sys 1.80 s, maxrss 1745648 KB]
[busy 4000 jiffies]
[exit 0]
--- c2 case 5 rec 2   load 0.89 0.97 0.99
[TEST MARISA]
Processing dataset...
Done!
Building trie...
Done!
build time: 12626.393094 ms (1262.639309 ns per key)
space cost: 174.781183 MB (114.544596% of original size 152.587891 MB)
Querying trie...
Done!
total time: 31611.657178 ms, avg latency: 3161.165718 ns
not implemented
12626.393094,174.781183,3161.165718
[PASSED]
[time 53.19 s, user 50.99 s, sys 1.98 s, maxrss 1801808 KB]
[busy 5570 jiffies]
[exit 0]
--- c2 case 6 rec 0   load 1.04 1.00 1.00
[TEST PDT]
Processing dataset...
Done!
Building trie...
dict size: 177886, stream size: 123770486
Done!
build time: 115156.544216 ms (11515.654422 ns per key)
space cost: 130.971906 MB (85.833748% of original size 152.587891 MB)
Querying trie...
Done!
total time: 9399.838923 ms, avg latency: 939.983892 ns
not implemented
115156.544216,130.971906,939.983892
[PASSED]
[time 133.53 s, user 131.17 s, sys 1.85 s, maxrss 2154076 KB]
[busy 13933 jiffies]
[exit 0]
--- c2 case 7 rec 0   load 1.03 1.01 1.00
[TEST ART]
Processing dataset...
Done!
Building trie...
Done!
build time: 1575.515764 ms (157.551576 ns per key)
space cost: 281.783142 MB (184.669400% of original size 152.587891 MB)
Querying trie...
Done!
total time: 2623.497178 ms, avg latency: 262.349718 ns
not implemented
1575.515764,281.783142,262.349718
[PASSED]
[time 13.28 s, user 12.13 s, sys 1.09 s, maxrss 1719308 KB]
[busy 1395 jiffies]
[exit 0]
--- c2 case 8 rec 0   load 1.02 1.01 1.00
[TEST CART]
Processing dataset...
Done!
Building trie...
Done!
build time: 1967.190618 ms (196.719062 ns per key)
space cost: 110.237770 MB (72.245425% of original size 152.587891 MB)
Querying trie...
Done!
total time: 3559.100035 ms, avg latency: 355.910004 ns
not implemented
1967.190618,110.237770,355.910004
[PASSED]
[time 14.58 s, user 13.47 s, sys 1.05 s, maxrss 1556668 KB]
[busy 1528 jiffies]
[exit 0]
--- xcdat 7   load 1.02 1.01 1.00
build time: 10223.965420 ms
space cost: 200.245496 MiB (131.232888% of original size 152.587891 MiB)
avg latency: 404.934604 ns
10223.965420,200.245496,404.934604
[time 23.41 s, user 21.73 s, sys 1.57 s, maxrss 1677684 KB]
[busy 2459 jiffies]
[exit 0]
--- xcdat 8   load 1.08 1.02 1.00
build time: 10452.734683 ms
space cost: 194.729631 MiB (127.618011% of original size 152.587891 MiB)
avg latency: 411.785884 ns
10452.734683,194.729631,411.785884
[time 23.70 s, user 21.90 s, sys 1.69 s, maxrss 1658792 KB]
[busy 2480 jiffies]
[exit 0]
--- xcdat 15   load 1.05 1.02 1.00
build time: 10664.528088 ms
space cost: 206.548369 MiB (135.363539% of original size 152.587891 MiB)
avg latency: 345.712494 ns
10664.528088,206.548369,345.712494
[time 23.31 s, user 21.57 s, sys 1.64 s, maxrss 1675312 KB]
[busy 2437 jiffies]
[exit 0]
--- xcdat 16   load 1.03 1.02 1.00
build time: 10407.499523 ms
space cost: 209.774417 MiB (137.477762% of original size 152.587891 MiB)
avg latency: 358.516173 ns
10407.499523,209.774417,358.516173
[time 23.11 s, user 21.40 s, sys 1.61 s, maxrss 1681472 KB]
[busy 2411 jiffies]
[exit 0]

##### titles-en-10000000 (10000000 lines, 219718589 bytes)   round 3/3   2026-09-15T19:12:50+03:00
--- lexindex dict32   load 1.09 1.03 1.00
10000000 keys
lexindex DictIndex block 32: build 1195 ms, size 78.286 MiB (8.209 B/key), latency cold 666.3 ns, then mean 664.6 / min 664.3 ns
1194.861,78.285635,666.338
[time 34.21 s, user 39.61 s, sys 1.30 s, maxrss 1564336 KB]
[busy 4269 jiffies]
[exit 0]
--- lexindex dict256   load 1.11 1.04 1.01
10000000 keys
lexindex DictIndex block 256: build 1192 ms, size 72.979 MiB (7.652 B/key), latency cold 687.8 ns, then mean 687.1 / min 686.7 ns
1192.297,72.979122,687.849
[time 35.10 s, user 40.70 s, sys 1.22 s, maxrss 1556728 KB]
[busy 4381 jiffies]
[exit 0]
--- lexindex dict1024   load 1.06 1.04 1.00
10000000 keys
lexindex DictIndex block 1024: build 1203 ms, size 72.351 MiB (7.587 B/key), latency cold 664.7 ns, then mean 665.1 / min 664.7 ns
1202.838,72.351329,664.656
[time 34.23 s, user 39.78 s, sys 1.25 s, maxrss 1555980 KB]
[busy 4290 jiffies]
[exit 0]
--- lexindex string   load 1.03 1.03 1.00
10000000 keys
lexindex StringIndex: build 8300 ms, size 126.354 MiB (13.249 B/key), latency cold 858.6 ns, then mean 861.6 / min 859.7 ns
8300.351,126.354340,858.610
[time 49.03 s, user 47.98 s, sys 0.85 s, maxrss 1571428 KB]
[busy 5124 jiffies]
[exit 0]
--- c2 case 0 rec 0   load 1.01 1.02 1.00
[TEST C2-FST]
Processing dataset...
Done!
Building trie...
Done!
build time: 10634.437484 ms (1063.443748 ns per key)
space cost: 86.858212 MB (43.428404% of original size 200.003232 MB)
Querying trie...
Done!
total time: 12062.932232 ms, avg latency: 1206.293223 ns
topology: 11.274200 MB, link: 21.160836 MB, data: 54.423176 MB
--- Unary Path Analysis (FST, cutoff=4) ---
  shared unary steps in main trie: 9042618
  terminal suffixes: inplace=1798982 (avg len=2.14)  links=6599643 (78.6% of terminal)
  link len: avg=9.93  max=234  total_chars=65543603
  link length distribution (len:count):  4:783104  5:760158  6:695828  7:589022  8:475587  9:402890  10:359960  11:287809  12:252754  13:211229  14:291790  15:204192  16:188465  17:134915  18:119234  19:103940  20:94864  21:79457  22:68801  23:57526  24:51335  25:45253  26:43170  27:36068  28:31115  29:26944  30:23808  31:20749  32:18599  33:16316  34:14256  35:12616  36:11654  37:10097  38:8350  39:7410  40:6438  41:5768  42:5227  43:4358  44:3828  45:3564  46:3239  47:2673  48:2418  49:2015  50:1930  51:1676  52:1473  53:1343  54:1226  55:1070  56:979  57:898  58:769  59:736  60:626  61:563  62:597  63:542  64:428  65:419  66:401  67:383  68:320  69:311  70:276  71:263  72:227  73:216  74:189  75:189  76:152  77:176  78:161  79:141  80:122  81:127  82:110  83:97  84:90  85:90  86:88  87:88  88:62  89:58  90:57  91:55  92:60  93:54  94:47  95:39  96:52  97:43  98:41  99:43  100:34  101:29  102:20  103:25  104:38  105:22  106:19  107:21  108:27  109:17  110:17  111:15  112:20  113:20  114:14  115:18  116:19  117:10  118:15  119:19  120:13  121:11  122:5  123:13  124:11  125:8  126:8  127:8  128:10  129:12  130:6  131:9  132:1  133:8  134:7  135:4  136:6  137:4  138:7  139:6  140:3  141:3  142:1  143:5  144:3  145:5  146:2  147:3  148:3  149:8  150:6  151:3  152:5  153:5  154:4  155:5  156:4  157:2  158:2  159:3  160:6  162:6  163:1  164:1  165:3  166:3  167:6  168:2  169:1  170:1  171:3  172:1  173:1  174:3  175:1  176:1  177:2  178:2  179:4  180:1  182:1  184:2  185:1  188:2  189:1  191:1  193:4  194:1  195:1  198:3  199:2  200:1  201:1  204:3  205:2  206:1  208:1  209:4  210:1  211:1  213:1  214:1  215:1  217:1  223:1  224:2  228:1  229:1  230:1  231:1  233:1  235:1
10634.437484,86.858212,1206.293223
[PASSED]
[time 30.55 s, user 29.03 s, sys 1.39 s, maxrss 1461944 KB]
[busy 3196 jiffies]
[exit 0]
--- c2 case 0 rec 1   load 1.06 1.04 1.00
[TEST C2-FST]
Processing dataset...
Done!
Building trie...
trie size: 22.733012 MB
Done!
build time: 12512.758050 ms (1251.275805 ns per key)
space cost: 75.770544 MB (37.884660% of original size 200.003232 MB)
Querying trie...
Done!
total time: 14556.544480 ms, avg latency: 1455.654448 ns
topology: 13.082478 MB, link: 20.816256 MB, data: 41.871811 MB
--- Unary Path Analysis (FST, cutoff=4) ---
  shared unary steps in main trie: 9042618
  terminal suffixes: inplace=1798982 (avg len=2.14)  links=6599643 (78.6% of terminal)
  link len: avg=9.93  max=234  total_chars=65543603
  link length distribution (len:count):  4:783104  5:760158  6:695828  7:589022  8:475587  9:402890  10:359960  11:287809  12:252754  13:211229  14:291790  15:204192  16:188465  17:134915  18:119234  19:103940  20:94864  21:79457  22:68801  23:57526  24:51335  25:45253  26:43170  27:36068  28:31115  29:26944  30:23808  31:20749  32:18599  33:16316  34:14256  35:12616  36:11654  37:10097  38:8350  39:7410  40:6438  41:5768  42:5227  43:4358  44:3828  45:3564  46:3239  47:2673  48:2418  49:2015  50:1930  51:1676  52:1473  53:1343  54:1226  55:1070  56:979  57:898  58:769  59:736  60:626  61:563  62:597  63:542  64:428  65:419  66:401  67:383  68:320  69:311  70:276  71:263  72:227  73:216  74:189  75:189  76:152  77:176  78:161  79:141  80:122  81:127  82:110  83:97  84:90  85:90  86:88  87:88  88:62  89:58  90:57  91:55  92:60  93:54  94:47  95:39  96:52  97:43  98:41  99:43  100:34  101:29  102:20  103:25  104:38  105:22  106:19  107:21  108:27  109:17  110:17  111:15  112:20  113:20  114:14  115:18  116:19  117:10  118:15  119:19  120:13  121:11  122:5  123:13  124:11  125:8  126:8  127:8  128:10  129:12  130:6  131:9  132:1  133:8  134:7  135:4  136:6  137:4  138:7  139:6  140:3  141:3  142:1  143:5  144:3  145:5  146:2  147:3  148:3  149:8  150:6  151:3  152:5  153:5  154:4  155:5  156:4  157:2  158:2  159:3  160:6  162:6  163:1  164:1  165:3  166:3  167:6  168:2  169:1  170:1  171:3  172:1  173:1  174:3  175:1  176:1  177:2  178:2  179:4  180:1  182:1  184:2  185:1  188:2  189:1  191:1  193:4  194:1  195:1  198:3  199:2  200:1  201:1  204:3  205:2  206:1  208:1  209:4  210:1  211:1  213:1  214:1  215:1  217:1  223:1  224:2  228:1  229:1  230:1  231:1  233:1  235:1
12512.758050,75.770544,1455.654448
[PASSED]
[time 34.91 s, user 33.40 s, sys 1.36 s, maxrss 1338828 KB]
[busy 3651 jiffies]
[exit 0]
--- c2 case 0 rec 2   load 0.99 1.03 1.00
[TEST C2-FST]
Processing dataset...
Done!
Building trie...
trie size: 22.733012 MB
trie size: 3.280537 MB
Done!
build time: 13028.859764 ms (1302.885976 ns per key)
space cost: 75.770544 MB (37.884660% of original size 200.003232 MB)
Querying trie...
Done!
total time: 14549.577546 ms, avg latency: 1454.957755 ns
topology: 13.082478 MB, link: 20.816256 MB, data: 41.871811 MB
--- Unary Path Analysis (FST, cutoff=4) ---
  shared unary steps in main trie: 9042618
  terminal suffixes: inplace=1798982 (avg len=2.14)  links=6599643 (78.6% of terminal)
  link len: avg=9.93  max=234  total_chars=65543603
  link length distribution (len:count):  4:783104  5:760158  6:695828  7:589022  8:475587  9:402890  10:359960  11:287809  12:252754  13:211229  14:291790  15:204192  16:188465  17:134915  18:119234  19:103940  20:94864  21:79457  22:68801  23:57526  24:51335  25:45253  26:43170  27:36068  28:31115  29:26944  30:23808  31:20749  32:18599  33:16316  34:14256  35:12616  36:11654  37:10097  38:8350  39:7410  40:6438  41:5768  42:5227  43:4358  44:3828  45:3564  46:3239  47:2673  48:2418  49:2015  50:1930  51:1676  52:1473  53:1343  54:1226  55:1070  56:979  57:898  58:769  59:736  60:626  61:563  62:597  63:542  64:428  65:419  66:401  67:383  68:320  69:311  70:276  71:263  72:227  73:216  74:189  75:189  76:152  77:176  78:161  79:141  80:122  81:127  82:110  83:97  84:90  85:90  86:88  87:88  88:62  89:58  90:57  91:55  92:60  93:54  94:47  95:39  96:52  97:43  98:41  99:43  100:34  101:29  102:20  103:25  104:38  105:22  106:19  107:21  108:27  109:17  110:17  111:15  112:20  113:20  114:14  115:18  116:19  117:10  118:15  119:19  120:13  121:11  122:5  123:13  124:11  125:8  126:8  127:8  128:10  129:12  130:6  131:9  132:1  133:8  134:7  135:4  136:6  137:4  138:7  139:6  140:3  141:3  142:1  143:5  144:3  145:5  146:2  147:3  148:3  149:8  150:6  151:3  152:5  153:5  154:4  155:5  156:4  157:2  158:2  159:3  160:6  162:6  163:1  164:1  165:3  166:3  167:6  168:2  169:1  170:1  171:3  172:1  173:1  174:3  175:1  176:1  177:2  178:2  179:4  180:1  182:1  184:2  185:1  188:2  189:1  191:1  193:4  194:1  195:1  198:3  199:2  200:1  201:1  204:3  205:2  206:1  208:1  209:4  210:1  211:1  213:1  214:1  215:1  217:1  223:1  224:2  228:1  229:1  230:1  231:1  233:1  235:1
13028.859764,75.770544,1454.957755
[PASSED]
[time 35.47 s, user 33.97 s, sys 1.35 s, maxrss 1364040 KB]
[busy 3718 jiffies]
[exit 0]
--- c2 case 1 rec 0   load 1.00 1.02 1.00
[TEST C2-CoCo(LOUDS-Sparse)]
Processing dataset...
Done!
Building trie...
Done!
build time: 24806.883469 ms (2480.688347 ns per key)
space cost: 98.257762 MB (49.128087% of original size 200.003232 MB)
Querying trie...
Done!
total time: 14849.118633 ms, avg latency: 1484.911863 ns
topology: 4.410110 MB, link: 33.095964 MB, data: 60.751687 MB
24806.883469,98.257762,1484.911863
[PASSED]
[time 47.43 s, user 44.98 s, sys 2.26 s, maxrss 3193668 KB]
[busy 4951 jiffies]
[exit 0]
--- c2 case 1 rec 1   load 1.09 1.05 1.01
[TEST C2-CoCo(LOUDS-Sparse)]
Processing dataset...
Done!
Building trie...
trie size: 22.733012 MB
Done!
build time: 26734.456757 ms (2673.445676 ns per key)
space cost: 87.170093 MB (43.584342% of original size 200.003232 MB)
Querying trie...
Done!
total time: 17236.729152 ms, avg latency: 1723.672915 ns
topology: 6.218388 MB, link: 32.751384 MB, data: 48.200322 MB
26734.456757,87.170093,1723.672915
[PASSED]
[time 51.89 s, user 49.49 s, sys 2.19 s, maxrss 3066288 KB]
[busy 5430 jiffies]
[exit 0]
--- c2 case 1 rec 2   load 1.04 1.04 1.00
[TEST C2-CoCo(LOUDS-Sparse)]
Processing dataset...
Done!
Building trie...
trie size: 22.733012 MB
trie size: 3.280537 MB
Done!
build time: 27103.918972 ms (2710.391897 ns per key)
space cost: 87.170093 MB (43.584342% of original size 200.003232 MB)
Querying trie...
Done!
total time: 17119.852932 ms, avg latency: 1711.985293 ns
topology: 6.218388 MB, link: 32.751384 MB, data: 48.200322 MB
27103.918972,87.170093,1711.985293
[PASSED]
[time 52.04 s, user 49.69 s, sys 2.13 s, maxrss 3089920 KB]
[busy 5435 jiffies]
[exit 0]
--- c2 case 2 rec 0   load 1.01 1.03 1.00
[TEST C2-MARISA]
Processing dataset...
Done!
Building trie...
trie size: 23.317092 MB
Done!
build time: 10501.912843 ms (1050.191284 ns per key)
space cost: 78.192151 MB (39.095444% of original size 200.003232 MB)
Querying trie...
Done!
total time: 8046.657957 ms, avg latency: 804.665796 ns
topology: 7.694263 MB, link: 27.912508 MB, data: 42.257255 MB
--- Unary Path Analysis (Marisa, cutoff=3) ---
  branches: 15080896  |  single-char: 4578086 (30.4%)  short-unary: 1137672 (7.5%)  links: 9365138 (62.1%)
  link len: avg=9.96  max=236  total_chars=93261704
  link length distribution (len:count):  3:947829  4:986562  5:965254  6:903368  7:803217  8:675232  9:535160  10:448828  11:393655  12:313562  13:273926  14:228549  15:306731  16:216481  17:200904  18:144129  19:127804  20:110710  21:100724  22:84358  23:73263  24:61276  25:54434  26:48000  27:45573  28:38180  29:33095  30:28718  31:25581  32:22213  33:19884  34:17374  35:15159  36:13408  37:12318  38:10537  39:8786  40:7764  41:6832  42:6052  43:5427  44:4522  45:3945  46:3695  47:3344  48:2764  49:2509  50:2081  51:1977  52:1721  53:1517  54:1388  55:1255  56:1097  57:1012  58:930  59:785  60:751  61:645  62:578  63:614  64:560  65:436  66:431  67:412  68:392  69:332  70:320  71:285  72:270  73:233  74:225  75:193  76:195  77:155  78:178  79:164  80:147  81:126  82:131  83:112  84:98  85:95  86:92  87:89  88:91  89:63  90:58  91:59  92:55  93:61  94:54  95:48  96:42  97:53  98:43  99:42  100:44  101:35  102:30  103:20  104:25  105:38  106:22  107:19  108:21  109:27  110:17  111:18  112:16  113:20  114:20  115:15  116:18  117:20  118:11  119:16  120:19  121:14  122:12  123:5  124:13  125:12  126:8  127:9  128:8  129:10  130:13  131:6  132:9  133:1  134:8  135:7  136:5  137:7  138:4  139:7  140:6  141:3  142:3  143:1  144:5  145:3  146:5  147:2  148:3  149:3  150:8  151:6  152:3  153:6  154:5  155:4  156:5  157:4  158:2  159:2  160:3  161:6  163:6  164:1  165:1  166:3  167:3  168:6  169:2  170:1  171:1  172:3  173:1  174:1  175:3  176:1  177:1  178:2  179:2  180:4  181:1  183:1  185:3  186:1  189:2  190:1  192:1  194:4  195:2  196:1  199:3  200:3  201:1  202:1  205:3  206:2  207:1  209:1  210:4  211:1  212:1  214:1  215:1  216:1  218:1  224:1  225:2  229:1  230:1  231:1  232:1  234:1  235:1  236:1
  short unary avg len: 2.00
10501.912843,78.192151,804.665796
[PASSED]
[time 26.47 s, user 24.80 s, sys 1.56 s, maxrss 1608332 KB]
[busy 2776 jiffies]
[exit 0]
--- c2 case 2 rec 1   load 1.01 1.03 1.00
[TEST C2-MARISA]
Processing dataset...
Done!
Building trie...
trie size: 23.317092 MB
trie size: 32.530715 MB
Done!
build time: 14356.248483 ms (1435.624848 ns per key)
space cost: 64.832272 MB (32.415612% of original size 200.003232 MB)
Querying trie...
Done!
total time: 10382.564638 ms, avg latency: 1038.256464 ns
topology: 9.978737 MB, link: 28.205211 MB, data: 26.320199 MB
--- Unary Path Analysis (Marisa, cutoff=3) ---
  branches: 15080896  |  single-char: 4578086 (30.4%)  short-unary: 1137672 (7.5%)  links: 9365138 (62.1%)
  link len: avg=9.96  max=236  total_chars=93261704
  link length distribution (len:count):  3:947829  4:986562  5:965254  6:903368  7:803217  8:675232  9:535160  10:448828  11:393655  12:313562  13:273926  14:228549  15:306731  16:216481  17:200904  18:144129  19:127804  20:110710  21:100724  22:84358  23:73263  24:61276  25:54434  26:48000  27:45573  28:38180  29:33095  30:28718  31:25581  32:22213  33:19884  34:17374  35:15159  36:13408  37:12318  38:10537  39:8786  40:7764  41:6832  42:6052  43:5427  44:4522  45:3945  46:3695  47:3344  48:2764  49:2509  50:2081  51:1977  52:1721  53:1517  54:1388  55:1255  56:1097  57:1012  58:930  59:785  60:751  61:645  62:578  63:614  64:560  65:436  66:431  67:412  68:392  69:332  70:320  71:285  72:270  73:233  74:225  75:193  76:195  77:155  78:178  79:164  80:147  81:126  82:131  83:112  84:98  85:95  86:92  87:89  88:91  89:63  90:58  91:59  92:55  93:61  94:54  95:48  96:42  97:53  98:43  99:42  100:44  101:35  102:30  103:20  104:25  105:38  106:22  107:19  108:21  109:27  110:17  111:18  112:16  113:20  114:20  115:15  116:18  117:20  118:11  119:16  120:19  121:14  122:12  123:5  124:13  125:12  126:8  127:9  128:8  129:10  130:13  131:6  132:9  133:1  134:8  135:7  136:5  137:7  138:4  139:7  140:6  141:3  142:3  143:1  144:5  145:3  146:5  147:2  148:3  149:3  150:8  151:6  152:3  153:6  154:5  155:4  156:5  157:4  158:2  159:2  160:3  161:6  163:6  164:1  165:1  166:3  167:3  168:6  169:2  170:1  171:1  172:3  173:1  174:1  175:3  176:1  177:1  178:2  179:2  180:4  181:1  183:1  185:3  186:1  189:2  190:1  192:1  194:4  195:2  196:1  199:3  200:3  201:1  202:1  205:3  206:2  207:1  209:1  210:4  211:1  212:1  214:1  215:1  216:1  218:1  224:1  225:2  229:1  230:1  231:1  232:1  234:1  235:1  236:1
  short unary avg len: 2.00
14356.248483,64.832272,1038.256464
[PASSED]
[time 33.32 s, user 31.56 s, sys 1.60 s, maxrss 1466544 KB]
[busy 4540 jiffies]
[exit 0]
--- c2 case 2 rec 2   load 1.11 1.06 1.01
[TEST C2-MARISA]
Processing dataset...
Done!
Building trie...
trie size: 23.317092 MB
trie size: 32.530715 MB
trie size: 4.028131 MB
Done!
build time: 13408.570802 ms (1340.857080 ns per key)
space cost: 64.832272 MB (32.415612% of original size 200.003232 MB)
Querying trie...
Done!
total time: 10359.847862 ms, avg latency: 1035.984786 ns
topology: 9.978737 MB, link: 28.205211 MB, data: 26.320199 MB
--- Unary Path Analysis (Marisa, cutoff=3) ---
  branches: 15080896  |  single-char: 4578086 (30.4%)  short-unary: 1137672 (7.5%)  links: 9365138 (62.1%)
  link len: avg=9.96  max=236  total_chars=93261704
  link length distribution (len:count):  3:947829  4:986562  5:965254  6:903368  7:803217  8:675232  9:535160  10:448828  11:393655  12:313562  13:273926  14:228549  15:306731  16:216481  17:200904  18:144129  19:127804  20:110710  21:100724  22:84358  23:73263  24:61276  25:54434  26:48000  27:45573  28:38180  29:33095  30:28718  31:25581  32:22213  33:19884  34:17374  35:15159  36:13408  37:12318  38:10537  39:8786  40:7764  41:6832  42:6052  43:5427  44:4522  45:3945  46:3695  47:3344  48:2764  49:2509  50:2081  51:1977  52:1721  53:1517  54:1388  55:1255  56:1097  57:1012  58:930  59:785  60:751  61:645  62:578  63:614  64:560  65:436  66:431  67:412  68:392  69:332  70:320  71:285  72:270  73:233  74:225  75:193  76:195  77:155  78:178  79:164  80:147  81:126  82:131  83:112  84:98  85:95  86:92  87:89  88:91  89:63  90:58  91:59  92:55  93:61  94:54  95:48  96:42  97:53  98:43  99:42  100:44  101:35  102:30  103:20  104:25  105:38  106:22  107:19  108:21  109:27  110:17  111:18  112:16  113:20  114:20  115:15  116:18  117:20  118:11  119:16  120:19  121:14  122:12  123:5  124:13  125:12  126:8  127:9  128:8  129:10  130:13  131:6  132:9  133:1  134:8  135:7  136:5  137:7  138:4  139:7  140:6  141:3  142:3  143:1  144:5  145:3  146:5  147:2  148:3  149:3  150:8  151:6  152:3  153:6  154:5  155:4  156:5  157:4  158:2  159:2  160:3  161:6  163:6  164:1  165:1  166:3  167:3  168:6  169:2  170:1  171:1  172:3  173:1  174:1  175:3  176:1  177:1  178:2  179:2  180:4  181:1  183:1  185:3  186:1  189:2  190:1  192:1  194:4  195:2  196:1  199:3  200:3  201:1  202:1  205:3  206:2  207:1  209:1  210:4  211:1  212:1  214:1  215:1  216:1  218:1  224:1  225:2  229:1  230:1  231:1  232:1  234:1  235:1  236:1
  short unary avg len: 2.00
13408.570802,64.832272,1035.984786
[PASSED]
[time 31.66 s, user 30.03 s, sys 1.49 s, maxrss 1496812 KB]
[busy 3310 jiffies]
[exit 0]
--- c2 case 3 rec 0   load 1.06 1.05 1.01
[TEST FST]
Processing dataset...
Done!
Building trie...
Done!
build time: 9734.484250 ms (973.448425 ns per key)
space cost: 86.740355 MB (43.369476% of original size 200.003232 MB)
Querying trie...
Done!
total time: 14502.125930 ms, avg latency: 1450.212593 ns
not implemented
9734.484250,86.740355,1450.212593
[PASSED]
[time 32.10 s, user 31.02 s, sys 0.94 s, maxrss 1233596 KB]
[busy 3370 jiffies]
[exit 0]
--- c2 case 4 rec 0   skipped: exit 134 in round 1
--- c2 case 5 rec 0   load 1.09 1.06 1.01
[TEST MARISA]
Processing dataset...
Done!
Building trie...
Done!
build time: 6599.302721 ms (659.930272 ns per key)
space cost: 79.225293 MB (39.612006% of original size 200.003232 MB)
Querying trie...
Done!
total time: 10843.148676 ms, avg latency: 1084.314868 ns
not implemented
6599.302721,79.225293,1084.314868
[PASSED]
[time 25.25 s, user 23.76 s, sys 1.38 s, maxrss 1612080 KB]
[busy 2642 jiffies]
[exit 0]
--- c2 case 5 rec 1   load 0.98 1.04 1.00
[TEST MARISA]
Processing dataset...
Done!
Building trie...
Done!
build time: 7713.345085 ms (771.334508 ns per key)
space cost: 58.000221 MB (28.999642% of original size 200.003232 MB)
Querying trie...
Done!
total time: 14357.841567 ms, avg latency: 1435.784157 ns
not implemented
7713.345085,58.000221,1435.784157
[PASSED]
[time 29.86 s, user 28.30 s, sys 1.44 s, maxrss 1612236 KB]
[busy 3144 jiffies]
[exit 0]
--- c2 case 5 rec 2   load 0.99 1.03 1.00
[TEST MARISA]
Processing dataset...
Done!
Building trie...
Done!
build time: 7926.682293 ms (792.668229 ns per key)
space cost: 54.499722 MB (27.249420% of original size 200.003232 MB)
Querying trie...
Done!
total time: 15429.223172 ms, avg latency: 1542.922317 ns
not implemented
7926.682293,54.499722,1542.922317
[PASSED]
[time 31.18 s, user 29.68 s, sys 1.36 s, maxrss 1612280 KB]
[busy 3267 jiffies]
[exit 0]
--- c2 case 6 rec 0   load 1.07 1.04 1.00
[TEST PDT]
Processing dataset...
Done!
Building trie...
dict size: 157532, stream size: 58361417
Done!
build time: 26027.141356 ms (2602.714136 ns per key)
space cost: 68.573545 MB (34.286219% of original size 200.003232 MB)
Querying trie...
Done!
total time: 11138.712980 ms, avg latency: 1113.871298 ns
not implemented
26027.141356,68.573545,1113.871298
[PASSED]
[time 45.01 s, user 43.35 s, sys 1.47 s, maxrss 1317028 KB]
[busy 4707 jiffies]
[exit 0]
--- c2 case 7 rec 0   load 1.09 1.05 1.01
[TEST ART]
Processing dataset...
Done!
Building trie...
Done!
build time: 1975.658644 ms (197.565864 ns per key)
space cost: 339.123360 MB (169.558940% of original size 200.003232 MB)
Querying trie...
Done!
total time: 6704.507253 ms, avg latency: 670.450725 ns
not implemented
1975.658644,339.123360,670.450725
[PASSED]
[time 16.68 s, user 15.48 s, sys 1.13 s, maxrss 1739752 KB]
[busy 1743 jiffies]
[exit 0]
--- c2 case 8 rec 0   load 1.30 1.10 1.02
[TEST CART]
Processing dataset...
Done!
Building trie...
Done!
build time: 2595.886283 ms (259.588628 ns per key)
space cost: 157.938812 MB (78.968130% of original size 200.003232 MB)
Querying trie...
Done!
total time: 8028.903718 ms, avg latency: 802.890372 ns
not implemented
2595.886283,157.938812,802.890372
[PASSED]
[time 18.49 s, user 17.33 s, sys 1.08 s, maxrss 1617616 KB]
[busy 1988 jiffies]
[exit 0]
--- xcdat 7   load 1.36 1.12 1.03
build time: 7431.312935 ms
space cost: 112.423756 MiB (56.210969% of original size 200.003232 MiB)
avg latency: 733.779865 ns
7431.312935,112.423756,733.779865
[time 22.69 s, user 21.17 s, sys 1.42 s, maxrss 1457000 KB]
[busy 2331 jiffies]
[exit 0]
--- xcdat 8   load 1.16 1.10 1.02
build time: 7069.903315 ms
space cost: 108.349843 MiB (54.174046% of original size 200.003232 MiB)
avg latency: 671.866023 ns
7069.903315,108.349843,671.866023
[time 21.70 s, user 20.20 s, sys 1.40 s, maxrss 1452336 KB]
[busy 2238 jiffies]
[exit 0]
--- xcdat 15   load 1.50 1.17 1.05
build time: 7393.083994 ms
space cost: 133.023680 MiB (66.510765% of original size 200.003232 MiB)
avg latency: 582.226070 ns
7393.083994,133.023680,582.226070
[time 21.13 s, user 19.61 s, sys 1.43 s, maxrss 1503044 KB]
[busy 2179 jiffies]
[exit 0]
--- xcdat 16   load 1.25 1.14 1.04
build time: 7093.419354 ms
space cost: 139.139603 MiB (69.568677% of original size 200.003232 MiB)
avg latency: 609.155946 ns
7093.419354,139.139603,609.155946
[time 21.11 s, user 19.57 s, sys 1.44 s, maxrss 1507992 KB]
[busy 2173 jiffies]
[exit 0]

##### urls-10000000 (10000000 lines, 533677969 bytes)   round 3/3   2026-09-15T19:26:17+03:00
--- lexindex dict32   load 1.17 1.13 1.04
10000000 keys
lexindex DictIndex block 32: build 1230 ms, size 102.484 MiB (10.746 B/key), latency cold 1029.3 ns, then mean 1029.2 / min 1028.8 ns
1229.881,102.483859,1029.320
[time 49.51 s, user 54.65 s, sys 1.65 s, maxrss 2154204 KB]
[busy 5792 jiffies]
[exit 0]
--- lexindex dict256   load 1.07 1.11 1.03
10000000 keys
lexindex DictIndex block 256: build 1236 ms, size 89.468 MiB (9.381 B/key), latency cold 966.2 ns, then mean 963.0 / min 962.2 ns
1235.858,89.468317,966.175
[time 46.93 s, user 52.17 s, sys 1.61 s, maxrss 2135356 KB]
[busy 5524 jiffies]
[exit 0]
--- lexindex dict1024   load 1.03 1.09 1.03
10000000 keys
lexindex DictIndex block 1024: build 1232 ms, size 87.989 MiB (9.226 B/key), latency cold 946.0 ns, then mean 945.6 / min 944.8 ns
1232.378,87.988962,946.023
[time 46.19 s, user 51.40 s, sys 1.59 s, maxrss 2131272 KB]
[busy 5459 jiffies]
[exit 0]
--- lexindex string   load 1.01 1.07 1.02
10000000 keys
lexindex StringIndex: build 9327 ms, size 124.922 MiB (13.099 B/key), latency cold 993.4 ns, then mean 990.7 / min 988.3 ns
9327.373,124.921756,993.396
[time 55.97 s, user 54.64 s, sys 1.09 s, maxrss 2136716 KB]
[busy 5748 jiffies]
[exit 0]
--- c2 case 0 rec 0   load 0.92 1.04 1.01
[TEST C2-FST]
Processing dataset...
Done!
Building trie...
Done!
build time: 12111.675528 ms (1211.167553 ns per key)
space cost: 89.769738 MB (17.974862% of original size 499.418229 MB)
Querying trie...
Done!
total time: 15580.364288 ms, avg latency: 1558.036429 ns
topology: 11.665031 MB, link: 21.507524 MB, data: 56.597183 MB
--- Unary Path Analysis (FST, cutoff=4) ---
  shared unary steps in main trie: 10222647
  terminal suffixes: inplace=1703226 (avg len=2.16)  links=6715973 (79.8% of terminal)
  link len: avg=10.80  max=659  total_chars=72556931
  link length distribution (len:count):  4:696901  5:673915  6:668087  7:559938  8:460143  9:408987  10:371411  11:317336  12:286791  13:230146  14:219886  15:194657  16:260212  17:141485  18:132694  19:152516  20:142603  21:91996  22:80093  23:71031  24:65911  25:55655  26:49759  27:43541  28:39655  29:33371  30:31744  31:26630  32:22544  33:19836  34:17416  35:15244  36:14777  37:12475  38:10684  39:9704  40:8252  41:7414  42:7187  43:6077  44:4975  45:4415  46:4008  47:3641  48:3548  49:3129  50:2543  51:2408  52:2048  53:1756  54:1822  55:1758  56:1478  57:1179  58:1174  59:1028  60:1021  61:1008  62:800  63:782  64:703  65:577  66:564  67:679  68:553  69:459  70:394  71:348  72:410  73:498  74:336  75:309  76:287  77:230  78:220  79:262  80:269  81:251  82:214  83:163  84:154  85:231  86:178  87:132  88:144  89:127  90:127  91:212  92:153  93:106  94:107  95:76  96:81  97:157  98:106  99:86  100:109  101:82  102:64  103:107  104:90  105:70  106:58  107:55  108:63  109:130  110:83  111:45  112:41  113:46  114:39  115:60  116:60  117:41  118:52  119:37  120:39  121:51  122:48  123:30  124:24  125:39  126:42  127:48  128:44  129:34  130:23  131:19  132:20  133:26  134:27  135:27  136:16  137:30  138:27  139:16  140:24  141:15  142:13  143:23  144:25  145:30  146:25  147:14  148:7  149:15  150:16  151:9  152:19  153:25  154:20  155:19  156:17  157:10  158:12  159:18  160:5  161:5  162:9  163:10  164:14  165:17  166:11  167:8  168:6  169:2  170:5  171:9  172:11  173:14  174:10  175:6  176:8  177:8  178:8  179:7  180:8  181:5  182:7  183:9  184:6  185:5  186:4  187:6  188:7  189:12  190:7  191:5  192:3  193:7  194:3  195:5  196:2  197:4  198:3  199:6  200:8  201:7  202:9  204:4  205:5  206:5  207:1  208:12  209:3  210:7  211:2  212:2  213:2  214:4  215:2  216:4  217:3  218:6  219:4  220:3  221:3  222:2  223:4  224:2  225:3  226:3  227:3  228:3  229:1  231:4  232:1  233:1  234:2  235:2  236:4  237:4  238:2  239:1  240:1  241:1  242:1  243:5  245:2  246:2  247:2  249:1  250:1  251:1  252:3  254:3  255:6  256:2  257:2  259:1  260:1  261:4  262:3  263:1  264:1  265:1  268:4  270:1  271:1  272:1  273:1  274:1  276:2  280:1  285:1  286:1  287:1  293:1  294:1  300:1  303:1  304:2  305:2  307:1  310:1  318:1  322:1  327:1  328:2  329:3  330:1  333:1  336:1  340:2  347:1  348:1  350:2  352:1  355:1  367:1  379:1  386:1  391:1  419:1  442:1  446:3  449:1  596:1  649:1  660:1
12111.675528,89.769738,1558.036429
[PASSED]
[time 37.67 s, user 35.73 s, sys 1.78 s, maxrss 2073448 KB]
[busy 3876 jiffies]
[exit 0]
--- c2 case 0 rec 1   load 0.96 1.03 1.01
[TEST C2-FST]
Processing dataset...
Done!
Building trie...
trie size: 23.143724 MB
Done!
build time: 14132.857738 ms (1413.285774 ns per key)
space cost: 78.247462 MB (15.667723% of original size 499.418229 MB)
Querying trie...
Done!
total time: 18517.236265 ms, avg latency: 1851.723626 ns
topology: 13.508587 MB, link: 21.314508 MB, data: 43.424367 MB
--- Unary Path Analysis (FST, cutoff=4) ---
  shared unary steps in main trie: 10222647
  terminal suffixes: inplace=1703226 (avg len=2.16)  links=6715973 (79.8% of terminal)
  link len: avg=10.80  max=659  total_chars=72556931
  link length distribution (len:count):  4:696901  5:673915  6:668087  7:559938  8:460143  9:408987  10:371411  11:317336  12:286791  13:230146  14:219886  15:194657  16:260212  17:141485  18:132694  19:152516  20:142603  21:91996  22:80093  23:71031  24:65911  25:55655  26:49759  27:43541  28:39655  29:33371  30:31744  31:26630  32:22544  33:19836  34:17416  35:15244  36:14777  37:12475  38:10684  39:9704  40:8252  41:7414  42:7187  43:6077  44:4975  45:4415  46:4008  47:3641  48:3548  49:3129  50:2543  51:2408  52:2048  53:1756  54:1822  55:1758  56:1478  57:1179  58:1174  59:1028  60:1021  61:1008  62:800  63:782  64:703  65:577  66:564  67:679  68:553  69:459  70:394  71:348  72:410  73:498  74:336  75:309  76:287  77:230  78:220  79:262  80:269  81:251  82:214  83:163  84:154  85:231  86:178  87:132  88:144  89:127  90:127  91:212  92:153  93:106  94:107  95:76  96:81  97:157  98:106  99:86  100:109  101:82  102:64  103:107  104:90  105:70  106:58  107:55  108:63  109:130  110:83  111:45  112:41  113:46  114:39  115:60  116:60  117:41  118:52  119:37  120:39  121:51  122:48  123:30  124:24  125:39  126:42  127:48  128:44  129:34  130:23  131:19  132:20  133:26  134:27  135:27  136:16  137:30  138:27  139:16  140:24  141:15  142:13  143:23  144:25  145:30  146:25  147:14  148:7  149:15  150:16  151:9  152:19  153:25  154:20  155:19  156:17  157:10  158:12  159:18  160:5  161:5  162:9  163:10  164:14  165:17  166:11  167:8  168:6  169:2  170:5  171:9  172:11  173:14  174:10  175:6  176:8  177:8  178:8  179:7  180:8  181:5  182:7  183:9  184:6  185:5  186:4  187:6  188:7  189:12  190:7  191:5  192:3  193:7  194:3  195:5  196:2  197:4  198:3  199:6  200:8  201:7  202:9  204:4  205:5  206:5  207:1  208:12  209:3  210:7  211:2  212:2  213:2  214:4  215:2  216:4  217:3  218:6  219:4  220:3  221:3  222:2  223:4  224:2  225:3  226:3  227:3  228:3  229:1  231:4  232:1  233:1  234:2  235:2  236:4  237:4  238:2  239:1  240:1  241:1  242:1  243:5  245:2  246:2  247:2  249:1  250:1  251:1  252:3  254:3  255:6  256:2  257:2  259:1  260:1  261:4  262:3  263:1  264:1  265:1  268:4  270:1  271:1  272:1  273:1  274:1  276:2  280:1  285:1  286:1  287:1  293:1  294:1  300:1  303:1  304:2  305:2  307:1  310:1  318:1  322:1  327:1  328:2  329:3  330:1  333:1  336:1  340:2  347:1  348:1  350:2  352:1  355:1  367:1  379:1  386:1  391:1  419:1  442:1  446:3  449:1  596:1  649:1  660:1
14132.857738,78.247462,1851.723626
[PASSED]
[time 42.63 s, user 40.72 s, sys 1.73 s, maxrss 2061916 KB]
[busy 4386 jiffies]
[exit 0]
--- c2 case 0 rec 2   load 0.98 1.03 1.01
[TEST C2-FST]
Processing dataset...
Done!
Building trie...
trie size: 23.143724 MB
trie size: 3.515203 MB
Done!
build time: 14661.757348 ms (1466.175735 ns per key)
space cost: 78.247462 MB (15.667723% of original size 499.418229 MB)
Querying trie...
Done!
total time: 18611.847248 ms, avg latency: 1861.184725 ns
topology: 13.508587 MB, link: 21.314508 MB, data: 43.424367 MB
--- Unary Path Analysis (FST, cutoff=4) ---
  shared unary steps in main trie: 10222647
  terminal suffixes: inplace=1703226 (avg len=2.16)  links=6715973 (79.8% of terminal)
  link len: avg=10.80  max=659  total_chars=72556931
  link length distribution (len:count):  4:696901  5:673915  6:668087  7:559938  8:460143  9:408987  10:371411  11:317336  12:286791  13:230146  14:219886  15:194657  16:260212  17:141485  18:132694  19:152516  20:142603  21:91996  22:80093  23:71031  24:65911  25:55655  26:49759  27:43541  28:39655  29:33371  30:31744  31:26630  32:22544  33:19836  34:17416  35:15244  36:14777  37:12475  38:10684  39:9704  40:8252  41:7414  42:7187  43:6077  44:4975  45:4415  46:4008  47:3641  48:3548  49:3129  50:2543  51:2408  52:2048  53:1756  54:1822  55:1758  56:1478  57:1179  58:1174  59:1028  60:1021  61:1008  62:800  63:782  64:703  65:577  66:564  67:679  68:553  69:459  70:394  71:348  72:410  73:498  74:336  75:309  76:287  77:230  78:220  79:262  80:269  81:251  82:214  83:163  84:154  85:231  86:178  87:132  88:144  89:127  90:127  91:212  92:153  93:106  94:107  95:76  96:81  97:157  98:106  99:86  100:109  101:82  102:64  103:107  104:90  105:70  106:58  107:55  108:63  109:130  110:83  111:45  112:41  113:46  114:39  115:60  116:60  117:41  118:52  119:37  120:39  121:51  122:48  123:30  124:24  125:39  126:42  127:48  128:44  129:34  130:23  131:19  132:20  133:26  134:27  135:27  136:16  137:30  138:27  139:16  140:24  141:15  142:13  143:23  144:25  145:30  146:25  147:14  148:7  149:15  150:16  151:9  152:19  153:25  154:20  155:19  156:17  157:10  158:12  159:18  160:5  161:5  162:9  163:10  164:14  165:17  166:11  167:8  168:6  169:2  170:5  171:9  172:11  173:14  174:10  175:6  176:8  177:8  178:8  179:7  180:8  181:5  182:7  183:9  184:6  185:5  186:4  187:6  188:7  189:12  190:7  191:5  192:3  193:7  194:3  195:5  196:2  197:4  198:3  199:6  200:8  201:7  202:9  204:4  205:5  206:5  207:1  208:12  209:3  210:7  211:2  212:2  213:2  214:4  215:2  216:4  217:3  218:6  219:4  220:3  221:3  222:2  223:4  224:2  225:3  226:3  227:3  228:3  229:1  231:4  232:1  233:1  234:2  235:2  236:4  237:4  238:2  239:1  240:1  241:1  242:1  243:5  245:2  246:2  247:2  249:1  250:1  251:1  252:3  254:3  255:6  256:2  257:2  259:1  260:1  261:4  262:3  263:1  264:1  265:1  268:4  270:1  271:1  272:1  273:1  274:1  276:2  280:1  285:1  286:1  287:1  293:1  294:1  300:1  303:1  304:2  305:2  307:1  310:1  318:1  322:1  327:1  328:2  329:3  330:1  333:1  336:1  340:2  347:1  348:1  350:2  352:1  355:1  367:1  379:1  386:1  391:1  419:1  442:1  446:3  449:1  596:1  649:1  660:1
14661.757348,78.247462,1861.184725
[PASSED]
[time 43.27 s, user 41.37 s, sys 1.72 s, maxrss 2061508 KB]
[busy 4444 jiffies]
[exit 0]
--- c2 case 1 rec 0   load 0.99 1.02 1.00
[TEST C2-CoCo(LOUDS-Sparse)]
Processing dataset...
Done!
Building trie...
Done!
build time: 28834.558377 ms (2883.455838 ns per key)
space cost: 94.593055 MB (18.940649% of original size 499.418229 MB)
Querying trie...
Done!
total time: 16252.142705 ms, avg latency: 1625.214271 ns
topology: 4.283638 MB, link: 32.108927 MB, data: 58.200490 MB
28834.558377,94.593055,1625.214271
[PASSED]
[time 55.05 s, user 52.26 s, sys 2.57 s, maxrss 3698456 KB]
[busy 5637 jiffies]
[exit 0]
--- c2 case 1 rec 1   load 1.00 1.02 1.00
[TEST C2-CoCo(LOUDS-Sparse)]
Processing dataset...
Done!
Building trie...
trie size: 23.143724 MB
Done!
build time: 30740.118767 ms (3074.011877 ns per key)
space cost: 83.070779 MB (16.633510% of original size 499.418229 MB)
Querying trie...
Done!
total time: 18504.610276 ms, avg latency: 1850.461028 ns
topology: 6.127193 MB, link: 31.915912 MB, data: 45.027674 MB
30740.118767,83.070779,1850.461028
[PASSED]
[time 59.24 s, user 56.40 s, sys 2.60 s, maxrss 3571532 KB]
[busy 6083 jiffies]
[exit 0]
--- c2 case 1 rec 2   load 1.00 1.01 1.00
[TEST C2-CoCo(LOUDS-Sparse)]
Processing dataset...
Done!
Building trie...
trie size: 23.143724 MB
trie size: 3.515203 MB
Done!
build time: 31300.376872 ms (3130.037687 ns per key)
space cost: 83.070779 MB (16.633510% of original size 499.418229 MB)
Querying trie...
Done!
total time: 18538.784132 ms, avg latency: 1853.878413 ns
topology: 6.127193 MB, link: 31.915912 MB, data: 45.027674 MB
31300.376872,83.070779,1853.878413
[PASSED]
[time 59.82 s, user 57.00 s, sys 2.58 s, maxrss 3593092 KB]
[busy 6142 jiffies]
[exit 0]
--- c2 case 2 rec 0   load 1.00 1.01 1.00
[TEST C2-MARISA]
Processing dataset...
Done!
Building trie...
trie size: 23.210503 MB
Done!
build time: 12049.477824 ms (1204.947782 ns per key)
space cost: 79.565398 MB (15.931617% of original size 499.418229 MB)
Querying trie...
Done!
total time: 9021.668917 ms, avg latency: 902.166892 ns
topology: 7.658741 MB, link: 28.820719 MB, data: 42.757813 MB
--- Unary Path Analysis (Marisa, cutoff=3) ---
  branches: 15006864  |  single-char: 4344202 (28.9%)  short-unary: 992777 (6.6%)  links: 9669885 (64.4%)
  link len: avg=10.53  max=661  total_chars=101846674
  link length distribution (len:count):  3:979135  4:1063854  5:889005  6:816748  7:783836  8:655792  9:527524  10:470175  11:410531  12:348158  13:310501  14:249595  15:236303  16:208521  17:272348  18:152006  19:142197  20:160137  21:150517  22:97740  23:85053  24:75097  25:69397  26:58698  27:52492  28:46035  29:41825  30:35181  31:33558  32:28138  33:24094  34:21147  35:18522  36:16174  37:15646  38:13222  39:11318  40:10241  41:8684  42:7727  43:7580  44:6353  45:5175  46:4565  47:4156  48:3773  49:3667  50:3232  51:2627  52:2472  53:2112  54:1827  55:1870  56:1795  57:1516  58:1219  59:1198  60:1058  61:1063  62:1033  63:824  64:809  65:724  66:596  67:588  68:699  69:566  70:477  71:404  72:358  73:423  74:508  75:343  76:316  77:296  78:242  79:228  80:271  81:278  82:260  83:218  84:168  85:161  86:237  87:180  88:132  89:149  90:129  91:130  92:217  93:157  94:107  95:107  96:78  97:83  98:157  99:108  100:88  101:113  102:83  103:68  104:108  105:90  106:73  107:60  108:55  109:66  110:134  111:84  112:45  113:42  114:46  115:41  116:61  117:60  118:41  119:55  120:38  121:39  122:51  123:48  124:32  125:24  126:41  127:42  128:50  129:45  130:34  131:23  132:21  133:21  134:26  135:27  136:27  137:16  138:30  139:28  140:17  141:24  142:16  143:13  144:23  145:25  146:30  147:25  148:14  149:7  150:15  151:16  152:9  153:20  154:26  155:21  156:19  157:17  158:10  159:13  160:18  161:5  162:5  163:10  164:10  165:15  166:17  167:11  168:8  169:6  170:2  171:5  172:9  173:11  174:14  175:10  176:6  177:8  178:9  179:8  180:7  181:8  182:5  183:7  184:9  185:7  186:5  187:4  188:6  189:7  190:12  191:7  192:5  193:3  194:7  195:3  196:5  197:2  198:4  199:3  200:7  201:8  202:7  203:9  205:4  206:5  207:5  208:2  209:13  210:3  211:8  212:2  213:2  214:2  215:4  216:2  217:4  218:3  219:6  220:5  221:4  222:3  223:2  224:4  225:2  226:3  227:3  228:3  229:3  230:1  232:4  233:1  234:1  235:2  236:2  237:4  238:5  239:2  240:1  241:1  242:2  243:1  244:5  246:2  247:2  248:2  250:1  251:1  252:1  253:3  255:3  256:6  257:2  258:2  260:1  261:1  262:4  263:3  264:1  265:1  266:1  269:4  271:1  272:1  273:1  274:1  275:1  277:2  281:1  286:1  287:1  288:1  294:1  295:1  301:1  304:1  305:2  306:2  308:1  309:1  311:1  319:1  323:1  328:1  329:2  330:3  331:1  334:1  337:1  341:2  348:1  349:1  351:2  353:1  356:1  368:1  380:1  387:1  392:1  420:1  443:1  447:3  450:1  597:1  650:1  661:1
  short unary avg len: 2.00
12049.477824,79.565398,902.166892
[PASSED]
[time 31.10 s, user 29.11 s, sys 1.86 s, maxrss 2063452 KB]
[busy 3200 jiffies]
[exit 0]
--- c2 case 2 rec 1   load 1.06 1.02 1.00
[TEST C2-MARISA]
Processing dataset...
Done!
Building trie...
trie size: 23.210503 MB
trie size: 33.431739 MB
Done!
build time: 14403.682390 ms (1440.368239 ns per key)
space cost: 66.026621 MB (13.220707% of original size 499.418229 MB)
Querying trie...
Done!
total time: 12024.237296 ms, avg latency: 1202.423730 ns
topology: 9.965065 MB, link: 29.247737 MB, data: 26.485694 MB
--- Unary Path Analysis (Marisa, cutoff=3) ---
  branches: 15006864  |  single-char: 4344202 (28.9%)  short-unary: 992777 (6.6%)  links: 9669885 (64.4%)
  link len: avg=10.53  max=661  total_chars=101846674
  link length distribution (len:count):  3:979135  4:1063854  5:889005  6:816748  7:783836  8:655792  9:527524  10:470175  11:410531  12:348158  13:310501  14:249595  15:236303  16:208521  17:272348  18:152006  19:142197  20:160137  21:150517  22:97740  23:85053  24:75097  25:69397  26:58698  27:52492  28:46035  29:41825  30:35181  31:33558  32:28138  33:24094  34:21147  35:18522  36:16174  37:15646  38:13222  39:11318  40:10241  41:8684  42:7727  43:7580  44:6353  45:5175  46:4565  47:4156  48:3773  49:3667  50:3232  51:2627  52:2472  53:2112  54:1827  55:1870  56:1795  57:1516  58:1219  59:1198  60:1058  61:1063  62:1033  63:824  64:809  65:724  66:596  67:588  68:699  69:566  70:477  71:404  72:358  73:423  74:508  75:343  76:316  77:296  78:242  79:228  80:271  81:278  82:260  83:218  84:168  85:161  86:237  87:180  88:132  89:149  90:129  91:130  92:217  93:157  94:107  95:107  96:78  97:83  98:157  99:108  100:88  101:113  102:83  103:68  104:108  105:90  106:73  107:60  108:55  109:66  110:134  111:84  112:45  113:42  114:46  115:41  116:61  117:60  118:41  119:55  120:38  121:39  122:51  123:48  124:32  125:24  126:41  127:42  128:50  129:45  130:34  131:23  132:21  133:21  134:26  135:27  136:27  137:16  138:30  139:28  140:17  141:24  142:16  143:13  144:23  145:25  146:30  147:25  148:14  149:7  150:15  151:16  152:9  153:20  154:26  155:21  156:19  157:17  158:10  159:13  160:18  161:5  162:5  163:10  164:10  165:15  166:17  167:11  168:8  169:6  170:2  171:5  172:9  173:11  174:14  175:10  176:6  177:8  178:9  179:8  180:7  181:8  182:5  183:7  184:9  185:7  186:5  187:4  188:6  189:7  190:12  191:7  192:5  193:3  194:7  195:3  196:5  197:2  198:4  199:3  200:7  201:8  202:7  203:9  205:4  206:5  207:5  208:2  209:13  210:3  211:8  212:2  213:2  214:2  215:4  216:2  217:4  218:3  219:6  220:5  221:4  222:3  223:2  224:4  225:2  226:3  227:3  228:3  229:3  230:1  232:4  233:1  234:1  235:2  236:2  237:4  238:5  239:2  240:1  241:1  242:2  243:1  244:5  246:2  247:2  248:2  250:1  251:1  252:1  253:3  255:3  256:6  257:2  258:2  260:1  261:1  262:4  263:3  264:1  265:1  266:1  269:4  271:1  272:1  273:1  274:1  275:1  277:2  281:1  286:1  287:1  288:1  294:1  295:1  301:1  304:1  305:2  306:2  308:1  309:1  311:1  319:1  323:1  328:1  329:2  330:3  331:1  334:1  337:1  341:2  348:1  349:1  351:2  353:1  356:1  368:1  380:1  387:1  392:1  420:1  443:1  447:3  450:1  597:1  650:1  661:1
  short unary avg len: 2.00
14403.682390,66.026621,1202.423730
[PASSED]
[time 36.41 s, user 34.44 s, sys 1.82 s, maxrss 2049848 KB]
[busy 3750 jiffies]
[exit 0]
--- c2 case 2 rec 2   load 1.03 1.02 1.00
[TEST C2-MARISA]
Processing dataset...
Done!
Building trie...
trie size: 23.210503 MB
trie size: 33.431739 MB
trie size: 4.248938 MB
Done!
build time: 15038.328460 ms (1503.832846 ns per key)
space cost: 66.026621 MB (13.220707% of original size 499.418229 MB)
Querying trie...
Done!
total time: 11994.389459 ms, avg latency: 1199.438946 ns
topology: 9.965065 MB, link: 29.247737 MB, data: 26.485694 MB
--- Unary Path Analysis (Marisa, cutoff=3) ---
  branches: 15006864  |  single-char: 4344202 (28.9%)  short-unary: 992777 (6.6%)  links: 9669885 (64.4%)
  link len: avg=10.53  max=661  total_chars=101846674
  link length distribution (len:count):  3:979135  4:1063854  5:889005  6:816748  7:783836  8:655792  9:527524  10:470175  11:410531  12:348158  13:310501  14:249595  15:236303  16:208521  17:272348  18:152006  19:142197  20:160137  21:150517  22:97740  23:85053  24:75097  25:69397  26:58698  27:52492  28:46035  29:41825  30:35181  31:33558  32:28138  33:24094  34:21147  35:18522  36:16174  37:15646  38:13222  39:11318  40:10241  41:8684  42:7727  43:7580  44:6353  45:5175  46:4565  47:4156  48:3773  49:3667  50:3232  51:2627  52:2472  53:2112  54:1827  55:1870  56:1795  57:1516  58:1219  59:1198  60:1058  61:1063  62:1033  63:824  64:809  65:724  66:596  67:588  68:699  69:566  70:477  71:404  72:358  73:423  74:508  75:343  76:316  77:296  78:242  79:228  80:271  81:278  82:260  83:218  84:168  85:161  86:237  87:180  88:132  89:149  90:129  91:130  92:217  93:157  94:107  95:107  96:78  97:83  98:157  99:108  100:88  101:113  102:83  103:68  104:108  105:90  106:73  107:60  108:55  109:66  110:134  111:84  112:45  113:42  114:46  115:41  116:61  117:60  118:41  119:55  120:38  121:39  122:51  123:48  124:32  125:24  126:41  127:42  128:50  129:45  130:34  131:23  132:21  133:21  134:26  135:27  136:27  137:16  138:30  139:28  140:17  141:24  142:16  143:13  144:23  145:25  146:30  147:25  148:14  149:7  150:15  151:16  152:9  153:20  154:26  155:21  156:19  157:17  158:10  159:13  160:18  161:5  162:5  163:10  164:10  165:15  166:17  167:11  168:8  169:6  170:2  171:5  172:9  173:11  174:14  175:10  176:6  177:8  178:9  179:8  180:7  181:8  182:5  183:7  184:9  185:7  186:5  187:4  188:6  189:7  190:12  191:7  192:5  193:3  194:7  195:3  196:5  197:2  198:4  199:3  200:7  201:8  202:7  203:9  205:4  206:5  207:5  208:2  209:13  210:3  211:8  212:2  213:2  214:2  215:4  216:2  217:4  218:3  219:6  220:5  221:4  222:3  223:2  224:4  225:2  226:3  227:3  228:3  229:3  230:1  232:4  233:1  234:1  235:2  236:2  237:4  238:5  239:2  240:1  241:1  242:2  243:1  244:5  246:2  247:2  248:2  250:1  251:1  252:1  253:3  255:3  256:6  257:2  258:2  260:1  261:1  262:4  263:3  264:1  265:1  266:1  269:4  271:1  272:1  273:1  274:1  275:1  277:2  281:1  286:1  287:1  288:1  294:1  295:1  301:1  304:1  305:2  306:2  308:1  309:1  311:1  319:1  323:1  328:1  329:2  330:3  331:1  334:1  337:1  341:2  348:1  349:1  351:2  353:1  356:1  368:1  380:1  387:1  392:1  420:1  443:1  447:3  450:1  597:1  650:1  661:1
  short unary avg len: 2.00
15038.328460,66.026621,1199.438946
[PASSED]
[time 36.96 s, user 34.96 s, sys 1.84 s, maxrss 2049764 KB]
[busy 3801 jiffies]
[exit 0]
--- c2 case 3 rec 0   load 1.08 1.03 1.00
[TEST FST]
Processing dataset...
Done!
Building trie...
Done!
build time: 15664.652199 ms (1566.465220 ns per key)
space cost: 90.985074 MB (18.218212% of original size 499.418229 MB)
Querying trie...
Done!
total time: 19918.928701 ms, avg latency: 1991.892870 ns
not implemented
15664.652199,90.985074,1991.892870
[PASSED]
[time 45.54 s, user 44.00 s, sys 1.36 s, maxrss 2073548 KB]
[busy 4674 jiffies]
[exit 0]
--- c2 case 4 rec 0   skipped: exit 134 in round 1
--- c2 case 5 rec 0   load 1.04 1.02 1.00
[TEST MARISA]
Processing dataset...
Done!
Building trie...
Done!
build time: 10559.154715 ms (1055.915471 ns per key)
space cost: 82.540893 MB (16.527409% of original size 499.418229 MB)
Querying trie...
Done!
total time: 11147.523701 ms, avg latency: 1114.752370 ns
not implemented
10559.154715,82.540893,1114.752370
[PASSED]
[time 31.42 s, user 29.56 s, sys 1.73 s, maxrss 2342140 KB]
[busy 3231 jiffies]
[exit 0]
--- c2 case 5 rec 1   load 0.94 1.00 0.99
[TEST MARISA]
Processing dataset...
Done!
Building trie...
Done!
build time: 11787.237757 ms (1178.723776 ns per key)
space cost: 59.449470 MB (11.903744% of original size 499.418229 MB)
Querying trie...
Done!
total time: 15135.183761 ms, avg latency: 1513.518376 ns
not implemented
11787.237757,59.449470,1513.518376
[PASSED]
[time 36.65 s, user 34.71 s, sys 1.79 s, maxrss 2342396 KB]
[busy 3773 jiffies]
[exit 0]
--- c2 case 5 rec 2   load 0.97 1.00 1.00
[TEST MARISA]
Processing dataset...
Done!
Building trie...
Done!
build time: 11959.512892 ms (1195.951289 ns per key)
space cost: 55.623455 MB (11.137650% of original size 499.418229 MB)
Querying trie...
Done!
total time: 16210.949015 ms, avg latency: 1621.094902 ns
not implemented
11959.512892,55.623455,1621.094902
[PASSED]
[time 37.89 s, user 35.99 s, sys 1.74 s, maxrss 2342216 KB]
[busy 3892 jiffies]
[exit 0]
--- c2 case 6 rec 0   load 0.98 1.00 1.00
[TEST PDT]
Processing dataset...
Done!
Building trie...
dict size: 156234, stream size: 59837983
Done!
build time: 28111.662850 ms (2811.166285 ns per key)
space cost: 69.980471 MB (14.012398% of original size 499.418229 MB)
Querying trie...
Done!
total time: 11949.288517 ms, avg latency: 1194.928852 ns
not implemented
28111.662850,69.980471,1194.928852
[PASSED]
[time 50.04 s, user 48.04 s, sys 1.80 s, maxrss 2053396 KB]
[busy 5138 jiffies]
[exit 0]
--- c2 case 7 rec 0   load 1.00 1.00 1.00
[TEST ART]
Processing dataset...
Done!
Building trie...
Done!
build time: 3572.095874 ms (357.209587 ns per key)
space cost: 341.430801 MB (68.365707% of original size 499.418229 MB)
Querying trie...
Done!
total time: 8747.184299 ms, avg latency: 874.718430 ns
not implemented
3572.095874,341.430801,874.718430
[PASSED]
[time 22.40 s, user 20.64 s, sys 1.67 s, maxrss 2884800 KB]
[busy 2298 jiffies]
[exit 0]
--- c2 case 8 rec 0   load 1.00 1.00 1.00
[TEST CART]
Processing dataset...
Done!
Building trie...
Done!
build time: 4165.107737 ms (416.510774 ns per key)
space cost: 160.654354 MB (32.168300% of original size 499.418229 MB)
Querying trie...
Done!
total time: 9079.843101 ms, avg latency: 907.984310 ns
not implemented
4165.107737,160.654354,907.984310
[PASSED]
[time 23.28 s, user 21.58 s, sys 1.60 s, maxrss 2766160 KB]
[busy 2390 jiffies]
[exit 0]
--- xcdat 7   load 0.92 0.98 0.99
build time: 12638.880082 ms
space cost: 117.959981 MiB (23.619478% of original size 499.418229 MiB)
avg latency: 873.977845 ns
12638.880082,117.959981,873.977845
[time 31.29 s, user 29.35 s, sys 1.81 s, maxrss 2101864 KB]
[busy 3226 jiffies]
[exit 0]
--- xcdat 8   load 0.95 0.99 1.00
build time: 12276.393932 ms
space cost: 114.082344 MiB (22.843048% of original size 499.418229 MiB)
avg latency: 840.906076 ns
12276.393932,114.082344,840.906076
[time 30.59 s, user 28.72 s, sys 1.75 s, maxrss 2098048 KB]
[busy 3149 jiffies]
[exit 0]
--- xcdat 15   load 0.97 0.99 1.00
build time: 12599.606180 ms
space cost: 140.648740 MiB (28.162516% of original size 499.418229 MiB)
avg latency: 704.969926 ns
12599.606180,140.648740,704.969926
[time 29.58 s, user 27.62 s, sys 1.83 s, maxrss 2125288 KB]
[busy 3045 jiffies]
[exit 0]
--- xcdat 16   load 0.98 0.99 1.00
build time: 12288.824945 ms
space cost: 147.118110 MiB (29.457897% of original size 499.418229 MiB)
avg latency: 752.535848 ns
12288.824945,147.118110,752.535848
[time 29.70 s, user 27.74 s, sys 1.83 s, maxrss 2131764 KB]
[busy 3053 jiffies]
[exit 0]

##### uuid-10000000 (10000000 lines, 370000000 bytes)   round 3/3   2026-09-15T19:42:50+03:00
--- lexindex dict32   load 0.99 0.99 1.00
10000000 keys
lexindex DictIndex block 32: build 2538 ms, size 196.965 MiB (20.653 B/key), latency cold 783.3 ns, then mean 781.8 / min 781.1 ns
2538.263,196.964945,783.277
[time 40.00 s, user 59.93 s, sys 3.23 s, maxrss 1849656 KB]
[busy 6482 jiffies]
[exit 0]
--- lexindex dict256   load 1.66 1.22 1.08
10000000 keys
lexindex DictIndex block 256: build 2558 ms, size 190.505 MiB (19.976 B/key), latency cold 749.1 ns, then mean 749.9 / min 747.5 ns
2558.332,190.504832,749.115
[time 38.71 s, user 58.72 s, sys 3.11 s, maxrss 1847208 KB]
[busy 6339 jiffies]
[exit 0]
--- lexindex dict1024   load 1.34 1.19 1.07
10000000 keys
lexindex DictIndex block 1024: build 2599 ms, size 189.735 MiB (19.895 B/key), latency cold 789.1 ns, then mean 759.9 / min 756.2 ns
2599.070,189.735226,789.108
[time 39.47 s, user 59.54 s, sys 3.27 s, maxrss 1842612 KB]
[busy 6450 jiffies]
[exit 0]
--- lexindex string   load 1.17 1.16 1.07
10000000 keys
lexindex StringIndex: build 24265 ms, size 343.964 MiB (36.067 B/key), latency cold 776.5 ns, then mean 774.2 / min 768.3 ns
24265.432,343.963631,776.510
[time 61.32 s, user 59.88 s, sys 1.19 s, maxrss 1956304 KB]
[busy 6293 jiffies]
[exit 0]
--- c2 case 0 rec 0   load 1.06 1.13 1.06
[TEST C2-FST]
Processing dataset...
Done!
Building trie...
Done!
build time: 13839.110049 ms (1383.911005 ns per key)
space cost: 224.266170 MB (65.322256% of original size 343.322754 MB)
Querying trie...
Done!
total time: 7127.687473 ms, avg latency: 712.768747 ns
topology: 7.652824 MB, link: 34.870965 MB, data: 181.742380 MB
--- Unary Path Analysis (FST, cutoff=4) ---
  shared unary steps in main trie: 126967
  terminal suffixes: inplace=0 (avg len=0.00)  links=10000000 (100.0% of terminal)
  link len: avg=28.51  max=30  total_chars=285103126
  link length distribution (len:count):  23:4  24:94  25:1324  26:21561  28:340409  29:4123330  30:5512548  31:730
13839.110049,224.266170,712.768747
[PASSED]
[time 29.98 s, user 27.66 s, sys 2.19 s, maxrss 3090348 KB]
[busy 3090 jiffies]
[exit 0]
--- c2 case 0 rec 1   load 1.03 1.11 1.06
[TEST C2-FST]
Processing dataset...
Done!
Building trie...
trie size: 47.664446 MB
Done!
build time: 25973.470694 ms (2597.347069 ns per key)
space cost: 224.266170 MB (65.322256% of original size 343.322754 MB)
Querying trie...
Done!
total time: 7056.201441 ms, avg latency: 705.620144 ns
topology: 7.652824 MB, link: 34.870965 MB, data: 181.742380 MB
--- Unary Path Analysis (FST, cutoff=4) ---
  shared unary steps in main trie: 126967
  terminal suffixes: inplace=0 (avg len=0.00)  links=10000000 (100.0% of terminal)
  link len: avg=28.51  max=30  total_chars=285103126
  link length distribution (len:count):  23:4  24:94  25:1324  26:21561  28:340409  29:4123330  30:5512548  31:730
25973.470694,224.266170,705.620144
[PASSED]
[time 42.04 s, user 39.18 s, sys 2.68 s, maxrss 3559612 KB]
[busy 4340 jiffies]
[exit 0]
--- c2 case 0 rec 2   load 1.01 1.10 1.06
[TEST C2-FST]
Processing dataset...
Done!
Building trie...
trie size: 47.664446 MB
Done!
build time: 25947.261497 ms (2594.726150 ns per key)
space cost: 224.266170 MB (65.322256% of original size 343.322754 MB)
Querying trie...
Done!
total time: 7087.999122 ms, avg latency: 708.799912 ns
topology: 7.652824 MB, link: 34.870965 MB, data: 181.742380 MB
--- Unary Path Analysis (FST, cutoff=4) ---
  shared unary steps in main trie: 126967
  terminal suffixes: inplace=0 (avg len=0.00)  links=10000000 (100.0% of terminal)
  link len: avg=28.51  max=30  total_chars=285103126
  link length distribution (len:count):  23:4  24:94  25:1324  26:21561  28:340409  29:4123330  30:5512548  31:730
25947.261497,224.266170,708.799912
[PASSED]
[time 42.12 s, user 39.36 s, sys 2.59 s, maxrss 3559580 KB]
[busy 4333 jiffies]
[exit 0]
--- c2 case 1 rec 0   load 1.00 1.08 1.05
[TEST C2-CoCo(LOUDS-Sparse)]
Processing dataset...
Done!
Building trie...
Done!
build time: 17543.015021 ms (1754.301502 ns per key)
space cost: 212.803069 MB (61.983386% of original size 343.322754 MB)
Querying trie...
Done!
total time: 7331.382231 ms, avg latency: 733.138223 ns
topology: 3.395058 MB, link: 36.016802 MB, data: 173.391209 MB
17543.015021,212.803069,733.138223
[PASSED]
[time 33.89 s, user 30.87 s, sys 2.87 s, maxrss 4160592 KB]
[busy 3484 jiffies]
[exit 0]
--- c2 case 1 rec 1   load 1.00 1.07 1.05
[TEST C2-CoCo(LOUDS-Sparse)]
Processing dataset...
Done!
Building trie...
trie size: 47.664446 MB
Done!
build time: 29518.864616 ms (2951.886462 ns per key)
space cost: 212.803069 MB (61.983386% of original size 343.322754 MB)
Querying trie...
Done!
total time: 7235.966084 ms, avg latency: 723.596608 ns
topology: 3.395058 MB, link: 36.016802 MB, data: 173.391209 MB
29518.864616,212.803069,723.596608
[PASSED]
[time 45.77 s, user 42.39 s, sys 3.19 s, maxrss 4630368 KB]
[busy 4706 jiffies]
[exit 0]
--- c2 case 1 rec 2   load 1.00 1.06 1.04
[TEST C2-CoCo(LOUDS-Sparse)]
Processing dataset...
Done!
Building trie...
trie size: 47.664446 MB
Done!
build time: 29504.807437 ms (2950.480744 ns per key)
space cost: 212.803069 MB (61.983386% of original size 343.322754 MB)
Querying trie...
Done!
total time: 7256.062845 ms, avg latency: 725.606285 ns
topology: 3.395058 MB, link: 36.016802 MB, data: 173.391209 MB
29504.807437,212.803069,725.606285
[PASSED]
[time 45.80 s, user 42.42 s, sys 3.20 s, maxrss 4630200 KB]
[busy 4701 jiffies]
[exit 0]
--- c2 case 2 rec 0   load 0.96 1.05 1.04
[TEST C2-MARISA]
Processing dataset...
Done!
Building trie...
trie size: 19.421587 MB
Done!
build time: 12807.163917 ms (1280.716392 ns per key)
space cost: 218.030363 MB (63.505946% of original size 343.322754 MB)
Querying trie...
Done!
total time: 5813.304233 ms, avg latency: 581.330423 ns
topology: 6.395802 MB, link: 33.418009 MB, data: 177.888428 MB
--- Unary Path Analysis (Marisa, cutoff=3) ---
  branches: 13314429  |  single-char: 3205780 (24.1%)  short-unary: 97508 (0.7%)  links: 10011141 (75.2%)
  link len: avg=30.48  max=32  total_chars=305143726
  link length distribution (len:count):  3:4393  4:6350  5:369  6:27  7:2  24:4  25:94  26:1324  27:21561  29:340409  30:4123330  31:5512548  32:730
  short unary avg len: 2.00
12807.163917,218.030363,581.330423
[PASSED]
[time 27.74 s, user 25.43 s, sys 2.19 s, maxrss 3004204 KB]
[busy 2848 jiffies]
[exit 0]
--- c2 case 2 rec 1   load 0.97 1.04 1.04
[TEST C2-MARISA]
Processing dataset...
Done!
Building trie...
trie size: 19.421587 MB
trie size: 47.697874 MB
Done!
build time: 24985.563379 ms (2498.556338 ns per key)
space cost: 218.030363 MB (63.505946% of original size 343.322754 MB)
Querying trie...
Done!
total time: 5774.628114 ms, avg latency: 577.462811 ns
topology: 6.395802 MB, link: 33.418009 MB, data: 177.888428 MB
--- Unary Path Analysis (Marisa, cutoff=3) ---
  branches: 13314429  |  single-char: 3205780 (24.1%)  short-unary: 97508 (0.7%)  links: 10011141 (75.2%)
  link len: avg=30.48  max=32  total_chars=305143726
  link length distribution (len:count):  3:4393  4:6350  5:369  6:27  7:2  24:4  25:94  26:1324  27:21561  29:340409  30:4123330  31:5512548  32:730
  short unary avg len: 2.00
24985.563379,218.030363,577.462811
[PASSED]
[time 39.91 s, user 37.11 s, sys 2.63 s, maxrss 3497612 KB]
[busy 4102 jiffies]
[exit 0]
--- c2 case 2 rec 2   load 0.91 1.02 1.03
[TEST C2-MARISA]
Processing dataset...
Done!
Building trie...
trie size: 19.421587 MB
trie size: 47.697874 MB
Done!
build time: 25016.691702 ms (2501.669170 ns per key)
space cost: 218.030363 MB (63.505946% of original size 343.322754 MB)
Querying trie...
Done!
total time: 5779.980483 ms, avg latency: 577.998048 ns
topology: 6.395802 MB, link: 33.418009 MB, data: 177.888428 MB
--- Unary Path Analysis (Marisa, cutoff=3) ---
  branches: 13314429  |  single-char: 3205780 (24.1%)  short-unary: 97508 (0.7%)  links: 10011141 (75.2%)
  link len: avg=30.48  max=32  total_chars=305143726
  link length distribution (len:count):  3:4393  4:6350  5:369  6:27  7:2  24:4  25:94  26:1324  27:21561  29:340409  30:4123330  31:5512548  32:730
  short unary avg len: 2.00
25016.691702,218.030363,577.998048
[PASSED]
[time 39.85 s, user 37.08 s, sys 2.61 s, maxrss 3497552 KB]
[busy 4096 jiffies]
[exit 0]
--- c2 case 3 rec 0   load 0.87 0.99 1.02
[TEST FST]
Processing dataset...
Done!
Building trie...
Done!
build time: 10576.935135 ms (1057.693514 ns per key)
space cost: 341.746040 MB (99.540749% of original size 343.322754 MB)
Querying trie...
Done!
total time: 7023.660132 ms, avg latency: 702.366013 ns
not implemented
10576.935135,341.746040,702.366013
[PASSED]
[time 26.68 s, user 25.01 s, sys 1.56 s, maxrss 1916644 KB]
[busy 2739 jiffies]
[exit 0]
--- c2 case 4 rec 0   skipped: exit 134 in round 1
--- c2 case 5 rec 0   load 0.92 1.00 1.02
[TEST MARISA]
Processing dataset...
Done!
Building trie...
Done!
build time: 7808.367609 ms (780.836761 ns per key)
space cost: 346.565342 MB (100.944472% of original size 343.322754 MB)
Querying trie...
Done!
total time: 7985.000136 ms, avg latency: 798.500014 ns
not implemented
7808.367609,346.565342,798.500014
[PASSED]
[time 24.68 s, user 22.66 s, sys 1.91 s, maxrss 2465164 KB]
[busy 2550 jiffies]
[exit 0]
--- c2 case 5 rec 1   load 0.95 1.00 1.01
[TEST MARISA]
Processing dataset...
Done!
Building trie...
Done!
build time: 12654.709851 ms (1265.470985 ns per key)
space cost: 330.987365 MB (96.407058% of original size 343.322754 MB)
Querying trie...
Done!
total time: 15143.254226 ms, avg latency: 1514.325423 ns
not implemented
12654.709851,330.987365,1514.325423
[PASSED]
[time 36.61 s, user 34.39 s, sys 2.07 s, maxrss 2416004 KB]
[busy 3763 jiffies]
[exit 0]
--- c2 case 5 rec 2   load 0.97 1.00 1.01
[TEST MARISA]
Processing dataset...
Done!
Building trie...
Done!
build time: 16327.594642 ms (1632.759464 ns per key)
space cost: 316.683807 MB (92.240844% of original size 343.322754 MB)
Querying trie...
Done!
total time: 23750.903733 ms, avg latency: 2375.090373 ns
not implemented
16327.594642,316.683807,2375.090373
[PASSED]
[time 48.93 s, user 46.42 s, sys 2.31 s, maxrss 2381468 KB]
[busy 5031 jiffies]
[exit 0]
--- c2 case 6 rec 0   load 0.99 1.00 1.00
[TEST PDT]
Processing dataset...
Done!
Building trie...
dict size: 166678, stream size: 192351068
Done!
build time: 124496.826695 ms (12449.682669 ns per key)
space cost: 196.364757 MB (57.195381% of original size 343.322754 MB)
Querying trie...
Done!
total time: 11397.459357 ms, avg latency: 1139.745936 ns
not implemented
124496.826695,196.364757,1139.745936
[PASSED]
[time 145.01 s, user 140.77 s, sys 3.68 s, maxrss 2858208 KB]
[busy 14868 jiffies]
[exit 0]
--- c2 case 7 rec 0   load 1.02 1.01 1.00
[TEST ART]
Processing dataset...
Done!
Building trie...
Done!
build time: 2160.760952 ms (216.076095 ns per key)
space cost: 274.100403 MB (79.837529% of original size 343.322754 MB)
Querying trie...
Done!
total time: 5140.823918 ms, avg latency: 514.082392 ns
not implemented
2160.760952,274.100403,514.082392
[PASSED]
[time 16.40 s, user 15.02 s, sys 1.30 s, maxrss 2232164 KB]
[busy 1690 jiffies]
[exit 0]
--- c2 case 8 rec 0   load 0.93 0.99 0.99
[TEST CART]
Processing dataset...
Done!
Building trie...
Done!
build time: 2446.037157 ms (244.603716 ns per key)
space cost: 120.320314 MB (35.045832% of original size 343.322754 MB)
Querying trie...
Done!
total time: 5272.507617 ms, avg latency: 527.250762 ns
not implemented
2446.037157,120.320314,527.250762
[PASSED]
[time 16.81 s, user 15.49 s, sys 1.24 s, maxrss 2096588 KB]
[busy 1733 jiffies]
[exit 0]
--- xcdat 7   load 0.95 0.99 1.00
build time: 11322.228807 ms
space cost: 365.827440 MiB (106.554965% of original size 343.322754 MiB)
avg latency: 655.353242 ns
11322.228807,365.827440,655.353242
[time 26.91 s, user 24.92 s, sys 1.88 s, maxrss 1990040 KB]
[busy 2757 jiffies]
[exit 0]
--- xcdat 8   load 0.97 0.99 1.00
build time: 10309.161325 ms
space cost: 357.688156 MiB (104.184227% of original size 343.322754 MiB)
avg latency: 620.880245 ns
10309.161325,357.688156,620.880245
[time 25.55 s, user 23.62 s, sys 1.82 s, maxrss 1959528 KB]
[busy 2628 jiffies]
[exit 0]
--- xcdat 15   load 0.98 1.00 1.00
build time: 10451.745751 ms
space cost: 367.954617 MiB (107.174550% of original size 343.322754 MiB)
avg latency: 556.395466 ns
10451.745751,367.954617,556.395466
[time 25.01 s, user 23.02 s, sys 1.89 s, maxrss 1946676 KB]
[busy 2569 jiffies]
[exit 0]
--- xcdat 16   load 1.05 1.01 1.00
build time: 10306.176425 ms
space cost: 371.930763 MiB (108.332687% of original size 343.322754 MiB)
avg latency: 566.846970 ns
10306.176425,371.930763,566.846970
[time 24.96 s, user 22.92 s, sys 1.94 s, maxrss 1955172 KB]
[busy 2566 jiffies]
[exit 0]

campaign done 2026-09-15T19:58:59+03:00, load 1.03 1.01 1.00
