frontier campaign
date: 2026-09-19T13:09:20+03:00
host: arz
commit: 5783460
table: frontier-10m
lexindex: 3.0.0
kernel: Linux 7.2.5-200.fc44.x86_64 x86_64
cpu: AMD Ryzen 7 5800HS with Radeon Graphics
cores/threads: 8 / 16
caches: L2 512 KiB, L3 16384 KiB
governor: powersave
transparent hugepages: always [madvise] never
compiler: c++ (GCC) 16.2.1 20260819 (Red Hat 16.2.1-2)
rustc: rustc 1.98.1 (48a229cea 2026-09-01)
load at start: 0.52 0.69 0.78
rounds: 3, even rounds in the reverse order
quiet before each process: under 1.0 busy CPUs for 1 s
clock ticks: 100
address space cap: 28000000 KB
timeout: 7200 s a process
pin c2: 92c1b861456b https://github.com/alexztc/C2
pin c2/lib/sdsl-lite: 4312ea9c9370 https://github.com/vgteam/sdsl-lite
pin c2/lib/ds2i: 4f46606cc077 https://github.com/aboffa/ds2i (modified: compact_elias_fano.hpp,succinct)
pin c2/lib/sux: 5944f6b5c1c7 https://github.com/vigna/sux (modified: sux/util/Vector.hpp)
pin c2/lib/fsst: e638d4cf8c26 https://github.com/cwida/fsst
pin c2/baseline_marisa/marisa: e54f296bb52d https://github.com/s-yata/marisa-trie
pin c2/baseline_ctriepp/ctriepp: 52d2c16a7bb6 https://gitlab.com/ofek.gila1/ctriepp
pin xcdat: 2451441dcc09 https://github.com/kampersanda/xcdat
pin c2/lib/ds2i/succinct: ea74747a8b1c (gitlink)
pin c2/lib/sdsl-lite/external/googletest: 71815bbf7de6 (gitlink)
pin c2/lib/sdsl-lite/external/libdivsufsort: 0f24acd8de20 (gitlink)
pin coco adapted headers: ee860d4b1e62 https://github.com/aboffa/CoCo-trie (by sha256)

##### dna-10000000 (10000000 lines, 250000000 bytes)   round 1/3   2026-09-19T13:09:21+03:00
--- lexindex dict32   load 0.52 0.69 0.78
10000000 keys
lexindex DictIndex block 32: build 1076 ms, size 44.129 MiB (4.627 B/key), latency cold 646.1 ns, then mean 644.5 / min 644.0 ns
1076.313,44.128994,646.123
[time 33.49 s, user 37.61 s, sys 1.03 s, maxrss 1528996 KB]
[busy 4234 jiffies]
[exit 0]
--- lexindex dict256   load 0.73 0.72 0.79
10000000 keys
lexindex DictIndex block 256: build 1081 ms, size 37.874 MiB (3.971 B/key), latency cold 552.6 ns, then mean 550.1 / min 549.1 ns
1081.321,37.873734,552.623
[time 29.34 s, user 33.49 s, sys 1.04 s, maxrss 1517496 KB]
[busy 3621 jiffies]
[exit 0]
--- lexindex dict1024   load 0.84 0.75 0.80
10000000 keys
lexindex DictIndex block 1024: build 1059 ms, size 36.435 MiB (3.821 B/key), latency cold 526.9 ns, then mean 526.3 / min 525.3 ns
1059.174,36.435445,526.932
[time 28.32 s, user 32.42 s, sys 0.99 s, maxrss 1518688 KB]
[busy 3538 jiffies]
[exit 0]
--- lexindex string   load 0.82 0.76 0.81
10000000 keys
lexindex StringIndex: build 10278 ms, size 152.422 MiB (15.983 B/key), latency cold 835.2 ns, then mean 834.7 / min 833.4 ns
10278.276,152.421832,835.192
[time 49.81 s, user 48.72 s, sys 0.89 s, maxrss 1603592 KB]
[busy 5237 jiffies]
[exit 0]
--- c2 case 0 rec 0   load 1.00 0.81 0.82
[TEST C2-FST]
Processing dataset...
Done!
Building trie...
Done!
build time: 15897.872108 ms (1589.787211 ns per key)
space cost: 89.937219 MB (39.294170% of original size 228.881836 MB)
Querying trie...
Done!
total time: 8065.089637 ms, avg latency: 806.508964 ns
topology: 8.925270 MB, link: 31.294473 MB, data: 49.717476 MB
--- Unary Path Analysis (FST, cutoff=4) ---
  shared unary steps in main trie: 994037
  terminal suffixes: inplace=72 (avg len=2.67)  links=9999928 (100.0% of terminal)
  link len: avg=10.46  max=13  total_chars=104556373
  link length distribution (len:count):  4:308  5:1114  6:4343  7:17785  8:69577  9:272560  10:1019069  11:3104051  12:4591242  13:919171  14:708
15897.872108,89.937219,806.508964
[PASSED]
[time 33.40 s, user 31.35 s, sys 1.90 s, maxrss 2128708 KB]
[busy 3518 jiffies]
[exit 0]
--- c2 case 0 rec 1   load 1.00 0.84 0.83
[TEST C2-FST]
Processing dataset...
Done!
Building trie...
trie size: 37.777167 MB
Done!
build time: 17304.762993 ms (1730.476299 ns per key)
space cost: 74.159266 MB (32.400678% of original size 228.881836 MB)
Querying trie...
Done!
total time: 10902.212959 ms, avg latency: 1090.221296 ns
topology: 12.378445 MB, link: 28.910372 MB, data: 32.870449 MB
--- Unary Path Analysis (FST, cutoff=4) ---
  shared unary steps in main trie: 994037
  terminal suffixes: inplace=72 (avg len=2.67)  links=9999928 (100.0% of terminal)
  link len: avg=10.46  max=13  total_chars=104556373
  link length distribution (len:count):  4:308  5:1114  6:4343  7:17785  8:69577  9:272560  10:1019069  11:3104051  12:4591242  13:919171  14:708
17304.762993,74.159266,1090.221296
[PASSED]
[time 37.68 s, user 35.82 s, sys 1.71 s, maxrss 1758300 KB]
[busy 3972 jiffies]
[exit 0]
--- c2 case 0 rec 2   load 1.00 0.86 0.84
timeout: the monitored command dumped core
Command terminated by signal 11
[time 22.79 s, user 21.18 s, sys 1.45 s, maxrss 1758176 KB]
[busy 2408 jiffies]
[exit 139]
--- c2 case 1 rec 0   load 1.12 0.90 0.85
[TEST C2-CoCo(LOUDS-Sparse)]
Processing dataset...
Done!
Building trie...
Done!
build time: 22457.377628 ms (2245.737763 ns per key)
space cost: 72.822873 MB (31.816798% of original size 228.881836 MB)
Querying trie...
Done!
total time: 7870.652356 ms, avg latency: 787.065236 ns
topology: 3.420319 MB, link: 32.688608 MB, data: 36.713946 MB
22457.377628,72.822873,787.065236
[PASSED]
[time 39.82 s, user 36.99 s, sys 2.65 s, maxrss 3400136 KB]
[busy 4188 jiffies]
[exit 0]
--- c2 case 1 rec 1   load 1.06 0.92 0.86
[TEST C2-CoCo(LOUDS-Sparse)]
Processing dataset...
Done!
Building trie...
trie size: 37.777167 MB
Done!
build time: 23900.650392 ms (2390.065039 ns per key)
space cost: 57.044919 MB (24.923306% of original size 228.881836 MB)
Querying trie...
Done!
total time: 9681.325843 ms, avg latency: 968.132584 ns
topology: 6.873493 MB, link: 30.304507 MB, data: 19.866919 MB
23900.650392,57.044919,968.132584
[PASSED]
[time 43.12 s, user 40.34 s, sys 2.59 s, maxrss 3069012 KB]
[busy 4537 jiffies]
[exit 0]
--- c2 case 1 rec 2   load 1.07 0.94 0.88
timeout: the monitored command dumped core
Command terminated by signal 11
[time 29.28 s, user 26.87 s, sys 2.23 s, maxrss 3069392 KB]
[busy 3078 jiffies]
[exit 139]
--- c2 case 2 rec 0   load 1.10 0.97 0.89
[TEST C2-MARISA]
Processing dataset...
Done!
Building trie...
trie size: 24.434970 MB
Done!
build time: 15477.134859 ms (1547.713486 ns per key)
space cost: 95.269694 MB (41.623965% of original size 228.881836 MB)
Querying trie...
Done!
total time: 7277.254788 ms, avg latency: 727.725479 ns
topology: 8.066944 MB, link: 31.537600 MB, data: 55.337026 MB
--- Unary Path Analysis (Marisa, cutoff=3) ---
  branches: 16819022  |  single-char: 6056704 (36.0%)  short-unary: 587781 (3.5%)  links: 10174537 (60.5%)
  link len: avg=12.30  max=15  total_chars=125137286
  link length distribution (len:count):  3:131739  4:32131  5:8322  6:3155  7:4877  8:17889  9:69612  10:272566  11:1019074  12:3104051  13:4591242  14:919171  15:708
  short unary avg len: 2.00
15477.134859,95.269694,727.725479
[PASSED]
[time 32.29 s, user 30.12 s, sys 2.03 s, maxrss 2244968 KB]
[busy 3416 jiffies]
[exit 0]
--- c2 case 2 rec 1   load 1.06 0.97 0.89
[TEST C2-MARISA]
Processing dataset...
Done!
Building trie...
trie size: 24.434970 MB
trie size: 47.886275 MB
Done!
build time: 17591.550875 ms (1759.155088 ns per key)
space cost: 72.352404 MB (31.611248% of original size 228.881836 MB)
Querying trie...
Done!
total time: 10429.577178 ms, avg latency: 1042.957718 ns
topology: 14.325905 MB, link: 29.140208 MB, data: 28.558166 MB
--- Unary Path Analysis (Marisa, cutoff=3) ---
  branches: 16819022  |  single-char: 6056704 (36.0%)  short-unary: 587781 (3.5%)  links: 10174537 (60.5%)
  link len: avg=12.30  max=15  total_chars=125137286
  link length distribution (len:count):  3:131739  4:32131  5:8322  6:3155  7:4877  8:17889  9:69612  10:272566  11:1019074  12:3104051  13:4591242  14:919171  15:708
  short unary avg len: 2.00
17591.550875,72.352404,1042.957718
[PASSED]
[time 37.55 s, user 35.62 s, sys 1.77 s, maxrss 1666860 KB]
[busy 3954 jiffies]
[exit 0]
--- c2 case 2 rec 2   load 1.03 0.98 0.90
timeout: the monitored command dumped core
Command terminated by signal 11
[time 23.05 s, user 21.49 s, sys 1.39 s, maxrss 1666908 KB]
[busy 2431 jiffies]
[exit 139]
--- c2 case 3 rec 0   load 1.02 0.98 0.91
[TEST FST]
Processing dataset...
Done!
Building trie...
Done!
build time: 12127.953074 ms (1212.795307 ns per key)
space cost: 119.365768 MB (52.151700% of original size 228.881836 MB)
Querying trie...
Done!
total time: 8911.161825 ms, avg latency: 891.116183 ns
not implemented
12127.953074,119.365768,891.116183
[PASSED]
[time 30.60 s, user 29.12 s, sys 1.34 s, maxrss 1689376 KB]
[busy 3223 jiffies]
[exit 0]
--- c2 case 4 rec 0   load 1.06 1.00 0.91
terminate called after throwing an instance of 'std::bad_alloc'
  what():  std::bad_alloc
timeout: the monitored command dumped core
Command terminated by signal 6
[time 26.63 s, user 14.29 s, sys 12.16 s, maxrss 27784628 KB]
[busy 2971 jiffies]
[exit 134]
--- c2 case 5 rec 0   load 1.04 1.00 0.92
[TEST MARISA]
Processing dataset...
Done!
Building trie...
Done!
build time: 7814.240541 ms (781.424054 ns per key)
space cost: 147.956710 MB (64.643273% of original size 228.881836 MB)
Querying trie...
Done!
total time: 9363.413293 ms, avg latency: 936.341329 ns
not implemented
7814.240541,147.956710,936.341329
[PASSED]
[time 26.57 s, user 24.77 s, sys 1.69 s, maxrss 1989328 KB]
[busy 2791 jiffies]
[exit 0]
--- c2 case 5 rec 1   load 1.02 1.00 0.92
[TEST MARISA]
Processing dataset...
Done!
Building trie...
Done!
build time: 9810.548455 ms (981.054846 ns per key)
space cost: 65.397814 MB (28.572741% of original size 228.881836 MB)
Querying trie...
Done!
total time: 13889.304161 ms, avg latency: 1388.930416 ns
not implemented
9810.548455,65.397814,1388.930416
[PASSED]
[time 33.58 s, user 31.74 s, sys 1.69 s, maxrss 1910220 KB]
[busy 3537 jiffies]
[exit 0]
--- c2 case 5 rec 2   load 1.01 1.00 0.92
[TEST MARISA]
Processing dataset...
Done!
Building trie...
Done!
build time: 9757.268897 ms (975.726890 ns per key)
space cost: 64.374021 MB (28.125439% of original size 228.881836 MB)
Querying trie...
Done!
total time: 14082.864405 ms, avg latency: 1408.286441 ns
not implemented
9757.268897,64.374021,1408.286441
[PASSED]
[time 33.20 s, user 31.35 s, sys 1.71 s, maxrss 1910248 KB]
[busy 3499 jiffies]
[exit 0]
--- c2 case 6 rec 0   load 0.92 0.98 0.92
[TEST PDT]
Processing dataset...
Done!
Building trie...
dict size: 151384, stream size: 57071972
Done!
build time: 25109.559154 ms (2510.955915 ns per key)
space cost: 67.337972 MB (29.420409% of original size 228.881836 MB)
Querying trie...
Done!
total time: 14353.762682 ms, avg latency: 1435.376268 ns
not implemented
25109.559154,67.337972,1435.376268
[PASSED]
[time 49.07 s, user 46.90 s, sys 1.97 s, maxrss 1637320 KB]
[busy 5165 jiffies]
[exit 0]
--- c2 case 7 rec 0   load 0.93 0.98 0.93
[TEST ART]
Processing dataset...
Done!
Building trie...
Done!
build time: 2218.906264 ms (221.890626 ns per key)
space cost: 332.784225 MB (145.395647% of original size 228.881836 MB)
Querying trie...
Done!
total time: 6432.880210 ms, avg latency: 643.288021 ns
not implemented
2218.906264,332.784225,643.288021
[PASSED]
[time 18.23 s, user 16.74 s, sys 1.41 s, maxrss 2190548 KB]
[busy 1896 jiffies]
[exit 0]
--- c2 case 8 rec 0   load 0.95 0.98 0.93
[TEST CART]
Processing dataset...
Done!
Building trie...
Done!
build time: 2789.913050 ms (278.991305 ns per key)
space cost: 156.509016 MB (68.379833% of original size 228.881836 MB)
Querying trie...
Done!
total time: 7513.328713 ms, avg latency: 751.332871 ns
not implemented
2789.913050,156.509016,751.332871
[PASSED]
[time 19.87 s, user 18.48 s, sys 1.30 s, maxrss 2102144 KB]
[busy 2053 jiffies]
[exit 0]
--- xcdat 7   load 0.89 0.97 0.92
build time: 10889.221100 ms
space cost: 136.369071 MiB (59.580556% of original size 228.881836 MiB)
avg latency: 703.834760 ns
10889.221100,136.369071,703.834760
[time 27.37 s, user 25.53 s, sys 1.72 s, maxrss 1705800 KB]
[busy 2835 jiffies]
[exit 0]
--- xcdat 8   load 0.93 0.97 0.93
build time: 10490.734843 ms
space cost: 135.305025 MiB (59.115668% of original size 228.881836 MiB)
avg latency: 673.554873 ns
10490.734843,135.305025,673.554873
[time 26.52 s, user 24.69 s, sys 1.72 s, maxrss 1704944 KB]
[busy 2743 jiffies]
[exit 0]
--- xcdat 15   load 1.09 1.01 0.94
build time: 10763.272021 ms
space cost: 152.576344 MiB (66.661622% of original size 228.881836 MiB)
avg latency: 571.139798 ns
10763.272021,152.576344,571.139798
[time 25.77 s, user 23.86 s, sys 1.80 s, maxrss 1722400 KB]
[busy 2667 jiffies]
[exit 0]
--- xcdat 16   load 1.06 1.00 0.94
build time: 10555.973067 ms
space cost: 157.761472 MiB (68.927039% of original size 228.881836 MiB)
avg latency: 598.906688 ns
10555.973067,157.761472,598.906688
[time 25.83 s, user 23.94 s, sys 1.78 s, maxrss 1727908 KB]
[busy 2670 jiffies]
[exit 0]

##### numeric-10000000 (10000000 lines, 78888890 bytes)   round 1/3   2026-09-19T13:22:49+03:00
--- lexindex dict32   load 0.95 0.99 0.94
10000000 keys
lexindex DictIndex block 32: build 896 ms, size 12.344 MiB (1.294 B/key), latency cold 382.1 ns, then mean 376.3 / min 374.0 ns
895.593,12.344126,382.093
[time 21.68 s, user 23.98 s, sys 0.80 s, maxrss 1167056 KB]
[busy 2579 jiffies]
[exit 0]
--- lexindex dict256   load 0.97 0.99 0.94
10000000 keys
lexindex DictIndex block 256: build 897 ms, size 9.909 MiB (1.039 B/key), latency cold 345.8 ns, then mean 344.6 / min 343.9 ns
896.773,9.908560,345.836
[time 20.37 s, user 22.73 s, sys 0.75 s, maxrss 1154624 KB]
[busy 2437 jiffies]
[exit 0]
--- lexindex dict1024   load 0.98 0.99 0.94
10000000 keys
lexindex DictIndex block 1024: build 882 ms, size 8.837 MiB (0.927 B/key), latency cold 354.8 ns, then mean 350.3 / min 348.5 ns
881.577,8.836824,354.791
[time 20.62 s, user 22.84 s, sys 0.80 s, maxrss 1153004 KB]
[busy 2449 jiffies]
[exit 0]
--- lexindex string   load 0.99 0.99 0.95
10000000 keys
lexindex StringIndex: build 1863 ms, size 0.000 MiB (0.000 B/key), latency cold 138.9 ns, then mean 139.6 / min 139.5 ns
1862.549,0.000340,138.878
[time 13.05 s, user 12.39 s, sys 0.61 s, maxrss 1125264 KB]
[busy 1355 jiffies]
[exit 0]
--- c2 case 0 rec 0   load 0.91 0.98 0.94
timeout: the monitored command dumped core
Command terminated by signal 11
[time 3.67 s, user 2.91 s, sys 0.68 s, maxrss 734392 KB]
[busy 386 jiffies]
[exit 139]
--- c2 case 0 rec 1   load 0.91 0.98 0.94
timeout: the monitored command dumped core
Command terminated by signal 11
[time 3.70 s, user 2.94 s, sys 0.68 s, maxrss 734532 KB]
[busy 385 jiffies]
[exit 139]
--- c2 case 0 rec 2   load 0.92 0.98 0.94
timeout: the monitored command dumped core
Command terminated by signal 11
[time 3.68 s, user 2.92 s, sys 0.69 s, maxrss 734544 KB]
[busy 389 jiffies]
[exit 139]
--- c2 case 1 rec 0   load 0.92 0.98 0.94
timeout: the monitored command dumped core
Command terminated by signal 11
[time 4.15 s, user 3.35 s, sys 0.72 s, maxrss 734428 KB]
[busy 432 jiffies]
[exit 139]
--- c2 case 1 rec 1   load 0.93 0.98 0.94
timeout: the monitored command dumped core
Command terminated by signal 11
[time 4.11 s, user 3.30 s, sys 0.73 s, maxrss 734484 KB]
[busy 427 jiffies]
[exit 139]
--- c2 case 1 rec 2   load 0.94 0.98 0.94
timeout: the monitored command dumped core
Command terminated by signal 11
[time 4.10 s, user 3.29 s, sys 0.73 s, maxrss 734424 KB]
[busy 426 jiffies]
[exit 139]
--- c2 case 2 rec 0   load 1.02 1.00 0.95
timeout: the monitored command dumped core
Command terminated by signal 11
[time 3.78 s, user 3.01 s, sys 0.67 s, maxrss 734628 KB]
[busy 398 jiffies]
[exit 139]
--- c2 case 2 rec 1   load 1.02 1.00 0.95
timeout: the monitored command dumped core
Command terminated by signal 11
[time 3.72 s, user 2.95 s, sys 0.69 s, maxrss 734372 KB]
[busy 391 jiffies]
[exit 139]
--- c2 case 2 rec 2   load 1.02 1.00 0.95
timeout: the monitored command dumped core
Command terminated by signal 11
[time 3.72 s, user 2.97 s, sys 0.66 s, maxrss 734420 KB]
[busy 391 jiffies]
[exit 139]
--- c2 case 3 rec 0   load 1.02 1.00 0.95
[TEST FST]
Processing dataset...
Done!
Building trie...
Done!
build time: 2542.481006 ms (254.248101 ns per key)
space cost: 14.447110 MB (21.990328% of original size 65.697565 MB)
Querying trie...
Done!
total time: 3712.430725 ms, avg latency: 371.243072 ns
not implemented
2542.481006,14.447110,371.243072
[PASSED]
[time 10.15 s, user 9.41 s, sys 0.70 s, maxrss 661688 KB]
[busy 1052 jiffies]
[exit 0]
--- c2 case 4 rec 0   load 1.01 1.00 0.95
[TEST COCO]
Processing dataset...
Done!
Building trie...
num nodes = 90001, average depth = 1.000033
ef = 0.000000, pa = 0.000000, bv = 0.000011, de = 0.999989
efr = 0.000000, par = 0.000000, bvr = 0.000000, der = 0.000000
Done!
build time: 7386.367366 ms (738.636737 ns per key)
space cost: 4.854946 MB (7.389841% of original size 65.697565 MB)
Querying trie...
Done!
total time: 2991.409425 ms, avg latency: 299.140942 ns
not implemented
7386.367366,4.854946,299.140942
[PASSED]
[time 14.58 s, user 11.99 s, sys 2.53 s, maxrss 4905352 KB]
[busy 1509 jiffies]
[exit 0]
--- c2 case 5 rec 0   load 0.93 0.98 0.95
[TEST MARISA]
Processing dataset...
Done!
Building trie...
Done!
build time: 1666.878627 ms (166.687863 ns per key)
space cost: 15.797803 MB (24.046253% of original size 65.697565 MB)
Querying trie...
Done!
total time: 2588.540433 ms, avg latency: 258.854043 ns
not implemented
1666.878627,15.797803,258.854043
[PASSED]
[time 8.19 s, user 7.32 s, sys 0.84 s, maxrss 977688 KB]
[busy 850 jiffies]
[exit 0]
--- c2 case 5 rec 1   load 0.93 0.98 0.95
[TEST MARISA]
Processing dataset...
Done!
Building trie...
Done!
build time: 1686.784441 ms (168.678444 ns per key)
space cost: 15.797803 MB (24.046253% of original size 65.697565 MB)
Querying trie...
Done!
total time: 2592.122105 ms, avg latency: 259.212211 ns
not implemented
1686.784441,15.797803,259.212211
[PASSED]
[time 8.32 s, user 7.45 s, sys 0.83 s, maxrss 977848 KB]
[busy 870 jiffies]
[exit 0]
--- c2 case 5 rec 2   load 0.94 0.98 0.95
[TEST MARISA]
Processing dataset...
Done!
Building trie...
Done!
build time: 1678.864905 ms (167.886491 ns per key)
space cost: 15.797803 MB (24.046253% of original size 65.697565 MB)
Querying trie...
Done!
total time: 2609.325921 ms, avg latency: 260.932592 ns
not implemented
1678.864905,15.797803,260.932592
[PASSED]
[time 8.23 s, user 7.37 s, sys 0.81 s, maxrss 977588 KB]
[busy 854 jiffies]
[exit 0]
--- c2 case 6 rec 0   load 0.95 0.98 0.95
[TEST PDT]
Processing dataset...
Done!
Building trie...
dict size: 130, stream size: 2965758
Done!
build time: 1238.927082 ms (123.892708 ns per key)
space cost: 15.594018 MB (23.736067% of original size 65.697565 MB)
Querying trie...
Done!
total time: 6603.089538 ms, avg latency: 660.308954 ns
not implemented
1238.927082,15.594018,660.308954
[PASSED]
[time 11.74 s, user 11.00 s, sys 0.68 s, maxrss 687944 KB]
[busy 1215 jiffies]
[exit 0]
--- c2 case 7 rec 0   load 0.96 0.99 0.95
[TEST ART]
Processing dataset...
Done!
Building trie...
Done!
build time: 652.055879 ms (65.205588 ns per key)
space cost: 200.653076 MB (305.419350% of original size 65.697565 MB)
Querying trie...
Done!
total time: 1483.024364 ms, avg latency: 148.302436 ns
not implemented
652.055879,200.653076,148.302436
[PASSED]
[time 6.08 s, user 5.32 s, sys 0.72 s, maxrss 924768 KB]
[busy 632 jiffies]
[exit 0]
--- c2 case 8 rec 0   load 0.97 0.99 0.95
[TEST CART]
Processing dataset...
Done!
Building trie...
Done!
build time: 828.067301 ms (82.806730 ns per key)
space cost: 111.770621 MB (170.129016% of original size 65.697565 MB)
Querying trie...
Done!
total time: 2127.710592 ms, avg latency: 212.771059 ns
not implemented
828.067301,111.770621,212.771059
[PASSED]
[time 6.92 s, user 6.13 s, sys 0.75 s, maxrss 940200 KB]
[busy 717 jiffies]
[exit 0]
--- xcdat 7   load 0.97 0.99 0.95
build time: 2722.397815 ms
space cost: 52.854505 MiB (80.451238% of original size 65.697565 MiB)
avg latency: 363.549154 ns
2722.397815,52.854505,363.549154
[time 10.30 s, user 9.50 s, sys 0.75 s, maxrss 747376 KB]
[busy 1068 jiffies]
[exit 0]
--- xcdat 8   load 0.98 0.99 0.95
build time: 1833.410772 ms
space cost: 46.072033 MiB (70.127459% of original size 65.697565 MiB)
avg latency: 306.566341 ns
1833.410772,46.072033,306.566341
[time 8.81 s, user 8.05 s, sys 0.72 s, maxrss 731916 KB]
[busy 917 jiffies]
[exit 0]
--- xcdat 15   load 0.98 0.99 0.95
build time: 2076.185428 ms
space cost: 67.281871 MiB (102.411514% of original size 65.697565 MiB)
avg latency: 203.878387 ns
2076.185428,67.281871,203.878387
[time 7.91 s, user 7.14 s, sys 0.73 s, maxrss 775984 KB]
[busy 816 jiffies]
[exit 0]
--- xcdat 16   load 0.98 0.99 0.96
build time: 1793.231984 ms
space cost: 71.808467 MiB (109.301565% of original size 65.697565 MiB)
avg latency: 242.185882 ns
1793.231984,71.808467,242.185882
[time 8.07 s, user 7.27 s, sys 0.77 s, maxrss 783904 KB]
[busy 835 jiffies]
[exit 0]

##### opaque-10000000 (10000000 lines, 170000000 bytes)   round 1/3   2026-09-19T13:26:55+03:00
--- lexindex dict32   load 0.91 0.97 0.95
10000000 keys
lexindex DictIndex block 32: build 1283 ms, size 98.688 MiB (10.348 B/key), latency cold 612.6 ns, then mean 603.6 / min 600.7 ns
1282.859,98.687580,612.609
[time 31.44 s, user 36.97 s, sys 1.71 s, maxrss 1418708 KB]
[busy 3999 jiffies]
[exit 0]
--- lexindex dict256   load 0.94 0.98 0.95
10000000 keys
lexindex DictIndex block 256: build 1290 ms, size 96.032 MiB (10.070 B/key), latency cold 599.5 ns, then mean 598.0 / min 597.1 ns
1289.676,96.032138,599.507
[time 31.11 s, user 36.81 s, sys 1.74 s, maxrss 1419464 KB]
[busy 3984 jiffies]
[exit 0]
--- lexindex dict1024   load 0.89 0.96 0.95
10000000 keys
lexindex DictIndex block 1024: build 1267 ms, size 94.998 MiB (9.961 B/key), latency cold 603.4 ns, then mean 601.3 / min 600.7 ns
1267.183,94.998207,603.412
[time 31.24 s, user 36.72 s, sys 1.66 s, maxrss 1408456 KB]
[busy 3965 jiffies]
[exit 0]
--- lexindex string   load 0.93 0.97 0.95
10000000 keys
lexindex StringIndex: build 11181 ms, size 204.743 MiB (21.469 B/key), latency cold 596.9 ns, then mean 590.9 / min 590.7 ns
11181.483,204.742606,596.906
[time 40.68 s, user 39.69 s, sys 0.81 s, maxrss 1501172 KB]
[busy 4208 jiffies]
[exit 0]
--- c2 case 0 rec 0   load 0.97 0.97 0.96
[TEST C2-FST]
Processing dataset...
Done!
Building trie...
Done!
build time: 12611.267100 ms (1261.126710 ns per key)
space cost: 168.524103 MB (110.443956% of original size 152.587891 MB)
Querying trie...
Done!
total time: 6906.807029 ms, avg latency: 690.680703 ns
topology: 7.322502 MB, link: 33.678872 MB, data: 127.522729 MB
--- Unary Path Analysis (FST, cutoff=4) ---
  shared unary steps in main trie: 26453
  terminal suffixes: inplace=0 (avg len=0.00)  links=10000000 (100.0% of terminal)
  link len: avg=10.54  max=11  total_chars=105416542
  link length distribution (len:count):  8:18  9:1442  10:92299  11:4394462  12:5511779
12611.267100,168.524103,690.680703
[PASSED]
[time 28.58 s, user 26.53 s, sys 1.93 s, maxrss 2353728 KB]
[busy 2960 jiffies]
[exit 0]
--- c2 case 0 rec 1   load 0.98 0.98 0.96
[TEST C2-FST]
Processing dataset...
Done!
Building trie...
trie size: 46.253762 MB
Done!
build time: 23737.405121 ms (2373.740512 ns per key)
space cost: 168.524103 MB (110.443956% of original size 152.587891 MB)
Querying trie...
Done!
total time: 6942.222545 ms, avg latency: 694.222254 ns
topology: 7.322502 MB, link: 33.678872 MB, data: 127.522729 MB
--- Unary Path Analysis (FST, cutoff=4) ---
  shared unary steps in main trie: 26453
  terminal suffixes: inplace=0 (avg len=0.00)  links=10000000 (100.0% of terminal)
  link len: avg=10.54  max=11  total_chars=105416542
  link length distribution (len:count):  8:18  9:1442  10:92299  11:4394462  12:5511779
23737.405121,168.524103,694.222254
[PASSED]
[time 39.78 s, user 37.30 s, sys 2.31 s, maxrss 2822804 KB]
[busy 4100 jiffies]
[exit 0]
--- c2 case 0 rec 2   load 1.04 1.00 0.97
[TEST C2-FST]
Processing dataset...
Done!
Building trie...
trie size: 46.253762 MB
Done!
build time: 23719.266859 ms (2371.926686 ns per key)
space cost: 168.524103 MB (110.443956% of original size 152.587891 MB)
Querying trie...
Done!
total time: 6771.875418 ms, avg latency: 677.187542 ns
topology: 7.322502 MB, link: 33.678872 MB, data: 127.522729 MB
--- Unary Path Analysis (FST, cutoff=4) ---
  shared unary steps in main trie: 26453
  terminal suffixes: inplace=0 (avg len=0.00)  links=10000000 (100.0% of terminal)
  link len: avg=10.54  max=11  total_chars=105416542
  link length distribution (len:count):  8:18  9:1442  10:92299  11:4394462  12:5511779
23719.266859,168.524103,677.187542
[PASSED]
[time 39.54 s, user 37.03 s, sys 2.35 s, maxrss 2822764 KB]
[busy 4077 jiffies]
[exit 0]
--- c2 case 1 rec 0   load 1.02 1.00 0.97
[TEST C2-CoCo(LOUDS-Sparse)]
Processing dataset...
Done!
Building trie...
Done!
build time: 15468.437396 ms (1546.843740 ns per key)
space cost: 161.439246 MB (105.800824% of original size 152.587891 MB)
Querying trie...
Done!
total time: 7229.920957 ms, avg latency: 722.992096 ns
topology: 3.310211 MB, link: 34.003298 MB, data: 124.125737 MB
15468.437396,161.439246,722.992096
[PASSED]
[time 31.71 s, user 29.05 s, sys 2.52 s, maxrss 3322276 KB]
[busy 3275 jiffies]
[exit 0]
--- c2 case 1 rec 1   load 1.01 1.00 0.98
[TEST C2-CoCo(LOUDS-Sparse)]
Processing dataset...
Done!
Building trie...
trie size: 46.253762 MB
Done!
build time: 26580.458173 ms (2658.045817 ns per key)
space cost: 161.439246 MB (105.800824% of original size 152.587891 MB)
Querying trie...
Done!
total time: 7189.599682 ms, avg latency: 718.959968 ns
topology: 3.310211 MB, link: 34.003298 MB, data: 124.125737 MB
26580.458173,161.439246,718.959968
[PASSED]
[time 42.77 s, user 39.64 s, sys 2.94 s, maxrss 3791336 KB]
[busy 4415 jiffies]
[exit 0]
--- c2 case 1 rec 2   load 1.00 1.00 0.98
[TEST C2-CoCo(LOUDS-Sparse)]
Processing dataset...
Done!
Building trie...
trie size: 46.253762 MB
Done!
build time: 26524.912092 ms (2652.491209 ns per key)
space cost: 161.439246 MB (105.800824% of original size 152.587891 MB)
Querying trie...
Done!
total time: 7115.980711 ms, avg latency: 711.598071 ns
topology: 3.310211 MB, link: 34.003298 MB, data: 124.125737 MB
26524.912092,161.439246,711.598071
[PASSED]
[time 42.68 s, user 39.60 s, sys 2.90 s, maxrss 3791060 KB]
[busy 4421 jiffies]
[exit 0]
--- c2 case 2 rec 0   load 0.92 0.98 0.98
[TEST C2-MARISA]
Processing dataset...
Done!
Building trie...
trie size: 18.021462 MB
Done!
build time: 11317.830526 ms (1131.783053 ns per key)
space cost: 165.523580 MB (108.477533% of original size 152.587891 MB)
Querying trie...
Done!
total time: 5722.645352 ms, avg latency: 572.264535 ns
topology: 5.929127 MB, link: 32.190027 MB, data: 127.076301 MB
--- Unary Path Analysis (Marisa, cutoff=3) ---
  branches: 12335636  |  single-char: 2309593 (18.7%)  short-unary: 25639 (0.2%)  links: 10000404 (81.1%)
  link len: avg=12.54  max=13  total_chars=125417760
  link length distribution (len:count):  3:398  4:6  9:18  10:1442  11:92299  12:4394462  13:5511779
  short unary avg len: 2.00
11317.830526,165.523580,572.264535
[PASSED]
[time 26.12 s, user 24.04 s, sys 1.96 s, maxrss 2275924 KB]
[busy 2698 jiffies]
[exit 0]
--- c2 case 2 rec 1   load 0.95 0.99 0.98
[TEST C2-MARISA]
Processing dataset...
Done!
Building trie...
trie size: 18.021462 MB
trie size: 46.255407 MB
Done!
build time: 22309.484146 ms (2230.948415 ns per key)
space cost: 165.523580 MB (108.477533% of original size 152.587891 MB)
Querying trie...
Done!
total time: 5686.713756 ms, avg latency: 568.671376 ns
topology: 5.929127 MB, link: 32.190027 MB, data: 127.076301 MB
--- Unary Path Analysis (Marisa, cutoff=3) ---
  branches: 12335636  |  single-char: 2309593 (18.7%)  short-unary: 25639 (0.2%)  links: 10000404 (81.1%)
  link len: avg=12.54  max=13  total_chars=125417760
  link length distribution (len:count):  3:398  4:6  9:18  10:1442  11:92299  12:4394462  13:5511779
  short unary avg len: 2.00
22309.484146,165.523580,568.671376
[PASSED]
[time 37.02 s, user 34.50 s, sys 2.36 s, maxrss 2779540 KB]
[busy 3831 jiffies]
[exit 0]
--- c2 case 2 rec 2   load 0.89 0.97 0.98
[TEST C2-MARISA]
Processing dataset...
Done!
Building trie...
trie size: 18.021462 MB
trie size: 46.255407 MB
Done!
build time: 22247.267847 ms (2224.726785 ns per key)
space cost: 165.523580 MB (108.477533% of original size 152.587891 MB)
Querying trie...
Done!
total time: 5666.656228 ms, avg latency: 566.665623 ns
topology: 5.929127 MB, link: 32.190027 MB, data: 127.076301 MB
--- Unary Path Analysis (Marisa, cutoff=3) ---
  branches: 12335636  |  single-char: 2309593 (18.7%)  short-unary: 25639 (0.2%)  links: 10000404 (81.1%)
  link len: avg=12.54  max=13  total_chars=125417760
  link length distribution (len:count):  3:398  4:6  9:18  10:1442  11:92299  12:4394462  13:5511779
  short unary avg len: 2.00
22247.267847,165.523580,566.665623
[PASSED]
[time 36.95 s, user 34.43 s, sys 2.36 s, maxrss 2779176 KB]
[busy 3817 jiffies]
[exit 0]
--- c2 case 3 rec 0   load 0.94 0.98 0.98
[TEST FST]
Processing dataset...
Done!
Building trie...
Done!
build time: 8771.557736 ms (877.155774 ns per key)
space cost: 166.730864 MB (109.268739% of original size 152.587891 MB)
Querying trie...
Done!
total time: 5435.098464 ms, avg latency: 543.509846 ns
not implemented
8771.557736,166.730864,543.509846
[PASSED]
[time 23.26 s, user 21.99 s, sys 1.17 s, maxrss 1425032 KB]
[busy 2413 jiffies]
[exit 0]
--- c2 case 4 rec 0   load 1.12 1.01 1.00
terminate called after throwing an instance of 'std::bad_alloc'
  what():  std::bad_alloc
timeout: the monitored command dumped core
Command terminated by signal 6
[time 27.76 s, user 15.47 s, sys 12.11 s, maxrss 27784736 KB]
[busy 3005 jiffies]
[exit 134]
--- c2 case 5 rec 0   load 1.07 1.01 1.00
[TEST MARISA]
Processing dataset...
Done!
Building trie...
Done!
build time: 6209.861187 ms (620.986119 ns per key)
space cost: 172.390432 MB (112.977794% of original size 152.587891 MB)
Querying trie...
Done!
total time: 9231.219251 ms, avg latency: 923.121925 ns
not implemented
6209.861187,172.390432,923.121925
[PASSED]
[time 24.43 s, user 22.75 s, sys 1.57 s, maxrss 1755984 KB]
[busy 2525 jiffies]
[exit 0]
--- c2 case 5 rec 1   load 1.05 1.01 1.00
[TEST MARISA]
Processing dataset...
Done!
Building trie...
Done!
build time: 9630.645883 ms (963.064588 ns per key)
space cost: 174.772559 MB (114.538944% of original size 152.587891 MB)
Querying trie...
Done!
total time: 19295.097403 ms, avg latency: 1929.509740 ns
not implemented
9630.645883,174.772559,1929.509740
[PASSED]
[time 37.91 s, user 35.85 s, sys 1.90 s, maxrss 1745828 KB]
[busy 3905 jiffies]
[exit 0]
--- c2 case 5 rec 2   load 0.94 0.99 0.99
[TEST MARISA]
Processing dataset...
Done!
Building trie...
Done!
build time: 12716.187864 ms (1271.618786 ns per key)
space cost: 174.781183 MB (114.544596% of original size 152.587891 MB)
Querying trie...
Done!
total time: 31912.198580 ms, avg latency: 3191.219858 ns
not implemented
12716.187864,174.781183,3191.219858
[PASSED]
[time 53.61 s, user 51.24 s, sys 2.14 s, maxrss 1802144 KB]
[busy 5546 jiffies]
[exit 0]
--- c2 case 6 rec 0   load 0.94 0.98 0.99
[TEST PDT]
Processing dataset...
Done!
Building trie...
dict size: 177886, stream size: 123770486
Done!
build time: 115174.146273 ms (11517.414627 ns per key)
space cost: 130.971906 MB (85.833748% of original size 152.587891 MB)
Querying trie...
Done!
total time: 9286.890959 ms, avg latency: 928.689096 ns
not implemented
115174.146273,130.971906,928.689096
[PASSED]
[time 133.46 s, user 131.00 s, sys 1.94 s, maxrss 2154044 KB]
[busy 13736 jiffies]
[exit 0]
--- c2 case 7 rec 0   load 1.00 1.00 1.00
[TEST ART]
Processing dataset...
Done!
Building trie...
Done!
build time: 1592.713450 ms (159.271345 ns per key)
space cost: 281.783142 MB (184.669400% of original size 152.587891 MB)
Querying trie...
Done!
total time: 2645.476297 ms, avg latency: 264.547630 ns
not implemented
1592.713450,281.783142,264.547630
[PASSED]
[time 13.36 s, user 12.17 s, sys 1.12 s, maxrss 1719084 KB]
[busy 1380 jiffies]
[exit 0]
--- c2 case 8 rec 0   load 1.00 1.00 1.00
[TEST CART]
Processing dataset...
Done!
Building trie...
Done!
build time: 1994.759263 ms (199.475926 ns per key)
space cost: 110.237770 MB (72.245425% of original size 152.587891 MB)
Querying trie...
Done!
total time: 3487.072216 ms, avg latency: 348.707222 ns
not implemented
1994.759263,110.237770,348.707222
[PASSED]
[time 14.58 s, user 13.45 s, sys 1.07 s, maxrss 1556668 KB]
[busy 1501 jiffies]
[exit 0]
--- xcdat 7   load 1.00 1.00 1.00
build time: 10287.428377 ms
space cost: 200.245496 MiB (131.232888% of original size 152.587891 MiB)
avg latency: 398.588843 ns
10287.428377,200.245496,398.588843
[time 23.41 s, user 21.59 s, sys 1.71 s, maxrss 1677752 KB]
[busy 2422 jiffies]
[exit 0]
--- xcdat 8   load 1.00 1.00 1.00
build time: 10497.217204 ms
space cost: 194.729631 MiB (127.618011% of original size 152.587891 MiB)
avg latency: 410.609503 ns
10497.217204,194.729631,410.609503
[time 23.76 s, user 21.98 s, sys 1.67 s, maxrss 1658620 KB]
[busy 2460 jiffies]
[exit 0]
--- xcdat 15   load 1.00 1.00 1.00
build time: 10701.660085 ms
space cost: 206.548369 MiB (135.363539% of original size 152.587891 MiB)
avg latency: 343.960426 ns
10701.660085,206.548369,343.960426
[time 23.28 s, user 21.43 s, sys 1.75 s, maxrss 1674864 KB]
[busy 2410 jiffies]
[exit 0]
--- xcdat 16   load 1.00 1.00 1.00
build time: 10498.628747 ms
space cost: 209.774417 MiB (137.477762% of original size 152.587891 MiB)
avg latency: 359.756684 ns
10498.628747,209.774417,359.756684
[time 23.19 s, user 21.39 s, sys 1.70 s, maxrss 1682096 KB]
[busy 2403 jiffies]
[exit 0]

##### titles-en-10000000 (10000000 lines, 219718589 bytes)   round 1/3   2026-09-19T13:42:02+03:00
--- lexindex dict32   load 1.00 1.00 1.00
10000000 keys
lexindex DictIndex block 32: build 2482 ms, size 59.353 MiB (6.224 B/key), latency cold 685.1 ns, then mean 682.6 / min 682.1 ns
2481.797,59.352907,685.085
[time 36.22 s, user 51.38 s, sys 1.78 s, maxrss 1719800 KB]
[busy 5473 jiffies]
[exit 0]
--- lexindex dict256   load 1.00 1.00 1.00
10000000 keys
lexindex DictIndex block 256: build 2458 ms, size 55.526 MiB (5.822 B/key), latency cold 673.2 ns, then mean 671.9 / min 671.6 ns
2457.750,55.525693,673.160
[time 35.74 s, user 51.23 s, sys 1.73 s, maxrss 1719460 KB]
[busy 5446 jiffies]
[exit 0]
--- lexindex dict1024   load 1.68 1.21 1.07
10000000 keys
lexindex DictIndex block 1024: build 2458 ms, size 53.815 MiB (5.643 B/key), latency cold 695.1 ns, then mean 694.2 / min 693.5 ns
2457.562,53.815133,695.116
[time 36.64 s, user 51.73 s, sys 1.72 s, maxrss 1714768 KB]
[busy 5497 jiffies]
[exit 0]
--- lexindex string   load 1.38 1.18 1.07
10000000 keys
lexindex StringIndex: build 8196 ms, size 126.354 MiB (13.249 B/key), latency cold 788.7 ns, then mean 790.8 / min 789.1 ns
8195.507,126.354340,788.728
[time 46.13 s, user 45.09 s, sys 0.85 s, maxrss 1571560 KB]
[busy 4756 jiffies]
[exit 0]
--- c2 case 0 rec 0   load 1.16 1.15 1.06
[TEST C2-FST]
Processing dataset...
Done!
Building trie...
Done!
build time: 10719.339824 ms (1071.933982 ns per key)
space cost: 86.858212 MB (43.428404% of original size 200.003232 MB)
Querying trie...
Done!
total time: 12056.932662 ms, avg latency: 1205.693266 ns
topology: 11.274200 MB, link: 21.160836 MB, data: 54.423176 MB
--- Unary Path Analysis (FST, cutoff=4) ---
  shared unary steps in main trie: 9042618
  terminal suffixes: inplace=1798982 (avg len=2.14)  links=6599643 (78.6% of terminal)
  link len: avg=9.93  max=234  total_chars=65543603
  link length distribution (len:count):  4:783104  5:760158  6:695828  7:589022  8:475587  9:402890  10:359960  11:287809  12:252754  13:211229  14:291790  15:204192  16:188465  17:134915  18:119234  19:103940  20:94864  21:79457  22:68801  23:57526  24:51335  25:45253  26:43170  27:36068  28:31115  29:26944  30:23808  31:20749  32:18599  33:16316  34:14256  35:12616  36:11654  37:10097  38:8350  39:7410  40:6438  41:5768  42:5227  43:4358  44:3828  45:3564  46:3239  47:2673  48:2418  49:2015  50:1930  51:1676  52:1473  53:1343  54:1226  55:1070  56:979  57:898  58:769  59:736  60:626  61:563  62:597  63:542  64:428  65:419  66:401  67:383  68:320  69:311  70:276  71:263  72:227  73:216  74:189  75:189  76:152  77:176  78:161  79:141  80:122  81:127  82:110  83:97  84:90  85:90  86:88  87:88  88:62  89:58  90:57  91:55  92:60  93:54  94:47  95:39  96:52  97:43  98:41  99:43  100:34  101:29  102:20  103:25  104:38  105:22  106:19  107:21  108:27  109:17  110:17  111:15  112:20  113:20  114:14  115:18  116:19  117:10  118:15  119:19  120:13  121:11  122:5  123:13  124:11  125:8  126:8  127:8  128:10  129:12  130:6  131:9  132:1  133:8  134:7  135:4  136:6  137:4  138:7  139:6  140:3  141:3  142:1  143:5  144:3  145:5  146:2  147:3  148:3  149:8  150:6  151:3  152:5  153:5  154:4  155:5  156:4  157:2  158:2  159:3  160:6  162:6  163:1  164:1  165:3  166:3  167:6  168:2  169:1  170:1  171:3  172:1  173:1  174:3  175:1  176:1  177:2  178:2  179:4  180:1  182:1  184:2  185:1  188:2  189:1  191:1  193:4  194:1  195:1  198:3  199:2  200:1  201:1  204:3  205:2  206:1  208:1  209:4  210:1  211:1  213:1  214:1  215:1  217:1  223:1  224:2  228:1  229:1  230:1  231:1  233:1  235:1
10719.339824,86.858212,1205.693266
[PASSED]
[time 30.67 s, user 29.08 s, sys 1.46 s, maxrss 1462272 KB]
[busy 3181 jiffies]
[exit 0]
--- c2 case 0 rec 1   load 1.10 1.14 1.06
[TEST C2-FST]
Processing dataset...
Done!
Building trie...
trie size: 22.733012 MB
Done!
build time: 12537.816556 ms (1253.781656 ns per key)
space cost: 75.770544 MB (37.884660% of original size 200.003232 MB)
Querying trie...
Done!
total time: 14541.931398 ms, avg latency: 1454.193140 ns
topology: 13.082478 MB, link: 20.816256 MB, data: 41.871811 MB
--- Unary Path Analysis (FST, cutoff=4) ---
  shared unary steps in main trie: 9042618
  terminal suffixes: inplace=1798982 (avg len=2.14)  links=6599643 (78.6% of terminal)
  link len: avg=9.93  max=234  total_chars=65543603
  link length distribution (len:count):  4:783104  5:760158  6:695828  7:589022  8:475587  9:402890  10:359960  11:287809  12:252754  13:211229  14:291790  15:204192  16:188465  17:134915  18:119234  19:103940  20:94864  21:79457  22:68801  23:57526  24:51335  25:45253  26:43170  27:36068  28:31115  29:26944  30:23808  31:20749  32:18599  33:16316  34:14256  35:12616  36:11654  37:10097  38:8350  39:7410  40:6438  41:5768  42:5227  43:4358  44:3828  45:3564  46:3239  47:2673  48:2418  49:2015  50:1930  51:1676  52:1473  53:1343  54:1226  55:1070  56:979  57:898  58:769  59:736  60:626  61:563  62:597  63:542  64:428  65:419  66:401  67:383  68:320  69:311  70:276  71:263  72:227  73:216  74:189  75:189  76:152  77:176  78:161  79:141  80:122  81:127  82:110  83:97  84:90  85:90  86:88  87:88  88:62  89:58  90:57  91:55  92:60  93:54  94:47  95:39  96:52  97:43  98:41  99:43  100:34  101:29  102:20  103:25  104:38  105:22  106:19  107:21  108:27  109:17  110:17  111:15  112:20  113:20  114:14  115:18  116:19  117:10  118:15  119:19  120:13  121:11  122:5  123:13  124:11  125:8  126:8  127:8  128:10  129:12  130:6  131:9  132:1  133:8  134:7  135:4  136:6  137:4  138:7  139:6  140:3  141:3  142:1  143:5  144:3  145:5  146:2  147:3  148:3  149:8  150:6  151:3  152:5  153:5  154:4  155:5  156:4  157:2  158:2  159:3  160:6  162:6  163:1  164:1  165:3  166:3  167:6  168:2  169:1  170:1  171:3  172:1  173:1  174:3  175:1  176:1  177:2  178:2  179:4  180:1  182:1  184:2  185:1  188:2  189:1  191:1  193:4  194:1  195:1  198:3  199:2  200:1  201:1  204:3  205:2  206:1  208:1  209:4  210:1  211:1  213:1  214:1  215:1  217:1  223:1  224:2  228:1  229:1  230:1  231:1  233:1  235:1
12537.816556,75.770544,1454.193140
[PASSED]
[time 34.97 s, user 33.38 s, sys 1.44 s, maxrss 1338692 KB]
[busy 3614 jiffies]
[exit 0]
--- c2 case 0 rec 2   load 1.05 1.12 1.06
[TEST C2-FST]
Processing dataset...
Done!
Building trie...
trie size: 22.733012 MB
trie size: 3.280537 MB
Done!
build time: 13043.137912 ms (1304.313791 ns per key)
space cost: 75.770544 MB (37.884660% of original size 200.003232 MB)
Querying trie...
Done!
total time: 14307.817892 ms, avg latency: 1430.781789 ns
topology: 13.082478 MB, link: 20.816256 MB, data: 41.871811 MB
--- Unary Path Analysis (FST, cutoff=4) ---
  shared unary steps in main trie: 9042618
  terminal suffixes: inplace=1798982 (avg len=2.14)  links=6599643 (78.6% of terminal)
  link len: avg=9.93  max=234  total_chars=65543603
  link length distribution (len:count):  4:783104  5:760158  6:695828  7:589022  8:475587  9:402890  10:359960  11:287809  12:252754  13:211229  14:291790  15:204192  16:188465  17:134915  18:119234  19:103940  20:94864  21:79457  22:68801  23:57526  24:51335  25:45253  26:43170  27:36068  28:31115  29:26944  30:23808  31:20749  32:18599  33:16316  34:14256  35:12616  36:11654  37:10097  38:8350  39:7410  40:6438  41:5768  42:5227  43:4358  44:3828  45:3564  46:3239  47:2673  48:2418  49:2015  50:1930  51:1676  52:1473  53:1343  54:1226  55:1070  56:979  57:898  58:769  59:736  60:626  61:563  62:597  63:542  64:428  65:419  66:401  67:383  68:320  69:311  70:276  71:263  72:227  73:216  74:189  75:189  76:152  77:176  78:161  79:141  80:122  81:127  82:110  83:97  84:90  85:90  86:88  87:88  88:62  89:58  90:57  91:55  92:60  93:54  94:47  95:39  96:52  97:43  98:41  99:43  100:34  101:29  102:20  103:25  104:38  105:22  106:19  107:21  108:27  109:17  110:17  111:15  112:20  113:20  114:14  115:18  116:19  117:10  118:15  119:19  120:13  121:11  122:5  123:13  124:11  125:8  126:8  127:8  128:10  129:12  130:6  131:9  132:1  133:8  134:7  135:4  136:6  137:4  138:7  139:6  140:3  141:3  142:1  143:5  144:3  145:5  146:2  147:3  148:3  149:8  150:6  151:3  152:5  153:5  154:4  155:5  156:4  157:2  158:2  159:3  160:6  162:6  163:1  164:1  165:3  166:3  167:6  168:2  169:1  170:1  171:3  172:1  173:1  174:3  175:1  176:1  177:2  178:2  179:4  180:1  182:1  184:2  185:1  188:2  189:1  191:1  193:4  194:1  195:1  198:3  199:2  200:1  201:1  204:3  205:2  206:1  208:1  209:4  210:1  211:1  213:1  214:1  215:1  217:1  223:1  224:2  228:1  229:1  230:1  231:1  233:1  235:1
13043.137912,75.770544,1430.781789
[PASSED]
[time 35.23 s, user 33.70 s, sys 1.38 s, maxrss 1364028 KB]
[busy 3650 jiffies]
[exit 0]
--- c2 case 1 rec 0   load 0.95 1.09 1.05
[TEST C2-CoCo(LOUDS-Sparse)]
Processing dataset...
Done!
Building trie...
Done!
build time: 24994.015329 ms (2499.401533 ns per key)
space cost: 98.257762 MB (49.128087% of original size 200.003232 MB)
Querying trie...
Done!
total time: 14946.410559 ms, avg latency: 1494.641056 ns
topology: 4.410110 MB, link: 33.095964 MB, data: 60.751687 MB
24994.015329,98.257762,1494.641056
[PASSED]
[time 47.82 s, user 45.27 s, sys 2.35 s, maxrss 3193856 KB]
[busy 4926 jiffies]
[exit 0]
--- c2 case 1 rec 1   load 0.98 1.07 1.04
[TEST C2-CoCo(LOUDS-Sparse)]
Processing dataset...
Done!
Building trie...
trie size: 22.733012 MB
Done!
build time: 26870.222484 ms (2687.022248 ns per key)
space cost: 87.170093 MB (43.584342% of original size 200.003232 MB)
Querying trie...
Done!
total time: 16985.603575 ms, avg latency: 1698.560358 ns
topology: 6.218388 MB, link: 32.751384 MB, data: 48.200322 MB
26870.222484,87.170093,1698.560358
[PASSED]
[time 51.73 s, user 49.19 s, sys 2.31 s, maxrss 3066040 KB]
[busy 5335 jiffies]
[exit 0]
--- c2 case 1 rec 2   load 0.99 1.06 1.04
[TEST C2-CoCo(LOUDS-Sparse)]
Processing dataset...
Done!
Building trie...
trie size: 22.733012 MB
trie size: 3.280537 MB
Done!
build time: 27376.020276 ms (2737.602028 ns per key)
space cost: 87.170093 MB (43.584342% of original size 200.003232 MB)
Querying trie...
Done!
total time: 17017.363773 ms, avg latency: 1701.736377 ns
topology: 6.218388 MB, link: 32.751384 MB, data: 48.200322 MB
27376.020276,87.170093,1701.736377
[PASSED]
[time 52.29 s, user 49.80 s, sys 2.27 s, maxrss 3089980 KB]
[busy 5396 jiffies]
[exit 0]
--- c2 case 2 rec 0   load 0.92 1.03 1.03
[TEST C2-MARISA]
Processing dataset...
Done!
Building trie...
trie size: 23.317092 MB
Done!
build time: 10593.113776 ms (1059.311378 ns per key)
space cost: 78.192151 MB (39.095444% of original size 200.003232 MB)
Querying trie...
Done!
total time: 8047.801072 ms, avg latency: 804.780107 ns
topology: 7.694263 MB, link: 27.912508 MB, data: 42.257255 MB
--- Unary Path Analysis (Marisa, cutoff=3) ---
  branches: 15080896  |  single-char: 4578086 (30.4%)  short-unary: 1137672 (7.5%)  links: 9365138 (62.1%)
  link len: avg=9.96  max=236  total_chars=93261704
  link length distribution (len:count):  3:947829  4:986562  5:965254  6:903368  7:803217  8:675232  9:535160  10:448828  11:393655  12:313562  13:273926  14:228549  15:306731  16:216481  17:200904  18:144129  19:127804  20:110710  21:100724  22:84358  23:73263  24:61276  25:54434  26:48000  27:45573  28:38180  29:33095  30:28718  31:25581  32:22213  33:19884  34:17374  35:15159  36:13408  37:12318  38:10537  39:8786  40:7764  41:6832  42:6052  43:5427  44:4522  45:3945  46:3695  47:3344  48:2764  49:2509  50:2081  51:1977  52:1721  53:1517  54:1388  55:1255  56:1097  57:1012  58:930  59:785  60:751  61:645  62:578  63:614  64:560  65:436  66:431  67:412  68:392  69:332  70:320  71:285  72:270  73:233  74:225  75:193  76:195  77:155  78:178  79:164  80:147  81:126  82:131  83:112  84:98  85:95  86:92  87:89  88:91  89:63  90:58  91:59  92:55  93:61  94:54  95:48  96:42  97:53  98:43  99:42  100:44  101:35  102:30  103:20  104:25  105:38  106:22  107:19  108:21  109:27  110:17  111:18  112:16  113:20  114:20  115:15  116:18  117:20  118:11  119:16  120:19  121:14  122:12  123:5  124:13  125:12  126:8  127:9  128:8  129:10  130:13  131:6  132:9  133:1  134:8  135:7  136:5  137:7  138:4  139:7  140:6  141:3  142:3  143:1  144:5  145:3  146:5  147:2  148:3  149:3  150:8  151:6  152:3  153:6  154:5  155:4  156:5  157:4  158:2  159:2  160:3  161:6  163:6  164:1  165:1  166:3  167:3  168:6  169:2  170:1  171:1  172:3  173:1  174:1  175:3  176:1  177:1  178:2  179:2  180:4  181:1  183:1  185:3  186:1  189:2  190:1  192:1  194:4  195:2  196:1  199:3  200:3  201:1  202:1  205:3  206:2  207:1  209:1  210:4  211:1  212:1  214:1  215:1  216:1  218:1  224:1  225:2  229:1  230:1  231:1  232:1  234:1  235:1  236:1
  short unary avg len: 2.00
10593.113776,78.192151,804.780107
[PASSED]
[time 26.49 s, user 24.78 s, sys 1.60 s, maxrss 1608372 KB]
[busy 2755 jiffies]
[exit 0]
--- c2 case 2 rec 1   load 0.95 1.03 1.03
[TEST C2-MARISA]
Processing dataset...
Done!
Building trie...
trie size: 23.317092 MB
trie size: 32.530715 MB
Done!
build time: 12789.358070 ms (1278.935807 ns per key)
space cost: 64.832272 MB (32.415612% of original size 200.003232 MB)
Querying trie...
Done!
total time: 11557.382382 ms, avg latency: 1155.738238 ns
topology: 9.978737 MB, link: 28.205211 MB, data: 26.320199 MB
--- Unary Path Analysis (Marisa, cutoff=3) ---
  branches: 15080896  |  single-char: 4578086 (30.4%)  short-unary: 1137672 (7.5%)  links: 9365138 (62.1%)
  link len: avg=9.96  max=236  total_chars=93261704
  link length distribution (len:count):  3:947829  4:986562  5:965254  6:903368  7:803217  8:675232  9:535160  10:448828  11:393655  12:313562  13:273926  14:228549  15:306731  16:216481  17:200904  18:144129  19:127804  20:110710  21:100724  22:84358  23:73263  24:61276  25:54434  26:48000  27:45573  28:38180  29:33095  30:28718  31:25581  32:22213  33:19884  34:17374  35:15159  36:13408  37:12318  38:10537  39:8786  40:7764  41:6832  42:6052  43:5427  44:4522  45:3945  46:3695  47:3344  48:2764  49:2509  50:2081  51:1977  52:1721  53:1517  54:1388  55:1255  56:1097  57:1012  58:930  59:785  60:751  61:645  62:578  63:614  64:560  65:436  66:431  67:412  68:392  69:332  70:320  71:285  72:270  73:233  74:225  75:193  76:195  77:155  78:178  79:164  80:147  81:126  82:131  83:112  84:98  85:95  86:92  87:89  88:91  89:63  90:58  91:59  92:55  93:61  94:54  95:48  96:42  97:53  98:43  99:42  100:44  101:35  102:30  103:20  104:25  105:38  106:22  107:19  108:21  109:27  110:17  111:18  112:16  113:20  114:20  115:15  116:18  117:20  118:11  119:16  120:19  121:14  122:12  123:5  124:13  125:12  126:8  127:9  128:8  129:10  130:13  131:6  132:9  133:1  134:8  135:7  136:5  137:7  138:4  139:7  140:6  141:3  142:3  143:1  144:5  145:3  146:5  147:2  148:3  149:3  150:8  151:6  152:3  153:6  154:5  155:4  156:5  157:4  158:2  159:2  160:3  161:6  163:6  164:1  165:1  166:3  167:3  168:6  169:2  170:1  171:1  172:3  173:1  174:1  175:3  176:1  177:1  178:2  179:2  180:4  181:1  183:1  185:3  186:1  189:2  190:1  192:1  194:4  195:2  196:1  199:3  200:3  201:1  202:1  205:3  206:2  207:1  209:1  210:4  211:1  212:1  214:1  215:1  216:1  218:1  224:1  225:2  229:1  230:1  231:1  232:1  234:1  235:1  236:1
  short unary avg len: 2.00
12789.358070,64.832272,1155.738238
[PASSED]
[time 32.29 s, user 30.58 s, sys 1.55 s, maxrss 1466088 KB]
[busy 3526 jiffies]
[exit 0]
--- c2 case 2 rec 2   load 0.89 1.01 1.02
[TEST C2-MARISA]
Processing dataset...
Done!
Building trie...
trie size: 23.317092 MB
trie size: 32.530715 MB
trie size: 4.028131 MB
Done!
build time: 13980.029631 ms (1398.002963 ns per key)
space cost: 64.832272 MB (32.415612% of original size 200.003232 MB)
Querying trie...
Done!
total time: 11551.186186 ms, avg latency: 1155.118619 ns
topology: 9.978737 MB, link: 28.205211 MB, data: 26.320199 MB
--- Unary Path Analysis (Marisa, cutoff=3) ---
  branches: 15080896  |  single-char: 4578086 (30.4%)  short-unary: 1137672 (7.5%)  links: 9365138 (62.1%)
  link len: avg=9.96  max=236  total_chars=93261704
  link length distribution (len:count):  3:947829  4:986562  5:965254  6:903368  7:803217  8:675232  9:535160  10:448828  11:393655  12:313562  13:273926  14:228549  15:306731  16:216481  17:200904  18:144129  19:127804  20:110710  21:100724  22:84358  23:73263  24:61276  25:54434  26:48000  27:45573  28:38180  29:33095  30:28718  31:25581  32:22213  33:19884  34:17374  35:15159  36:13408  37:12318  38:10537  39:8786  40:7764  41:6832  42:6052  43:5427  44:4522  45:3945  46:3695  47:3344  48:2764  49:2509  50:2081  51:1977  52:1721  53:1517  54:1388  55:1255  56:1097  57:1012  58:930  59:785  60:751  61:645  62:578  63:614  64:560  65:436  66:431  67:412  68:392  69:332  70:320  71:285  72:270  73:233  74:225  75:193  76:195  77:155  78:178  79:164  80:147  81:126  82:131  83:112  84:98  85:95  86:92  87:89  88:91  89:63  90:58  91:59  92:55  93:61  94:54  95:48  96:42  97:53  98:43  99:42  100:44  101:35  102:30  103:20  104:25  105:38  106:22  107:19  108:21  109:27  110:17  111:18  112:16  113:20  114:20  115:15  116:18  117:20  118:11  119:16  120:19  121:14  122:12  123:5  124:13  125:12  126:8  127:9  128:8  129:10  130:13  131:6  132:9  133:1  134:8  135:7  136:5  137:7  138:4  139:7  140:6  141:3  142:3  143:1  144:5  145:3  146:5  147:2  148:3  149:3  150:8  151:6  152:3  153:6  154:5  155:4  156:5  157:4  158:2  159:2  160:3  161:6  163:6  164:1  165:1  166:3  167:3  168:6  169:2  170:1  171:1  172:3  173:1  174:1  175:3  176:1  177:1  178:2  179:2  180:4  181:1  183:1  185:3  186:1  189:2  190:1  192:1  194:4  195:2  196:1  199:3  200:3  201:1  202:1  205:3  206:2  207:1  209:1  210:4  211:1  212:1  214:1  215:1  216:1  218:1  224:1  225:2  229:1  230:1  231:1  232:1  234:1  235:1  236:1
  short unary avg len: 2.00
13980.029631,64.832272,1155.118619
[PASSED]
[time 33.78 s, user 32.04 s, sys 1.54 s, maxrss 1496300 KB]
[busy 4127 jiffies]
[exit 0]
--- c2 case 3 rec 0   load 1.10 1.05 1.03
[TEST FST]
Processing dataset...
Done!
Building trie...
Done!
build time: 10317.723193 ms (1031.772319 ns per key)
space cost: 86.740355 MB (43.369476% of original size 200.003232 MB)
Querying trie...
Done!
total time: 15225.659503 ms, avg latency: 1522.565950 ns
not implemented
10317.723193,86.740355,1522.565950
[PASSED]
[time 33.75 s, user 32.49 s, sys 0.97 s, maxrss 1233256 KB]
[busy 4025 jiffies]
[exit 0]
--- c2 case 4 rec 0   load 1.17 1.08 1.04
terminate called after throwing an instance of 'std::bad_alloc'
  what():  std::bad_alloc
timeout: the monitored command dumped core
Command terminated by signal 6
[time 29.19 s, user 15.87 s, sys 13.02 s, maxrss 27784968 KB]
[busy 4689 jiffies]
[exit 134]
--- c2 case 5 rec 0   load 1.16 1.08 1.04
[TEST MARISA]
Processing dataset...
Done!
Building trie...
Done!
build time: 7621.188007 ms (762.118801 ns per key)
space cost: 79.225293 MB (39.612006% of original size 200.003232 MB)
Querying trie...
Done!
total time: 14675.295263 ms, avg latency: 1467.529526 ns
not implemented
7621.188007,79.225293,1467.529526
[PASSED]
[time 31.04 s, user 29.28 s, sys 1.61 s, maxrss 1612216 KB]
[busy 5021 jiffies]
[exit 0]
--- c2 case 5 rec 1   load 1.48 1.17 1.07
[TEST MARISA]
Processing dataset...
Done!
Building trie...
Done!
build time: 7763.880286 ms (776.388029 ns per key)
space cost: 58.000221 MB (28.999642% of original size 200.003232 MB)
Querying trie...
Done!
total time: 14304.051773 ms, avg latency: 1430.405177 ns
not implemented
7763.880286,58.000221,1430.405177
[PASSED]
[time 29.82 s, user 28.17 s, sys 1.52 s, maxrss 1612048 KB]
[busy 3059 jiffies]
[exit 0]
--- c2 case 5 rec 2   load 1.29 1.15 1.07
[TEST MARISA]
Processing dataset...
Done!
Building trie...
Done!
build time: 7915.966441 ms (791.596644 ns per key)
space cost: 54.499722 MB (27.249420% of original size 200.003232 MB)
Querying trie...
Done!
total time: 14995.876988 ms, avg latency: 1499.587699 ns
not implemented
7915.966441,54.499722,1499.587699
[PASSED]
[time 30.68 s, user 29.07 s, sys 1.48 s, maxrss 1612248 KB]
[busy 3170 jiffies]
[exit 0]
--- c2 case 6 rec 0   load 1.08 1.12 1.06
[TEST PDT]
Processing dataset...
Done!
Building trie...
dict size: 157532, stream size: 58361417
Done!
build time: 27164.307755 ms (2716.430775 ns per key)
space cost: 68.573545 MB (34.286219% of original size 200.003232 MB)
Querying trie...
Done!
total time: 11408.672443 ms, avg latency: 1140.867244 ns
not implemented
27164.307755,68.573545,1140.867244
[PASSED]
[time 46.49 s, user 44.82 s, sys 1.47 s, maxrss 1316880 KB]
[busy 5101 jiffies]
[exit 0]
--- c2 case 7 rec 0   load 1.10 1.12 1.06
[TEST ART]
Processing dataset...
Done!
Building trie...
Done!
build time: 1982.329775 ms (198.232978 ns per key)
space cost: 339.123360 MB (169.558940% of original size 200.003232 MB)
Querying trie...
Done!
total time: 7074.994916 ms, avg latency: 707.499492 ns
not implemented
1982.329775,339.123360,707.499492
[PASSED]
[time 16.98 s, user 15.74 s, sys 1.16 s, maxrss 1739208 KB]
[busy 1752 jiffies]
[exit 0]
--- c2 case 8 rec 0   load 0.99 1.09 1.06
[TEST CART]
Processing dataset...
Done!
Building trie...
Done!
build time: 2598.933461 ms (259.893346 ns per key)
space cost: 157.938812 MB (78.968130% of original size 200.003232 MB)
Querying trie...
Done!
total time: 7459.998200 ms, avg latency: 745.999820 ns
not implemented
2598.933461,157.938812,745.999820
[PASSED]
[time 17.98 s, user 16.76 s, sys 1.14 s, maxrss 1617924 KB]
[busy 1852 jiffies]
[exit 0]
--- xcdat 7   load 0.99 1.09 1.05
build time: 7466.075333 ms
space cost: 112.423756 MiB (56.210969% of original size 200.003232 MiB)
avg latency: 740.841767 ns
7466.075333,112.423756,740.841767
[time 22.77 s, user 21.17 s, sys 1.50 s, maxrss 1456696 KB]
[busy 2334 jiffies]
[exit 0]
--- xcdat 8   load 1.00 1.08 1.05
build time: 7113.401657 ms
space cost: 108.349843 MiB (54.174046% of original size 200.003232 MiB)
avg latency: 674.715489 ns
7113.401657,108.349843,674.715489
[time 21.74 s, user 20.15 s, sys 1.49 s, maxrss 1452308 KB]
[busy 2239 jiffies]
[exit 0]
--- xcdat 15   load 1.00 1.07 1.05
build time: 7392.712027 ms
space cost: 133.023680 MiB (66.510765% of original size 200.003232 MiB)
avg latency: 568.142047 ns
7392.712027,133.023680,568.142047
[time 20.97 s, user 19.39 s, sys 1.49 s, maxrss 1503828 KB]
[busy 2152 jiffies]
[exit 0]
--- xcdat 16   load 1.00 1.07 1.05
build time: 7102.941847 ms
space cost: 139.139603 MiB (69.568677% of original size 200.003232 MiB)
avg latency: 616.061060 ns
7102.941847,139.139603,616.061060
[time 21.12 s, user 19.48 s, sys 1.54 s, maxrss 1507832 KB]
[busy 2170 jiffies]
[exit 0]

##### urls-10000000 (10000000 lines, 533677969 bytes)   round 1/3   2026-09-19T13:56:10+03:00
--- lexindex dict32   load 0.92 1.04 1.04
10000000 keys
lexindex DictIndex block 32: build 2535 ms, size 68.900 MiB (7.225 B/key), latency cold 792.5 ns, then mean 791.9 / min 791.2 ns
2535.471,68.900438,792.512
[time 41.35 s, user 57.24 s, sys 1.68 s, maxrss 2300712 KB]
[busy 6033 jiffies]
[exit 0]
--- lexindex dict256   load 0.96 1.03 1.04
10000000 keys
lexindex DictIndex block 256: build 2586 ms, size 55.922 MiB (5.864 B/key), latency cold 770.5 ns, then mean 768.4 / min 768.1 ns
2586.023,55.922069,770.548
[time 40.49 s, user 56.99 s, sys 1.75 s, maxrss 2276548 KB]
[busy 6021 jiffies]
[exit 0]
--- lexindex dict1024   load 0.98 1.03 1.03
10000000 keys
lexindex DictIndex block 1024: build 2558 ms, size 53.339 MiB (5.593 B/key), latency cold 771.0 ns, then mean 789.2 / min 770.5 ns
2558.325,53.338564,771.031
[time 41.10 s, user 57.04 s, sys 1.75 s, maxrss 2263936 KB]
[busy 6121 jiffies]
[exit 0]
--- lexindex string   load 1.73 1.26 1.11
10000000 keys
lexindex StringIndex: build 9341 ms, size 124.922 MiB (13.099 B/key), latency cold 931.6 ns, then mean 936.2 / min 935.6 ns
9341.269,124.921756,931.646
[time 53.79 s, user 52.39 s, sys 1.18 s, maxrss 2136728 KB]
[busy 5507 jiffies]
[exit 0]
--- c2 case 0 rec 0   load 1.29 1.21 1.10
[TEST C2-FST]
Processing dataset...
Done!
Building trie...
Done!
build time: 12138.583245 ms (1213.858324 ns per key)
space cost: 89.769738 MB (17.974862% of original size 499.418229 MB)
Querying trie...
Done!
total time: 15629.729708 ms, avg latency: 1562.972971 ns
topology: 11.665031 MB, link: 21.507524 MB, data: 56.597183 MB
--- Unary Path Analysis (FST, cutoff=4) ---
  shared unary steps in main trie: 10222647
  terminal suffixes: inplace=1703226 (avg len=2.16)  links=6715973 (79.8% of terminal)
  link len: avg=10.80  max=659  total_chars=72556931
  link length distribution (len:count):  4:696901  5:673915  6:668087  7:559938  8:460143  9:408987  10:371411  11:317336  12:286791  13:230146  14:219886  15:194657  16:260212  17:141485  18:132694  19:152516  20:142603  21:91996  22:80093  23:71031  24:65911  25:55655  26:49759  27:43541  28:39655  29:33371  30:31744  31:26630  32:22544  33:19836  34:17416  35:15244  36:14777  37:12475  38:10684  39:9704  40:8252  41:7414  42:7187  43:6077  44:4975  45:4415  46:4008  47:3641  48:3548  49:3129  50:2543  51:2408  52:2048  53:1756  54:1822  55:1758  56:1478  57:1179  58:1174  59:1028  60:1021  61:1008  62:800  63:782  64:703  65:577  66:564  67:679  68:553  69:459  70:394  71:348  72:410  73:498  74:336  75:309  76:287  77:230  78:220  79:262  80:269  81:251  82:214  83:163  84:154  85:231  86:178  87:132  88:144  89:127  90:127  91:212  92:153  93:106  94:107  95:76  96:81  97:157  98:106  99:86  100:109  101:82  102:64  103:107  104:90  105:70  106:58  107:55  108:63  109:130  110:83  111:45  112:41  113:46  114:39  115:60  116:60  117:41  118:52  119:37  120:39  121:51  122:48  123:30  124:24  125:39  126:42  127:48  128:44  129:34  130:23  131:19  132:20  133:26  134:27  135:27  136:16  137:30  138:27  139:16  140:24  141:15  142:13  143:23  144:25  145:30  146:25  147:14  148:7  149:15  150:16  151:9  152:19  153:25  154:20  155:19  156:17  157:10  158:12  159:18  160:5  161:5  162:9  163:10  164:14  165:17  166:11  167:8  168:6  169:2  170:5  171:9  172:11  173:14  174:10  175:6  176:8  177:8  178:8  179:7  180:8  181:5  182:7  183:9  184:6  185:5  186:4  187:6  188:7  189:12  190:7  191:5  192:3  193:7  194:3  195:5  196:2  197:4  198:3  199:6  200:8  201:7  202:9  204:4  205:5  206:5  207:1  208:12  209:3  210:7  211:2  212:2  213:2  214:4  215:2  216:4  217:3  218:6  219:4  220:3  221:3  222:2  223:4  224:2  225:3  226:3  227:3  228:3  229:1  231:4  232:1  233:1  234:2  235:2  236:4  237:4  238:2  239:1  240:1  241:1  242:1  243:5  245:2  246:2  247:2  249:1  250:1  251:1  252:3  254:3  255:6  256:2  257:2  259:1  260:1  261:4  262:3  263:1  264:1  265:1  268:4  270:1  271:1  272:1  273:1  274:1  276:2  280:1  285:1  286:1  287:1  293:1  294:1  300:1  303:1  304:2  305:2  307:1  310:1  318:1  322:1  327:1  328:2  329:3  330:1  333:1  336:1  340:2  347:1  348:1  350:2  352:1  355:1  367:1  379:1  386:1  391:1  419:1  442:1  446:3  449:1  596:1  649:1  660:1
12138.583245,89.769738,1562.972971
[PASSED]
[time 37.82 s, user 35.80 s, sys 1.86 s, maxrss 2073564 KB]
[busy 3876 jiffies]
[exit 0]
--- c2 case 0 rec 1   load 1.07 1.17 1.09
[TEST C2-FST]
Processing dataset...
Done!
Building trie...
trie size: 23.143724 MB
Done!
build time: 14147.725606 ms (1414.772561 ns per key)
space cost: 78.247462 MB (15.667723% of original size 499.418229 MB)
Querying trie...
Done!
total time: 18287.148714 ms, avg latency: 1828.714871 ns
topology: 13.508587 MB, link: 21.314508 MB, data: 43.424367 MB
--- Unary Path Analysis (FST, cutoff=4) ---
  shared unary steps in main trie: 10222647
  terminal suffixes: inplace=1703226 (avg len=2.16)  links=6715973 (79.8% of terminal)
  link len: avg=10.80  max=659  total_chars=72556931
  link length distribution (len:count):  4:696901  5:673915  6:668087  7:559938  8:460143  9:408987  10:371411  11:317336  12:286791  13:230146  14:219886  15:194657  16:260212  17:141485  18:132694  19:152516  20:142603  21:91996  22:80093  23:71031  24:65911  25:55655  26:49759  27:43541  28:39655  29:33371  30:31744  31:26630  32:22544  33:19836  34:17416  35:15244  36:14777  37:12475  38:10684  39:9704  40:8252  41:7414  42:7187  43:6077  44:4975  45:4415  46:4008  47:3641  48:3548  49:3129  50:2543  51:2408  52:2048  53:1756  54:1822  55:1758  56:1478  57:1179  58:1174  59:1028  60:1021  61:1008  62:800  63:782  64:703  65:577  66:564  67:679  68:553  69:459  70:394  71:348  72:410  73:498  74:336  75:309  76:287  77:230  78:220  79:262  80:269  81:251  82:214  83:163  84:154  85:231  86:178  87:132  88:144  89:127  90:127  91:212  92:153  93:106  94:107  95:76  96:81  97:157  98:106  99:86  100:109  101:82  102:64  103:107  104:90  105:70  106:58  107:55  108:63  109:130  110:83  111:45  112:41  113:46  114:39  115:60  116:60  117:41  118:52  119:37  120:39  121:51  122:48  123:30  124:24  125:39  126:42  127:48  128:44  129:34  130:23  131:19  132:20  133:26  134:27  135:27  136:16  137:30  138:27  139:16  140:24  141:15  142:13  143:23  144:25  145:30  146:25  147:14  148:7  149:15  150:16  151:9  152:19  153:25  154:20  155:19  156:17  157:10  158:12  159:18  160:5  161:5  162:9  163:10  164:14  165:17  166:11  167:8  168:6  169:2  170:5  171:9  172:11  173:14  174:10  175:6  176:8  177:8  178:8  179:7  180:8  181:5  182:7  183:9  184:6  185:5  186:4  187:6  188:7  189:12  190:7  191:5  192:3  193:7  194:3  195:5  196:2  197:4  198:3  199:6  200:8  201:7  202:9  204:4  205:5  206:5  207:1  208:12  209:3  210:7  211:2  212:2  213:2  214:4  215:2  216:4  217:3  218:6  219:4  220:3  221:3  222:2  223:4  224:2  225:3  226:3  227:3  228:3  229:1  231:4  232:1  233:1  234:2  235:2  236:4  237:4  238:2  239:1  240:1  241:1  242:1  243:5  245:2  246:2  247:2  249:1  250:1  251:1  252:3  254:3  255:6  256:2  257:2  259:1  260:1  261:4  262:3  263:1  264:1  265:1  268:4  270:1  271:1  272:1  273:1  274:1  276:2  280:1  285:1  286:1  287:1  293:1  294:1  300:1  303:1  304:2  305:2  307:1  310:1  318:1  322:1  327:1  328:2  329:3  330:1  333:1  336:1  340:2  347:1  348:1  350:2  352:1  355:1  367:1  379:1  386:1  391:1  419:1  442:1  446:3  449:1  596:1  649:1  660:1
14147.725606,78.247462,1828.714871
[PASSED]
[time 42.43 s, user 40.39 s, sys 1.85 s, maxrss 2062008 KB]
[busy 4349 jiffies]
[exit 0]
--- c2 case 0 rec 2   load 1.03 1.15 1.08
[TEST C2-FST]
Processing dataset...
Done!
Building trie...
trie size: 23.143724 MB
trie size: 3.515203 MB
Done!
build time: 14700.622714 ms (1470.062271 ns per key)
space cost: 78.247462 MB (15.667723% of original size 499.418229 MB)
Querying trie...
Done!
total time: 18454.315297 ms, avg latency: 1845.431530 ns
topology: 13.508587 MB, link: 21.314508 MB, data: 43.424367 MB
--- Unary Path Analysis (FST, cutoff=4) ---
  shared unary steps in main trie: 10222647
  terminal suffixes: inplace=1703226 (avg len=2.16)  links=6715973 (79.8% of terminal)
  link len: avg=10.80  max=659  total_chars=72556931
  link length distribution (len:count):  4:696901  5:673915  6:668087  7:559938  8:460143  9:408987  10:371411  11:317336  12:286791  13:230146  14:219886  15:194657  16:260212  17:141485  18:132694  19:152516  20:142603  21:91996  22:80093  23:71031  24:65911  25:55655  26:49759  27:43541  28:39655  29:33371  30:31744  31:26630  32:22544  33:19836  34:17416  35:15244  36:14777  37:12475  38:10684  39:9704  40:8252  41:7414  42:7187  43:6077  44:4975  45:4415  46:4008  47:3641  48:3548  49:3129  50:2543  51:2408  52:2048  53:1756  54:1822  55:1758  56:1478  57:1179  58:1174  59:1028  60:1021  61:1008  62:800  63:782  64:703  65:577  66:564  67:679  68:553  69:459  70:394  71:348  72:410  73:498  74:336  75:309  76:287  77:230  78:220  79:262  80:269  81:251  82:214  83:163  84:154  85:231  86:178  87:132  88:144  89:127  90:127  91:212  92:153  93:106  94:107  95:76  96:81  97:157  98:106  99:86  100:109  101:82  102:64  103:107  104:90  105:70  106:58  107:55  108:63  109:130  110:83  111:45  112:41  113:46  114:39  115:60  116:60  117:41  118:52  119:37  120:39  121:51  122:48  123:30  124:24  125:39  126:42  127:48  128:44  129:34  130:23  131:19  132:20  133:26  134:27  135:27  136:16  137:30  138:27  139:16  140:24  141:15  142:13  143:23  144:25  145:30  146:25  147:14  148:7  149:15  150:16  151:9  152:19  153:25  154:20  155:19  156:17  157:10  158:12  159:18  160:5  161:5  162:9  163:10  164:14  165:17  166:11  167:8  168:6  169:2  170:5  171:9  172:11  173:14  174:10  175:6  176:8  177:8  178:8  179:7  180:8  181:5  182:7  183:9  184:6  185:5  186:4  187:6  188:7  189:12  190:7  191:5  192:3  193:7  194:3  195:5  196:2  197:4  198:3  199:6  200:8  201:7  202:9  204:4  205:5  206:5  207:1  208:12  209:3  210:7  211:2  212:2  213:2  214:4  215:2  216:4  217:3  218:6  219:4  220:3  221:3  222:2  223:4  224:2  225:3  226:3  227:3  228:3  229:1  231:4  232:1  233:1  234:2  235:2  236:4  237:4  238:2  239:1  240:1  241:1  242:1  243:5  245:2  246:2  247:2  249:1  250:1  251:1  252:3  254:3  255:6  256:2  257:2  259:1  260:1  261:4  262:3  263:1  264:1  265:1  268:4  270:1  271:1  272:1  273:1  274:1  276:2  280:1  285:1  286:1  287:1  293:1  294:1  300:1  303:1  304:2  305:2  307:1  310:1  318:1  322:1  327:1  328:2  329:3  330:1  333:1  336:1  340:2  347:1  348:1  350:2  352:1  355:1  367:1  379:1  386:1  391:1  419:1  442:1  446:3  449:1  596:1  649:1  660:1
14700.622714,78.247462,1845.431530
[PASSED]
[time 43.19 s, user 41.16 s, sys 1.85 s, maxrss 2061756 KB]
[busy 4422 jiffies]
[exit 0]
--- c2 case 1 rec 0   load 1.01 1.12 1.08
[TEST C2-CoCo(LOUDS-Sparse)]
Processing dataset...
Done!
Building trie...
Done!
build time: 28962.424711 ms (2896.242471 ns per key)
space cost: 94.593055 MB (18.940649% of original size 499.418229 MB)
Querying trie...
Done!
total time: 15995.997822 ms, avg latency: 1599.599782 ns
topology: 4.283638 MB, link: 32.108927 MB, data: 58.200490 MB
28962.424711,94.593055,1599.599782
[PASSED]
[time 54.98 s, user 51.99 s, sys 2.76 s, maxrss 3698592 KB]
[busy 5625 jiffies]
[exit 0]
--- c2 case 1 rec 1   load 1.00 1.10 1.07
[TEST C2-CoCo(LOUDS-Sparse)]
Processing dataset...
Done!
Building trie...
trie size: 23.143724 MB
Done!
build time: 30911.518327 ms (3091.151833 ns per key)
space cost: 83.070779 MB (16.633510% of original size 499.418229 MB)
Querying trie...
Done!
total time: 18820.421457 ms, avg latency: 1882.042146 ns
topology: 6.127193 MB, link: 31.915912 MB, data: 45.027674 MB
30911.518327,83.070779,1882.042146
[PASSED]
[time 59.79 s, user 56.83 s, sys 2.71 s, maxrss 3571796 KB]
[busy 6132 jiffies]
[exit 0]
--- c2 case 1 rec 2   load 1.04 1.09 1.07
[TEST C2-CoCo(LOUDS-Sparse)]
Processing dataset...
Done!
Building trie...
trie size: 23.143724 MB
trie size: 3.515203 MB
Done!
build time: 31431.002665 ms (3143.100267 ns per key)
space cost: 83.070779 MB (16.633510% of original size 499.418229 MB)
Querying trie...
Done!
total time: 18720.168706 ms, avg latency: 1872.016871 ns
topology: 6.127193 MB, link: 31.915912 MB, data: 45.027674 MB
31431.002665,83.070779,1872.016871
[PASSED]
[time 60.16 s, user 57.19 s, sys 2.73 s, maxrss 3592860 KB]
[busy 6169 jiffies]
[exit 0]
--- c2 case 2 rec 0   load 0.93 1.06 1.06
[TEST C2-MARISA]
Processing dataset...
Done!
Building trie...
trie size: 23.210503 MB
Done!
build time: 11998.983571 ms (1199.898357 ns per key)
space cost: 79.565398 MB (15.931617% of original size 499.418229 MB)
Querying trie...
Done!
total time: 8997.809697 ms, avg latency: 899.780970 ns
topology: 7.658741 MB, link: 28.820719 MB, data: 42.757813 MB
--- Unary Path Analysis (Marisa, cutoff=3) ---
  branches: 15006864  |  single-char: 4344202 (28.9%)  short-unary: 992777 (6.6%)  links: 9669885 (64.4%)
  link len: avg=10.53  max=661  total_chars=101846674
  link length distribution (len:count):  3:979135  4:1063854  5:889005  6:816748  7:783836  8:655792  9:527524  10:470175  11:410531  12:348158  13:310501  14:249595  15:236303  16:208521  17:272348  18:152006  19:142197  20:160137  21:150517  22:97740  23:85053  24:75097  25:69397  26:58698  27:52492  28:46035  29:41825  30:35181  31:33558  32:28138  33:24094  34:21147  35:18522  36:16174  37:15646  38:13222  39:11318  40:10241  41:8684  42:7727  43:7580  44:6353  45:5175  46:4565  47:4156  48:3773  49:3667  50:3232  51:2627  52:2472  53:2112  54:1827  55:1870  56:1795  57:1516  58:1219  59:1198  60:1058  61:1063  62:1033  63:824  64:809  65:724  66:596  67:588  68:699  69:566  70:477  71:404  72:358  73:423  74:508  75:343  76:316  77:296  78:242  79:228  80:271  81:278  82:260  83:218  84:168  85:161  86:237  87:180  88:132  89:149  90:129  91:130  92:217  93:157  94:107  95:107  96:78  97:83  98:157  99:108  100:88  101:113  102:83  103:68  104:108  105:90  106:73  107:60  108:55  109:66  110:134  111:84  112:45  113:42  114:46  115:41  116:61  117:60  118:41  119:55  120:38  121:39  122:51  123:48  124:32  125:24  126:41  127:42  128:50  129:45  130:34  131:23  132:21  133:21  134:26  135:27  136:27  137:16  138:30  139:28  140:17  141:24  142:16  143:13  144:23  145:25  146:30  147:25  148:14  149:7  150:15  151:16  152:9  153:20  154:26  155:21  156:19  157:17  158:10  159:13  160:18  161:5  162:5  163:10  164:10  165:15  166:17  167:11  168:8  169:6  170:2  171:5  172:9  173:11  174:14  175:10  176:6  177:8  178:9  179:8  180:7  181:8  182:5  183:7  184:9  185:7  186:5  187:4  188:6  189:7  190:12  191:7  192:5  193:3  194:7  195:3  196:5  197:2  198:4  199:3  200:7  201:8  202:7  203:9  205:4  206:5  207:5  208:2  209:13  210:3  211:8  212:2  213:2  214:2  215:4  216:2  217:4  218:3  219:6  220:5  221:4  222:3  223:2  224:4  225:2  226:3  227:3  228:3  229:3  230:1  232:4  233:1  234:1  235:2  236:2  237:4  238:5  239:2  240:1  241:1  242:2  243:1  244:5  246:2  247:2  248:2  250:1  251:1  252:1  253:3  255:3  256:6  257:2  258:2  260:1  261:1  262:4  263:3  264:1  265:1  266:1  269:4  271:1  272:1  273:1  274:1  275:1  277:2  281:1  286:1  287:1  288:1  294:1  295:1  301:1  304:1  305:2  306:2  308:1  309:1  311:1  319:1  323:1  328:1  329:2  330:3  331:1  334:1  337:1  341:2  348:1  349:1  351:2  353:1  356:1  368:1  380:1  387:1  392:1  420:1  443:1  447:3  450:1  597:1  650:1  661:1
  short unary avg len: 2.00
11998.983571,79.565398,899.780970
[PASSED]
[time 30.98 s, user 28.83 s, sys 2.02 s, maxrss 2063084 KB]
[busy 3183 jiffies]
[exit 0]
--- c2 case 2 rec 1   load 0.96 1.05 1.06
[TEST C2-MARISA]
Processing dataset...
Done!
Building trie...
trie size: 23.210503 MB
trie size: 33.431739 MB
Done!
build time: 14318.982359 ms (1431.898236 ns per key)
space cost: 66.026621 MB (13.220707% of original size 499.418229 MB)
Querying trie...
Done!
total time: 11967.262594 ms, avg latency: 1196.726259 ns
topology: 9.965065 MB, link: 29.247737 MB, data: 26.485694 MB
--- Unary Path Analysis (Marisa, cutoff=3) ---
  branches: 15006864  |  single-char: 4344202 (28.9%)  short-unary: 992777 (6.6%)  links: 9669885 (64.4%)
  link len: avg=10.53  max=661  total_chars=101846674
  link length distribution (len:count):  3:979135  4:1063854  5:889005  6:816748  7:783836  8:655792  9:527524  10:470175  11:410531  12:348158  13:310501  14:249595  15:236303  16:208521  17:272348  18:152006  19:142197  20:160137  21:150517  22:97740  23:85053  24:75097  25:69397  26:58698  27:52492  28:46035  29:41825  30:35181  31:33558  32:28138  33:24094  34:21147  35:18522  36:16174  37:15646  38:13222  39:11318  40:10241  41:8684  42:7727  43:7580  44:6353  45:5175  46:4565  47:4156  48:3773  49:3667  50:3232  51:2627  52:2472  53:2112  54:1827  55:1870  56:1795  57:1516  58:1219  59:1198  60:1058  61:1063  62:1033  63:824  64:809  65:724  66:596  67:588  68:699  69:566  70:477  71:404  72:358  73:423  74:508  75:343  76:316  77:296  78:242  79:228  80:271  81:278  82:260  83:218  84:168  85:161  86:237  87:180  88:132  89:149  90:129  91:130  92:217  93:157  94:107  95:107  96:78  97:83  98:157  99:108  100:88  101:113  102:83  103:68  104:108  105:90  106:73  107:60  108:55  109:66  110:134  111:84  112:45  113:42  114:46  115:41  116:61  117:60  118:41  119:55  120:38  121:39  122:51  123:48  124:32  125:24  126:41  127:42  128:50  129:45  130:34  131:23  132:21  133:21  134:26  135:27  136:27  137:16  138:30  139:28  140:17  141:24  142:16  143:13  144:23  145:25  146:30  147:25  148:14  149:7  150:15  151:16  152:9  153:20  154:26  155:21  156:19  157:17  158:10  159:13  160:18  161:5  162:5  163:10  164:10  165:15  166:17  167:11  168:8  169:6  170:2  171:5  172:9  173:11  174:14  175:10  176:6  177:8  178:9  179:8  180:7  181:8  182:5  183:7  184:9  185:7  186:5  187:4  188:6  189:7  190:12  191:7  192:5  193:3  194:7  195:3  196:5  197:2  198:4  199:3  200:7  201:8  202:7  203:9  205:4  206:5  207:5  208:2  209:13  210:3  211:8  212:2  213:2  214:2  215:4  216:2  217:4  218:3  219:6  220:5  221:4  222:3  223:2  224:4  225:2  226:3  227:3  228:3  229:3  230:1  232:4  233:1  234:1  235:2  236:2  237:4  238:5  239:2  240:1  241:1  242:2  243:1  244:5  246:2  247:2  248:2  250:1  251:1  252:1  253:3  255:3  256:6  257:2  258:2  260:1  261:1  262:4  263:3  264:1  265:1  266:1  269:4  271:1  272:1  273:1  274:1  275:1  277:2  281:1  286:1  287:1  288:1  294:1  295:1  301:1  304:1  305:2  306:2  308:1  309:1  311:1  319:1  323:1  328:1  329:2  330:3  331:1  334:1  337:1  341:2  348:1  349:1  351:2  353:1  356:1  368:1  380:1  387:1  392:1  420:1  443:1  447:3  450:1  597:1  650:1  661:1
  short unary avg len: 2.00
14318.982359,66.026621,1196.726259
[PASSED]
[time 36.25 s, user 34.13 s, sys 1.97 s, maxrss 2049792 KB]
[busy 3728 jiffies]
[exit 0]
--- c2 case 2 rec 2   load 0.98 1.04 1.05
[TEST C2-MARISA]
Processing dataset...
Done!
Building trie...
trie size: 23.210503 MB
trie size: 33.431739 MB
trie size: 4.248938 MB
Done!
build time: 15035.404363 ms (1503.540436 ns per key)
space cost: 66.026621 MB (13.220707% of original size 499.418229 MB)
Querying trie...
Done!
total time: 11967.682685 ms, avg latency: 1196.768268 ns
topology: 9.965065 MB, link: 29.247737 MB, data: 26.485694 MB
--- Unary Path Analysis (Marisa, cutoff=3) ---
  branches: 15006864  |  single-char: 4344202 (28.9%)  short-unary: 992777 (6.6%)  links: 9669885 (64.4%)
  link len: avg=10.53  max=661  total_chars=101846674
  link length distribution (len:count):  3:979135  4:1063854  5:889005  6:816748  7:783836  8:655792  9:527524  10:470175  11:410531  12:348158  13:310501  14:249595  15:236303  16:208521  17:272348  18:152006  19:142197  20:160137  21:150517  22:97740  23:85053  24:75097  25:69397  26:58698  27:52492  28:46035  29:41825  30:35181  31:33558  32:28138  33:24094  34:21147  35:18522  36:16174  37:15646  38:13222  39:11318  40:10241  41:8684  42:7727  43:7580  44:6353  45:5175  46:4565  47:4156  48:3773  49:3667  50:3232  51:2627  52:2472  53:2112  54:1827  55:1870  56:1795  57:1516  58:1219  59:1198  60:1058  61:1063  62:1033  63:824  64:809  65:724  66:596  67:588  68:699  69:566  70:477  71:404  72:358  73:423  74:508  75:343  76:316  77:296  78:242  79:228  80:271  81:278  82:260  83:218  84:168  85:161  86:237  87:180  88:132  89:149  90:129  91:130  92:217  93:157  94:107  95:107  96:78  97:83  98:157  99:108  100:88  101:113  102:83  103:68  104:108  105:90  106:73  107:60  108:55  109:66  110:134  111:84  112:45  113:42  114:46  115:41  116:61  117:60  118:41  119:55  120:38  121:39  122:51  123:48  124:32  125:24  126:41  127:42  128:50  129:45  130:34  131:23  132:21  133:21  134:26  135:27  136:27  137:16  138:30  139:28  140:17  141:24  142:16  143:13  144:23  145:25  146:30  147:25  148:14  149:7  150:15  151:16  152:9  153:20  154:26  155:21  156:19  157:17  158:10  159:13  160:18  161:5  162:5  163:10  164:10  165:15  166:17  167:11  168:8  169:6  170:2  171:5  172:9  173:11  174:14  175:10  176:6  177:8  178:9  179:8  180:7  181:8  182:5  183:7  184:9  185:7  186:5  187:4  188:6  189:7  190:12  191:7  192:5  193:3  194:7  195:3  196:5  197:2  198:4  199:3  200:7  201:8  202:7  203:9  205:4  206:5  207:5  208:2  209:13  210:3  211:8  212:2  213:2  214:2  215:4  216:2  217:4  218:3  219:6  220:5  221:4  222:3  223:2  224:4  225:2  226:3  227:3  228:3  229:3  230:1  232:4  233:1  234:1  235:2  236:2  237:4  238:5  239:2  240:1  241:1  242:2  243:1  244:5  246:2  247:2  248:2  250:1  251:1  252:1  253:3  255:3  256:6  257:2  258:2  260:1  261:1  262:4  263:3  264:1  265:1  266:1  269:4  271:1  272:1  273:1  274:1  275:1  277:2  281:1  286:1  287:1  288:1  294:1  295:1  301:1  304:1  305:2  306:2  308:1  309:1  311:1  319:1  323:1  328:1  329:2  330:3  331:1  334:1  337:1  341:2  348:1  349:1  351:2  353:1  356:1  368:1  380:1  387:1  392:1  420:1  443:1  447:3  450:1  597:1  650:1  661:1
  short unary avg len: 2.00
15035.404363,66.026621,1196.768268
[PASSED]
[time 37.05 s, user 34.95 s, sys 1.94 s, maxrss 2049860 KB]
[busy 3813 jiffies]
[exit 0]
--- c2 case 3 rec 0   load 0.99 1.04 1.05
[TEST FST]
Processing dataset...
Done!
Building trie...
Done!
build time: 15799.389849 ms (1579.938985 ns per key)
space cost: 90.985074 MB (18.218212% of original size 499.418229 MB)
Querying trie...
Done!
total time: 19863.751085 ms, avg latency: 1986.375108 ns
not implemented
15799.389849,90.985074,1986.375108
[PASSED]
[time 45.71 s, user 44.12 s, sys 1.41 s, maxrss 2073608 KB]
[busy 4682 jiffies]
[exit 0]
--- c2 case 4 rec 0   load 1.08 1.05 1.05
terminate called after throwing an instance of 'std::bad_alloc'
  what():  std::bad_alloc
timeout: the monitored command dumped core
Command terminated by signal 6
[time 32.02 s, user 19.72 s, sys 12.10 s, maxrss 27784936 KB]
[busy 3437 jiffies]
[exit 134]
--- c2 case 5 rec 0   load 1.04 1.04 1.05
[TEST MARISA]
Processing dataset...
Done!
Building trie...
Done!
build time: 10657.447739 ms (1065.744774 ns per key)
space cost: 82.540893 MB (16.527409% of original size 499.418229 MB)
Querying trie...
Done!
total time: 11247.004489 ms, avg latency: 1124.700449 ns
not implemented
10657.447739,82.540893,1124.700449
[PASSED]
[time 31.58 s, user 29.71 s, sys 1.73 s, maxrss 2342312 KB]
[busy 3250 jiffies]
[exit 0]
--- c2 case 5 rec 1   load 0.94 1.02 1.04
[TEST MARISA]
Processing dataset...
Done!
Building trie...
Done!
build time: 11718.214790 ms (1171.821479 ns per key)
space cost: 59.449470 MB (11.903744% of original size 499.418229 MB)
Querying trie...
Done!
total time: 15383.315285 ms, avg latency: 1538.331529 ns
not implemented
11718.214790,59.449470,1538.331529
[PASSED]
[time 36.88 s, user 34.87 s, sys 1.85 s, maxrss 2342636 KB]
[busy 3789 jiffies]
[exit 0]
--- c2 case 5 rec 2   load 0.97 1.01 1.04
[TEST MARISA]
Processing dataset...
Done!
Building trie...
Done!
build time: 11900.089245 ms (1190.008924 ns per key)
space cost: 55.623455 MB (11.137650% of original size 499.418229 MB)
Querying trie...
Done!
total time: 16232.784033 ms, avg latency: 1623.278403 ns
not implemented
11900.089245,55.623455,1623.278403
[PASSED]
[time 37.90 s, user 35.93 s, sys 1.81 s, maxrss 2342504 KB]
[busy 3887 jiffies]
[exit 0]
--- c2 case 6 rec 0   load 0.99 1.01 1.03
[TEST PDT]
Processing dataset...
Done!
Building trie...
dict size: 156234, stream size: 59837983
Done!
build time: 27460.426218 ms (2746.042622 ns per key)
space cost: 69.980471 MB (14.012398% of original size 499.418229 MB)
Querying trie...
Done!
total time: 11862.901330 ms, avg latency: 1186.290133 ns
not implemented
27460.426218,69.980471,1186.290133
[PASSED]
[time 49.34 s, user 47.18 s, sys 1.96 s, maxrss 2053692 KB]
[busy 5062 jiffies]
[exit 0]
--- c2 case 7 rec 0   load 1.00 1.00 1.03
[TEST ART]
Processing dataset...
Done!
Building trie...
Done!
build time: 3545.215825 ms (354.521583 ns per key)
space cost: 341.430801 MB (68.365707% of original size 499.418229 MB)
Querying trie...
Done!
total time: 9681.923619 ms, avg latency: 968.192362 ns
not implemented
3545.215825,341.430801,968.192362
[PASSED]
[time 23.37 s, user 21.51 s, sys 1.76 s, maxrss 2884760 KB]
[busy 2406 jiffies]
[exit 0]
--- c2 case 8 rec 0   load 1.00 1.00 1.03
[TEST CART]
Processing dataset...
Done!
Building trie...
Done!
build time: 4288.939507 ms (428.893951 ns per key)
space cost: 160.654354 MB (32.168300% of original size 499.418229 MB)
Querying trie...
Done!
total time: 9894.905146 ms, avg latency: 989.490515 ns
not implemented
4288.939507,160.654354,989.490515
[PASSED]
[time 24.32 s, user 22.56 s, sys 1.66 s, maxrss 2766252 KB]
[busy 2504 jiffies]
[exit 0]
--- xcdat 7   load 1.00 1.00 1.02
build time: 12730.087017 ms
space cost: 117.959981 MiB (23.619478% of original size 499.418229 MiB)
avg latency: 893.877908 ns
12730.087017,117.959981,893.877908
[time 31.65 s, user 29.67 s, sys 1.84 s, maxrss 2101896 KB]
[busy 3250 jiffies]
[exit 0]
--- xcdat 8   load 1.00 1.00 1.02
build time: 12335.974103 ms
space cost: 114.082344 MiB (22.843048% of original size 499.418229 MiB)
avg latency: 835.431760 ns
12335.974103,114.082344,835.431760
[time 30.60 s, user 28.59 s, sys 1.87 s, maxrss 2097928 KB]
[busy 3136 jiffies]
[exit 0]
--- xcdat 15   load 1.00 1.00 1.02
build time: 12652.343685 ms
space cost: 140.648740 MiB (28.162516% of original size 499.418229 MiB)
avg latency: 728.834584 ns
12652.343685,140.648740,728.834584
[time 29.90 s, user 27.89 s, sys 1.88 s, maxrss 2125264 KB]
[busy 3063 jiffies]
[exit 0]
--- xcdat 16   load 1.05 1.01 1.02
build time: 12348.168319 ms
space cost: 147.118110 MiB (29.457897% of original size 499.418229 MiB)
avg latency: 753.450643 ns
12348.168319,147.118110,753.450643
[time 29.82 s, user 27.78 s, sys 1.91 s, maxrss 2131856 KB]
[busy 3058 jiffies]
[exit 0]

##### uuid-10000000 (10000000 lines, 370000000 bytes)   round 1/3   2026-09-19T14:12:58+03:00
--- lexindex dict32   load 1.03 1.01 1.02
10000000 keys
lexindex DictIndex block 32: build 1661 ms, size 173.555 MiB (18.199 B/key), latency cold 757.9 ns, then mean 760.7 / min 758.0 ns
1660.754,173.554638,757.912
[time 38.25 s, user 46.84 s, sys 2.76 s, maxrss 1959932 KB]
[busy 5094 jiffies]
[exit 0]
--- lexindex dict256   load 1.01 1.01 1.01
10000000 keys
lexindex DictIndex block 256: build 1682 ms, size 167.685 MiB (17.583 B/key), latency cold 708.5 ns, then mean 707.6 / min 707.4 ns
1682.121,167.684836,708.496
[time 36.18 s, user 44.94 s, sys 2.75 s, maxrss 1941552 KB]
[busy 4892 jiffies]
[exit 0]
--- lexindex dict1024   load 1.01 1.00 1.01
10000000 keys
lexindex DictIndex block 1024: build 1658 ms, size 166.177 MiB (17.425 B/key), latency cold 672.6 ns, then mean 672.4 / min 671.8 ns
1657.888,166.176501,672.634
[time 34.74 s, user 43.48 s, sys 2.70 s, maxrss 1937580 KB]
[busy 4728 jiffies]
[exit 0]
--- lexindex string   load 0.92 0.98 1.00
10000000 keys
lexindex StringIndex: build 24367 ms, size 343.964 MiB (36.067 B/key), latency cold 711.6 ns, then mean 710.9 / min 709.8 ns
24367.158,343.963631,711.573
[time 58.89 s, user 57.59 s, sys 1.07 s, maxrss 1956496 KB]
[busy 6007 jiffies]
[exit 0]
--- c2 case 0 rec 0   load 0.89 0.97 0.99
[TEST C2-FST]
Processing dataset...
Done!
Building trie...
Done!
build time: 13880.577303 ms (1388.057730 ns per key)
space cost: 224.266170 MB (65.322256% of original size 343.322754 MB)
Querying trie...
Done!
total time: 7005.787804 ms, avg latency: 700.578780 ns
topology: 7.652824 MB, link: 34.870965 MB, data: 181.742380 MB
--- Unary Path Analysis (FST, cutoff=4) ---
  shared unary steps in main trie: 126967
  terminal suffixes: inplace=0 (avg len=0.00)  links=10000000 (100.0% of terminal)
  link len: avg=28.51  max=30  total_chars=285103126
  link length distribution (len:count):  23:4  24:94  25:1324  26:21561  28:340409  29:4123330  30:5512548  31:730
13880.577303,224.266170,700.578780
[PASSED]
[time 29.91 s, user 27.47 s, sys 2.32 s, maxrss 3090584 KB]
[busy 3063 jiffies]
[exit 0]
--- c2 case 0 rec 1   load 0.94 0.97 1.00
[TEST C2-FST]
Processing dataset...
Done!
Building trie...
trie size: 47.664446 MB
Done!
build time: 26041.464289 ms (2604.146429 ns per key)
space cost: 224.266170 MB (65.322256% of original size 343.322754 MB)
Querying trie...
Done!
total time: 7321.940520 ms, avg latency: 732.194052 ns
topology: 7.652824 MB, link: 34.870965 MB, data: 181.742380 MB
--- Unary Path Analysis (FST, cutoff=4) ---
  shared unary steps in main trie: 126967
  terminal suffixes: inplace=0 (avg len=0.00)  links=10000000 (100.0% of terminal)
  link len: avg=28.51  max=30  total_chars=285103126
  link length distribution (len:count):  23:4  24:94  25:1324  26:21561  28:340409  29:4123330  30:5512548  31:730
26041.464289,224.266170,732.194052
[PASSED]
[time 42.43 s, user 39.54 s, sys 2.71 s, maxrss 3559712 KB]
[busy 4342 jiffies]
[exit 0]
--- c2 case 0 rec 2   load 0.97 0.98 1.00
[TEST C2-FST]
Processing dataset...
Done!
Building trie...
trie size: 47.664446 MB
Done!
build time: 26035.129890 ms (2603.512989 ns per key)
space cost: 224.266170 MB (65.322256% of original size 343.322754 MB)
Querying trie...
Done!
total time: 7137.755565 ms, avg latency: 713.775556 ns
topology: 7.652824 MB, link: 34.870965 MB, data: 181.742380 MB
--- Unary Path Analysis (FST, cutoff=4) ---
  shared unary steps in main trie: 126967
  terminal suffixes: inplace=0 (avg len=0.00)  links=10000000 (100.0% of terminal)
  link len: avg=28.51  max=30  total_chars=285103126
  link length distribution (len:count):  23:4  24:94  25:1324  26:21561  28:340409  29:4123330  30:5512548  31:730
26035.129890,224.266170,713.775556
[PASSED]
[time 42.23 s, user 39.23 s, sys 2.82 s, maxrss 3559720 KB]
[busy 4323 jiffies]
[exit 0]
--- c2 case 1 rec 0   load 0.99 0.98 1.00
[TEST C2-CoCo(LOUDS-Sparse)]
Processing dataset...
Done!
Building trie...
Done!
build time: 17624.829457 ms (1762.482946 ns per key)
space cost: 212.803069 MB (61.983386% of original size 343.322754 MB)
Querying trie...
Done!
total time: 7192.759164 ms, avg latency: 719.275916 ns
topology: 3.395058 MB, link: 36.016802 MB, data: 173.391209 MB
17624.829457,212.803069,719.275916
[PASSED]
[time 33.91 s, user 30.73 s, sys 3.04 s, maxrss 4160740 KB]
[busy 3472 jiffies]
[exit 0]
--- c2 case 1 rec 1   load 0.99 0.99 1.00
[TEST C2-CoCo(LOUDS-Sparse)]
Processing dataset...
Done!
Building trie...
trie size: 47.664446 MB
Done!
build time: 29613.628758 ms (2961.362876 ns per key)
space cost: 212.803069 MB (61.983386% of original size 343.322754 MB)
Querying trie...
Done!
total time: 7217.653453 ms, avg latency: 721.765345 ns
topology: 3.395058 MB, link: 36.016802 MB, data: 173.391209 MB
29613.628758,212.803069,721.765345
[PASSED]
[time 45.89 s, user 42.32 s, sys 3.38 s, maxrss 4630104 KB]
[busy 4698 jiffies]
[exit 0]
--- c2 case 1 rec 2   load 1.00 0.99 1.00
[TEST C2-CoCo(LOUDS-Sparse)]
Processing dataset...
Done!
Building trie...
trie size: 47.664446 MB
Done!
build time: 29556.449388 ms (2955.644939 ns per key)
space cost: 212.803069 MB (61.983386% of original size 343.322754 MB)
Querying trie...
Done!
total time: 7293.405248 ms, avg latency: 729.340525 ns
topology: 3.395058 MB, link: 36.016802 MB, data: 173.391209 MB
29556.449388,212.803069,729.340525
[PASSED]
[time 45.89 s, user 42.25 s, sys 3.45 s, maxrss 4629944 KB]
[busy 4685 jiffies]
[exit 0]
--- c2 case 2 rec 0   load 1.00 1.00 1.00
[TEST C2-MARISA]
Processing dataset...
Done!
Building trie...
trie size: 19.421587 MB
Done!
build time: 12870.658549 ms (1287.065855 ns per key)
space cost: 218.030363 MB (63.505946% of original size 343.322754 MB)
Querying trie...
Done!
total time: 5748.358529 ms, avg latency: 574.835853 ns
topology: 6.395802 MB, link: 33.418009 MB, data: 177.888428 MB
--- Unary Path Analysis (Marisa, cutoff=3) ---
  branches: 13314429  |  single-char: 3205780 (24.1%)  short-unary: 97508 (0.7%)  links: 10011141 (75.2%)
  link len: avg=30.48  max=32  total_chars=305143726
  link length distribution (len:count):  3:4393  4:6350  5:369  6:27  7:2  24:4  25:94  26:1324  27:21561  29:340409  30:4123330  31:5512548  32:730
  short unary avg len: 2.00
12870.658549,218.030363,574.835853
[PASSED]
[time 27.72 s, user 25.33 s, sys 2.27 s, maxrss 3004284 KB]
[busy 2833 jiffies]
[exit 0]
--- c2 case 2 rec 1   load 0.92 0.98 0.99
[TEST C2-MARISA]
Processing dataset...
Done!
Building trie...
trie size: 19.421587 MB
trie size: 47.697874 MB
Done!
build time: 24999.601634 ms (2499.960163 ns per key)
space cost: 218.030363 MB (63.505946% of original size 343.322754 MB)
Querying trie...
Done!
total time: 5734.098262 ms, avg latency: 573.409826 ns
topology: 6.395802 MB, link: 33.418009 MB, data: 177.888428 MB
--- Unary Path Analysis (Marisa, cutoff=3) ---
  branches: 13314429  |  single-char: 3205780 (24.1%)  short-unary: 97508 (0.7%)  links: 10011141 (75.2%)
  link len: avg=30.48  max=32  total_chars=305143726
  link length distribution (len:count):  3:4393  4:6350  5:369  6:27  7:2  24:4  25:94  26:1324  27:21561  29:340409  30:4123330  31:5512548  32:730
  short unary avg len: 2.00
24999.601634,218.030363,573.409826
[PASSED]
[time 39.81 s, user 36.89 s, sys 2.75 s, maxrss 3498028 KB]
[busy 4079 jiffies]
[exit 0]
--- c2 case 2 rec 2   load 0.96 0.99 1.00
[TEST C2-MARISA]
Processing dataset...
Done!
Building trie...
trie size: 19.421587 MB
trie size: 47.697874 MB
Done!
build time: 25094.211529 ms (2509.421153 ns per key)
space cost: 218.030363 MB (63.505946% of original size 343.322754 MB)
Querying trie...
Done!
total time: 5740.926077 ms, avg latency: 574.092608 ns
topology: 6.395802 MB, link: 33.418009 MB, data: 177.888428 MB
--- Unary Path Analysis (Marisa, cutoff=3) ---
  branches: 13314429  |  single-char: 3205780 (24.1%)  short-unary: 97508 (0.7%)  links: 10011141 (75.2%)
  link len: avg=30.48  max=32  total_chars=305143726
  link length distribution (len:count):  3:4393  4:6350  5:369  6:27  7:2  24:4  25:94  26:1324  27:21561  29:340409  30:4123330  31:5512548  32:730
  short unary avg len: 2.00
25094.211529,218.030363,574.092608
[PASSED]
[time 39.95 s, user 37.03 s, sys 2.75 s, maxrss 3497712 KB]
[busy 4090 jiffies]
[exit 0]
--- c2 case 3 rec 0   load 0.98 0.99 1.00
[TEST FST]
Processing dataset...
Done!
Building trie...
Done!
build time: 10566.063591 ms (1056.606359 ns per key)
space cost: 341.746040 MB (99.540749% of original size 343.322754 MB)
Querying trie...
Done!
total time: 7080.552360 ms, avg latency: 708.055236 ns
not implemented
10566.063591,341.746040,708.055236
[PASSED]
[time 26.77 s, user 25.01 s, sys 1.65 s, maxrss 1916716 KB]
[busy 2745 jiffies]
[exit 0]
--- c2 case 4 rec 0   load 0.91 0.98 0.99
terminate called after throwing an instance of 'std::bad_alloc'
  what():  std::bad_alloc
timeout: the monitored command dumped core
Command terminated by signal 6
[time 28.46 s, user 16.31 s, sys 11.97 s, maxrss 27784624 KB]
[busy 3050 jiffies]
[exit 134]
--- c2 case 5 rec 0   load 0.94 0.98 1.00
[TEST MARISA]
Processing dataset...
Done!
Building trie...
Done!
build time: 7839.916291 ms (783.991629 ns per key)
space cost: 346.565342 MB (100.944472% of original size 343.322754 MB)
Querying trie...
Done!
total time: 8060.863965 ms, avg latency: 806.086396 ns
not implemented
7839.916291,346.565342,806.086396
[PASSED]
[time 24.80 s, user 22.71 s, sys 1.98 s, maxrss 2464932 KB]
[busy 2547 jiffies]
[exit 0]
--- c2 case 5 rec 1   load 0.89 0.96 0.99
[TEST MARISA]
Processing dataset...
Done!
Building trie...
Done!
build time: 12684.072941 ms (1268.407294 ns per key)
space cost: 330.987365 MB (96.407058% of original size 343.322754 MB)
Querying trie...
Done!
total time: 15378.606994 ms, avg latency: 1537.860699 ns
not implemented
12684.072941,330.987365,1537.860699
[PASSED]
[time 36.93 s, user 34.58 s, sys 2.18 s, maxrss 2416488 KB]
[busy 3784 jiffies]
[exit 0]
--- c2 case 5 rec 2   load 0.94 0.97 1.00
[TEST MARISA]
Processing dataset...
Done!
Building trie...
Done!
build time: 16425.175585 ms (1642.517558 ns per key)
space cost: 316.683807 MB (92.240844% of original size 343.322754 MB)
Querying trie...
Done!
total time: 23897.562796 ms, avg latency: 2389.756280 ns
not implemented
16425.175585,316.683807,2389.756280
[PASSED]
[time 49.15 s, user 46.55 s, sys 2.39 s, maxrss 2381392 KB]
[busy 5037 jiffies]
[exit 0]
--- c2 case 6 rec 0   load 0.97 0.98 1.00
[TEST PDT]
Processing dataset...
Done!
Building trie...
dict size: 166678, stream size: 192351068
Done!
build time: 125640.952898 ms (12564.095290 ns per key)
space cost: 196.364757 MB (57.195381% of original size 343.322754 MB)
Querying trie...
Done!
total time: 11357.618940 ms, avg latency: 1135.761894 ns
not implemented
125640.952898,196.364757,1135.761894
[PASSED]
[time 146.14 s, user 141.78 s, sys 3.80 s, maxrss 2858540 KB]
[busy 14957 jiffies]
[exit 0]
--- c2 case 7 rec 0   load 0.94 0.98 0.99
[TEST ART]
Processing dataset...
Done!
Building trie...
Done!
build time: 2183.831365 ms (218.383137 ns per key)
space cost: 274.100403 MB (79.837529% of original size 343.322754 MB)
Querying trie...
Done!
total time: 5149.607300 ms, avg latency: 514.960730 ns
not implemented
2183.831365,274.100403,514.960730
[PASSED]
[time 16.49 s, user 15.03 s, sys 1.39 s, maxrss 2232184 KB]
[busy 1696 jiffies]
[exit 0]
--- c2 case 8 rec 0   load 0.95 0.98 1.00
[TEST CART]
Processing dataset...
Done!
Building trie...
Done!
build time: 2487.318544 ms (248.731854 ns per key)
space cost: 120.320314 MB (35.045832% of original size 343.322754 MB)
Querying trie...
Done!
total time: 5429.878806 ms, avg latency: 542.987881 ns
not implemented
2487.318544,120.320314,542.987881
[PASSED]
[time 17.03 s, user 15.61 s, sys 1.35 s, maxrss 2096732 KB]
[busy 1747 jiffies]
[exit 0]
--- xcdat 7   load 0.97 0.99 1.00
build time: 11408.198845 ms
space cost: 365.827440 MiB (106.554965% of original size 343.322754 MiB)
avg latency: 670.952938 ns
11408.198845,365.827440,670.952938
[time 27.11 s, user 24.98 s, sys 2.01 s, maxrss 1989916 KB]
[busy 2779 jiffies]
[exit 0]
--- xcdat 8   load 1.06 1.01 1.01
build time: 10350.899542 ms
space cost: 357.688156 MiB (104.184227% of original size 343.322754 MiB)
avg latency: 624.501716 ns
10350.899542,357.688156,624.501716
[time 25.60 s, user 23.52 s, sys 1.97 s, maxrss 1959644 KB]
[busy 2624 jiffies]
[exit 0]
--- xcdat 15   load 1.12 1.02 1.01
build time: 10569.955310 ms
space cost: 367.954617 MiB (107.174550% of original size 343.322754 MiB)
avg latency: 555.525177 ns
10569.955310,367.954617,555.525177
[time 25.21 s, user 23.10 s, sys 1.99 s, maxrss 1947032 KB]
[busy 2582 jiffies]
[exit 0]
--- xcdat 16   load 1.08 1.02 1.01
build time: 10342.691632 ms
space cost: 371.930763 MiB (108.332687% of original size 343.322754 MiB)
avg latency: 566.803506 ns
10342.691632,371.930763,566.803506
[time 25.00 s, user 22.88 s, sys 2.02 s, maxrss 1955004 KB]
[busy 2560 jiffies]
[exit 0]

##### uuid-10000000 (10000000 lines, 370000000 bytes)   round 2/3   2026-09-19T14:29:28+03:00
--- xcdat 16   load 1.05 1.02 1.00
build time: 10376.695084 ms
space cost: 371.930763 MiB (108.332687% of original size 343.322754 MiB)
avg latency: 561.947092 ns
10376.695084,371.930763,561.947092
[time 25.01 s, user 22.87 s, sys 2.02 s, maxrss 1955352 KB]
[busy 2559 jiffies]
[exit 0]
--- xcdat 15   load 1.03 1.01 1.00
build time: 10546.201345 ms
space cost: 367.954617 MiB (107.174550% of original size 343.322754 MiB)
avg latency: 549.554684 ns
10546.201345,367.954617,549.554684
[time 25.10 s, user 23.03 s, sys 1.96 s, maxrss 1946368 KB]
[busy 2574 jiffies]
[exit 0]
--- xcdat 8   load 1.02 1.01 1.00
build time: 10345.010491 ms
space cost: 357.688156 MiB (104.184227% of original size 343.322754 MiB)
avg latency: 618.536112 ns
10345.010491,357.688156,618.536112
[time 25.51 s, user 23.44 s, sys 1.95 s, maxrss 1959708 KB]
[busy 2604 jiffies]
[exit 0]
--- xcdat 7   load 1.01 1.01 1.00
build time: 11390.080985 ms
space cost: 365.827440 MiB (106.554965% of original size 343.322754 MiB)
avg latency: 664.412332 ns
11390.080985,365.827440,664.412332
[time 27.03 s, user 24.96 s, sys 1.96 s, maxrss 1989924 KB]
[busy 2762 jiffies]
[exit 0]
--- c2 case 8 rec 0   load 1.01 1.00 1.00
[TEST CART]
Processing dataset...
Done!
Building trie...
Done!
build time: 2489.478985 ms (248.947899 ns per key)
space cost: 120.320314 MB (35.045832% of original size 343.322754 MB)
Querying trie...
Done!
total time: 5431.369107 ms, avg latency: 543.136911 ns
not implemented
2489.478985,120.320314,543.136911
[PASSED]
[time 17.07 s, user 15.62 s, sys 1.37 s, maxrss 2096512 KB]
[busy 1753 jiffies]
[exit 0]
--- c2 case 7 rec 0   load 1.00 1.00 1.00
[TEST ART]
Processing dataset...
Done!
Building trie...
Done!
build time: 2190.812499 ms (219.081250 ns per key)
space cost: 274.100403 MB (79.837529% of original size 343.322754 MB)
Querying trie...
Done!
total time: 5135.582295 ms, avg latency: 513.558230 ns
not implemented
2190.812499,274.100403,513.558230
[PASSED]
[time 16.49 s, user 15.02 s, sys 1.40 s, maxrss 2232276 KB]
[busy 1689 jiffies]
[exit 0]
--- c2 case 6 rec 0   load 0.92 0.98 0.99
[TEST PDT]
Processing dataset...
Done!
Building trie...
dict size: 166678, stream size: 192351068
Done!
build time: 125763.983860 ms (12576.398386 ns per key)
space cost: 196.364757 MB (57.195381% of original size 343.322754 MB)
Querying trie...
Done!
total time: 11467.183969 ms, avg latency: 1146.718397 ns
not implemented
125763.983860,196.364757,1146.718397
[PASSED]
[time 146.38 s, user 142.00 s, sys 3.81 s, maxrss 2858204 KB]
[busy 14972 jiffies]
[exit 0]
--- c2 case 5 rec 2   load 1.00 1.00 1.00
[TEST MARISA]
Processing dataset...
Done!
Building trie...
Done!
build time: 16367.492448 ms (1636.749245 ns per key)
space cost: 316.683807 MB (92.240844% of original size 343.322754 MB)
Querying trie...
Done!
total time: 23298.656886 ms, avg latency: 2329.865689 ns
not implemented
16367.492448,316.683807,2329.865689
[PASSED]
[time 48.52 s, user 45.86 s, sys 2.46 s, maxrss 2381128 KB]
[busy 4963 jiffies]
[exit 0]
--- c2 case 5 rec 1   load 1.00 1.00 1.00
[TEST MARISA]
Processing dataset...
Done!
Building trie...
Done!
build time: 12574.093472 ms (1257.409347 ns per key)
space cost: 330.987365 MB (96.407058% of original size 343.322754 MB)
Querying trie...
Done!
total time: 15591.585839 ms, avg latency: 1559.158584 ns
not implemented
12574.093472,330.987365,1559.158584
[PASSED]
[time 36.98 s, user 34.61 s, sys 2.22 s, maxrss 2416156 KB]
[busy 3792 jiffies]
[exit 0]
--- c2 case 5 rec 0   load 0.92 0.98 0.99
[TEST MARISA]
Processing dataset...
Done!
Building trie...
Done!
build time: 7829.174217 ms (782.917422 ns per key)
space cost: 346.565342 MB (100.944472% of original size 343.322754 MB)
Querying trie...
Done!
total time: 7875.190011 ms, avg latency: 787.519001 ns
not implemented
7829.174217,346.565342,787.519001
[PASSED]
[time 24.54 s, user 22.47 s, sys 1.97 s, maxrss 2464952 KB]
[busy 2521 jiffies]
[exit 0]
--- c2 case 4 rec 0   skipped: exit 134 in round 1
--- c2 case 3 rec 0   load 0.95 0.99 1.00
[TEST FST]
Processing dataset...
Done!
Building trie...
Done!
build time: 10616.726694 ms (1061.672669 ns per key)
space cost: 341.746040 MB (99.540749% of original size 343.322754 MB)
Querying trie...
Done!
total time: 7081.450828 ms, avg latency: 708.145083 ns
not implemented
10616.726694,341.746040,708.145083
[PASSED]
[time 26.80 s, user 25.05 s, sys 1.63 s, maxrss 1916716 KB]
[busy 2741 jiffies]
[exit 0]
--- c2 case 2 rec 2   load 0.97 0.99 1.00
[TEST C2-MARISA]
Processing dataset...
Done!
Building trie...
trie size: 19.421587 MB
trie size: 47.697874 MB
Done!
build time: 25007.594189 ms (2500.759419 ns per key)
space cost: 218.030363 MB (63.505946% of original size 343.322754 MB)
Querying trie...
Done!
total time: 5801.173304 ms, avg latency: 580.117330 ns
topology: 6.395802 MB, link: 33.418009 MB, data: 177.888428 MB
--- Unary Path Analysis (Marisa, cutoff=3) ---
  branches: 13314429  |  single-char: 3205780 (24.1%)  short-unary: 97508 (0.7%)  links: 10011141 (75.2%)
  link len: avg=30.48  max=32  total_chars=305143726
  link length distribution (len:count):  3:4393  4:6350  5:369  6:27  7:2  24:4  25:94  26:1324  27:21561  29:340409  30:4123330  31:5512548  32:730
  short unary avg len: 2.00
25007.594189,218.030363,580.117330
[PASSED]
[time 39.93 s, user 37.00 s, sys 2.76 s, maxrss 3497448 KB]
[busy 4096 jiffies]
[exit 0]
--- c2 case 2 rec 1   load 0.98 0.99 1.00
[TEST C2-MARISA]
Processing dataset...
Done!
Building trie...
trie size: 19.421587 MB
trie size: 47.697874 MB
Done!
build time: 25064.918672 ms (2506.491867 ns per key)
space cost: 218.030363 MB (63.505946% of original size 343.322754 MB)
Querying trie...
Done!
total time: 5798.271138 ms, avg latency: 579.827114 ns
topology: 6.395802 MB, link: 33.418009 MB, data: 177.888428 MB
--- Unary Path Analysis (Marisa, cutoff=3) ---
  branches: 13314429  |  single-char: 3205780 (24.1%)  short-unary: 97508 (0.7%)  links: 10011141 (75.2%)
  link len: avg=30.48  max=32  total_chars=305143726
  link length distribution (len:count):  3:4393  4:6350  5:369  6:27  7:2  24:4  25:94  26:1324  27:21561  29:340409  30:4123330  31:5512548  32:730
  short unary avg len: 2.00
25064.918672,218.030363,579.827114
[PASSED]
[time 40.01 s, user 37.13 s, sys 2.71 s, maxrss 3498012 KB]
[busy 4095 jiffies]
[exit 0]
--- c2 case 2 rec 0   load 0.91 0.98 0.99
[TEST C2-MARISA]
Processing dataset...
Done!
Building trie...
trie size: 19.421587 MB
Done!
build time: 12841.400737 ms (1284.140074 ns per key)
space cost: 218.030363 MB (63.505946% of original size 343.322754 MB)
Querying trie...
Done!
total time: 5747.801802 ms, avg latency: 574.780180 ns
topology: 6.395802 MB, link: 33.418009 MB, data: 177.888428 MB
--- Unary Path Analysis (Marisa, cutoff=3) ---
  branches: 13314429  |  single-char: 3205780 (24.1%)  short-unary: 97508 (0.7%)  links: 10011141 (75.2%)
  link len: avg=30.48  max=32  total_chars=305143726
  link length distribution (len:count):  3:4393  4:6350  5:369  6:27  7:2  24:4  25:94  26:1324  27:21561  29:340409  30:4123330  31:5512548  32:730
  short unary avg len: 2.00
12841.400737,218.030363,574.780180
[PASSED]
[time 27.71 s, user 25.24 s, sys 2.35 s, maxrss 3004192 KB]
[busy 2837 jiffies]
[exit 0]
--- c2 case 1 rec 2   load 0.94 0.98 1.00
[TEST C2-CoCo(LOUDS-Sparse)]
Processing dataset...
Done!
Building trie...
trie size: 47.664446 MB
Done!
build time: 29679.011491 ms (2967.901149 ns per key)
space cost: 212.803069 MB (61.983386% of original size 343.322754 MB)
Querying trie...
Done!
total time: 7311.608727 ms, avg latency: 731.160873 ns
topology: 3.395058 MB, link: 36.016802 MB, data: 173.391209 MB
29679.011491,212.803069,731.160873
[PASSED]
[time 46.04 s, user 42.47 s, sys 3.38 s, maxrss 4629712 KB]
[busy 4710 jiffies]
[exit 0]
--- c2 case 1 rec 1   load 0.98 0.99 1.00
[TEST C2-CoCo(LOUDS-Sparse)]
Processing dataset...
Done!
Building trie...
trie size: 47.664446 MB
Done!
build time: 29672.798711 ms (2967.279871 ns per key)
space cost: 212.803069 MB (61.983386% of original size 343.322754 MB)
Querying trie...
Done!
total time: 7121.042867 ms, avg latency: 712.104287 ns
topology: 3.395058 MB, link: 36.016802 MB, data: 173.391209 MB
29672.798711,212.803069,712.104287
[PASSED]
[time 45.89 s, user 42.23 s, sys 3.47 s, maxrss 4629816 KB]
[busy 4702 jiffies]
[exit 0]
--- c2 case 1 rec 0   load 0.99 0.99 1.00
[TEST C2-CoCo(LOUDS-Sparse)]
Processing dataset...
Done!
Building trie...
Done!
build time: 17602.729882 ms (1760.272988 ns per key)
space cost: 212.803069 MB (61.983386% of original size 343.322754 MB)
Querying trie...
Done!
total time: 7316.829091 ms, avg latency: 731.682909 ns
topology: 3.395058 MB, link: 36.016802 MB, data: 173.391209 MB
17602.729882,212.803069,731.682909
[PASSED]
[time 34.04 s, user 30.88 s, sys 3.01 s, maxrss 4160884 KB]
[busy 3490 jiffies]
[exit 0]
--- c2 case 0 rec 2   load 1.07 1.01 1.00
[TEST C2-FST]
Processing dataset...
Done!
Building trie...
trie size: 47.664446 MB
Done!
build time: 25935.536805 ms (2593.553681 ns per key)
space cost: 224.266170 MB (65.322256% of original size 343.322754 MB)
Querying trie...
Done!
total time: 6985.381630 ms, avg latency: 698.538163 ns
topology: 7.652824 MB, link: 34.870965 MB, data: 181.742380 MB
--- Unary Path Analysis (FST, cutoff=4) ---
  shared unary steps in main trie: 126967
  terminal suffixes: inplace=0 (avg len=0.00)  links=10000000 (100.0% of terminal)
  link len: avg=28.51  max=30  total_chars=285103126
  link length distribution (len:count):  23:4  24:94  25:1324  26:21561  28:340409  29:4123330  30:5512548  31:730
25935.536805,224.266170,698.538163
[PASSED]
[time 42.00 s, user 39.00 s, sys 2.82 s, maxrss 3559480 KB]
[busy 4302 jiffies]
[exit 0]
--- c2 case 0 rec 1   load 1.03 1.01 1.00
[TEST C2-FST]
Processing dataset...
Done!
Building trie...
trie size: 47.664446 MB
Done!
build time: 25917.719022 ms (2591.771902 ns per key)
space cost: 224.266170 MB (65.322256% of original size 343.322754 MB)
Querying trie...
Done!
total time: 7051.668020 ms, avg latency: 705.166802 ns
topology: 7.652824 MB, link: 34.870965 MB, data: 181.742380 MB
--- Unary Path Analysis (FST, cutoff=4) ---
  shared unary steps in main trie: 126967
  terminal suffixes: inplace=0 (avg len=0.00)  links=10000000 (100.0% of terminal)
  link len: avg=28.51  max=30  total_chars=285103126
  link length distribution (len:count):  23:4  24:94  25:1324  26:21561  28:340409  29:4123330  30:5512548  31:730
25917.719022,224.266170,705.166802
[PASSED]
[time 42.04 s, user 39.12 s, sys 2.74 s, maxrss 3559628 KB]
[busy 4313 jiffies]
[exit 0]
--- c2 case 0 rec 0   load 1.01 1.00 1.00
[TEST C2-FST]
Processing dataset...
Done!
Building trie...
Done!
build time: 13949.316734 ms (1394.931673 ns per key)
space cost: 224.266170 MB (65.322256% of original size 343.322754 MB)
Querying trie...
Done!
total time: 7082.995964 ms, avg latency: 708.299596 ns
topology: 7.652824 MB, link: 34.870965 MB, data: 181.742380 MB
--- Unary Path Analysis (FST, cutoff=4) ---
  shared unary steps in main trie: 126967
  terminal suffixes: inplace=0 (avg len=0.00)  links=10000000 (100.0% of terminal)
  link len: avg=28.51  max=30  total_chars=285103126
  link length distribution (len:count):  23:4  24:94  25:1324  26:21561  28:340409  29:4123330  30:5512548  31:730
13949.316734,224.266170,708.299596
[PASSED]
[time 30.08 s, user 27.66 s, sys 2.29 s, maxrss 3090540 KB]
[busy 3084 jiffies]
[exit 0]
--- lexindex string   load 0.93 0.98 0.99
10000000 keys
lexindex StringIndex: build 23926 ms, size 343.964 MiB (36.067 B/key), latency cold 710.2 ns, then mean 708.4 / min 706.2 ns
23926.203,343.963631,710.224
[time 58.35 s, user 57.01 s, sys 1.11 s, maxrss 1956048 KB]
[busy 5963 jiffies]
[exit 0]
--- lexindex dict1024   load 0.89 0.97 0.99
10000000 keys
lexindex DictIndex block 1024: build 1679 ms, size 166.177 MiB (17.425 B/key), latency cold 672.4 ns, then mean 672.9 / min 671.8 ns
1678.788,166.176501,672.426
[time 34.78 s, user 43.39 s, sys 2.86 s, maxrss 1935744 KB]
[busy 4750 jiffies]
[exit 0]
--- lexindex dict256   load 0.94 0.98 1.00
10000000 keys
lexindex DictIndex block 256: build 1693 ms, size 167.685 MiB (17.583 B/key), latency cold 686.4 ns, then mean 683.7 / min 682.8 ns
1692.887,167.684836,686.437
[time 35.24 s, user 43.85 s, sys 2.68 s, maxrss 1941992 KB]
[busy 4772 jiffies]
[exit 0]
--- lexindex dict32   load 1.65 1.19 1.07
10000000 keys
lexindex DictIndex block 32: build 1682 ms, size 173.555 MiB (18.199 B/key), latency cold 765.7 ns, then mean 764.2 / min 762.7 ns
1681.968,173.554638,765.733
[time 38.44 s, user 47.24 s, sys 2.88 s, maxrss 1960328 KB]
[busy 5135 jiffies]
[exit 0]

##### urls-10000000 (10000000 lines, 533677969 bytes)   round 2/3   2026-09-19T14:45:27+03:00
--- xcdat 16   load 1.33 1.16 1.07
build time: 12337.278670 ms
space cost: 147.118110 MiB (29.457897% of original size 499.418229 MiB)
avg latency: 747.952470 ns
12337.278670,147.118110,747.952470
[time 29.76 s, user 27.71 s, sys 1.92 s, maxrss 2131940 KB]
[busy 3049 jiffies]
[exit 0]
--- xcdat 15   load 1.20 1.14 1.06
build time: 12670.998684 ms
space cost: 140.648740 MiB (28.162516% of original size 499.418229 MiB)
avg latency: 707.218935 ns
12670.998684,140.648740,707.218935
[time 29.72 s, user 27.62 s, sys 1.97 s, maxrss 2125252 KB]
[busy 3049 jiffies]
[exit 0]
--- xcdat 8   load 1.12 1.13 1.06
build time: 12353.043907 ms
space cost: 114.082344 MiB (22.843048% of original size 499.418229 MiB)
avg latency: 812.844939 ns
12353.043907,114.082344,812.844939
[time 30.44 s, user 28.40 s, sys 1.92 s, maxrss 2098068 KB]
[busy 3120 jiffies]
[exit 0]
--- xcdat 7   load 1.07 1.12 1.06
build time: 12728.253375 ms
space cost: 117.959981 MiB (23.619478% of original size 499.418229 MiB)
avg latency: 854.885221 ns
12728.253375,117.959981,854.885221
[time 31.20 s, user 29.19 s, sys 1.88 s, maxrss 2101940 KB]
[busy 3213 jiffies]
[exit 0]
--- c2 case 8 rec 0   load 1.04 1.10 1.05
[TEST CART]
Processing dataset...
Done!
Building trie...
Done!
build time: 4275.503071 ms (427.550307 ns per key)
space cost: 160.654354 MB (32.168300% of original size 499.418229 MB)
Querying trie...
Done!
total time: 9533.987447 ms, avg latency: 953.398745 ns
not implemented
4275.503071,160.654354,953.398745
[PASSED]
[time 23.92 s, user 22.10 s, sys 1.71 s, maxrss 2766168 KB]
[busy 2456 jiffies]
[exit 0]
--- c2 case 7 rec 0   load 1.02 1.09 1.05
[TEST ART]
Processing dataset...
Done!
Building trie...
Done!
build time: 3652.752597 ms (365.275260 ns per key)
space cost: 341.430801 MB (68.365707% of original size 499.418229 MB)
Querying trie...
Done!
total time: 9861.423857 ms, avg latency: 986.142386 ns
not implemented
3652.752597,341.430801,986.142386
[PASSED]
[time 23.63 s, user 21.82 s, sys 1.71 s, maxrss 2884332 KB]
[busy 2425 jiffies]
[exit 0]
--- c2 case 6 rec 0   load 1.02 1.08 1.05
[TEST PDT]
Processing dataset...
Done!
Building trie...
dict size: 156234, stream size: 59837983
Done!
build time: 27692.580214 ms (2769.258021 ns per key)
space cost: 69.980471 MB (14.012398% of original size 499.418229 MB)
Querying trie...
Done!
total time: 11685.915097 ms, avg latency: 1168.591510 ns
not implemented
27692.580214,69.980471,1168.591510
[PASSED]
[time 49.39 s, user 47.24 s, sys 1.94 s, maxrss 2053692 KB]
[busy 5053 jiffies]
[exit 0]
--- c2 case 5 rec 2   load 1.00 1.07 1.04
[TEST MARISA]
Processing dataset...
Done!
Building trie...
Done!
build time: 11952.199338 ms (1195.219934 ns per key)
space cost: 55.623455 MB (11.137650% of original size 499.418229 MB)
Querying trie...
Done!
total time: 16294.011693 ms, avg latency: 1629.401169 ns
not implemented
11952.199338,55.623455,1629.401169
[PASSED]
[time 37.99 s, user 36.01 s, sys 1.82 s, maxrss 2342340 KB]
[busy 3890 jiffies]
[exit 0]
--- c2 case 5 rec 1   load 0.92 1.04 1.04
[TEST MARISA]
Processing dataset...
Done!
Building trie...
Done!
build time: 11798.145586 ms (1179.814559 ns per key)
space cost: 59.449470 MB (11.903744% of original size 499.418229 MB)
Querying trie...
Done!
total time: 15455.021484 ms, avg latency: 1545.502148 ns
not implemented
11798.145586,59.449470,1545.502148
[PASSED]
[time 37.00 s, user 34.95 s, sys 1.89 s, maxrss 2342244 KB]
[busy 3800 jiffies]
[exit 0]
--- c2 case 5 rec 0   load 0.96 1.03 1.03
[TEST MARISA]
Processing dataset...
Done!
Building trie...
Done!
build time: 10662.373283 ms (1066.237328 ns per key)
space cost: 82.540893 MB (16.527409% of original size 499.418229 MB)
Querying trie...
Done!
total time: 11326.591853 ms, avg latency: 1132.659185 ns
not implemented
10662.373283,82.540893,1132.659185
[PASSED]
[time 31.73 s, user 29.77 s, sys 1.82 s, maxrss 2342328 KB]
[busy 3266 jiffies]
[exit 0]
--- c2 case 4 rec 0   skipped: exit 134 in round 1
--- c2 case 3 rec 0   load 1.06 1.05 1.03
[TEST FST]
Processing dataset...
Done!
Building trie...
Done!
build time: 15772.915206 ms (1577.291521 ns per key)
space cost: 90.985074 MB (18.218212% of original size 499.418229 MB)
Querying trie...
Done!
total time: 19942.369247 ms, avg latency: 1994.236925 ns
not implemented
15772.915206,90.985074,1994.236925
[PASSED]
[time 45.75 s, user 44.12 s, sys 1.44 s, maxrss 2073720 KB]
[busy 4672 jiffies]
[exit 0]
--- c2 case 2 rec 2   load 1.03 1.04 1.03
[TEST C2-MARISA]
Processing dataset...
Done!
Building trie...
trie size: 23.210503 MB
trie size: 33.431739 MB
trie size: 4.248938 MB
Done!
build time: 15040.818891 ms (1504.081889 ns per key)
space cost: 66.026621 MB (13.220707% of original size 499.418229 MB)
Querying trie...
Done!
total time: 11965.472076 ms, avg latency: 1196.547208 ns
topology: 9.965065 MB, link: 29.247737 MB, data: 26.485694 MB
--- Unary Path Analysis (Marisa, cutoff=3) ---
  branches: 15006864  |  single-char: 4344202 (28.9%)  short-unary: 992777 (6.6%)  links: 9669885 (64.4%)
  link len: avg=10.53  max=661  total_chars=101846674
  link length distribution (len:count):  3:979135  4:1063854  5:889005  6:816748  7:783836  8:655792  9:527524  10:470175  11:410531  12:348158  13:310501  14:249595  15:236303  16:208521  17:272348  18:152006  19:142197  20:160137  21:150517  22:97740  23:85053  24:75097  25:69397  26:58698  27:52492  28:46035  29:41825  30:35181  31:33558  32:28138  33:24094  34:21147  35:18522  36:16174  37:15646  38:13222  39:11318  40:10241  41:8684  42:7727  43:7580  44:6353  45:5175  46:4565  47:4156  48:3773  49:3667  50:3232  51:2627  52:2472  53:2112  54:1827  55:1870  56:1795  57:1516  58:1219  59:1198  60:1058  61:1063  62:1033  63:824  64:809  65:724  66:596  67:588  68:699  69:566  70:477  71:404  72:358  73:423  74:508  75:343  76:316  77:296  78:242  79:228  80:271  81:278  82:260  83:218  84:168  85:161  86:237  87:180  88:132  89:149  90:129  91:130  92:217  93:157  94:107  95:107  96:78  97:83  98:157  99:108  100:88  101:113  102:83  103:68  104:108  105:90  106:73  107:60  108:55  109:66  110:134  111:84  112:45  113:42  114:46  115:41  116:61  117:60  118:41  119:55  120:38  121:39  122:51  123:48  124:32  125:24  126:41  127:42  128:50  129:45  130:34  131:23  132:21  133:21  134:26  135:27  136:27  137:16  138:30  139:28  140:17  141:24  142:16  143:13  144:23  145:25  146:30  147:25  148:14  149:7  150:15  151:16  152:9  153:20  154:26  155:21  156:19  157:17  158:10  159:13  160:18  161:5  162:5  163:10  164:10  165:15  166:17  167:11  168:8  169:6  170:2  171:5  172:9  173:11  174:14  175:10  176:6  177:8  178:9  179:8  180:7  181:8  182:5  183:7  184:9  185:7  186:5  187:4  188:6  189:7  190:12  191:7  192:5  193:3  194:7  195:3  196:5  197:2  198:4  199:3  200:7  201:8  202:7  203:9  205:4  206:5  207:5  208:2  209:13  210:3  211:8  212:2  213:2  214:2  215:4  216:2  217:4  218:3  219:6  220:5  221:4  222:3  223:2  224:4  225:2  226:3  227:3  228:3  229:3  230:1  232:4  233:1  234:1  235:2  236:2  237:4  238:5  239:2  240:1  241:1  242:2  243:1  244:5  246:2  247:2  248:2  250:1  251:1  252:1  253:3  255:3  256:6  257:2  258:2  260:1  261:1  262:4  263:3  264:1  265:1  266:1  269:4  271:1  272:1  273:1  274:1  275:1  277:2  281:1  286:1  287:1  288:1  294:1  295:1  301:1  304:1  305:2  306:2  308:1  309:1  311:1  319:1  323:1  328:1  329:2  330:3  331:1  334:1  337:1  341:2  348:1  349:1  351:2  353:1  356:1  368:1  380:1  387:1  392:1  420:1  443:1  447:3  450:1  597:1  650:1  661:1
  short unary avg len: 2.00
15040.818891,66.026621,1196.547208
[PASSED]
[time 36.98 s, user 34.80 s, sys 2.02 s, maxrss 2049796 KB]
[busy 3799 jiffies]
[exit 0]
--- c2 case 2 rec 1   load 1.01 1.03 1.03
[TEST C2-MARISA]
Processing dataset...
Done!
Building trie...
trie size: 23.210503 MB
trie size: 33.431739 MB
Done!
build time: 14319.898723 ms (1431.989872 ns per key)
space cost: 66.026621 MB (13.220707% of original size 499.418229 MB)
Querying trie...
Done!
total time: 11989.879705 ms, avg latency: 1198.987971 ns
topology: 9.965065 MB, link: 29.247737 MB, data: 26.485694 MB
--- Unary Path Analysis (Marisa, cutoff=3) ---
  branches: 15006864  |  single-char: 4344202 (28.9%)  short-unary: 992777 (6.6%)  links: 9669885 (64.4%)
  link len: avg=10.53  max=661  total_chars=101846674
  link length distribution (len:count):  3:979135  4:1063854  5:889005  6:816748  7:783836  8:655792  9:527524  10:470175  11:410531  12:348158  13:310501  14:249595  15:236303  16:208521  17:272348  18:152006  19:142197  20:160137  21:150517  22:97740  23:85053  24:75097  25:69397  26:58698  27:52492  28:46035  29:41825  30:35181  31:33558  32:28138  33:24094  34:21147  35:18522  36:16174  37:15646  38:13222  39:11318  40:10241  41:8684  42:7727  43:7580  44:6353  45:5175  46:4565  47:4156  48:3773  49:3667  50:3232  51:2627  52:2472  53:2112  54:1827  55:1870  56:1795  57:1516  58:1219  59:1198  60:1058  61:1063  62:1033  63:824  64:809  65:724  66:596  67:588  68:699  69:566  70:477  71:404  72:358  73:423  74:508  75:343  76:316  77:296  78:242  79:228  80:271  81:278  82:260  83:218  84:168  85:161  86:237  87:180  88:132  89:149  90:129  91:130  92:217  93:157  94:107  95:107  96:78  97:83  98:157  99:108  100:88  101:113  102:83  103:68  104:108  105:90  106:73  107:60  108:55  109:66  110:134  111:84  112:45  113:42  114:46  115:41  116:61  117:60  118:41  119:55  120:38  121:39  122:51  123:48  124:32  125:24  126:41  127:42  128:50  129:45  130:34  131:23  132:21  133:21  134:26  135:27  136:27  137:16  138:30  139:28  140:17  141:24  142:16  143:13  144:23  145:25  146:30  147:25  148:14  149:7  150:15  151:16  152:9  153:20  154:26  155:21  156:19  157:17  158:10  159:13  160:18  161:5  162:5  163:10  164:10  165:15  166:17  167:11  168:8  169:6  170:2  171:5  172:9  173:11  174:14  175:10  176:6  177:8  178:9  179:8  180:7  181:8  182:5  183:7  184:9  185:7  186:5  187:4  188:6  189:7  190:12  191:7  192:5  193:3  194:7  195:3  196:5  197:2  198:4  199:3  200:7  201:8  202:7  203:9  205:4  206:5  207:5  208:2  209:13  210:3  211:8  212:2  213:2  214:2  215:4  216:2  217:4  218:3  219:6  220:5  221:4  222:3  223:2  224:4  225:2  226:3  227:3  228:3  229:3  230:1  232:4  233:1  234:1  235:2  236:2  237:4  238:5  239:2  240:1  241:1  242:2  243:1  244:5  246:2  247:2  248:2  250:1  251:1  252:1  253:3  255:3  256:6  257:2  258:2  260:1  261:1  262:4  263:3  264:1  265:1  266:1  269:4  271:1  272:1  273:1  274:1  275:1  277:2  281:1  286:1  287:1  288:1  294:1  295:1  301:1  304:1  305:2  306:2  308:1  309:1  311:1  319:1  323:1  328:1  329:2  330:3  331:1  334:1  337:1  341:2  348:1  349:1  351:2  353:1  356:1  368:1  380:1  387:1  392:1  420:1  443:1  447:3  450:1  597:1  650:1  661:1
  short unary avg len: 2.00
14319.898723,66.026621,1198.987971
[PASSED]
[time 36.30 s, user 34.16 s, sys 1.98 s, maxrss 2049576 KB]
[busy 3727 jiffies]
[exit 0]
--- c2 case 2 rec 0   load 1.00 1.03 1.02
[TEST C2-MARISA]
Processing dataset...
Done!
Building trie...
trie size: 23.210503 MB
Done!
build time: 11984.688697 ms (1198.468870 ns per key)
space cost: 79.565398 MB (15.931617% of original size 499.418229 MB)
Querying trie...
Done!
total time: 9013.592861 ms, avg latency: 901.359286 ns
topology: 7.658741 MB, link: 28.820719 MB, data: 42.757813 MB
--- Unary Path Analysis (Marisa, cutoff=3) ---
  branches: 15006864  |  single-char: 4344202 (28.9%)  short-unary: 992777 (6.6%)  links: 9669885 (64.4%)
  link len: avg=10.53  max=661  total_chars=101846674
  link length distribution (len:count):  3:979135  4:1063854  5:889005  6:816748  7:783836  8:655792  9:527524  10:470175  11:410531  12:348158  13:310501  14:249595  15:236303  16:208521  17:272348  18:152006  19:142197  20:160137  21:150517  22:97740  23:85053  24:75097  25:69397  26:58698  27:52492  28:46035  29:41825  30:35181  31:33558  32:28138  33:24094  34:21147  35:18522  36:16174  37:15646  38:13222  39:11318  40:10241  41:8684  42:7727  43:7580  44:6353  45:5175  46:4565  47:4156  48:3773  49:3667  50:3232  51:2627  52:2472  53:2112  54:1827  55:1870  56:1795  57:1516  58:1219  59:1198  60:1058  61:1063  62:1033  63:824  64:809  65:724  66:596  67:588  68:699  69:566  70:477  71:404  72:358  73:423  74:508  75:343  76:316  77:296  78:242  79:228  80:271  81:278  82:260  83:218  84:168  85:161  86:237  87:180  88:132  89:149  90:129  91:130  92:217  93:157  94:107  95:107  96:78  97:83  98:157  99:108  100:88  101:113  102:83  103:68  104:108  105:90  106:73  107:60  108:55  109:66  110:134  111:84  112:45  113:42  114:46  115:41  116:61  117:60  118:41  119:55  120:38  121:39  122:51  123:48  124:32  125:24  126:41  127:42  128:50  129:45  130:34  131:23  132:21  133:21  134:26  135:27  136:27  137:16  138:30  139:28  140:17  141:24  142:16  143:13  144:23  145:25  146:30  147:25  148:14  149:7  150:15  151:16  152:9  153:20  154:26  155:21  156:19  157:17  158:10  159:13  160:18  161:5  162:5  163:10  164:10  165:15  166:17  167:11  168:8  169:6  170:2  171:5  172:9  173:11  174:14  175:10  176:6  177:8  178:9  179:8  180:7  181:8  182:5  183:7  184:9  185:7  186:5  187:4  188:6  189:7  190:12  191:7  192:5  193:3  194:7  195:3  196:5  197:2  198:4  199:3  200:7  201:8  202:7  203:9  205:4  206:5  207:5  208:2  209:13  210:3  211:8  212:2  213:2  214:2  215:4  216:2  217:4  218:3  219:6  220:5  221:4  222:3  223:2  224:4  225:2  226:3  227:3  228:3  229:3  230:1  232:4  233:1  234:1  235:2  236:2  237:4  238:5  239:2  240:1  241:1  242:2  243:1  244:5  246:2  247:2  248:2  250:1  251:1  252:1  253:3  255:3  256:6  257:2  258:2  260:1  261:1  262:4  263:3  264:1  265:1  266:1  269:4  271:1  272:1  273:1  274:1  275:1  277:2  281:1  286:1  287:1  288:1  294:1  295:1  301:1  304:1  305:2  306:2  308:1  309:1  311:1  319:1  323:1  328:1  329:2  330:3  331:1  334:1  337:1  341:2  348:1  349:1  351:2  353:1  356:1  368:1  380:1  387:1  392:1  420:1  443:1  447:3  450:1  597:1  650:1  661:1
  short unary avg len: 2.00
11984.688697,79.565398,901.359286
[PASSED]
[time 30.97 s, user 28.79 s, sys 2.05 s, maxrss 2063400 KB]
[busy 3172 jiffies]
[exit 0]
--- c2 case 1 rec 2   load 0.92 1.01 1.01
[TEST C2-CoCo(LOUDS-Sparse)]
Processing dataset...
Done!
Building trie...
trie size: 23.143724 MB
trie size: 3.515203 MB
Done!
build time: 31497.781135 ms (3149.778114 ns per key)
space cost: 83.070779 MB (16.633510% of original size 499.418229 MB)
Querying trie...
Done!
total time: 18664.027809 ms, avg latency: 1866.402781 ns
topology: 6.127193 MB, link: 31.915912 MB, data: 45.027674 MB
31497.781135,83.070779,1866.402781
[PASSED]
[time 60.14 s, user 57.21 s, sys 2.68 s, maxrss 3592804 KB]
[busy 6144 jiffies]
[exit 0]
--- c2 case 1 rec 1   load 0.97 1.00 1.01
[TEST C2-CoCo(LOUDS-Sparse)]
Processing dataset...
Done!
Building trie...
trie size: 23.143724 MB
Done!
build time: 30895.829292 ms (3089.582929 ns per key)
space cost: 83.070779 MB (16.633510% of original size 499.418229 MB)
Querying trie...
Done!
total time: 18437.896302 ms, avg latency: 1843.789630 ns
topology: 6.127193 MB, link: 31.915912 MB, data: 45.027674 MB
30895.829292,83.070779,1843.789630
[PASSED]
[time 59.33 s, user 56.36 s, sys 2.74 s, maxrss 3572000 KB]
[busy 6053 jiffies]
[exit 0]
--- c2 case 1 rec 0   load 0.99 1.00 1.00
[TEST C2-CoCo(LOUDS-Sparse)]
Processing dataset...
Done!
Building trie...
Done!
build time: 28942.208376 ms (2894.220838 ns per key)
space cost: 94.593055 MB (18.940649% of original size 499.418229 MB)
Querying trie...
Done!
total time: 15825.686260 ms, avg latency: 1582.568626 ns
topology: 4.283638 MB, link: 32.108927 MB, data: 58.200490 MB
28942.208376,94.593055,1582.568626
[PASSED]
[time 54.72 s, user 51.74 s, sys 2.76 s, maxrss 3698688 KB]
[busy 5584 jiffies]
[exit 0]
--- c2 case 0 rec 2   load 1.00 1.00 1.00
[TEST C2-FST]
Processing dataset...
Done!
Building trie...
trie size: 23.143724 MB
trie size: 3.515203 MB
Done!
build time: 14654.891226 ms (1465.489123 ns per key)
space cost: 78.247462 MB (15.667723% of original size 499.418229 MB)
Querying trie...
Done!
total time: 18542.567602 ms, avg latency: 1854.256760 ns
topology: 13.508587 MB, link: 21.314508 MB, data: 43.424367 MB
--- Unary Path Analysis (FST, cutoff=4) ---
  shared unary steps in main trie: 10222647
  terminal suffixes: inplace=1703226 (avg len=2.16)  links=6715973 (79.8% of terminal)
  link len: avg=10.80  max=659  total_chars=72556931
  link length distribution (len:count):  4:696901  5:673915  6:668087  7:559938  8:460143  9:408987  10:371411  11:317336  12:286791  13:230146  14:219886  15:194657  16:260212  17:141485  18:132694  19:152516  20:142603  21:91996  22:80093  23:71031  24:65911  25:55655  26:49759  27:43541  28:39655  29:33371  30:31744  31:26630  32:22544  33:19836  34:17416  35:15244  36:14777  37:12475  38:10684  39:9704  40:8252  41:7414  42:7187  43:6077  44:4975  45:4415  46:4008  47:3641  48:3548  49:3129  50:2543  51:2408  52:2048  53:1756  54:1822  55:1758  56:1478  57:1179  58:1174  59:1028  60:1021  61:1008  62:800  63:782  64:703  65:577  66:564  67:679  68:553  69:459  70:394  71:348  72:410  73:498  74:336  75:309  76:287  77:230  78:220  79:262  80:269  81:251  82:214  83:163  84:154  85:231  86:178  87:132  88:144  89:127  90:127  91:212  92:153  93:106  94:107  95:76  96:81  97:157  98:106  99:86  100:109  101:82  102:64  103:107  104:90  105:70  106:58  107:55  108:63  109:130  110:83  111:45  112:41  113:46  114:39  115:60  116:60  117:41  118:52  119:37  120:39  121:51  122:48  123:30  124:24  125:39  126:42  127:48  128:44  129:34  130:23  131:19  132:20  133:26  134:27  135:27  136:16  137:30  138:27  139:16  140:24  141:15  142:13  143:23  144:25  145:30  146:25  147:14  148:7  149:15  150:16  151:9  152:19  153:25  154:20  155:19  156:17  157:10  158:12  159:18  160:5  161:5  162:9  163:10  164:14  165:17  166:11  167:8  168:6  169:2  170:5  171:9  172:11  173:14  174:10  175:6  176:8  177:8  178:8  179:7  180:8  181:5  182:7  183:9  184:6  185:5  186:4  187:6  188:7  189:12  190:7  191:5  192:3  193:7  194:3  195:5  196:2  197:4  198:3  199:6  200:8  201:7  202:9  204:4  205:5  206:5  207:1  208:12  209:3  210:7  211:2  212:2  213:2  214:4  215:2  216:4  217:3  218:6  219:4  220:3  221:3  222:2  223:4  224:2  225:3  226:3  227:3  228:3  229:1  231:4  232:1  233:1  234:2  235:2  236:4  237:4  238:2  239:1  240:1  241:1  242:1  243:5  245:2  246:2  247:2  249:1  250:1  251:1  252:3  254:3  255:6  256:2  257:2  259:1  260:1  261:4  262:3  263:1  264:1  265:1  268:4  270:1  271:1  272:1  273:1  274:1  276:2  280:1  285:1  286:1  287:1  293:1  294:1  300:1  303:1  304:2  305:2  307:1  310:1  318:1  322:1  327:1  328:2  329:3  330:1  333:1  336:1  340:2  347:1  348:1  350:2  352:1  355:1  367:1  379:1  386:1  391:1  419:1  442:1  446:3  449:1  596:1  649:1  660:1
14654.891226,78.247462,1854.256760
[PASSED]
[time 43.25 s, user 41.22 s, sys 1.85 s, maxrss 2062136 KB]
[busy 4433 jiffies]
[exit 0]
--- c2 case 0 rec 1   load 1.00 1.00 1.00
[TEST C2-FST]
Processing dataset...
Done!
Building trie...
trie size: 23.143724 MB
Done!
build time: 14084.875471 ms (1408.487547 ns per key)
space cost: 78.247462 MB (15.667723% of original size 499.418229 MB)
Querying trie...
Done!
total time: 18502.970631 ms, avg latency: 1850.297063 ns
topology: 13.508587 MB, link: 21.314508 MB, data: 43.424367 MB
--- Unary Path Analysis (FST, cutoff=4) ---
  shared unary steps in main trie: 10222647
  terminal suffixes: inplace=1703226 (avg len=2.16)  links=6715973 (79.8% of terminal)
  link len: avg=10.80  max=659  total_chars=72556931
  link length distribution (len:count):  4:696901  5:673915  6:668087  7:559938  8:460143  9:408987  10:371411  11:317336  12:286791  13:230146  14:219886  15:194657  16:260212  17:141485  18:132694  19:152516  20:142603  21:91996  22:80093  23:71031  24:65911  25:55655  26:49759  27:43541  28:39655  29:33371  30:31744  31:26630  32:22544  33:19836  34:17416  35:15244  36:14777  37:12475  38:10684  39:9704  40:8252  41:7414  42:7187  43:6077  44:4975  45:4415  46:4008  47:3641  48:3548  49:3129  50:2543  51:2408  52:2048  53:1756  54:1822  55:1758  56:1478  57:1179  58:1174  59:1028  60:1021  61:1008  62:800  63:782  64:703  65:577  66:564  67:679  68:553  69:459  70:394  71:348  72:410  73:498  74:336  75:309  76:287  77:230  78:220  79:262  80:269  81:251  82:214  83:163  84:154  85:231  86:178  87:132  88:144  89:127  90:127  91:212  92:153  93:106  94:107  95:76  96:81  97:157  98:106  99:86  100:109  101:82  102:64  103:107  104:90  105:70  106:58  107:55  108:63  109:130  110:83  111:45  112:41  113:46  114:39  115:60  116:60  117:41  118:52  119:37  120:39  121:51  122:48  123:30  124:24  125:39  126:42  127:48  128:44  129:34  130:23  131:19  132:20  133:26  134:27  135:27  136:16  137:30  138:27  139:16  140:24  141:15  142:13  143:23  144:25  145:30  146:25  147:14  148:7  149:15  150:16  151:9  152:19  153:25  154:20  155:19  156:17  157:10  158:12  159:18  160:5  161:5  162:9  163:10  164:14  165:17  166:11  167:8  168:6  169:2  170:5  171:9  172:11  173:14  174:10  175:6  176:8  177:8  178:8  179:7  180:8  181:5  182:7  183:9  184:6  185:5  186:4  187:6  188:7  189:12  190:7  191:5  192:3  193:7  194:3  195:5  196:2  197:4  198:3  199:6  200:8  201:7  202:9  204:4  205:5  206:5  207:1  208:12  209:3  210:7  211:2  212:2  213:2  214:4  215:2  216:4  217:3  218:6  219:4  220:3  221:3  222:2  223:4  224:2  225:3  226:3  227:3  228:3  229:1  231:4  232:1  233:1  234:2  235:2  236:4  237:4  238:2  239:1  240:1  241:1  242:1  243:5  245:2  246:2  247:2  249:1  250:1  251:1  252:3  254:3  255:6  256:2  257:2  259:1  260:1  261:4  262:3  263:1  264:1  265:1  268:4  270:1  271:1  272:1  273:1  274:1  276:2  280:1  285:1  286:1  287:1  293:1  294:1  300:1  303:1  304:2  305:2  307:1  310:1  318:1  322:1  327:1  328:2  329:3  330:1  333:1  336:1  340:2  347:1  348:1  350:2  352:1  355:1  367:1  379:1  386:1  391:1  419:1  442:1  446:3  449:1  596:1  649:1  660:1
14084.875471,78.247462,1850.297063
[PASSED]
[time 42.62 s, user 40.63 s, sys 1.81 s, maxrss 2062124 KB]
[busy 4367 jiffies]
[exit 0]
--- c2 case 0 rec 0   load 0.92 0.98 0.99
[TEST C2-FST]
Processing dataset...
Done!
Building trie...
Done!
build time: 12124.130034 ms (1212.413003 ns per key)
space cost: 89.769738 MB (17.974862% of original size 499.418229 MB)
Querying trie...
Done!
total time: 15618.082309 ms, avg latency: 1561.808231 ns
topology: 11.665031 MB, link: 21.507524 MB, data: 56.597183 MB
--- Unary Path Analysis (FST, cutoff=4) ---
  shared unary steps in main trie: 10222647
  terminal suffixes: inplace=1703226 (avg len=2.16)  links=6715973 (79.8% of terminal)
  link len: avg=10.80  max=659  total_chars=72556931
  link length distribution (len:count):  4:696901  5:673915  6:668087  7:559938  8:460143  9:408987  10:371411  11:317336  12:286791  13:230146  14:219886  15:194657  16:260212  17:141485  18:132694  19:152516  20:142603  21:91996  22:80093  23:71031  24:65911  25:55655  26:49759  27:43541  28:39655  29:33371  30:31744  31:26630  32:22544  33:19836  34:17416  35:15244  36:14777  37:12475  38:10684  39:9704  40:8252  41:7414  42:7187  43:6077  44:4975  45:4415  46:4008  47:3641  48:3548  49:3129  50:2543  51:2408  52:2048  53:1756  54:1822  55:1758  56:1478  57:1179  58:1174  59:1028  60:1021  61:1008  62:800  63:782  64:703  65:577  66:564  67:679  68:553  69:459  70:394  71:348  72:410  73:498  74:336  75:309  76:287  77:230  78:220  79:262  80:269  81:251  82:214  83:163  84:154  85:231  86:178  87:132  88:144  89:127  90:127  91:212  92:153  93:106  94:107  95:76  96:81  97:157  98:106  99:86  100:109  101:82  102:64  103:107  104:90  105:70  106:58  107:55  108:63  109:130  110:83  111:45  112:41  113:46  114:39  115:60  116:60  117:41  118:52  119:37  120:39  121:51  122:48  123:30  124:24  125:39  126:42  127:48  128:44  129:34  130:23  131:19  132:20  133:26  134:27  135:27  136:16  137:30  138:27  139:16  140:24  141:15  142:13  143:23  144:25  145:30  146:25  147:14  148:7  149:15  150:16  151:9  152:19  153:25  154:20  155:19  156:17  157:10  158:12  159:18  160:5  161:5  162:9  163:10  164:14  165:17  166:11  167:8  168:6  169:2  170:5  171:9  172:11  173:14  174:10  175:6  176:8  177:8  178:8  179:7  180:8  181:5  182:7  183:9  184:6  185:5  186:4  187:6  188:7  189:12  190:7  191:5  192:3  193:7  194:3  195:5  196:2  197:4  198:3  199:6  200:8  201:7  202:9  204:4  205:5  206:5  207:1  208:12  209:3  210:7  211:2  212:2  213:2  214:4  215:2  216:4  217:3  218:6  219:4  220:3  221:3  222:2  223:4  224:2  225:3  226:3  227:3  228:3  229:1  231:4  232:1  233:1  234:2  235:2  236:4  237:4  238:2  239:1  240:1  241:1  242:1  243:5  245:2  246:2  247:2  249:1  250:1  251:1  252:3  254:3  255:6  256:2  257:2  259:1  260:1  261:4  262:3  263:1  264:1  265:1  268:4  270:1  271:1  272:1  273:1  274:1  276:2  280:1  285:1  286:1  287:1  293:1  294:1  300:1  303:1  304:2  305:2  307:1  310:1  318:1  322:1  327:1  328:2  329:3  330:1  333:1  336:1  340:2  347:1  348:1  350:2  352:1  355:1  367:1  379:1  386:1  391:1  419:1  442:1  446:3  449:1  596:1  649:1  660:1
12124.130034,89.769738,1561.808231
[PASSED]
[time 37.77 s, user 35.74 s, sys 1.87 s, maxrss 2073616 KB]
[busy 3870 jiffies]
[exit 0]
--- lexindex string   load 0.96 0.99 1.00
10000000 keys
lexindex StringIndex: build 9334 ms, size 124.922 MiB (13.099 B/key), latency cold 963.8 ns, then mean 964.6 / min 964.5 ns
9334.231,124.921756,963.830
[time 54.93 s, user 53.58 s, sys 1.13 s, maxrss 2136712 KB]
[busy 5615 jiffies]
[exit 0]
--- lexindex dict1024   load 0.91 0.98 0.99
10000000 keys
lexindex DictIndex block 1024: build 2497 ms, size 53.339 MiB (5.593 B/key), latency cold 766.1 ns, then mean 766.6 / min 766.0 ns
2497.095,53.338564,766.070
[time 40.30 s, user 56.28 s, sys 1.76 s, maxrss 2267608 KB]
[busy 5927 jiffies]
[exit 0]
--- lexindex dict256   load 0.95 0.98 1.00
10000000 keys
lexindex DictIndex block 256: build 2592 ms, size 55.922 MiB (5.864 B/key), latency cold 770.6 ns, then mean 768.7 / min 768.1 ns
2591.808,55.922069,770.586
[time 40.50 s, user 56.93 s, sys 1.84 s, maxrss 2276264 KB]
[busy 6010 jiffies]
[exit 0]
--- lexindex dict32   load 0.98 0.98 1.00
10000000 keys
lexindex DictIndex block 32: build 2534 ms, size 68.900 MiB (7.225 B/key), latency cold 775.3 ns, then mean 773.6 / min 772.9 ns
2533.807,68.900438,775.346
[time 40.64 s, user 56.47 s, sys 1.80 s, maxrss 2306116 KB]
[busy 5956 jiffies]
[exit 0]

##### titles-en-10000000 (10000000 lines, 219718589 bytes)   round 2/3   2026-09-19T15:01:40+03:00
--- xcdat 16   load 0.91 0.97 0.99
build time: 7123.152054 ms
space cost: 139.139603 MiB (69.568677% of original size 200.003232 MiB)
avg latency: 628.334052 ns
7123.152054,139.139603,628.334052
[time 21.28 s, user 19.70 s, sys 1.49 s, maxrss 1508004 KB]
[busy 2187 jiffies]
[exit 0]
--- xcdat 15   load 0.94 0.97 1.00
build time: 7414.107671 ms
space cost: 133.023680 MiB (66.510765% of original size 200.003232 MiB)
avg latency: 580.667439 ns
7414.107671,133.023680,580.667439
[time 21.13 s, user 19.51 s, sys 1.53 s, maxrss 1503560 KB]
[busy 2162 jiffies]
[exit 0]
--- xcdat 8   load 0.96 0.97 1.00
build time: 7095.727033 ms
space cost: 108.349843 MiB (54.174046% of original size 200.003232 MiB)
avg latency: 676.158351 ns
7095.727033,108.349843,676.158351
[time 21.74 s, user 20.13 s, sys 1.51 s, maxrss 1452696 KB]
[busy 2231 jiffies]
[exit 0]
--- xcdat 7   load 0.97 0.98 1.00
build time: 7425.854332 ms
space cost: 112.423756 MiB (56.210969% of original size 200.003232 MiB)
avg latency: 706.923137 ns
7425.854332,112.423756,706.923137
[time 22.35 s, user 20.79 s, sys 1.47 s, maxrss 1456428 KB]
[busy 2296 jiffies]
[exit 0]
--- c2 case 8 rec 0   load 0.90 0.96 0.99
[TEST CART]
Processing dataset...
Done!
Building trie...
Done!
build time: 2603.505880 ms (260.350588 ns per key)
space cost: 157.938812 MB (78.968130% of original size 200.003232 MB)
Querying trie...
Done!
total time: 7442.124675 ms, avg latency: 744.212468 ns
not implemented
2603.505880,157.938812,744.212468
[PASSED]
[time 17.97 s, user 16.78 s, sys 1.11 s, maxrss 1618104 KB]
[busy 1842 jiffies]
[exit 0]
--- c2 case 7 rec 0   load 0.92 0.97 1.00
[TEST ART]
Processing dataset...
Done!
Building trie...
Done!
build time: 1974.092627 ms (197.409263 ns per key)
space cost: 339.123360 MB (169.558940% of original size 200.003232 MB)
Querying trie...
Done!
total time: 6788.854537 ms, avg latency: 678.885454 ns
not implemented
1974.092627,339.123360,678.885454
[PASSED]
[time 16.67 s, user 15.42 s, sys 1.18 s, maxrss 1739700 KB]
[busy 1710 jiffies]
[exit 0]
--- c2 case 6 rec 0   load 0.95 0.97 1.00
[TEST PDT]
Processing dataset...
Done!
Building trie...
dict size: 157532, stream size: 58361417
Done!
build time: 26105.381445 ms (2610.538144 ns per key)
space cost: 68.573545 MB (34.286219% of original size 200.003232 MB)
Querying trie...
Done!
total time: 10757.129072 ms, avg latency: 1075.712907 ns
not implemented
26105.381445,68.573545,1075.712907
[PASSED]
[time 44.67 s, user 42.99 s, sys 1.49 s, maxrss 1316768 KB]
[busy 4568 jiffies]
[exit 0]
--- c2 case 5 rec 2   load 0.98 0.97 1.00
[TEST MARISA]
Processing dataset...
Done!
Building trie...
Done!
build time: 7912.961834 ms (791.296183 ns per key)
space cost: 54.499722 MB (27.249420% of original size 200.003232 MB)
Querying trie...
Done!
total time: 14943.054874 ms, avg latency: 1494.305487 ns
not implemented
7912.961834,54.499722,1494.305487
[PASSED]
[time 30.58 s, user 29.00 s, sys 1.45 s, maxrss 1612268 KB]
[busy 3135 jiffies]
[exit 0]
--- c2 case 5 rec 1   load 0.99 0.98 1.00
[TEST MARISA]
Processing dataset...
Done!
Building trie...
Done!
build time: 7748.574946 ms (774.857495 ns per key)
space cost: 58.000221 MB (28.999642% of original size 200.003232 MB)
Querying trie...
Done!
total time: 14199.997146 ms, avg latency: 1419.999715 ns
not implemented
7748.574946,58.000221,1419.999715
[PASSED]
[time 29.74 s, user 28.14 s, sys 1.47 s, maxrss 1612076 KB]
[busy 3052 jiffies]
[exit 0]
--- c2 case 5 rec 0   load 0.98 0.98 1.00
[TEST MARISA]
Processing dataset...
Done!
Building trie...
Done!
build time: 6608.478416 ms (660.847842 ns per key)
space cost: 79.225293 MB (39.612006% of original size 200.003232 MB)
Querying trie...
Done!
total time: 10435.003375 ms, avg latency: 1043.500337 ns
not implemented
6608.478416,79.225293,1043.500337
[PASSED]
[time 24.81 s, user 23.27 s, sys 1.43 s, maxrss 1612528 KB]
[busy 2545 jiffies]
[exit 0]
--- c2 case 4 rec 0   skipped: exit 134 in round 1
--- c2 case 3 rec 0   load 0.98 0.98 1.00
[TEST FST]
Processing dataset...
Done!
Building trie...
Done!
build time: 9755.890833 ms (975.589083 ns per key)
space cost: 86.740355 MB (43.369476% of original size 200.003232 MB)
Querying trie...
Done!
total time: 13870.759670 ms, avg latency: 1387.075967 ns
not implemented
9755.890833,86.740355,1387.075967
[PASSED]
[time 31.43 s, user 30.31 s, sys 1.00 s, maxrss 1233596 KB]
[busy 3228 jiffies]
[exit 0]
--- c2 case 2 rec 2   load 0.99 0.99 1.00
[TEST C2-MARISA]
Processing dataset...
Done!
Building trie...
trie size: 23.317092 MB
trie size: 32.530715 MB
trie size: 4.028131 MB
Done!
build time: 13237.064098 ms (1323.706410 ns per key)
space cost: 64.832272 MB (32.415612% of original size 200.003232 MB)
Querying trie...
Done!
total time: 10216.195053 ms, avg latency: 1021.619505 ns
topology: 9.978737 MB, link: 28.205211 MB, data: 26.320199 MB
--- Unary Path Analysis (Marisa, cutoff=3) ---
  branches: 15080896  |  single-char: 4578086 (30.4%)  short-unary: 1137672 (7.5%)  links: 9365138 (62.1%)
  link len: avg=9.96  max=236  total_chars=93261704
  link length distribution (len:count):  3:947829  4:986562  5:965254  6:903368  7:803217  8:675232  9:535160  10:448828  11:393655  12:313562  13:273926  14:228549  15:306731  16:216481  17:200904  18:144129  19:127804  20:110710  21:100724  22:84358  23:73263  24:61276  25:54434  26:48000  27:45573  28:38180  29:33095  30:28718  31:25581  32:22213  33:19884  34:17374  35:15159  36:13408  37:12318  38:10537  39:8786  40:7764  41:6832  42:6052  43:5427  44:4522  45:3945  46:3695  47:3344  48:2764  49:2509  50:2081  51:1977  52:1721  53:1517  54:1388  55:1255  56:1097  57:1012  58:930  59:785  60:751  61:645  62:578  63:614  64:560  65:436  66:431  67:412  68:392  69:332  70:320  71:285  72:270  73:233  74:225  75:193  76:195  77:155  78:178  79:164  80:147  81:126  82:131  83:112  84:98  85:95  86:92  87:89  88:91  89:63  90:58  91:59  92:55  93:61  94:54  95:48  96:42  97:53  98:43  99:42  100:44  101:35  102:30  103:20  104:25  105:38  106:22  107:19  108:21  109:27  110:17  111:18  112:16  113:20  114:20  115:15  116:18  117:20  118:11  119:16  120:19  121:14  122:12  123:5  124:13  125:12  126:8  127:9  128:8  129:10  130:13  131:6  132:9  133:1  134:8  135:7  136:5  137:7  138:4  139:7  140:6  141:3  142:3  143:1  144:5  145:3  146:5  147:2  148:3  149:3  150:8  151:6  152:3  153:6  154:5  155:4  156:5  157:4  158:2  159:2  160:3  161:6  163:6  164:1  165:1  166:3  167:3  168:6  169:2  170:1  171:1  172:3  173:1  174:1  175:3  176:1  177:1  178:2  179:2  180:4  181:1  183:1  185:3  186:1  189:2  190:1  192:1  194:4  195:2  196:1  199:3  200:3  201:1  202:1  205:3  206:2  207:1  209:1  210:4  211:1  212:1  214:1  215:1  216:1  218:1  224:1  225:2  229:1  230:1  231:1  232:1  234:1  235:1  236:1
  short unary avg len: 2.00
13237.064098,64.832272,1021.619505
[PASSED]
[time 31.24 s, user 29.60 s, sys 1.51 s, maxrss 1496860 KB]
[busy 3194 jiffies]
[exit 0]
--- c2 case 2 rec 1   load 0.92 0.97 0.99
[TEST C2-MARISA]
Processing dataset...
Done!
Building trie...
trie size: 23.317092 MB
trie size: 32.530715 MB
Done!
build time: 12705.420221 ms (1270.542022 ns per key)
space cost: 64.832272 MB (32.415612% of original size 200.003232 MB)
Querying trie...
Done!
total time: 10266.241275 ms, avg latency: 1026.624127 ns
topology: 9.978737 MB, link: 28.205211 MB, data: 26.320199 MB
--- Unary Path Analysis (Marisa, cutoff=3) ---
  branches: 15080896  |  single-char: 4578086 (30.4%)  short-unary: 1137672 (7.5%)  links: 9365138 (62.1%)
  link len: avg=9.96  max=236  total_chars=93261704
  link length distribution (len:count):  3:947829  4:986562  5:965254  6:903368  7:803217  8:675232  9:535160  10:448828  11:393655  12:313562  13:273926  14:228549  15:306731  16:216481  17:200904  18:144129  19:127804  20:110710  21:100724  22:84358  23:73263  24:61276  25:54434  26:48000  27:45573  28:38180  29:33095  30:28718  31:25581  32:22213  33:19884  34:17374  35:15159  36:13408  37:12318  38:10537  39:8786  40:7764  41:6832  42:6052  43:5427  44:4522  45:3945  46:3695  47:3344  48:2764  49:2509  50:2081  51:1977  52:1721  53:1517  54:1388  55:1255  56:1097  57:1012  58:930  59:785  60:751  61:645  62:578  63:614  64:560  65:436  66:431  67:412  68:392  69:332  70:320  71:285  72:270  73:233  74:225  75:193  76:195  77:155  78:178  79:164  80:147  81:126  82:131  83:112  84:98  85:95  86:92  87:89  88:91  89:63  90:58  91:59  92:55  93:61  94:54  95:48  96:42  97:53  98:43  99:42  100:44  101:35  102:30  103:20  104:25  105:38  106:22  107:19  108:21  109:27  110:17  111:18  112:16  113:20  114:20  115:15  116:18  117:20  118:11  119:16  120:19  121:14  122:12  123:5  124:13  125:12  126:8  127:9  128:8  129:10  130:13  131:6  132:9  133:1  134:8  135:7  136:5  137:7  138:4  139:7  140:6  141:3  142:3  143:1  144:5  145:3  146:5  147:2  148:3  149:3  150:8  151:6  152:3  153:6  154:5  155:4  156:5  157:4  158:2  159:2  160:3  161:6  163:6  164:1  165:1  166:3  167:3  168:6  169:2  170:1  171:1  172:3  173:1  174:1  175:3  176:1  177:1  178:2  179:2  180:4  181:1  183:1  185:3  186:1  189:2  190:1  192:1  194:4  195:2  196:1  199:3  200:3  201:1  202:1  205:3  206:2  207:1  209:1  210:4  211:1  212:1  214:1  215:1  216:1  218:1  224:1  225:2  229:1  230:1  231:1  232:1  234:1  235:1  236:1
  short unary avg len: 2.00
12705.420221,64.832272,1026.624127
[PASSED]
[time 30.79 s, user 29.13 s, sys 1.53 s, maxrss 1466192 KB]
[busy 3158 jiffies]
[exit 0]
--- c2 case 2 rec 0   load 0.95 0.97 1.00
[TEST C2-MARISA]
Processing dataset...
Done!
Building trie...
trie size: 23.317092 MB
Done!
build time: 10472.538770 ms (1047.253877 ns per key)
space cost: 78.192151 MB (39.095444% of original size 200.003232 MB)
Querying trie...
Done!
total time: 7942.710712 ms, avg latency: 794.271071 ns
topology: 7.694263 MB, link: 27.912508 MB, data: 42.257255 MB
--- Unary Path Analysis (Marisa, cutoff=3) ---
  branches: 15080896  |  single-char: 4578086 (30.4%)  short-unary: 1137672 (7.5%)  links: 9365138 (62.1%)
  link len: avg=9.96  max=236  total_chars=93261704
  link length distribution (len:count):  3:947829  4:986562  5:965254  6:903368  7:803217  8:675232  9:535160  10:448828  11:393655  12:313562  13:273926  14:228549  15:306731  16:216481  17:200904  18:144129  19:127804  20:110710  21:100724  22:84358  23:73263  24:61276  25:54434  26:48000  27:45573  28:38180  29:33095  30:28718  31:25581  32:22213  33:19884  34:17374  35:15159  36:13408  37:12318  38:10537  39:8786  40:7764  41:6832  42:6052  43:5427  44:4522  45:3945  46:3695  47:3344  48:2764  49:2509  50:2081  51:1977  52:1721  53:1517  54:1388  55:1255  56:1097  57:1012  58:930  59:785  60:751  61:645  62:578  63:614  64:560  65:436  66:431  67:412  68:392  69:332  70:320  71:285  72:270  73:233  74:225  75:193  76:195  77:155  78:178  79:164  80:147  81:126  82:131  83:112  84:98  85:95  86:92  87:89  88:91  89:63  90:58  91:59  92:55  93:61  94:54  95:48  96:42  97:53  98:43  99:42  100:44  101:35  102:30  103:20  104:25  105:38  106:22  107:19  108:21  109:27  110:17  111:18  112:16  113:20  114:20  115:15  116:18  117:20  118:11  119:16  120:19  121:14  122:12  123:5  124:13  125:12  126:8  127:9  128:8  129:10  130:13  131:6  132:9  133:1  134:8  135:7  136:5  137:7  138:4  139:7  140:6  141:3  142:3  143:1  144:5  145:3  146:5  147:2  148:3  149:3  150:8  151:6  152:3  153:6  154:5  155:4  156:5  157:4  158:2  159:2  160:3  161:6  163:6  164:1  165:1  166:3  167:3  168:6  169:2  170:1  171:1  172:3  173:1  174:1  175:3  176:1  177:1  178:2  179:2  180:4  181:1  183:1  185:3  186:1  189:2  190:1  192:1  194:4  195:2  196:1  199:3  200:3  201:1  202:1  205:3  206:2  207:1  209:1  210:4  211:1  212:1  214:1  215:1  216:1  218:1  224:1  225:2  229:1  230:1  231:1  232:1  234:1  235:1  236:1
  short unary avg len: 2.00
10472.538770,78.192151,794.271071
[PASSED]
[time 26.28 s, user 24.55 s, sys 1.62 s, maxrss 1608984 KB]
[busy 2694 jiffies]
[exit 0]
--- c2 case 1 rec 2   load 0.97 0.98 1.00
[TEST C2-CoCo(LOUDS-Sparse)]
Processing dataset...
Done!
Building trie...
trie size: 22.733012 MB
trie size: 3.280537 MB
Done!
build time: 27123.765461 ms (2712.376546 ns per key)
space cost: 87.170093 MB (43.584342% of original size 200.003232 MB)
Querying trie...
Done!
total time: 16981.720703 ms, avg latency: 1698.172070 ns
topology: 6.218388 MB, link: 32.751384 MB, data: 48.200322 MB
27123.765461,87.170093,1698.172070
[PASSED]
[time 51.88 s, user 49.40 s, sys 2.26 s, maxrss 3090092 KB]
[busy 5312 jiffies]
[exit 0]
--- c2 case 1 rec 1   load 1.02 1.00 1.00
[TEST C2-CoCo(LOUDS-Sparse)]
Processing dataset...
Done!
Building trie...
trie size: 22.733012 MB
Done!
build time: 26661.507984 ms (2666.150798 ns per key)
space cost: 87.170093 MB (43.584342% of original size 200.003232 MB)
Querying trie...
Done!
total time: 16865.013016 ms, avg latency: 1686.501302 ns
topology: 6.218388 MB, link: 32.751384 MB, data: 48.200322 MB
26661.507984,87.170093,1686.501302
[PASSED]
[time 51.39 s, user 48.88 s, sys 2.30 s, maxrss 3066544 KB]
[busy 5269 jiffies]
[exit 0]
--- c2 case 1 rec 0   load 0.93 0.98 0.99
[TEST C2-CoCo(LOUDS-Sparse)]
Processing dataset...
Done!
Building trie...
Done!
build time: 24892.030442 ms (2489.203044 ns per key)
space cost: 98.257762 MB (49.128087% of original size 200.003232 MB)
Querying trie...
Done!
total time: 14519.644688 ms, avg latency: 1451.964469 ns
topology: 4.410110 MB, link: 33.095964 MB, data: 60.751687 MB
24892.030442,98.257762,1451.964469
[PASSED]
[time 47.19 s, user 44.72 s, sys 2.28 s, maxrss 3193768 KB]
[busy 4823 jiffies]
[exit 0]
--- c2 case 0 rec 2   load 1.09 1.02 1.01
[TEST C2-FST]
Processing dataset...
Done!
Building trie...
trie size: 22.733012 MB
trie size: 3.280537 MB
Done!
build time: 12935.993673 ms (1293.599367 ns per key)
space cost: 75.770544 MB (37.884660% of original size 200.003232 MB)
Querying trie...
Done!
total time: 14178.201269 ms, avg latency: 1417.820127 ns
topology: 13.082478 MB, link: 20.816256 MB, data: 41.871811 MB
--- Unary Path Analysis (FST, cutoff=4) ---
  shared unary steps in main trie: 9042618
  terminal suffixes: inplace=1798982 (avg len=2.14)  links=6599643 (78.6% of terminal)
  link len: avg=9.93  max=234  total_chars=65543603
  link length distribution (len:count):  4:783104  5:760158  6:695828  7:589022  8:475587  9:402890  10:359960  11:287809  12:252754  13:211229  14:291790  15:204192  16:188465  17:134915  18:119234  19:103940  20:94864  21:79457  22:68801  23:57526  24:51335  25:45253  26:43170  27:36068  28:31115  29:26944  30:23808  31:20749  32:18599  33:16316  34:14256  35:12616  36:11654  37:10097  38:8350  39:7410  40:6438  41:5768  42:5227  43:4358  44:3828  45:3564  46:3239  47:2673  48:2418  49:2015  50:1930  51:1676  52:1473  53:1343  54:1226  55:1070  56:979  57:898  58:769  59:736  60:626  61:563  62:597  63:542  64:428  65:419  66:401  67:383  68:320  69:311  70:276  71:263  72:227  73:216  74:189  75:189  76:152  77:176  78:161  79:141  80:122  81:127  82:110  83:97  84:90  85:90  86:88  87:88  88:62  89:58  90:57  91:55  92:60  93:54  94:47  95:39  96:52  97:43  98:41  99:43  100:34  101:29  102:20  103:25  104:38  105:22  106:19  107:21  108:27  109:17  110:17  111:15  112:20  113:20  114:14  115:18  116:19  117:10  118:15  119:19  120:13  121:11  122:5  123:13  124:11  125:8  126:8  127:8  128:10  129:12  130:6  131:9  132:1  133:8  134:7  135:4  136:6  137:4  138:7  139:6  140:3  141:3  142:1  143:5  144:3  145:5  146:2  147:3  148:3  149:8  150:6  151:3  152:5  153:5  154:4  155:5  156:4  157:2  158:2  159:3  160:6  162:6  163:1  164:1  165:3  166:3  167:6  168:2  169:1  170:1  171:3  172:1  173:1  174:3  175:1  176:1  177:2  178:2  179:4  180:1  182:1  184:2  185:1  188:2  189:1  191:1  193:4  194:1  195:1  198:3  199:2  200:1  201:1  204:3  205:2  206:1  208:1  209:4  210:1  211:1  213:1  214:1  215:1  217:1  223:1  224:2  228:1  229:1  230:1  231:1  233:1  235:1
12935.993673,75.770544,1417.820127
[PASSED]
[time 34.91 s, user 33.36 s, sys 1.40 s, maxrss 1364472 KB]
[busy 3577 jiffies]
[exit 0]
--- c2 case 0 rec 1   load 1.05 1.01 1.00
[TEST C2-FST]
Processing dataset...
Done!
Building trie...
trie size: 22.733012 MB
Done!
build time: 12448.401436 ms (1244.840144 ns per key)
space cost: 75.770544 MB (37.884660% of original size 200.003232 MB)
Querying trie...
Done!
total time: 14278.177888 ms, avg latency: 1427.817789 ns
topology: 13.082478 MB, link: 20.816256 MB, data: 41.871811 MB
--- Unary Path Analysis (FST, cutoff=4) ---
  shared unary steps in main trie: 9042618
  terminal suffixes: inplace=1798982 (avg len=2.14)  links=6599643 (78.6% of terminal)
  link len: avg=9.93  max=234  total_chars=65543603
  link length distribution (len:count):  4:783104  5:760158  6:695828  7:589022  8:475587  9:402890  10:359960  11:287809  12:252754  13:211229  14:291790  15:204192  16:188465  17:134915  18:119234  19:103940  20:94864  21:79457  22:68801  23:57526  24:51335  25:45253  26:43170  27:36068  28:31115  29:26944  30:23808  31:20749  32:18599  33:16316  34:14256  35:12616  36:11654  37:10097  38:8350  39:7410  40:6438  41:5768  42:5227  43:4358  44:3828  45:3564  46:3239  47:2673  48:2418  49:2015  50:1930  51:1676  52:1473  53:1343  54:1226  55:1070  56:979  57:898  58:769  59:736  60:626  61:563  62:597  63:542  64:428  65:419  66:401  67:383  68:320  69:311  70:276  71:263  72:227  73:216  74:189  75:189  76:152  77:176  78:161  79:141  80:122  81:127  82:110  83:97  84:90  85:90  86:88  87:88  88:62  89:58  90:57  91:55  92:60  93:54  94:47  95:39  96:52  97:43  98:41  99:43  100:34  101:29  102:20  103:25  104:38  105:22  106:19  107:21  108:27  109:17  110:17  111:15  112:20  113:20  114:14  115:18  116:19  117:10  118:15  119:19  120:13  121:11  122:5  123:13  124:11  125:8  126:8  127:8  128:10  129:12  130:6  131:9  132:1  133:8  134:7  135:4  136:6  137:4  138:7  139:6  140:3  141:3  142:1  143:5  144:3  145:5  146:2  147:3  148:3  149:8  150:6  151:3  152:5  153:5  154:4  155:5  156:4  157:2  158:2  159:3  160:6  162:6  163:1  164:1  165:3  166:3  167:6  168:2  169:1  170:1  171:3  172:1  173:1  174:3  175:1  176:1  177:2  178:2  179:4  180:1  182:1  184:2  185:1  188:2  189:1  191:1  193:4  194:1  195:1  198:3  199:2  200:1  201:1  204:3  205:2  206:1  208:1  209:4  210:1  211:1  213:1  214:1  215:1  217:1  223:1  224:2  228:1  229:1  230:1  231:1  233:1  235:1
12448.401436,75.770544,1427.817789
[PASSED]
[time 34.55 s, user 32.98 s, sys 1.43 s, maxrss 1339092 KB]
[busy 3540 jiffies]
[exit 0]
--- c2 case 0 rec 0   load 1.02 1.01 1.00
[TEST C2-FST]
Processing dataset...
Done!
Building trie...
Done!
build time: 10640.047319 ms (1064.004732 ns per key)
space cost: 86.858212 MB (43.428404% of original size 200.003232 MB)
Querying trie...
Done!
total time: 11764.300406 ms, avg latency: 1176.430041 ns
topology: 11.274200 MB, link: 21.160836 MB, data: 54.423176 MB
--- Unary Path Analysis (FST, cutoff=4) ---
  shared unary steps in main trie: 9042618
  terminal suffixes: inplace=1798982 (avg len=2.14)  links=6599643 (78.6% of terminal)
  link len: avg=9.93  max=234  total_chars=65543603
  link length distribution (len:count):  4:783104  5:760158  6:695828  7:589022  8:475587  9:402890  10:359960  11:287809  12:252754  13:211229  14:291790  15:204192  16:188465  17:134915  18:119234  19:103940  20:94864  21:79457  22:68801  23:57526  24:51335  25:45253  26:43170  27:36068  28:31115  29:26944  30:23808  31:20749  32:18599  33:16316  34:14256  35:12616  36:11654  37:10097  38:8350  39:7410  40:6438  41:5768  42:5227  43:4358  44:3828  45:3564  46:3239  47:2673  48:2418  49:2015  50:1930  51:1676  52:1473  53:1343  54:1226  55:1070  56:979  57:898  58:769  59:736  60:626  61:563  62:597  63:542  64:428  65:419  66:401  67:383  68:320  69:311  70:276  71:263  72:227  73:216  74:189  75:189  76:152  77:176  78:161  79:141  80:122  81:127  82:110  83:97  84:90  85:90  86:88  87:88  88:62  89:58  90:57  91:55  92:60  93:54  94:47  95:39  96:52  97:43  98:41  99:43  100:34  101:29  102:20  103:25  104:38  105:22  106:19  107:21  108:27  109:17  110:17  111:15  112:20  113:20  114:14  115:18  116:19  117:10  118:15  119:19  120:13  121:11  122:5  123:13  124:11  125:8  126:8  127:8  128:10  129:12  130:6  131:9  132:1  133:8  134:7  135:4  136:6  137:4  138:7  139:6  140:3  141:3  142:1  143:5  144:3  145:5  146:2  147:3  148:3  149:8  150:6  151:3  152:5  153:5  154:4  155:5  156:4  157:2  158:2  159:3  160:6  162:6  163:1  164:1  165:3  166:3  167:6  168:2  169:1  170:1  171:3  172:1  173:1  174:3  175:1  176:1  177:2  178:2  179:4  180:1  182:1  184:2  185:1  188:2  189:1  191:1  193:4  194:1  195:1  198:3  199:2  200:1  201:1  204:3  205:2  206:1  208:1  209:4  210:1  211:1  213:1  214:1  215:1  217:1  223:1  224:2  228:1  229:1  230:1  231:1  233:1  235:1
10640.047319,86.858212,1176.430041
[PASSED]
[time 30.27 s, user 28.71 s, sys 1.43 s, maxrss 1462384 KB]
[busy 3108 jiffies]
[exit 0]
--- lexindex string   load 1.07 1.02 1.00
10000000 keys
lexindex StringIndex: build 8041 ms, size 126.354 MiB (13.249 B/key), latency cold 779.0 ns, then mean 780.1 / min 779.3 ns
8040.642,126.354340,778.980
[time 45.52 s, user 44.46 s, sys 0.87 s, maxrss 1571904 KB]
[busy 4658 jiffies]
[exit 0]
--- lexindex dict1024   load 1.03 1.02 1.00
10000000 keys
lexindex DictIndex block 1024: build 2458 ms, size 53.815 MiB (5.643 B/key), latency cold 688.9 ns, then mean 689.3 / min 688.7 ns
2457.801,53.815133,688.949
[time 36.38 s, user 51.40 s, sys 1.77 s, maxrss 1715768 KB]
[busy 5443 jiffies]
[exit 0]
--- lexindex dict256   load 0.93 1.00 0.99
10000000 keys
lexindex DictIndex block 256: build 2499 ms, size 55.526 MiB (5.822 B/key), latency cold 666.2 ns, then mean 664.4 / min 663.0 ns
2499.036,55.525693,666.226
[time 35.47 s, user 51.01 s, sys 1.73 s, maxrss 1718496 KB]
[busy 5394 jiffies]
[exit 0]
--- lexindex dict32   load 1.64 1.21 1.07
10000000 keys
lexindex DictIndex block 32: build 2481 ms, size 59.353 MiB (6.224 B/key), latency cold 673.1 ns, then mean 671.3 / min 670.0 ns
2480.773,59.352907,673.150
[time 35.71 s, user 50.97 s, sys 1.66 s, maxrss 1719480 KB]
[busy 5375 jiffies]
[exit 0]

##### opaque-10000000 (10000000 lines, 170000000 bytes)   round 2/3   2026-09-19T15:14:59+03:00
--- xcdat 16   load 1.36 1.18 1.06
build time: 10415.299787 ms
space cost: 209.774417 MiB (137.477762% of original size 152.587891 MiB)
avg latency: 352.886812 ns
10415.299787,209.774417,352.886812
[time 23.01 s, user 21.22 s, sys 1.69 s, maxrss 1682064 KB]
[busy 2358 jiffies]
[exit 0]
--- xcdat 15   load 1.23 1.17 1.06
build time: 10639.099268 ms
space cost: 206.548369 MiB (135.363539% of original size 152.587891 MiB)
avg latency: 340.643718 ns
10639.099268,206.548369,340.643718
[time 23.16 s, user 21.35 s, sys 1.71 s, maxrss 1675584 KB]
[busy 2375 jiffies]
[exit 0]
--- xcdat 8   load 1.15 1.15 1.06
build time: 10428.618571 ms
space cost: 194.729631 MiB (127.618011% of original size 152.587891 MiB)
avg latency: 401.876451 ns
10428.618571,194.729631,401.876451
[time 23.50 s, user 21.71 s, sys 1.69 s, maxrss 1658892 KB]
[busy 2403 jiffies]
[exit 0]
--- xcdat 7   load 1.10 1.14 1.06
build time: 10205.887688 ms
space cost: 200.245496 MiB (131.232888% of original size 152.587891 MiB)
avg latency: 396.932604 ns
10205.887688,200.245496,396.932604
[time 23.39 s, user 21.61 s, sys 1.68 s, maxrss 1677796 KB]
[busy 2391 jiffies]
[exit 0]
--- c2 case 8 rec 0   load 1.38 1.21 1.08
[TEST CART]
Processing dataset...
Done!
Building trie...
Done!
build time: 1979.817295 ms (197.981730 ns per key)
space cost: 110.237770 MB (72.245425% of original size 152.587891 MB)
Querying trie...
Done!
total time: 3471.168411 ms, avg latency: 347.116841 ns
not implemented
1979.817295,110.237770,347.116841
[PASSED]
[time 14.52 s, user 13.34 s, sys 1.12 s, maxrss 1556816 KB]
[busy 1489 jiffies]
[exit 0]
--- c2 case 7 rec 0   load 1.52 1.25 1.10
[TEST ART]
Processing dataset...
Done!
Building trie...
Done!
build time: 1578.195883 ms (157.819588 ns per key)
space cost: 281.783142 MB (184.669400% of original size 152.587891 MB)
Querying trie...
Done!
total time: 2551.698653 ms, avg latency: 255.169865 ns
not implemented
1578.195883,281.783142,255.169865
[PASSED]
[time 13.20 s, user 11.97 s, sys 1.17 s, maxrss 1719268 KB]
[busy 1358 jiffies]
[exit 0]
--- c2 case 6 rec 0   load 1.48 1.25 1.10
[TEST PDT]
Processing dataset...
Done!
Building trie...
dict size: 177886, stream size: 123770486
Done!
build time: 114519.458719 ms (11451.945872 ns per key)
space cost: 130.971906 MB (85.833748% of original size 152.587891 MB)
Querying trie...
Done!
total time: 9313.057673 ms, avg latency: 931.305767 ns
not implemented
114519.458719,130.971906,931.305767
[PASSED]
[time 132.79 s, user 130.39 s, sys 1.89 s, maxrss 2153920 KB]
[busy 13563 jiffies]
[exit 0]
--- c2 case 5 rec 2   load 1.07 1.17 1.09
[TEST MARISA]
Processing dataset...
Done!
Building trie...
Done!
build time: 12618.244409 ms (1261.824441 ns per key)
space cost: 174.781183 MB (114.544596% of original size 152.587891 MB)
Querying trie...
Done!
total time: 30683.071447 ms, avg latency: 3068.307145 ns
not implemented
12618.244409,174.781183,3068.307145
[PASSED]
[time 52.25 s, user 49.90 s, sys 2.13 s, maxrss 1801908 KB]
[busy 5351 jiffies]
[exit 0]
--- c2 case 5 rec 1   load 1.02 1.14 1.08
[TEST MARISA]
Processing dataset...
Done!
Building trie...
Done!
build time: 9509.417869 ms (950.941787 ns per key)
space cost: 174.772559 MB (114.538944% of original size 152.587891 MB)
Querying trie...
Done!
total time: 19018.783479 ms, avg latency: 1901.878348 ns
not implemented
9509.417869,174.772559,1901.878348
[PASSED]
[time 37.45 s, user 35.36 s, sys 1.93 s, maxrss 1746012 KB]
[busy 3838 jiffies]
[exit 0]
--- c2 case 5 rec 0   load 0.93 1.10 1.07
[TEST MARISA]
Processing dataset...
Done!
Building trie...
Done!
build time: 6140.457422 ms (614.045742 ns per key)
space cost: 172.390432 MB (112.977794% of original size 152.587891 MB)
Querying trie...
Done!
total time: 9195.175528 ms, avg latency: 919.517553 ns
not implemented
6140.457422,172.390432,919.517553
[PASSED]
[time 24.29 s, user 22.56 s, sys 1.63 s, maxrss 1756152 KB]
[busy 2495 jiffies]
[exit 0]
--- c2 case 4 rec 0   skipped: exit 134 in round 1
--- c2 case 3 rec 0   load 0.96 1.09 1.07
[TEST FST]
Processing dataset...
Done!
Building trie...
Done!
build time: 8722.627449 ms (872.262745 ns per key)
space cost: 166.730864 MB (109.268739% of original size 152.587891 MB)
Querying trie...
Done!
total time: 5373.203343 ms, avg latency: 537.320334 ns
not implemented
8722.627449,166.730864,537.320334
[PASSED]
[time 23.12 s, user 21.87 s, sys 1.14 s, maxrss 1425148 KB]
[busy 2371 jiffies]
[exit 0]
--- c2 case 2 rec 2   load 0.89 1.07 1.06
[TEST C2-MARISA]
Processing dataset...
Done!
Building trie...
trie size: 18.021462 MB
trie size: 46.255407 MB
Done!
build time: 22094.597207 ms (2209.459721 ns per key)
space cost: 165.523580 MB (108.477533% of original size 152.587891 MB)
Querying trie...
Done!
total time: 5644.278365 ms, avg latency: 564.427837 ns
topology: 5.929127 MB, link: 32.190027 MB, data: 127.076301 MB
--- Unary Path Analysis (Marisa, cutoff=3) ---
  branches: 12335636  |  single-char: 2309593 (18.7%)  short-unary: 25639 (0.2%)  links: 10000404 (81.1%)
  link len: avg=12.54  max=13  total_chars=125417760
  link length distribution (len:count):  3:398  4:6  9:18  10:1442  11:92299  12:4394462  13:5511779
  short unary avg len: 2.00
22094.597207,165.523580,564.427837
[PASSED]
[time 36.74 s, user 34.24 s, sys 2.34 s, maxrss 2778948 KB]
[busy 3762 jiffies]
[exit 0]
--- c2 case 2 rec 1   load 0.94 1.06 1.06
[TEST C2-MARISA]
Processing dataset...
Done!
Building trie...
trie size: 18.021462 MB
trie size: 46.255407 MB
Done!
build time: 22151.273478 ms (2215.127348 ns per key)
space cost: 165.523580 MB (108.477533% of original size 152.587891 MB)
Querying trie...
Done!
total time: 5644.344290 ms, avg latency: 564.434429 ns
topology: 5.929127 MB, link: 32.190027 MB, data: 127.076301 MB
--- Unary Path Analysis (Marisa, cutoff=3) ---
  branches: 12335636  |  single-char: 2309593 (18.7%)  short-unary: 25639 (0.2%)  links: 10000404 (81.1%)
  link len: avg=12.54  max=13  total_chars=125417760
  link length distribution (len:count):  3:398  4:6  9:18  10:1442  11:92299  12:4394462  13:5511779
  short unary avg len: 2.00
22151.273478,165.523580,564.434429
[PASSED]
[time 36.76 s, user 34.24 s, sys 2.37 s, maxrss 2778644 KB]
[busy 3766 jiffies]
[exit 0]
--- c2 case 2 rec 0   load 0.94 1.05 1.05
[TEST C2-MARISA]
Processing dataset...
Done!
Building trie...
trie size: 18.021462 MB
Done!
build time: 11205.601886 ms (1120.560189 ns per key)
space cost: 165.523580 MB (108.477533% of original size 152.587891 MB)
Querying trie...
Done!
total time: 5639.156989 ms, avg latency: 563.915699 ns
topology: 5.929127 MB, link: 32.190027 MB, data: 127.076301 MB
--- Unary Path Analysis (Marisa, cutoff=3) ---
  branches: 12335636  |  single-char: 2309593 (18.7%)  short-unary: 25639 (0.2%)  links: 10000404 (81.1%)
  link len: avg=12.54  max=13  total_chars=125417760
  link length distribution (len:count):  3:398  4:6  9:18  10:1442  11:92299  12:4394462  13:5511779
  short unary avg len: 2.00
11205.601886,165.523580,563.915699
[PASSED]
[time 25.89 s, user 23.88 s, sys 1.90 s, maxrss 2276104 KB]
[busy 2659 jiffies]
[exit 0]
--- c2 case 1 rec 2   load 0.96 1.04 1.05
[TEST C2-CoCo(LOUDS-Sparse)]
Processing dataset...
Done!
Building trie...
trie size: 46.253762 MB
Done!
build time: 26374.852757 ms (2637.485276 ns per key)
space cost: 161.439246 MB (105.800824% of original size 152.587891 MB)
Querying trie...
Done!
total time: 7096.190912 ms, avg latency: 709.619091 ns
topology: 3.310211 MB, link: 34.003298 MB, data: 124.125737 MB
26374.852757,161.439246,709.619091
[PASSED]
[time 42.48 s, user 39.29 s, sys 3.01 s, maxrss 3791000 KB]
[busy 4350 jiffies]
[exit 0]
--- c2 case 1 rec 1   load 0.98 1.03 1.05
[TEST C2-CoCo(LOUDS-Sparse)]
Processing dataset...
Done!
Building trie...
trie size: 46.253762 MB
Done!
build time: 26348.489094 ms (2634.848909 ns per key)
space cost: 161.439246 MB (105.800824% of original size 152.587891 MB)
Querying trie...
Done!
total time: 7086.630071 ms, avg latency: 708.663007 ns
topology: 3.310211 MB, link: 34.003298 MB, data: 124.125737 MB
26348.489094,161.439246,708.663007
[PASSED]
[time 42.45 s, user 39.30 s, sys 2.97 s, maxrss 3791380 KB]
[busy 4340 jiffies]
[exit 0]
--- c2 case 1 rec 0   load 0.99 1.03 1.04
[TEST C2-CoCo(LOUDS-Sparse)]
Processing dataset...
Done!
Building trie...
Done!
build time: 15332.799683 ms (1533.279968 ns per key)
space cost: 161.439246 MB (105.800824% of original size 152.587891 MB)
Querying trie...
Done!
total time: 7056.989006 ms, avg latency: 705.698901 ns
topology: 3.310211 MB, link: 34.003298 MB, data: 124.125737 MB
15332.799683,161.439246,705.698901
[PASSED]
[time 31.36 s, user 28.69 s, sys 2.54 s, maxrss 3322464 KB]
[busy 3207 jiffies]
[exit 0]
--- c2 case 0 rec 2   load 1.00 1.02 1.04
[TEST C2-FST]
Processing dataset...
Done!
Building trie...
trie size: 46.253762 MB
Done!
build time: 23518.856187 ms (2351.885619 ns per key)
space cost: 168.524103 MB (110.443956% of original size 152.587891 MB)
Querying trie...
Done!
total time: 6699.735410 ms, avg latency: 669.973541 ns
topology: 7.322502 MB, link: 33.678872 MB, data: 127.522729 MB
--- Unary Path Analysis (FST, cutoff=4) ---
  shared unary steps in main trie: 26453
  terminal suffixes: inplace=0 (avg len=0.00)  links=10000000 (100.0% of terminal)
  link len: avg=10.54  max=11  total_chars=105416542
  link length distribution (len:count):  8:18  9:1442  10:92299  11:4394462  12:5511779
23518.856187,168.524103,669.973541
[PASSED]
[time 39.25 s, user 36.80 s, sys 2.29 s, maxrss 2822332 KB]
[busy 4025 jiffies]
[exit 0]
--- c2 case 0 rec 1   load 1.00 1.02 1.04
[TEST C2-FST]
Processing dataset...
Done!
Building trie...
trie size: 46.253762 MB
Done!
build time: 23515.012022 ms (2351.501202 ns per key)
space cost: 168.524103 MB (110.443956% of original size 152.587891 MB)
Querying trie...
Done!
total time: 6827.536316 ms, avg latency: 682.753632 ns
topology: 7.322502 MB, link: 33.678872 MB, data: 127.522729 MB
--- Unary Path Analysis (FST, cutoff=4) ---
  shared unary steps in main trie: 26453
  terminal suffixes: inplace=0 (avg len=0.00)  links=10000000 (100.0% of terminal)
  link len: avg=10.54  max=11  total_chars=105416542
  link length distribution (len:count):  8:18  9:1442  10:92299  11:4394462  12:5511779
23515.012022,168.524103,682.753632
[PASSED]
[time 39.39 s, user 36.93 s, sys 2.29 s, maxrss 2822928 KB]
[busy 4033 jiffies]
[exit 0]
--- c2 case 0 rec 0   load 1.00 1.02 1.03
[TEST C2-FST]
Processing dataset...
Done!
Building trie...
Done!
build time: 12531.250461 ms (1253.125046 ns per key)
space cost: 168.524103 MB (110.443956% of original size 152.587891 MB)
Querying trie...
Done!
total time: 6846.767543 ms, avg latency: 684.676754 ns
topology: 7.322502 MB, link: 33.678872 MB, data: 127.522729 MB
--- Unary Path Analysis (FST, cutoff=4) ---
  shared unary steps in main trie: 26453
  terminal suffixes: inplace=0 (avg len=0.00)  links=10000000 (100.0% of terminal)
  link len: avg=10.54  max=11  total_chars=105416542
  link length distribution (len:count):  8:18  9:1442  10:92299  11:4394462  12:5511779
12531.250461,168.524103,684.676754
[PASSED]
[time 28.45 s, user 26.41 s, sys 1.92 s, maxrss 2353812 KB]
[busy 2918 jiffies]
[exit 0]
--- lexindex string   load 1.00 1.01 1.03
10000000 keys
lexindex StringIndex: build 11224 ms, size 204.743 MiB (21.469 B/key), latency cold 586.7 ns, then mean 585.7 / min 584.7 ns
11223.655,204.742606,586.654
[time 40.40 s, user 39.40 s, sys 0.84 s, maxrss 1500908 KB]
[busy 4136 jiffies]
[exit 0]
--- lexindex dict1024   load 1.00 1.01 1.03
10000000 keys
lexindex DictIndex block 1024: build 1263 ms, size 94.998 MiB (9.961 B/key), latency cold 586.8 ns, then mean 587.3 / min 587.2 ns
1263.004,94.998207,586.849
[time 30.60 s, user 36.16 s, sys 1.62 s, maxrss 1408696 KB]
[busy 3874 jiffies]
[exit 0]
--- lexindex dict256   load 0.92 0.99 1.02
10000000 keys
lexindex DictIndex block 256: build 1282 ms, size 96.032 MiB (10.070 B/key), latency cold 571.9 ns, then mean 571.1 / min 570.4 ns
1282.112,96.032138,571.860
[time 29.99 s, user 35.62 s, sys 1.70 s, maxrss 1420980 KB]
[busy 3830 jiffies]
[exit 0]
--- lexindex dict32   load 0.95 0.99 1.01
10000000 keys
lexindex DictIndex block 32: build 1284 ms, size 98.688 MiB (10.348 B/key), latency cold 589.1 ns, then mean 582.9 / min 581.7 ns
1284.364,98.687580,589.124
[time 30.53 s, user 36.09 s, sys 1.73 s, maxrss 1417792 KB]
[busy 3879 jiffies]
[exit 0]

##### numeric-10000000 (10000000 lines, 78888890 bytes)   round 2/3   2026-09-19T15:29:28+03:00
--- xcdat 16   load 1.71 1.21 1.09
build time: 1798.504783 ms
space cost: 71.808467 MiB (109.301565% of original size 65.697565 MiB)
avg latency: 240.082496 ns
1798.504783,71.808467,240.082496
[time 8.11 s, user 7.33 s, sys 0.74 s, maxrss 783996 KB]
[busy 835 jiffies]
[exit 0]
--- xcdat 15   load 1.60 1.20 1.09
build time: 2043.908618 ms
space cost: 67.281871 MiB (102.411514% of original size 65.697565 MiB)
avg latency: 202.584997 ns
2043.908618,67.281871,202.584997
[time 7.96 s, user 7.21 s, sys 0.72 s, maxrss 775564 KB]
[busy 816 jiffies]
[exit 0]
--- xcdat 8   load 1.43 1.18 1.08
build time: 1765.759915 ms
space cost: 46.072033 MiB (70.127459% of original size 65.697565 MiB)
avg latency: 302.278907 ns
1765.759915,46.072033,302.278907
[time 8.69 s, user 7.95 s, sys 0.70 s, maxrss 731752 KB]
[busy 889 jiffies]
[exit 0]
--- xcdat 7   load 1.28 1.15 1.07
build time: 2748.035874 ms
space cost: 52.854505 MiB (80.451238% of original size 65.697565 MiB)
avg latency: 359.809581 ns
2748.035874,52.854505,359.809581
[time 10.20 s, user 9.40 s, sys 0.76 s, maxrss 747084 KB]
[busy 1049 jiffies]
[exit 0]
--- c2 case 8 rec 0   load 1.24 1.15 1.07
[TEST CART]
Processing dataset...
Done!
Building trie...
Done!
build time: 819.830103 ms (81.983010 ns per key)
space cost: 111.770621 MB (170.129016% of original size 65.697565 MB)
Querying trie...
Done!
total time: 2242.339841 ms, avg latency: 224.233984 ns
not implemented
819.830103,111.770621,224.233984
[PASSED]
[time 7.00 s, user 6.24 s, sys 0.72 s, maxrss 940124 KB]
[busy 717 jiffies]
[exit 0]
--- c2 case 7 rec 0   load 1.22 1.14 1.07
[TEST ART]
Processing dataset...
Done!
Building trie...
Done!
build time: 650.905431 ms (65.090543 ns per key)
space cost: 200.653076 MB (305.419350% of original size 65.697565 MB)
Querying trie...
Done!
total time: 1430.843321 ms, avg latency: 143.084332 ns
not implemented
650.905431,200.653076,143.084332
[PASSED]
[time 6.01 s, user 5.25 s, sys 0.73 s, maxrss 924368 KB]
[busy 618 jiffies]
[exit 0]
--- c2 case 6 rec 0   load 1.18 1.14 1.07
[TEST PDT]
Processing dataset...
Done!
Building trie...
dict size: 130, stream size: 2965758
Done!
build time: 1208.417247 ms (120.841725 ns per key)
space cost: 15.594018 MB (23.736067% of original size 65.697565 MB)
Querying trie...
Done!
total time: 6438.975732 ms, avg latency: 643.897573 ns
not implemented
1208.417247,15.594018,643.897573
[PASSED]
[time 11.49 s, user 10.76 s, sys 0.67 s, maxrss 687596 KB]
[busy 1176 jiffies]
[exit 0]
--- c2 case 5 rec 2   load 1.16 1.13 1.07
[TEST MARISA]
Processing dataset...
Done!
Building trie...
Done!
build time: 1664.105504 ms (166.410550 ns per key)
space cost: 15.797803 MB (24.046253% of original size 65.697565 MB)
Querying trie...
Done!
total time: 2537.391935 ms, avg latency: 253.739193 ns
not implemented
1664.105504,15.797803,253.739193
[PASSED]
[time 8.18 s, user 7.32 s, sys 0.83 s, maxrss 977900 KB]
[busy 840 jiffies]
[exit 0]
--- c2 case 5 rec 1   load 1.13 1.13 1.07
[TEST MARISA]
Processing dataset...
Done!
Building trie...
Done!
build time: 1653.807959 ms (165.380796 ns per key)
space cost: 15.797803 MB (24.046253% of original size 65.697565 MB)
Querying trie...
Done!
total time: 2563.256511 ms, avg latency: 256.325651 ns
not implemented
1653.807959,15.797803,256.325651
[PASSED]
[time 8.18 s, user 7.32 s, sys 0.82 s, maxrss 977904 KB]
[busy 843 jiffies]
[exit 0]
--- c2 case 5 rec 0   load 1.11 1.12 1.07
[TEST MARISA]
Processing dataset...
Done!
Building trie...
Done!
build time: 1664.466814 ms (166.446681 ns per key)
space cost: 15.797803 MB (24.046253% of original size 65.697565 MB)
Querying trie...
Done!
total time: 2577.524048 ms, avg latency: 257.752405 ns
not implemented
1664.466814,15.797803,257.752405
[PASSED]
[time 8.16 s, user 7.28 s, sys 0.84 s, maxrss 977772 KB]
[busy 838 jiffies]
[exit 0]
--- c2 case 4 rec 0   load 1.09 1.12 1.07
[TEST COCO]
Processing dataset...
Done!
Building trie...
num nodes = 90001, average depth = 1.000033
ef = 0.000000, pa = 0.000000, bv = 0.000011, de = 0.999989
efr = 0.000000, par = 0.000000, bvr = 0.000000, der = 0.000000
Done!
build time: 7343.294032 ms (734.329403 ns per key)
space cost: 4.854946 MB (7.389841% of original size 65.697565 MB)
Querying trie...
Done!
total time: 2960.071238 ms, avg latency: 296.007124 ns
not implemented
7343.294032,4.854946,296.007124
[PASSED]
[time 14.43 s, user 11.86 s, sys 2.51 s, maxrss 4905260 KB]
[busy 1479 jiffies]
[exit 0]
--- c2 case 3 rec 0   load 1.07 1.11 1.06
[TEST FST]
Processing dataset...
Done!
Building trie...
Done!
build time: 2526.849008 ms (252.684901 ns per key)
space cost: 14.447110 MB (21.990328% of original size 65.697565 MB)
Querying trie...
Done!
total time: 3576.461514 ms, avg latency: 357.646151 ns
not implemented
2526.849008,14.447110,357.646151
[PASSED]
[time 9.99 s, user 9.29 s, sys 0.65 s, maxrss 661668 KB]
[busy 1023 jiffies]
[exit 0]
--- c2 case 2 rec 2   skipped: exit 139 in round 1
--- c2 case 2 rec 1   skipped: exit 139 in round 1
--- c2 case 2 rec 0   skipped: exit 139 in round 1
--- c2 case 1 rec 2   skipped: exit 139 in round 1
--- c2 case 1 rec 1   skipped: exit 139 in round 1
--- c2 case 1 rec 0   skipped: exit 139 in round 1
--- c2 case 0 rec 2   skipped: exit 139 in round 1
--- c2 case 0 rec 1   skipped: exit 139 in round 1
--- c2 case 0 rec 0   skipped: exit 139 in round 1
--- lexindex string   load 1.06 1.11 1.06
10000000 keys
lexindex StringIndex: build 1837 ms, size 0.000 MiB (0.000 B/key), latency cold 137.7 ns, then mean 138.2 / min 138.1 ns
1837.125,0.000340,137.715
[time 12.93 s, user 12.27 s, sys 0.60 s, maxrss 1125052 KB]
[busy 1330 jiffies]
[exit 0]
--- lexindex dict1024   load 1.13 1.12 1.07
10000000 keys
lexindex DictIndex block 1024: build 877 ms, size 8.837 MiB (0.927 B/key), latency cold 353.2 ns, then mean 350.2 / min 348.3 ns
877.394,8.836824,353.204
[time 20.56 s, user 22.70 s, sys 0.82 s, maxrss 1149352 KB]
[busy 2422 jiffies]
[exit 0]
--- lexindex dict256   load 1.09 1.11 1.07
10000000 keys
lexindex DictIndex block 256: build 897 ms, size 9.909 MiB (1.039 B/key), latency cold 344.4 ns, then mean 342.2 / min 341.1 ns
897.465,9.908560,344.371
[time 20.25 s, user 22.68 s, sys 0.78 s, maxrss 1155928 KB]
[busy 2415 jiffies]
[exit 0]
--- lexindex dict32   load 0.98 1.09 1.06
10000000 keys
lexindex DictIndex block 32: build 896 ms, size 12.344 MiB (1.294 B/key), latency cold 364.5 ns, then mean 363.2 / min 363.0 ns
895.730,12.344126,364.484
[time 21.24 s, user 23.57 s, sys 0.82 s, maxrss 1166544 KB]
[busy 2514 jiffies]
[exit 0]

##### dna-10000000 (10000000 lines, 250000000 bytes)   round 2/3   2026-09-19T15:32:48+03:00
--- xcdat 16   load 1.06 1.10 1.06
build time: 10456.562671 ms
space cost: 157.761472 MiB (68.927039% of original size 228.881836 MiB)
avg latency: 600.281141 ns
10456.562671,157.761472,600.281141
[time 25.72 s, user 23.85 s, sys 1.76 s, maxrss 1727960 KB]
[busy 2636 jiffies]
[exit 0]
--- xcdat 15   load 1.04 1.09 1.06
build time: 10683.677469 ms
space cost: 152.576344 MiB (66.661622% of original size 228.881836 MiB)
avg latency: 563.653840 ns
10683.677469,152.576344,563.653840
[time 25.61 s, user 23.78 s, sys 1.72 s, maxrss 1722196 KB]
[busy 2622 jiffies]
[exit 0]
--- xcdat 8   load 1.14 1.11 1.07
build time: 10423.484006 ms
space cost: 135.305025 MiB (59.115668% of original size 228.881836 MiB)
avg latency: 682.300950 ns
10423.484006,135.305025,682.300950
[time 26.45 s, user 24.67 s, sys 1.67 s, maxrss 1705160 KB]
[busy 2714 jiffies]
[exit 0]
--- xcdat 7   load 1.09 1.10 1.07
build time: 10774.987276 ms
space cost: 136.369071 MiB (59.580556% of original size 228.881836 MiB)
avg latency: 685.284046 ns
10774.987276,136.369071,685.284046
[time 26.85 s, user 25.04 s, sys 1.70 s, maxrss 1706000 KB]
[busy 2748 jiffies]
[exit 0]
--- c2 case 8 rec 0   load 1.06 1.09 1.06
[TEST CART]
Processing dataset...
Done!
Building trie...
Done!
build time: 2756.992960 ms (275.699296 ns per key)
space cost: 156.509016 MB (68.379833% of original size 228.881836 MB)
Querying trie...
Done!
total time: 7248.957925 ms, avg latency: 724.895792 ns
not implemented
2756.992960,156.509016,724.895792
[PASSED]
[time 19.43 s, user 18.00 s, sys 1.34 s, maxrss 2102288 KB]
[busy 1991 jiffies]
[exit 0]
--- c2 case 7 rec 0   load 1.04 1.08 1.06
[TEST ART]
Processing dataset...
Done!
Building trie...
Done!
build time: 2203.245629 ms (220.324563 ns per key)
space cost: 332.784225 MB (145.395647% of original size 228.881836 MB)
Querying trie...
Done!
total time: 6350.024097 ms, avg latency: 635.002410 ns
not implemented
2203.245629,332.784225,635.002410
[PASSED]
[time 18.00 s, user 16.57 s, sys 1.36 s, maxrss 2190548 KB]
[busy 1846 jiffies]
[exit 0]
--- c2 case 6 rec 0   load 0.95 1.06 1.05
[TEST PDT]
Processing dataset...
Done!
Building trie...
dict size: 151384, stream size: 57071972
Done!
build time: 24979.359569 ms (2497.935957 ns per key)
space cost: 67.337972 MB (29.420409% of original size 228.881836 MB)
Querying trie...
Done!
total time: 14195.983244 ms, avg latency: 1419.598324 ns
not implemented
24979.359569,67.337972,1419.598324
[PASSED]
[time 48.58 s, user 46.38 s, sys 2.00 s, maxrss 1636944 KB]
[busy 4964 jiffies]
[exit 0]
--- c2 case 5 rec 2   load 0.90 1.03 1.04
[TEST MARISA]
Processing dataset...
Done!
Building trie...
Done!
build time: 9625.694962 ms (962.569496 ns per key)
space cost: 64.374021 MB (28.125439% of original size 228.881836 MB)
Querying trie...
Done!
total time: 13511.084961 ms, avg latency: 1351.108496 ns
not implemented
9625.694962,64.374021,1351.108496
[PASSED]
[time 32.33 s, user 30.48 s, sys 1.72 s, maxrss 1910596 KB]
[busy 3308 jiffies]
[exit 0]
--- c2 case 5 rec 1   load 0.94 1.03 1.04
[TEST MARISA]
Processing dataset...
Done!
Building trie...
Done!
build time: 9642.516740 ms (964.251674 ns per key)
space cost: 65.397814 MB (28.572741% of original size 228.881836 MB)
Querying trie...
Done!
total time: 13285.025847 ms, avg latency: 1328.502585 ns
not implemented
9642.516740,65.397814,1328.502585
[PASSED]
[time 32.18 s, user 30.34 s, sys 1.71 s, maxrss 1910560 KB]
[busy 3300 jiffies]
[exit 0]
--- c2 case 5 rec 0   load 0.97 1.02 1.04
[TEST MARISA]
Processing dataset...
Done!
Building trie...
Done!
build time: 7762.004384 ms (776.200438 ns per key)
space cost: 147.956710 MB (64.643273% of original size 228.881836 MB)
Querying trie...
Done!
total time: 9178.967857 ms, avg latency: 917.896786 ns
not implemented
7762.004384,147.956710,917.896786
[PASSED]
[time 26.17 s, user 24.39 s, sys 1.67 s, maxrss 1989512 KB]
[busy 2684 jiffies]
[exit 0]
--- c2 case 4 rec 0   skipped: exit 134 in round 1
--- c2 case 3 rec 0   load 0.98 1.02 1.04
[TEST FST]
Processing dataset...
Done!
Building trie...
Done!
build time: 12003.242800 ms (1200.324280 ns per key)
space cost: 119.365768 MB (52.151700% of original size 228.881836 MB)
Querying trie...
Done!
total time: 8599.953715 ms, avg latency: 859.995372 ns
not implemented
12003.242800,119.365768,859.995372
[PASSED]
[time 29.99 s, user 28.55 s, sys 1.30 s, maxrss 1688996 KB]
[busy 3076 jiffies]
[exit 0]
--- c2 case 2 rec 2   skipped: exit 139 in round 1
--- c2 case 2 rec 1   load 0.99 1.02 1.03
[TEST C2-MARISA]
Processing dataset...
Done!
Building trie...
trie size: 24.434970 MB
trie size: 47.886275 MB
Done!
build time: 17287.956728 ms (1728.795673 ns per key)
space cost: 72.352404 MB (31.611248% of original size 228.881836 MB)
Querying trie...
Done!
total time: 9973.556456 ms, avg latency: 997.355646 ns
topology: 14.325905 MB, link: 29.140208 MB, data: 28.558166 MB
--- Unary Path Analysis (Marisa, cutoff=3) ---
  branches: 16819022  |  single-char: 6056704 (36.0%)  short-unary: 587781 (3.5%)  links: 10174537 (60.5%)
  link len: avg=12.30  max=15  total_chars=125137286
  link length distribution (len:count):  3:131739  4:32131  5:8322  6:3155  7:4877  8:17889  9:69612  10:272566  11:1019074  12:3104051  13:4591242  14:919171  15:708
  short unary avg len: 2.00
17287.956728,72.352404,997.355646
[PASSED]
[time 36.64 s, user 34.75 s, sys 1.73 s, maxrss 1666684 KB]
[busy 3749 jiffies]
[exit 0]
--- c2 case 2 rec 0   load 1.00 1.02 1.03
[TEST C2-MARISA]
Processing dataset...
Done!
Building trie...
trie size: 24.434970 MB
Done!
build time: 15221.235722 ms (1522.123572 ns per key)
space cost: 95.269694 MB (41.623965% of original size 228.881836 MB)
Querying trie...
Done!
total time: 7009.652564 ms, avg latency: 700.965256 ns
topology: 8.066944 MB, link: 31.537600 MB, data: 55.337026 MB
--- Unary Path Analysis (Marisa, cutoff=3) ---
  branches: 16819022  |  single-char: 6056704 (36.0%)  short-unary: 587781 (3.5%)  links: 10174537 (60.5%)
  link len: avg=12.30  max=15  total_chars=125137286
  link length distribution (len:count):  3:131739  4:32131  5:8322  6:3155  7:4877  8:17889  9:69612  10:272566  11:1019074  12:3104051  13:4591242  14:919171  15:708
  short unary avg len: 2.00
15221.235722,95.269694,700.965256
[PASSED]
[time 31.59 s, user 29.48 s, sys 1.98 s, maxrss 2244600 KB]
[busy 3230 jiffies]
[exit 0]
--- c2 case 1 rec 2   skipped: exit 139 in round 1
--- c2 case 1 rec 1   load 0.92 1.00 1.02
[TEST C2-CoCo(LOUDS-Sparse)]
Processing dataset...
Done!
Building trie...
trie size: 37.777167 MB
Done!
build time: 23573.755808 ms (2357.375581 ns per key)
space cost: 57.044919 MB (24.923306% of original size 228.881836 MB)
Querying trie...
Done!
total time: 9278.002324 ms, avg latency: 927.800232 ns
topology: 6.873493 MB, link: 30.304507 MB, data: 19.866919 MB
23573.755808,57.044919,927.800232
[PASSED]
[time 42.24 s, user 39.49 s, sys 2.58 s, maxrss 3069080 KB]
[busy 4320 jiffies]
[exit 0]
--- c2 case 1 rec 0   load 0.96 1.00 1.02
[TEST C2-CoCo(LOUDS-Sparse)]
Processing dataset...
Done!
Building trie...
Done!
build time: 22200.574027 ms (2220.057403 ns per key)
space cost: 72.822873 MB (31.816798% of original size 228.881836 MB)
Querying trie...
Done!
total time: 7666.363146 ms, avg latency: 766.636315 ns
topology: 3.420319 MB, link: 32.688608 MB, data: 36.713946 MB
22200.574027,72.822873,766.636315
[PASSED]
[time 39.28 s, user 36.43 s, sys 2.68 s, maxrss 3400384 KB]
[busy 4020 jiffies]
[exit 0]
--- c2 case 0 rec 2   skipped: exit 139 in round 1
--- c2 case 0 rec 1   load 1.03 1.01 1.02
[TEST C2-FST]
Processing dataset...
Done!
Building trie...
trie size: 37.777167 MB
Done!
build time: 17089.225711 ms (1708.922571 ns per key)
space cost: 74.159266 MB (32.400678% of original size 228.881836 MB)
Querying trie...
Done!
total time: 10641.968172 ms, avg latency: 1064.196817 ns
topology: 12.378445 MB, link: 28.910372 MB, data: 32.870449 MB
--- Unary Path Analysis (FST, cutoff=4) ---
  shared unary steps in main trie: 994037
  terminal suffixes: inplace=72 (avg len=2.67)  links=9999928 (100.0% of terminal)
  link len: avg=10.46  max=13  total_chars=104556373
  link length distribution (len:count):  4:308  5:1114  6:4343  7:17785  8:69577  9:272560  10:1019069  11:3104051  12:4591242  13:919171  14:708
17089.225711,74.159266,1064.196817
[PASSED]
[time 37.14 s, user 35.21 s, sys 1.77 s, maxrss 1758696 KB]
[busy 3805 jiffies]
[exit 0]
--- c2 case 0 rec 0   load 1.02 1.01 1.01
[TEST C2-FST]
Processing dataset...
Done!
Building trie...
Done!
build time: 15717.974158 ms (1571.797416 ns per key)
space cost: 89.937219 MB (39.294170% of original size 228.881836 MB)
Querying trie...
Done!
total time: 7786.358711 ms, avg latency: 778.635871 ns
topology: 8.925270 MB, link: 31.294473 MB, data: 49.717476 MB
--- Unary Path Analysis (FST, cutoff=4) ---
  shared unary steps in main trie: 994037
  terminal suffixes: inplace=72 (avg len=2.67)  links=9999928 (100.0% of terminal)
  link len: avg=10.46  max=13  total_chars=104556373
  link length distribution (len:count):  4:308  5:1114  6:4343  7:17785  8:69577  9:272560  10:1019069  11:3104051  12:4591242  13:919171  14:708
15717.974158,89.937219,778.635871
[PASSED]
[time 32.83 s, user 30.80 s, sys 1.89 s, maxrss 2128400 KB]
[busy 3365 jiffies]
[exit 0]
--- lexindex string   load 0.93 0.99 1.00
10000000 keys
lexindex StringIndex: build 9918 ms, size 152.422 MiB (15.983 B/key), latency cold 803.8 ns, then mean 809.3 / min 804.7 ns
9917.633,152.421832,803.841
[time 48.28 s, user 47.20 s, sys 0.89 s, maxrss 1603664 KB]
[busy 4925 jiffies]
[exit 0]
--- lexindex dict1024   load 0.89 0.98 0.99
10000000 keys
lexindex DictIndex block 1024: build 1057 ms, size 36.435 MiB (3.821 B/key), latency cold 520.7 ns, then mean 520.9 / min 519.4 ns
1057.402,36.435445,520.730
[time 28.04 s, user 32.17 s, sys 1.00 s, maxrss 1518216 KB]
[busy 3408 jiffies]
[exit 0]
--- lexindex dict256   load 0.93 0.98 1.00
10000000 keys
lexindex DictIndex block 256: build 1073 ms, size 37.874 MiB (3.971 B/key), latency cold 530.3 ns, then mean 529.4 / min 528.9 ns
1073.101,37.873734,530.267
[time 28.40 s, user 32.68 s, sys 0.99 s, maxrss 1519020 KB]
[busy 3453 jiffies]
[exit 0]
--- lexindex dict32   load 0.96 0.98 1.00
10000000 keys
lexindex DictIndex block 32: build 1073 ms, size 44.129 MiB (4.627 B/key), latency cold 632.9 ns, then mean 632.2 / min 631.7 ns
1073.453,44.128994,632.888
[time 32.54 s, user 36.69 s, sys 1.03 s, maxrss 1527668 KB]
[busy 3872 jiffies]
[exit 0]

##### dna-10000000 (10000000 lines, 250000000 bytes)   round 3/3   2026-09-19T15:44:18+03:00
--- lexindex dict32   load 0.98 0.99 1.00
10000000 keys
lexindex DictIndex block 32: build 1071 ms, size 44.129 MiB (4.627 B/key), latency cold 626.6 ns, then mean 625.3 / min 624.3 ns
1070.915,44.128994,626.624
[time 32.23 s, user 36.37 s, sys 1.03 s, maxrss 1530600 KB]
[busy 3845 jiffies]
[exit 0]
--- lexindex dict256   load 0.91 0.97 0.99
10000000 keys
lexindex DictIndex block 256: build 1078 ms, size 37.874 MiB (3.971 B/key), latency cold 535.9 ns, then mean 534.4 / min 534.3 ns
1078.067,37.873734,535.861
[time 28.59 s, user 32.84 s, sys 0.99 s, maxrss 1520916 KB]
[busy 3473 jiffies]
[exit 0]
--- lexindex dict1024   load 0.94 0.98 1.00
10000000 keys
lexindex DictIndex block 1024: build 1063 ms, size 36.435 MiB (3.821 B/key), latency cold 517.0 ns, then mean 516.3 / min 515.7 ns
1062.867,36.435445,517.013
[time 27.89 s, user 32.00 s, sys 0.96 s, maxrss 1519588 KB]
[busy 3376 jiffies]
[exit 0]
--- lexindex string   load 0.96 0.98 1.00
10000000 keys
lexindex StringIndex: build 9896 ms, size 152.422 MiB (15.983 B/key), latency cold 834.3 ns, then mean 835.6 / min 834.9 ns
9896.451,152.421832,834.318
[time 49.32 s, user 48.25 s, sys 0.88 s, maxrss 1603592 KB]
[busy 5051 jiffies]
[exit 0]
--- c2 case 0 rec 0   load 0.99 0.98 1.00
[TEST C2-FST]
Processing dataset...
Done!
Building trie...
Done!
build time: 15781.804687 ms (1578.180469 ns per key)
space cost: 89.937219 MB (39.294170% of original size 228.881836 MB)
Querying trie...
Done!
total time: 7864.614057 ms, avg latency: 786.461406 ns
topology: 8.925270 MB, link: 31.294473 MB, data: 49.717476 MB
--- Unary Path Analysis (FST, cutoff=4) ---
  shared unary steps in main trie: 994037
  terminal suffixes: inplace=72 (avg len=2.67)  links=9999928 (100.0% of terminal)
  link len: avg=10.46  max=13  total_chars=104556373
  link length distribution (len:count):  4:308  5:1114  6:4343  7:17785  8:69577  9:272560  10:1019069  11:3104051  12:4591242  13:919171  14:708
15781.804687,89.937219,786.461406
[PASSED]
[time 33.04 s, user 31.01 s, sys 1.89 s, maxrss 2127792 KB]
[busy 3388 jiffies]
[exit 0]
--- c2 case 0 rec 1   load 0.99 0.99 1.00
[TEST C2-FST]
Processing dataset...
Done!
Building trie...
trie size: 37.777167 MB
Done!
build time: 17114.599141 ms (1711.459914 ns per key)
space cost: 74.159266 MB (32.400678% of original size 228.881836 MB)
Querying trie...
Done!
total time: 10636.900145 ms, avg latency: 1063.690014 ns
topology: 12.378445 MB, link: 28.910372 MB, data: 32.870449 MB
--- Unary Path Analysis (FST, cutoff=4) ---
  shared unary steps in main trie: 994037
  terminal suffixes: inplace=72 (avg len=2.67)  links=9999928 (100.0% of terminal)
  link len: avg=10.46  max=13  total_chars=104556373
  link length distribution (len:count):  4:308  5:1114  6:4343  7:17785  8:69577  9:272560  10:1019069  11:3104051  12:4591242  13:919171  14:708
17114.599141,74.159266,1063.690014
[PASSED]
[time 37.15 s, user 35.23 s, sys 1.76 s, maxrss 1758304 KB]
[busy 3799 jiffies]
[exit 0]
--- c2 case 0 rec 2   skipped: exit 139 in round 1
--- c2 case 1 rec 0   load 1.00 0.99 1.00
[TEST C2-CoCo(LOUDS-Sparse)]
Processing dataset...
Done!
Building trie...
Done!
build time: 22175.969472 ms (2217.596947 ns per key)
space cost: 72.822873 MB (31.816798% of original size 228.881836 MB)
Querying trie...
Done!
total time: 7712.360448 ms, avg latency: 771.236045 ns
topology: 3.420319 MB, link: 32.688608 MB, data: 36.713946 MB
22175.969472,72.822873,771.236045
[PASSED]
[time 39.29 s, user 36.45 s, sys 2.67 s, maxrss 3400400 KB]
[busy 4022 jiffies]
[exit 0]
--- c2 case 1 rec 1   load 1.00 0.99 1.00
[TEST C2-CoCo(LOUDS-Sparse)]
Processing dataset...
Done!
Building trie...
trie size: 37.777167 MB
Done!
build time: 23512.743435 ms (2351.274344 ns per key)
space cost: 57.044919 MB (24.923306% of original size 228.881836 MB)
Querying trie...
Done!
total time: 9292.901210 ms, avg latency: 929.290121 ns
topology: 6.873493 MB, link: 30.304507 MB, data: 19.866919 MB
23512.743435,57.044919,929.290121
[PASSED]
[time 42.17 s, user 39.50 s, sys 2.50 s, maxrss 3069036 KB]
[busy 4312 jiffies]
[exit 0]
--- c2 case 1 rec 2   skipped: exit 139 in round 1
--- c2 case 2 rec 0   load 1.00 1.00 1.00
[TEST C2-MARISA]
Processing dataset...
Done!
Building trie...
trie size: 24.434970 MB
Done!
build time: 15209.970137 ms (1520.997014 ns per key)
space cost: 95.269694 MB (41.623965% of original size 228.881836 MB)
Querying trie...
Done!
total time: 6987.276528 ms, avg latency: 698.727653 ns
topology: 8.066944 MB, link: 31.537600 MB, data: 55.337026 MB
--- Unary Path Analysis (Marisa, cutoff=3) ---
  branches: 16819022  |  single-char: 6056704 (36.0%)  short-unary: 587781 (3.5%)  links: 10174537 (60.5%)
  link len: avg=12.30  max=15  total_chars=125137286
  link length distribution (len:count):  3:131739  4:32131  5:8322  6:3155  7:4877  8:17889  9:69612  10:272566  11:1019074  12:3104051  13:4591242  14:919171  15:708
  short unary avg len: 2.00
15209.970137,95.269694,698.727653
[PASSED]
[time 31.62 s, user 29.53 s, sys 1.95 s, maxrss 2244532 KB]
[busy 3232 jiffies]
[exit 0]
--- c2 case 2 rec 1   load 1.00 1.00 1.00
[TEST C2-MARISA]
Processing dataset...
Done!
Building trie...
trie size: 24.434970 MB
trie size: 47.886275 MB
Done!
build time: 17348.535673 ms (1734.853567 ns per key)
space cost: 72.352404 MB (31.611248% of original size 228.881836 MB)
Querying trie...
Done!
total time: 10003.436455 ms, avg latency: 1000.343645 ns
topology: 14.325905 MB, link: 29.140208 MB, data: 28.558166 MB
--- Unary Path Analysis (Marisa, cutoff=3) ---
  branches: 16819022  |  single-char: 6056704 (36.0%)  short-unary: 587781 (3.5%)  links: 10174537 (60.5%)
  link len: avg=12.30  max=15  total_chars=125137286
  link length distribution (len:count):  3:131739  4:32131  5:8322  6:3155  7:4877  8:17889  9:69612  10:272566  11:1019074  12:3104051  13:4591242  14:919171  15:708
  short unary avg len: 2.00
17348.535673,72.352404,1000.343645
[PASSED]
[time 36.75 s, user 34.90 s, sys 1.69 s, maxrss 1667004 KB]
[busy 3761 jiffies]
[exit 0]
--- c2 case 2 rec 2   skipped: exit 139 in round 1
--- c2 case 3 rec 0   load 0.92 0.98 0.99
[TEST FST]
Processing dataset...
Done!
Building trie...
Done!
build time: 11965.377754 ms (1196.537775 ns per key)
space cost: 119.365768 MB (52.151700% of original size 228.881836 MB)
Querying trie...
Done!
total time: 8587.117827 ms, avg latency: 858.711783 ns
not implemented
11965.377754,119.365768,858.711783
[PASSED]
[time 29.92 s, user 28.47 s, sys 1.32 s, maxrss 1689132 KB]
[busy 3061 jiffies]
[exit 0]
--- c2 case 4 rec 0   skipped: exit 134 in round 1
--- c2 case 5 rec 0   load 0.95 0.99 1.00
[TEST MARISA]
Processing dataset...
Done!
Building trie...
Done!
build time: 7760.620068 ms (776.062007 ns per key)
space cost: 147.956710 MB (64.643273% of original size 228.881836 MB)
Querying trie...
Done!
total time: 8918.408447 ms, avg latency: 891.840845 ns
not implemented
7760.620068,147.956710,891.840845
[PASSED]
[time 25.96 s, user 24.19 s, sys 1.65 s, maxrss 1989216 KB]
[busy 2663 jiffies]
[exit 0]
--- c2 case 5 rec 1   load 0.97 0.99 1.00
[TEST MARISA]
Processing dataset...
Done!
Building trie...
Done!
build time: 9675.961748 ms (967.596175 ns per key)
space cost: 65.397814 MB (28.572741% of original size 228.881836 MB)
Querying trie...
Done!
total time: 13504.921768 ms, avg latency: 1350.492177 ns
not implemented
9675.961748,65.397814,1350.492177
[PASSED]
[time 32.41 s, user 30.53 s, sys 1.74 s, maxrss 1910316 KB]
[busy 3316 jiffies]
[exit 0]
--- c2 case 5 rec 2   load 0.98 0.99 1.00
[TEST MARISA]
Processing dataset...
Done!
Building trie...
Done!
build time: 9632.980228 ms (963.298023 ns per key)
space cost: 64.374021 MB (28.125439% of original size 228.881836 MB)
Querying trie...
Done!
total time: 13721.529037 ms, avg latency: 1372.152904 ns
not implemented
9632.980228,64.374021,1372.152904
[PASSED]
[time 32.62 s, user 30.82 s, sys 1.66 s, maxrss 1910624 KB]
[busy 3342 jiffies]
[exit 0]
--- c2 case 6 rec 0   load 0.91 0.98 0.99
[TEST PDT]
Processing dataset...
Done!
Building trie...
dict size: 151384, stream size: 57071972
Done!
build time: 24932.072331 ms (2493.207233 ns per key)
space cost: 67.337972 MB (29.420409% of original size 228.881836 MB)
Querying trie...
Done!
total time: 14221.869336 ms, avg latency: 1422.186934 ns
not implemented
24932.072331,67.337972,1422.186934
[PASSED]
[time 48.60 s, user 46.41 s, sys 1.99 s, maxrss 1637524 KB]
[busy 4961 jiffies]
[exit 0]
--- c2 case 7 rec 0   load 0.96 0.98 1.00
[TEST ART]
Processing dataset...
Done!
Building trie...
Done!
build time: 2200.857150 ms (220.085715 ns per key)
space cost: 332.784225 MB (145.395647% of original size 228.881836 MB)
Querying trie...
Done!
total time: 6391.546663 ms, avg latency: 639.154666 ns
not implemented
2200.857150,332.784225,639.154666
[PASSED]
[time 18.11 s, user 16.62 s, sys 1.41 s, maxrss 2190708 KB]
[busy 1853 jiffies]
[exit 0]
--- c2 case 8 rec 0   load 0.97 0.98 1.00
[TEST CART]
Processing dataset...
Done!
Building trie...
Done!
build time: 2763.747929 ms (276.374793 ns per key)
space cost: 156.509016 MB (68.379833% of original size 228.881836 MB)
Querying trie...
Done!
total time: 7583.111189 ms, avg latency: 758.311119 ns
not implemented
2763.747929,156.509016,758.311119
[PASSED]
[time 19.83 s, user 18.44 s, sys 1.30 s, maxrss 2102784 KB]
[busy 2035 jiffies]
[exit 0]
--- xcdat 7   load 0.98 0.99 1.00
build time: 10787.232983 ms
space cost: 136.369071 MiB (59.580556% of original size 228.881836 MiB)
avg latency: 714.438396 ns
10787.232983,136.369071,714.438396
[time 27.14 s, user 25.31 s, sys 1.71 s, maxrss 1706176 KB]
[busy 2777 jiffies]
[exit 0]
--- xcdat 8   load 1.06 1.01 1.00
build time: 10385.642857 ms
space cost: 135.305025 MiB (59.115668% of original size 228.881836 MiB)
avg latency: 660.766343 ns
10385.642857,135.305025,660.766343
[time 26.20 s, user 24.36 s, sys 1.73 s, maxrss 1704808 KB]
[busy 2685 jiffies]
[exit 0]
--- xcdat 15   load 0.96 0.99 1.00
build time: 10678.782608 ms
space cost: 152.576344 MiB (66.661622% of original size 228.881836 MiB)
avg latency: 578.842104 ns
10678.782608,152.576344,578.842104
[time 25.70 s, user 23.82 s, sys 1.76 s, maxrss 1722460 KB]
[busy 2635 jiffies]
[exit 0]
--- xcdat 16   load 0.97 0.99 1.00
build time: 10427.943396 ms
space cost: 157.761472 MiB (68.927039% of original size 228.881836 MiB)
avg latency: 600.709269 ns
10427.943396,157.761472,600.709269
[time 25.71 s, user 23.80 s, sys 1.80 s, maxrss 1727796 KB]
[busy 2631 jiffies]
[exit 0]

##### numeric-10000000 (10000000 lines, 78888890 bytes)   round 3/3   2026-09-19T15:55:50+03:00
--- lexindex dict32   load 0.98 0.99 1.00
10000000 keys
lexindex DictIndex block 32: build 892 ms, size 12.344 MiB (1.294 B/key), latency cold 368.8 ns, then mean 365.7 / min 364.8 ns
892.287,12.344126,368.771
[time 21.17 s, user 23.47 s, sys 0.79 s, maxrss 1166764 KB]
[busy 2499 jiffies]
[exit 0]
--- lexindex dict256   load 0.91 0.98 0.99
10000000 keys
lexindex DictIndex block 256: build 897 ms, size 9.909 MiB (1.039 B/key), latency cold 342.4 ns, then mean 339.5 / min 339.2 ns
896.674,9.908560,342.421
[time 20.15 s, user 22.53 s, sys 0.80 s, maxrss 1153556 KB]
[busy 2405 jiffies]
[exit 0]
--- lexindex dict1024   load 1.00 0.99 1.00
10000000 keys
lexindex DictIndex block 1024: build 876 ms, size 8.837 MiB (0.927 B/key), latency cold 353.1 ns, then mean 347.9 / min 347.7 ns
875.650,8.836824,353.140
[time 20.47 s, user 22.61 s, sys 0.80 s, maxrss 1154036 KB]
[busy 2401 jiffies]
[exit 0]
--- lexindex string   load 1.00 1.00 1.00
10000000 keys
lexindex StringIndex: build 1838 ms, size 0.000 MiB (0.000 B/key), latency cold 137.2 ns, then mean 138.6 / min 138.5 ns
1837.932,0.000340,137.235
[time 12.94 s, user 12.32 s, sys 0.56 s, maxrss 1124972 KB]
[busy 1335 jiffies]
[exit 0]
--- c2 case 0 rec 0   skipped: exit 139 in round 1
--- c2 case 0 rec 1   skipped: exit 139 in round 1
--- c2 case 0 rec 2   skipped: exit 139 in round 1
--- c2 case 1 rec 0   skipped: exit 139 in round 1
--- c2 case 1 rec 1   skipped: exit 139 in round 1
--- c2 case 1 rec 2   skipped: exit 139 in round 1
--- c2 case 2 rec 0   skipped: exit 139 in round 1
--- c2 case 2 rec 1   skipped: exit 139 in round 1
--- c2 case 2 rec 2   skipped: exit 139 in round 1
--- c2 case 3 rec 0   load 1.00 1.00 1.00
[TEST FST]
Processing dataset...
Done!
Building trie...
Done!
build time: 2493.562283 ms (249.356228 ns per key)
space cost: 14.447110 MB (21.990328% of original size 65.697565 MB)
Querying trie...
Done!
total time: 3617.720741 ms, avg latency: 361.772074 ns
not implemented
2493.562283,14.447110,361.772074
[PASSED]
[time 10.01 s, user 9.31 s, sys 0.66 s, maxrss 661544 KB]
[busy 1025 jiffies]
[exit 0]
--- c2 case 4 rec 0   load 1.00 1.00 1.00
[TEST COCO]
Processing dataset...
Done!
Building trie...
num nodes = 90001, average depth = 1.000033
ef = 0.000000, pa = 0.000000, bv = 0.000011, de = 0.999989
efr = 0.000000, par = 0.000000, bvr = 0.000000, der = 0.000000
Done!
build time: 7365.197304 ms (736.519730 ns per key)
space cost: 4.854946 MB (7.389841% of original size 65.697565 MB)
Querying trie...
Done!
total time: 2941.110122 ms, avg latency: 294.111012 ns
not implemented
7365.197304,4.854946,294.111012
[PASSED]
[time 14.39 s, user 11.83 s, sys 2.50 s, maxrss 4905364 KB]
[busy 1477 jiffies]
[exit 0]
--- c2 case 5 rec 0   load 1.00 1.00 1.00
[TEST MARISA]
Processing dataset...
Done!
Building trie...
Done!
build time: 1668.641799 ms (166.864180 ns per key)
space cost: 15.797803 MB (24.046253% of original size 65.697565 MB)
Querying trie...
Done!
total time: 2548.492952 ms, avg latency: 254.849295 ns
not implemented
1668.641799,15.797803,254.849295
[PASSED]
[time 8.15 s, user 7.28 s, sys 0.83 s, maxrss 977644 KB]
[busy 839 jiffies]
[exit 0]
--- c2 case 5 rec 1   load 1.00 1.00 1.00
[TEST MARISA]
Processing dataset...
Done!
Building trie...
Done!
build time: 1651.183012 ms (165.118301 ns per key)
space cost: 15.797803 MB (24.046253% of original size 65.697565 MB)
Querying trie...
Done!
total time: 2576.161459 ms, avg latency: 257.616146 ns
not implemented
1651.183012,15.797803,257.616146
[PASSED]
[time 8.26 s, user 7.42 s, sys 0.80 s, maxrss 977792 KB]
[busy 847 jiffies]
[exit 0]
--- c2 case 5 rec 2   load 1.00 1.00 1.00
[TEST MARISA]
Processing dataset...
Done!
Building trie...
Done!
build time: 1672.119475 ms (167.211948 ns per key)
space cost: 15.797803 MB (24.046253% of original size 65.697565 MB)
Querying trie...
Done!
total time: 2539.699805 ms, avg latency: 253.969980 ns
not implemented
1672.119475,15.797803,253.969980
[PASSED]
[time 8.14 s, user 7.29 s, sys 0.81 s, maxrss 978000 KB]
[busy 838 jiffies]
[exit 0]
--- c2 case 6 rec 0   load 1.00 1.00 1.00
[TEST PDT]
Processing dataset...
Done!
Building trie...
dict size: 130, stream size: 2965758
Done!
build time: 1230.247585 ms (123.024759 ns per key)
space cost: 15.594018 MB (23.736067% of original size 65.697565 MB)
Querying trie...
Done!
total time: 6437.600738 ms, avg latency: 643.760074 ns
not implemented
1230.247585,15.594018,643.760074
[PASSED]
[time 11.57 s, user 10.83 s, sys 0.69 s, maxrss 687672 KB]
[busy 1185 jiffies]
[exit 0]
--- c2 case 7 rec 0   load 1.00 1.00 1.00
[TEST ART]
Processing dataset...
Done!
Building trie...
Done!
build time: 644.496397 ms (64.449640 ns per key)
space cost: 200.653076 MB (305.419350% of original size 65.697565 MB)
Querying trie...
Done!
total time: 1480.680333 ms, avg latency: 148.068033 ns
not implemented
644.496397,200.653076,148.068033
[PASSED]
[time 6.04 s, user 5.27 s, sys 0.74 s, maxrss 924604 KB]
[busy 625 jiffies]
[exit 0]
--- c2 case 8 rec 0   load 1.00 1.00 1.00
[TEST CART]
Processing dataset...
Done!
Building trie...
Done!
build time: 822.656771 ms (82.265677 ns per key)
space cost: 111.770621 MB (170.129016% of original size 65.697565 MB)
Querying trie...
Done!
total time: 2088.889303 ms, avg latency: 208.888930 ns
not implemented
822.656771,111.770621,208.888930
[PASSED]
[time 7.02 s, user 6.27 s, sys 0.71 s, maxrss 939868 KB]
[busy 718 jiffies]
[exit 0]
--- xcdat 7   load 1.00 1.00 1.00
build time: 2779.621886 ms
space cost: 52.854505 MiB (80.451238% of original size 65.697565 MiB)
avg latency: 343.656210 ns
2779.621886,52.854505,343.656210
[time 10.07 s, user 9.31 s, sys 0.71 s, maxrss 747372 KB]
[busy 1030 jiffies]
[exit 0]
--- xcdat 8   load 0.92 0.98 0.99
build time: 1820.378195 ms
space cost: 46.072033 MiB (70.127459% of original size 65.697565 MiB)
avg latency: 302.128242 ns
1820.378195,46.072033,302.128242
[time 8.75 s, user 7.95 s, sys 0.76 s, maxrss 731932 KB]
[busy 898 jiffies]
[exit 0]
--- xcdat 15   load 0.93 0.98 1.00
build time: 2103.734486 ms
space cost: 67.281871 MiB (102.411514% of original size 65.697565 MiB)
avg latency: 200.575991 ns
2103.734486,67.281871,200.575991
[time 7.99 s, user 7.23 s, sys 0.72 s, maxrss 776004 KB]
[busy 820 jiffies]
[exit 0]
--- xcdat 16   load 0.94 0.98 1.00
build time: 1781.863272 ms
space cost: 71.808467 MiB (109.301565% of original size 65.697565 MiB)
avg latency: 238.192835 ns
1781.863272,71.808467,238.192835
[time 8.07 s, user 7.31 s, sys 0.72 s, maxrss 783900 KB]
[busy 834 jiffies]
[exit 0]

##### opaque-10000000 (10000000 lines, 170000000 bytes)   round 3/3   2026-09-19T15:59:09+03:00
--- lexindex dict32   load 0.95 0.99 1.00
10000000 keys
lexindex DictIndex block 32: build 1281 ms, size 98.688 MiB (10.348 B/key), latency cold 586.7 ns, then mean 579.4 / min 577.6 ns
1280.594,98.687580,586.670
[time 30.41 s, user 35.92 s, sys 1.75 s, maxrss 1420992 KB]
[busy 3860 jiffies]
[exit 0]
--- lexindex dict256   load 0.97 0.99 1.00
10000000 keys
lexindex DictIndex block 256: build 1286 ms, size 96.032 MiB (10.070 B/key), latency cold 581.3 ns, then mean 579.4 / min 573.4 ns
1285.638,96.032138,581.300
[time 30.34 s, user 36.09 s, sys 1.69 s, maxrss 1419284 KB]
[busy 3872 jiffies]
[exit 0]
--- lexindex dict1024   load 0.98 0.99 1.00
10000000 keys
lexindex DictIndex block 1024: build 1270 ms, size 94.998 MiB (9.961 B/key), latency cold 583.1 ns, then mean 582.7 / min 581.0 ns
1269.953,94.998207,583.134
[time 30.45 s, user 36.03 s, sys 1.64 s, maxrss 1409692 KB]
[busy 3852 jiffies]
[exit 0]
--- lexindex string   load 1.73 1.21 1.07
10000000 keys
lexindex StringIndex: build 11264 ms, size 204.743 MiB (21.469 B/key), latency cold 583.3 ns, then mean 580.6 / min 580.2 ns
11263.571,204.742606,583.314
[time 40.26 s, user 39.27 s, sys 0.83 s, maxrss 1501268 KB]
[busy 4119 jiffies]
[exit 0]
--- c2 case 0 rec 0   load 1.42 1.19 1.07
[TEST C2-FST]
Processing dataset...
Done!
Building trie...
Done!
build time: 12492.151667 ms (1249.215167 ns per key)
space cost: 168.524103 MB (110.443956% of original size 152.587891 MB)
Querying trie...
Done!
total time: 6722.995250 ms, avg latency: 672.299525 ns
topology: 7.322502 MB, link: 33.678872 MB, data: 127.522729 MB
--- Unary Path Analysis (FST, cutoff=4) ---
  shared unary steps in main trie: 26453
  terminal suffixes: inplace=0 (avg len=0.00)  links=10000000 (100.0% of terminal)
  link len: avg=10.54  max=11  total_chars=105416542
  link length distribution (len:count):  8:18  9:1442  10:92299  11:4394462  12:5511779
12492.151667,168.524103,672.299525
[PASSED]
[time 28.25 s, user 26.24 s, sys 1.90 s, maxrss 2353532 KB]
[busy 2890 jiffies]
[exit 0]
--- c2 case 0 rec 1   load 1.31 1.19 1.08
[TEST C2-FST]
Processing dataset...
Done!
Building trie...
trie size: 46.253762 MB
Done!
build time: 23569.465725 ms (2356.946573 ns per key)
space cost: 168.524103 MB (110.443956% of original size 152.587891 MB)
Querying trie...
Done!
total time: 6841.512713 ms, avg latency: 684.151271 ns
topology: 7.322502 MB, link: 33.678872 MB, data: 127.522729 MB
--- Unary Path Analysis (FST, cutoff=4) ---
  shared unary steps in main trie: 26453
  terminal suffixes: inplace=0 (avg len=0.00)  links=10000000 (100.0% of terminal)
  link len: avg=10.54  max=11  total_chars=105416542
  link length distribution (len:count):  8:18  9:1442  10:92299  11:4394462  12:5511779
23569.465725,168.524103,684.151271
[PASSED]
[time 39.37 s, user 36.86 s, sys 2.34 s, maxrss 2822728 KB]
[busy 4034 jiffies]
[exit 0]
--- c2 case 0 rec 2   load 1.16 1.16 1.07
[TEST C2-FST]
Processing dataset...
Done!
Building trie...
trie size: 46.253762 MB
Done!
build time: 23572.869943 ms (2357.286994 ns per key)
space cost: 168.524103 MB (110.443956% of original size 152.587891 MB)
Querying trie...
Done!
total time: 6721.044863 ms, avg latency: 672.104486 ns
topology: 7.322502 MB, link: 33.678872 MB, data: 127.522729 MB
--- Unary Path Analysis (FST, cutoff=4) ---
  shared unary steps in main trie: 26453
  terminal suffixes: inplace=0 (avg len=0.00)  links=10000000 (100.0% of terminal)
  link len: avg=10.54  max=11  total_chars=105416542
  link length distribution (len:count):  8:18  9:1442  10:92299  11:4394462  12:5511779
23572.869943,168.524103,672.104486
[PASSED]
[time 39.33 s, user 36.80 s, sys 2.36 s, maxrss 2822388 KB]
[busy 4028 jiffies]
[exit 0]
--- c2 case 1 rec 0   load 1.08 1.14 1.07
[TEST C2-CoCo(LOUDS-Sparse)]
Processing dataset...
Done!
Building trie...
Done!
build time: 15336.530363 ms (1533.653036 ns per key)
space cost: 161.439246 MB (105.800824% of original size 152.587891 MB)
Querying trie...
Done!
total time: 7079.731867 ms, avg latency: 707.973187 ns
topology: 3.310211 MB, link: 34.003298 MB, data: 124.125737 MB
15336.530363,161.439246,707.973187
[PASSED]
[time 31.41 s, user 28.74 s, sys 2.54 s, maxrss 3322516 KB]
[busy 3212 jiffies]
[exit 0]
--- c2 case 1 rec 1   load 1.04 1.12 1.07
[TEST C2-CoCo(LOUDS-Sparse)]
Processing dataset...
Done!
Building trie...
trie size: 46.253762 MB
Done!
build time: 26402.908656 ms (2640.290866 ns per key)
space cost: 161.439246 MB (105.800824% of original size 152.587891 MB)
Querying trie...
Done!
total time: 6923.884107 ms, avg latency: 692.388411 ns
topology: 3.310211 MB, link: 34.003298 MB, data: 124.125737 MB
26402.908656,161.439246,692.388411
[PASSED]
[time 42.32 s, user 39.20 s, sys 2.94 s, maxrss 3791256 KB]
[busy 4335 jiffies]
[exit 0]
--- c2 case 1 rec 2   load 1.02 1.11 1.06
[TEST C2-CoCo(LOUDS-Sparse)]
Processing dataset...
Done!
Building trie...
trie size: 46.253762 MB
Done!
build time: 26310.520283 ms (2631.052028 ns per key)
space cost: 161.439246 MB (105.800824% of original size 152.587891 MB)
Querying trie...
Done!
total time: 7079.763977 ms, avg latency: 707.976398 ns
topology: 3.310211 MB, link: 34.003298 MB, data: 124.125737 MB
26310.520283,161.439246,707.976398
[PASSED]
[time 42.36 s, user 39.30 s, sys 2.88 s, maxrss 3791352 KB]
[busy 4337 jiffies]
[exit 0]
--- c2 case 2 rec 0   load 1.01 1.09 1.06
[TEST C2-MARISA]
Processing dataset...
Done!
Building trie...
trie size: 18.021462 MB
Done!
build time: 11211.937464 ms (1121.193746 ns per key)
space cost: 165.523580 MB (108.477533% of original size 152.587891 MB)
Querying trie...
Done!
total time: 5686.392856 ms, avg latency: 568.639286 ns
topology: 5.929127 MB, link: 32.190027 MB, data: 127.076301 MB
--- Unary Path Analysis (Marisa, cutoff=3) ---
  branches: 12335636  |  single-char: 2309593 (18.7%)  short-unary: 25639 (0.2%)  links: 10000404 (81.1%)
  link len: avg=12.54  max=13  total_chars=125417760
  link length distribution (len:count):  3:398  4:6  9:18  10:1442  11:92299  12:4394462  13:5511779
  short unary avg len: 2.00
11211.937464,165.523580,568.639286
[PASSED]
[time 25.95 s, user 23.94 s, sys 1.89 s, maxrss 2276056 KB]
[busy 2656 jiffies]
[exit 0]
--- c2 case 2 rec 1   load 1.00 1.08 1.06
[TEST C2-MARISA]
Processing dataset...
Done!
Building trie...
trie size: 18.021462 MB
trie size: 46.255407 MB
Done!
build time: 22114.769448 ms (2211.476945 ns per key)
space cost: 165.523580 MB (108.477533% of original size 152.587891 MB)
Querying trie...
Done!
total time: 5612.074038 ms, avg latency: 561.207404 ns
topology: 5.929127 MB, link: 32.190027 MB, data: 127.076301 MB
--- Unary Path Analysis (Marisa, cutoff=3) ---
  branches: 12335636  |  single-char: 2309593 (18.7%)  short-unary: 25639 (0.2%)  links: 10000404 (81.1%)
  link len: avg=12.54  max=13  total_chars=125417760
  link length distribution (len:count):  3:398  4:6  9:18  10:1442  11:92299  12:4394462  13:5511779
  short unary avg len: 2.00
22114.769448,165.523580,561.207404
[PASSED]
[time 36.77 s, user 34.30 s, sys 2.31 s, maxrss 2779124 KB]
[busy 3763 jiffies]
[exit 0]
--- c2 case 2 rec 2   load 1.00 1.07 1.05
[TEST C2-MARISA]
Processing dataset...
Done!
Building trie...
trie size: 18.021462 MB
trie size: 46.255407 MB
Done!
build time: 22179.659034 ms (2217.965903 ns per key)
space cost: 165.523580 MB (108.477533% of original size 152.587891 MB)
Querying trie...
Done!
total time: 5646.609420 ms, avg latency: 564.660942 ns
topology: 5.929127 MB, link: 32.190027 MB, data: 127.076301 MB
--- Unary Path Analysis (Marisa, cutoff=3) ---
  branches: 12335636  |  single-char: 2309593 (18.7%)  short-unary: 25639 (0.2%)  links: 10000404 (81.1%)
  link len: avg=12.54  max=13  total_chars=125417760
  link length distribution (len:count):  3:398  4:6  9:18  10:1442  11:92299  12:4394462  13:5511779
  short unary avg len: 2.00
22179.659034,165.523580,564.660942
[PASSED]
[time 36.86 s, user 34.36 s, sys 2.34 s, maxrss 2778904 KB]
[busy 3768 jiffies]
[exit 0]
--- c2 case 3 rec 0   load 0.92 1.04 1.04
[TEST FST]
Processing dataset...
Done!
Building trie...
Done!
build time: 8703.399891 ms (870.339989 ns per key)
space cost: 166.730864 MB (109.268739% of original size 152.587891 MB)
Querying trie...
Done!
total time: 5424.725569 ms, avg latency: 542.472557 ns
not implemented
8703.399891,166.730864,542.472557
[PASSED]
[time 23.12 s, user 21.87 s, sys 1.15 s, maxrss 1424980 KB]
[busy 2381 jiffies]
[exit 0]
--- c2 case 4 rec 0   skipped: exit 134 in round 1
--- c2 case 5 rec 0   load 0.94 1.04 1.04
[TEST MARISA]
Processing dataset...
Done!
Building trie...
Done!
build time: 6151.873698 ms (615.187370 ns per key)
space cost: 172.390432 MB (112.977794% of original size 152.587891 MB)
Querying trie...
Done!
total time: 9002.282978 ms, avg latency: 900.228298 ns
not implemented
6151.873698,172.390432,900.228298
[PASSED]
[time 24.10 s, user 22.38 s, sys 1.61 s, maxrss 1756412 KB]
[busy 2466 jiffies]
[exit 0]
--- c2 case 5 rec 1   load 0.96 1.03 1.04
[TEST MARISA]
Processing dataset...
Done!
Building trie...
Done!
build time: 9519.403170 ms (951.940317 ns per key)
space cost: 174.772559 MB (114.538944% of original size 152.587891 MB)
Querying trie...
Done!
total time: 19100.828545 ms, avg latency: 1910.082854 ns
not implemented
9519.403170,174.772559,1910.082854
[PASSED]
[time 37.59 s, user 35.56 s, sys 1.86 s, maxrss 1745964 KB]
[busy 3846 jiffies]
[exit 0]
--- c2 case 5 rec 2   load 1.03 1.04 1.04
[TEST MARISA]
Processing dataset...
Done!
Building trie...
Done!
build time: 12582.984526 ms (1258.298453 ns per key)
space cost: 174.781183 MB (114.544596% of original size 152.587891 MB)
Querying trie...
Done!
total time: 31605.472072 ms, avg latency: 3160.547207 ns
not implemented
12582.984526,174.781183,3160.547207
[PASSED]
[time 53.14 s, user 50.79 s, sys 2.12 s, maxrss 1801804 KB]
[busy 5443 jiffies]
[exit 0]
--- c2 case 6 rec 0   load 1.07 1.05 1.04
[TEST PDT]
Processing dataset...
Done!
Building trie...
dict size: 177886, stream size: 123770486
Done!
build time: 112345.881119 ms (11234.588112 ns per key)
space cost: 130.971906 MB (85.833748% of original size 152.587891 MB)
Querying trie...
Done!
total time: 9221.132705 ms, avg latency: 922.113270 ns
not implemented
112345.881119,130.971906,922.113270
[PASSED]
[time 130.56 s, user 128.14 s, sys 1.92 s, maxrss 2153840 KB]
[busy 13326 jiffies]
[exit 0]
--- c2 case 7 rec 0   load 1.01 1.03 1.03
[TEST ART]
Processing dataset...
Done!
Building trie...
Done!
build time: 1578.587862 ms (157.858786 ns per key)
space cost: 281.783142 MB (184.669400% of original size 152.587891 MB)
Querying trie...
Done!
total time: 2613.256361 ms, avg latency: 261.325636 ns
not implemented
1578.587862,281.783142,261.325636
[PASSED]
[time 13.26 s, user 12.06 s, sys 1.14 s, maxrss 1718984 KB]
[busy 1364 jiffies]
[exit 0]
--- c2 case 8 rec 0   load 1.00 1.02 1.03
[TEST CART]
Processing dataset...
Done!
Building trie...
Done!
build time: 1986.203992 ms (198.620399 ns per key)
space cost: 110.237770 MB (72.245425% of original size 152.587891 MB)
Querying trie...
Done!
total time: 3539.839444 ms, avg latency: 353.983944 ns
not implemented
1986.203992,110.237770,353.983944
[PASSED]
[time 14.67 s, user 13.51 s, sys 1.09 s, maxrss 1556960 KB]
[busy 1508 jiffies]
[exit 0]
--- xcdat 7   load 1.00 1.02 1.02
build time: 10205.076191 ms
space cost: 200.245496 MiB (131.232888% of original size 152.587891 MiB)
avg latency: 395.697495 ns
10205.076191,200.245496,395.697495
[time 23.21 s, user 21.45 s, sys 1.66 s, maxrss 1677736 KB]
[busy 2377 jiffies]
[exit 0]
--- xcdat 8   load 1.00 1.02 1.02
build time: 10432.182247 ms
space cost: 194.729631 MiB (127.618011% of original size 152.587891 MiB)
avg latency: 400.991637 ns
10432.182247,194.729631,400.991637
[time 23.58 s, user 21.80 s, sys 1.68 s, maxrss 1658280 KB]
[busy 2418 jiffies]
[exit 0]
--- xcdat 15   load 1.00 1.02 1.02
build time: 10615.660891 ms
space cost: 206.548369 MiB (135.363539% of original size 152.587891 MiB)
avg latency: 338.879533 ns
10615.660891,206.548369,338.879533
[time 23.08 s, user 21.31 s, sys 1.67 s, maxrss 1675176 KB]
[busy 2366 jiffies]
[exit 0]
--- xcdat 16   load 1.00 1.02 1.02
build time: 10390.019037 ms
space cost: 209.774417 MiB (137.477762% of original size 152.587891 MiB)
avg latency: 359.034569 ns
10390.019037,209.774417,359.034569
[time 22.99 s, user 21.19 s, sys 1.70 s, maxrss 1681896 KB]
[busy 2358 jiffies]
[exit 0]

##### titles-en-10000000 (10000000 lines, 219718589 bytes)   round 3/3   2026-09-19T16:13:37+03:00
--- lexindex dict32   load 1.00 1.01 1.02
10000000 keys
lexindex DictIndex block 32: build 2467 ms, size 59.353 MiB (6.224 B/key), latency cold 670.0 ns, then mean 667.1 / min 667.0 ns
2467.064,59.352907,669.998
[time 35.53 s, user 50.78 s, sys 1.67 s, maxrss 1718296 KB]
[busy 5368 jiffies]
[exit 0]
--- lexindex dict256   load 1.68 1.22 1.09
10000000 keys
lexindex DictIndex block 256: build 2463 ms, size 55.526 MiB (5.822 B/key), latency cold 664.3 ns, then mean 664.0 / min 662.6 ns
2462.770,55.525693,664.257
[time 35.38 s, user 50.99 s, sys 1.69 s, maxrss 1720252 KB]
[busy 5381 jiffies]
[exit 0]
--- lexindex dict1024   load 1.38 1.20 1.08
10000000 keys
lexindex DictIndex block 1024: build 2412 ms, size 53.815 MiB (5.643 B/key), latency cold 688.3 ns, then mean 688.2 / min 686.3 ns
2412.436,53.815133,688.297
[time 36.29 s, user 51.41 s, sys 1.72 s, maxrss 1714528 KB]
[busy 5430 jiffies]
[exit 0]
--- lexindex string   load 1.19 1.17 1.08
10000000 keys
lexindex StringIndex: build 8082 ms, size 126.354 MiB (13.249 B/key), latency cold 777.7 ns, then mean 777.7 / min 776.9 ns
8082.246,126.354340,777.750
[time 45.46 s, user 44.45 s, sys 0.82 s, maxrss 1571800 KB]
[busy 4657 jiffies]
[exit 0]
--- c2 case 0 rec 0   load 1.09 1.14 1.08
[TEST C2-FST]
Processing dataset...
Done!
Building trie...
Done!
build time: 10604.944759 ms (1060.494476 ns per key)
space cost: 86.858212 MB (43.428404% of original size 200.003232 MB)
Querying trie...
Done!
total time: 11732.960462 ms, avg latency: 1173.296046 ns
topology: 11.274200 MB, link: 21.160836 MB, data: 54.423176 MB
--- Unary Path Analysis (FST, cutoff=4) ---
  shared unary steps in main trie: 9042618
  terminal suffixes: inplace=1798982 (avg len=2.14)  links=6599643 (78.6% of terminal)
  link len: avg=9.93  max=234  total_chars=65543603
  link length distribution (len:count):  4:783104  5:760158  6:695828  7:589022  8:475587  9:402890  10:359960  11:287809  12:252754  13:211229  14:291790  15:204192  16:188465  17:134915  18:119234  19:103940  20:94864  21:79457  22:68801  23:57526  24:51335  25:45253  26:43170  27:36068  28:31115  29:26944  30:23808  31:20749  32:18599  33:16316  34:14256  35:12616  36:11654  37:10097  38:8350  39:7410  40:6438  41:5768  42:5227  43:4358  44:3828  45:3564  46:3239  47:2673  48:2418  49:2015  50:1930  51:1676  52:1473  53:1343  54:1226  55:1070  56:979  57:898  58:769  59:736  60:626  61:563  62:597  63:542  64:428  65:419  66:401  67:383  68:320  69:311  70:276  71:263  72:227  73:216  74:189  75:189  76:152  77:176  78:161  79:141  80:122  81:127  82:110  83:97  84:90  85:90  86:88  87:88  88:62  89:58  90:57  91:55  92:60  93:54  94:47  95:39  96:52  97:43  98:41  99:43  100:34  101:29  102:20  103:25  104:38  105:22  106:19  107:21  108:27  109:17  110:17  111:15  112:20  113:20  114:14  115:18  116:19  117:10  118:15  119:19  120:13  121:11  122:5  123:13  124:11  125:8  126:8  127:8  128:10  129:12  130:6  131:9  132:1  133:8  134:7  135:4  136:6  137:4  138:7  139:6  140:3  141:3  142:1  143:5  144:3  145:5  146:2  147:3  148:3  149:8  150:6  151:3  152:5  153:5  154:4  155:5  156:4  157:2  158:2  159:3  160:6  162:6  163:1  164:1  165:3  166:3  167:6  168:2  169:1  170:1  171:3  172:1  173:1  174:3  175:1  176:1  177:2  178:2  179:4  180:1  182:1  184:2  185:1  188:2  189:1  191:1  193:4  194:1  195:1  198:3  199:2  200:1  201:1  204:3  205:2  206:1  208:1  209:4  210:1  211:1  213:1  214:1  215:1  217:1  223:1  224:2  228:1  229:1  230:1  231:1  233:1  235:1
10604.944759,86.858212,1173.296046
[PASSED]
[time 30.19 s, user 28.66 s, sys 1.41 s, maxrss 1462140 KB]
[busy 3090 jiffies]
[exit 0]
--- c2 case 0 rec 1   load 1.05 1.13 1.07
[TEST C2-FST]
Processing dataset...
Done!
Building trie...
trie size: 22.733012 MB
Done!
build time: 12365.176246 ms (1236.517625 ns per key)
space cost: 75.770544 MB (37.884660% of original size 200.003232 MB)
Querying trie...
Done!
total time: 14270.145009 ms, avg latency: 1427.014501 ns
topology: 13.082478 MB, link: 20.816256 MB, data: 41.871811 MB
--- Unary Path Analysis (FST, cutoff=4) ---
  shared unary steps in main trie: 9042618
  terminal suffixes: inplace=1798982 (avg len=2.14)  links=6599643 (78.6% of terminal)
  link len: avg=9.93  max=234  total_chars=65543603
  link length distribution (len:count):  4:783104  5:760158  6:695828  7:589022  8:475587  9:402890  10:359960  11:287809  12:252754  13:211229  14:291790  15:204192  16:188465  17:134915  18:119234  19:103940  20:94864  21:79457  22:68801  23:57526  24:51335  25:45253  26:43170  27:36068  28:31115  29:26944  30:23808  31:20749  32:18599  33:16316  34:14256  35:12616  36:11654  37:10097  38:8350  39:7410  40:6438  41:5768  42:5227  43:4358  44:3828  45:3564  46:3239  47:2673  48:2418  49:2015  50:1930  51:1676  52:1473  53:1343  54:1226  55:1070  56:979  57:898  58:769  59:736  60:626  61:563  62:597  63:542  64:428  65:419  66:401  67:383  68:320  69:311  70:276  71:263  72:227  73:216  74:189  75:189  76:152  77:176  78:161  79:141  80:122  81:127  82:110  83:97  84:90  85:90  86:88  87:88  88:62  89:58  90:57  91:55  92:60  93:54  94:47  95:39  96:52  97:43  98:41  99:43  100:34  101:29  102:20  103:25  104:38  105:22  106:19  107:21  108:27  109:17  110:17  111:15  112:20  113:20  114:14  115:18  116:19  117:10  118:15  119:19  120:13  121:11  122:5  123:13  124:11  125:8  126:8  127:8  128:10  129:12  130:6  131:9  132:1  133:8  134:7  135:4  136:6  137:4  138:7  139:6  140:3  141:3  142:1  143:5  144:3  145:5  146:2  147:3  148:3  149:8  150:6  151:3  152:5  153:5  154:4  155:5  156:4  157:2  158:2  159:3  160:6  162:6  163:1  164:1  165:3  166:3  167:6  168:2  169:1  170:1  171:3  172:1  173:1  174:3  175:1  176:1  177:2  178:2  179:4  180:1  182:1  184:2  185:1  188:2  189:1  191:1  193:4  194:1  195:1  198:3  199:2  200:1  201:1  204:3  205:2  206:1  208:1  209:4  210:1  211:1  213:1  214:1  215:1  217:1  223:1  224:2  228:1  229:1  230:1  231:1  233:1  235:1
12365.176246,75.770544,1427.014501
[PASSED]
[time 34.46 s, user 32.94 s, sys 1.38 s, maxrss 1338892 KB]
[busy 3537 jiffies]
[exit 0]
--- c2 case 0 rec 2   load 1.03 1.11 1.07
[TEST C2-FST]
Processing dataset...
Done!
Building trie...
trie size: 22.733012 MB
trie size: 3.280537 MB
Done!
build time: 12863.521273 ms (1286.352127 ns per key)
space cost: 75.770544 MB (37.884660% of original size 200.003232 MB)
Querying trie...
Done!
total time: 14279.022954 ms, avg latency: 1427.902295 ns
topology: 13.082478 MB, link: 20.816256 MB, data: 41.871811 MB
--- Unary Path Analysis (FST, cutoff=4) ---
  shared unary steps in main trie: 9042618
  terminal suffixes: inplace=1798982 (avg len=2.14)  links=6599643 (78.6% of terminal)
  link len: avg=9.93  max=234  total_chars=65543603
  link length distribution (len:count):  4:783104  5:760158  6:695828  7:589022  8:475587  9:402890  10:359960  11:287809  12:252754  13:211229  14:291790  15:204192  16:188465  17:134915  18:119234  19:103940  20:94864  21:79457  22:68801  23:57526  24:51335  25:45253  26:43170  27:36068  28:31115  29:26944  30:23808  31:20749  32:18599  33:16316  34:14256  35:12616  36:11654  37:10097  38:8350  39:7410  40:6438  41:5768  42:5227  43:4358  44:3828  45:3564  46:3239  47:2673  48:2418  49:2015  50:1930  51:1676  52:1473  53:1343  54:1226  55:1070  56:979  57:898  58:769  59:736  60:626  61:563  62:597  63:542  64:428  65:419  66:401  67:383  68:320  69:311  70:276  71:263  72:227  73:216  74:189  75:189  76:152  77:176  78:161  79:141  80:122  81:127  82:110  83:97  84:90  85:90  86:88  87:88  88:62  89:58  90:57  91:55  92:60  93:54  94:47  95:39  96:52  97:43  98:41  99:43  100:34  101:29  102:20  103:25  104:38  105:22  106:19  107:21  108:27  109:17  110:17  111:15  112:20  113:20  114:14  115:18  116:19  117:10  118:15  119:19  120:13  121:11  122:5  123:13  124:11  125:8  126:8  127:8  128:10  129:12  130:6  131:9  132:1  133:8  134:7  135:4  136:6  137:4  138:7  139:6  140:3  141:3  142:1  143:5  144:3  145:5  146:2  147:3  148:3  149:8  150:6  151:3  152:5  153:5  154:4  155:5  156:4  157:2  158:2  159:3  160:6  162:6  163:1  164:1  165:3  166:3  167:6  168:2  169:1  170:1  171:3  172:1  173:1  174:3  175:1  176:1  177:2  178:2  179:4  180:1  182:1  184:2  185:1  188:2  189:1  191:1  193:4  194:1  195:1  198:3  199:2  200:1  201:1  204:3  205:2  206:1  208:1  209:4  210:1  211:1  213:1  214:1  215:1  217:1  223:1  224:2  228:1  229:1  230:1  231:1  233:1  235:1
12863.521273,75.770544,1427.902295
[PASSED]
[time 34.99 s, user 33.40 s, sys 1.44 s, maxrss 1364116 KB]
[busy 3585 jiffies]
[exit 0]
--- c2 case 1 rec 0   load 1.01 1.10 1.07
[TEST C2-CoCo(LOUDS-Sparse)]
Processing dataset...
Done!
Building trie...
Done!
build time: 24832.851885 ms (2483.285189 ns per key)
space cost: 98.257762 MB (49.128087% of original size 200.003232 MB)
Querying trie...
Done!
total time: 14517.333912 ms, avg latency: 1451.733391 ns
topology: 4.410110 MB, link: 33.095964 MB, data: 60.751687 MB
24832.851885,98.257762,1451.733391
[PASSED]
[time 47.14 s, user 44.56 s, sys 2.37 s, maxrss 3193544 KB]
[busy 4819 jiffies]
[exit 0]
--- c2 case 1 rec 1   load 1.05 1.10 1.07
[TEST C2-CoCo(LOUDS-Sparse)]
Processing dataset...
Done!
Building trie...
trie size: 22.733012 MB
Done!
build time: 26634.604947 ms (2663.460495 ns per key)
space cost: 87.170093 MB (43.584342% of original size 200.003232 MB)
Querying trie...
Done!
total time: 16790.586283 ms, avg latency: 1679.058628 ns
topology: 6.218388 MB, link: 32.751384 MB, data: 48.200322 MB
26634.604947,87.170093,1679.058628
[PASSED]
[time 51.29 s, user 48.82 s, sys 2.25 s, maxrss 3066512 KB]
[busy 5246 jiffies]
[exit 0]
--- c2 case 1 rec 2   load 1.02 1.08 1.06
[TEST C2-CoCo(LOUDS-Sparse)]
Processing dataset...
Done!
Building trie...
trie size: 22.733012 MB
trie size: 3.280537 MB
Done!
build time: 27087.181720 ms (2708.718172 ns per key)
space cost: 87.170093 MB (43.584342% of original size 200.003232 MB)
Querying trie...
Done!
total time: 17005.124239 ms, avg latency: 1700.512424 ns
topology: 6.218388 MB, link: 32.751384 MB, data: 48.200322 MB
27087.181720,87.170093,1700.512424
[PASSED]
[time 51.88 s, user 49.45 s, sys 2.22 s, maxrss 3090420 KB]
[busy 5321 jiffies]
[exit 0]
--- c2 case 2 rec 0   load 1.01 1.06 1.06
[TEST C2-MARISA]
Processing dataset...
Done!
Building trie...
trie size: 23.317092 MB
Done!
build time: 10431.801864 ms (1043.180186 ns per key)
space cost: 78.192151 MB (39.095444% of original size 200.003232 MB)
Querying trie...
Done!
total time: 7915.509467 ms, avg latency: 791.550947 ns
topology: 7.694263 MB, link: 27.912508 MB, data: 42.257255 MB
--- Unary Path Analysis (Marisa, cutoff=3) ---
  branches: 15080896  |  single-char: 4578086 (30.4%)  short-unary: 1137672 (7.5%)  links: 9365138 (62.1%)
  link len: avg=9.96  max=236  total_chars=93261704
  link length distribution (len:count):  3:947829  4:986562  5:965254  6:903368  7:803217  8:675232  9:535160  10:448828  11:393655  12:313562  13:273926  14:228549  15:306731  16:216481  17:200904  18:144129  19:127804  20:110710  21:100724  22:84358  23:73263  24:61276  25:54434  26:48000  27:45573  28:38180  29:33095  30:28718  31:25581  32:22213  33:19884  34:17374  35:15159  36:13408  37:12318  38:10537  39:8786  40:7764  41:6832  42:6052  43:5427  44:4522  45:3945  46:3695  47:3344  48:2764  49:2509  50:2081  51:1977  52:1721  53:1517  54:1388  55:1255  56:1097  57:1012  58:930  59:785  60:751  61:645  62:578  63:614  64:560  65:436  66:431  67:412  68:392  69:332  70:320  71:285  72:270  73:233  74:225  75:193  76:195  77:155  78:178  79:164  80:147  81:126  82:131  83:112  84:98  85:95  86:92  87:89  88:91  89:63  90:58  91:59  92:55  93:61  94:54  95:48  96:42  97:53  98:43  99:42  100:44  101:35  102:30  103:20  104:25  105:38  106:22  107:19  108:21  109:27  110:17  111:18  112:16  113:20  114:20  115:15  116:18  117:20  118:11  119:16  120:19  121:14  122:12  123:5  124:13  125:12  126:8  127:9  128:8  129:10  130:13  131:6  132:9  133:1  134:8  135:7  136:5  137:7  138:4  139:7  140:6  141:3  142:3  143:1  144:5  145:3  146:5  147:2  148:3  149:3  150:8  151:6  152:3  153:6  154:5  155:4  156:5  157:4  158:2  159:2  160:3  161:6  163:6  164:1  165:1  166:3  167:3  168:6  169:2  170:1  171:1  172:3  173:1  174:1  175:3  176:1  177:1  178:2  179:2  180:4  181:1  183:1  185:3  186:1  189:2  190:1  192:1  194:4  195:2  196:1  199:3  200:3  201:1  202:1  205:3  206:2  207:1  209:1  210:4  211:1  212:1  214:1  215:1  216:1  218:1  224:1  225:2  229:1  230:1  231:1  232:1  234:1  235:1  236:1
  short unary avg len: 2.00
10431.801864,78.192151,791.550947
[PASSED]
[time 26.11 s, user 24.41 s, sys 1.59 s, maxrss 1608680 KB]
[busy 2676 jiffies]
[exit 0]
--- c2 case 2 rec 1   load 0.92 1.04 1.05
[TEST C2-MARISA]
Processing dataset...
Done!
Building trie...
trie size: 23.317092 MB
trie size: 32.530715 MB
Done!
build time: 12701.429623 ms (1270.142962 ns per key)
space cost: 64.832272 MB (32.415612% of original size 200.003232 MB)
Querying trie...
Done!
total time: 10244.023946 ms, avg latency: 1024.402395 ns
topology: 9.978737 MB, link: 28.205211 MB, data: 26.320199 MB
--- Unary Path Analysis (Marisa, cutoff=3) ---
  branches: 15080896  |  single-char: 4578086 (30.4%)  short-unary: 1137672 (7.5%)  links: 9365138 (62.1%)
  link len: avg=9.96  max=236  total_chars=93261704
  link length distribution (len:count):  3:947829  4:986562  5:965254  6:903368  7:803217  8:675232  9:535160  10:448828  11:393655  12:313562  13:273926  14:228549  15:306731  16:216481  17:200904  18:144129  19:127804  20:110710  21:100724  22:84358  23:73263  24:61276  25:54434  26:48000  27:45573  28:38180  29:33095  30:28718  31:25581  32:22213  33:19884  34:17374  35:15159  36:13408  37:12318  38:10537  39:8786  40:7764  41:6832  42:6052  43:5427  44:4522  45:3945  46:3695  47:3344  48:2764  49:2509  50:2081  51:1977  52:1721  53:1517  54:1388  55:1255  56:1097  57:1012  58:930  59:785  60:751  61:645  62:578  63:614  64:560  65:436  66:431  67:412  68:392  69:332  70:320  71:285  72:270  73:233  74:225  75:193  76:195  77:155  78:178  79:164  80:147  81:126  82:131  83:112  84:98  85:95  86:92  87:89  88:91  89:63  90:58  91:59  92:55  93:61  94:54  95:48  96:42  97:53  98:43  99:42  100:44  101:35  102:30  103:20  104:25  105:38  106:22  107:19  108:21  109:27  110:17  111:18  112:16  113:20  114:20  115:15  116:18  117:20  118:11  119:16  120:19  121:14  122:12  123:5  124:13  125:12  126:8  127:9  128:8  129:10  130:13  131:6  132:9  133:1  134:8  135:7  136:5  137:7  138:4  139:7  140:6  141:3  142:3  143:1  144:5  145:3  146:5  147:2  148:3  149:3  150:8  151:6  152:3  153:6  154:5  155:4  156:5  157:4  158:2  159:2  160:3  161:6  163:6  164:1  165:1  166:3  167:3  168:6  169:2  170:1  171:1  172:3  173:1  174:1  175:3  176:1  177:1  178:2  179:2  180:4  181:1  183:1  185:3  186:1  189:2  190:1  192:1  194:4  195:2  196:1  199:3  200:3  201:1  202:1  205:3  206:2  207:1  209:1  210:4  211:1  212:1  214:1  215:1  216:1  218:1  224:1  225:2  229:1  230:1  231:1  232:1  234:1  235:1  236:1
  short unary avg len: 2.00
12701.429623,64.832272,1024.402395
[PASSED]
[time 30.82 s, user 29.14 s, sys 1.55 s, maxrss 1466212 KB]
[busy 3159 jiffies]
[exit 0]
--- c2 case 2 rec 2   load 0.95 1.03 1.05
[TEST C2-MARISA]
Processing dataset...
Done!
Building trie...
trie size: 23.317092 MB
trie size: 32.530715 MB
trie size: 4.028131 MB
Done!
build time: 13300.600807 ms (1330.060081 ns per key)
space cost: 64.832272 MB (32.415612% of original size 200.003232 MB)
Querying trie...
Done!
total time: 10271.200045 ms, avg latency: 1027.120005 ns
topology: 9.978737 MB, link: 28.205211 MB, data: 26.320199 MB
--- Unary Path Analysis (Marisa, cutoff=3) ---
  branches: 15080896  |  single-char: 4578086 (30.4%)  short-unary: 1137672 (7.5%)  links: 9365138 (62.1%)
  link len: avg=9.96  max=236  total_chars=93261704
  link length distribution (len:count):  3:947829  4:986562  5:965254  6:903368  7:803217  8:675232  9:535160  10:448828  11:393655  12:313562  13:273926  14:228549  15:306731  16:216481  17:200904  18:144129  19:127804  20:110710  21:100724  22:84358  23:73263  24:61276  25:54434  26:48000  27:45573  28:38180  29:33095  30:28718  31:25581  32:22213  33:19884  34:17374  35:15159  36:13408  37:12318  38:10537  39:8786  40:7764  41:6832  42:6052  43:5427  44:4522  45:3945  46:3695  47:3344  48:2764  49:2509  50:2081  51:1977  52:1721  53:1517  54:1388  55:1255  56:1097  57:1012  58:930  59:785  60:751  61:645  62:578  63:614  64:560  65:436  66:431  67:412  68:392  69:332  70:320  71:285  72:270  73:233  74:225  75:193  76:195  77:155  78:178  79:164  80:147  81:126  82:131  83:112  84:98  85:95  86:92  87:89  88:91  89:63  90:58  91:59  92:55  93:61  94:54  95:48  96:42  97:53  98:43  99:42  100:44  101:35  102:30  103:20  104:25  105:38  106:22  107:19  108:21  109:27  110:17  111:18  112:16  113:20  114:20  115:15  116:18  117:20  118:11  119:16  120:19  121:14  122:12  123:5  124:13  125:12  126:8  127:9  128:8  129:10  130:13  131:6  132:9  133:1  134:8  135:7  136:5  137:7  138:4  139:7  140:6  141:3  142:3  143:1  144:5  145:3  146:5  147:2  148:3  149:3  150:8  151:6  152:3  153:6  154:5  155:4  156:5  157:4  158:2  159:2  160:3  161:6  163:6  164:1  165:1  166:3  167:3  168:6  169:2  170:1  171:1  172:3  173:1  174:1  175:3  176:1  177:1  178:2  179:2  180:4  181:1  183:1  185:3  186:1  189:2  190:1  192:1  194:4  195:2  196:1  199:3  200:3  201:1  202:1  205:3  206:2  207:1  209:1  210:4  211:1  212:1  214:1  215:1  216:1  218:1  224:1  225:2  229:1  230:1  231:1  232:1  234:1  235:1  236:1
  short unary avg len: 2.00
13300.600807,64.832272,1027.120005
[PASSED]
[time 31.34 s, user 29.65 s, sys 1.56 s, maxrss 1496584 KB]
[busy 3210 jiffies]
[exit 0]
--- c2 case 3 rec 0   load 0.89 1.01 1.04
[TEST FST]
Processing dataset...
Done!
Building trie...
Done!
build time: 9762.706574 ms (976.270657 ns per key)
space cost: 86.740355 MB (43.369476% of original size 200.003232 MB)
Querying trie...
Done!
total time: 13919.461699 ms, avg latency: 1391.946170 ns
not implemented
9762.706574,86.740355,1391.946170
[PASSED]
[time 31.57 s, user 30.44 s, sys 1.00 s, maxrss 1233460 KB]
[busy 3225 jiffies]
[exit 0]
--- c2 case 4 rec 0   skipped: exit 134 in round 1
--- c2 case 5 rec 0   load 0.94 1.01 1.03
[TEST MARISA]
Processing dataset...
Done!
Building trie...
Done!
build time: 6592.982436 ms (659.298244 ns per key)
space cost: 79.225293 MB (39.612006% of original size 200.003232 MB)
Querying trie...
Done!
total time: 10572.646560 ms, avg latency: 1057.264656 ns
not implemented
6592.982436,79.225293,1057.264656
[PASSED]
[time 24.87 s, user 23.33 s, sys 1.43 s, maxrss 1612404 KB]
[busy 2552 jiffies]
[exit 0]
--- c2 case 5 rec 1   load 0.96 1.01 1.03
[TEST MARISA]
Processing dataset...
Done!
Building trie...
Done!
build time: 7720.058597 ms (772.005860 ns per key)
space cost: 58.000221 MB (28.999642% of original size 200.003232 MB)
Querying trie...
Done!
total time: 14154.105125 ms, avg latency: 1415.410513 ns
not implemented
7720.058597,58.000221,1415.410513
[PASSED]
[time 29.59 s, user 27.96 s, sys 1.50 s, maxrss 1612168 KB]
[busy 3033 jiffies]
[exit 0]
--- c2 case 5 rec 2   load 0.98 1.00 1.03
[TEST MARISA]
Processing dataset...
Done!
Building trie...
Done!
build time: 7906.961501 ms (790.696150 ns per key)
space cost: 54.499722 MB (27.249420% of original size 200.003232 MB)
Querying trie...
Done!
total time: 15130.797189 ms, avg latency: 1513.079719 ns
not implemented
7906.961501,54.499722,1513.079719
[PASSED]
[time 30.81 s, user 29.19 s, sys 1.49 s, maxrss 1612188 KB]
[busy 3163 jiffies]
[exit 0]
--- c2 case 6 rec 0   load 0.99 1.00 1.02
[TEST PDT]
Processing dataset...
Done!
Building trie...
dict size: 157532, stream size: 58361417
Done!
build time: 26338.368725 ms (2633.836873 ns per key)
space cost: 68.573545 MB (34.286219% of original size 200.003232 MB)
Querying trie...
Done!
total time: 10675.674858 ms, avg latency: 1067.567486 ns
not implemented
26338.368725,68.573545,1067.567486
[PASSED]
[time 44.84 s, user 43.15 s, sys 1.50 s, maxrss 1316856 KB]
[busy 4583 jiffies]
[exit 0]
--- c2 case 7 rec 0   load 1.00 1.00 1.02
[TEST ART]
Processing dataset...
Done!
Building trie...
Done!
build time: 1993.086704 ms (199.308670 ns per key)
space cost: 339.123360 MB (169.558940% of original size 200.003232 MB)
Querying trie...
Done!
total time: 6435.118122 ms, avg latency: 643.511812 ns
not implemented
1993.086704,339.123360,643.511812
[PASSED]
[time 16.35 s, user 15.13 s, sys 1.15 s, maxrss 1739332 KB]
[busy 1679 jiffies]
[exit 0]
--- c2 case 8 rec 0   load 1.00 1.00 1.02
[TEST CART]
Processing dataset...
Done!
Building trie...
Done!
build time: 2595.067920 ms (259.506792 ns per key)
space cost: 157.938812 MB (78.968130% of original size 200.003232 MB)
Querying trie...
Done!
total time: 7454.448037 ms, avg latency: 745.444804 ns
not implemented
2595.067920,157.938812,745.444804
[PASSED]
[time 17.94 s, user 16.71 s, sys 1.15 s, maxrss 1617964 KB]
[busy 1837 jiffies]
[exit 0]
--- xcdat 7   load 1.00 1.00 1.02
build time: 7423.220724 ms
space cost: 112.423756 MiB (56.210969% of original size 200.003232 MiB)
avg latency: 701.800771 ns
7423.220724,112.423756,701.800771
[time 22.30 s, user 20.74 s, sys 1.46 s, maxrss 1457016 KB]
[busy 2283 jiffies]
[exit 0]
--- xcdat 8   load 1.07 1.02 1.02
build time: 7094.915647 ms
space cost: 108.349843 MiB (54.174046% of original size 200.003232 MiB)
avg latency: 714.954404 ns
7094.915647,108.349843,714.954404
[time 22.25 s, user 20.63 s, sys 1.52 s, maxrss 1452048 KB]
[busy 2370 jiffies]
[exit 0]
--- xcdat 15   load 1.05 1.01 1.02
build time: 8612.584287 ms
space cost: 133.023680 MiB (66.510765% of original size 200.003232 MiB)
avg latency: 590.953643 ns
8612.584287,133.023680,590.953643
[time 23.14 s, user 21.45 s, sys 1.58 s, maxrss 1503492 KB]
[busy 3332 jiffies]
[exit 0]
--- xcdat 16   load 1.16 1.04 1.03
build time: 7132.644000 ms
space cost: 139.139603 MiB (69.568677% of original size 200.003232 MiB)
avg latency: 632.265678 ns
7132.644000,139.139603,632.265678
[time 21.69 s, user 19.98 s, sys 1.61 s, maxrss 1508068 KB]
[busy 2312 jiffies]
[exit 0]

##### urls-10000000 (10000000 lines, 533677969 bytes)   round 3/3   2026-09-19T16:26:58+03:00
--- lexindex dict32   load 1.16 1.06 1.03
10000000 keys
lexindex DictIndex block 32: build 2539 ms, size 68.900 MiB (7.225 B/key), latency cold 792.3 ns, then mean 790.4 / min 789.3 ns
2538.771,68.900438,792.297
[time 41.29 s, user 57.12 s, sys 1.74 s, maxrss 2303328 KB]
[busy 6031 jiffies]
[exit 0]
--- lexindex dict256   load 1.08 1.05 1.03
10000000 keys
lexindex DictIndex block 256: build 2429 ms, size 55.922 MiB (5.864 B/key), latency cold 753.7 ns, then mean 751.4 / min 750.2 ns
2428.638,55.922069,753.732
[time 39.70 s, user 56.41 s, sys 1.84 s, maxrss 2273848 KB]
[busy 5973 jiffies]
[exit 0]
--- lexindex dict1024   load 1.72 1.25 1.10
10000000 keys
lexindex DictIndex block 1024: build 2512 ms, size 53.339 MiB (5.593 B/key), latency cold 763.6 ns, then mean 762.8 / min 761.9 ns
2511.809,53.338564,763.561
[time 40.18 s, user 56.17 s, sys 1.76 s, maxrss 2265548 KB]
[busy 5941 jiffies]
[exit 0]
--- lexindex string   load 1.26 1.20 1.08
10000000 keys
lexindex StringIndex: build 9325 ms, size 124.922 MiB (13.099 B/key), latency cold 949.6 ns, then mean 956.3 / min 955.0 ns
9324.864,124.921756,949.622
[time 54.54 s, user 53.19 s, sys 1.12 s, maxrss 2136780 KB]
[busy 5600 jiffies]
[exit 0]
--- c2 case 0 rec 0   load 1.10 1.16 1.08
[TEST C2-FST]
Processing dataset...
Done!
Building trie...
Done!
build time: 12125.953404 ms (1212.595340 ns per key)
space cost: 89.769738 MB (17.974862% of original size 499.418229 MB)
Querying trie...
Done!
total time: 15774.673180 ms, avg latency: 1577.467318 ns
topology: 11.665031 MB, link: 21.507524 MB, data: 56.597183 MB
--- Unary Path Analysis (FST, cutoff=4) ---
  shared unary steps in main trie: 10222647
  terminal suffixes: inplace=1703226 (avg len=2.16)  links=6715973 (79.8% of terminal)
  link len: avg=10.80  max=659  total_chars=72556931
  link length distribution (len:count):  4:696901  5:673915  6:668087  7:559938  8:460143  9:408987  10:371411  11:317336  12:286791  13:230146  14:219886  15:194657  16:260212  17:141485  18:132694  19:152516  20:142603  21:91996  22:80093  23:71031  24:65911  25:55655  26:49759  27:43541  28:39655  29:33371  30:31744  31:26630  32:22544  33:19836  34:17416  35:15244  36:14777  37:12475  38:10684  39:9704  40:8252  41:7414  42:7187  43:6077  44:4975  45:4415  46:4008  47:3641  48:3548  49:3129  50:2543  51:2408  52:2048  53:1756  54:1822  55:1758  56:1478  57:1179  58:1174  59:1028  60:1021  61:1008  62:800  63:782  64:703  65:577  66:564  67:679  68:553  69:459  70:394  71:348  72:410  73:498  74:336  75:309  76:287  77:230  78:220  79:262  80:269  81:251  82:214  83:163  84:154  85:231  86:178  87:132  88:144  89:127  90:127  91:212  92:153  93:106  94:107  95:76  96:81  97:157  98:106  99:86  100:109  101:82  102:64  103:107  104:90  105:70  106:58  107:55  108:63  109:130  110:83  111:45  112:41  113:46  114:39  115:60  116:60  117:41  118:52  119:37  120:39  121:51  122:48  123:30  124:24  125:39  126:42  127:48  128:44  129:34  130:23  131:19  132:20  133:26  134:27  135:27  136:16  137:30  138:27  139:16  140:24  141:15  142:13  143:23  144:25  145:30  146:25  147:14  148:7  149:15  150:16  151:9  152:19  153:25  154:20  155:19  156:17  157:10  158:12  159:18  160:5  161:5  162:9  163:10  164:14  165:17  166:11  167:8  168:6  169:2  170:5  171:9  172:11  173:14  174:10  175:6  176:8  177:8  178:8  179:7  180:8  181:5  182:7  183:9  184:6  185:5  186:4  187:6  188:7  189:12  190:7  191:5  192:3  193:7  194:3  195:5  196:2  197:4  198:3  199:6  200:8  201:7  202:9  204:4  205:5  206:5  207:1  208:12  209:3  210:7  211:2  212:2  213:2  214:4  215:2  216:4  217:3  218:6  219:4  220:3  221:3  222:2  223:4  224:2  225:3  226:3  227:3  228:3  229:1  231:4  232:1  233:1  234:2  235:2  236:4  237:4  238:2  239:1  240:1  241:1  242:1  243:5  245:2  246:2  247:2  249:1  250:1  251:1  252:3  254:3  255:6  256:2  257:2  259:1  260:1  261:4  262:3  263:1  264:1  265:1  268:4  270:1  271:1  272:1  273:1  274:1  276:2  280:1  285:1  286:1  287:1  293:1  294:1  300:1  303:1  304:2  305:2  307:1  310:1  318:1  322:1  327:1  328:2  329:3  330:1  333:1  336:1  340:2  347:1  348:1  350:2  352:1  355:1  367:1  379:1  386:1  391:1  419:1  442:1  446:3  449:1  596:1  649:1  660:1
12125.953404,89.769738,1577.467318
[PASSED]
[time 37.91 s, user 35.88 s, sys 1.87 s, maxrss 2073464 KB]
[busy 3898 jiffies]
[exit 0]
--- c2 case 0 rec 1   load 1.02 1.14 1.07
[TEST C2-FST]
Processing dataset...
Done!
Building trie...
trie size: 23.143724 MB
Done!
build time: 14075.170152 ms (1407.517015 ns per key)
space cost: 78.247462 MB (15.667723% of original size 499.418229 MB)
Querying trie...
Done!
total time: 18505.976441 ms, avg latency: 1850.597644 ns
topology: 13.508587 MB, link: 21.314508 MB, data: 43.424367 MB
--- Unary Path Analysis (FST, cutoff=4) ---
  shared unary steps in main trie: 10222647
  terminal suffixes: inplace=1703226 (avg len=2.16)  links=6715973 (79.8% of terminal)
  link len: avg=10.80  max=659  total_chars=72556931
  link length distribution (len:count):  4:696901  5:673915  6:668087  7:559938  8:460143  9:408987  10:371411  11:317336  12:286791  13:230146  14:219886  15:194657  16:260212  17:141485  18:132694  19:152516  20:142603  21:91996  22:80093  23:71031  24:65911  25:55655  26:49759  27:43541  28:39655  29:33371  30:31744  31:26630  32:22544  33:19836  34:17416  35:15244  36:14777  37:12475  38:10684  39:9704  40:8252  41:7414  42:7187  43:6077  44:4975  45:4415  46:4008  47:3641  48:3548  49:3129  50:2543  51:2408  52:2048  53:1756  54:1822  55:1758  56:1478  57:1179  58:1174  59:1028  60:1021  61:1008  62:800  63:782  64:703  65:577  66:564  67:679  68:553  69:459  70:394  71:348  72:410  73:498  74:336  75:309  76:287  77:230  78:220  79:262  80:269  81:251  82:214  83:163  84:154  85:231  86:178  87:132  88:144  89:127  90:127  91:212  92:153  93:106  94:107  95:76  96:81  97:157  98:106  99:86  100:109  101:82  102:64  103:107  104:90  105:70  106:58  107:55  108:63  109:130  110:83  111:45  112:41  113:46  114:39  115:60  116:60  117:41  118:52  119:37  120:39  121:51  122:48  123:30  124:24  125:39  126:42  127:48  128:44  129:34  130:23  131:19  132:20  133:26  134:27  135:27  136:16  137:30  138:27  139:16  140:24  141:15  142:13  143:23  144:25  145:30  146:25  147:14  148:7  149:15  150:16  151:9  152:19  153:25  154:20  155:19  156:17  157:10  158:12  159:18  160:5  161:5  162:9  163:10  164:14  165:17  166:11  167:8  168:6  169:2  170:5  171:9  172:11  173:14  174:10  175:6  176:8  177:8  178:8  179:7  180:8  181:5  182:7  183:9  184:6  185:5  186:4  187:6  188:7  189:12  190:7  191:5  192:3  193:7  194:3  195:5  196:2  197:4  198:3  199:6  200:8  201:7  202:9  204:4  205:5  206:5  207:1  208:12  209:3  210:7  211:2  212:2  213:2  214:4  215:2  216:4  217:3  218:6  219:4  220:3  221:3  222:2  223:4  224:2  225:3  226:3  227:3  228:3  229:1  231:4  232:1  233:1  234:2  235:2  236:4  237:4  238:2  239:1  240:1  241:1  242:1  243:5  245:2  246:2  247:2  249:1  250:1  251:1  252:3  254:3  255:6  256:2  257:2  259:1  260:1  261:4  262:3  263:1  264:1  265:1  268:4  270:1  271:1  272:1  273:1  274:1  276:2  280:1  285:1  286:1  287:1  293:1  294:1  300:1  303:1  304:2  305:2  307:1  310:1  318:1  322:1  327:1  328:2  329:3  330:1  333:1  336:1  340:2  347:1  348:1  350:2  352:1  355:1  367:1  379:1  386:1  391:1  419:1  442:1  446:3  449:1  596:1  649:1  660:1
14075.170152,78.247462,1850.597644
[PASSED]
[time 42.63 s, user 40.63 s, sys 1.82 s, maxrss 2062416 KB]
[busy 4369 jiffies]
[exit 0]
--- c2 case 0 rec 2   load 1.01 1.12 1.07
[TEST C2-FST]
Processing dataset...
Done!
Building trie...
trie size: 23.143724 MB
trie size: 3.515203 MB
Done!
build time: 14684.878592 ms (1468.487859 ns per key)
space cost: 78.247462 MB (15.667723% of original size 499.418229 MB)
Querying trie...
Done!
total time: 18550.868839 ms, avg latency: 1855.086884 ns
topology: 13.508587 MB, link: 21.314508 MB, data: 43.424367 MB
--- Unary Path Analysis (FST, cutoff=4) ---
  shared unary steps in main trie: 10222647
  terminal suffixes: inplace=1703226 (avg len=2.16)  links=6715973 (79.8% of terminal)
  link len: avg=10.80  max=659  total_chars=72556931
  link length distribution (len:count):  4:696901  5:673915  6:668087  7:559938  8:460143  9:408987  10:371411  11:317336  12:286791  13:230146  14:219886  15:194657  16:260212  17:141485  18:132694  19:152516  20:142603  21:91996  22:80093  23:71031  24:65911  25:55655  26:49759  27:43541  28:39655  29:33371  30:31744  31:26630  32:22544  33:19836  34:17416  35:15244  36:14777  37:12475  38:10684  39:9704  40:8252  41:7414  42:7187  43:6077  44:4975  45:4415  46:4008  47:3641  48:3548  49:3129  50:2543  51:2408  52:2048  53:1756  54:1822  55:1758  56:1478  57:1179  58:1174  59:1028  60:1021  61:1008  62:800  63:782  64:703  65:577  66:564  67:679  68:553  69:459  70:394  71:348  72:410  73:498  74:336  75:309  76:287  77:230  78:220  79:262  80:269  81:251  82:214  83:163  84:154  85:231  86:178  87:132  88:144  89:127  90:127  91:212  92:153  93:106  94:107  95:76  96:81  97:157  98:106  99:86  100:109  101:82  102:64  103:107  104:90  105:70  106:58  107:55  108:63  109:130  110:83  111:45  112:41  113:46  114:39  115:60  116:60  117:41  118:52  119:37  120:39  121:51  122:48  123:30  124:24  125:39  126:42  127:48  128:44  129:34  130:23  131:19  132:20  133:26  134:27  135:27  136:16  137:30  138:27  139:16  140:24  141:15  142:13  143:23  144:25  145:30  146:25  147:14  148:7  149:15  150:16  151:9  152:19  153:25  154:20  155:19  156:17  157:10  158:12  159:18  160:5  161:5  162:9  163:10  164:14  165:17  166:11  167:8  168:6  169:2  170:5  171:9  172:11  173:14  174:10  175:6  176:8  177:8  178:8  179:7  180:8  181:5  182:7  183:9  184:6  185:5  186:4  187:6  188:7  189:12  190:7  191:5  192:3  193:7  194:3  195:5  196:2  197:4  198:3  199:6  200:8  201:7  202:9  204:4  205:5  206:5  207:1  208:12  209:3  210:7  211:2  212:2  213:2  214:4  215:2  216:4  217:3  218:6  219:4  220:3  221:3  222:2  223:4  224:2  225:3  226:3  227:3  228:3  229:1  231:4  232:1  233:1  234:2  235:2  236:4  237:4  238:2  239:1  240:1  241:1  242:1  243:5  245:2  246:2  247:2  249:1  250:1  251:1  252:3  254:3  255:6  256:2  257:2  259:1  260:1  261:4  262:3  263:1  264:1  265:1  268:4  270:1  271:1  272:1  273:1  274:1  276:2  280:1  285:1  286:1  287:1  293:1  294:1  300:1  303:1  304:2  305:2  307:1  310:1  318:1  322:1  327:1  328:2  329:3  330:1  333:1  336:1  340:2  347:1  348:1  350:2  352:1  355:1  367:1  379:1  386:1  391:1  419:1  442:1  446:3  449:1  596:1  649:1  660:1
14684.878592,78.247462,1855.086884
[PASSED]
[time 43.26 s, user 41.29 s, sys 1.79 s, maxrss 2062080 KB]
[busy 4453 jiffies]
[exit 0]
--- c2 case 1 rec 0   load 1.00 1.10 1.07
[TEST C2-CoCo(LOUDS-Sparse)]
Processing dataset...
Done!
Building trie...
Done!
build time: 28891.134897 ms (2889.113490 ns per key)
space cost: 94.593055 MB (18.940649% of original size 499.418229 MB)
Querying trie...
Done!
total time: 15879.740429 ms, avg latency: 1587.974043 ns
topology: 4.283638 MB, link: 32.108927 MB, data: 58.200490 MB
28891.134897,94.593055,1587.974043
[PASSED]
[time 54.81 s, user 51.81 s, sys 2.78 s, maxrss 3698624 KB]
[busy 5609 jiffies]
[exit 0]
--- c2 case 1 rec 1   load 1.00 1.08 1.06
[TEST C2-CoCo(LOUDS-Sparse)]
Processing dataset...
Done!
Building trie...
trie size: 23.143724 MB
Done!
build time: 30854.417182 ms (3085.441718 ns per key)
space cost: 83.070779 MB (16.633510% of original size 499.418229 MB)
Querying trie...
Done!
total time: 18478.880052 ms, avg latency: 1847.888005 ns
topology: 6.127193 MB, link: 31.915912 MB, data: 45.027674 MB
30854.417182,83.070779,1847.888005
[PASSED]
[time 59.28 s, user 56.28 s, sys 2.75 s, maxrss 3571776 KB]
[busy 6070 jiffies]
[exit 0]
--- c2 case 1 rec 2   load 1.05 1.08 1.06
[TEST C2-CoCo(LOUDS-Sparse)]
Processing dataset...
Done!
Building trie...
trie size: 23.143724 MB
trie size: 3.515203 MB
Done!
build time: 31427.950209 ms (3142.795021 ns per key)
space cost: 83.070779 MB (16.633510% of original size 499.418229 MB)
Querying trie...
Done!
total time: 18629.098917 ms, avg latency: 1862.909892 ns
topology: 6.127193 MB, link: 31.915912 MB, data: 45.027674 MB
31427.950209,83.070779,1862.909892
[PASSED]
[time 60.02 s, user 57.10 s, sys 2.68 s, maxrss 3592924 KB]
[busy 6149 jiffies]
[exit 0]
--- c2 case 2 rec 0   load 0.93 1.04 1.05
[TEST C2-MARISA]
Processing dataset...
Done!
Building trie...
trie size: 23.210503 MB
Done!
build time: 11990.142204 ms (1199.014220 ns per key)
space cost: 79.565398 MB (15.931617% of original size 499.418229 MB)
Querying trie...
Done!
total time: 8966.807853 ms, avg latency: 896.680785 ns
topology: 7.658741 MB, link: 28.820719 MB, data: 42.757813 MB
--- Unary Path Analysis (Marisa, cutoff=3) ---
  branches: 15006864  |  single-char: 4344202 (28.9%)  short-unary: 992777 (6.6%)  links: 9669885 (64.4%)
  link len: avg=10.53  max=661  total_chars=101846674
  link length distribution (len:count):  3:979135  4:1063854  5:889005  6:816748  7:783836  8:655792  9:527524  10:470175  11:410531  12:348158  13:310501  14:249595  15:236303  16:208521  17:272348  18:152006  19:142197  20:160137  21:150517  22:97740  23:85053  24:75097  25:69397  26:58698  27:52492  28:46035  29:41825  30:35181  31:33558  32:28138  33:24094  34:21147  35:18522  36:16174  37:15646  38:13222  39:11318  40:10241  41:8684  42:7727  43:7580  44:6353  45:5175  46:4565  47:4156  48:3773  49:3667  50:3232  51:2627  52:2472  53:2112  54:1827  55:1870  56:1795  57:1516  58:1219  59:1198  60:1058  61:1063  62:1033  63:824  64:809  65:724  66:596  67:588  68:699  69:566  70:477  71:404  72:358  73:423  74:508  75:343  76:316  77:296  78:242  79:228  80:271  81:278  82:260  83:218  84:168  85:161  86:237  87:180  88:132  89:149  90:129  91:130  92:217  93:157  94:107  95:107  96:78  97:83  98:157  99:108  100:88  101:113  102:83  103:68  104:108  105:90  106:73  107:60  108:55  109:66  110:134  111:84  112:45  113:42  114:46  115:41  116:61  117:60  118:41  119:55  120:38  121:39  122:51  123:48  124:32  125:24  126:41  127:42  128:50  129:45  130:34  131:23  132:21  133:21  134:26  135:27  136:27  137:16  138:30  139:28  140:17  141:24  142:16  143:13  144:23  145:25  146:30  147:25  148:14  149:7  150:15  151:16  152:9  153:20  154:26  155:21  156:19  157:17  158:10  159:13  160:18  161:5  162:5  163:10  164:10  165:15  166:17  167:11  168:8  169:6  170:2  171:5  172:9  173:11  174:14  175:10  176:6  177:8  178:9  179:8  180:7  181:8  182:5  183:7  184:9  185:7  186:5  187:4  188:6  189:7  190:12  191:7  192:5  193:3  194:7  195:3  196:5  197:2  198:4  199:3  200:7  201:8  202:7  203:9  205:4  206:5  207:5  208:2  209:13  210:3  211:8  212:2  213:2  214:2  215:4  216:2  217:4  218:3  219:6  220:5  221:4  222:3  223:2  224:4  225:2  226:3  227:3  228:3  229:3  230:1  232:4  233:1  234:1  235:2  236:2  237:4  238:5  239:2  240:1  241:1  242:2  243:1  244:5  246:2  247:2  248:2  250:1  251:1  252:1  253:3  255:3  256:6  257:2  258:2  260:1  261:1  262:4  263:3  264:1  265:1  266:1  269:4  271:1  272:1  273:1  274:1  275:1  277:2  281:1  286:1  287:1  288:1  294:1  295:1  301:1  304:1  305:2  306:2  308:1  309:1  311:1  319:1  323:1  328:1  329:2  330:3  331:1  334:1  337:1  341:2  348:1  349:1  351:2  353:1  356:1  368:1  380:1  387:1  392:1  420:1  443:1  447:3  450:1  597:1  650:1  661:1
  short unary avg len: 2.00
11990.142204,79.565398,896.680785
[PASSED]
[time 31.01 s, user 28.85 s, sys 2.02 s, maxrss 2063584 KB]
[busy 3179 jiffies]
[exit 0]
--- c2 case 2 rec 1   load 1.01 1.06 1.05
[TEST C2-MARISA]
Processing dataset...
Done!
Building trie...
trie size: 23.210503 MB
trie size: 33.431739 MB
Done!
build time: 14287.011974 ms (1428.701197 ns per key)
space cost: 66.026621 MB (13.220707% of original size 499.418229 MB)
Querying trie...
Done!
total time: 11968.104724 ms, avg latency: 1196.810472 ns
topology: 9.965065 MB, link: 29.247737 MB, data: 26.485694 MB
--- Unary Path Analysis (Marisa, cutoff=3) ---
  branches: 15006864  |  single-char: 4344202 (28.9%)  short-unary: 992777 (6.6%)  links: 9669885 (64.4%)
  link len: avg=10.53  max=661  total_chars=101846674
  link length distribution (len:count):  3:979135  4:1063854  5:889005  6:816748  7:783836  8:655792  9:527524  10:470175  11:410531  12:348158  13:310501  14:249595  15:236303  16:208521  17:272348  18:152006  19:142197  20:160137  21:150517  22:97740  23:85053  24:75097  25:69397  26:58698  27:52492  28:46035  29:41825  30:35181  31:33558  32:28138  33:24094  34:21147  35:18522  36:16174  37:15646  38:13222  39:11318  40:10241  41:8684  42:7727  43:7580  44:6353  45:5175  46:4565  47:4156  48:3773  49:3667  50:3232  51:2627  52:2472  53:2112  54:1827  55:1870  56:1795  57:1516  58:1219  59:1198  60:1058  61:1063  62:1033  63:824  64:809  65:724  66:596  67:588  68:699  69:566  70:477  71:404  72:358  73:423  74:508  75:343  76:316  77:296  78:242  79:228  80:271  81:278  82:260  83:218  84:168  85:161  86:237  87:180  88:132  89:149  90:129  91:130  92:217  93:157  94:107  95:107  96:78  97:83  98:157  99:108  100:88  101:113  102:83  103:68  104:108  105:90  106:73  107:60  108:55  109:66  110:134  111:84  112:45  113:42  114:46  115:41  116:61  117:60  118:41  119:55  120:38  121:39  122:51  123:48  124:32  125:24  126:41  127:42  128:50  129:45  130:34  131:23  132:21  133:21  134:26  135:27  136:27  137:16  138:30  139:28  140:17  141:24  142:16  143:13  144:23  145:25  146:30  147:25  148:14  149:7  150:15  151:16  152:9  153:20  154:26  155:21  156:19  157:17  158:10  159:13  160:18  161:5  162:5  163:10  164:10  165:15  166:17  167:11  168:8  169:6  170:2  171:5  172:9  173:11  174:14  175:10  176:6  177:8  178:9  179:8  180:7  181:8  182:5  183:7  184:9  185:7  186:5  187:4  188:6  189:7  190:12  191:7  192:5  193:3  194:7  195:3  196:5  197:2  198:4  199:3  200:7  201:8  202:7  203:9  205:4  206:5  207:5  208:2  209:13  210:3  211:8  212:2  213:2  214:2  215:4  216:2  217:4  218:3  219:6  220:5  221:4  222:3  223:2  224:4  225:2  226:3  227:3  228:3  229:3  230:1  232:4  233:1  234:1  235:2  236:2  237:4  238:5  239:2  240:1  241:1  242:2  243:1  244:5  246:2  247:2  248:2  250:1  251:1  252:1  253:3  255:3  256:6  257:2  258:2  260:1  261:1  262:4  263:3  264:1  265:1  266:1  269:4  271:1  272:1  273:1  274:1  275:1  277:2  281:1  286:1  287:1  288:1  294:1  295:1  301:1  304:1  305:2  306:2  308:1  309:1  311:1  319:1  323:1  328:1  329:2  330:3  331:1  334:1  337:1  341:2  348:1  349:1  351:2  353:1  356:1  368:1  380:1  387:1  392:1  420:1  443:1  447:3  450:1  597:1  650:1  661:1
  short unary avg len: 2.00
14287.011974,66.026621,1196.810472
[PASSED]
[time 36.22 s, user 34.02 s, sys 2.04 s, maxrss 2049964 KB]
[busy 3719 jiffies]
[exit 0]
--- c2 case 2 rec 2   load 1.07 1.06 1.05
[TEST C2-MARISA]
Processing dataset...
Done!
Building trie...
trie size: 23.210503 MB
trie size: 33.431739 MB
trie size: 4.248938 MB
Done!
build time: 14959.165405 ms (1495.916541 ns per key)
space cost: 66.026621 MB (13.220707% of original size 499.418229 MB)
Querying trie...
Done!
total time: 11922.340148 ms, avg latency: 1192.234015 ns
topology: 9.965065 MB, link: 29.247737 MB, data: 26.485694 MB
--- Unary Path Analysis (Marisa, cutoff=3) ---
  branches: 15006864  |  single-char: 4344202 (28.9%)  short-unary: 992777 (6.6%)  links: 9669885 (64.4%)
  link len: avg=10.53  max=661  total_chars=101846674
  link length distribution (len:count):  3:979135  4:1063854  5:889005  6:816748  7:783836  8:655792  9:527524  10:470175  11:410531  12:348158  13:310501  14:249595  15:236303  16:208521  17:272348  18:152006  19:142197  20:160137  21:150517  22:97740  23:85053  24:75097  25:69397  26:58698  27:52492  28:46035  29:41825  30:35181  31:33558  32:28138  33:24094  34:21147  35:18522  36:16174  37:15646  38:13222  39:11318  40:10241  41:8684  42:7727  43:7580  44:6353  45:5175  46:4565  47:4156  48:3773  49:3667  50:3232  51:2627  52:2472  53:2112  54:1827  55:1870  56:1795  57:1516  58:1219  59:1198  60:1058  61:1063  62:1033  63:824  64:809  65:724  66:596  67:588  68:699  69:566  70:477  71:404  72:358  73:423  74:508  75:343  76:316  77:296  78:242  79:228  80:271  81:278  82:260  83:218  84:168  85:161  86:237  87:180  88:132  89:149  90:129  91:130  92:217  93:157  94:107  95:107  96:78  97:83  98:157  99:108  100:88  101:113  102:83  103:68  104:108  105:90  106:73  107:60  108:55  109:66  110:134  111:84  112:45  113:42  114:46  115:41  116:61  117:60  118:41  119:55  120:38  121:39  122:51  123:48  124:32  125:24  126:41  127:42  128:50  129:45  130:34  131:23  132:21  133:21  134:26  135:27  136:27  137:16  138:30  139:28  140:17  141:24  142:16  143:13  144:23  145:25  146:30  147:25  148:14  149:7  150:15  151:16  152:9  153:20  154:26  155:21  156:19  157:17  158:10  159:13  160:18  161:5  162:5  163:10  164:10  165:15  166:17  167:11  168:8  169:6  170:2  171:5  172:9  173:11  174:14  175:10  176:6  177:8  178:9  179:8  180:7  181:8  182:5  183:7  184:9  185:7  186:5  187:4  188:6  189:7  190:12  191:7  192:5  193:3  194:7  195:3  196:5  197:2  198:4  199:3  200:7  201:8  202:7  203:9  205:4  206:5  207:5  208:2  209:13  210:3  211:8  212:2  213:2  214:2  215:4  216:2  217:4  218:3  219:6  220:5  221:4  222:3  223:2  224:4  225:2  226:3  227:3  228:3  229:3  230:1  232:4  233:1  234:1  235:2  236:2  237:4  238:5  239:2  240:1  241:1  242:2  243:1  244:5  246:2  247:2  248:2  250:1  251:1  252:1  253:3  255:3  256:6  257:2  258:2  260:1  261:1  262:4  263:3  264:1  265:1  266:1  269:4  271:1  272:1  273:1  274:1  275:1  277:2  281:1  286:1  287:1  288:1  294:1  295:1  301:1  304:1  305:2  306:2  308:1  309:1  311:1  319:1  323:1  328:1  329:2  330:3  331:1  334:1  337:1  341:2  348:1  349:1  351:2  353:1  356:1  368:1  380:1  387:1  392:1  420:1  443:1  447:3  450:1  597:1  650:1  661:1
  short unary avg len: 2.00
14959.165405,66.026621,1192.234015
[PASSED]
[time 36.90 s, user 34.82 s, sys 1.93 s, maxrss 2049868 KB]
[busy 3777 jiffies]
[exit 0]
--- c2 case 3 rec 0   load 1.03 1.05 1.05
[TEST FST]
Processing dataset...
Done!
Building trie...
Done!
build time: 15776.420894 ms (1577.642089 ns per key)
space cost: 90.985074 MB (18.218212% of original size 499.418229 MB)
Querying trie...
Done!
total time: 19932.514485 ms, avg latency: 1993.251448 ns
not implemented
15776.420894,90.985074,1993.251448
[PASSED]
[time 45.70 s, user 44.09 s, sys 1.43 s, maxrss 2073652 KB]
[busy 4690 jiffies]
[exit 0]
--- c2 case 4 rec 0   skipped: exit 134 in round 1
--- c2 case 5 rec 0   load 1.01 1.05 1.05
[TEST MARISA]
Processing dataset...
Done!
Building trie...
Done!
build time: 10620.033404 ms (1062.003340 ns per key)
space cost: 82.540893 MB (16.527409% of original size 499.418229 MB)
Querying trie...
Done!
total time: 11100.193556 ms, avg latency: 1110.019356 ns
not implemented
10620.033404,82.540893,1110.019356
[PASSED]
[time 31.43 s, user 29.50 s, sys 1.80 s, maxrss 2342356 KB]
[busy 3233 jiffies]
[exit 0]
--- c2 case 5 rec 1   load 1.01 1.04 1.04
[TEST MARISA]
Processing dataset...
Done!
Building trie...
Done!
build time: 11790.307656 ms (1179.030766 ns per key)
space cost: 59.449470 MB (11.903744% of original size 499.418229 MB)
Querying trie...
Done!
total time: 15447.582407 ms, avg latency: 1544.758241 ns
not implemented
11790.307656,59.449470,1544.758241
[PASSED]
[time 36.98 s, user 34.96 s, sys 1.86 s, maxrss 2342492 KB]
[busy 3802 jiffies]
[exit 0]
--- c2 case 5 rec 2   load 1.00 1.03 1.04
[TEST MARISA]
Processing dataset...
Done!
Building trie...
Done!
build time: 11943.004858 ms (1194.300486 ns per key)
space cost: 55.623455 MB (11.137650% of original size 499.418229 MB)
Querying trie...
Done!
total time: 16155.635123 ms, avg latency: 1615.563512 ns
not implemented
11943.004858,55.623455,1615.563512
[PASSED]
[time 37.75 s, user 35.78 s, sys 1.81 s, maxrss 2342140 KB]
[busy 3865 jiffies]
[exit 0]
--- c2 case 6 rec 0   load 1.00 1.03 1.04
[TEST PDT]
Processing dataset...
Done!
Building trie...
dict size: 156234, stream size: 59837983
Done!
build time: 28142.245029 ms (2814.224503 ns per key)
space cost: 69.980471 MB (14.012398% of original size 499.418229 MB)
Querying trie...
Done!
total time: 11823.251656 ms, avg latency: 1182.325166 ns
not implemented
28142.245029,69.980471,1182.325166
[PASSED]
[time 49.99 s, user 47.86 s, sys 1.93 s, maxrss 2053600 KB]
[busy 5110 jiffies]
[exit 0]
--- c2 case 7 rec 0   load 1.00 1.02 1.03
[TEST ART]
Processing dataset...
Done!
Building trie...
Done!
build time: 3615.288575 ms (361.528858 ns per key)
space cost: 341.430801 MB (68.365707% of original size 499.418229 MB)
Querying trie...
Done!
total time: 8773.482309 ms, avg latency: 877.348231 ns
not implemented
3615.288575,341.430801,877.348231
[PASSED]
[time 22.55 s, user 20.71 s, sys 1.74 s, maxrss 2884980 KB]
[busy 2307 jiffies]
[exit 0]
--- c2 case 8 rec 0   load 1.00 1.02 1.03
[TEST CART]
Processing dataset...
Done!
Building trie...
Done!
build time: 4288.841649 ms (428.884165 ns per key)
space cost: 160.654354 MB (32.168300% of original size 499.418229 MB)
Querying trie...
Done!
total time: 9929.906670 ms, avg latency: 992.990667 ns
not implemented
4288.841649,160.654354,992.990667
[PASSED]
[time 24.33 s, user 22.51 s, sys 1.71 s, maxrss 2766272 KB]
[busy 2500 jiffies]
[exit 0]
--- xcdat 7   load 1.00 1.02 1.03
build time: 12687.598825 ms
space cost: 117.959981 MiB (23.619478% of original size 499.418229 MiB)
avg latency: 887.535263 ns
12687.598825,117.959981,887.535263
[time 31.48 s, user 29.46 s, sys 1.88 s, maxrss 2102012 KB]
[busy 3229 jiffies]
[exit 0]
--- xcdat 8   load 1.08 1.03 1.03
build time: 12318.257511 ms
space cost: 114.082344 MiB (22.843048% of original size 499.418229 MiB)
avg latency: 821.658932 ns
12318.257511,114.082344,821.658932
[time 30.47 s, user 28.47 s, sys 1.87 s, maxrss 2097956 KB]
[busy 3127 jiffies]
[exit 0]
--- xcdat 15   load 1.05 1.03 1.03
build time: 12636.259670 ms
space cost: 140.648740 MiB (28.162516% of original size 499.418229 MiB)
avg latency: 694.188970 ns
12636.259670,140.648740,694.188970
[time 29.50 s, user 27.42 s, sys 1.95 s, maxrss 2125108 KB]
[busy 3030 jiffies]
[exit 0]
--- xcdat 16   load 1.03 1.02 1.02
build time: 12342.545722 ms
space cost: 147.118110 MiB (29.457897% of original size 499.418229 MiB)
avg latency: 760.983183 ns
12342.545722,147.118110,760.983183
[time 29.88 s, user 27.85 s, sys 1.90 s, maxrss 2131896 KB]
[busy 3067 jiffies]
[exit 0]

##### uuid-10000000 (10000000 lines, 370000000 bytes)   round 3/3   2026-09-19T16:43:10+03:00
--- lexindex dict32   load 1.02 1.02 1.02
10000000 keys
lexindex DictIndex block 32: build 1660 ms, size 173.555 MiB (18.199 B/key), latency cold 766.2 ns, then mean 765.5 / min 765.3 ns
1659.785,173.554638,766.246
[time 38.49 s, user 46.95 s, sys 2.76 s, maxrss 1949492 KB]
[busy 5106 jiffies]
[exit 0]
--- lexindex dict256   load 1.01 1.02 1.02
10000000 keys
lexindex DictIndex block 256: build 1677 ms, size 167.685 MiB (17.583 B/key), latency cold 696.5 ns, then mean 698.4 / min 697.1 ns
1677.483,167.684836,696.547
[time 35.77 s, user 44.51 s, sys 2.73 s, maxrss 1943276 KB]
[busy 4842 jiffies]
[exit 0]
--- lexindex dict1024   load 0.92 1.00 1.01
10000000 keys
lexindex DictIndex block 1024: build 1659 ms, size 166.177 MiB (17.425 B/key), latency cold 728.6 ns, then mean 727.2 / min 726.9 ns
1658.596,166.176501,728.644
[time 36.92 s, user 45.49 s, sys 2.72 s, maxrss 1936852 KB]
[busy 4950 jiffies]
[exit 0]
--- lexindex string   load 1.59 1.19 1.07
10000000 keys
lexindex StringIndex: build 24381 ms, size 343.964 MiB (36.067 B/key), latency cold 699.2 ns, then mean 702.7 / min 696.6 ns
24381.169,343.963631,699.162
[time 58.57 s, user 57.20 s, sys 1.13 s, maxrss 1956248 KB]
[busy 5995 jiffies]
[exit 0]
--- c2 case 0 rec 0   load 1.21 1.15 1.07
[TEST C2-FST]
Processing dataset...
Done!
Building trie...
Done!
build time: 13945.108811 ms (1394.510881 ns per key)
space cost: 224.266170 MB (65.322256% of original size 343.322754 MB)
Querying trie...
Done!
total time: 7044.314472 ms, avg latency: 704.431447 ns
topology: 7.652824 MB, link: 34.870965 MB, data: 181.742380 MB
--- Unary Path Analysis (FST, cutoff=4) ---
  shared unary steps in main trie: 126967
  terminal suffixes: inplace=0 (avg len=0.00)  links=10000000 (100.0% of terminal)
  link len: avg=28.51  max=30  total_chars=285103126
  link length distribution (len:count):  23:4  24:94  25:1324  26:21561  28:340409  29:4123330  30:5512548  31:730
13945.108811,224.266170,704.431447
[PASSED]
[time 30.07 s, user 27.63 s, sys 2.31 s, maxrss 3090352 KB]
[busy 3076 jiffies]
[exit 0]
--- c2 case 0 rec 1   load 1.13 1.14 1.06
[TEST C2-FST]
Processing dataset...
Done!
Building trie...
trie size: 47.664446 MB
Done!
build time: 26030.492416 ms (2603.049242 ns per key)
space cost: 224.266170 MB (65.322256% of original size 343.322754 MB)
Querying trie...
Done!
total time: 7105.165214 ms, avg latency: 710.516521 ns
topology: 7.652824 MB, link: 34.870965 MB, data: 181.742380 MB
--- Unary Path Analysis (FST, cutoff=4) ---
  shared unary steps in main trie: 126967
  terminal suffixes: inplace=0 (avg len=0.00)  links=10000000 (100.0% of terminal)
  link len: avg=28.51  max=30  total_chars=285103126
  link length distribution (len:count):  23:4  24:94  25:1324  26:21561  28:340409  29:4123330  30:5512548  31:730
26030.492416,224.266170,710.516521
[PASSED]
[time 42.23 s, user 39.27 s, sys 2.78 s, maxrss 3559540 KB]
[busy 4327 jiffies]
[exit 0]
--- c2 case 0 rec 2   load 1.06 1.12 1.06
[TEST C2-FST]
Processing dataset...
Done!
Building trie...
trie size: 47.664446 MB
Done!
build time: 25940.647528 ms (2594.064753 ns per key)
space cost: 224.266170 MB (65.322256% of original size 343.322754 MB)
Querying trie...
Done!
total time: 7024.156764 ms, avg latency: 702.415676 ns
topology: 7.652824 MB, link: 34.870965 MB, data: 181.742380 MB
--- Unary Path Analysis (FST, cutoff=4) ---
  shared unary steps in main trie: 126967
  terminal suffixes: inplace=0 (avg len=0.00)  links=10000000 (100.0% of terminal)
  link len: avg=28.51  max=30  total_chars=285103126
  link length distribution (len:count):  23:4  24:94  25:1324  26:21561  28:340409  29:4123330  30:5512548  31:730
25940.647528,224.266170,702.415676
[PASSED]
[time 42.00 s, user 39.10 s, sys 2.72 s, maxrss 3559464 KB]
[busy 4304 jiffies]
[exit 0]
--- c2 case 1 rec 0   load 0.95 1.08 1.05
[TEST C2-CoCo(LOUDS-Sparse)]
Processing dataset...
Done!
Building trie...
Done!
build time: 17635.850083 ms (1763.585008 ns per key)
space cost: 212.803069 MB (61.983386% of original size 343.322754 MB)
Querying trie...
Done!
total time: 7196.979643 ms, avg latency: 719.697964 ns
topology: 3.395058 MB, link: 36.016802 MB, data: 173.391209 MB
17635.850083,212.803069,719.697964
[PASSED]
[time 33.94 s, user 30.76 s, sys 3.04 s, maxrss 4160480 KB]
[busy 3484 jiffies]
[exit 0]
--- c2 case 1 rec 1   load 0.89 1.05 1.04
[TEST C2-CoCo(LOUDS-Sparse)]
Processing dataset...
Done!
Building trie...
trie size: 47.664446 MB
Done!
build time: 29596.667850 ms (2959.666785 ns per key)
space cost: 212.803069 MB (61.983386% of original size 343.322754 MB)
Querying trie...
Done!
total time: 7390.072369 ms, avg latency: 739.007237 ns
topology: 3.395058 MB, link: 36.016802 MB, data: 173.391209 MB
29596.667850,212.803069,739.007237
[PASSED]
[time 46.07 s, user 42.43 s, sys 3.44 s, maxrss 4630108 KB]
[busy 4720 jiffies]
[exit 0]
--- c2 case 1 rec 2   load 0.95 1.05 1.04
[TEST C2-CoCo(LOUDS-Sparse)]
Processing dataset...
Done!
Building trie...
trie size: 47.664446 MB
Done!
build time: 29670.603928 ms (2967.060393 ns per key)
space cost: 212.803069 MB (61.983386% of original size 343.322754 MB)
Querying trie...
Done!
total time: 7172.794666 ms, avg latency: 717.279467 ns
topology: 3.395058 MB, link: 36.016802 MB, data: 173.391209 MB
29670.603928,212.803069,717.279467
[PASSED]
[time 45.88 s, user 42.25 s, sys 3.44 s, maxrss 4630012 KB]
[busy 4707 jiffies]
[exit 0]
--- c2 case 2 rec 0   load 1.02 1.05 1.04
[TEST C2-MARISA]
Processing dataset...
Done!
Building trie...
trie size: 19.421587 MB
Done!
build time: 12887.708270 ms (1288.770827 ns per key)
space cost: 218.030363 MB (63.505946% of original size 343.322754 MB)
Querying trie...
Done!
total time: 5747.351582 ms, avg latency: 574.735158 ns
topology: 6.395802 MB, link: 33.418009 MB, data: 177.888428 MB
--- Unary Path Analysis (Marisa, cutoff=3) ---
  branches: 13314429  |  single-char: 3205780 (24.1%)  short-unary: 97508 (0.7%)  links: 10011141 (75.2%)
  link len: avg=30.48  max=32  total_chars=305143726
  link length distribution (len:count):  3:4393  4:6350  5:369  6:27  7:2  24:4  25:94  26:1324  27:21561  29:340409  30:4123330  31:5512548  32:730
  short unary avg len: 2.00
12887.708270,218.030363,574.735158
[PASSED]
[time 27.76 s, user 25.32 s, sys 2.32 s, maxrss 3004420 KB]
[busy 2845 jiffies]
[exit 0]
--- c2 case 2 rec 1   load 1.01 1.05 1.04
[TEST C2-MARISA]
Processing dataset...
Done!
Building trie...
trie size: 19.421587 MB
trie size: 47.697874 MB
Done!
build time: 24967.911528 ms (2496.791153 ns per key)
space cost: 218.030363 MB (63.505946% of original size 343.322754 MB)
Querying trie...
Done!
total time: 5782.160287 ms, avg latency: 578.216029 ns
topology: 6.395802 MB, link: 33.418009 MB, data: 177.888428 MB
--- Unary Path Analysis (Marisa, cutoff=3) ---
  branches: 13314429  |  single-char: 3205780 (24.1%)  short-unary: 97508 (0.7%)  links: 10011141 (75.2%)
  link len: avg=30.48  max=32  total_chars=305143726
  link length distribution (len:count):  3:4393  4:6350  5:369  6:27  7:2  24:4  25:94  26:1324  27:21561  29:340409  30:4123330  31:5512548  32:730
  short unary avg len: 2.00
24967.911528,218.030363,578.216029
[PASSED]
[time 39.86 s, user 36.93 s, sys 2.75 s, maxrss 3497556 KB]
[busy 4072 jiffies]
[exit 0]
--- c2 case 2 rec 2   load 1.01 1.04 1.03
[TEST C2-MARISA]
Processing dataset...
Done!
Building trie...
trie size: 19.421587 MB
trie size: 47.697874 MB
Done!
build time: 25061.173608 ms (2506.117361 ns per key)
space cost: 218.030363 MB (63.505946% of original size 343.322754 MB)
Querying trie...
Done!
total time: 5783.934241 ms, avg latency: 578.393424 ns
topology: 6.395802 MB, link: 33.418009 MB, data: 177.888428 MB
--- Unary Path Analysis (Marisa, cutoff=3) ---
  branches: 13314429  |  single-char: 3205780 (24.1%)  short-unary: 97508 (0.7%)  links: 10011141 (75.2%)
  link len: avg=30.48  max=32  total_chars=305143726
  link length distribution (len:count):  3:4393  4:6350  5:369  6:27  7:2  24:4  25:94  26:1324  27:21561  29:340409  30:4123330  31:5512548  32:730
  short unary avg len: 2.00
25061.173608,218.030363,578.393424
[PASSED]
[time 39.94 s, user 37.02 s, sys 2.75 s, maxrss 3497612 KB]
[busy 4099 jiffies]
[exit 0]
--- c2 case 3 rec 0   load 1.00 1.03 1.03
[TEST FST]
Processing dataset...
Done!
Building trie...
Done!
build time: 10568.422549 ms (1056.842255 ns per key)
space cost: 341.746040 MB (99.540749% of original size 343.322754 MB)
Querying trie...
Done!
total time: 6978.880418 ms, avg latency: 697.888042 ns
not implemented
10568.422549,341.746040,697.888042
[PASSED]
[time 26.68 s, user 24.89 s, sys 1.67 s, maxrss 1917020 KB]
[busy 2727 jiffies]
[exit 0]
--- c2 case 4 rec 0   skipped: exit 134 in round 1
--- c2 case 5 rec 0   load 1.00 1.03 1.02
[TEST MARISA]
Processing dataset...
Done!
Building trie...
Done!
build time: 7868.566562 ms (786.856656 ns per key)
space cost: 346.565342 MB (100.944472% of original size 343.322754 MB)
Querying trie...
Done!
total time: 8275.695358 ms, avg latency: 827.569536 ns
not implemented
7868.566562,346.565342,827.569536
[PASSED]
[time 25.04 s, user 22.92 s, sys 2.01 s, maxrss 2465268 KB]
[busy 2568 jiffies]
[exit 0]
--- c2 case 5 rec 1   load 1.00 1.03 1.02
[TEST MARISA]
Processing dataset...
Done!
Building trie...
Done!
build time: 12626.679110 ms (1262.667911 ns per key)
space cost: 330.987365 MB (96.407058% of original size 343.322754 MB)
Querying trie...
Done!
total time: 15428.830666 ms, avg latency: 1542.883067 ns
not implemented
12626.679110,330.987365,1542.883067
[PASSED]
[time 36.92 s, user 34.58 s, sys 2.19 s, maxrss 2416204 KB]
[busy 3793 jiffies]
[exit 0]
--- c2 case 5 rec 2   load 1.00 1.02 1.02
[TEST MARISA]
Processing dataset...
Done!
Building trie...
Done!
build time: 16406.978948 ms (1640.697895 ns per key)
space cost: 316.683807 MB (92.240844% of original size 343.322754 MB)
Querying trie...
Done!
total time: 23408.275708 ms, avg latency: 2340.827571 ns
not implemented
16406.978948,316.683807,2340.827571
[PASSED]
[time 48.62 s, user 45.96 s, sys 2.46 s, maxrss 2381752 KB]
[busy 4984 jiffies]
[exit 0]
--- c2 case 6 rec 0   load 0.92 1.00 1.01
[TEST PDT]
Processing dataset...
Done!
Building trie...
dict size: 166678, stream size: 192351068
Done!
build time: 125639.911108 ms (12563.991111 ns per key)
space cost: 196.364757 MB (57.195381% of original size 343.322754 MB)
Querying trie...
Done!
total time: 11578.060516 ms, avg latency: 1157.806052 ns
not implemented
125639.911108,196.364757,1157.806052
[PASSED]
[time 146.32 s, user 141.95 s, sys 3.80 s, maxrss 2858244 KB]
[busy 14978 jiffies]
[exit 0]
--- c2 case 7 rec 0   load 1.00 1.00 1.00
[TEST ART]
Processing dataset...
Done!
Building trie...
Done!
build time: 2183.574322 ms (218.357432 ns per key)
space cost: 274.100403 MB (79.837529% of original size 343.322754 MB)
Querying trie...
Done!
total time: 5182.995705 ms, avg latency: 518.299570 ns
not implemented
2183.574322,274.100403,518.299570
[PASSED]
[time 16.52 s, user 15.06 s, sys 1.38 s, maxrss 2231988 KB]
[busy 1701 jiffies]
[exit 0]
--- c2 case 8 rec 0   load 0.92 0.99 0.99
[TEST CART]
Processing dataset...
Done!
Building trie...
Done!
build time: 2482.880010 ms (248.288001 ns per key)
space cost: 120.320314 MB (35.045832% of original size 343.322754 MB)
Querying trie...
Done!
total time: 5296.398490 ms, avg latency: 529.639849 ns
not implemented
2482.880010,120.320314,529.639849
[PASSED]
[time 16.94 s, user 15.51 s, sys 1.35 s, maxrss 2096876 KB]
[busy 1744 jiffies]
[exit 0]
--- xcdat 7   load 0.94 0.99 1.00
build time: 11360.025269 ms
space cost: 365.827440 MiB (106.554965% of original size 343.322754 MiB)
avg latency: 663.844250 ns
11360.025269,365.827440,663.844250
[time 26.99 s, user 24.89 s, sys 1.97 s, maxrss 1989724 KB]
[busy 2765 jiffies]
[exit 0]
--- xcdat 8   load 0.96 0.99 1.00
build time: 10362.447019 ms
space cost: 357.688156 MiB (104.184227% of original size 343.322754 MiB)
avg latency: 613.853143 ns
10362.447019,357.688156,613.853143
[time 25.50 s, user 23.46 s, sys 1.93 s, maxrss 1959512 KB]
[busy 2611 jiffies]
[exit 0]
--- xcdat 15   load 1.10 1.02 1.01
build time: 10530.162727 ms
space cost: 367.954617 MiB (107.174550% of original size 343.322754 MiB)
avg latency: 556.438062 ns
10530.162727,367.954617,556.438062
[time 25.13 s, user 23.03 s, sys 1.99 s, maxrss 1946984 KB]
[busy 2574 jiffies]
[exit 0]
--- xcdat 16   load 1.07 1.02 1.01
build time: 10352.942895 ms
space cost: 371.930763 MiB (108.332687% of original size 343.322754 MiB)
avg latency: 563.947606 ns
10352.942895,371.930763,563.947606
[time 24.98 s, user 22.87 s, sys 2.00 s, maxrss 1955012 KB]
[busy 2561 jiffies]
[exit 0]

campaign done 2026-09-19T16:59:12+03:00, load 1.04 1.02 1.00
