frontier campaign
date: 2026-09-24T12:18:59+03:00
host: arz
commit: 3a73ed5
table: frontier-1m
lexindex: 4.4.0
kernel: Linux 7.2.7-200.fc44.x86_64 x86_64
cpu: AMD Ryzen 7 5800HS with Radeon Graphics
cores/threads: 8 / 16
caches: L2 512 KiB, L3 16384 KiB
governor: powersave
transparent hugepages: always [madvise] never
compiler: c++ (GCC) 16.2.1 20260819 (Red Hat 16.2.1-2)
rustc: rustc 1.98.1 (48a229cea 2026-09-01)
load at start: 0.29 0.59 1.44
rounds: 3, even rounds in the reverse order
quiet before each process: under 1.0 busy CPUs for 1 s
clock ticks: 100
address space cap: 28000000 KB
timeout: 1800 s a process
pin c2: 92c1b861456b https://github.com/alexztc/C2
pin c2/lib/sdsl-lite: 4312ea9c9370 https://github.com/vgteam/sdsl-lite
pin c2/lib/ds2i: 4f46606cc077 https://github.com/aboffa/ds2i (modified: compact_elias_fano.hpp,succinct)
pin c2/lib/sux: 5944f6b5c1c7 https://github.com/vigna/sux (modified: sux/util/Vector.hpp)
pin c2/lib/fsst: e638d4cf8c26 https://github.com/cwida/fsst
pin c2/baseline_marisa/marisa: e54f296bb52d https://github.com/s-yata/marisa-trie
pin c2/baseline_ctriepp/ctriepp: 52d2c16a7bb6 https://gitlab.com/ofek.gila1/ctriepp
pin xcdat: 2451441dcc09 https://github.com/kampersanda/xcdat
pin c2/lib/ds2i/succinct: ea74747a8b1c (gitlink)
pin c2/lib/sdsl-lite/external/googletest: 71815bbf7de6 (gitlink)
pin c2/lib/sdsl-lite/external/libdivsufsort: 0f24acd8de20 (gitlink)
pin coco adapted headers: ee860d4b1e62 https://github.com/aboffa/CoCo-trie (by sha256)

##### words-full (479823 lines, 4953557 bytes)   round 1/3   2026-09-24T12:18:59+03:00
--- lexindex dict32   load 0.29 0.59 1.44
479823 keys
lexindex DictIndex block 32: build 58 ms, size 1.304 MiB (2.850 B/key), latency cold 202.5 ns, then mean 201.3 / min 201.1 ns
58.023,1.304057,202.548
[time 0.62 s, user 0.70 s, sys 0.06 s, maxrss 73464 KB]
[busy 84 jiffies]
[exit 0]
--- lexindex dict256   load 0.34 0.60 1.44
479823 keys
lexindex DictIndex block 256: build 58 ms, size 1.206 MiB (2.635 B/key), latency cold 247.1 ns, then mean 236.5 / min 234.8 ns
57.602,1.205790,247.057
[time 0.70 s, user 0.77 s, sys 0.06 s, maxrss 73912 KB]
[busy 93 jiffies]
[exit 0]
--- lexindex dict1024   load 0.34 0.60 1.44
479823 keys
lexindex DictIndex block 1024: build 65 ms, size 1.150 MiB (2.513 B/key), latency cold 303.4 ns, then mean 294.2 / min 293.8 ns
64.951,1.150117,303.423
[time 0.81 s, user 0.86 s, sys 0.04 s, maxrss 64572 KB]
[busy 99 jiffies]
[exit 0]
--- lexindex routed32   load 0.32 0.59 1.43
479823 keys
lexindex DictIndex block 32 routed: build 58 ms, size 1.533 MiB (3.350 B/key), latency cold 182.2 ns, then mean 178.7 / min 177.3 ns
57.615,1.532863,182.225
[time 0.58 s, user 0.66 s, sys 0.06 s, maxrss 74192 KB]
[busy 79 jiffies]
[exit 0]
--- lexindex routed256   load 0.32 0.59 1.43
479823 keys
lexindex DictIndex block 256 routed: build 57 ms, size 1.435 MiB (3.135 B/key), latency cold 167.5 ns, then mean 163.5 / min 163.1 ns
57.329,1.434671,167.546
[time 0.55 s, user 0.62 s, sys 0.07 s, maxrss 74172 KB]
[busy 76 jiffies]
[exit 0]
--- lexindex routed1024   load 0.32 0.59 1.43
479823 keys
lexindex DictIndex block 1024 routed: build 66 ms, size 1.265 MiB (2.764 B/key), latency cold 194.0 ns, then mean 190.6 / min 190.3 ns
65.715,1.264619,194.032
[time 0.61 s, user 0.64 s, sys 0.06 s, maxrss 64456 KB]
[busy 77 jiffies]
[exit 0]
--- lexindex string   load 0.32 0.59 1.43
479823 keys
lexindex StringIndex: build 156 ms, size 2.724 MiB (5.953 B/key), latency cold 149.6 ns, then mean 145.3 / min 144.5 ns
156.165,2.724010,149.561
[time 0.61 s, user 0.57 s, sys 0.04 s, maxrss 64660 KB]
[busy 68 jiffies]
[exit 0]
--- lexindex hashed0   load 0.53 0.63 1.44
479823 keys
lexindex HashedDictIndex closed: build 97 ms, size 2.403 MiB (5.252 B/key), latency cold 14.6 ns, then mean 12.4 / min 11.9 ns
97.002,2.403296,14.572
[time 0.30 s, user 0.41 s, sys 0.05 s, maxrss 74168 KB]
[busy 56 jiffies]
[exit 0]
--- lexindex hashed8   load 0.53 0.63 1.44
479823 keys
lexindex HashedDictIndex fp=8: build 97 ms, size 2.861 MiB (6.252 B/key), latency cold 17.4 ns, then mean 14.7 / min 14.3 ns
97.419,2.860890,17.375
[time 0.30 s, user 0.39 s, sys 0.07 s, maxrss 78260 KB]
[busy 50 jiffies]
[exit 0]
--- lexindex hashed16   load 0.53 0.63 1.44
479823 keys
lexindex HashedDictIndex fp=16: build 98 ms, size 3.318 MiB (7.252 B/key), latency cold 18.6 ns, then mean 14.8 / min 14.6 ns
97.613,3.318485,18.596
[time 0.30 s, user 0.39 s, sys 0.07 s, maxrss 79848 KB]
[busy 54 jiffies]
[exit 0]
--- c2 case 0 rec 0   load 0.49 0.62 1.43
[TEST C2-FST]
Processing dataset...
Done!
Building trie...
Done!
build time: 69.867101 ms (145.610154 ns per key)
space cost: 1.889297 MB (44.282271% of original size 4.266485 MB)
Querying trie...
Done!
total time: 122.686886 ms, avg latency: 255.691966 ns
topology: 0.420059 MB, link: 0.189988 MB, data: 1.279249 MB
--- Unary Path Analysis (FST, cutoff=4) ---
  shared unary steps in main trie: 150595
  terminal suffixes: inplace=193950 (avg len=1.79)  links=60939 (23.9% of terminal)
  link len: avg=4.24  max=35  total_chars=258586
  link length distribution (len:count):  4:25346  5:15798  6:9608  7:4976  8:2612  9:1355  10:653  11:330  12:137  13:65  14:25  15:11  16:9  17:6  18:2  19:3  20:1  21:1  36:1
69.867101,1.889297,255.691966
[PASSED]
[time 0.37 s, user 0.33 s, sys 0.03 s, maxrss 48676 KB]
[busy 41 jiffies]
[exit 0]
--- c2 case 0 rec 1   load 0.49 0.62 1.43
[TEST C2-FST]
Processing dataset...
Done!
Building trie...
trie size: 0.142362 MB
Done!
build time: 71.896566 ms (149.839766 ns per key)
space cost: 1.889297 MB (44.282271% of original size 4.266485 MB)
Querying trie...
Done!
total time: 123.575416 ms, avg latency: 257.543753 ns
topology: 0.420059 MB, link: 0.189988 MB, data: 1.279249 MB
--- Unary Path Analysis (FST, cutoff=4) ---
  shared unary steps in main trie: 150595
  terminal suffixes: inplace=193950 (avg len=1.79)  links=60939 (23.9% of terminal)
  link len: avg=4.24  max=35  total_chars=258586
  link length distribution (len:count):  4:25346  5:15798  6:9608  7:4976  8:2612  9:1355  10:653  11:330  12:137  13:65  14:25  15:11  16:9  17:6  18:2  19:3  20:1  21:1  36:1
71.896566,1.889297,257.543753
[PASSED]
[time 0.37 s, user 0.33 s, sys 0.03 s, maxrss 49052 KB]
[busy 43 jiffies]
[exit 0]
--- c2 case 0 rec 2   load 0.49 0.62 1.43
[TEST C2-FST]
Processing dataset...
Done!
Building trie...
trie size: 0.142362 MB
Done!
build time: 72.279015 ms (150.636829 ns per key)
space cost: 1.889297 MB (44.282271% of original size 4.266485 MB)
Querying trie...
Done!
total time: 122.854250 ms, avg latency: 256.040769 ns
topology: 0.420059 MB, link: 0.189988 MB, data: 1.279249 MB
--- Unary Path Analysis (FST, cutoff=4) ---
  shared unary steps in main trie: 150595
  terminal suffixes: inplace=193950 (avg len=1.79)  links=60939 (23.9% of terminal)
  link len: avg=4.24  max=35  total_chars=258586
  link length distribution (len:count):  4:25346  5:15798  6:9608  7:4976  8:2612  9:1355  10:653  11:330  12:137  13:65  14:25  15:11  16:9  17:6  18:2  19:3  20:1  21:1  36:1
72.279015,1.889297,256.040769
[PASSED]
[time 0.37 s, user 0.33 s, sys 0.03 s, maxrss 48836 KB]
[busy 42 jiffies]
[exit 0]
--- c2 case 1 rec 0   load 0.49 0.62 1.43
[TEST C2-CoCo(LOUDS-Sparse)]
Processing dataset...
Done!
Building trie...
Done!
build time: 408.748478 ms (851.873458 ns per key)
space cost: 2.136750 MB (50.082199% of original size 4.266485 MB)
Querying trie...
Done!
total time: 194.233873 ms, avg latency: 404.803173 ns
topology: 0.195229 MB, link: 0.520357 MB, data: 1.421164 MB
408.748478,2.136750,404.803173
[PASSED]
[time 0.78 s, user 0.72 s, sys 0.05 s, maxrss 97692 KB]
[busy 85 jiffies]
[exit 0]
--- c2 case 1 rec 1   load 0.53 0.63 1.43
[TEST C2-CoCo(LOUDS-Sparse)]
Processing dataset...
Done!
Building trie...
trie size: 0.142362 MB
Done!
build time: 414.450393 ms (863.756829 ns per key)
space cost: 2.136750 MB (50.082199% of original size 4.266485 MB)
Querying trie...
Done!
total time: 194.003871 ms, avg latency: 404.323826 ns
topology: 0.195229 MB, link: 0.520357 MB, data: 1.421164 MB
414.450393,2.136750,404.323826
[PASSED]
[time 0.78 s, user 0.72 s, sys 0.05 s, maxrss 98112 KB]
[busy 84 jiffies]
[exit 0]
--- c2 case 1 rec 2   load 0.53 0.63 1.43
[TEST C2-CoCo(LOUDS-Sparse)]
Processing dataset...
Done!
Building trie...
trie size: 0.142362 MB
Done!
build time: 414.094595 ms (863.015310 ns per key)
space cost: 2.136750 MB (50.082199% of original size 4.266485 MB)
Querying trie...
Done!
total time: 195.722329 ms, avg latency: 407.905267 ns
topology: 0.195229 MB, link: 0.520357 MB, data: 1.421164 MB
414.094595,2.136750,407.905267
[PASSED]
[time 0.78 s, user 0.72 s, sys 0.05 s, maxrss 97908 KB]
[busy 84 jiffies]
[exit 0]
--- c2 case 2 rec 0   load 0.49 0.62 1.42
[TEST C2-MARISA]
Processing dataset...
Done!
Building trie...
trie size: 1.224291 MB
Done!
build time: 109.859729 ms (228.958864 ns per key)
space cost: 1.753984 MB (41.110759% of original size 4.266485 MB)
Querying trie...
Done!
total time: 98.934597 ms, avg latency: 206.189776 ns
topology: 0.405689 MB, link: 0.420969 MB, data: 0.917072 MB
--- Unary Path Analysis (Marisa, cutoff=3) ---
  branches: 742737  |  single-char: 411656 (55.4%)  short-unary: 124451 (16.8%)  links: 206630 (27.8%)
  link len: avg=4.35  max=37  total_chars=898820
  link length distribution (len:count):  3:81252  4:55503  5:30038  6:18037  7:10646  8:5519  9:2885  10:1442  11:688  12:346  13:146  14:66  15:26  16:12  17:9  18:7  19:2  20:3  21:1  22:1  37:1
  short unary avg len: 2.00
109.859729,1.753984,206.189776
[PASSED]
[time 0.38 s, user 0.34 s, sys 0.04 s, maxrss 62680 KB]
[busy 43 jiffies]
[exit 0]
--- c2 case 2 rec 1   load 0.49 0.62 1.42
[TEST C2-MARISA]
Processing dataset...
Done!
Building trie...
trie size: 1.224291 MB
trie size: 0.455650 MB
Done!
build time: 115.402335 ms (240.510219 ns per key)
space cost: 1.692706 MB (39.674487% of original size 4.266485 MB)
Querying trie...
Done!
total time: 106.087309 ms, avg latency: 221.096757 ns
topology: 0.426247 MB, link: 0.398585 MB, data: 0.857620 MB
--- Unary Path Analysis (Marisa, cutoff=3) ---
  branches: 742737  |  single-char: 411656 (55.4%)  short-unary: 124451 (16.8%)  links: 206630 (27.8%)
  link len: avg=4.35  max=37  total_chars=898820
  link length distribution (len:count):  3:81252  4:55503  5:30038  6:18037  7:10646  8:5519  9:2885  10:1442  11:688  12:346  13:146  14:66  15:26  16:12  17:9  18:7  19:2  20:3  21:1  22:1  37:1
  short unary avg len: 2.00
115.402335,1.692706,221.096757
[PASSED]
[time 0.40 s, user 0.35 s, sys 0.03 s, maxrss 62808 KB]
[busy 44 jiffies]
[exit 0]
--- c2 case 2 rec 2   load 0.49 0.62 1.42
[TEST C2-MARISA]
Processing dataset...
Done!
Building trie...
trie size: 1.224291 MB
trie size: 0.455650 MB
trie size: 0.007228 MB
Done!
build time: 111.044907 ms (231.428896 ns per key)
space cost: 1.692706 MB (39.674487% of original size 4.266485 MB)
Querying trie...
Done!
total time: 105.097028 ms, avg latency: 219.032910 ns
topology: 0.426247 MB, link: 0.398585 MB, data: 0.857620 MB
--- Unary Path Analysis (Marisa, cutoff=3) ---
  branches: 742737  |  single-char: 411656 (55.4%)  short-unary: 124451 (16.8%)  links: 206630 (27.8%)
  link len: avg=4.35  max=37  total_chars=898820
  link length distribution (len:count):  3:81252  4:55503  5:30038  6:18037  7:10646  8:5519  9:2885  10:1442  11:688  12:346  13:146  14:66  15:26  16:12  17:9  18:7  19:2  20:3  21:1  22:1  37:1
  short unary avg len: 2.00
111.044907,1.692706,219.032910
[PASSED]
[time 0.39 s, user 0.34 s, sys 0.04 s, maxrss 62812 KB]
[busy 45 jiffies]
[exit 0]
--- c2 case 3 rec 0   load 0.49 0.62 1.42
[TEST FST]
Processing dataset...
Done!
Building trie...
Done!
build time: 181.270420 ms (377.786017 ns per key)
space cost: 2.144493 MB (50.263695% of original size 4.266485 MB)
Querying trie...
Done!
total time: 205.448498 ms, avg latency: 428.175594 ns
not implemented
181.270420,2.144493,428.175594
[PASSED]
[time 0.56 s, user 0.52 s, sys 0.03 s, maxrss 41088 KB]
[busy 70 jiffies]
[exit 0]
--- c2 case 4 rec 0   load 0.45 0.60 1.42
[TEST COCO]
Processing dataset...
Done!
Building trie...
num nodes = 100870, average depth = 2.907644
ef = 0.002379, pa = 0.381531, bv = 0.002558, de = 0.468484
efr = 0.010370, par = 0.134639, bvr = 0.000020, der = 0.000020
Done!
build time: 1568.214204 ms (3268.318117 ns per key)
space cost: 2.485874 MB (58.265159% of original size 4.266485 MB)
Querying trie...
Done!
total time: 167.897248 ms, avg latency: 349.914964 ns
not implemented
1568.214204,2.485874,349.914964
[PASSED]
[time 1.97 s, user 1.57 s, sys 0.39 s, maxrss 920248 KB]
[busy 210 jiffies]
[exit 0]
--- c2 case 5 rec 0   load 0.45 0.60 1.42
[TEST MARISA]
Processing dataset...
Done!
Building trie...
Done!
build time: 151.408721 ms (315.551195 ns per key)
space cost: 1.546566 MB (36.249182% of original size 4.266485 MB)
Querying trie...
Done!
total time: 146.139539 ms, avg latency: 304.569683 ns
not implemented
151.408721,1.546566,304.569683
[PASSED]
[time 0.47 s, user 0.42 s, sys 0.04 s, maxrss 63032 KB]
[busy 53 jiffies]
[exit 0]
--- c2 case 5 rec 1   load 0.41 0.59 1.41
[TEST MARISA]
Processing dataset...
Done!
Building trie...
Done!
build time: 158.073015 ms (329.440262 ns per key)
space cost: 1.371034 MB (32.134968% of original size 4.266485 MB)
Querying trie...
Done!
total time: 163.277135 ms, avg latency: 340.286178 ns
not implemented
158.073015,1.371034,340.286178
[PASSED]
[time 0.49 s, user 0.44 s, sys 0.04 s, maxrss 63416 KB]
[busy 58 jiffies]
[exit 0]
--- c2 case 5 rec 2   load 0.41 0.59 1.41
[TEST MARISA]
Processing dataset...
Done!
Building trie...
Done!
build time: 153.697903 ms (320.322083 ns per key)
space cost: 1.362252 MB (31.929145% of original size 4.266485 MB)
Querying trie...
Done!
total time: 165.578691 ms, avg latency: 345.082856 ns
not implemented
153.697903,1.362252,345.082856
[PASSED]
[time 0.49 s, user 0.45 s, sys 0.04 s, maxrss 63100 KB]
[busy 55 jiffies]
[exit 0]
--- c2 case 6 rec 0   load 0.41 0.59 1.41
[TEST PDT]
Processing dataset...
Done!
Building trie...
dict size: 35774, stream size: 975943
Done!
build time: 333.720308 ms (695.507110 ns per key)
space cost: 1.577207 MB (36.967352% of original size 4.266485 MB)
Querying trie...
Done!
total time: 206.329183 ms, avg latency: 430.011031 ns
not implemented
333.720308,1.577207,430.011031
[PASSED]
[time 0.71 s, user 0.67 s, sys 0.03 s, maxrss 53108 KB]
[busy 78 jiffies]
[exit 0]
--- c2 case 7 rec 0   load 0.38 0.58 1.40
[TEST ART]
Processing dataset...
Done!
Building trie...
Done!
build time: 46.448681 ms (96.803782 ns per key)
space cost: 16.425407 MB (384.986859% of original size 4.266485 MB)
Querying trie...
Done!
total time: 84.250652 ms, avg latency: 175.586939 ns
not implemented
46.448681,16.425407,175.586939
[PASSED]
[time 0.30 s, user 0.26 s, sys 0.03 s, maxrss 61872 KB]
[busy 38 jiffies]
[exit 0]
--- c2 case 8 rec 0   load 0.38 0.58 1.40
[TEST CART]
Processing dataset...
Done!
Building trie...
Done!
build time: 67.789526 ms (141.280276 ns per key)
space cost: 7.328448 MB (171.767812% of original size 4.266485 MB)
Querying trie...
Done!
total time: 106.043567 ms, avg latency: 221.005594 ns
not implemented
67.789526,7.328448,221.005594
[PASSED]
[time 0.34 s, user 0.30 s, sys 0.03 s, maxrss 62128 KB]
[busy 39 jiffies]
[exit 0]
--- xcdat 7   load 0.38 0.58 1.40
build time: 105.879238 ms
space cost: 2.721505 MiB (63.787990% of original size 4.266485 MiB)
avg latency: 105.777595 ns
105.879238,2.721505,105.777595
[time 0.32 s, user 0.29 s, sys 0.02 s, maxrss 52064 KB]
[busy 37 jiffies]
[exit 0]
--- xcdat 8   load 0.38 0.58 1.40
build time: 98.081694 ms
space cost: 2.597720 MiB (60.886655% of original size 4.266485 MiB)
avg latency: 109.148002 ns
98.081694,2.597720,109.148002
[time 0.32 s, user 0.28 s, sys 0.03 s, maxrss 51852 KB]
[busy 36 jiffies]
[exit 0]
--- xcdat 15   load 0.35 0.57 1.39
build time: 108.302061 ms
space cost: 3.340850 MiB (78.304499% of original size 4.266485 MiB)
avg latency: 79.053932 ns
108.302061,3.340850,79.053932
[time 0.32 s, user 0.28 s, sys 0.03 s, maxrss 58288 KB]
[busy 36 jiffies]
[exit 0]
--- xcdat 16   load 0.35 0.57 1.39
build time: 96.787181 ms
space cost: 3.550420 MiB (83.216503% of original size 4.266485 MiB)
avg latency: 84.603341 ns
96.787181,3.550420,84.603341
[time 0.31 s, user 0.26 s, sys 0.04 s, maxrss 58240 KB]
[busy 36 jiffies]
[exit 0]

##### dna-1000000 (1000000 lines, 25000000 bytes)   round 1/3   2026-09-24T12:19:47+03:00
--- lexindex dict32   load 0.35 0.57 1.39
1000000 keys
lexindex DictIndex block 32: build 98 ms, size 4.768 MiB (5.000 B/key), latency cold 321.6 ns, then mean 316.0 / min 314.6 ns
98.077,4.768131,321.556
[time 1.87 s, user 2.36 s, sys 0.18 s, maxrss 176648 KB]
[busy 275 jiffies]
[exit 0]
--- lexindex dict256   load 0.32 0.56 1.39
1000000 keys
lexindex DictIndex block 256: build 99 ms, size 4.172 MiB (4.375 B/key), latency cold 314.5 ns, then mean 308.5 / min 306.8 ns
98.813,4.172320,314.531
[time 1.84 s, user 2.32 s, sys 0.17 s, maxrss 175044 KB]
[busy 266 jiffies]
[exit 0]
--- lexindex dict1024   load 0.32 0.56 1.39
1000000 keys
lexindex DictIndex block 1024: build 100 ms, size 4.035 MiB (4.231 B/key), latency cold 339.8 ns, then mean 337.0 / min 335.1 ns
100.221,4.034555,339.781
[time 1.95 s, user 2.21 s, sys 0.11 s, maxrss 163340 KB]
[busy 250 jiffies]
[exit 0]
--- lexindex routed32   load 0.37 0.57 1.38
1000000 keys
lexindex DictIndex block 32 routed: build 101 ms, size 5.245 MiB (5.500 B/key), latency cold 300.6 ns, then mean 292.9 / min 290.8 ns
100.608,5.244968,300.649
[time 1.79 s, user 2.30 s, sys 0.16 s, maxrss 178236 KB]
[busy 264 jiffies]
[exit 0]
--- lexindex routed256   load 0.37 0.57 1.38
1000000 keys
lexindex DictIndex block 256 routed: build 101 ms, size 4.649 MiB (4.875 B/key), latency cold 260.6 ns, then mean 256.0 / min 254.7 ns
101.148,4.649249,260.648
[time 1.63 s, user 2.12 s, sys 0.15 s, maxrss 174172 KB]
[busy 248 jiffies]
[exit 0]
--- lexindex routed1024   load 0.50 0.60 1.39
1000000 keys
lexindex DictIndex block 1024 routed: build 104 ms, size 4.273 MiB (4.481 B/key), latency cold 266.6 ns, then mean 263.4 / min 263.0 ns
103.745,4.273081,266.593
[time 1.66 s, user 1.93 s, sys 0.11 s, maxrss 160484 KB]
[busy 219 jiffies]
[exit 0]
--- lexindex string   load 0.50 0.60 1.39
1000000 keys
lexindex StringIndex: build 1116 ms, size 16.920 MiB (17.741 B/key), latency cold 424.6 ns, then mean 418.8 / min 413.6 ns
1115.621,16.919603,424.614
[time 3.28 s, user 3.18 s, sys 0.08 s, maxrss 164968 KB]
[busy 350 jiffies]
[exit 0]
--- lexindex hashed0   load 0.54 0.60 1.38
1000000 keys
lexindex HashedDictIndex closed: build 195 ms, size 6.786 MiB (7.115 B/key), latency cold 47.4 ns, then mean 45.6 / min 44.6 ns
194.690,6.785599,47.402
[time 0.86 s, user 1.40 s, sys 0.19 s, maxrss 174472 KB]
[busy 174 jiffies]
[exit 0]
--- lexindex hashed8   load 0.66 0.63 1.39
1000000 keys
lexindex HashedDictIndex fp=8: build 193 ms, size 7.739 MiB (8.115 B/key), latency cold 58.6 ns, then mean 57.7 / min 57.5 ns
192.799,7.739273,58.552
[time 0.92 s, user 1.44 s, sys 0.18 s, maxrss 173812 KB]
[busy 178 jiffies]
[exit 0]
--- lexindex hashed16   load 0.66 0.63 1.39
1000000 keys
lexindex HashedDictIndex fp=16: build 195 ms, size 8.693 MiB (9.115 B/key), latency cold 60.5 ns, then mean 58.2 / min 58.1 ns
194.821,8.692947,60.481
[time 0.92 s, user 1.48 s, sys 0.17 s, maxrss 173856 KB]
[busy 178 jiffies]
[exit 0]
--- c2 case 0 rec 0   load 0.61 0.62 1.38
[TEST C2-FST]
Processing dataset...
Done!
Building trie...
Done!
build time: 1431.657344 ms (1431.657344 ns per key)
space cost: 11.502727 MB (50.256179% of original size 22.888184 MB)
Querying trie...
Done!
total time: 409.723460 ms, avg latency: 409.723460 ns
topology: 0.892128 MB, link: 2.893083 MB, data: 7.717516 MB
--- Unary Path Analysis (FST, cutoff=4) ---
  shared unary steps in main trie: 98146
  terminal suffixes: inplace=2 (avg len=3.00)  links=999998 (100.0% of terminal)
  link len: avg=12.12  max=15  total_chars=12118007
  link length distribution (len:count):  4:2  5:10  6:40  7:176  8:732  9:2727  10:11261  11:42928  12:153933  13:402475  14:363824  15:21889  16:1
1431.657344,11.502727,409.723460
[PASSED]
[time 2.55 s, user 2.39 s, sys 0.14 s, maxrss 255592 KB]
[busy 265 jiffies]
[exit 0]
--- c2 case 0 rec 1   load 0.61 0.62 1.38
[TEST C2-FST]
Processing dataset...
Done!
Building trie...
trie size: 5.258043 MB
Done!
build time: 2169.993153 ms (2169.993153 ns per key)
space cost: 11.502727 MB (50.256179% of original size 22.888184 MB)
Querying trie...
Done!
total time: 416.410027 ms, avg latency: 416.410027 ns
topology: 0.892128 MB, link: 2.893083 MB, data: 7.717516 MB
--- Unary Path Analysis (FST, cutoff=4) ---
  shared unary steps in main trie: 98146
  terminal suffixes: inplace=2 (avg len=3.00)  links=999998 (100.0% of terminal)
  link len: avg=12.12  max=15  total_chars=12118007
  link length distribution (len:count):  4:2  5:10  6:40  7:176  8:732  9:2727  10:11261  11:42928  12:153933  13:402475  14:363824  15:21889  16:1
2169.993153,11.502727,416.410027
[PASSED]
[time 3.28 s, user 3.09 s, sys 0.18 s, maxrss 284048 KB]
[busy 344 jiffies]
[exit 0]
--- c2 case 0 rec 2   load 0.72 0.64 1.38
[TEST C2-FST]
Processing dataset...
Done!
Building trie...
trie size: 5.258043 MB
Done!
build time: 2160.575704 ms (2160.575704 ns per key)
space cost: 11.502727 MB (50.256179% of original size 22.888184 MB)
Querying trie...
Done!
total time: 411.681831 ms, avg latency: 411.681831 ns
topology: 0.892128 MB, link: 2.893083 MB, data: 7.717516 MB
--- Unary Path Analysis (FST, cutoff=4) ---
  shared unary steps in main trie: 98146
  terminal suffixes: inplace=2 (avg len=3.00)  links=999998 (100.0% of terminal)
  link len: avg=12.12  max=15  total_chars=12118007
  link length distribution (len:count):  4:2  5:10  6:40  7:176  8:732  9:2727  10:11261  11:42928  12:153933  13:402475  14:363824  15:21889  16:1
2160.575704,11.502727,411.681831
[PASSED]
[time 3.27 s, user 3.07 s, sys 0.18 s, maxrss 284244 KB]
[busy 340 jiffies]
[exit 0]
--- c2 case 1 rec 0   load 0.74 0.65 1.38
[TEST C2-CoCo(LOUDS-Sparse)]
Processing dataset...
Done!
Building trie...
Done!
build time: 2006.432224 ms (2006.432224 ns per key)
space cost: 9.777104 MB (42.716818% of original size 22.888184 MB)
Querying trie...
Done!
total time: 451.689136 ms, avg latency: 451.689136 ns
topology: 0.343521 MB, link: 3.029230 MB, data: 6.404353 MB
2006.432224,9.777104,451.689136
[PASSED]
[time 3.15 s, user 2.94 s, sys 0.19 s, maxrss 385800 KB]
[busy 327 jiffies]
[exit 0]
--- c2 case 1 rec 1   load 0.76 0.65 1.38
[TEST C2-CoCo(LOUDS-Sparse)]
Processing dataset...
Done!
Building trie...
trie size: 5.258043 MB
Done!
build time: 2719.271207 ms (2719.271207 ns per key)
space cost: 9.777104 MB (42.716818% of original size 22.888184 MB)
Querying trie...
Done!
total time: 459.785581 ms, avg latency: 459.785581 ns
topology: 0.343521 MB, link: 3.029230 MB, data: 6.404353 MB
2719.271207,9.777104,459.785581
[PASSED]
[time 3.88 s, user 3.65 s, sys 0.20 s, maxrss 414064 KB]
[busy 405 jiffies]
[exit 0]
--- c2 case 1 rec 2   load 0.78 0.66 1.38
[TEST C2-CoCo(LOUDS-Sparse)]
Processing dataset...
Done!
Building trie...
trie size: 5.258043 MB
Done!
build time: 2713.898039 ms (2713.898039 ns per key)
space cost: 9.777104 MB (42.716818% of original size 22.888184 MB)
Querying trie...
Done!
total time: 461.418310 ms, avg latency: 461.418310 ns
topology: 0.343521 MB, link: 3.029230 MB, data: 6.404353 MB
2713.898039,9.777104,461.418310
[PASSED]
[time 3.88 s, user 3.66 s, sys 0.20 s, maxrss 413920 KB]
[busy 404 jiffies]
[exit 0]
--- c2 case 2 rec 0   load 0.80 0.66 1.37
[TEST C2-MARISA]
Processing dataset...
Done!
Building trie...
trie size: 2.428399 MB
Done!
build time: 1322.035482 ms (1322.035482 ns per key)
space cost: 10.748939 MB (46.962829% of original size 22.888184 MB)
Querying trie...
Done!
total time: 387.410458 ms, avg latency: 387.410458 ns
topology: 0.804615 MB, link: 2.791285 MB, data: 7.132531 MB
--- Unary Path Analysis (Marisa, cutoff=3) ---
  branches: 1681124  |  single-char: 605889 (36.0%)  short-unary: 58000 (3.5%)  links: 1017235 (60.5%)
  link len: avg=13.94  max=17  total_chars=14175392
  link length distribution (len:count):  3:13001  4:3156  5:812  6:209  7:97  8:186  9:733  10:2730  11:11261  12:42928  13:153933  14:402475  15:363824  16:21889  17:1
  short unary avg len: 2.00
1322.035482,10.748939,387.410458
[PASSED]
[time 2.40 s, user 2.25 s, sys 0.14 s, maxrss 252456 KB]
[busy 249 jiffies]
[exit 0]
--- c2 case 2 rec 1   load 0.80 0.66 1.37
[TEST C2-MARISA]
Processing dataset...
Done!
Building trie...
trie size: 2.428399 MB
trie size: 5.162292 MB
Done!
build time: 2255.993753 ms (2255.993753 ns per key)
space cost: 10.748939 MB (46.962829% of original size 22.888184 MB)
Querying trie...
Done!
total time: 390.224866 ms, avg latency: 390.224866 ns
topology: 0.804615 MB, link: 2.791285 MB, data: 7.132531 MB
--- Unary Path Analysis (Marisa, cutoff=3) ---
  branches: 1681124  |  single-char: 605889 (36.0%)  short-unary: 58000 (3.5%)  links: 1017235 (60.5%)
  link len: avg=13.94  max=17  total_chars=14175392
  link length distribution (len:count):  3:13001  4:3156  5:812  6:209  7:97  8:186  9:733  10:2730  11:11261  12:42928  13:153933  14:402475  15:363824  16:21889  17:1
  short unary avg len: 2.00
2255.993753,10.748939,390.224866
[PASSED]
[time 3.38 s, user 3.17 s, sys 0.19 s, maxrss 285208 KB]
[busy 354 jiffies]
[exit 0]
--- c2 case 2 rec 2   load 0.82 0.67 1.37
[TEST C2-MARISA]
Processing dataset...
Done!
Building trie...
trie size: 2.428399 MB
trie size: 5.162292 MB
Done!
build time: 2233.903689 ms (2233.903689 ns per key)
space cost: 10.748939 MB (46.962829% of original size 22.888184 MB)
Querying trie...
Done!
total time: 388.208608 ms, avg latency: 388.208608 ns
topology: 0.804615 MB, link: 2.791285 MB, data: 7.132531 MB
--- Unary Path Analysis (Marisa, cutoff=3) ---
  branches: 1681124  |  single-char: 605889 (36.0%)  short-unary: 58000 (3.5%)  links: 1017235 (60.5%)
  link len: avg=13.94  max=17  total_chars=14175392
  link length distribution (len:count):  3:13001  4:3156  5:812  6:209  7:97  8:186  9:733  10:2730  11:11261  12:42928  13:153933  14:402475  15:363824  16:21889  17:1
  short unary avg len: 2.00
2233.903689,10.748939,388.208608
[PASSED]
[time 3.35 s, user 3.12 s, sys 0.21 s, maxrss 285376 KB]
[busy 346 jiffies]
[exit 0]
--- c2 case 3 rec 0   load 0.83 0.68 1.37
[TEST FST]
Processing dataset...
Done!
Building trie...
Done!
build time: 958.794195 ms (958.794195 ns per key)
space cost: 18.082896 MB (79.005379% of original size 22.888184 MB)
Querying trie...
Done!
total time: 552.530787 ms, avg latency: 552.530787 ns
not implemented
958.794195,18.082896,552.530787
[PASSED]
[time 2.22 s, user 2.11 s, sys 0.10 s, maxrss 179276 KB]
[busy 232 jiffies]
[exit 0]
--- c2 case 4 rec 0   load 0.84 0.68 1.37
[TEST COCO]
Processing dataset...
Done!
Building trie...
num nodes = 65537, average depth = 14.999878
ef = 0.000000, pa = 0.000000, bv = 0.000000, de = 0.000015
efr = 0.000015, par = 0.999969, bvr = 0.000000, der = 0.000000
Done!
build time: 22296.106028 ms (22296.106028 ns per key)
space cost: 5.857979 MB (25.593899% of original size 22.888184 MB)
Querying trie...
Done!
total time: 366.441140 ms, avg latency: 366.441140 ns
not implemented
22296.106028,5.857979,366.441140
[PASSED]
[time 24.28 s, user 18.53 s, sys 5.65 s, maxrss 13623784 KB]
[busy 2539 jiffies]
[exit 0]
--- c2 case 5 rec 0   load 0.97 0.72 1.36
[TEST MARISA]
Processing dataset...
Done!
Building trie...
Done!
build time: 685.000526 ms (685.000526 ns per key)
space cost: 18.867507 MB (82.433396% of original size 22.888184 MB)
Querying trie...
Done!
total time: 540.004526 ms, avg latency: 540.004526 ns
not implemented
685.000526,18.867507,540.004526
[PASSED]
[time 1.92 s, user 1.78 s, sys 0.12 s, maxrss 223124 KB]
[busy 201 jiffies]
[exit 0]
--- c2 case 5 rec 1   load 0.97 0.72 1.36
[TEST MARISA]
Processing dataset...
Done!
Building trie...
Done!
build time: 952.981832 ms (952.981832 ns per key)
space cost: 7.640043 MB (33.379858% of original size 22.888184 MB)
Querying trie...
Done!
total time: 740.626895 ms, avg latency: 740.626895 ns
not implemented
952.981832,7.640043,740.626895
[PASSED]
[time 2.40 s, user 2.22 s, sys 0.17 s, maxrss 221896 KB]
[busy 255 jiffies]
[exit 0]
--- c2 case 5 rec 2   load 0.97 0.73 1.36
[TEST MARISA]
Processing dataset...
Done!
Building trie...
Done!
build time: 949.379051 ms (949.379051 ns per key)
space cost: 7.210847 MB (31.504671% of original size 22.888184 MB)
Querying trie...
Done!
total time: 779.059601 ms, avg latency: 779.059601 ns
not implemented
949.379051,7.210847,779.059601
[PASSED]
[time 2.43 s, user 2.29 s, sys 0.12 s, maxrss 221468 KB]
[busy 254 jiffies]
[exit 0]
--- c2 case 6 rec 0   load 0.98 0.73 1.36
[TEST PDT]
Processing dataset...
Done!
Building trie...
dict size: 151324, stream size: 6218209
Done!
build time: 2903.058146 ms (2903.058146 ns per key)
space cost: 7.350519 MB (32.114908% of original size 22.888184 MB)
Querying trie...
Done!
total time: 773.480386 ms, avg latency: 773.480386 ns
not implemented
2903.058146,7.350519,773.480386
[PASSED]
[time 4.39 s, user 4.21 s, sys 0.15 s, maxrss 213028 KB]
[busy 455 jiffies]
[exit 0]
--- c2 case 7 rec 0   load 0.98 0.74 1.36
[TEST ART]
Processing dataset...
Done!
Building trie...
Done!
build time: 198.317297 ms (198.317297 ns per key)
space cost: 33.278465 MB (145.395833% of original size 22.888184 MB)
Querying trie...
Done!
total time: 408.926853 ms, avg latency: 408.926853 ns
not implemented
198.317297,33.278465,408.926853
[PASSED]
[time 1.35 s, user 1.24 s, sys 0.11 s, maxrss 223268 KB]
[busy 144 jiffies]
[exit 0]
--- c2 case 8 rec 0   load 0.98 0.74 1.36
[TEST CART]
Processing dataset...
Done!
Building trie...
Done!
build time: 242.345338 ms (242.345338 ns per key)
space cost: 15.643999 MB (68.349675% of original size 22.888184 MB)
Querying trie...
Done!
total time: 448.291731 ms, avg latency: 448.291731 ns
not implemented
242.345338,15.643999,448.291731
[PASSED]
[time 1.43 s, user 1.29 s, sys 0.13 s, maxrss 214472 KB]
[busy 152 jiffies]
[exit 0]
--- xcdat 7   load 0.98 0.74 1.35
build time: 828.146179 ms
space cost: 19.789600 MiB (86.462083% of original size 22.888184 MiB)
avg latency: 299.292108 ns
828.146179,19.789600,299.292108
[time 1.83 s, user 1.69 s, sys 0.13 s, maxrss 180460 KB]
[busy 192 jiffies]
[exit 0]
--- xcdat 8   load 0.98 0.74 1.35
build time: 793.444364 ms
space cost: 19.685819 MiB (86.008654% of original size 22.888184 MiB)
avg latency: 301.784761 ns
793.444364,19.685819,301.784761
[time 1.80 s, user 1.66 s, sys 0.13 s, maxrss 180460 KB]
[busy 191 jiffies]
[exit 0]
--- xcdat 15   load 0.98 0.75 1.35
build time: 820.543361 ms
space cost: 21.414997 MiB (93.563550% of original size 22.888184 MiB)
avg latency: 277.338591 ns
820.543361,21.414997,277.338591
[time 1.81 s, user 1.69 s, sys 0.12 s, maxrss 182064 KB]
[busy 191 jiffies]
[exit 0]
--- xcdat 16   load 0.90 0.73 1.34
build time: 800.277736 ms
space cost: 21.935129 MiB (95.836042% of original size 22.888184 MiB)
avg latency: 284.281268 ns
800.277736,21.935129,284.281268
[time 1.80 s, user 1.68 s, sys 0.11 s, maxrss 182712 KB]
[busy 189 jiffies]
[exit 0]

##### domains-1000000 (1000000 lines, 14782044 bytes)   round 1/3   2026-09-24T12:21:52+03:00
--- lexindex dict32   load 0.90 0.73 1.34
1000000 keys
lexindex DictIndex block 32: build 206 ms, size 4.599 MiB (4.822 B/key), latency cold 289.3 ns, then mean 284.6 / min 283.2 ns
206.375,4.598972,289.259
[time 1.83 s, user 3.09 s, sys 0.23 s, maxrss 237432 KB]
[busy 349 jiffies]
[exit 0]
--- lexindex dict256   load 0.91 0.74 1.34
1000000 keys
lexindex DictIndex block 256: build 208 ms, size 4.291 MiB (4.500 B/key), latency cold 302.2 ns, then mean 295.4 / min 292.5 ns
208.248,4.291158,302.197
[time 1.89 s, user 3.22 s, sys 0.22 s, maxrss 237604 KB]
[busy 364 jiffies]
[exit 0]
--- lexindex dict1024   load 0.91 0.74 1.34
1000000 keys
lexindex DictIndex block 1024: build 227 ms, size 4.160 MiB (4.363 B/key), latency cold 366.8 ns, then mean 359.1 / min 356.6 ns
227.088,4.160439,366.848
[time 2.15 s, user 2.95 s, sys 0.15 s, maxrss 213896 KB]
[busy 330 jiffies]
[exit 0]
--- lexindex routed32   load 0.92 0.74 1.34
1000000 keys
lexindex DictIndex block 32 routed: build 209 ms, size 5.076 MiB (5.322 B/key), latency cold 258.3 ns, then mean 252.1 / min 251.2 ns
208.559,5.075809,258.311
[time 1.71 s, user 3.00 s, sys 0.23 s, maxrss 237164 KB]
[busy 347 jiffies]
[exit 0]
--- lexindex routed256   load 0.92 0.74 1.34
1000000 keys
lexindex DictIndex block 256 routed: build 207 ms, size 4.768 MiB (5.000 B/key), latency cold 230.5 ns, then mean 224.1 / min 216.7 ns
206.708,4.768086,230.523
[time 1.59 s, user 2.91 s, sys 0.22 s, maxrss 237864 KB]
[busy 335 jiffies]
[exit 0]
--- lexindex routed1024   load 0.93 0.75 1.34
1000000 keys
lexindex DictIndex block 1024 routed: build 223 ms, size 4.399 MiB (4.613 B/key), latency cold 257.5 ns, then mean 250.6 / min 248.5 ns
223.379,4.398964,257.536
[time 1.71 s, user 2.51 s, sys 0.15 s, maxrss 215384 KB]
[busy 285 jiffies]
[exit 0]
--- lexindex string   load 0.85 0.74 1.33
1000000 keys
lexindex StringIndex: build 589 ms, size 10.017 MiB (10.504 B/key), latency cold 216.0 ns, then mean 202.1 / min 200.9 ns
588.695,10.017015,215.980
[time 1.87 s, user 1.80 s, sys 0.06 s, maxrss 135856 KB]
[busy 201 jiffies]
[exit 0]
--- lexindex hashed0   load 0.85 0.74 1.33
1000000 keys
lexindex HashedDictIndex closed: build 295 ms, size 6.905 MiB (7.240 B/key), latency cold 26.9 ns, then mean 23.3 / min 23.2 ns
294.984,6.904865,26.854
[time 0.86 s, user 2.21 s, sys 0.23 s, maxrss 247156 KB]
[busy 262 jiffies]
[exit 0]
--- lexindex hashed8   load 0.78 0.72 1.32
1000000 keys
lexindex HashedDictIndex fp=8: build 296 ms, size 7.859 MiB (8.240 B/key), latency cold 32.3 ns, then mean 26.3 / min 24.0 ns
295.530,7.858540,32.315
[time 0.89 s, user 2.22 s, sys 0.23 s, maxrss 249404 KB]
[busy 258 jiffies]
[exit 0]
--- lexindex hashed16   load 0.78 0.72 1.32
1000000 keys
lexindex HashedDictIndex fp=16: build 298 ms, size 8.812 MiB (9.240 B/key), latency cold 36.7 ns, then mean 31.2 / min 29.8 ns
297.511,8.812214,36.727
[time 0.91 s, user 2.29 s, sys 0.24 s, maxrss 248896 KB]
[busy 270 jiffies]
[exit 0]
--- c2 case 0 rec 0   load 0.78 0.72 1.32
[TEST C2-FST]
Processing dataset...
Done!
Building trie...
Done!
build time: 634.718702 ms (634.718702 ns per key)
space cost: 6.917822 MB (52.632701% of original size 13.143581 MB)
Querying trie...
Done!
total time: 333.794909 ms, avg latency: 333.794909 ns
topology: 0.942398 MB, link: 2.041207 MB, data: 3.934216 MB
--- Unary Path Analysis (FST, cutoff=4) ---
  shared unary steps in main trie: 268333
  terminal suffixes: inplace=220500 (avg len=1.97)  links=754948 (77.4% of terminal)
  link len: avg=6.76  max=63  total_chars=5105329
  link length distribution (len:count):  4:91687  5:111663  6:114934  7:103953  8:85177  9:68086  10:51456  11:37502  12:26935  13:19286  14:13392  15:9281  16:6718  17:4599  18:3138  19:2143  20:1561  21:980  22:717  23:511  24:315  25:289  26:154  27:98  28:76  29:70  30:38  31:24  32:35  33:24  34:15  35:9  36:12  37:9  38:5  39:5  40:5  41:8  42:4  43:7  45:3  46:1  48:1  50:1  52:4  54:2  55:1  56:5  57:4  59:2  63:2  64:1
634.718702,6.917822,333.794909
[PASSED]
[time 1.39 s, user 1.27 s, sys 0.11 s, maxrss 183004 KB]
[busy 146 jiffies]
[exit 0]
--- c2 case 0 rec 1   load 0.80 0.73 1.32
[TEST C2-FST]
Processing dataset...
Done!
Building trie...
trie size: 2.171301 MB
Done!
build time: 690.939157 ms (690.939157 ns per key)
space cost: 6.261899 MB (47.642258% of original size 13.143581 MB)
Querying trie...
Done!
total time: 388.166489 ms, avg latency: 388.166489 ns
topology: 1.096256 MB, link: 1.933458 MB, data: 3.232184 MB
--- Unary Path Analysis (FST, cutoff=4) ---
  shared unary steps in main trie: 268333
  terminal suffixes: inplace=220500 (avg len=1.97)  links=754948 (77.4% of terminal)
  link len: avg=6.76  max=63  total_chars=5105329
  link length distribution (len:count):  4:91687  5:111663  6:114934  7:103953  8:85177  9:68086  10:51456  11:37502  12:26935  13:19286  14:13392  15:9281  16:6718  17:4599  18:3138  19:2143  20:1561  21:980  22:717  23:511  24:315  25:289  26:154  27:98  28:76  29:70  30:38  31:24  32:35  33:24  34:15  35:9  36:12  37:9  38:5  39:5  40:5  41:8  42:4  43:7  45:3  46:1  48:1  50:1  52:4  54:2  55:1  56:5  57:4  59:2  63:2  64:1
690.939157,6.261899,388.166489
[PASSED]
[time 1.51 s, user 1.39 s, sys 0.11 s, maxrss 183228 KB]
[busy 161 jiffies]
[exit 0]
--- c2 case 0 rec 2   load 0.80 0.73 1.32
[TEST C2-FST]
Processing dataset...
Done!
Building trie...
trie size: 2.171301 MB
trie size: 0.145336 MB
Done!
build time: 708.431821 ms (708.431821 ns per key)
space cost: 6.261899 MB (47.642258% of original size 13.143581 MB)
Querying trie...
Done!
total time: 390.504903 ms, avg latency: 390.504903 ns
topology: 1.096256 MB, link: 1.933458 MB, data: 3.232184 MB
--- Unary Path Analysis (FST, cutoff=4) ---
  shared unary steps in main trie: 268333
  terminal suffixes: inplace=220500 (avg len=1.97)  links=754948 (77.4% of terminal)
  link len: avg=6.76  max=63  total_chars=5105329
  link length distribution (len:count):  4:91687  5:111663  6:114934  7:103953  8:85177  9:68086  10:51456  11:37502  12:26935  13:19286  14:13392  15:9281  16:6718  17:4599  18:3138  19:2143  20:1561  21:980  22:717  23:511  24:315  25:289  26:154  27:98  28:76  29:70  30:38  31:24  32:35  33:24  34:15  35:9  36:12  37:9  38:5  39:5  40:5  41:8  42:4  43:7  45:3  46:1  48:1  50:1  52:4  54:2  55:1  56:5  57:4  59:2  63:2  64:1
708.431821,6.261899,390.504903
[PASSED]
[time 1.53 s, user 1.42 s, sys 0.10 s, maxrss 183040 KB]
[busy 164 jiffies]
[exit 0]
--- c2 case 1 rec 0   load 0.90 0.75 1.33
[TEST C2-CoCo(LOUDS-Sparse)]
Processing dataset...
Done!
Building trie...
Done!
build time: 1328.916593 ms (1328.916593 ns per key)
space cost: 6.955368 MB (52.918365% of original size 13.143581 MB)
Querying trie...
Done!
total time: 513.889559 ms, avg latency: 513.889559 ns
topology: 0.405121 MB, link: 2.743303 MB, data: 3.806944 MB
1328.916593,6.955368,513.889559
[PASSED]
[time 2.27 s, user 2.06 s, sys 0.19 s, maxrss 326664 KB]
[busy 235 jiffies]
[exit 0]
--- c2 case 1 rec 1   load 0.90 0.75 1.33
[TEST C2-CoCo(LOUDS-Sparse)]
Processing dataset...
Done!
Building trie...
trie size: 2.171301 MB
Done!
build time: 1419.036274 ms (1419.036274 ns per key)
space cost: 6.299446 MB (47.927923% of original size 13.143581 MB)
Querying trie...
Done!
total time: 538.868001 ms, avg latency: 538.868001 ns
topology: 0.558979 MB, link: 2.635554 MB, data: 3.104912 MB
1419.036274,6.299446,538.868001
[PASSED]
[time 2.39 s, user 2.19 s, sys 0.18 s, maxrss 326700 KB]
[busy 253 jiffies]
[exit 0]
--- c2 case 1 rec 2   load 0.91 0.75 1.32
[TEST C2-CoCo(LOUDS-Sparse)]
Processing dataset...
Done!
Building trie...
trie size: 2.171301 MB
trie size: 0.145336 MB
Done!
build time: 1420.594172 ms (1420.594172 ns per key)
space cost: 6.299446 MB (47.927923% of original size 13.143581 MB)
Querying trie...
Done!
total time: 528.582701 ms, avg latency: 528.582701 ns
topology: 0.558979 MB, link: 2.635554 MB, data: 3.104912 MB
1420.594172,6.299446,528.582701
[PASSED]
[time 2.38 s, user 2.20 s, sys 0.16 s, maxrss 326804 KB]
[busy 247 jiffies]
[exit 0]
--- c2 case 2 rec 0   load 0.91 0.76 1.32
[TEST C2-MARISA]
Processing dataset...
Done!
Building trie...
trie size: 2.220281 MB
Done!
build time: 684.011297 ms (684.011297 ns per key)
space cost: 6.286226 MB (47.827347% of original size 13.143581 MB)
Querying trie...
Done!
total time: 258.422522 ms, avg latency: 258.422522 ns
topology: 0.735279 MB, link: 2.419176 MB, data: 3.111263 MB
--- Unary Path Analysis (Marisa, cutoff=3) ---
  branches: 1529804  |  single-char: 445053 (29.1%)  short-unary: 119280 (7.8%)  links: 965471 (63.1%)
  link len: avg=7.67  max=65  total_chars=7409785
  link length distribution (len:count):  3:106346  4:81524  5:100388  6:117171  7:118183  8:106006  9:86378  10:68801  11:51930  12:37786  13:27091  14:19390  15:13458  16:9322  17:6753  18:4616  19:3149  20:2153  21:1566  22:983  23:724  24:512  25:321  26:290  27:155  28:98  29:77  30:70  31:40  32:24  33:35  34:24  35:16  36:9  37:12  38:9  39:5  40:5  41:5  42:8  43:4  44:7  46:3  47:1  49:1  51:1  53:4  55:2  56:1  57:5  58:4  60:2  64:2  65:1
  short unary avg len: 2.00
684.011297,6.286226,258.422522
[PASSED]
[time 1.37 s, user 1.25 s, sys 0.11 s, maxrss 205892 KB]
[busy 144 jiffies]
[exit 0]
--- c2 case 2 rec 1   load 0.91 0.76 1.32
[TEST C2-MARISA]
Processing dataset...
Done!
Building trie...
trie size: 2.220281 MB
trie size: 2.823213 MB
Done!
build time: 790.937904 ms (790.937904 ns per key)
space cost: 5.413679 MB (41.188767% of original size 13.143581 MB)
Querying trie...
Done!
total time: 327.964481 ms, avg latency: 327.964481 ns
topology: 0.947487 MB, link: 2.305346 MB, data: 2.140338 MB
--- Unary Path Analysis (Marisa, cutoff=3) ---
  branches: 1529804  |  single-char: 445053 (29.1%)  short-unary: 119280 (7.8%)  links: 965471 (63.1%)
  link len: avg=7.67  max=65  total_chars=7409785
  link length distribution (len:count):  3:106346  4:81524  5:100388  6:117171  7:118183  8:106006  9:86378  10:68801  11:51930  12:37786  13:27091  14:19390  15:13458  16:9322  17:6753  18:4616  19:3149  20:2153  21:1566  22:983  23:724  24:512  25:321  26:290  27:155  28:98  29:77  30:70  31:40  32:24  33:35  34:24  35:16  36:9  37:12  38:9  39:5  40:5  41:5  42:8  43:4  44:7  46:3  47:1  49:1  51:1  53:4  55:2  56:1  57:5  58:4  60:2  64:2  65:1
  short unary avg len: 2.00
790.937904,5.413679,327.964481
[PASSED]
[time 1.56 s, user 1.43 s, sys 0.12 s, maxrss 206012 KB]
[busy 163 jiffies]
[exit 0]
--- c2 case 2 rec 2   load 0.92 0.76 1.32
[TEST C2-MARISA]
Processing dataset...
Done!
Building trie...
trie size: 2.220281 MB
trie size: 2.823213 MB
trie size: 0.214430 MB
Done!
build time: 793.672623 ms (793.672623 ns per key)
space cost: 5.413679 MB (41.188767% of original size 13.143581 MB)
Querying trie...
Done!
total time: 331.977152 ms, avg latency: 331.977152 ns
topology: 0.947487 MB, link: 2.305346 MB, data: 2.140338 MB
--- Unary Path Analysis (Marisa, cutoff=3) ---
  branches: 1529804  |  single-char: 445053 (29.1%)  short-unary: 119280 (7.8%)  links: 965471 (63.1%)
  link len: avg=7.67  max=65  total_chars=7409785
  link length distribution (len:count):  3:106346  4:81524  5:100388  6:117171  7:118183  8:106006  9:86378  10:68801  11:51930  12:37786  13:27091  14:19390  15:13458  16:9322  17:6753  18:4616  19:3149  20:2153  21:1566  22:983  23:724  24:512  25:321  26:290  27:155  28:98  29:77  30:70  31:40  32:24  33:35  34:24  35:16  36:9  37:12  38:9  39:5  40:5  41:5  42:8  43:4  44:7  46:3  47:1  49:1  51:1  53:4  55:2  56:1  57:5  58:4  60:2  64:2  65:1
  short unary avg len: 2.00
793.672623,5.413679,331.977152
[PASSED]
[time 1.57 s, user 1.45 s, sys 0.11 s, maxrss 206012 KB]
[busy 166 jiffies]
[exit 0]
--- c2 case 3 rec 0   load 0.92 0.76 1.32
[TEST FST]
Processing dataset...
Done!
Building trie...
Done!
build time: 593.033404 ms (593.033404 ns per key)
space cost: 6.751218 MB (51.365131% of original size 13.143581 MB)
Querying trie...
Done!
total time: 444.789791 ms, avg latency: 444.789791 ns
not implemented
593.033404,6.751218,444.789791
[PASSED]
[time 1.47 s, user 1.38 s, sys 0.07 s, maxrss 95260 KB]
[busy 156 jiffies]
[exit 0]
--- c2 case 4 rec 0   load 0.93 0.77 1.32
[TEST COCO]
Processing dataset...
Done!
Building trie...
num nodes = 310886, average depth = 6.283062
ef = 0.001168, pa = 0.211653, bv = 0.000885, de = 0.651638
efr = 0.002046, par = 0.129141, bvr = 0.000006, der = 0.003464
Done!
build time: 10192.569451 ms (10192.569451 ns per key)
space cost: 9.668336 MB (73.559374% of original size 13.143581 MB)
Querying trie...
Done!
total time: 409.720926 ms, avg latency: 409.720926 ns
not implemented
10192.569451,9.668336,409.720926
[PASSED]
[time 11.44 s, user 8.83 s, sys 2.56 s, maxrss 6138168 KB]
[busy 1187 jiffies]
[exit 0]
--- c2 case 5 rec 0   load 0.94 0.77 1.31
[TEST MARISA]
Processing dataset...
Done!
Building trie...
Done!
build time: 487.784490 ms (487.784490 ns per key)
space cost: 6.885828 MB (52.389283% of original size 13.143581 MB)
Querying trie...
Done!
total time: 378.123465 ms, avg latency: 378.123465 ns
not implemented
487.784490,6.885828,378.123465
[PASSED]
[time 1.30 s, user 1.18 s, sys 0.11 s, maxrss 172332 KB]
[busy 137 jiffies]
[exit 0]
--- c2 case 5 rec 1   load 0.94 0.78 1.31
[TEST MARISA]
Processing dataset...
Done!
Building trie...
Done!
build time: 546.621041 ms (546.621041 ns per key)
space cost: 4.826345 MB (36.720170% of original size 13.143581 MB)
Querying trie...
Done!
total time: 510.365085 ms, avg latency: 510.365085 ns
not implemented
546.621041,4.826345,510.365085
[PASSED]
[time 1.49 s, user 1.37 s, sys 0.10 s, maxrss 172228 KB]
[busy 157 jiffies]
[exit 0]
--- c2 case 5 rec 2   load 0.94 0.78 1.31
[TEST MARISA]
Processing dataset...
Done!
Building trie...
Done!
build time: 563.596082 ms (563.596082 ns per key)
space cost: 4.647946 MB (35.362861% of original size 13.143581 MB)
Querying trie...
Done!
total time: 538.746833 ms, avg latency: 538.746833 ns
not implemented
563.596082,4.647946,538.746833
[PASSED]
[time 1.53 s, user 1.40 s, sys 0.12 s, maxrss 172464 KB]
[busy 165 jiffies]
[exit 0]
--- c2 case 6 rec 0   load 0.95 0.78 1.31
[TEST PDT]
Processing dataset...
Done!
Building trie...
dict size: 155466, stream size: 4016746
Done!
build time: 1900.229748 ms (1900.229748 ns per key)
space cost: 5.254991 MB (39.981421% of original size 13.143581 MB)
Querying trie...
Done!
total time: 513.793138 ms, avg latency: 513.793138 ns
not implemented
1900.229748,5.254991,513.793138
[PASSED]
[time 2.85 s, user 2.73 s, sys 0.10 s, maxrss 152708 KB]
[busy 295 jiffies]
[exit 0]
--- c2 case 7 rec 0   load 0.87 0.77 1.30
[TEST ART]
Processing dataset...
Done!
Building trie...
Done!
build time: 106.887373 ms (106.887373 ns per key)
space cost: 31.580688 MB (240.274607% of original size 13.143581 MB)
Querying trie...
Done!
total time: 253.395444 ms, avg latency: 253.395444 ns
not implemented
106.887373,31.580688,253.395444
[PASSED]
[time 0.79 s, user 0.71 s, sys 0.07 s, maxrss 136140 KB]
[busy 85 jiffies]
[exit 0]
--- c2 case 8 rec 0   load 0.87 0.77 1.30
[TEST CART]
Processing dataset...
Done!
Building trie...
Done!
build time: 162.365483 ms (162.365483 ns per key)
space cost: 13.831998 MB (105.237663% of original size 13.143581 MB)
Querying trie...
Done!
total time: 315.831801 ms, avg latency: 315.831801 ns
not implemented
162.365483,13.831998,315.831801
[PASSED]
[time 0.92 s, user 0.85 s, sys 0.07 s, maxrss 134388 KB]
[busy 99 jiffies]
[exit 0]
--- xcdat 7   load 0.87 0.77 1.30
build time: 517.232571 ms
space cost: 9.017626 MiB (68.608590% of original size 13.143581 MiB)
avg latency: 177.483072 ns
517.232571,9.017626,177.483072
[time 1.14 s, user 1.04 s, sys 0.08 s, maxrss 139600 KB]
[busy 119 jiffies]
[exit 0]
--- xcdat 8   load 1.04 0.81 1.31
build time: 486.572882 ms
space cost: 8.488643 MiB (64.583940% of original size 13.143581 MiB)
avg latency: 176.595154 ns
486.572882,8.488643,176.595154
[time 1.12 s, user 1.03 s, sys 0.08 s, maxrss 139932 KB]
[busy 121 jiffies]
[exit 0]
--- xcdat 15   load 1.04 0.81 1.31
build time: 507.681842 ms
space cost: 9.847433 MiB (74.921993% of original size 13.143581 MiB)
avg latency: 147.813565 ns
507.681842,9.847433,147.813565
[time 1.10 s, user 1.00 s, sys 0.09 s, maxrss 139740 KB]
[busy 116 jiffies]
[exit 0]
--- xcdat 16   load 0.96 0.79 1.30
build time: 487.179513 ms
space cost: 10.260450 MiB (78.064342% of original size 13.143581 MiB)
avg latency: 153.584290 ns
487.179513,10.260450,153.584290
[time 1.10 s, user 0.99 s, sys 0.10 s, maxrss 139968 KB]
[busy 117 jiffies]
[exit 0]

##### idents-1000000 (1000000 lines, 18283976 bytes)   round 1/3   2026-09-24T12:23:22+03:00
--- lexindex dict32   load 0.96 0.79 1.30
1000000 keys
lexindex DictIndex block 32: build 238 ms, size 5.356 MiB (5.617 B/key), latency cold 350.9 ns, then mean 341.1 / min 340.1 ns
237.665,5.356443,350.891
[time 2.12 s, user 3.46 s, sys 0.22 s, maxrss 249872 KB]
[busy 393 jiffies]
[exit 0]
--- lexindex dict256   load 0.88 0.78 1.30
1000000 keys
lexindex DictIndex block 256: build 240 ms, size 4.986 MiB (5.228 B/key), latency cold 376.9 ns, then mean 368.6 / min 367.6 ns
240.128,4.986134,376.868
[time 2.23 s, user 3.61 s, sys 0.24 s, maxrss 249860 KB]
[busy 411 jiffies]
[exit 0]
--- lexindex dict1024   load 0.88 0.78 1.30
1000000 keys
lexindex DictIndex block 1024: build 266 ms, size 4.831 MiB (5.066 B/key), latency cold 436.5 ns, then mean 437.5 / min 434.8 ns
266.197,4.830847,436.452
[time 2.51 s, user 3.39 s, sys 0.17 s, maxrss 239368 KB]
[busy 382 jiffies]
[exit 0]
--- lexindex routed32   load 0.89 0.78 1.30
1000000 keys
lexindex DictIndex block 32 routed: build 241 ms, size 5.833 MiB (6.117 B/key), latency cold 321.4 ns, then mean 314.3 / min 313.5 ns
240.661,5.833281,321.360
[time 2.00 s, user 3.39 s, sys 0.22 s, maxrss 249704 KB]
[busy 384 jiffies]
[exit 0]
--- lexindex routed256   load 0.82 0.77 1.29
1000000 keys
lexindex DictIndex block 256 routed: build 243 ms, size 5.463 MiB (5.728 B/key), latency cold 312.3 ns, then mean 303.1 / min 300.3 ns
242.557,5.463062,312.266
[time 1.97 s, user 3.36 s, sys 0.24 s, maxrss 249152 KB]
[busy 381 jiffies]
[exit 0]
--- lexindex routed1024   load 0.82 0.77 1.29
1000000 keys
lexindex DictIndex block 1024 routed: build 271 ms, size 5.069 MiB (5.316 B/key), latency cold 336.8 ns, then mean 333.0 / min 331.0 ns
271.457,5.069372,336.776
[time 2.11 s, user 3.00 s, sys 0.17 s, maxrss 239472 KB]
[busy 335 jiffies]
[exit 0]
--- lexindex string   load 0.83 0.77 1.29
1000000 keys
lexindex StringIndex: build 646 ms, size 10.063 MiB (10.552 B/key), latency cold 252.1 ns, then mean 246.3 / min 244.9 ns
645.969,10.063018,252.118
[time 2.12 s, user 2.03 s, sys 0.07 s, maxrss 149488 KB]
[busy 224 jiffies]
[exit 0]
--- lexindex hashed0   load 0.83 0.77 1.29
1000000 keys
lexindex HashedDictIndex closed: build 347 ms, size 7.599 MiB (7.969 B/key), latency cold 38.0 ns, then mean 37.0 / min 36.2 ns
347.493,7.599383,37.983
[time 0.99 s, user 2.47 s, sys 0.23 s, maxrss 251348 KB]
[busy 288 jiffies]
[exit 0]
--- lexindex hashed8   load 0.85 0.78 1.28
1000000 keys
lexindex HashedDictIndex fp=8: build 344 ms, size 8.553 MiB (8.969 B/key), latency cold 44.0 ns, then mean 42.6 / min 42.1 ns
343.849,8.553058,43.990
[time 1.01 s, user 2.47 s, sys 0.25 s, maxrss 253168 KB]
[busy 290 jiffies]
[exit 0]
--- lexindex hashed16   load 0.85 0.78 1.28
1000000 keys
lexindex HashedDictIndex fp=16: build 356 ms, size 9.507 MiB (9.969 B/key), latency cold 46.3 ns, then mean 43.4 / min 42.9 ns
356.338,9.506732,46.272
[time 1.04 s, user 2.43 s, sys 0.22 s, maxrss 260300 KB]
[busy 281 jiffies]
[exit 0]
--- c2 case 0 rec 0   load 0.78 0.77 1.28
[TEST C2-FST]
Processing dataset...
Done!
Building trie...
Done!
build time: 595.282079 ms (595.282079 ns per key)
space cost: 8.227930 MB (49.916813% of original size 16.483284 MB)
Querying trie...
Done!
total time: 458.811811 ms, avg latency: 458.811811 ns
topology: 1.135506 MB, link: 1.406907 MB, data: 5.685517 MB
--- Unary Path Analysis (FST, cutoff=4) ---
  shared unary steps in main trie: 971668
  terminal suffixes: inplace=238747 (avg len=2.28)  links=478774 (66.7% of terminal)
  link len: avg=9.52  max=507  total_chars=4557473
  link length distribution (len:count):  4:79167  5:52258  6:44526  7:37562  8:33071  9:28872  10:26062  11:38559  12:20998  13:14985  14:12840  15:11027  16:9190  17:7956  18:6288  19:5522  20:4616  21:3760  22:3224  23:2642  24:2265  25:1817  26:1599  27:3319  28:3490  29:1071  30:1819  31:12530  32:2370  33:475  34:427  35:414  36:360  37:260  38:234  39:210  40:195  41:157  42:148  43:129  44:137  45:91  46:113  47:107  48:101  49:86  50:71  51:74  52:68  53:61  54:79  55:76  56:60  57:86  58:122  59:137  60:259  61:339  62:18  63:12  64:12  65:12  66:15  67:15  68:13  69:15  70:7  71:11  72:10  73:21  74:26  75:36  76:15  77:1  78:2  79:2  80:3  81:3  83:1  84:2  85:2  86:1  88:2  89:2  90:2  91:4  92:1  94:2  95:1  96:3  104:1  106:1  107:1  109:1  110:1  116:1  117:3  120:1  121:2  122:1  123:1  124:1  129:1  191:1  257:1  366:1  424:1  508:1
595.282079,8.227930,458.811811
[PASSED]
[time 1.56 s, user 1.45 s, sys 0.11 s, maxrss 163216 KB]
[busy 166 jiffies]
[exit 0]
--- c2 case 0 rec 1   load 0.78 0.77 1.28
[TEST C2-FST]
Processing dataset...
Done!
Building trie...
trie size: 1.626037 MB
Done!
build time: 702.918980 ms (702.918980 ns per key)
space cost: 7.389305 MB (44.829083% of original size 16.483284 MB)
Querying trie...
Done!
total time: 523.267834 ms, avg latency: 523.267834 ns
topology: 1.316097 MB, link: 1.431170 MB, data: 4.642038 MB
--- Unary Path Analysis (FST, cutoff=4) ---
  shared unary steps in main trie: 971668
  terminal suffixes: inplace=238747 (avg len=2.28)  links=478774 (66.7% of terminal)
  link len: avg=9.52  max=507  total_chars=4557473
  link length distribution (len:count):  4:79167  5:52258  6:44526  7:37562  8:33071  9:28872  10:26062  11:38559  12:20998  13:14985  14:12840  15:11027  16:9190  17:7956  18:6288  19:5522  20:4616  21:3760  22:3224  23:2642  24:2265  25:1817  26:1599  27:3319  28:3490  29:1071  30:1819  31:12530  32:2370  33:475  34:427  35:414  36:360  37:260  38:234  39:210  40:195  41:157  42:148  43:129  44:137  45:91  46:113  47:107  48:101  49:86  50:71  51:74  52:68  53:61  54:79  55:76  56:60  57:86  58:122  59:137  60:259  61:339  62:18  63:12  64:12  65:12  66:15  67:15  68:13  69:15  70:7  71:11  72:10  73:21  74:26  75:36  76:15  77:1  78:2  79:2  80:3  81:3  83:1  84:2  85:2  86:1  88:2  89:2  90:2  91:4  92:1  94:2  95:1  96:3  104:1  106:1  107:1  109:1  110:1  116:1  117:3  120:1  121:2  122:1  123:1  124:1  129:1  191:1  257:1  366:1  424:1  508:1
702.918980,7.389305,523.267834
[PASSED]
[time 1.75 s, user 1.65 s, sys 0.09 s, maxrss 163132 KB]
[busy 183 jiffies]
[exit 0]
--- c2 case 0 rec 2   load 0.80 0.77 1.27
[TEST C2-FST]
Processing dataset...
Done!
Building trie...
trie size: 1.626037 MB
trie size: 0.392475 MB
Done!
build time: 760.669761 ms (760.669761 ns per key)
space cost: 7.389305 MB (44.829083% of original size 16.483284 MB)
Querying trie...
Done!
total time: 520.708364 ms, avg latency: 520.708364 ns
topology: 1.316097 MB, link: 1.431170 MB, data: 4.642038 MB
--- Unary Path Analysis (FST, cutoff=4) ---
  shared unary steps in main trie: 971668
  terminal suffixes: inplace=238747 (avg len=2.28)  links=478774 (66.7% of terminal)
  link len: avg=9.52  max=507  total_chars=4557473
  link length distribution (len:count):  4:79167  5:52258  6:44526  7:37562  8:33071  9:28872  10:26062  11:38559  12:20998  13:14985  14:12840  15:11027  16:9190  17:7956  18:6288  19:5522  20:4616  21:3760  22:3224  23:2642  24:2265  25:1817  26:1599  27:3319  28:3490  29:1071  30:1819  31:12530  32:2370  33:475  34:427  35:414  36:360  37:260  38:234  39:210  40:195  41:157  42:148  43:129  44:137  45:91  46:113  47:107  48:101  49:86  50:71  51:74  52:68  53:61  54:79  55:76  56:60  57:86  58:122  59:137  60:259  61:339  62:18  63:12  64:12  65:12  66:15  67:15  68:13  69:15  70:7  71:11  72:10  73:21  74:26  75:36  76:15  77:1  78:2  79:2  80:3  81:3  83:1  84:2  85:2  86:1  88:2  89:2  90:2  91:4  92:1  94:2  95:1  96:3  104:1  106:1  107:1  109:1  110:1  116:1  117:3  120:1  121:2  122:1  123:1  124:1  129:1  191:1  257:1  366:1  424:1  508:1
760.669761,7.389305,520.708364
[PASSED]
[time 1.81 s, user 1.70 s, sys 0.10 s, maxrss 163248 KB]
[busy 190 jiffies]
[exit 0]
--- c2 case 1 rec 0   load 0.80 0.77 1.27
[TEST C2-CoCo(LOUDS-Sparse)]
Processing dataset...
Done!
Building trie...
Done!
build time: 2134.014157 ms (2134.014157 ns per key)
space cost: 8.350286 MB (50.659118% of original size 16.483284 MB)
Querying trie...
Done!
total time: 568.381795 ms, avg latency: 568.381795 ns
topology: 0.418800 MB, link: 2.233477 MB, data: 5.698009 MB
2134.014157,8.350286,568.381795
[PASSED]
[time 3.22 s, user 3.03 s, sys 0.17 s, maxrss 335844 KB]
[busy 338 jiffies]
[exit 0]
--- c2 case 1 rec 1   load 0.81 0.77 1.27
[TEST C2-CoCo(LOUDS-Sparse)]
Processing dataset...
Done!
Building trie...
trie size: 1.626037 MB
Done!
build time: 2237.562485 ms (2237.562485 ns per key)
space cost: 7.511661 MB (45.571388% of original size 16.483284 MB)
Querying trie...
Done!
total time: 644.829112 ms, avg latency: 644.829112 ns
topology: 0.599392 MB, link: 2.257739 MB, data: 4.654530 MB
2237.562485,7.511661,644.829112
[PASSED]
[time 3.40 s, user 3.22 s, sys 0.16 s, maxrss 336024 KB]
[busy 353 jiffies]
[exit 0]
--- c2 case 1 rec 2   load 0.83 0.78 1.27
[TEST C2-CoCo(LOUDS-Sparse)]
Processing dataset...
Done!
Building trie...
trie size: 1.626037 MB
trie size: 0.392475 MB
Done!
build time: 2301.854980 ms (2301.854980 ns per key)
space cost: 7.511661 MB (45.571388% of original size 16.483284 MB)
Querying trie...
Done!
total time: 624.082264 ms, avg latency: 624.082264 ns
topology: 0.599392 MB, link: 2.257739 MB, data: 4.654530 MB
2301.854980,7.511661,624.082264
[PASSED]
[time 3.44 s, user 3.26 s, sys 0.17 s, maxrss 335872 KB]
[busy 364 jiffies]
[exit 0]
--- c2 case 2 rec 0   load 0.84 0.78 1.27
[TEST C2-MARISA]
Processing dataset...
Done!
Building trie...
trie size: 2.268721 MB
Done!
build time: 668.286857 ms (668.286857 ns per key)
space cost: 7.402753 MB (44.910668% of original size 16.483284 MB)
Querying trie...
Done!
total time: 332.929311 ms, avg latency: 332.929311 ns
topology: 0.751392 MB, link: 2.163248 MB, data: 4.467605 MB
--- Unary Path Analysis (Marisa, cutoff=3) ---
  branches: 1404624  |  single-char: 479529 (34.1%)  short-unary: 101093 (7.2%)  links: 824002 (58.7%)
  link len: avg=8.83  max=511  total_chars=7275589
  link length distribution (len:count):  3:96296  4:151575  5:100673  6:68854  7:57858  8:46664  9:40166  10:34974  11:30498  12:41963  13:23674  14:17279  15:14913  16:12650  17:10496  18:9162  19:7137  20:6187  21:5166  22:4219  23:3575  24:2970  25:2515  26:2033  27:1786  28:3448  29:3574  30:1146  31:1929  32:12598  33:2418  34:520  35:464  36:440  37:386  38:271  39:250  40:221  41:206  42:160  43:154  44:139  45:143  46:95  47:113  48:108  49:103  50:87  51:72  52:78  53:68  54:62  55:80  56:76  57:60  58:86  59:123  60:137  61:260  62:340  63:18  64:12  65:14  66:12  67:15  68:15  69:13  70:15  71:7  72:12  73:10  74:22  75:26  76:36  77:15  78:1  79:2  80:2  81:3  82:3  83:1  84:2  85:2  86:2  87:2  89:2  90:2  91:2  92:4  93:1  95:2  96:1  97:3  105:1  107:1  108:1  110:1  111:1  117:1  118:3  121:1  122:2  123:1  124:1  125:1  130:1  136:1  137:1  192:1  258:1  337:1  367:1  425:1  509:1  511:1
  short unary avg len: 2.00
668.286857,7.402753,332.929311
[PASSED]
[time 1.51 s, user 1.38 s, sys 0.12 s, maxrss 204352 KB]
[busy 158 jiffies]
[exit 0]
--- c2 case 2 rec 1   load 0.84 0.78 1.27
[TEST C2-MARISA]
Processing dataset...
Done!
Building trie...
trie size: 2.268721 MB
trie size: 2.569425 MB
Done!
build time: 817.386839 ms (817.386839 ns per key)
space cost: 6.231204 MB (37.803171% of original size 16.483284 MB)
Querying trie...
Done!
total time: 445.872454 ms, avg latency: 445.872454 ns
topology: 0.985817 MB, link: 2.134608 MB, data: 3.090271 MB
--- Unary Path Analysis (Marisa, cutoff=3) ---
  branches: 1404624  |  single-char: 479529 (34.1%)  short-unary: 101093 (7.2%)  links: 824002 (58.7%)
  link len: avg=8.83  max=511  total_chars=7275589
  link length distribution (len:count):  3:96296  4:151575  5:100673  6:68854  7:57858  8:46664  9:40166  10:34974  11:30498  12:41963  13:23674  14:17279  15:14913  16:12650  17:10496  18:9162  19:7137  20:6187  21:5166  22:4219  23:3575  24:2970  25:2515  26:2033  27:1786  28:3448  29:3574  30:1146  31:1929  32:12598  33:2418  34:520  35:464  36:440  37:386  38:271  39:250  40:221  41:206  42:160  43:154  44:139  45:143  46:95  47:113  48:108  49:103  50:87  51:72  52:78  53:68  54:62  55:80  56:76  57:60  58:86  59:123  60:137  61:260  62:340  63:18  64:12  65:14  66:12  67:15  68:15  69:13  70:15  71:7  72:12  73:10  74:22  75:26  76:36  77:15  78:1  79:2  80:2  81:3  82:3  83:1  84:2  85:2  86:2  87:2  89:2  90:2  91:2  92:4  93:1  95:2  96:1  97:3  105:1  107:1  108:1  110:1  111:1  117:1  118:3  121:1  122:2  123:1  124:1  125:1  130:1  136:1  137:1  192:1  258:1  337:1  367:1  425:1  509:1  511:1
  short unary avg len: 2.00
817.386839,6.231204,445.872454
[PASSED]
[time 1.78 s, user 1.66 s, sys 0.12 s, maxrss 204788 KB]
[busy 187 jiffies]
[exit 0]
--- c2 case 2 rec 2   load 0.86 0.78 1.27
[TEST C2-MARISA]
Processing dataset...
Done!
Building trie...
trie size: 2.268721 MB
trie size: 2.569425 MB
trie size: 0.468599 MB
Done!
build time: 866.015967 ms (866.015967 ns per key)
space cost: 6.231204 MB (37.803171% of original size 16.483284 MB)
Querying trie...
Done!
total time: 425.807627 ms, avg latency: 425.807627 ns
topology: 0.985817 MB, link: 2.134608 MB, data: 3.090271 MB
--- Unary Path Analysis (Marisa, cutoff=3) ---
  branches: 1404624  |  single-char: 479529 (34.1%)  short-unary: 101093 (7.2%)  links: 824002 (58.7%)
  link len: avg=8.83  max=511  total_chars=7275589
  link length distribution (len:count):  3:96296  4:151575  5:100673  6:68854  7:57858  8:46664  9:40166  10:34974  11:30498  12:41963  13:23674  14:17279  15:14913  16:12650  17:10496  18:9162  19:7137  20:6187  21:5166  22:4219  23:3575  24:2970  25:2515  26:2033  27:1786  28:3448  29:3574  30:1146  31:1929  32:12598  33:2418  34:520  35:464  36:440  37:386  38:271  39:250  40:221  41:206  42:160  43:154  44:139  45:143  46:95  47:113  48:108  49:103  50:87  51:72  52:78  53:68  54:62  55:80  56:76  57:60  58:86  59:123  60:137  61:260  62:340  63:18  64:12  65:14  66:12  67:15  68:15  69:13  70:15  71:7  72:12  73:10  74:22  75:26  76:36  77:15  78:1  79:2  80:2  81:3  82:3  83:1  84:2  85:2  86:2  87:2  89:2  90:2  91:2  92:4  93:1  95:2  96:1  97:3  105:1  107:1  108:1  110:1  111:1  117:1  118:3  121:1  122:2  123:1  124:1  125:1  130:1  136:1  137:1  192:1  258:1  337:1  367:1  425:1  509:1  511:1
  short unary avg len: 2.00
866.015967,6.231204,425.807627
[PASSED]
[time 1.81 s, user 1.66 s, sys 0.14 s, maxrss 204696 KB]
[busy 189 jiffies]
[exit 0]
--- c2 case 3 rec 0   load 0.79 0.77 1.26
[TEST FST]
Processing dataset...
Done!
Building trie...
Done!
build time: 674.068722 ms (674.068722 ns per key)
space cost: 8.563316 MB (51.951519% of original size 16.483284 MB)
Querying trie...
Done!
total time: 743.741237 ms, avg latency: 743.741237 ns
not implemented
674.068722,8.563316,743.741237
[PASSED]
[time 1.93 s, user 1.85 s, sys 0.08 s, maxrss 114700 KB]
[busy 203 jiffies]
[exit 0]
--- c2 case 4 rec 0   load 0.79 0.77 1.26
[TEST COCO]
Processing dataset...
Done!
Building trie...
num nodes = 412937, average depth = 8.208172
ef = 0.000455, pa = 0.242352, bv = 0.003325, de = 0.563989
efr = 0.002477, par = 0.125714, bvr = 0.000545, der = 0.061142
Done!
build time: 14140.993495 ms (14140.993495 ns per key)
space cost: 9.974920 MB (60.515370% of original size 16.483284 MB)
Querying trie...
Done!
total time: 502.074806 ms, avg latency: 502.074806 ns
not implemented
14140.993495,9.974920,502.074806
[PASSED]
[time 15.68 s, user 12.29 s, sys 3.32 s, maxrss 7730608 KB]
[busy 1617 jiffies]
[exit 0]
--- c2 case 5 rec 0   load 0.77 0.77 1.25
[TEST MARISA]
Processing dataset...
Done!
Building trie...
Done!
build time: 466.498337 ms (466.498337 ns per key)
space cost: 7.279773 MB (44.164578% of original size 16.483284 MB)
Querying trie...
Done!
total time: 473.355363 ms, avg latency: 473.355363 ns
not implemented
466.498337,7.279773,473.355363
[PASSED]
[time 1.46 s, user 1.34 s, sys 0.10 s, maxrss 157900 KB]
[busy 154 jiffies]
[exit 0]
--- c2 case 5 rec 1   load 0.77 0.77 1.25
[TEST MARISA]
Processing dataset...
Done!
Building trie...
Done!
build time: 542.207927 ms (542.207927 ns per key)
space cost: 5.655286 MB (34.309218% of original size 16.483284 MB)
Querying trie...
Done!
total time: 661.599188 ms, avg latency: 661.599188 ns
not implemented
542.207927,5.655286,661.599188
[PASSED]
[time 1.71 s, user 1.60 s, sys 0.09 s, maxrss 157748 KB]
[busy 182 jiffies]
[exit 0]
--- c2 case 5 rec 2   load 0.71 0.76 1.24
[TEST MARISA]
Processing dataset...
Done!
Building trie...
Done!
build time: 564.771771 ms (564.771771 ns per key)
space cost: 5.354378 MB (32.483683% of original size 16.483284 MB)
Querying trie...
Done!
total time: 723.205174 ms, avg latency: 723.205174 ns
not implemented
564.771771,5.354378,723.205174
[PASSED]
[time 1.81 s, user 1.68 s, sys 0.11 s, maxrss 165808 KB]
[busy 189 jiffies]
[exit 0]
--- c2 case 6 rec 0   load 0.71 0.76 1.24
[TEST PDT]
Processing dataset...
Done!
Building trie...
dict size: 158636, stream size: 5032831
Done!
build time: 2583.330775 ms (2583.330775 ns per key)
space cost: 6.227028 MB (37.777835% of original size 16.483284 MB)
Querying trie...
Done!
total time: 590.947203 ms, avg latency: 590.947203 ns
not implemented
2583.330775,6.227028,590.947203
[PASSED]
[time 3.68 s, user 3.56 s, sys 0.10 s, maxrss 168200 KB]
[busy 383 jiffies]
[exit 0]
--- c2 case 7 rec 0   load 0.73 0.76 1.24
[TEST ART]
Processing dataset...
Done!
Building trie...
Done!
build time: 154.052179 ms (154.052179 ns per key)
space cost: 32.931778 MB (199.788937% of original size 16.483284 MB)
Querying trie...
Done!
total time: 396.625195 ms, avg latency: 396.625195 ns
not implemented
154.052179,32.931778,396.625195
[PASSED]
[time 1.08 s, user 0.98 s, sys 0.09 s, maxrss 160488 KB]
[busy 115 jiffies]
[exit 0]
--- c2 case 8 rec 0   load 0.73 0.76 1.24
[TEST CART]
Processing dataset...
Done!
Building trie...
Done!
build time: 203.907773 ms (203.907773 ns per key)
space cost: 15.673315 MB (95.086119% of original size 16.483284 MB)
Querying trie...
Done!
total time: 476.879396 ms, avg latency: 476.879396 ns
not implemented
203.907773,15.673315,476.879396
[PASSED]
[time 1.21 s, user 1.12 s, sys 0.08 s, maxrss 148816 KB]
[busy 128 jiffies]
[exit 0]
--- xcdat 7   load 0.75 0.77 1.24
build time: 503.608037 ms
space cost: 11.013126 MiB (66.813909% of original size 16.483284 MiB)
avg latency: 224.932343 ns
503.608037,11.013126,224.932343
[time 1.25 s, user 1.13 s, sys 0.11 s, maxrss 180224 KB]
[busy 131 jiffies]
[exit 0]
--- xcdat 8   load 0.75 0.77 1.24
build time: 461.334393 ms
space cost: 10.584354 MiB (64.212656% of original size 16.483284 MiB)
avg latency: 212.014658 ns
461.334393,10.584354,212.014658
[time 1.21 s, user 1.10 s, sys 0.10 s, maxrss 180044 KB]
[busy 128 jiffies]
[exit 0]
--- xcdat 15   load 0.77 0.77 1.24
build time: 500.777527 ms
space cost: 13.141485 MiB (79.726135% of original size 16.483284 MiB)
avg latency: 202.885231 ns
500.777527,13.141485,202.885231
[time 1.22 s, user 1.11 s, sys 0.10 s, maxrss 180100 KB]
[busy 133 jiffies]
[exit 0]
--- xcdat 16   load 0.77 0.77 1.24
build time: 463.932094 ms
space cost: 13.736038 MiB (83.333140% of original size 16.483284 MiB)
avg latency: 210.559793 ns
463.932094,13.736038,210.559793
[time 1.20 s, user 1.08 s, sys 0.11 s, maxrss 180120 KB]
[busy 128 jiffies]
[exit 0]

##### numeric-1000000 (1000000 lines, 6888890 bytes)   round 1/3   2026-09-24T12:25:05+03:00
--- lexindex dict32   load 0.79 0.77 1.24
1000000 keys
lexindex DictIndex block 32: build 69 ms, size 1.160 MiB (1.216 B/key), latency cold 230.3 ns, then mean 228.1 / min 227.9 ns
69.134,1.159871,230.252
[time 1.40 s, user 1.63 s, sys 0.15 s, maxrss 137064 KB]
[busy 191 jiffies]
[exit 0]
--- lexindex dict256   load 0.79 0.77 1.24
1000000 keys
lexindex DictIndex block 256: build 75 ms, size 0.964 MiB (1.011 B/key), latency cold 242.9 ns, then mean 243.1 / min 242.6 ns
74.623,0.964076,242.929
[time 1.47 s, user 1.69 s, sys 0.15 s, maxrss 136956 KB]
[busy 200 jiffies]
[exit 0]
--- lexindex dict1024   load 0.81 0.78 1.24
1000000 keys
lexindex DictIndex block 1024: build 69 ms, size 0.875 MiB (0.918 B/key), latency cold 261.7 ns, then mean 262.4 / min 261.8 ns
68.982,0.875449,261.739
[time 1.53 s, user 1.63 s, sys 0.10 s, maxrss 126120 KB]
[busy 188 jiffies]
[exit 0]
--- lexindex routed32   load 0.81 0.78 1.24
1000000 keys
lexindex DictIndex block 32 routed: build 75 ms, size 1.637 MiB (1.716 B/key), latency cold 198.5 ns, then mean 197.8 / min 197.5 ns
74.529,1.636708,198.516
[time 1.28 s, user 1.54 s, sys 0.15 s, maxrss 137704 KB]
[busy 182 jiffies]
[exit 0]
--- lexindex routed256   load 0.74 0.76 1.23
1000000 keys
lexindex DictIndex block 256 routed: build 75 ms, size 1.441 MiB (1.511 B/key), latency cold 176.0 ns, then mean 177.0 / min 176.1 ns
74.587,1.441005,176.027
[time 1.19 s, user 1.43 s, sys 0.18 s, maxrss 139236 KB]
[busy 177 jiffies]
[exit 0]
--- lexindex routed1024   load 0.74 0.76 1.23
1000000 keys
lexindex DictIndex block 1024 routed: build 70 ms, size 1.114 MiB (1.168 B/key), latency cold 176.3 ns, then mean 176.2 / min 175.3 ns
70.380,1.113975,176.261
[time 1.19 s, user 1.30 s, sys 0.09 s, maxrss 127592 KB]
[busy 149 jiffies]
[exit 0]
--- lexindex string   load 0.68 0.75 1.22
1000000 keys
lexindex StringIndex: build 155 ms, size 0.000 MiB (0.000 B/key), latency cold 81.7 ns, then mean 81.9 / min 81.8 ns
154.981,0.000287,81.724
[time 0.90 s, user 0.84 s, sys 0.05 s, maxrss 115336 KB]
[busy 103 jiffies]
[exit 0]
--- lexindex hashed0   load 0.68 0.75 1.22
1000000 keys
lexindex HashedDictIndex closed: build 159 ms, size 3.578 MiB (3.752 B/key), latency cold 13.3 ns, then mean 12.3 / min 12.2 ns
158.719,3.577960,13.338
[time 0.62 s, user 0.91 s, sys 0.14 s, maxrss 152440 KB]
[busy 118 jiffies]
[exit 0]
--- lexindex hashed8   load 0.68 0.75 1.22
1000000 keys
lexindex HashedDictIndex fp=8: build 155 ms, size 4.532 MiB (4.752 B/key), latency cold 17.8 ns, then mean 15.9 / min 15.8 ns
154.617,4.531634,17.774
[time 0.63 s, user 0.89 s, sys 0.15 s, maxrss 153140 KB]
[busy 117 jiffies]
[exit 0]
--- lexindex hashed16   load 0.63 0.74 1.22
1000000 keys
lexindex HashedDictIndex fp=16: build 158 ms, size 5.485 MiB (5.752 B/key), latency cold 18.3 ns, then mean 16.2 / min 15.9 ns
157.805,5.485309,18.287
[time 0.64 s, user 0.91 s, sys 0.17 s, maxrss 151192 KB]
[busy 121 jiffies]
[exit 0]
--- c2 case 0 rec 0   load 0.63 0.74 1.22
timeout: the monitored command dumped core
Command terminated by signal 11
[time 0.38 s, user 0.26 s, sys 0.05 s, maxrss 84028 KB]
[busy 44 jiffies]
[exit 139]
--- c2 case 0 rec 1   load 0.63 0.74 1.22
timeout: the monitored command dumped core
Command terminated by signal 11
[time 0.37 s, user 0.26 s, sys 0.04 s, maxrss 83916 KB]
[busy 43 jiffies]
[exit 139]
--- c2 case 0 rec 2   load 0.63 0.74 1.22
timeout: the monitored command dumped core
Command terminated by signal 11
[time 0.37 s, user 0.26 s, sys 0.05 s, maxrss 83884 KB]
[busy 40 jiffies]
[exit 139]
--- c2 case 1 rec 0   load 0.58 0.73 1.21
timeout: the monitored command dumped core
Command terminated by signal 11
[time 0.40 s, user 0.29 s, sys 0.05 s, maxrss 83812 KB]
[busy 48 jiffies]
[exit 139]
--- c2 case 1 rec 1   load 0.58 0.73 1.21
timeout: the monitored command dumped core
Command terminated by signal 11
[time 0.40 s, user 0.29 s, sys 0.05 s, maxrss 84012 KB]
[busy 45 jiffies]
[exit 139]
--- c2 case 1 rec 2   load 0.58 0.73 1.21
timeout: the monitored command dumped core
Command terminated by signal 11
[time 0.40 s, user 0.29 s, sys 0.05 s, maxrss 84136 KB]
[busy 47 jiffies]
[exit 139]
--- c2 case 2 rec 0   load 0.53 0.71 1.20
timeout: the monitored command dumped core
Command terminated by signal 11
[time 0.38 s, user 0.26 s, sys 0.05 s, maxrss 83720 KB]
[busy 43 jiffies]
[exit 139]
--- c2 case 2 rec 1   load 0.53 0.71 1.20
timeout: the monitored command dumped core
Command terminated by signal 11
[time 0.37 s, user 0.26 s, sys 0.05 s, maxrss 84056 KB]
[busy 44 jiffies]
[exit 139]
--- c2 case 2 rec 2   load 0.53 0.71 1.20
timeout: the monitored command dumped core
Command terminated by signal 11
[time 0.37 s, user 0.25 s, sys 0.05 s, maxrss 84096 KB]
[busy 43 jiffies]
[exit 139]
--- c2 case 3 rec 0   load 0.53 0.71 1.20
[TEST FST]
Processing dataset...
Done!
Building trie...
Done!
build time: 218.675365 ms (218.675365 ns per key)
space cost: 1.445107 MB (25.731589% of original size 5.616083 MB)
Querying trie...
Done!
total time: 246.591548 ms, avg latency: 246.591548 ns
not implemented
218.675365,1.445107,246.591548
[PASSED]
[time 0.79 s, user 0.73 s, sys 0.05 s, maxrss 73928 KB]
[busy 85 jiffies]
[exit 0]
--- c2 case 4 rec 0   load 0.57 0.72 1.20
[TEST COCO]
Processing dataset...
Done!
Building trie...
num nodes = 9001, average depth = 1.000222
ef = 0.000000, pa = 0.000000, bv = 0.000111, de = 0.999889
efr = 0.000000, par = 0.000000, bvr = 0.000000, der = 0.000000
Done!
build time: 688.062340 ms (688.062340 ns per key)
space cost: 0.497188 MB (8.852927% of original size 5.616083 MB)
Querying trie...
Done!
total time: 228.773542 ms, avg latency: 228.773542 ns
not implemented
688.062340,0.497188,228.773542
[PASSED]
[time 1.26 s, user 1.01 s, sys 0.24 s, maxrss 494712 KB]
[busy 133 jiffies]
[exit 0]
--- c2 case 5 rec 0   load 0.57 0.72 1.20
[TEST MARISA]
Processing dataset...
Done!
Building trie...
Done!
build time: 143.725883 ms (143.725883 ns per key)
space cost: 1.565816 MB (27.880925% of original size 5.616083 MB)
Querying trie...
Done!
total time: 184.337514 ms, avg latency: 184.337514 ns
not implemented
143.725883,1.565816,184.337514
[PASSED]
[time 0.66 s, user 0.59 s, sys 0.06 s, maxrss 108508 KB]
[busy 71 jiffies]
[exit 0]
--- c2 case 5 rec 1   load 0.52 0.71 1.19
[TEST MARISA]
Processing dataset...
Done!
Building trie...
Done!
build time: 141.750591 ms (141.750591 ns per key)
space cost: 1.565816 MB (27.880925% of original size 5.616083 MB)
Querying trie...
Done!
total time: 187.232034 ms, avg latency: 187.232034 ns
not implemented
141.750591,1.565816,187.232034
[PASSED]
[time 0.65 s, user 0.58 s, sys 0.07 s, maxrss 108308 KB]
[busy 72 jiffies]
[exit 0]
--- c2 case 5 rec 2   load 0.52 0.71 1.19
[TEST MARISA]
Processing dataset...
Done!
Building trie...
Done!
build time: 143.846880 ms (143.846880 ns per key)
space cost: 1.565816 MB (27.880925% of original size 5.616083 MB)
Querying trie...
Done!
total time: 187.505638 ms, avg latency: 187.505638 ns
not implemented
143.846880,1.565816,187.505638
[PASSED]
[time 0.67 s, user 0.59 s, sys 0.06 s, maxrss 108020 KB]
[busy 73 jiffies]
[exit 0]
--- c2 case 6 rec 0   load 0.52 0.71 1.19
[TEST PDT]
Processing dataset...
Done!
Building trie...
dict size: 92, stream size: 296698
Done!
build time: 106.870421 ms (106.870421 ns per key)
space cost: 1.559100 MB (27.761344% of original size 5.616083 MB)
Querying trie...
Done!
total time: 390.578351 ms, avg latency: 390.578351 ns
not implemented
106.870421,1.559100,390.578351
[PASSED]
[time 0.82 s, user 0.77 s, sys 0.04 s, maxrss 90008 KB]
[busy 89 jiffies]
[exit 0]
--- c2 case 7 rec 0   load 0.48 0.69 1.19
[TEST ART]
Processing dataset...
Done!
Building trie...
Done!
build time: 56.235874 ms (56.235874 ns per key)
space cost: 20.065308 MB (357.282951% of original size 5.616083 MB)
Querying trie...
Done!
total time: 73.354395 ms, avg latency: 73.354395 ns
not implemented
56.235874,20.065308,73.354395
[PASSED]
[time 0.45 s, user 0.39 s, sys 0.05 s, maxrss 103004 KB]
[busy 52 jiffies]
[exit 0]
--- c2 case 8 rec 0   load 0.48 0.69 1.19
[TEST CART]
Processing dataset...
Done!
Building trie...
Done!
build time: 70.235083 ms (70.235083 ns per key)
space cost: 11.262885 MB (200.546979% of original size 5.616083 MB)
Querying trie...
Done!
total time: 81.432796 ms, avg latency: 81.432796 ns
not implemented
70.235083,11.262885,81.432796
[PASSED]
[time 0.48 s, user 0.42 s, sys 0.05 s, maxrss 104752 KB]
[busy 54 jiffies]
[exit 0]
--- xcdat 7   load 0.48 0.69 1.19
build time: 264.350341 ms
space cost: 5.285287 MiB (94.109841% of original size 5.616083 MiB)
avg latency: 86.247996 ns
264.350341,5.285287,86.247996
[time 0.68 s, user 0.60 s, sys 0.06 s, maxrss 90352 KB]
[busy 77 jiffies]
[exit 0]
--- xcdat 8   load 0.44 0.68 1.18
build time: 171.547768 ms
space cost: 4.607934 MiB (82.048892% of original size 5.616083 MiB)
avg latency: 94.861322 ns
171.547768,4.607934,94.861322
[time 0.59 s, user 0.52 s, sys 0.06 s, maxrss 90184 KB]
[busy 65 jiffies]
[exit 0]
--- xcdat 15   load 0.44 0.68 1.18
build time: 199.084639 ms
space cost: 6.727912 MiB (119.797228% of original size 5.616083 MiB)
avg latency: 55.075483 ns
199.084639,6.727912,55.075483
[time 0.58 s, user 0.51 s, sys 0.06 s, maxrss 90472 KB]
[busy 65 jiffies]
[exit 0]
--- xcdat 16   load 0.44 0.68 1.18
build time: 171.432952 ms
space cost: 7.181439 MiB (127.872740% of original size 5.616083 MiB)
avg latency: 69.418869 ns
171.432952,7.181439,69.418869
[time 0.57 s, user 0.50 s, sys 0.06 s, maxrss 90468 KB]
[busy 61 jiffies]
[exit 0]

##### opaque-1000000 (1000000 lines, 17000000 bytes)   round 1/3   2026-09-24T12:25:59+03:00
--- lexindex dict32   load 0.41 0.67 1.17
1000000 keys
lexindex DictIndex block 32: build 126 ms, size 10.145 MiB (10.638 B/key), latency cold 325.2 ns, then mean 322.5 / min 314.4 ns
126.322,10.144960,325.228
[time 1.86 s, user 2.46 s, sys 0.27 s, maxrss 169284 KB]
[busy 293 jiffies]
[exit 0]
--- lexindex dict256   load 0.41 0.67 1.17
1000000 keys
lexindex DictIndex block 256: build 130 ms, size 9.917 MiB (10.399 B/key), latency cold 331.1 ns, then mean 328.1 / min 328.0 ns
129.536,9.916968,331.073
[time 1.88 s, user 2.51 s, sys 0.25 s, maxrss 170712 KB]
[busy 293 jiffies]
[exit 0]
--- lexindex dict1024   load 0.45 0.68 1.17
1000000 keys
lexindex DictIndex block 1024: build 133 ms, size 9.814 MiB (10.291 B/key), latency cold 367.1 ns, then mean 364.4 / min 363.2 ns
133.016,9.813874,367.104
[time 2.04 s, user 2.40 s, sys 0.15 s, maxrss 149348 KB]
[busy 273 jiffies]
[exit 0]
--- lexindex routed32   load 0.45 0.68 1.17
1000000 keys
lexindex DictIndex block 32 routed: build 126 ms, size 10.622 MiB (11.138 B/key), latency cold 312.9 ns, then mean 308.6 / min 307.2 ns
125.924,10.621798,312.949
[time 1.80 s, user 2.42 s, sys 0.26 s, maxrss 166332 KB]
[busy 284 jiffies]
[exit 0]
--- lexindex routed256   load 0.50 0.68 1.17
1000000 keys
lexindex DictIndex block 256 routed: build 127 ms, size 10.394 MiB (10.899 B/key), latency cold 285.0 ns, then mean 277.5 / min 277.0 ns
126.832,10.393897,285.019
[time 1.69 s, user 2.30 s, sys 0.29 s, maxrss 171424 KB]
[busy 276 jiffies]
[exit 0]
--- lexindex routed1024   load 0.50 0.68 1.17
1000000 keys
lexindex DictIndex block 1024 routed: build 132 ms, size 10.052 MiB (10.541 B/key), latency cold 296.3 ns, then mean 296.9 / min 293.6 ns
132.305,10.052400,296.300
[time 1.77 s, user 2.09 s, sys 0.19 s, maxrss 147676 KB]
[busy 245 jiffies]
[exit 0]
--- lexindex string   load 1.10 0.80 1.21
1000000 keys
lexindex StringIndex: build 1069 ms, size 20.443 MiB (21.436 B/key), latency cold 289.0 ns, then mean 286.6 / min 285.6 ns
1068.917,20.442799,289.035
[time 2.65 s, user 2.56 s, sys 0.08 s, maxrss 152656 KB]
[busy 281 jiffies]
[exit 0]
--- lexindex hashed0   load 1.09 0.81 1.21
1000000 keys
lexindex HashedDictIndex closed: build 217 ms, size 12.530 MiB (13.139 B/key), latency cold 51.8 ns, then mean 48.8 / min 46.6 ns
217.374,12.530238,51.799
[time 0.85 s, user 1.51 s, sys 0.28 s, maxrss 170260 KB]
[busy 192 jiffies]
[exit 0]
--- lexindex hashed8   load 1.09 0.81 1.21
1000000 keys
lexindex HashedDictIndex fp=8: build 219 ms, size 13.484 MiB (14.139 B/key), latency cold 58.4 ns, then mean 55.2 / min 54.9 ns
218.813,13.483912,58.357
[time 0.87 s, user 1.57 s, sys 0.26 s, maxrss 170800 KB]
[busy 197 jiffies]
[exit 0]
--- lexindex hashed16   load 1.09 0.81 1.21
1000000 keys
lexindex HashedDictIndex fp=16: build 216 ms, size 14.438 MiB (15.139 B/key), latency cold 58.2 ns, then mean 56.7 / min 56.5 ns
216.389,14.437587,58.243
[time 0.88 s, user 1.54 s, sys 0.26 s, maxrss 172668 KB]
[busy 194 jiffies]
[exit 0]
--- c2 case 0 rec 0   load 1.08 0.81 1.21
[TEST C2-FST]
Processing dataset...
Done!
Building trie...
Done!
build time: 1082.787204 ms (1082.787204 ns per key)
space cost: 16.922257 MB (110.901706% of original size 15.258789 MB)
Querying trie...
Done!
total time: 409.590751 ms, avg latency: 409.590751 ns
topology: 0.743332 MB, link: 3.012292 MB, data: 13.166634 MB
--- Unary Path Analysis (FST, cutoff=4) ---
  shared unary steps in main trie: 1041
  terminal suffixes: inplace=0 (avg len=0.00)  links=1000000 (100.0% of terminal)
  link len: avg=10.96  max=12  total_chars=10963783
  link length distribution (len:count):  9:6  10:856  11:56569  12:920487  13:22082
1082.787204,16.922257,409.590751
[PASSED]
[time 2.13 s, user 1.98 s, sys 0.14 s, maxrss 250408 KB]
[busy 225 jiffies]
[exit 0]
--- c2 case 0 rec 1   load 1.08 0.81 1.21
[TEST C2-FST]
Processing dataset...
Done!
Building trie...
trie size: 4.316751 MB
Done!
build time: 1977.643681 ms (1977.643681 ns per key)
space cost: 16.922257 MB (110.901706% of original size 15.258789 MB)
Querying trie...
Done!
total time: 396.801095 ms, avg latency: 396.801095 ns
topology: 0.743332 MB, link: 3.012292 MB, data: 13.166634 MB
--- Unary Path Analysis (FST, cutoff=4) ---
  shared unary steps in main trie: 1041
  terminal suffixes: inplace=0 (avg len=0.00)  links=1000000 (100.0% of terminal)
  link len: avg=10.96  max=12  total_chars=10963783
  link length distribution (len:count):  9:6  10:856  11:56569  12:920487  13:22082
1977.643681,16.922257,396.801095
[PASSED]
[time 3.03 s, user 2.82 s, sys 0.19 s, maxrss 311196 KB]
[busy 317 jiffies]
[exit 0]
--- c2 case 0 rec 2   load 1.00 0.80 1.20
[TEST C2-FST]
Processing dataset...
Done!
Building trie...
trie size: 4.316751 MB
Done!
build time: 1971.610112 ms (1971.610112 ns per key)
space cost: 16.922257 MB (110.901706% of original size 15.258789 MB)
Querying trie...
Done!
total time: 404.385799 ms, avg latency: 404.385799 ns
topology: 0.743332 MB, link: 3.012292 MB, data: 13.166634 MB
--- Unary Path Analysis (FST, cutoff=4) ---
  shared unary steps in main trie: 1041
  terminal suffixes: inplace=0 (avg len=0.00)  links=1000000 (100.0% of terminal)
  link len: avg=10.96  max=12  total_chars=10963783
  link length distribution (len:count):  9:6  10:856  11:56569  12:920487  13:22082
1971.610112,16.922257,404.385799
[PASSED]
[time 3.01 s, user 2.79 s, sys 0.20 s, maxrss 311408 KB]
[busy 316 jiffies]
[exit 0]
--- c2 case 1 rec 0   load 1.00 0.80 1.20
[TEST C2-CoCo(LOUDS-Sparse)]
Processing dataset...
Done!
Building trie...
Done!
build time: 1356.617992 ms (1356.617992 ns per key)
space cost: 16.089285 MB (105.442735% of original size 15.258789 MB)
Querying trie...
Done!
total time: 529.874349 ms, avg latency: 529.874349 ns
topology: 0.346626 MB, link: 3.175570 MB, data: 12.567089 MB
1356.617992,16.089285,529.874349
[PASSED]
[time 2.55 s, user 2.36 s, sys 0.18 s, maxrss 357344 KB]
[busy 265 jiffies]
[exit 0]
--- c2 case 1 rec 1   load 1.00 0.80 1.20
[TEST C2-CoCo(LOUDS-Sparse)]
Processing dataset...
Done!
Building trie...
trie size: 4.316751 MB
Done!
build time: 2218.994269 ms (2218.994269 ns per key)
space cost: 16.089285 MB (105.442735% of original size 15.258789 MB)
Querying trie...
Done!
total time: 531.069114 ms, avg latency: 531.069114 ns
topology: 0.346626 MB, link: 3.175570 MB, data: 12.567089 MB
2218.994269,16.089285,531.069114
[PASSED]
[time 3.40 s, user 3.15 s, sys 0.23 s, maxrss 418752 KB]
[busy 352 jiffies]
[exit 0]
--- c2 case 1 rec 2   load 1.00 0.81 1.19
[TEST C2-CoCo(LOUDS-Sparse)]
Processing dataset...
Done!
Building trie...
trie size: 4.316751 MB
Done!
build time: 2228.117725 ms (2228.117725 ns per key)
space cost: 16.089285 MB (105.442735% of original size 15.258789 MB)
Querying trie...
Done!
total time: 531.699448 ms, avg latency: 531.699448 ns
topology: 0.346626 MB, link: 3.175570 MB, data: 12.567089 MB
2228.117725,16.089285,531.699448
[PASSED]
[time 3.41 s, user 3.15 s, sys 0.24 s, maxrss 418932 KB]
[busy 358 jiffies]
[exit 0]
--- c2 case 2 rec 0   load 0.92 0.79 1.19
[TEST C2-MARISA]
Processing dataset...
Done!
Building trie...
trie size: 1.836515 MB
Done!
build time: 982.265685 ms (982.265685 ns per key)
space cost: 16.609414 MB (108.851456% of original size 15.258789 MB)
Querying trie...
Done!
total time: 331.778118 ms, avg latency: 331.778118 ns
topology: 0.607349 MB, link: 2.863268 MB, data: 13.118289 MB
--- Unary Path Analysis (Marisa, cutoff=3) ---
  branches: 1267337  |  single-char: 266306 (21.0%)  short-unary: 1021 (0.1%)  links: 1000010 (78.9%)
  link len: avg=12.96  max=14  total_chars=12963813
  link length distribution (len:count):  3:10  10:6  11:856  12:56569  13:920487  14:22082
  short unary avg len: 2.00
982.265685,16.609414,331.778118
[PASSED]
[time 1.96 s, user 1.80 s, sys 0.15 s, maxrss 236832 KB]
[busy 206 jiffies]
[exit 0]
--- c2 case 2 rec 1   load 0.92 0.79 1.19
[TEST C2-MARISA]
Processing dataset...
Done!
Building trie...
trie size: 1.836515 MB
trie size: 4.316792 MB
Done!
build time: 2010.848573 ms (2010.848573 ns per key)
space cost: 16.609414 MB (108.851456% of original size 15.258789 MB)
Querying trie...
Done!
total time: 344.737934 ms, avg latency: 344.737934 ns
topology: 0.607349 MB, link: 2.863268 MB, data: 13.118289 MB
--- Unary Path Analysis (Marisa, cutoff=3) ---
  branches: 1267337  |  single-char: 266306 (21.0%)  short-unary: 1021 (0.1%)  links: 1000010 (78.9%)
  link len: avg=12.96  max=14  total_chars=12963813
  link length distribution (len:count):  3:10  10:6  11:856  12:56569  13:920487  14:22082
  short unary avg len: 2.00
2010.848573,16.609414,344.737934
[PASSED]
[time 3.00 s, user 2.81 s, sys 0.17 s, maxrss 283872 KB]
[busy 312 jiffies]
[exit 0]
--- c2 case 2 rec 2   load 0.93 0.80 1.19
[TEST C2-MARISA]
Processing dataset...
Done!
Building trie...
trie size: 1.836515 MB
trie size: 4.316792 MB
Done!
build time: 2002.716660 ms (2002.716660 ns per key)
space cost: 16.609414 MB (108.851456% of original size 15.258789 MB)
Querying trie...
Done!
total time: 329.797296 ms, avg latency: 329.797296 ns
topology: 0.607349 MB, link: 2.863268 MB, data: 13.118289 MB
--- Unary Path Analysis (Marisa, cutoff=3) ---
  branches: 1267337  |  single-char: 266306 (21.0%)  short-unary: 1021 (0.1%)  links: 1000010 (78.9%)
  link len: avg=12.96  max=14  total_chars=12963813
  link length distribution (len:count):  3:10  10:6  11:856  12:56569  13:920487  14:22082
  short unary avg len: 2.00
2002.716660,16.609414,329.797296
[PASSED]
[time 2.99 s, user 2.80 s, sys 0.17 s, maxrss 283684 KB]
[busy 312 jiffies]
[exit 0]
--- c2 case 3 rec 0   load 0.93 0.80 1.18
[TEST FST]
Processing dataset...
Done!
Building trie...
Done!
build time: 656.668523 ms (656.668523 ns per key)
space cost: 16.760878 MB (109.844088% of original size 15.258789 MB)
Querying trie...
Done!
total time: 342.708870 ms, avg latency: 342.708870 ns
not implemented
656.668523,16.760878,342.708870
[PASSED]
[time 1.66 s, user 1.56 s, sys 0.08 s, maxrss 147120 KB]
[busy 176 jiffies]
[exit 0]
--- c2 case 4 rec 0   load 0.93 0.80 1.18
[TEST COCO]
Processing dataset...
Done!
Building trie...
num nodes = 4097, average depth = 12.997071
ef = 0.000000, pa = 0.000000, bv = 0.000000, de = 0.000000
efr = 0.000000, par = 0.999756, bvr = 0.000244, der = 0.000000
Done!
build time: 17399.919501 ms (17399.919501 ns per key)
space cost: 10.595579 MB (69.439184% of original size 15.258789 MB)
Querying trie...
Done!
total time: 500.684733 ms, avg latency: 500.684733 ns
not implemented
17399.919501,10.595579,500.684733
[PASSED]
[time 19.32 s, user 14.40 s, sys 4.84 s, maxrss 11388592 KB]
[busy 1996 jiffies]
[exit 0]
--- c2 case 5 rec 0   load 0.95 0.81 1.18
[TEST MARISA]
Processing dataset...
Done!
Building trie...
Done!
build time: 475.602286 ms (475.602286 ns per key)
space cost: 17.200768 MB (112.726950% of original size 15.258789 MB)
Querying trie...
Done!
total time: 460.701123 ms, avg latency: 460.701123 ns
not implemented
475.602286,17.200768,460.701123
[PASSED]
[time 1.57 s, user 1.45 s, sys 0.11 s, maxrss 194812 KB]
[busy 165 jiffies]
[exit 0]
--- c2 case 5 rec 1   load 0.96 0.82 1.18
[TEST MARISA]
Processing dataset...
Done!
Building trie...
Done!
build time: 735.947602 ms (735.947602 ns per key)
space cost: 17.634758 MB (115.571150% of original size 15.258789 MB)
Querying trie...
Done!
total time: 678.864205 ms, avg latency: 678.864205 ns
not implemented
735.947602,17.634758,678.864205
[PASSED]
[time 2.07 s, user 1.93 s, sys 0.13 s, maxrss 185480 KB]
[busy 214 jiffies]
[exit 0]
--- c2 case 5 rec 2   load 0.88 0.80 1.17
[TEST MARISA]
Processing dataset...
Done!
Building trie...
Done!
build time: 962.682161 ms (962.682161 ns per key)
space cost: 17.949429 MB (117.633375% of original size 15.258789 MB)
Querying trie...
Done!
total time: 975.309342 ms, avg latency: 975.309342 ns
not implemented
962.682161,17.949429,975.309342
[PASSED]
[time 2.60 s, user 2.43 s, sys 0.16 s, maxrss 225496 KB]
[busy 280 jiffies]
[exit 0]
--- c2 case 6 rec 0   load 0.88 0.80 1.17
[TEST PDT]
Processing dataset...
Done!
Building trie...
dict size: 177882, stream size: 12826382
Done!
build time: 15545.308764 ms (15545.308764 ns per key)
space cost: 13.677892 MB (89.639431% of original size 15.258789 MB)
Querying trie...
Done!
total time: 592.049204 ms, avg latency: 592.049204 ns
not implemented
15545.308764,13.677892,592.049204
[PASSED]
[time 16.78 s, user 16.52 s, sys 0.20 s, maxrss 360992 KB]
[busy 1732 jiffies]
[exit 0]
--- c2 case 7 rec 0   load 0.91 0.82 1.17
[TEST ART]
Processing dataset...
Done!
Building trie...
Done!
build time: 152.566938 ms (152.566938 ns per key)
space cost: 30.301407 MB (198.583300% of original size 15.258789 MB)
Querying trie...
Done!
total time: 183.828828 ms, avg latency: 183.828828 ns
not implemented
152.566938,30.301407,183.828828
[PASSED]
[time 1.01 s, user 0.90 s, sys 0.10 s, maxrss 178860 KB]
[busy 108 jiffies]
[exit 0]
--- c2 case 8 rec 0   load 0.91 0.82 1.17
[TEST CART]
Processing dataset...
Done!
Building trie...
Done!
build time: 168.862538 ms (168.862538 ns per key)
space cost: 11.383729 MB (74.604406% of original size 15.258789 MB)
Querying trie...
Done!
total time: 234.176871 ms, avg latency: 234.176871 ns
not implemented
168.862538,11.383729,234.176871
[PASSED]
[time 1.07 s, user 0.98 s, sys 0.08 s, maxrss 161152 KB]
[busy 114 jiffies]
[exit 0]
--- xcdat 7   load 0.84 0.80 1.16
build time: 672.922361 ms
space cost: 19.932177 MiB (130.627512% of original size 15.258789 MiB)
avg latency: 223.801974 ns
672.922361,19.932177,223.801974
[time 1.58 s, user 1.47 s, sys 0.11 s, maxrss 173220 KB]
[busy 169 jiffies]
[exit 0]
--- xcdat 8   load 0.84 0.80 1.16
build time: 645.308879 ms
space cost: 18.565336 MiB (121.669787% of original size 15.258789 MiB)
avg latency: 216.451059 ns
645.308879,18.565336,216.451059
[time 1.55 s, user 1.44 s, sys 0.10 s, maxrss 179944 KB]
[busy 166 jiffies]
[exit 0]
--- xcdat 15   load 0.77 0.79 1.16
build time: 662.784550 ms
space cost: 19.094490 MiB (125.137650% of original size 15.258789 MiB)
avg latency: 206.278293 ns
662.784550,19.094490,206.278293
[time 1.57 s, user 1.45 s, sys 0.11 s, maxrss 180732 KB]
[busy 170 jiffies]
[exit 0]
--- xcdat 16   load 0.77 0.79 1.16
build time: 638.593849 ms
space cost: 19.227987 MiB (126.012538% of original size 15.258789 MiB)
avg latency: 207.869513 ns
638.593849,19.227987,207.869513
[time 1.53 s, user 1.41 s, sys 0.11 s, maxrss 180068 KB]
[busy 161 jiffies]
[exit 0]

##### paths-1000000 (1000000 lines, 125978312 bytes)   round 1/3   2026-09-24T12:28:05+03:00
--- lexindex dict32   load 0.79 0.79 1.15
1000000 keys
lexindex DictIndex block 32: build 486 ms, size 12.389 MiB (12.991 B/key), latency cold 785.3 ns, then mean 775.9 / min 770.4 ns
486.370,12.389187,785.280
[time 4.39 s, user 7.01 s, sys 0.37 s, maxrss 495228 KB]
[busy 768 jiffies]
[exit 0]
--- lexindex dict256   load 0.81 0.80 1.15
1000000 keys
lexindex DictIndex block 256: build 508 ms, size 9.414 MiB (9.871 B/key), latency cold 790.1 ns, then mean 776.8 / min 775.7 ns
507.720,9.413641,790.126
[time 4.42 s, user 7.18 s, sys 0.39 s, maxrss 494268 KB]
[busy 787 jiffies]
[exit 0]
--- lexindex dict1024   load 0.83 0.80 1.15
1000000 keys
lexindex DictIndex block 1024: build 564 ms, size 8.891 MiB (9.323 B/key), latency cold 824.2 ns, then mean 819.9 / min 813.9 ns
564.031,8.891459,824.180
[time 4.65 s, user 6.41 s, sys 0.35 s, maxrss 501916 KB]
[busy 703 jiffies]
[exit 0]
--- lexindex routed32   load 0.84 0.80 1.15
1000000 keys
lexindex DictIndex block 32 routed: build 500 ms, size 12.866 MiB (13.491 B/key), latency cold 763.8 ns, then mean 759.4 / min 757.0 ns
499.511,12.866024,763.820
[time 4.33 s, user 6.94 s, sys 0.37 s, maxrss 494192 KB]
[busy 760 jiffies]
[exit 0]
--- lexindex routed256   load 0.85 0.81 1.15
1000000 keys
lexindex DictIndex block 256 routed: build 504 ms, size 9.891 MiB (10.371 B/key), latency cold 782.3 ns, then mean 780.8 / min 778.4 ns
503.598,9.890570,782.272
[time 4.42 s, user 7.15 s, sys 0.38 s, maxrss 491156 KB]
[busy 786 jiffies]
[exit 0]
--- lexindex routed1024   load 0.86 0.81 1.15
1000000 keys
lexindex DictIndex block 1024 routed: build 565 ms, size 9.130 MiB (9.573 B/key), latency cold 836.1 ns, then mean 834.7 / min 832.6 ns
565.011,9.129984,836.114
[time 4.71 s, user 6.42 s, sys 0.37 s, maxrss 506108 KB]
[busy 708 jiffies]
[exit 0]
--- lexindex string   load 0.88 0.81 1.15
1000000 keys
lexindex StringIndex: build 1470 ms, size 16.673 MiB (17.483 B/key), latency cold 754.6 ns, then mean 744.8 / min 741.0 ns
1469.856,16.673446,754.612
[time 5.24 s, user 5.02 s, sys 0.19 s, maxrss 363572 KB]
[busy 549 jiffies]
[exit 0]
--- lexindex hashed0   load 0.81 0.80 1.14
1000000 keys
lexindex HashedDictIndex closed: build 644 ms, size 12.027 MiB (12.611 B/key), latency cold 83.5 ns, then mean 80.5 / min 79.3 ns
644.038,12.027206,83.510
[time 1.76 s, user 4.60 s, sys 0.37 s, maxrss 497252 KB]
[busy 519 jiffies]
[exit 0]
--- lexindex hashed8   load 0.81 0.80 1.14
1000000 keys
lexindex HashedDictIndex fp=8: build 642 ms, size 12.981 MiB (13.611 B/key), latency cold 110.5 ns, then mean 104.3 / min 100.2 ns
641.852,12.980881,110.536
[time 1.85 s, user 4.59 s, sys 0.38 s, maxrss 492704 KB]
[busy 519 jiffies]
[exit 0]
--- lexindex hashed16   load 0.83 0.81 1.14
1000000 keys
lexindex HashedDictIndex fp=16: build 647 ms, size 13.935 MiB (14.611 B/key), latency cold 114.9 ns, then mean 107.1 / min 103.0 ns
647.322,13.934555,114.852
[time 1.88 s, user 4.66 s, sys 0.40 s, maxrss 502124 KB]
[busy 530 jiffies]
[exit 0]
--- c2 case 0 rec 0   load 0.83 0.81 1.14
[TEST C2-FST]
Processing dataset...
Done!
Building trie...
Done!
build time: 1414.565979 ms (1414.565979 ns per key)
space cost: 14.260756 MB (11.964866% of original size 119.188606 MB)
Querying trie...
Done!
total time: 2457.699577 ms, avg latency: 2457.699577 ns
topology: 1.699890 MB, link: 2.595201 MB, data: 9.965666 MB
--- Unary Path Analysis (FST, cutoff=4) ---
  shared unary steps in main trie: 2658278
  terminal suffixes: inplace=39819 (avg len=2.28)  links=891354 (95.7% of terminal)
  link len: avg=14.94  max=443  total_chars=13318660
  link length distribution (len:count):  4:40001  5:49577  6:45421  7:46380  8:50483  9:55180  10:56608  11:54673  12:51140  13:35047  14:30416  15:36724  16:35248  17:24069  18:19466  19:17073  20:16018  21:15299  22:13878  23:12677  24:11568  25:37816  26:26754  27:6712  28:5420  29:5541  30:5676  31:5365  32:4659  33:5334  34:4520  35:4652  36:5350  37:9255  38:4943  39:11477  40:3024  41:2087  42:2051  43:1854  44:1606  45:1448  46:1135  47:1025  48:963  49:801  50:774  51:907  52:679  53:727  54:589  55:642  56:710  57:689  58:824  59:515  60:781  61:937  62:666  63:360  64:436  65:381  66:289  67:245  68:235  69:250  70:244  71:266  72:444  73:249  74:341  75:214  76:315  77:82  78:131  79:63  80:31  81:46  82:38  83:33  84:32  85:58  86:34  87:20  88:33  89:21  90:5  91:6  92:18  93:7  94:11  95:14  96:12  97:3  98:4  99:4  100:10  101:17  102:11  103:6  104:17  105:9  106:12  107:11  108:7  109:2  110:3  111:1  112:2  113:4  114:3  115:4  116:3  117:4  118:13  119:5  120:1  122:2  123:3  124:38  125:23  126:156  127:15  128:61  129:3  130:1  131:3  132:2  133:1  136:3  137:6  138:1  139:1  142:4  143:1  144:2  145:2  146:2  151:3  152:1  154:2  159:2  160:2  161:2  165:3  167:1  171:1  172:3  173:1  174:1  175:1  182:1  187:3  188:1  190:2  191:1  194:1  195:3  198:1  201:1  202:1  203:1  205:1  206:1  215:1  219:1  233:1  235:1  243:1  247:1  257:1  265:1  444:1
1414.565979,14.260756,2457.699577
[PASSED]
[time 4.88 s, user 4.64 s, sys 0.21 s, maxrss 358320 KB]
[busy 507 jiffies]
[exit 0]
--- c2 case 0 rec 1   load 0.84 0.81 1.14
[TEST C2-FST]
Processing dataset...
Done!
Building trie...
trie size: 2.746100 MB
Done!
build time: 1696.058769 ms (1696.058769 ns per key)
space cost: 12.500864 MB (10.488305% of original size 119.188606 MB)
Querying trie...
Done!
total time: 2671.621043 ms, avg latency: 2671.621043 ns
topology: 1.942371 MB, link: 2.552141 MB, data: 8.006351 MB
--- Unary Path Analysis (FST, cutoff=4) ---
  shared unary steps in main trie: 2658278
  terminal suffixes: inplace=39819 (avg len=2.28)  links=891354 (95.7% of terminal)
  link len: avg=14.94  max=443  total_chars=13318660
  link length distribution (len:count):  4:40001  5:49577  6:45421  7:46380  8:50483  9:55180  10:56608  11:54673  12:51140  13:35047  14:30416  15:36724  16:35248  17:24069  18:19466  19:17073  20:16018  21:15299  22:13878  23:12677  24:11568  25:37816  26:26754  27:6712  28:5420  29:5541  30:5676  31:5365  32:4659  33:5334  34:4520  35:4652  36:5350  37:9255  38:4943  39:11477  40:3024  41:2087  42:2051  43:1854  44:1606  45:1448  46:1135  47:1025  48:963  49:801  50:774  51:907  52:679  53:727  54:589  55:642  56:710  57:689  58:824  59:515  60:781  61:937  62:666  63:360  64:436  65:381  66:289  67:245  68:235  69:250  70:244  71:266  72:444  73:249  74:341  75:214  76:315  77:82  78:131  79:63  80:31  81:46  82:38  83:33  84:32  85:58  86:34  87:20  88:33  89:21  90:5  91:6  92:18  93:7  94:11  95:14  96:12  97:3  98:4  99:4  100:10  101:17  102:11  103:6  104:17  105:9  106:12  107:11  108:7  109:2  110:3  111:1  112:2  113:4  114:3  115:4  116:3  117:4  118:13  119:5  120:1  122:2  123:3  124:38  125:23  126:156  127:15  128:61  129:3  130:1  131:3  132:2  133:1  136:3  137:6  138:1  139:1  142:4  143:1  144:2  145:2  146:2  151:3  152:1  154:2  159:2  160:2  161:2  165:3  167:1  171:1  172:3  173:1  174:1  175:1  182:1  187:3  188:1  190:2  191:1  194:1  195:3  198:1  201:1  202:1  203:1  205:1  206:1  215:1  219:1  233:1  235:1  243:1  247:1  257:1  265:1  444:1
1696.058769,12.500864,2671.621043
[PASSED]
[time 5.39 s, user 5.14 s, sys 0.22 s, maxrss 357000 KB]
[busy 558 jiffies]
[exit 0]
--- c2 case 0 rec 2   load 0.87 0.82 1.14
[TEST C2-FST]
Processing dataset...
Done!
Building trie...
trie size: 2.746100 MB
trie size: 0.687543 MB
Done!
build time: 1791.051306 ms (1791.051306 ns per key)
space cost: 12.500864 MB (10.488305% of original size 119.188606 MB)
Querying trie...
Done!
total time: 2640.042819 ms, avg latency: 2640.042819 ns
topology: 1.942371 MB, link: 2.552141 MB, data: 8.006351 MB
--- Unary Path Analysis (FST, cutoff=4) ---
  shared unary steps in main trie: 2658278
  terminal suffixes: inplace=39819 (avg len=2.28)  links=891354 (95.7% of terminal)
  link len: avg=14.94  max=443  total_chars=13318660
  link length distribution (len:count):  4:40001  5:49577  6:45421  7:46380  8:50483  9:55180  10:56608  11:54673  12:51140  13:35047  14:30416  15:36724  16:35248  17:24069  18:19466  19:17073  20:16018  21:15299  22:13878  23:12677  24:11568  25:37816  26:26754  27:6712  28:5420  29:5541  30:5676  31:5365  32:4659  33:5334  34:4520  35:4652  36:5350  37:9255  38:4943  39:11477  40:3024  41:2087  42:2051  43:1854  44:1606  45:1448  46:1135  47:1025  48:963  49:801  50:774  51:907  52:679  53:727  54:589  55:642  56:710  57:689  58:824  59:515  60:781  61:937  62:666  63:360  64:436  65:381  66:289  67:245  68:235  69:250  70:244  71:266  72:444  73:249  74:341  75:214  76:315  77:82  78:131  79:63  80:31  81:46  82:38  83:33  84:32  85:58  86:34  87:20  88:33  89:21  90:5  91:6  92:18  93:7  94:11  95:14  96:12  97:3  98:4  99:4  100:10  101:17  102:11  103:6  104:17  105:9  106:12  107:11  108:7  109:2  110:3  111:1  112:2  113:4  114:3  115:4  116:3  117:4  118:13  119:5  120:1  122:2  123:3  124:38  125:23  126:156  127:15  128:61  129:3  130:1  131:3  132:2  133:1  136:3  137:6  138:1  139:1  142:4  143:1  144:2  145:2  146:2  151:3  152:1  154:2  159:2  160:2  161:2  165:3  167:1  171:1  172:3  173:1  174:1  175:1  182:1  187:3  188:1  190:2  191:1  194:1  195:3  198:1  201:1  202:1  203:1  205:1  206:1  215:1  219:1  233:1  235:1  243:1  247:1  257:1  265:1  444:1
1791.051306,12.500864,2640.042819
[PASSED]
[time 5.44 s, user 5.18 s, sys 0.23 s, maxrss 356708 KB]
[busy 562 jiffies]
[exit 0]
--- c2 case 1 rec 0   load 0.88 0.82 1.14
[TEST C2-CoCo(LOUDS-Sparse)]
Processing dataset...
Done!
Building trie...
Done!
build time: 5125.296216 ms (5125.296216 ns per key)
space cost: 14.878411 MB (12.483082% of original size 119.188606 MB)
Querying trie...
Done!
total time: 1636.403992 ms, avg latency: 1636.403992 ns
topology: 0.476959 MB, link: 4.004946 MB, data: 10.396506 MB
5125.296216,14.878411,1636.403992
[PASSED]
[time 7.77 s, user 7.37 s, sys 0.36 s, maxrss 595952 KB]
[busy 802 jiffies]
[exit 0]
--- c2 case 1 rec 1   load 0.90 0.83 1.13
[TEST C2-CoCo(LOUDS-Sparse)]
Processing dataset...
Done!
Building trie...
trie size: 2.746100 MB
Done!
build time: 5398.013996 ms (5398.013996 ns per key)
space cost: 13.118518 MB (11.006521% of original size 119.188606 MB)
Querying trie...
Done!
total time: 1807.378900 ms, avg latency: 1807.378900 ns
topology: 0.719440 MB, link: 3.961886 MB, data: 8.437192 MB
5398.013996,13.118518,1807.378900
[PASSED]
[time 8.19 s, user 7.82 s, sys 0.34 s, maxrss 587536 KB]
[busy 847 jiffies]
[exit 0]
--- c2 case 1 rec 2   load 0.83 0.82 1.13
[TEST C2-CoCo(LOUDS-Sparse)]
Processing dataset...
Done!
Building trie...
trie size: 2.746100 MB
trie size: 0.687543 MB
Done!
build time: 5457.563967 ms (5457.563967 ns per key)
space cost: 13.118518 MB (11.006521% of original size 119.188606 MB)
Querying trie...
Done!
total time: 1840.495384 ms, avg latency: 1840.495384 ns
topology: 0.719440 MB, link: 3.961886 MB, data: 8.437192 MB
5457.563967,13.118518,1840.495384
[PASSED]
[time 8.28 s, user 7.92 s, sys 0.33 s, maxrss 591116 KB]
[busy 852 jiffies]
[exit 0]
--- c2 case 2 rec 0   load 0.78 0.81 1.12
[TEST C2-MARISA]
Processing dataset...
Done!
Building trie...
trie size: 2.297644 MB
Done!
build time: 1348.811779 ms (1348.811779 ns per key)
space cost: 11.928165 MB (10.007807% of original size 119.188606 MB)
Querying trie...
Done!
total time: 894.140380 ms, avg latency: 894.140380 ns
topology: 0.761036 MB, link: 3.343996 MB, data: 7.802626 MB
--- Unary Path Analysis (Marisa, cutoff=3) ---
  branches: 1534795  |  single-char: 270841 (17.6%)  short-unary: 45134 (2.9%)  links: 1218820 (79.4%)
  link len: avg=14.88  max=445  total_chars=18132830
  link length distribution (len:count):  3:37127  4:49365  5:75461  6:91989  7:72185  8:66513  9:63973  10:68956  11:73223  12:65790  13:57380  14:41495  15:36762  16:42631  17:41179  18:27817  19:22377  20:18838  21:17845  22:16718  23:15115  24:13613  25:12555  26:39233  27:27982  28:7379  29:6328  30:6087  31:6172  32:5955  33:5265  34:5643  35:4792  36:4909  37:5534  38:9417  39:5190  40:12044  41:4130  42:3423  43:3194  44:2134  45:1772  46:1642  47:1384  48:1261  49:1057  50:900  51:919  52:1030  53:750  54:799  55:667  56:702  57:772  58:823  59:1198  60:1008  61:899  62:972  63:712  64:409  65:454  66:414  67:320  68:269  69:256  70:270  71:258  72:280  73:453  74:258  75:356  76:221  77:315  78:88  79:138  80:65  81:34  82:48  83:40  84:34  85:38  86:63  87:38  88:23  89:36  90:23  91:6  92:6  93:19  94:8  95:11  96:14  97:13  98:3  99:5  100:4  101:12  102:17  103:11  104:6  105:17  106:9  107:12  108:11  109:7  110:2  111:4  112:1  113:2  114:4  115:4  116:4  117:3  118:4  119:14  120:6  121:1  123:2  124:3  125:38  126:23  127:156  128:15  129:61  130:3  131:1  132:3  133:2  134:1  136:1  137:3  138:6  139:1  140:1  143:4  144:2  145:2  146:2  147:2  149:1  152:3  153:1  155:2  157:1  160:2  161:2  162:2  166:3  167:1  168:1  172:1  173:3  174:1  175:1  176:1  183:2  185:1  188:4  189:2  191:2  192:3  195:2  196:3  199:1  202:1  203:1  204:1  206:1  207:2  216:1  220:1  230:1  234:1  236:1  244:1  248:1  258:1  266:1  445:1
  short unary avg len: 2.00
1348.811779,11.928165,894.140380
[PASSED]
[time 3.23 s, user 2.99 s, sys 0.22 s, maxrss 355892 KB]
[busy 335 jiffies]
[exit 0]
--- c2 case 2 rec 1   load 0.78 0.81 1.12
[TEST C2-MARISA]
Processing dataset...
Done!
Building trie...
trie size: 2.297644 MB
trie size: 3.841883 MB
Done!
build time: 1660.364891 ms (1660.364891 ns per key)
space cost: 9.839272 MB (8.255212% of original size 119.188606 MB)
Querying trie...
Done!
total time: 1590.594484 ms, avg latency: 1590.594484 ns
topology: 1.073097 MB, link: 3.403300 MB, data: 5.342366 MB
--- Unary Path Analysis (Marisa, cutoff=3) ---
  branches: 1534795  |  single-char: 270841 (17.6%)  short-unary: 45134 (2.9%)  links: 1218820 (79.4%)
  link len: avg=14.88  max=445  total_chars=18132830
  link length distribution (len:count):  3:37127  4:49365  5:75461  6:91989  7:72185  8:66513  9:63973  10:68956  11:73223  12:65790  13:57380  14:41495  15:36762  16:42631  17:41179  18:27817  19:22377  20:18838  21:17845  22:16718  23:15115  24:13613  25:12555  26:39233  27:27982  28:7379  29:6328  30:6087  31:6172  32:5955  33:5265  34:5643  35:4792  36:4909  37:5534  38:9417  39:5190  40:12044  41:4130  42:3423  43:3194  44:2134  45:1772  46:1642  47:1384  48:1261  49:1057  50:900  51:919  52:1030  53:750  54:799  55:667  56:702  57:772  58:823  59:1198  60:1008  61:899  62:972  63:712  64:409  65:454  66:414  67:320  68:269  69:256  70:270  71:258  72:280  73:453  74:258  75:356  76:221  77:315  78:88  79:138  80:65  81:34  82:48  83:40  84:34  85:38  86:63  87:38  88:23  89:36  90:23  91:6  92:6  93:19  94:8  95:11  96:14  97:13  98:3  99:5  100:4  101:12  102:17  103:11  104:6  105:17  106:9  107:12  108:11  109:7  110:2  111:4  112:1  113:2  114:4  115:4  116:4  117:3  118:4  119:14  120:6  121:1  123:2  124:3  125:38  126:23  127:156  128:15  129:61  130:3  131:1  132:3  133:2  134:1  136:1  137:3  138:6  139:1  140:1  143:4  144:2  145:2  146:2  147:2  149:1  152:3  153:1  155:2  157:1  160:2  161:2  162:2  166:3  167:1  168:1  172:1  173:3  174:1  175:1  176:1  183:2  185:1  188:4  189:2  191:2  192:3  195:2  196:3  199:1  202:1  203:1  204:1  206:1  207:2  216:1  220:1  230:1  234:1  236:1  244:1  248:1  258:1  266:1  445:1
  short unary avg len: 2.00
1660.364891,9.839272,1590.594484
[PASSED]
[time 4.26 s, user 4.00 s, sys 0.23 s, maxrss 354080 KB]
[busy 443 jiffies]
[exit 0]
--- c2 case 2 rec 2   load 0.80 0.81 1.12
[TEST C2-MARISA]
Processing dataset...
Done!
Building trie...
trie size: 2.297644 MB
trie size: 3.841883 MB
trie size: 0.864431 MB
Done!
build time: 1802.907436 ms (1802.907436 ns per key)
space cost: 9.839272 MB (8.255212% of original size 119.188606 MB)
Querying trie...
Done!
total time: 1583.183817 ms, avg latency: 1583.183817 ns
topology: 1.073097 MB, link: 3.403300 MB, data: 5.342366 MB
--- Unary Path Analysis (Marisa, cutoff=3) ---
  branches: 1534795  |  single-char: 270841 (17.6%)  short-unary: 45134 (2.9%)  links: 1218820 (79.4%)
  link len: avg=14.88  max=445  total_chars=18132830
  link length distribution (len:count):  3:37127  4:49365  5:75461  6:91989  7:72185  8:66513  9:63973  10:68956  11:73223  12:65790  13:57380  14:41495  15:36762  16:42631  17:41179  18:27817  19:22377  20:18838  21:17845  22:16718  23:15115  24:13613  25:12555  26:39233  27:27982  28:7379  29:6328  30:6087  31:6172  32:5955  33:5265  34:5643  35:4792  36:4909  37:5534  38:9417  39:5190  40:12044  41:4130  42:3423  43:3194  44:2134  45:1772  46:1642  47:1384  48:1261  49:1057  50:900  51:919  52:1030  53:750  54:799  55:667  56:702  57:772  58:823  59:1198  60:1008  61:899  62:972  63:712  64:409  65:454  66:414  67:320  68:269  69:256  70:270  71:258  72:280  73:453  74:258  75:356  76:221  77:315  78:88  79:138  80:65  81:34  82:48  83:40  84:34  85:38  86:63  87:38  88:23  89:36  90:23  91:6  92:6  93:19  94:8  95:11  96:14  97:13  98:3  99:5  100:4  101:12  102:17  103:11  104:6  105:17  106:9  107:12  108:11  109:7  110:2  111:4  112:1  113:2  114:4  115:4  116:4  117:3  118:4  119:14  120:6  121:1  123:2  124:3  125:38  126:23  127:156  128:15  129:61  130:3  131:1  132:3  133:2  134:1  136:1  137:3  138:6  139:1  140:1  143:4  144:2  145:2  146:2  147:2  149:1  152:3  153:1  155:2  157:1  160:2  161:2  162:2  166:3  167:1  168:1  172:1  173:3  174:1  175:1  176:1  183:2  185:1  188:4  189:2  191:2  192:3  195:2  196:3  199:1  202:1  203:1  204:1  206:1  207:2  216:1  220:1  230:1  234:1  236:1  244:1  248:1  258:1  266:1  445:1
  short unary avg len: 2.00
1802.907436,9.839272,1583.183817
[PASSED]
[time 4.39 s, user 4.14 s, sys 0.23 s, maxrss 353924 KB]
[busy 459 jiffies]
[exit 0]
--- c2 case 3 rec 0   load 0.75 0.80 1.11
[TEST FST]
Processing dataset...
Done!
Building trie...
Done!
build time: 3316.715788 ms (3316.715788 ns per key)
space cost: 14.021067 MB (11.763764% of original size 119.188606 MB)
Querying trie...
Done!
total time: 4593.098424 ms, avg latency: 4593.098424 ns
not implemented
3316.715788,14.021067,4593.098424
[PASSED]
[time 8.93 s, user 8.70 s, sys 0.20 s, maxrss 357752 KB]
[busy 921 jiffies]
[exit 0]
--- c2 case 4 rec 0   load 0.77 0.80 1.11
[TEST COCO]
Processing dataset...
Done!
Building trie...
num nodes = 584148, average depth = 12.594651
ef = 0.000038, pa = 0.103241, bv = 0.000608, de = 0.597184
efr = 0.000176, par = 0.181430, bvr = 0.000135, der = 0.117188
Done!
build time: 45234.771277 ms (45234.771277 ns per key)
space cost: 19.697372 MB (16.526221% of original size 119.188606 MB)
Querying trie...
Done!
total time: 1417.309846 ms, avg latency: 1417.309846 ns
not implemented
45234.771277,19.697372,1417.309846
[PASSED]
[time 49.24 s, user 39.09 s, sys 9.93 s, maxrss 23293348 KB]
[busy 5198 jiffies]
[exit 0]
--- c2 case 5 rec 0   load 0.89 0.84 1.10
[TEST MARISA]
Processing dataset...
Done!
Building trie...
Done!
build time: 1652.473872 ms (1652.473872 ns per key)
space cost: 12.257486 MB (10.284109% of original size 119.188606 MB)
Querying trie...
Done!
total time: 976.317172 ms, avg latency: 976.317172 ns
not implemented
1652.473872,12.257486,976.317172
[PASSED]
[time 3.60 s, user 3.33 s, sys 0.25 s, maxrss 411592 KB]
[busy 377 jiffies]
[exit 0]
--- c2 case 5 rec 1   load 0.89 0.84 1.10
[TEST MARISA]
Processing dataset...
Done!
Building trie...
Done!
build time: 1764.592172 ms (1764.592172 ns per key)
space cost: 9.428862 MB (7.910875% of original size 119.188606 MB)
Querying trie...
Done!
total time: 1794.541144 ms, avg latency: 1794.541144 ns
not implemented
1764.592172,9.428862,1794.541144
[PASSED]
[time 4.53 s, user 4.28 s, sys 0.23 s, maxrss 411284 KB]
[busy 475 jiffies]
[exit 0]
--- c2 case 5 rec 2   load 0.83 0.83 1.09
[TEST MARISA]
Processing dataset...
Done!
Building trie...
Done!
build time: 1807.737995 ms (1807.737995 ns per key)
space cost: 9.029414 MB (7.575736% of original size 119.188606 MB)
Querying trie...
Done!
total time: 2225.484302 ms, avg latency: 2225.484302 ns
not implemented
1807.737995,9.029414,2225.484302
[PASSED]
[time 5.00 s, user 4.73 s, sys 0.24 s, maxrss 411496 KB]
[busy 521 jiffies]
[exit 0]
--- c2 case 6 rec 0   load 0.84 0.83 1.09
[TEST PDT]
Processing dataset...
Done!
Building trie...
dict size: 153672, stream size: 10323140
Done!
build time: 4821.323710 ms (4821.323710 ns per key)
space cost: 11.267526 MB (9.453526% of original size 119.188606 MB)
Querying trie...
Done!
total time: 1078.117132 ms, avg latency: 1078.117132 ns
not implemented
4821.323710,11.267526,1078.117132
[PASSED]
[time 6.92 s, user 6.59 s, sys 0.30 s, maxrss 389192 KB]
[busy 717 jiffies]
[exit 0]
--- c2 case 7 rec 0   load 0.85 0.83 1.09
[TEST ART]
Processing dataset...
Done!
Building trie...
Done!
build time: 413.307996 ms (413.307996 ns per key)
space cost: 34.675591 MB (29.093041% of original size 119.188606 MB)
Querying trie...
Done!
total time: 776.072779 ms, avg latency: 776.072779 ns
not implemented
413.307996,34.675591,776.072779
[PASSED]
[time 2.22 s, user 1.95 s, sys 0.26 s, maxrss 505432 KB]
[busy 237 jiffies]
[exit 0]
--- c2 case 8 rec 0   load 0.87 0.84 1.09
[TEST CART]
Processing dataset...
Done!
Building trie...
Done!
build time: 474.765321 ms (474.765321 ns per key)
space cost: 18.620093 MB (15.622377% of original size 119.188606 MB)
Querying trie...
Done!
total time: 837.418013 ms, avg latency: 837.418013 ns
not implemented
474.765321,18.620093,837.418013
[PASSED]
[time 2.35 s, user 2.08 s, sys 0.26 s, maxrss 496168 KB]
[busy 244 jiffies]
[exit 0]
--- xcdat 7   load 0.80 0.82 1.08
build time: 1439.024483 ms
space cost: 18.455355 MiB (15.484160% of original size 119.188606 MiB)
avg latency: 712.359464 ns
1439.024483,18.455355,712.359464
[time 3.16 s, user 2.92 s, sys 0.23 s, maxrss 361964 KB]
[busy 331 jiffies]
[exit 0]
--- xcdat 8   load 0.73 0.81 1.08
build time: 1378.568209 ms
space cost: 18.497238 MiB (15.519301% of original size 119.188606 MiB)
avg latency: 717.780292 ns
1378.568209,18.497238,717.780292
[time 3.11 s, user 2.85 s, sys 0.24 s, maxrss 362528 KB]
[busy 324 jiffies]
[exit 0]
--- xcdat 15   load 0.73 0.81 1.08
build time: 1438.654688 ms
space cost: 23.949356 MiB (20.093662% of original size 119.188606 MiB)
avg latency: 637.251106 ns
1438.654688,23.949356,637.251106
[time 3.08 s, user 2.81 s, sys 0.25 s, maxrss 368128 KB]
[busy 320 jiffies]
[exit 0]
--- xcdat 16   load 0.75 0.81 1.08
build time: 1359.412100 ms
space cost: 25.154240 MiB (21.104567% of original size 119.188606 MiB)
avg latency: 696.887128 ns
1359.412100,25.154240,696.887128
[time 3.06 s, user 2.80 s, sys 0.24 s, maxrss 369504 KB]
[busy 322 jiffies]
[exit 0]

##### pypi-full (889864 lines, 12756399 bytes)   round 1/3   2026-09-24T12:31:42+03:00
--- lexindex dict32   load 0.77 0.81 1.08
889864 keys
lexindex DictIndex block 32: build 171 ms, size 3.800 MiB (4.478 B/key), latency cold 304.2 ns, then mean 293.2 / min 292.6 ns
171.337,3.799900,304.158
[time 1.65 s, user 2.56 s, sys 0.18 s, maxrss 204604 KB]
[busy 293 jiffies]
[exit 0]
--- lexindex dict256   load 0.71 0.80 1.07
889864 keys
lexindex DictIndex block 256: build 175 ms, size 3.535 MiB (4.165 B/key), latency cold 314.6 ns, then mean 306.8 / min 303.8 ns
174.782,3.534916,314.586
[time 1.70 s, user 2.64 s, sys 0.16 s, maxrss 205072 KB]
[busy 300 jiffies]
[exit 0]
--- lexindex dict1024   load 0.71 0.80 1.07
889864 keys
lexindex DictIndex block 1024: build 196 ms, size 3.413 MiB (4.022 B/key), latency cold 381.8 ns, then mean 371.7 / min 369.4 ns
196.120,3.413095,381.758
[time 1.95 s, user 2.50 s, sys 0.15 s, maxrss 187452 KB]
[busy 279 jiffies]
[exit 0]
--- lexindex routed32   load 0.65 0.79 1.07
889864 keys
lexindex DictIndex block 32 routed: build 176 ms, size 4.224 MiB (4.978 B/key), latency cold 275.0 ns, then mean 260.5 / min 257.6 ns
176.464,4.224232,275.003
[time 1.55 s, user 2.47 s, sys 0.17 s, maxrss 205132 KB]
[busy 284 jiffies]
[exit 0]
--- lexindex routed256   load 0.65 0.79 1.07
889864 keys
lexindex DictIndex block 256 routed: build 178 ms, size 3.959 MiB (4.666 B/key), latency cold 244.2 ns, then mean 231.9 / min 229.2 ns
178.106,3.959354,244.208
[time 1.45 s, user 2.39 s, sys 0.17 s, maxrss 205592 KB]
[busy 274 jiffies]
[exit 0]
--- lexindex routed1024   load 0.68 0.79 1.07
889864 keys
lexindex DictIndex block 1024 routed: build 197 ms, size 3.625 MiB (4.272 B/key), latency cold 280.2 ns, then mean 266.5 / min 264.1 ns
196.879,3.625497,280.247
[time 1.59 s, user 2.14 s, sys 0.13 s, maxrss 185188 KB]
[busy 244 jiffies]
[exit 0]
--- lexindex string   load 0.68 0.79 1.07
889864 keys
lexindex StringIndex: build 480 ms, size 8.484 MiB (9.998 B/key), latency cold 209.4 ns, then mean 203.7 / min 202.8 ns
480.414,8.484477,209.433
[time 1.63 s, user 1.55 s, sys 0.06 s, maxrss 122664 KB]
[busy 175 jiffies]
[exit 0]
--- lexindex hashed0   load 0.71 0.79 1.06
889864 keys
lexindex HashedDictIndex closed: build 255 ms, size 5.861 MiB (6.906 B/key), latency cold 29.6 ns, then mean 24.4 / min 24.1 ns
255.494,5.860833,29.603
[time 0.76 s, user 1.74 s, sys 0.17 s, maxrss 214096 KB]
[busy 208 jiffies]
[exit 0]
--- lexindex hashed8   load 0.71 0.79 1.06
889864 keys
lexindex HashedDictIndex fp=8: build 254 ms, size 6.709 MiB (7.906 B/key), latency cold 35.0 ns, then mean 29.6 / min 28.9 ns
253.736,6.709474,35.047
[time 0.78 s, user 1.77 s, sys 0.16 s, maxrss 214512 KB]
[busy 206 jiffies]
[exit 0]
--- lexindex hashed16   load 0.71 0.79 1.06
889864 keys
lexindex HashedDictIndex fp=16: build 260 ms, size 7.558 MiB (8.906 B/key), latency cold 34.1 ns, then mean 28.8 / min 28.3 ns
259.561,7.558114,34.060
[time 0.79 s, user 1.77 s, sys 0.17 s, maxrss 215284 KB]
[busy 209 jiffies]
[exit 0]
--- c2 case 0 rec 0   load 0.73 0.80 1.06
[TEST C2-FST]
Processing dataset...
Done!
Building trie...
Done!
build time: 401.007681 ms (450.639290 ns per key)
space cost: 5.574753 MB (49.260816% of original size 11.316810 MB)
Querying trie...
Done!
total time: 317.696407 ms, avg latency: 357.016810 ns
topology: 0.851089 MB, link: 1.149713 MB, data: 3.573951 MB
--- Unary Path Analysis (FST, cutoff=4) ---
  shared unary steps in main trie: 344931
  terminal suffixes: inplace=288151 (avg len=1.99)  links=405388 (58.5% of terminal)
  link len: avg=7.08  max=176  total_chars=2869854
  link length distribution (len:count):  4:74698  5:65971  6:53798  7:40968  8:33851  9:27326  10:20764  11:16938  12:14649  13:12025  14:9410  15:7294  16:5909  17:4518  18:3598  19:2810  20:2154  21:1673  22:1340  23:1095  24:876  25:726  26:550  27:431  28:361  29:400  30:312  31:173  32:150  33:103  34:106  35:75  36:44  37:52  38:50  39:27  40:24  41:13  42:21  43:16  44:7  45:10  46:6  47:5  48:10  49:1  50:4  51:5  52:2  53:2  54:2  55:1  56:5  57:3  60:2  62:2  63:1  64:3  65:2  67:1  68:3  71:1  75:1  77:2  82:1  86:1  99:2  106:1  113:1  153:1  177:1
401.007681,5.574753,357.016810
[PASSED]
[time 1.11 s, user 1.03 s, sys 0.07 s, maxrss 129708 KB]
[busy 120 jiffies]
[exit 0]
--- c2 case 0 rec 1   load 0.73 0.80 1.06
[TEST C2-FST]
Processing dataset...
Done!
Building trie...
trie size: 1.301167 MB
Done!
build time: 472.091997 ms (530.521515 ns per key)
space cost: 5.131913 MB (45.347703% of original size 11.316810 MB)
Querying trie...
Done!
total time: 358.695696 ms, avg latency: 403.090468 ns
topology: 0.978825 MB, link: 1.146868 MB, data: 3.006221 MB
--- Unary Path Analysis (FST, cutoff=4) ---
  shared unary steps in main trie: 344931
  terminal suffixes: inplace=288151 (avg len=1.99)  links=405388 (58.5% of terminal)
  link len: avg=7.08  max=176  total_chars=2869854
  link length distribution (len:count):  4:74698  5:65971  6:53798  7:40968  8:33851  9:27326  10:20764  11:16938  12:14649  13:12025  14:9410  15:7294  16:5909  17:4518  18:3598  19:2810  20:2154  21:1673  22:1340  23:1095  24:876  25:726  26:550  27:431  28:361  29:400  30:312  31:173  32:150  33:103  34:106  35:75  36:44  37:52  38:50  39:27  40:24  41:13  42:21  43:16  44:7  45:10  46:6  47:5  48:10  49:1  50:4  51:5  52:2  53:2  54:2  55:1  56:5  57:3  60:2  62:2  63:1  64:3  65:2  67:1  68:3  71:1  75:1  77:2  82:1  86:1  99:2  106:1  113:1  153:1  177:1
472.091997,5.131913,403.090468
[PASSED]
[time 1.23 s, user 1.14 s, sys 0.08 s, maxrss 129512 KB]
[busy 131 jiffies]
[exit 0]
--- c2 case 0 rec 2   load 0.67 0.78 1.06
[TEST C2-FST]
Processing dataset...
Done!
Building trie...
trie size: 1.301167 MB
trie size: 0.188086 MB
Done!
build time: 593.788387 ms (667.279929 ns per key)
space cost: 5.131913 MB (45.347703% of original size 11.316810 MB)
Querying trie...
Done!
total time: 420.441642 ms, avg latency: 472.478538 ns
topology: 0.978825 MB, link: 1.146868 MB, data: 3.006221 MB
--- Unary Path Analysis (FST, cutoff=4) ---
  shared unary steps in main trie: 344931
  terminal suffixes: inplace=288151 (avg len=1.99)  links=405388 (58.5% of terminal)
  link len: avg=7.08  max=176  total_chars=2869854
  link length distribution (len:count):  4:74698  5:65971  6:53798  7:40968  8:33851  9:27326  10:20764  11:16938  12:14649  13:12025  14:9410  15:7294  16:5909  17:4518  18:3598  19:2810  20:2154  21:1673  22:1340  23:1095  24:876  25:726  26:550  27:431  28:361  29:400  30:312  31:173  32:150  33:103  34:106  35:75  36:44  37:52  38:50  39:27  40:24  41:13  42:21  43:16  44:7  45:10  46:6  47:5  48:10  49:1  50:4  51:5  52:2  53:2  54:2  55:1  56:5  57:3  60:2  62:2  63:1  64:3  65:2  67:1  68:3  71:1  75:1  77:2  82:1  86:1  99:2  106:1  113:1  153:1  177:1
593.788387,5.131913,472.478538
[PASSED]
[time 1.48 s, user 1.38 s, sys 0.09 s, maxrss 129768 KB]
[busy 232 jiffies]
[exit 0]
--- c2 case 1 rec 0   load 0.67 0.78 1.06
[TEST C2-CoCo(LOUDS-Sparse)]
Processing dataset...
Done!
Building trie...
Done!
build time: 1356.331070 ms (1524.200406 ns per key)
space cost: 5.902932 MB (52.160740% of original size 11.316810 MB)
Querying trie...
Done!
total time: 605.012250 ms, avg latency: 679.892939 ns
topology: 0.365089 MB, link: 1.816309 MB, data: 3.721533 MB
1356.331070,5.902932,679.892939
[PASSED]
[time 2.41 s, user 2.26 s, sys 0.13 s, maxrss 251464 KB]
[busy 359 jiffies]
[exit 0]
--- c2 case 1 rec 1   load 0.78 0.81 1.06
[TEST C2-CoCo(LOUDS-Sparse)]
Processing dataset...
Done!
Building trie...
trie size: 1.301167 MB
Done!
build time: 1319.102878 ms (1482.364584 ns per key)
space cost: 5.460092 MB (48.247627% of original size 11.316810 MB)
Querying trie...
Done!
total time: 513.684952 ms, avg latency: 577.262314 ns
topology: 0.492825 MB, link: 1.813464 MB, data: 3.153803 MB
1319.102878,5.460092,577.262314
[PASSED]
[time 2.25 s, user 2.11 s, sys 0.13 s, maxrss 251520 KB]
[busy 275 jiffies]
[exit 0]
--- c2 case 1 rec 2   load 0.72 0.79 1.06
[TEST C2-CoCo(LOUDS-Sparse)]
Processing dataset...
Done!
Building trie...
trie size: 1.301167 MB
trie size: 0.188086 MB
Done!
build time: 1274.344324 ms (1432.066388 ns per key)
space cost: 5.460092 MB (48.247627% of original size 11.316810 MB)
Querying trie...
Done!
total time: 508.675999 ms, avg latency: 571.633417 ns
topology: 0.492825 MB, link: 1.813464 MB, data: 3.153803 MB
1274.344324,5.460092,571.633417
[PASSED]
[time 2.16 s, user 2.01 s, sys 0.14 s, maxrss 251764 KB]
[busy 227 jiffies]
[exit 0]
--- c2 case 2 rec 0   load 0.72 0.79 1.06
[TEST C2-MARISA]
Processing dataset...
Done!
Building trie...
trie size: 2.034968 MB
Done!
build time: 489.603466 ms (550.200329 ns per key)
space cost: 5.148748 MB (45.496465% of original size 11.316810 MB)
Querying trie...
Done!
total time: 233.577615 ms, avg latency: 262.486869 ns
topology: 0.673512 MB, link: 1.684298 MB, data: 2.770432 MB
--- Unary Path Analysis (Marisa, cutoff=3) ---
  branches: 1290446  |  single-char: 483681 (37.5%)  short-unary: 134846 (10.4%)  links: 671919 (52.1%)
  link len: avg=7.04  max=178  total_chars=4731655
  link length distribution (len:count):  3:128200  4:106194  5:84287  6:72656  7:58516  8:44149  9:36040  10:28839  11:21753  12:17688  13:15308  14:12510  15:9745  16:7525  17:6122  18:4690  19:3698  20:2882  21:2216  22:1721  23:1367  24:1119  25:897  26:746  27:562  28:441  29:368  30:406  31:316  32:177  33:153  34:106  35:106  36:75  37:44  38:54  39:50  40:27  41:25  42:13  43:21  44:16  45:7  46:10  47:6  48:5  49:10  50:2  51:4  52:5  53:2  54:2  55:2  56:1  57:5  58:3  61:2  63:2  64:1  65:3  66:2  68:2  69:3  72:1  76:1  78:2  83:1  87:1  100:2  107:1  114:1  154:1  178:1
  short unary avg len: 2.00
489.603466,5.148748,262.486869
[PASSED]
[time 1.10 s, user 1.00 s, sys 0.09 s, maxrss 158900 KB]
[busy 118 jiffies]
[exit 0]
--- c2 case 2 rec 1   load 0.66 0.78 1.05
[TEST C2-MARISA]
Processing dataset...
Done!
Building trie...
trie size: 2.034968 MB
trie size: 2.021012 MB
Done!
build time: 567.228895 ms (637.433243 ns per key)
space cost: 4.528195 MB (40.013003% of original size 11.316810 MB)
Querying trie...
Done!
total time: 290.676950 ms, avg latency: 326.653230 ns
topology: 0.839943 MB, link: 1.648341 MB, data: 2.019403 MB
--- Unary Path Analysis (Marisa, cutoff=3) ---
  branches: 1290446  |  single-char: 483681 (37.5%)  short-unary: 134846 (10.4%)  links: 671919 (52.1%)
  link len: avg=7.04  max=178  total_chars=4731655
  link length distribution (len:count):  3:128200  4:106194  5:84287  6:72656  7:58516  8:44149  9:36040  10:28839  11:21753  12:17688  13:15308  14:12510  15:9745  16:7525  17:6122  18:4690  19:3698  20:2882  21:2216  22:1721  23:1367  24:1119  25:897  26:746  27:562  28:441  29:368  30:406  31:316  32:177  33:153  34:106  35:106  36:75  37:44  38:54  39:50  40:27  41:25  42:13  43:21  44:16  45:7  46:10  47:6  48:5  49:10  50:2  51:4  52:5  53:2  54:2  55:2  56:1  57:5  58:3  61:2  63:2  64:1  65:3  66:2  68:2  69:3  72:1  76:1  78:2  83:1  87:1  100:2  107:1  114:1  154:1  178:1
  short unary avg len: 2.00
567.228895,4.528195,326.653230
[PASSED]
[time 1.25 s, user 1.15 s, sys 0.09 s, maxrss 158904 KB]
[busy 135 jiffies]
[exit 0]
--- c2 case 2 rec 2   load 0.66 0.78 1.05
[TEST C2-MARISA]
Processing dataset...
Done!
Building trie...
trie size: 2.034968 MB
trie size: 2.021012 MB
trie size: 0.240847 MB
Done!
build time: 588.444515 ms (661.274661 ns per key)
space cost: 4.528195 MB (40.013003% of original size 11.316810 MB)
Querying trie...
Done!
total time: 289.813377 ms, avg latency: 325.682775 ns
topology: 0.839943 MB, link: 1.648341 MB, data: 2.019403 MB
--- Unary Path Analysis (Marisa, cutoff=3) ---
  branches: 1290446  |  single-char: 483681 (37.5%)  short-unary: 134846 (10.4%)  links: 671919 (52.1%)
  link len: avg=7.04  max=178  total_chars=4731655
  link length distribution (len:count):  3:128200  4:106194  5:84287  6:72656  7:58516  8:44149  9:36040  10:28839  11:21753  12:17688  13:15308  14:12510  15:9745  16:7525  17:6122  18:4690  19:3698  20:2882  21:2216  22:1721  23:1367  24:1119  25:897  26:746  27:562  28:441  29:368  30:406  31:316  32:177  33:153  34:106  35:106  36:75  37:44  38:54  39:50  40:27  41:25  42:13  43:21  44:16  45:7  46:10  47:6  48:5  49:10  50:2  51:4  52:5  53:2  54:2  55:2  56:1  57:5  58:3  61:2  63:2  64:1  65:3  66:2  68:2  69:3  72:1  76:1  78:2  83:1  87:1  100:2  107:1  114:1  154:1  178:1
  short unary avg len: 2.00
588.444515,4.528195,325.682775
[PASSED]
[time 1.27 s, user 1.16 s, sys 0.09 s, maxrss 159028 KB]
[busy 134 jiffies]
[exit 0]
--- c2 case 3 rec 0   load 0.61 0.77 1.05
[TEST FST]
Processing dataset...
Done!
Building trie...
Done!
build time: 500.931435 ms (562.930330 ns per key)
space cost: 5.878841 MB (51.947869% of original size 11.316810 MB)
Querying trie...
Done!
total time: 489.060226 ms, avg latency: 549.589854 ns
not implemented
500.931435,5.878841,549.589854
[PASSED]
[time 1.38 s, user 1.31 s, sys 0.06 s, maxrss 86492 KB]
[busy 146 jiffies]
[exit 0]
--- c2 case 4 rec 0   load 0.61 0.77 1.05
[TEST COCO]
Processing dataset...
Done!
Building trie...
num nodes = 375656, average depth = 5.235279
ef = 0.000442, pa = 0.203029, bv = 0.001044, de = 0.703223
efr = 0.002106, par = 0.078420, bvr = 0.000029, der = 0.011708
Done!
build time: 8565.471118 ms (9625.595729 ns per key)
space cost: 7.666221 MB (67.741891% of original size 11.316810 MB)
Querying trie...
Done!
total time: 517.078169 ms, avg latency: 581.075500 ns
not implemented
8565.471118,7.666221,581.075500
[PASSED]
[time 9.85 s, user 7.73 s, sys 2.06 s, maxrss 4347092 KB]
[busy 1264 jiffies]
[exit 0]
--- c2 case 5 rec 0   load 0.75 0.79 1.05
[TEST MARISA]
Processing dataset...
Done!
Building trie...
Done!
build time: 380.419901 ms (427.503417 ns per key)
space cost: 5.316237 MB (46.976468% of original size 11.316810 MB)
Querying trie...
Done!
total time: 339.468522 ms, avg latency: 381.483600 ns
not implemented
380.419901,5.316237,381.483600
[PASSED]
[time 1.11 s, user 1.03 s, sys 0.07 s, maxrss 132104 KB]
[busy 118 jiffies]
[exit 0]
--- c2 case 5 rec 1   load 0.69 0.78 1.05
[TEST MARISA]
Processing dataset...
Done!
Building trie...
Done!
build time: 432.720067 ms (486.276630 ns per key)
space cost: 4.038295 MB (35.684039% of original size 11.316810 MB)
Querying trie...
Done!
total time: 449.406365 ms, avg latency: 505.028145 ns
not implemented
432.720067,4.038295,505.028145
[PASSED]
[time 1.26 s, user 1.17 s, sys 0.08 s, maxrss 132128 KB]
[busy 133 jiffies]
[exit 0]
--- c2 case 5 rec 2   load 0.69 0.78 1.05
[TEST MARISA]
Processing dataset...
Done!
Building trie...
Done!
build time: 437.589688 ms (491.748950 ns per key)
space cost: 3.830196 MB (33.845196% of original size 11.316810 MB)
Querying trie...
Done!
total time: 475.646898 ms, avg latency: 534.516396 ns
not implemented
437.589688,3.830196,534.516396
[PASSED]
[time 1.30 s, user 1.20 s, sys 0.08 s, maxrss 132128 KB]
[busy 136 jiffies]
[exit 0]
--- c2 case 6 rec 0   load 0.63 0.76 1.04
[TEST PDT]
Processing dataset...
Done!
Building trie...
dict size: 158766, stream size: 3178838
Done!
build time: 1632.986670 ms (1835.096902 ns per key)
space cost: 4.318639 MB (38.161275% of original size 11.316810 MB)
Querying trie...
Done!
total time: 466.871557 ms, avg latency: 524.654955 ns
not implemented
1632.986670,4.318639,524.654955
[PASSED]
[time 2.50 s, user 2.40 s, sys 0.08 s, maxrss 137392 KB]
[busy 265 jiffies]
[exit 0]
--- c2 case 7 rec 0   load 0.63 0.76 1.04
[TEST ART]
Processing dataset...
Done!
Building trie...
Done!
build time: 99.426559 ms (111.732309 ns per key)
space cost: 28.637695 MB (253.054493% of original size 11.316810 MB)
Querying trie...
Done!
total time: 258.984140 ms, avg latency: 291.037889 ns
not implemented
99.426559,28.637695,291.037889
[PASSED]
[time 0.75 s, user 0.67 s, sys 0.07 s, maxrss 123700 KB]
[busy 79 jiffies]
[exit 0]
--- c2 case 8 rec 0   load 0.58 0.75 1.03
[TEST CART]
Processing dataset...
Done!
Building trie...
Done!
build time: 141.628998 ms (159.158026 ns per key)
space cost: 12.686618 MB (112.104190% of original size 11.316810 MB)
Querying trie...
Done!
total time: 315.541447 ms, avg latency: 354.595137 ns
not implemented
141.628998,12.686618,354.595137
[PASSED]
[time 0.86 s, user 0.78 s, sys 0.07 s, maxrss 121236 KB]
[busy 94 jiffies]
[exit 0]
--- xcdat 7   load 0.58 0.75 1.03
build time: 372.560431 ms
space cost: 7.451407 MiB (65.843711% of original size 11.316810 MiB)
avg latency: 171.984064 ns
372.560431,7.451407,171.984064
[time 0.93 s, user 0.84 s, sys 0.07 s, maxrss 124728 KB]
[busy 98 jiffies]
[exit 0]
--- xcdat 8   load 0.58 0.75 1.03
build time: 350.014882 ms
space cost: 7.063261 MiB (62.413889% of original size 11.316810 MiB)
avg latency: 170.501423 ns
350.014882,7.063261,170.501423
[time 0.90 s, user 0.82 s, sys 0.07 s, maxrss 124820 KB]
[busy 97 jiffies]
[exit 0]
--- xcdat 15   load 0.61 0.75 1.03
build time: 372.997142 ms
space cost: 8.417356 MiB (74.379227% of original size 11.316810 MiB)
avg latency: 134.811651 ns
372.997142,8.417356,134.811651
[time 0.90 s, user 0.81 s, sys 0.08 s, maxrss 125160 KB]
[busy 99 jiffies]
[exit 0]
--- xcdat 16   load 0.61 0.75 1.03
build time: 352.812289 ms
space cost: 8.791730 MiB (77.687354% of original size 11.316810 MiB)
avg latency: 141.841552 ns
352.812289,8.791730,141.841552
[time 0.88 s, user 0.78 s, sys 0.09 s, maxrss 125052 KB]
[busy 95 jiffies]
[exit 0]

##### titles-en-1000000 (1000000 lines, 21984647 bytes)   round 1/3   2026-09-24T12:33:04+03:00
--- lexindex dict32   load 0.61 0.75 1.03
1000000 keys
lexindex DictIndex block 32: build 380 ms, size 7.447 MiB (7.809 B/key), latency cold 372.3 ns, then mean 368.0 / min 365.2 ns
379.956,7.446899,372.264
[time 2.37 s, user 4.59 s, sys 0.34 s, maxrss 275484 KB]
[busy 520 jiffies]
[exit 0]
--- lexindex dict256   load 0.65 0.76 1.03
1000000 keys
lexindex DictIndex block 256: build 383 ms, size 7.029 MiB (7.370 B/key), latency cold 390.1 ns, then mean 385.8 / min 384.8 ns
382.540,7.028672,390.095
[time 2.45 s, user 4.76 s, sys 0.33 s, maxrss 274508 KB]
[busy 532 jiffies]
[exit 0]
--- lexindex dict1024   load 0.67 0.76 1.03
1000000 keys
lexindex DictIndex block 1024: build 420 ms, size 6.878 MiB (7.212 B/key), latency cold 455.2 ns, then mean 447.8 / min 445.9 ns
420.380,6.877800,455.171
[time 2.74 s, user 4.19 s, sys 0.28 s, maxrss 277144 KB]
[busy 472 jiffies]
[exit 0]
--- lexindex routed32   load 0.62 0.75 1.03
1000000 keys
lexindex DictIndex block 32 routed: build 381 ms, size 7.924 MiB (8.309 B/key), latency cold 347.3 ns, then mean 337.9 / min 337.1 ns
380.879,7.923737,347.336
[time 2.26 s, user 4.52 s, sys 0.36 s, maxrss 274376 KB]
[busy 512 jiffies]
[exit 0]
--- lexindex routed256   load 0.62 0.75 1.03
1000000 keys
lexindex DictIndex block 256 routed: build 391 ms, size 7.506 MiB (7.870 B/key), latency cold 320.8 ns, then mean 314.4 / min 311.5 ns
391.344,7.505601,320.784
[time 2.17 s, user 4.48 s, sys 0.35 s, maxrss 274076 KB]
[busy 503 jiffies]
[exit 0]
--- lexindex routed1024   load 0.65 0.76 1.03
1000000 keys
lexindex DictIndex block 1024 routed: build 423 ms, size 7.116 MiB (7.462 B/key), latency cold 353.4 ns, then mean 348.2 / min 347.6 ns
423.303,7.116325,353.357
[time 2.32 s, user 3.79 s, sys 0.28 s, maxrss 282772 KB]
[busy 424 jiffies]
[exit 0]
--- lexindex string   load 0.60 0.74 1.02
1000000 keys
lexindex StringIndex: build 979 ms, size 16.482 MiB (17.283 B/key), latency cold 331.4 ns, then mean 326.3 / min 325.5 ns
979.196,16.482312,331.438
[time 2.78 s, user 2.67 s, sys 0.09 s, maxrss 164060 KB]
[busy 291 jiffies]
[exit 0]
--- lexindex hashed0   load 0.60 0.74 1.02
1000000 keys
lexindex HashedDictIndex closed: build 496 ms, size 9.642 MiB (10.110 B/key), latency cold 44.5 ns, then mean 43.1 / min 42.4 ns
495.579,9.642032,44.501
[time 1.17 s, user 3.51 s, sys 0.37 s, maxrss 276504 KB]
[busy 409 jiffies]
[exit 0]
--- lexindex hashed8   load 0.63 0.75 1.02
1000000 keys
lexindex HashedDictIndex fp=8: build 498 ms, size 10.596 MiB (11.110 B/key), latency cold 51.3 ns, then mean 48.7 / min 47.7 ns
497.661,10.595706,51.273
[time 1.20 s, user 3.57 s, sys 0.37 s, maxrss 276532 KB]
[busy 418 jiffies]
[exit 0]
--- lexindex hashed16   load 0.63 0.75 1.02
1000000 keys
lexindex HashedDictIndex fp=16: build 499 ms, size 11.549 MiB (12.110 B/key), latency cold 51.6 ns, then mean 49.1 / min 48.4 ns
498.846,11.549380,51.629
[time 1.21 s, user 3.58 s, sys 0.36 s, maxrss 279304 KB]
[busy 415 jiffies]
[exit 0]
--- c2 case 0 rec 0   load 0.58 0.73 1.01
[TEST C2-FST]
Processing dataset...
Done!
Building trie...
Done!
build time: 1048.185402 ms (1048.185402 ns per key)
space cost: 11.326162 MB (56.595386% of original size 20.012519 MB)
Querying trie...
Done!
total time: 479.718409 ms, avg latency: 479.718409 ns
topology: 1.047974 MB, link: 2.330659 MB, data: 7.947530 MB
--- Unary Path Analysis (FST, cutoff=4) ---
  shared unary steps in main trie: 632648
  terminal suffixes: inplace=148307 (avg len=2.14)  links=794871 (84.3% of terminal)
  link len: avg=12.03  max=232  total_chars=9558452
  link length distribution (len:count):  4:67686  5:69275  6:65423  7:58787  8:51921  9:47544  10:42795  11:38054  12:34227  13:30736  14:30694  15:28260  16:25308  17:22807  18:19264  19:17586  20:15912  21:14224  22:12066  23:10759  24:9477  25:8347  26:7925  27:7112  28:6113  29:5746  30:5072  31:4462  32:3927  33:3658  34:3228  35:2847  36:2644  37:2353  38:2038  39:1870  40:1644  41:1489  42:1315  43:1143  44:928  45:846  46:722  47:679  48:610  49:543  50:459  51:451  52:342  53:339  54:284  55:273  56:239  57:215  58:214  59:177  60:158  61:140  62:127  63:109  64:95  65:79  66:80  67:78  68:75  69:69  70:68  71:54  72:51  73:42  74:46  75:42  76:35  77:41  78:38  79:39  80:21  81:18  82:21  83:19  84:14  85:18  86:14  87:15  88:11  89:14  90:13  91:7  92:5  93:8  94:7  95:5  96:8  97:8  98:5  99:7  100:11  101:5  102:6  103:3  104:3  105:3  106:5  107:4  108:5  109:1  110:2  111:6  112:1  113:1  114:1  115:4  116:1  118:1  119:2  121:2  123:2  125:1  126:1  128:1  129:1  131:1  132:2  134:1  135:1  136:1  137:3  138:1  139:1  141:2  145:1  152:1  154:1  156:1  159:3  165:1  168:1  174:1  175:1  179:1  181:1  199:1  201:1  202:1  204:1  207:1  216:1  217:1  219:1  233:1
1048.185402,11.326162,479.718409
[PASSED]
[time 2.09 s, user 1.95 s, sys 0.12 s, maxrss 185228 KB]
[busy 220 jiffies]
[exit 0]
--- c2 case 0 rec 1   load 0.58 0.73 1.01
[TEST C2-FST]
Processing dataset...
Done!
Building trie...
trie size: 3.096522 MB
Done!
build time: 1316.408554 ms (1316.408554 ns per key)
space cost: 9.522977 MB (47.585099% of original size 20.012519 MB)
Querying trie...
Done!
total time: 604.883999 ms, avg latency: 604.883999 ns
topology: 1.448536 MB, link: 2.515947 MB, data: 5.558494 MB
--- Unary Path Analysis (FST, cutoff=4) ---
  shared unary steps in main trie: 632648
  terminal suffixes: inplace=148307 (avg len=2.14)  links=794871 (84.3% of terminal)
  link len: avg=12.03  max=232  total_chars=9558452
  link length distribution (len:count):  4:67686  5:69275  6:65423  7:58787  8:51921  9:47544  10:42795  11:38054  12:34227  13:30736  14:30694  15:28260  16:25308  17:22807  18:19264  19:17586  20:15912  21:14224  22:12066  23:10759  24:9477  25:8347  26:7925  27:7112  28:6113  29:5746  30:5072  31:4462  32:3927  33:3658  34:3228  35:2847  36:2644  37:2353  38:2038  39:1870  40:1644  41:1489  42:1315  43:1143  44:928  45:846  46:722  47:679  48:610  49:543  50:459  51:451  52:342  53:339  54:284  55:273  56:239  57:215  58:214  59:177  60:158  61:140  62:127  63:109  64:95  65:79  66:80  67:78  68:75  69:69  70:68  71:54  72:51  73:42  74:46  75:42  76:35  77:41  78:38  79:39  80:21  81:18  82:21  83:19  84:14  85:18  86:14  87:15  88:11  89:14  90:13  91:7  92:5  93:8  94:7  95:5  96:8  97:8  98:5  99:7  100:11  101:5  102:6  103:3  104:3  105:3  106:5  107:4  108:5  109:1  110:2  111:6  112:1  113:1  114:1  115:4  116:1  118:1  119:2  121:2  123:2  125:1  126:1  128:1  129:1  131:1  132:2  134:1  135:1  136:1  137:3  138:1  139:1  141:2  145:1  152:1  154:1  156:1  159:3  165:1  168:1  174:1  175:1  179:1  181:1  199:1  201:1  202:1  204:1  207:1  216:1  217:1  219:1  233:1
1316.408554,9.522977,604.883999
[PASSED]
[time 2.50 s, user 2.35 s, sys 0.13 s, maxrss 181212 KB]
[busy 260 jiffies]
[exit 0]
--- c2 case 0 rec 2   load 0.61 0.74 1.01
[TEST C2-FST]
Processing dataset...
Done!
Building trie...
trie size: 3.096522 MB
trie size: 0.887704 MB
Done!
build time: 1439.532477 ms (1439.532477 ns per key)
space cost: 9.522977 MB (47.585099% of original size 20.012519 MB)
Querying trie...
Done!
total time: 599.716008 ms, avg latency: 599.716008 ns
topology: 1.448536 MB, link: 2.515947 MB, data: 5.558494 MB
--- Unary Path Analysis (FST, cutoff=4) ---
  shared unary steps in main trie: 632648
  terminal suffixes: inplace=148307 (avg len=2.14)  links=794871 (84.3% of terminal)
  link len: avg=12.03  max=232  total_chars=9558452
  link length distribution (len:count):  4:67686  5:69275  6:65423  7:58787  8:51921  9:47544  10:42795  11:38054  12:34227  13:30736  14:30694  15:28260  16:25308  17:22807  18:19264  19:17586  20:15912  21:14224  22:12066  23:10759  24:9477  25:8347  26:7925  27:7112  28:6113  29:5746  30:5072  31:4462  32:3927  33:3658  34:3228  35:2847  36:2644  37:2353  38:2038  39:1870  40:1644  41:1489  42:1315  43:1143  44:928  45:846  46:722  47:679  48:610  49:543  50:459  51:451  52:342  53:339  54:284  55:273  56:239  57:215  58:214  59:177  60:158  61:140  62:127  63:109  64:95  65:79  66:80  67:78  68:75  69:69  70:68  71:54  72:51  73:42  74:46  75:42  76:35  77:41  78:38  79:39  80:21  81:18  82:21  83:19  84:14  85:18  86:14  87:15  88:11  89:14  90:13  91:7  92:5  93:8  94:7  95:5  96:8  97:8  98:5  99:7  100:11  101:5  102:6  103:3  104:3  105:3  106:5  107:4  108:5  109:1  110:2  111:6  112:1  113:1  114:1  115:4  116:1  118:1  119:2  121:2  123:2  125:1  126:1  128:1  129:1  131:1  132:2  134:1  135:1  136:1  137:3  138:1  139:1  141:2  145:1  152:1  154:1  156:1  159:3  165:1  168:1  174:1  175:1  179:1  181:1  199:1  201:1  202:1  204:1  207:1  216:1  217:1  219:1  233:1
1439.532477,9.522977,599.716008
[PASSED]
[time 2.61 s, user 2.47 s, sys 0.12 s, maxrss 181104 KB]
[busy 272 jiffies]
[exit 0]
--- c2 case 1 rec 0   load 0.65 0.74 1.01
[TEST C2-CoCo(LOUDS-Sparse)]
Processing dataset...
Done!
Building trie...
Done!
build time: 2126.933107 ms (2126.933107 ns per key)
space cost: 12.265971 MB (61.291488% of original size 20.012519 MB)
Querying trie...
Done!
total time: 728.965752 ms, avg latency: 728.965752 ns
topology: 0.432648 MB, link: 3.282862 MB, data: 8.550461 MB
2126.933107,12.265971,728.965752
[PASSED]
[time 3.42 s, user 3.22 s, sys 0.19 s, maxrss 358256 KB]
[busy 356 jiffies]
[exit 0]
--- c2 case 1 rec 1   load 0.59 0.73 1.01
[TEST C2-CoCo(LOUDS-Sparse)]
Processing dataset...
Done!
Building trie...
trie size: 3.096522 MB
Done!
build time: 2435.192279 ms (2435.192279 ns per key)
space cost: 10.462785 MB (52.281201% of original size 20.012519 MB)
Querying trie...
Done!
total time: 850.500538 ms, avg latency: 850.500538 ns
topology: 0.833210 MB, link: 3.468150 MB, data: 6.161425 MB
2435.192279,10.462785,850.500538
[PASSED]
[time 3.85 s, user 3.66 s, sys 0.17 s, maxrss 344988 KB]
[busy 402 jiffies]
[exit 0]
--- c2 case 1 rec 2   load 0.55 0.72 1.00
[TEST C2-CoCo(LOUDS-Sparse)]
Processing dataset...
Done!
Building trie...
trie size: 3.096522 MB
trie size: 0.887704 MB
Done!
build time: 2536.208926 ms (2536.208926 ns per key)
space cost: 10.462785 MB (52.281201% of original size 20.012519 MB)
Querying trie...
Done!
total time: 847.831332 ms, avg latency: 847.831332 ns
topology: 0.833210 MB, link: 3.468150 MB, data: 6.161425 MB
2536.208926,10.462785,847.831332
[PASSED]
[time 3.96 s, user 3.75 s, sys 0.18 s, maxrss 344784 KB]
[busy 411 jiffies]
[exit 0]
--- c2 case 2 rec 0   load 0.50 0.71 1.00
[TEST C2-MARISA]
Processing dataset...
Done!
Building trie...
trie size: 2.238578 MB
Done!
build time: 1039.580731 ms (1039.580731 ns per key)
space cost: 10.766413 MB (53.798389% of original size 20.012519 MB)
Querying trie...
Done!
total time: 370.985250 ms, avg latency: 370.985250 ns
topology: 0.741383 MB, link: 2.768053 MB, data: 7.236469 MB
--- Unary Path Analysis (Marisa, cutoff=3) ---
  branches: 1523874  |  single-char: 417651 (27.4%)  short-unary: 97461 (6.4%)  links: 1008762 (66.2%)
  link len: avg=12.11  max=234  total_chars=12215333
  link length distribution (len:count):  3:76859  4:82017  5:81216  6:79010  7:72564  8:64127  9:55531  10:50303  11:44703  12:39548  13:35394  14:31778  15:31462  16:28952  17:25995  18:23521  19:19840  20:18044  21:16382  22:14569  23:12399  24:11015  25:9715  26:8556  27:8141  28:7267  29:6255  30:5853  31:5207  32:4578  33:4049  34:3736  35:3293  36:2910  37:2688  38:2423  39:2074  40:1908  41:1670  42:1511  43:1333  44:1158  45:939  46:855  47:728  48:689  49:615  50:544  51:465  52:457  53:344  54:344  55:284  56:276  57:242  58:216  59:216  60:177  61:159  62:140  63:127  64:109  65:95  66:79  67:80  68:79  69:75  70:69  71:69  72:55  73:51  74:42  75:46  76:42  77:35  78:41  79:38  80:39  81:21  82:18  83:21  84:19  85:14  86:18  87:14  88:15  89:11  90:14  91:13  92:7  93:5  94:8  95:7  96:5  97:9  98:8  99:5  100:7  101:11  102:5  103:6  104:3  105:3  106:3  107:5  108:4  109:5  110:1  111:2  112:6  113:1  114:1  115:1  116:4  117:1  119:1  120:2  122:2  124:2  126:1  127:1  129:1  130:1  132:1  133:2  135:1  136:1  137:1  138:3  139:1  140:1  142:2  146:1  153:1  155:1  157:1  160:3  166:1  169:1  175:1  176:1  180:1  182:1  200:1  202:1  203:1  205:1  208:1  217:1  218:1  220:1  234:1
  short unary avg len: 2.00
1039.580731,10.766413,370.985250
[PASSED]
[time 1.97 s, user 1.83 s, sys 0.13 s, maxrss 201500 KB]
[busy 208 jiffies]
[exit 0]
--- c2 case 2 rec 1   load 0.50 0.71 1.00
[TEST C2-MARISA]
Processing dataset...
Done!
Building trie...
trie size: 2.238578 MB
trie size: 3.821277 MB
Done!
build time: 1397.544080 ms (1397.544080 ns per key)
space cost: 8.586061 MB (42.903452% of original size 20.012519 MB)
Querying trie...
Done!
total time: 496.105215 ms, avg latency: 496.105215 ns
topology: 1.213478 MB, link: 2.963206 MB, data: 4.388869 MB
--- Unary Path Analysis (Marisa, cutoff=3) ---
  branches: 1523874  |  single-char: 417651 (27.4%)  short-unary: 97461 (6.4%)  links: 1008762 (66.2%)
  link len: avg=12.11  max=234  total_chars=12215333
  link length distribution (len:count):  3:76859  4:82017  5:81216  6:79010  7:72564  8:64127  9:55531  10:50303  11:44703  12:39548  13:35394  14:31778  15:31462  16:28952  17:25995  18:23521  19:19840  20:18044  21:16382  22:14569  23:12399  24:11015  25:9715  26:8556  27:8141  28:7267  29:6255  30:5853  31:5207  32:4578  33:4049  34:3736  35:3293  36:2910  37:2688  38:2423  39:2074  40:1908  41:1670  42:1511  43:1333  44:1158  45:939  46:855  47:728  48:689  49:615  50:544  51:465  52:457  53:344  54:344  55:284  56:276  57:242  58:216  59:216  60:177  61:159  62:140  63:127  64:109  65:95  66:79  67:80  68:79  69:75  70:69  71:69  72:55  73:51  74:42  75:46  76:42  77:35  78:41  79:38  80:39  81:21  82:18  83:21  84:19  85:14  86:18  87:14  88:15  89:11  90:14  91:13  92:7  93:5  94:8  95:7  96:5  97:9  98:8  99:5  100:7  101:11  102:5  103:6  104:3  105:3  106:3  107:5  108:4  109:5  110:1  111:2  112:6  113:1  114:1  115:1  116:4  117:1  119:1  120:2  122:2  124:2  126:1  127:1  129:1  130:1  132:1  133:2  135:1  136:1  137:1  138:3  139:1  140:1  142:2  146:1  153:1  155:1  157:1  160:3  166:1  169:1  175:1  176:1  180:1  182:1  200:1  202:1  203:1  205:1  208:1  217:1  218:1  220:1  234:1
  short unary avg len: 2.00
1397.544080,8.586061,496.105215
[PASSED]
[time 2.48 s, user 2.30 s, sys 0.16 s, maxrss 197328 KB]
[busy 258 jiffies]
[exit 0]
--- c2 case 2 rec 2   load 0.54 0.71 1.00
[TEST C2-MARISA]
Processing dataset...
Done!
Building trie...
trie size: 2.238578 MB
trie size: 3.821277 MB
trie size: 1.037524 MB
Done!
build time: 1553.096705 ms (1553.096705 ns per key)
space cost: 8.586061 MB (42.903452% of original size 20.012519 MB)
Querying trie...
Done!
total time: 494.670508 ms, avg latency: 494.670508 ns
topology: 1.213478 MB, link: 2.963206 MB, data: 4.388869 MB
--- Unary Path Analysis (Marisa, cutoff=3) ---
  branches: 1523874  |  single-char: 417651 (27.4%)  short-unary: 97461 (6.4%)  links: 1008762 (66.2%)
  link len: avg=12.11  max=234  total_chars=12215333
  link length distribution (len:count):  3:76859  4:82017  5:81216  6:79010  7:72564  8:64127  9:55531  10:50303  11:44703  12:39548  13:35394  14:31778  15:31462  16:28952  17:25995  18:23521  19:19840  20:18044  21:16382  22:14569  23:12399  24:11015  25:9715  26:8556  27:8141  28:7267  29:6255  30:5853  31:5207  32:4578  33:4049  34:3736  35:3293  36:2910  37:2688  38:2423  39:2074  40:1908  41:1670  42:1511  43:1333  44:1158  45:939  46:855  47:728  48:689  49:615  50:544  51:465  52:457  53:344  54:344  55:284  56:276  57:242  58:216  59:216  60:177  61:159  62:140  63:127  64:109  65:95  66:79  67:80  68:79  69:75  70:69  71:69  72:55  73:51  74:42  75:46  76:42  77:35  78:41  79:38  80:39  81:21  82:18  83:21  84:19  85:14  86:18  87:14  88:15  89:11  90:14  91:13  92:7  93:5  94:8  95:7  96:5  97:9  98:8  99:5  100:7  101:11  102:5  103:6  104:3  105:3  106:3  107:5  108:4  109:5  110:1  111:2  112:6  113:1  114:1  115:1  116:4  117:1  119:1  120:2  122:2  124:2  126:1  127:1  129:1  130:1  132:1  133:2  135:1  136:1  137:1  138:3  139:1  140:1  142:2  146:1  153:1  155:1  157:1  160:3  166:1  169:1  175:1  176:1  180:1  182:1  200:1  202:1  203:1  205:1  208:1  217:1  218:1  220:1  234:1
  short unary avg len: 2.00
1553.096705,8.586061,494.670508
[PASSED]
[time 2.63 s, user 2.48 s, sys 0.14 s, maxrss 197264 KB]
[busy 272 jiffies]
[exit 0]
--- c2 case 3 rec 0   load 0.58 0.72 1.00
[TEST FST]
Processing dataset...
Done!
Building trie...
Done!
build time: 803.846884 ms (803.846884 ns per key)
space cost: 12.223534 MB (61.079436% of original size 20.012519 MB)
Querying trie...
Done!
total time: 679.595943 ms, avg latency: 679.595943 ns
not implemented
803.846884,12.223534,679.595943
[PASSED]
[time 2.06 s, user 1.96 s, sys 0.09 s, maxrss 130968 KB]
[busy 220 jiffies]
[exit 0]
--- c2 case 4 rec 0   load 0.58 0.72 1.00
terminate called after throwing an instance of 'std::runtime_error'
  what():  Sequence is not sorted
timeout: the monitored command dumped core
Command terminated by signal 6
[time 22.50 s, user 16.44 s, sys 5.90 s, maxrss 13650724 KB]
[busy 2316 jiffies]
[exit 134]
--- c2 case 5 rec 0   load 0.80 0.76 1.00
[TEST MARISA]
Processing dataset...
Done!
Building trie...
Done!
build time: 603.834888 ms (603.834888 ns per key)
space cost: 12.537066 MB (62.646119% of original size 20.012519 MB)
Querying trie...
Done!
total time: 504.602173 ms, avg latency: 504.602173 ns
not implemented
603.834888,12.537066,504.602173
[PASSED]
[time 1.69 s, user 1.54 s, sys 0.13 s, maxrss 195012 KB]
[busy 180 jiffies]
[exit 0]
--- c2 case 5 rec 1   load 0.80 0.76 1.00
[TEST MARISA]
Processing dataset...
Done!
Building trie...
Done!
build time: 767.428334 ms (767.428334 ns per key)
space cost: 8.680676 MB (43.376231% of original size 20.012519 MB)
Querying trie...
Done!
total time: 786.308154 ms, avg latency: 786.308154 ns
not implemented
767.428334,8.680676,786.308154
[PASSED]
[time 2.13 s, user 1.97 s, sys 0.15 s, maxrss 194756 KB]
[busy 221 jiffies]
[exit 0]
--- c2 case 5 rec 2   load 0.81 0.76 1.00
[TEST MARISA]
Processing dataset...
Done!
Building trie...
Done!
build time: 814.267597 ms (814.267597 ns per key)
space cost: 7.806685 MB (39.009010% of original size 20.012519 MB)
Querying trie...
Done!
total time: 891.687249 ms, avg latency: 891.687249 ns
not implemented
814.267597,7.806685,891.687249
[PASSED]
[time 2.28 s, user 2.14 s, sys 0.13 s, maxrss 195316 KB]
[busy 243 jiffies]
[exit 0]
--- c2 case 6 rec 0   load 0.83 0.77 1.00
[TEST PDT]
Processing dataset...
Done!
Building trie...
dict size: 157446, stream size: 7395682
Done!
build time: 3435.062583 ms (3435.062583 ns per key)
space cost: 8.479283 MB (42.369895% of original size 20.012519 MB)
Querying trie...
Done!
total time: 652.191543 ms, avg latency: 652.191543 ns
not implemented
3435.062583,8.479283,652.191543
[PASSED]
[time 4.67 s, user 4.48 s, sys 0.17 s, maxrss 256524 KB]
[busy 486 jiffies]
[exit 0]
--- c2 case 7 rec 0   load 0.84 0.77 1.00
[TEST ART]
Processing dataset...
Done!
Building trie...
Done!
build time: 162.862152 ms (162.862152 ns per key)
space cost: 32.696541 MB (163.380437% of original size 20.012519 MB)
Querying trie...
Done!
total time: 411.796646 ms, avg latency: 411.796646 ns
not implemented
162.862152,32.696541,411.796646
[PASSED]
[time 1.17 s, user 1.06 s, sys 0.10 s, maxrss 176324 KB]
[busy 126 jiffies]
[exit 0]
--- c2 case 8 rec 0   load 0.84 0.77 1.00
[TEST CART]
Processing dataset...
Done!
Building trie...
Done!
build time: 215.784968 ms (215.784968 ns per key)
space cost: 14.850546 MB (74.206280% of original size 20.012519 MB)
Querying trie...
Done!
total time: 451.510208 ms, avg latency: 451.510208 ns
not implemented
215.784968,14.850546,451.510208
[PASSED]
[time 1.25 s, user 1.15 s, sys 0.09 s, maxrss 163580 KB]
[busy 131 jiffies]
[exit 0]
--- xcdat 7   load 0.86 0.77 1.00
build time: 637.912969 ms
space cost: 14.813288 MiB (74.020106% of original size 20.012519 MiB)
avg latency: 269.040700 ns
637.912969,14.813288,269.040700
[time 1.50 s, user 1.40 s, sys 0.09 s, maxrss 161448 KB]
[busy 160 jiffies]
[exit 0]
--- xcdat 8   load 0.86 0.77 1.00
build time: 604.974910 ms
space cost: 14.333878 MiB (71.624555% of original size 20.012519 MiB)
avg latency: 255.433548 ns
604.974910,14.333878,255.433548
[time 1.45 s, user 1.33 s, sys 0.11 s, maxrss 161132 KB]
[busy 155 jiffies]
[exit 0]
--- xcdat 15   load 0.87 0.78 1.00
build time: 634.598451 ms
space cost: 16.333202 MiB (81.614925% of original size 20.012519 MiB)
avg latency: 245.115388 ns
634.598451,16.333202,245.115388
[time 1.46 s, user 1.35 s, sys 0.10 s, maxrss 163504 KB]
[busy 154 jiffies]
[exit 0]
--- xcdat 16   load 0.87 0.78 1.00
build time: 604.637115 ms
space cost: 16.875467 MiB (84.324554% of original size 20.012519 MiB)
avg latency: 257.590561 ns
604.637115,16.875467,257.590561
[time 1.44 s, user 1.32 s, sys 0.11 s, maxrss 164596 KB]
[busy 154 jiffies]
[exit 0]

##### titles-ru-1000000 (1000000 lines, 36819661 bytes)   round 1/3   2026-09-24T12:35:06+03:00
--- lexindex dict32   load 0.88 0.78 1.00
1000000 keys
lexindex DictIndex block 32: build 307 ms, size 6.963 MiB (7.302 B/key), latency cold 442.7 ns, then mean 439.3 / min 438.9 ns
306.657,6.963340,442.708
[time 2.66 s, user 4.66 s, sys 0.28 s, maxrss 302556 KB]
[busy 519 jiffies]
[exit 0]
--- lexindex dict256   load 0.81 0.77 0.99
1000000 keys
lexindex DictIndex block 256: build 323 ms, size 6.544 MiB (6.862 B/key), latency cold 478.1 ns, then mean 467.5 / min 466.8 ns
323.474,6.543816,478.094
[time 2.80 s, user 4.87 s, sys 0.29 s, maxrss 301016 KB]
[busy 544 jiffies]
[exit 0]
--- lexindex dict1024   load 0.81 0.77 0.99
1000000 keys
lexindex DictIndex block 1024: build 336 ms, size 6.388 MiB (6.698 B/key), latency cold 527.5 ns, then mean 523.6 / min 520.6 ns
336.384,6.387671,527.537
[time 3.03 s, user 4.37 s, sys 0.23 s, maxrss 301916 KB]
[busy 482 jiffies]
[exit 0]
--- lexindex routed32   load 0.82 0.77 1.00
1000000 keys
lexindex DictIndex block 32 routed: build 305 ms, size 7.440 MiB (7.802 B/key), latency cold 420.4 ns, then mean 413.4 / min 411.7 ns
305.268,7.440177,420.382
[time 2.55 s, user 4.59 s, sys 0.27 s, maxrss 302508 KB]
[busy 511 jiffies]
[exit 0]
--- lexindex routed256   load 0.84 0.78 1.00
1000000 keys
lexindex DictIndex block 256 routed: build 325 ms, size 7.021 MiB (7.362 B/key), latency cold 406.1 ns, then mean 402.0 / min 400.6 ns
324.537,7.020744,406.117
[time 2.52 s, user 4.64 s, sys 0.27 s, maxrss 302132 KB]
[busy 516 jiffies]
[exit 0]
--- lexindex routed1024   load 0.77 0.76 0.99
1000000 keys
lexindex DictIndex block 1024 routed: build 337 ms, size 6.626 MiB (6.948 B/key), latency cold 437.0 ns, then mean 428.6 / min 427.8 ns
336.664,6.626197,437.050
[time 2.65 s, user 3.99 s, sys 0.24 s, maxrss 305776 KB]
[busy 444 jiffies]
[exit 0]
--- lexindex string   load 0.77 0.76 0.99
1000000 keys
lexindex StringIndex: build 1486 ms, size 30.276 MiB (31.746 B/key), latency cold 559.3 ns, then mean 547.1 / min 545.1 ns
1485.940,30.275526,559.279
[time 4.27 s, user 4.13 s, sys 0.11 s, maxrss 213228 KB]
[busy 448 jiffies]
[exit 0]
--- lexindex hashed0   load 0.79 0.77 0.99
1000000 keys
lexindex HashedDictIndex closed: build 488 ms, size 9.157 MiB (9.602 B/key), latency cold 56.1 ns, then mean 54.8 / min 54.6 ns
488.437,9.157313,56.100
[time 1.30 s, user 3.48 s, sys 0.27 s, maxrss 302836 KB]
[busy 394 jiffies]
[exit 0]
--- lexindex hashed8   load 0.81 0.77 0.99
1000000 keys
lexindex HashedDictIndex fp=8: build 489 ms, size 10.111 MiB (10.602 B/key), latency cold 64.0 ns, then mean 63.0 / min 62.5 ns
488.541,10.110988,64.005
[time 1.34 s, user 3.42 s, sys 0.33 s, maxrss 303708 KB]
[busy 401 jiffies]
[exit 0]
--- lexindex hashed16   load 0.81 0.77 0.99
1000000 keys
lexindex HashedDictIndex fp=16: build 487 ms, size 11.065 MiB (11.602 B/key), latency cold 66.0 ns, then mean 64.5 / min 63.4 ns
486.987,11.064662,66.050
[time 1.34 s, user 3.46 s, sys 0.31 s, maxrss 306088 KB]
[busy 396 jiffies]
[exit 0]
--- c2 case 0 rec 0   load 0.90 0.79 1.00
[TEST C2-FST]
Processing dataset...
Done!
Building trie...
Done!
build time: 1275.896702 ms (1275.896702 ns per key)
space cost: 13.454716 MB (39.387006% of original size 34.160291 MB)
Querying trie...
Done!
total time: 739.596561 ms, avg latency: 739.596561 ns
topology: 1.316696 MB, link: 2.448647 MB, data: 9.689372 MB
--- Unary Path Analysis (FST, cutoff=4) ---
  shared unary steps in main trie: 1444849
  terminal suffixes: inplace=70261 (avg len=2.02)  links=837902 (92.3% of terminal)
  link len: avg=18.90  max=238  total_chars=15835418
  link length distribution (len:count):  4:38002  5:25136  6:46678  7:25626  8:51081  9:27061  10:49555  11:26346  12:44099  13:24737  14:35638  15:24081  16:29538  17:19279  18:25434  19:16078  20:16463  21:14405  22:12877  23:14367  24:11738  25:15079  26:11391  27:16946  28:11354  29:17411  30:12058  31:16873  32:11600  33:15555  34:11210  35:12790  36:9994  37:10106  38:7923  39:7962  40:6648  41:5829  42:4930  43:4945  44:3895  45:3528  46:3382  47:2749  48:2598  49:2269  50:2117  51:1901  52:1753  53:1665  54:1553  55:1449  56:1305  57:1145  58:1092  59:1004  60:875  61:848  62:788  63:815  64:741  65:605  66:640  67:594  68:554  69:512  70:530  71:482  72:415  73:428  74:424  75:368  76:310  77:349  78:289  79:299  80:274  81:267  82:209  83:198  84:204  85:187  86:188  87:169  88:154  89:148  90:143  91:149  92:108  93:110  94:105  95:111  96:95  97:79  98:91  99:85  100:98  101:68  102:61  103:57  104:50  105:52  106:54  107:61  108:50  109:62  110:44  111:43  112:42  113:44  114:37  115:29  116:42  117:29  118:35  119:28  120:37  121:28  122:24  123:19  124:19  125:31  126:29  127:26  128:15  129:19  130:30  131:11  132:22  133:9  134:11  135:14  136:17  137:15  138:6  139:7  140:14  141:16  142:8  143:9  144:14  145:12  146:8  147:11  148:7  149:9  150:6  151:12  152:9  153:13  154:7  155:5  156:6  157:3  158:8  159:4  160:7  161:11  162:5  163:11  164:3  165:5  166:7  167:4  168:4  169:6  170:3  171:4  172:3  173:9  174:4  175:1  176:4  177:5  178:6  179:4  180:4  181:2  182:6  183:7  184:4  185:2  186:3  187:2  188:2  190:1  191:1  192:3  193:3  194:2  196:2  197:2  198:4  200:1  202:1  205:2  207:2  208:1  210:2  212:2  213:1  217:2  218:2  220:1  222:1  228:2  234:1  239:1
1275.896702,13.454716,739.596561
[PASSED]
[time 2.73 s, user 2.57 s, sys 0.14 s, maxrss 226764 KB]
[busy 288 jiffies]
[exit 0]
--- c2 case 0 rec 1   load 0.90 0.79 1.00
[TEST C2-FST]
Processing dataset...
Done!
Building trie...
trie size: 3.233313 MB
Done!
build time: 1664.692654 ms (1664.692654 ns per key)
space cost: 10.950089 MB (32.055021% of original size 34.160291 MB)
Querying trie...
Done!
total time: 750.108956 ms, avg latency: 750.108956 ns
topology: 1.728611 MB, link: 2.656099 MB, data: 6.565378 MB
--- Unary Path Analysis (FST, cutoff=4) ---
  shared unary steps in main trie: 1444849
  terminal suffixes: inplace=70261 (avg len=2.02)  links=837902 (92.3% of terminal)
  link len: avg=18.90  max=238  total_chars=15835418
  link length distribution (len:count):  4:38002  5:25136  6:46678  7:25626  8:51081  9:27061  10:49555  11:26346  12:44099  13:24737  14:35638  15:24081  16:29538  17:19279  18:25434  19:16078  20:16463  21:14405  22:12877  23:14367  24:11738  25:15079  26:11391  27:16946  28:11354  29:17411  30:12058  31:16873  32:11600  33:15555  34:11210  35:12790  36:9994  37:10106  38:7923  39:7962  40:6648  41:5829  42:4930  43:4945  44:3895  45:3528  46:3382  47:2749  48:2598  49:2269  50:2117  51:1901  52:1753  53:1665  54:1553  55:1449  56:1305  57:1145  58:1092  59:1004  60:875  61:848  62:788  63:815  64:741  65:605  66:640  67:594  68:554  69:512  70:530  71:482  72:415  73:428  74:424  75:368  76:310  77:349  78:289  79:299  80:274  81:267  82:209  83:198  84:204  85:187  86:188  87:169  88:154  89:148  90:143  91:149  92:108  93:110  94:105  95:111  96:95  97:79  98:91  99:85  100:98  101:68  102:61  103:57  104:50  105:52  106:54  107:61  108:50  109:62  110:44  111:43  112:42  113:44  114:37  115:29  116:42  117:29  118:35  119:28  120:37  121:28  122:24  123:19  124:19  125:31  126:29  127:26  128:15  129:19  130:30  131:11  132:22  133:9  134:11  135:14  136:17  137:15  138:6  139:7  140:14  141:16  142:8  143:9  144:14  145:12  146:8  147:11  148:7  149:9  150:6  151:12  152:9  153:13  154:7  155:5  156:6  157:3  158:8  159:4  160:7  161:11  162:5  163:11  164:3  165:5  166:7  167:4  168:4  169:6  170:3  171:4  172:3  173:9  174:4  175:1  176:4  177:5  178:6  179:4  180:4  181:2  182:6  183:7  184:4  185:2  186:3  187:2  188:2  190:1  191:1  192:3  193:3  194:2  196:2  197:2  198:4  200:1  202:1  205:2  207:2  208:1  210:2  212:2  213:1  217:2  218:2  220:1  222:1  228:2  234:1  239:1
1664.692654,10.950089,750.108956
[PASSED]
[time 3.14 s, user 2.98 s, sys 0.15 s, maxrss 215132 KB]
[busy 327 jiffies]
[exit 0]
--- c2 case 0 rec 2   load 0.91 0.80 1.00
[TEST C2-FST]
Processing dataset...
Done!
Building trie...
trie size: 3.233313 MB
trie size: 0.910584 MB
Done!
build time: 1793.505518 ms (1793.505518 ns per key)
space cost: 10.950089 MB (32.055021% of original size 34.160291 MB)
Querying trie...
Done!
total time: 750.809773 ms, avg latency: 750.809773 ns
topology: 1.728611 MB, link: 2.656099 MB, data: 6.565378 MB
--- Unary Path Analysis (FST, cutoff=4) ---
  shared unary steps in main trie: 1444849
  terminal suffixes: inplace=70261 (avg len=2.02)  links=837902 (92.3% of terminal)
  link len: avg=18.90  max=238  total_chars=15835418
  link length distribution (len:count):  4:38002  5:25136  6:46678  7:25626  8:51081  9:27061  10:49555  11:26346  12:44099  13:24737  14:35638  15:24081  16:29538  17:19279  18:25434  19:16078  20:16463  21:14405  22:12877  23:14367  24:11738  25:15079  26:11391  27:16946  28:11354  29:17411  30:12058  31:16873  32:11600  33:15555  34:11210  35:12790  36:9994  37:10106  38:7923  39:7962  40:6648  41:5829  42:4930  43:4945  44:3895  45:3528  46:3382  47:2749  48:2598  49:2269  50:2117  51:1901  52:1753  53:1665  54:1553  55:1449  56:1305  57:1145  58:1092  59:1004  60:875  61:848  62:788  63:815  64:741  65:605  66:640  67:594  68:554  69:512  70:530  71:482  72:415  73:428  74:424  75:368  76:310  77:349  78:289  79:299  80:274  81:267  82:209  83:198  84:204  85:187  86:188  87:169  88:154  89:148  90:143  91:149  92:108  93:110  94:105  95:111  96:95  97:79  98:91  99:85  100:98  101:68  102:61  103:57  104:50  105:52  106:54  107:61  108:50  109:62  110:44  111:43  112:42  113:44  114:37  115:29  116:42  117:29  118:35  119:28  120:37  121:28  122:24  123:19  124:19  125:31  126:29  127:26  128:15  129:19  130:30  131:11  132:22  133:9  134:11  135:14  136:17  137:15  138:6  139:7  140:14  141:16  142:8  143:9  144:14  145:12  146:8  147:11  148:7  149:9  150:6  151:12  152:9  153:13  154:7  155:5  156:6  157:3  158:8  159:4  160:7  161:11  162:5  163:11  164:3  165:5  166:7  167:4  168:4  169:6  170:3  171:4  172:3  173:9  174:4  175:1  176:4  177:5  178:6  179:4  180:4  181:2  182:6  183:7  184:4  185:2  186:3  187:2  188:2  190:1  191:1  192:3  193:3  194:2  196:2  197:2  198:4  200:1  202:1  205:2  207:2  208:1  210:2  212:2  213:1  217:2  218:2  220:1  222:1  228:2  234:1  239:1
1793.505518,10.950089,750.809773
[PASSED]
[time 3.27 s, user 3.09 s, sys 0.16 s, maxrss 215348 KB]
[busy 342 jiffies]
[exit 0]
--- c2 case 1 rec 0   load 1.00 0.82 1.00
[TEST C2-CoCo(LOUDS-Sparse)]
Processing dataset...
Done!
Building trie...
Done!
build time: 3479.019631 ms (3479.019631 ns per key)
space cost: 14.618523 MB (42.793905% of original size 34.160291 MB)
Querying trie...
Done!
total time: 991.501718 ms, avg latency: 991.501718 ns
topology: 0.472511 MB, link: 3.816133 MB, data: 10.329878 MB
3479.019631,14.618523,991.501718
[PASSED]
[time 5.17 s, user 4.93 s, sys 0.21 s, maxrss 445896 KB]
[busy 532 jiffies]
[exit 0]
--- c2 case 1 rec 1   load 1.00 0.82 1.00
[TEST C2-CoCo(LOUDS-Sparse)]
Processing dataset...
Done!
Building trie...
trie size: 3.233313 MB
Done!
build time: 3853.192513 ms (3853.192513 ns per key)
space cost: 12.113895 MB (35.461921% of original size 34.160291 MB)
Querying trie...
Done!
total time: 1035.588649 ms, avg latency: 1035.588649 ns
topology: 0.884426 MB, link: 4.023585 MB, data: 7.205884 MB
3853.192513,12.113895,1035.588649
[PASSED]
[time 5.60 s, user 5.35 s, sys 0.22 s, maxrss 432620 KB]
[busy 580 jiffies]
[exit 0]
--- c2 case 1 rec 2   load 1.00 0.83 1.00
[TEST C2-CoCo(LOUDS-Sparse)]
Processing dataset...
Done!
Building trie...
trie size: 3.233313 MB
trie size: 0.910584 MB
Done!
build time: 3985.917698 ms (3985.917698 ns per key)
space cost: 12.113895 MB (35.461921% of original size 34.160291 MB)
Querying trie...
Done!
total time: 1042.976222 ms, avg latency: 1042.976222 ns
topology: 0.884426 MB, link: 4.023585 MB, data: 7.205884 MB
3985.917698,12.113895,1042.976222
[PASSED]
[time 5.74 s, user 5.47 s, sys 0.24 s, maxrss 432508 KB]
[busy 594 jiffies]
[exit 0]
--- c2 case 2 rec 0   load 1.00 0.83 1.00
[TEST C2-MARISA]
Processing dataset...
Done!
Building trie...
trie size: 2.484302 MB
Done!
build time: 1201.024507 ms (1201.024507 ns per key)
space cost: 12.012337 MB (35.164621% of original size 34.160291 MB)
Querying trie...
Done!
total time: 522.645932 ms, avg latency: 522.645932 ns
topology: 0.823292 MB, link: 2.965906 MB, data: 8.202631 MB
--- Unary Path Analysis (Marisa, cutoff=3) ---
  branches: 1657128  |  single-char: 447774 (27.0%)  short-unary: 128432 (7.8%)  links: 1080922 (65.2%)
  link len: avg=17.77  max=240  total_chars=19212544
  link length distribution (len:count):  3:87321  4:48292  5:58975  6:36358  7:58121  8:33015  9:59626  10:32247  11:55687  12:30072  13:49121  14:27545  15:39628  16:26319  17:32373  18:20972  19:27510  20:17247  21:17760  22:15297  23:13707  24:14933  25:12396  26:15583  27:11863  28:17395  29:11704  30:17896  31:12395  32:17216  33:11862  34:15819  35:11459  36:13046  37:10194  38:10344  39:8104  40:8139  41:6769  42:6000  43:5033  44:5077  45:3963  46:3720  47:3456  48:2871  49:2663  50:2321  51:2168  52:1981  53:1813  54:1693  55:1597  56:1488  57:1344  58:1172  59:1122  60:1025  61:904  62:871  63:814  64:834  65:767  66:626  67:663  68:607  69:568  70:524  71:545  72:489  73:428  74:436  75:441  76:375  77:319  78:357  79:299  80:304  81:282  82:274  83:213  84:203  85:208  86:189  87:193  88:179  89:159  90:153  91:146  92:153  93:110  94:115  95:107  96:113  97:98  98:81  99:92  100:91  101:100  102:69  103:62  104:60  105:53  106:53  107:55  108:63  109:50  110:63  111:44  112:45  113:43  114:49  115:38  116:32  117:45  118:31  119:36  120:28  121:37  122:28  123:24  124:20  125:19  126:32  127:29  128:26  129:15  130:19  131:30  132:11  133:22  134:9  135:11  136:14  137:18  138:15  139:6  140:8  141:14  142:16  143:8  144:10  145:14  146:12  147:8  148:11  149:7  150:9  151:6  152:12  153:9  154:13  155:7  156:5  157:6  158:3  159:8  160:4  161:7  162:11  163:6  164:11  165:3  166:5  167:7  168:4  169:5  170:6  171:3  172:4  173:3  174:9  175:4  176:1  177:4  178:5  179:7  180:4  181:4  182:2  183:6  184:7  185:4  186:2  187:3  188:2  189:2  191:1  192:1  193:3  194:3  195:2  197:2  198:2  199:4  201:1  203:1  206:2  208:2  209:1  211:2  213:2  214:1  218:2  219:2  221:1  223:1  229:2  235:1  240:1
  short unary avg len: 2.00
1201.024507,12.012337,522.645932
[PASSED]
[time 2.43 s, user 2.26 s, sys 0.16 s, maxrss 243656 KB]
[busy 253 jiffies]
[exit 0]
--- c2 case 2 rec 1   load 1.00 0.83 1.00
[TEST C2-MARISA]
Processing dataset...
Done!
Building trie...
trie size: 2.484302 MB
trie size: 4.015308 MB
Done!
build time: 1654.437461 ms (1654.437461 ns per key)
space cost: 9.221785 MB (26.995627% of original size 34.160291 MB)
Querying trie...
Done!
total time: 393.409401 ms, avg latency: 393.409401 ns
topology: 1.302711 MB, link: 3.189349 MB, data: 4.709216 MB
--- Unary Path Analysis (Marisa, cutoff=3) ---
  branches: 1657128  |  single-char: 447774 (27.0%)  short-unary: 128432 (7.8%)  links: 1080922 (65.2%)
  link len: avg=17.77  max=240  total_chars=19212544
  link length distribution (len:count):  3:87321  4:48292  5:58975  6:36358  7:58121  8:33015  9:59626  10:32247  11:55687  12:30072  13:49121  14:27545  15:39628  16:26319  17:32373  18:20972  19:27510  20:17247  21:17760  22:15297  23:13707  24:14933  25:12396  26:15583  27:11863  28:17395  29:11704  30:17896  31:12395  32:17216  33:11862  34:15819  35:11459  36:13046  37:10194  38:10344  39:8104  40:8139  41:6769  42:6000  43:5033  44:5077  45:3963  46:3720  47:3456  48:2871  49:2663  50:2321  51:2168  52:1981  53:1813  54:1693  55:1597  56:1488  57:1344  58:1172  59:1122  60:1025  61:904  62:871  63:814  64:834  65:767  66:626  67:663  68:607  69:568  70:524  71:545  72:489  73:428  74:436  75:441  76:375  77:319  78:357  79:299  80:304  81:282  82:274  83:213  84:203  85:208  86:189  87:193  88:179  89:159  90:153  91:146  92:153  93:110  94:115  95:107  96:113  97:98  98:81  99:92  100:91  101:100  102:69  103:62  104:60  105:53  106:53  107:55  108:63  109:50  110:63  111:44  112:45  113:43  114:49  115:38  116:32  117:45  118:31  119:36  120:28  121:37  122:28  123:24  124:20  125:19  126:32  127:29  128:26  129:15  130:19  131:30  132:11  133:22  134:9  135:11  136:14  137:18  138:15  139:6  140:8  141:14  142:16  143:8  144:10  145:14  146:12  147:8  148:11  149:7  150:9  151:6  152:12  153:9  154:13  155:7  156:5  157:6  158:3  159:8  160:4  161:7  162:11  163:6  164:11  165:3  166:5  167:7  168:4  169:5  170:6  171:3  172:4  173:3  174:9  175:4  176:1  177:4  178:5  179:7  180:4  181:4  182:2  183:6  184:7  185:4  186:2  187:3  188:2  189:2  191:1  192:1  193:3  194:3  195:2  197:2  198:2  199:4  201:1  203:1  206:2  208:2  209:1  211:2  213:2  214:1  218:2  219:2  221:1  223:1  229:2  235:1  240:1
  short unary avg len: 2.00
1654.437461,9.221785,393.409401
[PASSED]
[time 2.77 s, user 2.60 s, sys 0.16 s, maxrss 226996 KB]
[busy 289 jiffies]
[exit 0]
--- c2 case 2 rec 2   load 0.92 0.82 1.00
[TEST C2-MARISA]
Processing dataset...
Done!
Building trie...
trie size: 2.484302 MB
trie size: 4.015308 MB
trie size: 1.015766 MB
Done!
build time: 1766.826361 ms (1766.826361 ns per key)
space cost: 8.714260 MB (25.509912% of original size 34.160291 MB)
Querying trie...
Done!
total time: 390.448507 ms, avg latency: 390.448507 ns
topology: 1.481594 MB, link: 3.266720 MB, data: 3.945438 MB
--- Unary Path Analysis (Marisa, cutoff=3) ---
  branches: 1657128  |  single-char: 447774 (27.0%)  short-unary: 128432 (7.8%)  links: 1080922 (65.2%)
  link len: avg=17.77  max=240  total_chars=19212544
  link length distribution (len:count):  3:87321  4:48292  5:58975  6:36358  7:58121  8:33015  9:59626  10:32247  11:55687  12:30072  13:49121  14:27545  15:39628  16:26319  17:32373  18:20972  19:27510  20:17247  21:17760  22:15297  23:13707  24:14933  25:12396  26:15583  27:11863  28:17395  29:11704  30:17896  31:12395  32:17216  33:11862  34:15819  35:11459  36:13046  37:10194  38:10344  39:8104  40:8139  41:6769  42:6000  43:5033  44:5077  45:3963  46:3720  47:3456  48:2871  49:2663  50:2321  51:2168  52:1981  53:1813  54:1693  55:1597  56:1488  57:1344  58:1172  59:1122  60:1025  61:904  62:871  63:814  64:834  65:767  66:626  67:663  68:607  69:568  70:524  71:545  72:489  73:428  74:436  75:441  76:375  77:319  78:357  79:299  80:304  81:282  82:274  83:213  84:203  85:208  86:189  87:193  88:179  89:159  90:153  91:146  92:153  93:110  94:115  95:107  96:113  97:98  98:81  99:92  100:91  101:100  102:69  103:62  104:60  105:53  106:53  107:55  108:63  109:50  110:63  111:44  112:45  113:43  114:49  115:38  116:32  117:45  118:31  119:36  120:28  121:37  122:28  123:24  124:20  125:19  126:32  127:29  128:26  129:15  130:19  131:30  132:11  133:22  134:9  135:11  136:14  137:18  138:15  139:6  140:8  141:14  142:16  143:8  144:10  145:14  146:12  147:8  148:11  149:7  150:9  151:6  152:12  153:9  154:13  155:7  156:5  157:6  158:3  159:8  160:4  161:7  162:11  163:6  164:11  165:3  166:5  167:7  168:4  169:5  170:6  171:3  172:4  173:3  174:9  175:4  176:1  177:4  178:5  179:7  180:4  181:4  182:2  183:6  184:7  185:4  186:2  187:3  188:2  189:2  191:1  192:1  193:3  194:3  195:2  197:2  198:2  199:4  201:1  203:1  206:2  208:2  209:1  211:2  213:2  214:1  218:2  219:2  221:1  223:1  229:2  235:1  240:1
  short unary avg len: 2.00
1766.826361,8.714260,390.448507
[PASSED]
[time 2.86 s, user 2.71 s, sys 0.14 s, maxrss 226916 KB]
[busy 299 jiffies]
[exit 0]
--- c2 case 3 rec 0   load 0.92 0.82 1.00
[TEST FST]
Processing dataset...
Done!
Building trie...
Done!
build time: 1151.925517 ms (1151.925517 ns per key)
space cost: 15.406425 MB (45.100393% of original size 34.160291 MB)
Querying trie...
Done!
total time: 1209.939140 ms, avg latency: 1209.939140 ns
not implemented
1151.925517,15.406425,1209.939140
[PASSED]
[time 3.07 s, user 2.95 s, sys 0.10 s, maxrss 177268 KB]
[busy 318 jiffies]
[exit 0]
--- c2 case 4 rec 0   load 0.93 0.82 1.00
terminate called after throwing an instance of 'std::runtime_error'
  what():  Sequence is not sorted
timeout: the monitored command dumped core
Command terminated by signal 6
[time 47.40 s, user 35.87 s, sys 11.27 s, maxrss 26676704 KB]
[busy 4979 jiffies]
[exit 134]
--- c2 case 5 rec 0   load 1.00 0.87 1.00
[TEST MARISA]
Processing dataset...
Done!
Building trie...
Done!
build time: 761.348793 ms (761.348793 ns per key)
space cost: 14.925114 MB (43.691413% of original size 34.160291 MB)
Querying trie...
Done!
total time: 693.301075 ms, avg latency: 693.301075 ns
not implemented
761.348793,14.925114,693.301075
[PASSED]
[time 2.17 s, user 2.00 s, sys 0.16 s, maxrss 231308 KB]
[busy 228 jiffies]
[exit 0]
--- c2 case 5 rec 1   load 1.00 0.87 1.00
[TEST MARISA]
Processing dataset...
Done!
Building trie...
Done!
build time: 954.334191 ms (954.334191 ns per key)
space cost: 9.445531 MB (27.650616% of original size 34.160291 MB)
Querying trie...
Done!
total time: 1085.818953 ms, avg latency: 1085.818953 ns
not implemented
954.334191,9.445531,1085.818953
[PASSED]
[time 2.75 s, user 2.59 s, sys 0.15 s, maxrss 231356 KB]
[busy 289 jiffies]
[exit 0]
--- c2 case 5 rec 2   load 1.00 0.87 1.00
[TEST MARISA]
Processing dataset...
Done!
Building trie...
Done!
build time: 995.534907 ms (995.534907 ns per key)
space cost: 8.209226 MB (24.031487% of original size 34.160291 MB)
Querying trie...
Done!
total time: 1235.903740 ms, avg latency: 1235.903740 ns
not implemented
995.534907,8.209226,1235.903740
[PASSED]
[time 2.93 s, user 2.78 s, sys 0.14 s, maxrss 231364 KB]
[busy 305 jiffies]
[exit 0]
--- c2 case 6 rec 0   load 1.00 0.87 1.00
[TEST PDT]
Processing dataset...
Done!
Building trie...
dict size: 149058, stream size: 8676288
Done!
build time: 2751.079492 ms (2751.079492 ns per key)
space cost: 9.692565 MB (28.373778% of original size 34.160291 MB)
Querying trie...
Done!
total time: 786.088876 ms, avg latency: 786.088876 ns
not implemented
2751.079492,9.692565,786.088876
[PASSED]
[time 4.27 s, user 4.05 s, sys 0.20 s, maxrss 238172 KB]
[busy 445 jiffies]
[exit 0]
--- c2 case 7 rec 0   load 1.00 0.87 1.00
[TEST ART]
Processing dataset...
Done!
Building trie...
Done!
build time: 230.509114 ms (230.509114 ns per key)
space cost: 37.032776 MB (108.408843% of original size 34.160291 MB)
Querying trie...
Done!
total time: 599.668737 ms, avg latency: 599.668737 ns
not implemented
230.509114,37.032776,599.668737
[PASSED]
[time 1.57 s, user 1.44 s, sys 0.12 s, maxrss 239048 KB]
[busy 166 jiffies]
[exit 0]
--- c2 case 8 rec 0   load 0.92 0.86 0.99
[TEST CART]
Processing dataset...
Done!
Building trie...
Done!
build time: 296.994407 ms (296.994407 ns per key)
space cost: 17.935776 MB (52.504752% of original size 34.160291 MB)
Querying trie...
Done!
total time: 653.058079 ms, avg latency: 653.058079 ns
not implemented
296.994407,17.935776,653.058079
[PASSED]
[time 1.68 s, user 1.54 s, sys 0.13 s, maxrss 228200 KB]
[busy 178 jiffies]
[exit 0]
--- xcdat 7   load 0.92 0.86 0.99
build time: 830.819226 ms
space cost: 18.793670 MiB (55.016129% of original size 34.160291 MiB)
avg latency: 392.997820 ns
830.819226,18.793670,392.997820
[time 1.94 s, user 1.77 s, sys 0.15 s, maxrss 207496 KB]
[busy 203 jiffies]
[exit 0]
--- xcdat 8   load 0.85 0.84 0.99
build time: 779.625540 ms
space cost: 18.486019 MiB (54.115521% of original size 34.160291 MiB)
avg latency: 373.105398 ns
779.625540,18.486019,373.105398
[time 1.87 s, user 1.71 s, sys 0.14 s, maxrss 207084 KB]
[busy 195 jiffies]
[exit 0]
--- xcdat 15   load 0.85 0.84 0.99
build time: 823.699566 ms
space cost: 22.013930 MiB (64.443041% of original size 34.160291 MiB)
avg latency: 365.510325 ns
823.699566,22.013930,365.510325
[time 1.90 s, user 1.75 s, sys 0.14 s, maxrss 213316 KB]
[busy 198 jiffies]
[exit 0]
--- xcdat 16   load 0.86 0.85 0.99
build time: 785.856730 ms
space cost: 22.860906 MiB (66.922456% of original size 34.160291 MiB)
avg latency: 380.178420 ns
785.856730,22.860906,380.178420
[time 1.89 s, user 1.74 s, sys 0.14 s, maxrss 213568 KB]
[busy 201 jiffies]
[exit 0]

##### titles-zh-1000000 (1000000 lines, 17871822 bytes)   round 1/3   2026-09-24T12:37:49+03:00
--- lexindex dict32   load 0.86 0.85 0.99
1000000 keys
lexindex DictIndex block 32: build 263 ms, size 5.823 MiB (6.105 B/key), latency cold 361.5 ns, then mean 359.4 / min 357.2 ns
263.401,5.822630,361.463
[time 2.22 s, user 3.57 s, sys 0.24 s, maxrss 260752 KB]
[busy 405 jiffies]
[exit 0]
--- lexindex dict256   load 2.07 1.10 1.07
1000000 keys
lexindex DictIndex block 256: build 273 ms, size 5.580 MiB (5.851 B/key), latency cold 379.9 ns, then mean 370.7 / min 369.2 ns
273.113,5.580144,379.906
[time 2.27 s, user 3.70 s, sys 0.24 s, maxrss 254056 KB]
[busy 416 jiffies]
[exit 0]
--- lexindex dict1024   load 1.99 1.10 1.07
1000000 keys
lexindex DictIndex block 1024: build 283 ms, size 5.423 MiB (5.687 B/key), latency cold 452.1 ns, then mean 448.1 / min 448.0 ns
283.048,5.423172,452.055
[time 2.59 s, user 3.41 s, sys 0.22 s, maxrss 248444 KB]
[busy 383 jiffies]
[exit 0]
--- lexindex routed32   load 1.99 1.10 1.07
1000000 keys
lexindex DictIndex block 32 routed: build 264 ms, size 6.299 MiB (6.605 B/key), latency cold 335.5 ns, then mean 331.4 / min 325.8 ns
263.547,6.299467,335.501
[time 2.11 s, user 3.45 s, sys 0.26 s, maxrss 261172 KB]
[busy 397 jiffies]
[exit 0]
--- lexindex routed256   load 1.91 1.09 1.07
1000000 keys
lexindex DictIndex block 256 routed: build 270 ms, size 6.057 MiB (6.351 B/key), latency cold 295.7 ns, then mean 289.6 / min 287.9 ns
270.269,6.057073,295.717
[time 1.96 s, user 3.39 s, sys 0.24 s, maxrss 264544 KB]
[busy 386 jiffies]
[exit 0]
--- lexindex routed1024   load 1.75 1.08 1.06
1000000 keys
lexindex DictIndex block 1024 routed: build 285 ms, size 5.662 MiB (5.937 B/key), latency cold 334.6 ns, then mean 330.0 / min 329.5 ns
284.605,5.661697,334.576
[time 2.13 s, user 2.94 s, sys 0.22 s, maxrss 249032 KB]
[busy 339 jiffies]
[exit 0]
--- lexindex string   load 1.75 1.08 1.06
1000000 keys
lexindex StringIndex: build 763 ms, size 16.712 MiB (17.523 B/key), latency cold 283.7 ns, then mean 281.1 / min 277.1 ns
763.331,16.711605,283.701
[time 2.39 s, user 2.29 s, sys 0.08 s, maxrss 152968 KB]
[busy 254 jiffies]
[exit 0]
--- lexindex hashed0   load 1.69 1.07 1.06
1000000 keys
lexindex HashedDictIndex closed: build 387 ms, size 8.194 MiB (8.592 B/key), latency cold 37.1 ns, then mean 34.5 / min 34.4 ns
386.920,8.193651,37.137
[time 1.04 s, user 2.49 s, sys 0.25 s, maxrss 261784 KB]
[busy 294 jiffies]
[exit 0]
--- lexindex hashed8   load 1.69 1.07 1.06
1000000 keys
lexindex HashedDictIndex fp=8: build 383 ms, size 9.147 MiB (9.592 B/key), latency cold 42.8 ns, then mean 39.1 / min 38.4 ns
383.175,9.147326,42.814
[time 1.06 s, user 2.48 s, sys 0.27 s, maxrss 262004 KB]
[busy 299 jiffies]
[exit 0]
--- lexindex hashed16   load 2.92 1.34 1.15
1000000 keys
lexindex HashedDictIndex fp=16: build 384 ms, size 10.101 MiB (10.592 B/key), latency cold 44.2 ns, then mean 41.3 / min 41.0 ns
383.918,10.101000,44.166
[time 1.06 s, user 2.51 s, sys 0.26 s, maxrss 258156 KB]
[busy 299 jiffies]
[exit 0]
--- c2 case 0 rec 0   load 2.92 1.34 1.15
[TEST C2-FST]
Processing dataset...
Done!
Building trie...
Done!
build time: 662.733431 ms (662.733431 ns per key)
space cost: 9.315402 MB (57.894796% of original size 16.090223 MB)
Querying trie...
Done!
total time: 416.399608 ms, avg latency: 416.399608 ns
topology: 1.013481 MB, link: 1.860200 MB, data: 6.441721 MB
--- Unary Path Analysis (FST, cutoff=4) ---
  shared unary steps in main trie: 533155
  terminal suffixes: inplace=237541 (avg len=1.85)  links=651614 (73.3% of terminal)
  link len: avg=9.49  max=219  total_chars=6184530
  link length distribution (len:count):  4:101787  5:75109  6:33236  7:70197  8:54797  9:28682  10:45020  11:39800  12:18111  13:26128  14:25316  15:13287  16:18412  17:17629  18:7811  19:11663  20:10322  21:4897  22:7909  23:6587  24:3201  25:5027  26:3953  27:2124  28:3009  29:2707  30:1318  31:2090  32:1807  33:932  34:1302  35:1246  36:576  37:856  38:792  39:335  40:596  41:485  42:228  43:398  44:289  45:126  46:187  47:184  48:83  49:123  50:115  51:56  52:76  53:79  54:43  55:73  56:58  57:28  58:35  59:27  60:9  61:32  62:19  63:18  64:20  65:11  66:19  67:16  68:13  69:6  70:14  71:16  72:6  73:9  74:5  75:5  76:7  77:5  78:2  79:17  80:2  81:7  82:8  83:7  84:3  85:7  86:7  87:3  88:3  89:2  90:4  91:3  92:3  93:1  94:1  95:3  96:5  97:1  98:4  101:2  102:1  103:1  104:1  106:2  107:1  112:2  113:1  115:1  116:1  120:1  121:1  122:1  124:1  130:1  138:1  148:1  151:1  155:2  184:1  188:1  204:1  220:1
662.733431,9.315402,416.399608
[PASSED]
[time 1.57 s, user 1.45 s, sys 0.11 s, maxrss 186480 KB]
[busy 163 jiffies]
[exit 0]
--- c2 case 0 rec 1   load 2.77 1.33 1.15
[TEST C2-FST]
Processing dataset...
Done!
Building trie...
trie size: 2.382156 MB
Done!
build time: 846.656398 ms (846.656398 ns per key)
space cost: 7.814046 MB (48.563937% of original size 16.090223 MB)
Querying trie...
Done!
total time: 435.271263 ms, avg latency: 435.271263 ns
topology: 1.289776 MB, link: 2.002253 MB, data: 4.522017 MB
--- Unary Path Analysis (FST, cutoff=4) ---
  shared unary steps in main trie: 533155
  terminal suffixes: inplace=237541 (avg len=1.85)  links=651614 (73.3% of terminal)
  link len: avg=9.49  max=219  total_chars=6184530
  link length distribution (len:count):  4:101787  5:75109  6:33236  7:70197  8:54797  9:28682  10:45020  11:39800  12:18111  13:26128  14:25316  15:13287  16:18412  17:17629  18:7811  19:11663  20:10322  21:4897  22:7909  23:6587  24:3201  25:5027  26:3953  27:2124  28:3009  29:2707  30:1318  31:2090  32:1807  33:932  34:1302  35:1246  36:576  37:856  38:792  39:335  40:596  41:485  42:228  43:398  44:289  45:126  46:187  47:184  48:83  49:123  50:115  51:56  52:76  53:79  54:43  55:73  56:58  57:28  58:35  59:27  60:9  61:32  62:19  63:18  64:20  65:11  66:19  67:16  68:13  69:6  70:14  71:16  72:6  73:9  74:5  75:5  76:7  77:5  78:2  79:17  80:2  81:7  82:8  83:7  84:3  85:7  86:7  87:3  88:3  89:2  90:4  91:3  92:3  93:1  94:1  95:3  96:5  97:1  98:4  101:2  102:1  103:1  104:1  106:2  107:1  112:2  113:1  115:1  116:1  120:1  121:1  122:1  124:1  130:1  138:1  148:1  151:1  155:2  184:1  188:1  204:1  220:1
846.656398,7.814046,435.271263
[PASSED]
[time 1.78 s, user 1.64 s, sys 0.12 s, maxrss 186284 KB]
[busy 190 jiffies]
[exit 0]
--- c2 case 0 rec 2   load 2.77 1.33 1.15
[TEST C2-FST]
Processing dataset...
Done!
Building trie...
trie size: 2.382156 MB
trie size: 0.519189 MB
Done!
build time: 895.463438 ms (895.463438 ns per key)
space cost: 7.814046 MB (48.563937% of original size 16.090223 MB)
Querying trie...
Done!
total time: 432.896660 ms, avg latency: 432.896660 ns
topology: 1.289776 MB, link: 2.002253 MB, data: 4.522017 MB
--- Unary Path Analysis (FST, cutoff=4) ---
  shared unary steps in main trie: 533155
  terminal suffixes: inplace=237541 (avg len=1.85)  links=651614 (73.3% of terminal)
  link len: avg=9.49  max=219  total_chars=6184530
  link length distribution (len:count):  4:101787  5:75109  6:33236  7:70197  8:54797  9:28682  10:45020  11:39800  12:18111  13:26128  14:25316  15:13287  16:18412  17:17629  18:7811  19:11663  20:10322  21:4897  22:7909  23:6587  24:3201  25:5027  26:3953  27:2124  28:3009  29:2707  30:1318  31:2090  32:1807  33:932  34:1302  35:1246  36:576  37:856  38:792  39:335  40:596  41:485  42:228  43:398  44:289  45:126  46:187  47:184  48:83  49:123  50:115  51:56  52:76  53:79  54:43  55:73  56:58  57:28  58:35  59:27  60:9  61:32  62:19  63:18  64:20  65:11  66:19  67:16  68:13  69:6  70:14  71:16  72:6  73:9  74:5  75:5  76:7  77:5  78:2  79:17  80:2  81:7  82:8  83:7  84:3  85:7  86:7  87:3  88:3  89:2  90:4  91:3  92:3  93:1  94:1  95:3  96:5  97:1  98:4  101:2  102:1  103:1  104:1  106:2  107:1  112:2  113:1  115:1  116:1  120:1  121:1  122:1  124:1  130:1  138:1  148:1  151:1  155:2  184:1  188:1  204:1  220:1
895.463438,7.814046,432.896660
[PASSED]
[time 1.83 s, user 1.69 s, sys 0.12 s, maxrss 186200 KB]
[busy 192 jiffies]
[exit 0]
--- c2 case 1 rec 0   load 2.62 1.33 1.15
[TEST C2-CoCo(LOUDS-Sparse)]
Processing dataset...
Done!
Building trie...
Done!
build time: 1627.114583 ms (1627.114583 ns per key)
space cost: 10.076944 MB (62.627748% of original size 16.090223 MB)
Querying trie...
Done!
total time: 618.485819 ms, avg latency: 618.485819 ns
topology: 0.428116 MB, link: 2.771456 MB, data: 6.877373 MB
1627.114583,10.076944,618.485819
[PASSED]
[time 2.74 s, user 2.54 s, sys 0.18 s, maxrss 343892 KB]
[busy 285 jiffies]
[exit 0]
--- c2 case 1 rec 1   load 2.41 1.30 1.14
[TEST C2-CoCo(LOUDS-Sparse)]
Processing dataset...
Done!
Building trie...
trie size: 2.382156 MB
Done!
build time: 1798.365456 ms (1798.365456 ns per key)
space cost: 8.575588 MB (53.296888% of original size 16.090223 MB)
Querying trie...
Done!
total time: 642.499927 ms, avg latency: 642.499927 ns
topology: 0.704411 MB, link: 2.913508 MB, data: 4.957669 MB
1798.365456,8.575588,642.499927
[PASSED]
[time 2.95 s, user 2.73 s, sys 0.20 s, maxrss 343776 KB]
[busy 309 jiffies]
[exit 0]
--- c2 case 1 rec 2   load 2.41 1.30 1.14
[TEST C2-CoCo(LOUDS-Sparse)]
Processing dataset...
Done!
Building trie...
trie size: 2.382156 MB
trie size: 0.519189 MB
Done!
build time: 1855.704039 ms (1855.704039 ns per key)
space cost: 8.575588 MB (53.296888% of original size 16.090223 MB)
Querying trie...
Done!
total time: 631.933259 ms, avg latency: 631.933259 ns
topology: 0.704411 MB, link: 2.913508 MB, data: 4.957669 MB
1855.704039,8.575588,631.933259
[PASSED]
[time 3.00 s, user 2.78 s, sys 0.19 s, maxrss 343472 KB]
[busy 314 jiffies]
[exit 0]
--- c2 case 2 rec 0   load 2.30 1.30 1.14
[TEST C2-MARISA]
Processing dataset...
Done!
Building trie...
trie size: 2.376703 MB
Done!
build time: 732.655522 ms (732.655522 ns per key)
space cost: 9.316646 MB (57.902525% of original size 16.090223 MB)
Querying trie...
Done!
total time: 325.128497 ms, avg latency: 325.128497 ns
topology: 0.787403 MB, link: 2.444094 MB, data: 6.064641 MB
--- Unary Path Analysis (Marisa, cutoff=3) ---
  branches: 1581104  |  single-char: 512959 (32.4%)  short-unary: 177539 (11.2%)  links: 890606 (56.3%)
  link len: avg=9.57  max=221  total_chars=8521548
  link length distribution (len:count):  3:117743  4:70413  5:118917  6:85174  7:37680  8:75877  9:57977  10:30193  11:47337  12:41279  13:18765  14:27062  15:25994  16:13620  17:18901  18:18001  19:8082  20:11948  21:10483  22:5017  23:8072  24:6695  25:3249  26:5099  27:4017  28:2164  29:3054  30:2749  31:1341  32:2116  33:1821  34:942  35:1314  36:1256  37:587  38:865  39:798  40:341  41:600  42:486  43:231  44:401  45:290  46:126  47:187  48:184  49:84  50:123  51:115  52:56  53:77  54:82  55:43  56:74  57:60  58:29  59:35  60:27  61:10  62:32  63:19  64:19  65:20  66:11  67:19  68:16  69:13  70:6  71:14  72:16  73:6  74:9  75:5  76:5  77:7  78:5  79:2  80:17  81:2  82:7  83:8  84:7  85:3  86:7  87:7  88:3  89:3  90:2  91:4  92:3  93:3  94:1  95:1  96:4  97:5  98:1  99:4  102:2  103:1  104:1  105:1  107:2  108:1  113:2  114:1  116:1  117:1  121:1  122:1  123:1  125:1  131:1  139:1  149:1  152:1  156:2  185:1  189:1  205:1  221:1
  short unary avg len: 2.00
732.655522,9.316646,325.128497
[PASSED]
[time 1.54 s, user 1.40 s, sys 0.13 s, maxrss 216424 KB]
[busy 161 jiffies]
[exit 0]
--- c2 case 2 rec 1   load 2.20 1.29 1.14
[TEST C2-MARISA]
Processing dataset...
Done!
Building trie...
trie size: 2.376703 MB
trie size: 3.200656 MB
Done!
build time: 937.627224 ms (937.627224 ns per key)
space cost: 7.215687 MB (44.845163% of original size 16.090223 MB)
Querying trie...
Done!
total time: 286.198598 ms, avg latency: 286.198598 ns
topology: 1.146584 MB, link: 2.476871 MB, data: 3.571725 MB
--- Unary Path Analysis (Marisa, cutoff=3) ---
  branches: 1581104  |  single-char: 512959 (32.4%)  short-unary: 177539 (11.2%)  links: 890606 (56.3%)
  link len: avg=9.57  max=221  total_chars=8521548
  link length distribution (len:count):  3:117743  4:70413  5:118917  6:85174  7:37680  8:75877  9:57977  10:30193  11:47337  12:41279  13:18765  14:27062  15:25994  16:13620  17:18901  18:18001  19:8082  20:11948  21:10483  22:5017  23:8072  24:6695  25:3249  26:5099  27:4017  28:2164  29:3054  30:2749  31:1341  32:2116  33:1821  34:942  35:1314  36:1256  37:587  38:865  39:798  40:341  41:600  42:486  43:231  44:401  45:290  46:126  47:187  48:184  49:84  50:123  51:115  52:56  53:77  54:82  55:43  56:74  57:60  58:29  59:35  60:27  61:10  62:32  63:19  64:19  65:20  66:11  67:19  68:16  69:13  70:6  71:14  72:16  73:6  74:9  75:5  76:5  77:7  78:5  79:2  80:17  81:2  82:7  83:8  84:7  85:3  86:7  87:7  88:3  89:3  90:2  91:4  92:3  93:3  94:1  95:1  96:4  97:5  98:1  99:4  102:2  103:1  104:1  105:1  107:2  108:1  113:2  114:1  116:1  117:1  121:1  122:1  123:1  125:1  131:1  139:1  149:1  152:1  156:2  185:1  189:1  205:1  221:1
  short unary avg len: 2.00
937.627224,7.215687,286.198598
[PASSED]
[time 1.72 s, user 1.58 s, sys 0.13 s, maxrss 216364 KB]
[busy 184 jiffies]
[exit 0]
--- c2 case 2 rec 2   load 2.20 1.29 1.14
[TEST C2-MARISA]
Processing dataset...
Done!
Building trie...
trie size: 2.376703 MB
trie size: 3.200656 MB
trie size: 0.643222 MB
Done!
build time: 999.385714 ms (999.385714 ns per key)
space cost: 7.215687 MB (44.845163% of original size 16.090223 MB)
Querying trie...
Done!
total time: 284.828413 ms, avg latency: 284.828413 ns
topology: 1.146584 MB, link: 2.476871 MB, data: 3.571725 MB
--- Unary Path Analysis (Marisa, cutoff=3) ---
  branches: 1581104  |  single-char: 512959 (32.4%)  short-unary: 177539 (11.2%)  links: 890606 (56.3%)
  link len: avg=9.57  max=221  total_chars=8521548
  link length distribution (len:count):  3:117743  4:70413  5:118917  6:85174  7:37680  8:75877  9:57977  10:30193  11:47337  12:41279  13:18765  14:27062  15:25994  16:13620  17:18901  18:18001  19:8082  20:11948  21:10483  22:5017  23:8072  24:6695  25:3249  26:5099  27:4017  28:2164  29:3054  30:2749  31:1341  32:2116  33:1821  34:942  35:1314  36:1256  37:587  38:865  39:798  40:341  41:600  42:486  43:231  44:401  45:290  46:126  47:187  48:184  49:84  50:123  51:115  52:56  53:77  54:82  55:43  56:74  57:60  58:29  59:35  60:27  61:10  62:32  63:19  64:19  65:20  66:11  67:19  68:16  69:13  70:6  71:14  72:16  73:6  74:9  75:5  76:5  77:7  78:5  79:2  80:17  81:2  82:7  83:8  84:7  85:3  86:7  87:7  88:3  89:3  90:2  91:4  92:3  93:3  94:1  95:1  96:4  97:5  98:1  99:4  102:2  103:1  104:1  105:1  107:2  108:1  113:2  114:1  116:1  117:1  121:1  122:1  123:1  125:1  131:1  139:1  149:1  152:1  156:2  185:1  189:1  205:1  221:1
  short unary avg len: 2.00
999.385714,7.215687,284.828413
[PASSED]
[time 1.78 s, user 1.64 s, sys 0.13 s, maxrss 216480 KB]
[busy 185 jiffies]
[exit 0]
--- c2 case 3 rec 0   load 2.10 1.29 1.14
[TEST FST]
Processing dataset...
Done!
Building trie...
Done!
build time: 663.998247 ms (663.998247 ns per key)
space cost: 9.251146 MB (57.495450% of original size 16.090223 MB)
Querying trie...
Done!
total time: 612.635013 ms, avg latency: 612.635013 ns
not implemented
663.998247,9.251146,612.635013
[PASSED]
[time 1.78 s, user 1.69 s, sys 0.07 s, maxrss 110468 KB]
[busy 189 jiffies]
[exit 0]
--- c2 case 4 rec 0   load 2.10 1.29 1.14
terminate called after throwing an instance of 'std::runtime_error'
  what():  Sequence is not sorted
timeout: the monitored command dumped core
Command terminated by signal 6
[time 14.06 s, user 10.12 s, sys 3.82 s, maxrss 8764972 KB]
[busy 1459 jiffies]
[exit 134]
--- c2 case 5 rec 0   load 1.86 1.27 1.14
[TEST MARISA]
Processing dataset...
Done!
Building trie...
Done!
build time: 533.508355 ms (533.508355 ns per key)
space cost: 9.064179 MB (56.333459% of original size 16.090223 MB)
Querying trie...
Done!
total time: 463.045738 ms, avg latency: 463.045738 ns
not implemented
533.508355,9.064179,463.045738
[PASSED]
[time 1.49 s, user 1.36 s, sys 0.12 s, maxrss 182304 KB]
[busy 155 jiffies]
[exit 0]
--- c2 case 5 rec 1   load 1.79 1.27 1.13
[TEST MARISA]
Processing dataset...
Done!
Building trie...
Done!
build time: 644.905327 ms (644.905327 ns per key)
space cost: 6.703102 MB (41.659472% of original size 16.090223 MB)
Querying trie...
Done!
total time: 671.969297 ms, avg latency: 671.969297 ns
not implemented
644.905327,6.703102,671.969297
[PASSED]
[time 1.82 s, user 1.67 s, sys 0.13 s, maxrss 182272 KB]
[busy 194 jiffies]
[exit 0]
--- c2 case 5 rec 2   load 1.64 1.25 1.13
[TEST MARISA]
Processing dataset...
Done!
Building trie...
Done!
build time: 671.610733 ms (671.610733 ns per key)
space cost: 6.233802 MB (38.742793% of original size 16.090223 MB)
Querying trie...
Done!
total time: 756.088328 ms, avg latency: 756.088328 ns
not implemented
671.610733,6.233802,756.088328
[PASSED]
[time 1.92 s, user 1.78 s, sys 0.12 s, maxrss 182220 KB]
[busy 202 jiffies]
[exit 0]
--- c2 case 6 rec 0   load 1.64 1.25 1.13
[TEST PDT]
Processing dataset...
Done!
Building trie...
dict size: 161960, stream size: 6363323
Done!
build time: 3126.707069 ms (3126.707069 ns per key)
space cost: 7.499054 MB (46.606276% of original size 16.090223 MB)
Querying trie...
Done!
total time: 609.840762 ms, avg latency: 609.840762 ns
not implemented
3126.707069,7.499054,609.840762
[PASSED]
[time 4.24 s, user 4.12 s, sys 0.09 s, maxrss 166820 KB]
[busy 437 jiffies]
[exit 0]
--- c2 case 7 rec 0   load 1.59 1.24 1.13
[TEST ART]
Processing dataset...
Done!
Building trie...
Done!
build time: 145.134324 ms (145.134324 ns per key)
space cost: 33.565483 MB (208.607938% of original size 16.090223 MB)
Querying trie...
Done!
total time: 361.514144 ms, avg latency: 361.514144 ns
not implemented
145.134324,33.565483,361.514144
[PASSED]
[time 1.01 s, user 0.92 s, sys 0.08 s, maxrss 155756 KB]
[busy 108 jiffies]
[exit 0]
--- c2 case 8 rec 0   load 1.46 1.22 1.12
[TEST CART]
Processing dataset...
Done!
Building trie...
Done!
build time: 188.750139 ms (188.750139 ns per key)
space cost: 15.100161 MB (93.846806% of original size 16.090223 MB)
Querying trie...
Done!
total time: 430.098542 ms, avg latency: 430.098542 ns
not implemented
188.750139,15.100161,430.098542
[PASSED]
[time 1.14 s, user 1.05 s, sys 0.08 s, maxrss 146680 KB]
[busy 125 jiffies]
[exit 0]
--- xcdat 7   load 1.46 1.22 1.12
build time: 551.625722 ms
space cost: 11.666194 MiB (72.504860% of original size 16.090223 MiB)
avg latency: 228.225593 ns
551.625722,11.666194,228.225593
[time 1.29 s, user 1.18 s, sys 0.10 s, maxrss 148056 KB]
[busy 138 jiffies]
[exit 0]
--- xcdat 8   load 1.46 1.22 1.12
build time: 510.011117 ms
space cost: 11.129195 MiB (69.167438% of original size 16.090223 MiB)
avg latency: 212.258306 ns
510.011117,11.129195,212.258306
[time 1.23 s, user 1.12 s, sys 0.10 s, maxrss 147928 KB]
[busy 130 jiffies]
[exit 0]
--- xcdat 15   load 1.43 1.22 1.12
build time: 534.612310 ms
space cost: 12.949578 MiB (80.481035% of original size 16.090223 MiB)
avg latency: 194.005325 ns
534.612310,12.949578,194.005325
[time 1.24 s, user 1.12 s, sys 0.11 s, maxrss 148716 KB]
[busy 135 jiffies]
[exit 0]
--- xcdat 16   load 1.43 1.22 1.12
build time: 507.265748 ms
space cost: 13.463712 MiB (83.676351% of original size 16.090223 MiB)
avg latency: 203.589715 ns
507.265748,13.463712,203.589715
[time 1.22 s, user 1.11 s, sys 0.10 s, maxrss 149168 KB]
[busy 129 jiffies]
[exit 0]

##### urls-1000000 (1000000 lines, 53361181 bytes)   round 1/3   2026-09-24T12:39:31+03:00
--- lexindex dict32   load 1.39 1.21 1.12
1000000 keys
lexindex DictIndex block 32: build 389 ms, size 8.414 MiB (8.823 B/key), latency cold 429.4 ns, then mean 424.2 / min 419.2 ns
389.180,8.414411,429.363
[time 2.69 s, user 5.11 s, sys 0.35 s, maxrss 323816 KB]
[busy 575 jiffies]
[exit 0]
--- lexindex dict256   load 1.36 1.21 1.12
1000000 keys
lexindex DictIndex block 256: build 400 ms, size 7.163 MiB (7.511 B/key), latency cold 453.5 ns, then mean 446.7 / min 446.4 ns
399.763,7.163084,453.483
[time 2.80 s, user 5.23 s, sys 0.35 s, maxrss 322752 KB]
[busy 587 jiffies]
[exit 0]
--- lexindex dict1024   load 1.36 1.21 1.12
1000000 keys
lexindex DictIndex block 1024: build 433 ms, size 6.934 MiB (7.271 B/key), latency cold 513.0 ns, then mean 510.6 / min 508.4 ns
433.232,6.934203,513.011
[time 3.07 s, user 4.65 s, sys 0.29 s, maxrss 330872 KB]
[busy 519 jiffies]
[exit 0]
--- lexindex routed32   load 1.33 1.21 1.12
1000000 keys
lexindex DictIndex block 32 routed: build 397 ms, size 8.891 MiB (9.323 B/key), latency cold 409.5 ns, then mean 404.7 / min 403.1 ns
397.158,8.891248,409.458
[time 2.61 s, user 5.01 s, sys 0.35 s, maxrss 325256 KB]
[busy 562 jiffies]
[exit 0]
--- lexindex routed256   load 1.30 1.20 1.12
1000000 keys
lexindex DictIndex block 256 routed: build 399 ms, size 7.640 MiB (8.011 B/key), latency cold 386.9 ns, then mean 382.4 / min 381.0 ns
399.499,7.640013,386.901
[time 2.53 s, user 5.00 s, sys 0.33 s, maxrss 320932 KB]
[busy 556 jiffies]
[exit 0]
--- lexindex routed1024   load 1.20 1.18 1.11
1000000 keys
lexindex DictIndex block 1024 routed: build 433 ms, size 7.173 MiB (7.521 B/key), latency cold 410.0 ns, then mean 402.2 / min 401.3 ns
433.379,7.172729,410.001
[time 2.65 s, user 4.22 s, sys 0.30 s, maxrss 328560 KB]
[busy 478 jiffies]
[exit 0]
--- lexindex string   load 1.20 1.18 1.11
1000000 keys
lexindex StringIndex: build 1102 ms, size 16.099 MiB (16.881 B/key), latency cold 425.6 ns, then mean 422.3 / min 419.3 ns
1102.105,16.099341,425.641
[time 3.38 s, user 3.25 s, sys 0.11 s, maxrss 220508 KB]
[busy 356 jiffies]
[exit 0]
--- lexindex hashed0   load 1.18 1.18 1.11
1000000 keys
lexindex HashedDictIndex closed: build 516 ms, size 9.777 MiB (10.251 B/key), latency cold 62.3 ns, then mean 61.4 / min 60.8 ns
516.271,9.776591,62.264
[time 1.35 s, user 3.86 s, sys 0.35 s, maxrss 324752 KB]
[busy 449 jiffies]
[exit 0]
--- lexindex hashed8   load 1.09 1.16 1.10
1000000 keys
lexindex HashedDictIndex fp=8: build 509 ms, size 10.730 MiB (11.251 B/key), latency cold 73.7 ns, then mean 72.3 / min 72.2 ns
509.414,10.730266,73.657
[time 1.40 s, user 3.87 s, sys 0.35 s, maxrss 323536 KB]
[busy 446 jiffies]
[exit 0]
--- lexindex hashed16   load 1.09 1.16 1.10
1000000 keys
lexindex HashedDictIndex fp=16: build 513 ms, size 11.684 MiB (12.251 B/key), latency cold 75.6 ns, then mean 72.6 / min 71.4 ns
512.889,11.683940,75.624
[time 1.40 s, user 3.87 s, sys 0.35 s, maxrss 325828 KB]
[busy 445 jiffies]
[exit 0]
--- c2 case 0 rec 0   load 1.00 1.14 1.10
[TEST C2-FST]
Processing dataset...
Done!
Building trie...
Done!
build time: 1203.940513 ms (1203.940513 ns per key)
space cost: 11.640069 MB (23.310202% of original size 49.935513 MB)
Querying trie...
Done!
total time: 815.303518 ms, avg latency: 815.303518 ns
topology: 1.074997 MB, link: 2.347375 MB, data: 8.217697 MB
--- Unary Path Analysis (FST, cutoff=4) ---
  shared unary steps in main trie: 711966
  terminal suffixes: inplace=143732 (avg len=2.14)  links=800966 (84.8% of terminal)
  link len: avg=13.15  max=596  total_chars=10531952
  link length distribution (len:count):  4:63058  5:62039  6:59659  7:54131  8:47449  9:44821  10:40952  11:37727  12:34320  13:30594  14:29226  15:26885  16:26206  17:21450  18:19914  19:21120  20:19131  21:16702  22:14529  23:13405  24:12440  25:10970  26:9615  27:8669  28:7752  29:7002  30:6267  31:5704  32:4931  33:4493  34:4087  35:3562  36:3323  37:3007  38:2533  39:2401  40:2145  41:1856  42:1793  43:1565  44:1379  45:1246  46:1005  47:985  48:849  49:826  50:642  51:609  52:482  53:442  54:385  55:389  56:339  57:263  58:263  59:238  60:228  61:217  62:184  63:166  64:151  65:119  66:125  67:156  68:131  69:105  70:94  71:74  72:74  73:77  74:67  75:66  76:74  77:39  78:49  79:44  80:45  81:42  82:48  83:36  84:31  85:34  86:39  87:18  88:23  89:15  90:18  91:31  92:24  93:20  94:16  95:16  96:16  97:12  98:16  99:14  100:17  101:16  102:2  103:18  104:4  105:3  106:10  107:11  108:9  109:19  110:13  111:7  112:6  113:5  114:3  115:8  116:5  117:6  118:7  119:10  120:11  121:9  122:10  123:8  124:9  125:7  126:5  127:7  128:18  129:5  130:4  131:10  132:3  133:4  134:4  135:4  136:3  137:4  139:2  140:3  141:2  142:2  143:4  144:7  145:1  146:5  147:5  148:1  149:4  150:4  152:1  153:6  154:3  155:1  156:2  157:1  158:1  159:1  161:2  162:1  163:2  164:1  165:1  166:1  167:3  168:3  170:1  174:1  177:2  180:3  182:2  183:1  184:2  188:1  189:3  190:1  191:1  192:1  193:1  194:1  195:2  199:1  202:2  204:2  206:1  207:1  209:2  211:1  213:1  215:2  219:1  220:1  222:1  224:1  225:1  226:1  229:1  233:1  236:1  238:2  240:1  241:1  246:1  247:1  249:1  252:1  254:1  256:1  260:1  264:1  271:1  311:1  337:1  383:1  506:1  597:1
1203.940513,11.640069,815.303518
[PASSED]
[time 2.80 s, user 2.62 s, sys 0.16 s, maxrss 231332 KB]
[busy 297 jiffies]
[exit 0]
--- c2 case 0 rec 1   load 1.00 1.14 1.10
[TEST C2-FST]
Processing dataset...
Done!
Building trie...
trie size: 3.124794 MB
Done!
build time: 1545.964421 ms (1545.964421 ns per key)
space cost: 9.773470 MB (19.572183% of original size 49.935513 MB)
Querying trie...
Done!
total time: 961.372839 ms, avg latency: 961.372839 ns
topology: 1.480076 MB, link: 2.557474 MB, data: 5.735920 MB
--- Unary Path Analysis (FST, cutoff=4) ---
  shared unary steps in main trie: 711966
  terminal suffixes: inplace=143732 (avg len=2.14)  links=800966 (84.8% of terminal)
  link len: avg=13.15  max=596  total_chars=10531952
  link length distribution (len:count):  4:63058  5:62039  6:59659  7:54131  8:47449  9:44821  10:40952  11:37727  12:34320  13:30594  14:29226  15:26885  16:26206  17:21450  18:19914  19:21120  20:19131  21:16702  22:14529  23:13405  24:12440  25:10970  26:9615  27:8669  28:7752  29:7002  30:6267  31:5704  32:4931  33:4493  34:4087  35:3562  36:3323  37:3007  38:2533  39:2401  40:2145  41:1856  42:1793  43:1565  44:1379  45:1246  46:1005  47:985  48:849  49:826  50:642  51:609  52:482  53:442  54:385  55:389  56:339  57:263  58:263  59:238  60:228  61:217  62:184  63:166  64:151  65:119  66:125  67:156  68:131  69:105  70:94  71:74  72:74  73:77  74:67  75:66  76:74  77:39  78:49  79:44  80:45  81:42  82:48  83:36  84:31  85:34  86:39  87:18  88:23  89:15  90:18  91:31  92:24  93:20  94:16  95:16  96:16  97:12  98:16  99:14  100:17  101:16  102:2  103:18  104:4  105:3  106:10  107:11  108:9  109:19  110:13  111:7  112:6  113:5  114:3  115:8  116:5  117:6  118:7  119:10  120:11  121:9  122:10  123:8  124:9  125:7  126:5  127:7  128:18  129:5  130:4  131:10  132:3  133:4  134:4  135:4  136:3  137:4  139:2  140:3  141:2  142:2  143:4  144:7  145:1  146:5  147:5  148:1  149:4  150:4  152:1  153:6  154:3  155:1  156:2  157:1  158:1  159:1  161:2  162:1  163:2  164:1  165:1  166:1  167:3  168:3  170:1  174:1  177:2  180:3  182:2  183:1  184:2  188:1  189:3  190:1  191:1  192:1  193:1  194:1  195:2  199:1  202:2  204:2  206:1  207:1  209:2  211:1  213:1  215:2  219:1  220:1  222:1  224:1  225:1  226:1  229:1  233:1  236:1  238:2  240:1  241:1  246:1  247:1  249:1  252:1  254:1  256:1  260:1  264:1  271:1  311:1  337:1  383:1  506:1  597:1
1545.964421,9.773470,961.372839
[PASSED]
[time 3.32 s, user 3.12 s, sys 0.18 s, maxrss 228456 KB]
[busy 345 jiffies]
[exit 0]
--- c2 case 0 rec 2   load 1.00 1.14 1.09
[TEST C2-FST]
Processing dataset...
Done!
Building trie...
trie size: 3.124794 MB
trie size: 0.926831 MB
Done!
build time: 1691.236453 ms (1691.236453 ns per key)
space cost: 9.773470 MB (19.572183% of original size 49.935513 MB)
Querying trie...
Done!
total time: 969.869395 ms, avg latency: 969.869395 ns
topology: 1.480076 MB, link: 2.557474 MB, data: 5.735920 MB
--- Unary Path Analysis (FST, cutoff=4) ---
  shared unary steps in main trie: 711966
  terminal suffixes: inplace=143732 (avg len=2.14)  links=800966 (84.8% of terminal)
  link len: avg=13.15  max=596  total_chars=10531952
  link length distribution (len:count):  4:63058  5:62039  6:59659  7:54131  8:47449  9:44821  10:40952  11:37727  12:34320  13:30594  14:29226  15:26885  16:26206  17:21450  18:19914  19:21120  20:19131  21:16702  22:14529  23:13405  24:12440  25:10970  26:9615  27:8669  28:7752  29:7002  30:6267  31:5704  32:4931  33:4493  34:4087  35:3562  36:3323  37:3007  38:2533  39:2401  40:2145  41:1856  42:1793  43:1565  44:1379  45:1246  46:1005  47:985  48:849  49:826  50:642  51:609  52:482  53:442  54:385  55:389  56:339  57:263  58:263  59:238  60:228  61:217  62:184  63:166  64:151  65:119  66:125  67:156  68:131  69:105  70:94  71:74  72:74  73:77  74:67  75:66  76:74  77:39  78:49  79:44  80:45  81:42  82:48  83:36  84:31  85:34  86:39  87:18  88:23  89:15  90:18  91:31  92:24  93:20  94:16  95:16  96:16  97:12  98:16  99:14  100:17  101:16  102:2  103:18  104:4  105:3  106:10  107:11  108:9  109:19  110:13  111:7  112:6  113:5  114:3  115:8  116:5  117:6  118:7  119:10  120:11  121:9  122:10  123:8  124:9  125:7  126:5  127:7  128:18  129:5  130:4  131:10  132:3  133:4  134:4  135:4  136:3  137:4  139:2  140:3  141:2  142:2  143:4  144:7  145:1  146:5  147:5  148:1  149:4  150:4  152:1  153:6  154:3  155:1  156:2  157:1  158:1  159:1  161:2  162:1  163:2  164:1  165:1  166:1  167:3  168:3  170:1  174:1  177:2  180:3  182:2  183:1  184:2  188:1  189:3  190:1  191:1  192:1  193:1  194:1  195:2  199:1  202:2  204:2  206:1  207:1  209:2  211:1  213:1  215:2  219:1  220:1  222:1  224:1  225:1  226:1  229:1  233:1  236:1  238:2  240:1  241:1  246:1  247:1  249:1  252:1  254:1  256:1  260:1  264:1  271:1  311:1  337:1  383:1  506:1  597:1
1691.236453,9.773470,969.869395
[PASSED]
[time 3.45 s, user 3.27 s, sys 0.16 s, maxrss 228372 KB]
[busy 357 jiffies]
[exit 0]
--- c2 case 1 rec 0   load 1.00 1.14 1.09
[TEST C2-CoCo(LOUDS-Sparse)]
Processing dataset...
Done!
Building trie...
Done!
build time: 2489.338545 ms (2489.338545 ns per key)
space cost: 12.005466 MB (24.041940% of original size 49.935513 MB)
Querying trie...
Done!
total time: 872.242019 ms, avg latency: 872.242019 ns
topology: 0.422745 MB, link: 3.209543 MB, data: 8.373178 MB
2489.338545,12.005466,872.242019
[PASSED]
[time 4.14 s, user 3.91 s, sys 0.21 s, maxrss 408044 KB]
[busy 433 jiffies]
[exit 0]
--- c2 case 1 rec 1   load 1.00 1.13 1.09
[TEST C2-CoCo(LOUDS-Sparse)]
Processing dataset...
Done!
Building trie...
trie size: 3.124794 MB
Done!
build time: 2836.625123 ms (2836.625123 ns per key)
space cost: 10.138867 MB (20.303920% of original size 49.935513 MB)
Querying trie...
Done!
total time: 1018.411929 ms, avg latency: 1018.411929 ns
topology: 0.827824 MB, link: 3.419642 MB, data: 5.891401 MB
2836.625123,10.138867,1018.411929
[PASSED]
[time 4.64 s, user 4.38 s, sys 0.24 s, maxrss 398156 KB]
[busy 481 jiffies]
[exit 0]
--- c2 case 1 rec 2   load 1.00 1.13 1.09
[TEST C2-CoCo(LOUDS-Sparse)]
Processing dataset...
Done!
Building trie...
trie size: 3.124794 MB
trie size: 0.926831 MB
Done!
build time: 2970.768752 ms (2970.768752 ns per key)
space cost: 10.138867 MB (20.303920% of original size 49.935513 MB)
Querying trie...
Done!
total time: 1005.985968 ms, avg latency: 1005.985968 ns
topology: 0.827824 MB, link: 3.419642 MB, data: 5.891401 MB
2970.768752,10.138867,1005.985968
[PASSED]
[time 4.77 s, user 4.52 s, sys 0.22 s, maxrss 398024 KB]
[busy 495 jiffies]
[exit 0]
--- c2 case 2 rec 0   load 1.00 1.13 1.09
[TEST C2-MARISA]
Processing dataset...
Done!
Building trie...
trie size: 2.244002 MB
Done!
build time: 1202.617437 ms (1202.617437 ns per key)
space cost: 10.960715 MB (21.949740% of original size 49.935513 MB)
Querying trie...
Done!
total time: 450.474473 ms, avg latency: 450.474473 ns
topology: 0.743214 MB, link: 2.809175 MB, data: 7.387818 MB
--- Unary Path Analysis (Marisa, cutoff=3) ---
  branches: 1527762  |  single-char: 409800 (26.8%)  short-unary: 94203 (6.2%)  links: 1023759 (67.0%)
  link len: avg=12.97  max=598  total_chars=13282609
  link length distribution (len:count):  3:78091  4:83418  5:77115  6:71727  7:67342  8:60401  9:52007  10:48612  11:43341  12:39688  13:35797  14:31899  15:30173  16:27648  17:26857  18:22212  19:20563  20:21642  21:19617  22:17114  23:14842  24:13684  25:12695  26:11175  27:9829  28:8848  29:7935  30:7132  31:6445  32:5847  33:5055  34:4589  35:4148  36:3637  37:3382  38:3086  39:2567  40:2441  41:2168  42:1886  43:1827  44:1585  45:1405  46:1260  47:1016  48:995  49:861  50:844  51:650  52:616  53:486  54:450  55:392  56:393  57:345  58:266  59:265  60:240  61:230  62:219  63:185  64:166  65:151  66:119  67:125  68:158  69:131  70:105  71:94  72:74  73:75  74:77  75:68  76:66  77:74  78:40  79:49  80:44  81:45  82:43  83:48  84:36  85:31  86:35  87:40  88:19  89:24  90:15  91:18  92:31  93:24  94:20  95:16  96:16  97:16  98:12  99:16  100:14  101:17  102:16  103:2  104:18  105:4  106:3  107:10  108:11  109:9  110:19  111:13  112:7  113:6  114:5  115:3  116:8  117:5  118:6  119:8  120:10  121:11  122:9  123:10  124:8  125:9  126:7  127:5  128:7  129:18  130:5  131:4  132:10  133:3  134:4  135:4  136:4  137:4  138:4  140:2  141:3  142:2  143:2  144:4  145:7  146:1  147:5  148:5  149:1  150:4  151:4  153:1  154:6  155:3  156:1  157:2  158:1  159:1  160:1  162:2  163:1  164:2  165:1  166:1  167:1  168:3  169:3  171:1  175:1  178:2  181:3  183:2  184:1  185:2  189:1  190:3  191:1  192:1  193:1  194:1  195:1  196:2  200:1  203:2  205:2  207:1  208:1  210:2  212:1  214:1  216:2  220:1  221:1  223:1  225:1  226:1  227:1  230:1  234:1  237:1  239:2  241:1  242:1  247:1  248:1  250:1  253:1  255:1  257:1  261:1  265:1  272:1  312:1  338:1  384:1  507:1  598:1
  short unary avg len: 2.00
1202.617437,10.960715,450.474473
[PASSED]
[time 2.44 s, user 2.25 s, sys 0.18 s, maxrss 246908 KB]
[busy 254 jiffies]
[exit 0]
--- c2 case 2 rec 1   load 1.00 1.13 1.09
[TEST C2-MARISA]
Processing dataset...
Done!
Building trie...
trie size: 2.244002 MB
trie size: 3.864603 MB
Done!
build time: 1609.912306 ms (1609.912306 ns per key)
space cost: 8.779989 MB (17.582655% of original size 49.935513 MB)
Querying trie...
Done!
total time: 627.367269 ms, avg latency: 627.367269 ns
topology: 1.217873 MB, link: 3.069385 MB, data: 4.472224 MB
--- Unary Path Analysis (Marisa, cutoff=3) ---
  branches: 1527762  |  single-char: 409800 (26.8%)  short-unary: 94203 (6.2%)  links: 1023759 (67.0%)
  link len: avg=12.97  max=598  total_chars=13282609
  link length distribution (len:count):  3:78091  4:83418  5:77115  6:71727  7:67342  8:60401  9:52007  10:48612  11:43341  12:39688  13:35797  14:31899  15:30173  16:27648  17:26857  18:22212  19:20563  20:21642  21:19617  22:17114  23:14842  24:13684  25:12695  26:11175  27:9829  28:8848  29:7935  30:7132  31:6445  32:5847  33:5055  34:4589  35:4148  36:3637  37:3382  38:3086  39:2567  40:2441  41:2168  42:1886  43:1827  44:1585  45:1405  46:1260  47:1016  48:995  49:861  50:844  51:650  52:616  53:486  54:450  55:392  56:393  57:345  58:266  59:265  60:240  61:230  62:219  63:185  64:166  65:151  66:119  67:125  68:158  69:131  70:105  71:94  72:74  73:75  74:77  75:68  76:66  77:74  78:40  79:49  80:44  81:45  82:43  83:48  84:36  85:31  86:35  87:40  88:19  89:24  90:15  91:18  92:31  93:24  94:20  95:16  96:16  97:16  98:12  99:16  100:14  101:17  102:16  103:2  104:18  105:4  106:3  107:10  108:11  109:9  110:19  111:13  112:7  113:6  114:5  115:3  116:8  117:5  118:6  119:8  120:10  121:11  122:9  123:10  124:8  125:9  126:7  127:5  128:7  129:18  130:5  131:4  132:10  133:3  134:4  135:4  136:4  137:4  138:4  140:2  141:3  142:2  143:2  144:4  145:7  146:1  147:5  148:5  149:1  150:4  151:4  153:1  154:6  155:3  156:1  157:2  158:1  159:1  160:1  162:2  163:1  164:2  165:1  166:1  167:1  168:3  169:3  171:1  175:1  178:2  181:3  183:2  184:1  185:2  189:1  190:3  191:1  192:1  193:1  194:1  195:1  196:2  200:1  203:2  205:2  207:1  208:1  210:2  212:1  214:1  216:2  220:1  221:1  223:1  225:1  226:1  227:1  230:1  234:1  237:1  239:2  241:1  242:1  247:1  248:1  250:1  253:1  255:1  257:1  261:1  265:1  272:1  312:1  338:1  384:1  507:1  598:1
  short unary avg len: 2.00
1609.912306,8.779989,627.367269
[PASSED]
[time 3.05 s, user 2.85 s, sys 0.18 s, maxrss 242204 KB]
[busy 322 jiffies]
[exit 0]
--- c2 case 2 rec 2   load 1.08 1.14 1.10
[TEST C2-MARISA]
Processing dataset...
Done!
Building trie...
trie size: 2.244002 MB
trie size: 3.864603 MB
trie size: 1.068947 MB
Done!
build time: 1725.900426 ms (1725.900426 ns per key)
space cost: 8.365690 MB (16.752987% of original size 49.935513 MB)
Querying trie...
Done!
total time: 695.281216 ms, avg latency: 695.281216 ns
topology: 1.410183 MB, link: 3.158367 MB, data: 3.776632 MB
--- Unary Path Analysis (Marisa, cutoff=3) ---
  branches: 1527762  |  single-char: 409800 (26.8%)  short-unary: 94203 (6.2%)  links: 1023759 (67.0%)
  link len: avg=12.97  max=598  total_chars=13282609
  link length distribution (len:count):  3:78091  4:83418  5:77115  6:71727  7:67342  8:60401  9:52007  10:48612  11:43341  12:39688  13:35797  14:31899  15:30173  16:27648  17:26857  18:22212  19:20563  20:21642  21:19617  22:17114  23:14842  24:13684  25:12695  26:11175  27:9829  28:8848  29:7935  30:7132  31:6445  32:5847  33:5055  34:4589  35:4148  36:3637  37:3382  38:3086  39:2567  40:2441  41:2168  42:1886  43:1827  44:1585  45:1405  46:1260  47:1016  48:995  49:861  50:844  51:650  52:616  53:486  54:450  55:392  56:393  57:345  58:266  59:265  60:240  61:230  62:219  63:185  64:166  65:151  66:119  67:125  68:158  69:131  70:105  71:94  72:74  73:75  74:77  75:68  76:66  77:74  78:40  79:49  80:44  81:45  82:43  83:48  84:36  85:31  86:35  87:40  88:19  89:24  90:15  91:18  92:31  93:24  94:20  95:16  96:16  97:16  98:12  99:16  100:14  101:17  102:16  103:2  104:18  105:4  106:3  107:10  108:11  109:9  110:19  111:13  112:7  113:6  114:5  115:3  116:8  117:5  118:6  119:8  120:10  121:11  122:9  123:10  124:8  125:9  126:7  127:5  128:7  129:18  130:5  131:4  132:10  133:3  134:4  135:4  136:4  137:4  138:4  140:2  141:3  142:2  143:2  144:4  145:7  146:1  147:5  148:5  149:1  150:4  151:4  153:1  154:6  155:3  156:1  157:2  158:1  159:1  160:1  162:2  163:1  164:2  165:1  166:1  167:1  168:3  169:3  171:1  175:1  178:2  181:3  183:2  184:1  185:2  189:1  190:3  191:1  192:1  193:1  194:1  195:1  196:2  200:1  203:2  205:2  207:1  208:1  210:2  212:1  214:1  216:2  220:1  221:1  223:1  225:1  226:1  227:1  230:1  234:1  237:1  239:2  241:1  242:1  247:1  248:1  250:1  253:1  255:1  257:1  261:1  265:1  272:1  312:1  338:1  384:1  507:1  598:1
  short unary avg len: 2.00
1725.900426,8.365690,695.281216
[PASSED]
[time 3.22 s, user 3.01 s, sys 0.20 s, maxrss 242292 KB]
[busy 337 jiffies]
[exit 0]
--- c2 case 3 rec 0   load 1.07 1.14 1.09
[TEST FST]
Processing dataset...
Done!
Building trie...
Done!
build time: 1421.806658 ms (1421.806658 ns per key)
space cost: 12.952020 MB (25.937492% of original size 49.935513 MB)
Querying trie...
Done!
total time: 1196.399873 ms, avg latency: 1196.399873 ns
not implemented
1421.806658,12.952020,1196.399873
[PASSED]
[time 3.43 s, user 3.29 s, sys 0.13 s, maxrss 215272 KB]
[busy 353 jiffies]
[exit 0]
--- c2 case 4 rec 0   load 1.07 1.14 1.09
[TEST COCO]
Processing dataset...
Done!
Building trie...
num nodes = 618926, average depth = 10.757375
ef = 0.000126, pa = 0.112513, bv = 0.000294, de = 0.664175
efr = 0.000805, par = 0.102747, bvr = 0.000005, der = 0.119336
Done!
build time: 30925.469872 ms (30925.469872 ns per key)
space cost: 17.219774 MB (34.484023% of original size 49.935513 MB)
Querying trie...
Done!
total time: 1374.033670 ms, avg latency: 1374.033670 ns
not implemented
30925.469872,17.219774,1374.033670
[PASSED]
[time 34.19 s, user 27.35 s, sys 6.70 s, maxrss 15528680 KB]
[busy 3522 jiffies]
[exit 0]
--- c2 case 5 rec 0   load 1.04 1.12 1.09
[TEST MARISA]
Processing dataset...
Done!
Building trie...
Done!
build time: 968.387621 ms (968.387621 ns per key)
space cost: 13.234698 MB (26.503579% of original size 49.935513 MB)
Querying trie...
Done!
total time: 574.088695 ms, avg latency: 574.088695 ns
not implemented
968.387621,13.234698,574.088695
[PASSED]
[time 2.30 s, user 2.13 s, sys 0.15 s, maxrss 267812 KB]
[busy 242 jiffies]
[exit 0]
--- c2 case 5 rec 1   load 1.04 1.12 1.09
[TEST MARISA]
Processing dataset...
Done!
Building trie...
Done!
build time: 1182.669570 ms (1182.669570 ns per key)
space cost: 8.973619 MB (17.970414% of original size 49.935513 MB)
Querying trie...
Done!
total time: 878.221206 ms, avg latency: 878.221206 ns
not implemented
1182.669570,8.973619,878.221206
[PASSED]
[time 2.83 s, user 2.64 s, sys 0.18 s, maxrss 268052 KB]
[busy 294 jiffies]
[exit 0]
--- c2 case 5 rec 2   load 1.03 1.12 1.09
[TEST MARISA]
Processing dataset...
Done!
Building trie...
Done!
build time: 1226.919807 ms (1226.919807 ns per key)
space cost: 8.005336 MB (16.031348% of original size 49.935513 MB)
Querying trie...
Done!
total time: 1010.233469 ms, avg latency: 1010.233469 ns
not implemented
1226.919807,8.005336,1010.233469
[PASSED]
[time 3.00 s, user 2.81 s, sys 0.17 s, maxrss 267948 KB]
[busy 312 jiffies]
[exit 0]
--- c2 case 6 rec 0   load 1.03 1.11 1.09
[TEST PDT]
Processing dataset...
Done!
Building trie...
dict size: 156062, stream size: 7596722
Done!
build time: 3554.920078 ms (3554.920078 ns per key)
space cost: 8.669690 MB (17.361772% of original size 49.935513 MB)
Querying trie...
Done!
total time: 728.377562 ms, avg latency: 728.377562 ns
not implemented
3554.920078,8.669690,728.377562
[PASSED]
[time 5.06 s, user 4.85 s, sys 0.19 s, maxrss 298836 KB]
[busy 525 jiffies]
[exit 0]
--- c2 case 7 rec 0   load 1.03 1.11 1.09
[TEST ART]
Processing dataset...
Done!
Building trie...
Done!
build time: 319.221446 ms (319.221446 ns per key)
space cost: 32.934517 MB (65.954097% of original size 49.935513 MB)
Querying trie...
Done!
total time: 626.754708 ms, avg latency: 626.754708 ns
not implemented
319.221446,32.934517,626.754708
[PASSED]
[time 1.76 s, user 1.59 s, sys 0.16 s, maxrss 290920 KB]
[busy 187 jiffies]
[exit 0]
--- c2 case 8 rec 0   load 1.02 1.11 1.09
[TEST CART]
Processing dataset...
Done!
Building trie...
Done!
build time: 361.494007 ms (361.494007 ns per key)
space cost: 15.060642 MB (30.160183% of original size 49.935513 MB)
Querying trie...
Done!
total time: 655.700804 ms, avg latency: 655.700804 ns
not implemented
361.494007,15.060642,655.700804
[PASSED]
[time 1.83 s, user 1.68 s, sys 0.14 s, maxrss 278248 KB]
[busy 192 jiffies]
[exit 0]
--- xcdat 7   load 1.02 1.11 1.09
build time: 1157.864335 ms
space cost: 15.639350 MiB (31.319093% of original size 49.935513 MiB)
avg latency: 400.080591 ns
1157.864335,15.639350,400.080591
[time 2.35 s, user 2.17 s, sys 0.17 s, maxrss 230948 KB]
[busy 247 jiffies]
[exit 0]
--- xcdat 8   load 1.02 1.11 1.09
build time: 1124.155478 ms
space cost: 15.165496 MiB (30.370161% of original size 49.935513 MiB)
avg latency: 382.285720 ns
1124.155478,15.165496,382.285720
[time 2.30 s, user 2.12 s, sys 0.16 s, maxrss 231040 KB]
[busy 239 jiffies]
[exit 0]
--- xcdat 15   load 0.94 1.09 1.08
build time: 1156.674068 ms
space cost: 17.302892 MiB (34.650473% of original size 49.935513 MiB)
avg latency: 362.435737 ns
1156.674068,17.302892,362.435737
[time 2.33 s, user 2.16 s, sys 0.15 s, maxrss 230960 KB]
[busy 246 jiffies]
[exit 0]
--- xcdat 16   load 0.94 1.09 1.08
build time: 1126.986508 ms
space cost: 17.859698 MiB (35.765524% of original size 49.935513 MiB)
avg latency: 387.847723 ns
1126.986508,17.859698,387.847723
[time 2.31 s, user 2.13 s, sys 0.16 s, maxrss 231232 KB]
[busy 243 jiffies]
[exit 0]

##### uuid-1000000 (1000000 lines, 37000000 bytes)   round 1/3   2026-09-24T12:42:02+03:00
--- lexindex dict32   load 0.95 1.09 1.08
1000000 keys
lexindex DictIndex block 32: build 211 ms, size 17.741 MiB (18.603 B/key), latency cold 426.0 ns, then mean 417.0 / min 412.8 ns
211.417,17.741351,425.984
[time 2.40 s, user 3.13 s, sys 0.35 s, maxrss 247980 KB]
[busy 370 jiffies]
[exit 0]
--- lexindex dict256   load 0.95 1.09 1.08
1000000 keys
lexindex DictIndex block 256: build 214 ms, size 17.205 MiB (18.040 B/key), latency cold 407.1 ns, then mean 406.3 / min 406.1 ns
214.227,17.204642,407.087
[time 2.35 s, user 3.07 s, sys 0.39 s, maxrss 227064 KB]
[busy 364 jiffies]
[exit 0]
--- lexindex dict1024   load 0.95 1.09 1.08
1000000 keys
lexindex DictIndex block 1024: build 213 ms, size 17.065 MiB (17.894 B/key), latency cold 435.1 ns, then mean 434.1 / min 432.1 ns
213.371,17.064983,435.056
[time 2.46 s, user 2.85 s, sys 0.19 s, maxrss 237080 KB]
[busy 329 jiffies]
[exit 0]
--- lexindex routed32   load 0.95 1.08 1.08
1000000 keys
lexindex DictIndex block 32 routed: build 213 ms, size 18.218 MiB (19.103 B/key), latency cold 382.8 ns, then mean 382.6 / min 378.1 ns
212.640,18.218188,382.837
[time 2.25 s, user 2.98 s, sys 0.35 s, maxrss 259292 KB]
[busy 354 jiffies]
[exit 0]
--- lexindex routed256   load 0.96 1.08 1.08
1000000 keys
lexindex DictIndex block 256 routed: build 215 ms, size 17.682 MiB (18.540 B/key), latency cold 350.0 ns, then mean 352.4 / min 348.4 ns
214.762,17.681571,349.991
[time 2.12 s, user 2.88 s, sys 0.33 s, maxrss 223892 KB]
[busy 339 jiffies]
[exit 0]
--- lexindex routed1024   load 0.96 1.08 1.08
1000000 keys
lexindex DictIndex block 1024 routed: build 213 ms, size 17.304 MiB (18.144 B/key), latency cold 357.5 ns, then mean 361.3 / min 359.8 ns
212.914,17.303509,357.526
[time 2.16 s, user 2.54 s, sys 0.20 s, maxrss 236512 KB]
[busy 292 jiffies]
[exit 0]
--- lexindex string   load 0.96 1.08 1.08
1000000 keys
lexindex StringIndex: build 2341 ms, size 35.389 MiB (37.108 B/key), latency cold 426.8 ns, then mean 428.5 / min 427.7 ns
2340.684,35.389391,426.815
[time 4.55 s, user 4.42 s, sys 0.11 s, maxrss 199792 KB]
[busy 477 jiffies]
[exit 0]
--- lexindex hashed0   load 0.96 1.08 1.08
1000000 keys
lexindex HashedDictIndex closed: build 314 ms, size 19.818 MiB (20.781 B/key), latency cold 58.9 ns, then mean 58.0 / min 57.7 ns
313.500,19.818487,58.922
[time 1.04 s, user 1.82 s, sys 0.36 s, maxrss 230068 KB]
[busy 233 jiffies]
[exit 0]
--- lexindex hashed8   load 0.89 1.06 1.07
1000000 keys
lexindex HashedDictIndex fp=8: build 318 ms, size 20.772 MiB (21.781 B/key), latency cold 68.5 ns, then mean 68.0 / min 67.2 ns
318.198,20.772161,68.486
[time 1.09 s, user 1.84 s, sys 0.34 s, maxrss 223536 KB]
[busy 236 jiffies]
[exit 0]
--- lexindex hashed16   load 0.89 1.06 1.07
1000000 keys
lexindex HashedDictIndex fp=16: build 309 ms, size 21.726 MiB (22.781 B/key), latency cold 70.9 ns, then mean 68.9 / min 68.7 ns
309.155,21.725836,70.920
[time 1.08 s, user 1.88 s, sys 0.33 s, maxrss 225152 KB]
[busy 239 jiffies]
[exit 0]
--- c2 case 0 rec 0   load 0.89 1.06 1.07
[TEST C2-FST]
Processing dataset...
Done!
Building trie...
Done!
build time: 1114.480476 ms (1114.480476 ns per key)
space cost: 22.510774 MB (65.567381% of original size 34.332275 MB)
Querying trie...
Done!
total time: 448.206201 ms, avg latency: 448.206201 ns
topology: 0.773712 MB, link: 3.131501 MB, data: 18.605560 MB
--- Unary Path Analysis (FST, cutoff=4) ---
  shared unary steps in main trie: 13682
  terminal suffixes: inplace=0 (avg len=0.00)  links=1000000 (100.0% of terminal)
  link len: avg=29.32  max=30  total_chars=29323284
  link length distribution (len:count):  24:2  25:10  26:206  28:3376  29:54458  30:556568  31:385380
1114.480476,22.510774,448.206201
[PASSED]
[time 2.26 s, user 2.07 s, sys 0.18 s, maxrss 312064 KB]
[busy 237 jiffies]
[exit 0]
--- c2 case 0 rec 1   load 0.90 1.06 1.07
[TEST C2-FST]
Processing dataset...
Done!
Building trie...
trie size: 4.445807 MB
Done!
build time: 2060.884033 ms (2060.884033 ns per key)
space cost: 22.510774 MB (65.567381% of original size 34.332275 MB)
Querying trie...
Done!
total time: 442.625634 ms, avg latency: 442.625634 ns
topology: 0.773712 MB, link: 3.131501 MB, data: 18.605560 MB
--- Unary Path Analysis (FST, cutoff=4) ---
  shared unary steps in main trie: 13682
  terminal suffixes: inplace=0 (avg len=0.00)  links=1000000 (100.0% of terminal)
  link len: avg=29.32  max=30  total_chars=29323284
  link length distribution (len:count):  24:2  25:10  26:206  28:3376  29:54458  30:556568  31:385380
2060.884033,22.510774,442.625634
[PASSED]
[time 3.19 s, user 2.98 s, sys 0.18 s, maxrss 361484 KB]
[busy 334 jiffies]
[exit 0]
--- c2 case 0 rec 2   load 0.90 1.06 1.07
[TEST C2-FST]
Processing dataset...
Done!
Building trie...
trie size: 4.445807 MB
Done!
build time: 2052.429124 ms (2052.429124 ns per key)
space cost: 22.510774 MB (65.567381% of original size 34.332275 MB)
Querying trie...
Done!
total time: 451.480945 ms, avg latency: 451.480945 ns
topology: 0.773712 MB, link: 3.131501 MB, data: 18.605560 MB
--- Unary Path Analysis (FST, cutoff=4) ---
  shared unary steps in main trie: 13682
  terminal suffixes: inplace=0 (avg len=0.00)  links=1000000 (100.0% of terminal)
  link len: avg=29.32  max=30  total_chars=29323284
  link length distribution (len:count):  24:2  25:10  26:206  28:3376  29:54458  30:556568  31:385380
2052.429124,22.510774,451.480945
[PASSED]
[time 3.18 s, user 2.98 s, sys 0.18 s, maxrss 361784 KB]
[busy 333 jiffies]
[exit 0]
--- c2 case 1 rec 0   load 0.91 1.06 1.07
[TEST C2-CoCo(LOUDS-Sparse)]
Processing dataset...
Done!
Building trie...
Done!
build time: 1474.061077 ms (1474.061077 ns per key)
space cost: 21.333610 MB (62.138642% of original size 34.332275 MB)
Querying trie...
Done!
total time: 509.715342 ms, avg latency: 509.715342 ns
topology: 0.346375 MB, link: 3.293192 MB, data: 17.694043 MB
1474.061077,21.333610,509.715342
[PASSED]
[time 2.67 s, user 2.43 s, sys 0.22 s, maxrss 431188 KB]
[busy 277 jiffies]
[exit 0]
--- c2 case 1 rec 1   load 0.91 1.06 1.07
[TEST C2-CoCo(LOUDS-Sparse)]
Processing dataset...
Done!
Building trie...
trie size: 4.445807 MB
Done!
build time: 2412.784291 ms (2412.784291 ns per key)
space cost: 21.333610 MB (62.138642% of original size 34.332275 MB)
Querying trie...
Done!
total time: 501.192245 ms, avg latency: 501.192245 ns
topology: 0.346375 MB, link: 3.293192 MB, data: 17.694043 MB
2412.784291,21.333610,501.192245
[PASSED]
[time 3.61 s, user 3.34 s, sys 0.25 s, maxrss 474856 KB]
[busy 374 jiffies]
[exit 0]
--- c2 case 1 rec 2   load 0.92 1.06 1.07
[TEST C2-CoCo(LOUDS-Sparse)]
Processing dataset...
Done!
Building trie...
trie size: 4.445807 MB
Done!
build time: 2405.731838 ms (2405.731838 ns per key)
space cost: 21.333610 MB (62.138642% of original size 34.332275 MB)
Querying trie...
Done!
total time: 507.573406 ms, avg latency: 507.573406 ns
topology: 0.346375 MB, link: 3.293192 MB, data: 17.694043 MB
2405.731838,21.333610,507.573406
[PASSED]
[time 3.61 s, user 3.34 s, sys 0.25 s, maxrss 474744 KB]
[busy 377 jiffies]
[exit 0]
--- c2 case 2 rec 0   load 0.93 1.06 1.07
[TEST C2-MARISA]
Processing dataset...
Done!
Building trie...
trie size: 1.966455 MB
Done!
build time: 1030.084084 ms (1030.084084 ns per key)
space cost: 21.883573 MB (63.740525% of original size 34.332275 MB)
Querying trie...
Done!
total time: 369.653261 ms, avg latency: 369.653261 ns
topology: 0.650684 MB, link: 2.984713 MB, data: 18.227668 MB
--- Unary Path Analysis (Marisa, cutoff=3) ---
  branches: 1358149  |  single-char: 345387 (25.4%)  short-unary: 12003 (0.9%)  links: 1000759 (73.7%)
  link len: avg=31.30  max=32  total_chars=31325722
  link length distribution (len:count):  3:655  4:51  5:49  6:4  25:2  26:10  27:206  29:3376  30:54458  31:556568  32:385380
  short unary avg len: 2.00
1030.084084,21.883573,369.653261
[PASSED]
[time 2.10 s, user 1.90 s, sys 0.18 s, maxrss 313420 KB]
[busy 223 jiffies]
[exit 0]
--- c2 case 2 rec 1   load 0.93 1.05 1.07
[TEST C2-MARISA]
Processing dataset...
Done!
Building trie...
trie size: 1.966455 MB
trie size: 4.448333 MB
Done!
build time: 1980.012024 ms (1980.012024 ns per key)
space cost: 21.883573 MB (63.740525% of original size 34.332275 MB)
Querying trie...
Done!
total time: 366.641781 ms, avg latency: 366.641781 ns
topology: 0.650684 MB, link: 2.984713 MB, data: 18.227668 MB
--- Unary Path Analysis (Marisa, cutoff=3) ---
  branches: 1358149  |  single-char: 345387 (25.4%)  short-unary: 12003 (0.9%)  links: 1000759 (73.7%)
  link len: avg=31.30  max=32  total_chars=31325722
  link length distribution (len:count):  3:655  4:51  5:49  6:4  25:2  26:10  27:206  29:3376  30:54458  31:556568  32:385380
  short unary avg len: 2.00
1980.012024,21.883573,366.641781
[PASSED]
[time 3.05 s, user 2.84 s, sys 0.19 s, maxrss 361836 KB]
[busy 317 jiffies]
[exit 0]
--- c2 case 2 rec 2   load 0.94 1.05 1.07
[TEST C2-MARISA]
Processing dataset...
Done!
Building trie...
trie size: 1.966455 MB
trie size: 4.448333 MB
Done!
build time: 1969.505340 ms (1969.505340 ns per key)
space cost: 21.883573 MB (63.740525% of original size 34.332275 MB)
Querying trie...
Done!
total time: 379.308104 ms, avg latency: 379.308104 ns
topology: 0.650684 MB, link: 2.984713 MB, data: 18.227668 MB
--- Unary Path Analysis (Marisa, cutoff=3) ---
  branches: 1358149  |  single-char: 345387 (25.4%)  short-unary: 12003 (0.9%)  links: 1000759 (73.7%)
  link len: avg=31.30  max=32  total_chars=31325722
  link length distribution (len:count):  3:655  4:51  5:49  6:4  25:2  26:10  27:206  29:3376  30:54458  31:556568  32:385380
  short unary avg len: 2.00
1969.505340,21.883573,379.308104
[PASSED]
[time 3.04 s, user 2.85 s, sys 0.18 s, maxrss 361800 KB]
[busy 317 jiffies]
[exit 0]
--- c2 case 3 rec 0   load 0.86 1.04 1.06
[TEST FST]
Processing dataset...
Done!
Building trie...
Done!
build time: 853.730612 ms (853.730612 ns per key)
space cost: 34.505507 MB (100.504572% of original size 34.332275 MB)
Querying trie...
Done!
total time: 459.882364 ms, avg latency: 459.882364 ns
not implemented
853.730612,34.505507,459.882364
[PASSED]
[time 2.01 s, user 1.87 s, sys 0.13 s, maxrss 207752 KB]
[busy 210 jiffies]
[exit 0]
--- c2 case 4 rec 0   load 0.86 1.04 1.06
terminate called after throwing an instance of 'std::bad_alloc'
  what():  std::bad_alloc
timeout: the monitored command dumped core
Command terminated by signal 6
[time 45.12 s, user 29.62 s, sys 15.23 s, maxrss 27995004 KB]
[busy 5242 jiffies]
[exit 134]
--- c2 case 5 rec 0   load 1.02 1.05 1.06
[TEST MARISA]
Processing dataset...
Done!
Building trie...
Done!
build time: 683.932419 ms (683.932419 ns per key)
space cost: 34.975940 MB (101.874808% of original size 34.332275 MB)
Querying trie...
Done!
total time: 536.878468 ms, avg latency: 536.878468 ns
not implemented
683.932419,34.975940,536.878468
[PASSED]
[time 1.92 s, user 1.74 s, sys 0.17 s, maxrss 282288 KB]
[busy 208 jiffies]
[exit 0]
--- c2 case 5 rec 1   load 1.02 1.04 1.06
[TEST MARISA]
Processing dataset...
Done!
Building trie...
Done!
build time: 1062.653841 ms (1062.653841 ns per key)
space cost: 33.974524 MB (98.957975% of original size 34.332275 MB)
Querying trie...
Done!
total time: 800.969671 ms, avg latency: 800.969671 ns
not implemented
1062.653841,33.974524,800.969671
[PASSED]
[time 2.55 s, user 2.38 s, sys 0.16 s, maxrss 251780 KB]
[busy 265 jiffies]
[exit 0]
--- c2 case 5 rec 2   load 0.93 1.03 1.06
[TEST MARISA]
Processing dataset...
Done!
Building trie...
Done!
build time: 1341.467210 ms (1341.467210 ns per key)
space cost: 32.972683 MB (96.039900% of original size 34.332275 MB)
Querying trie...
Done!
total time: 1132.217639 ms, avg latency: 1132.217639 ns
not implemented
1341.467210,32.972683,1132.217639
[PASSED]
[time 3.16 s, user 2.96 s, sys 0.18 s, maxrss 273148 KB]
[busy 332 jiffies]
[exit 0]
--- c2 case 6 rec 0   load 0.86 1.01 1.05
[TEST PDT]
Processing dataset...
Done!
Building trie...
dict size: 166618, stream size: 19935113
Done!
build time: 16711.663027 ms (16711.663027 ns per key)
space cost: 20.446564 MB (59.554933% of original size 34.332275 MB)
Querying trie...
Done!
total time: 729.765261 ms, avg latency: 729.765261 ns
not implemented
16711.663027,20.446564,729.765261
[PASSED]
[time 18.16 s, user 17.64 s, sys 0.44 s, maxrss 648564 KB]
[busy 1867 jiffies]
[exit 0]
--- c2 case 7 rec 0   load 0.89 1.01 1.05
[TEST ART]
Processing dataset...
Done!
Building trie...
Done!
build time: 192.437398 ms (192.437398 ns per key)
space cost: 25.565071 MB (74.463667% of original size 34.332275 MB)
Querying trie...
Done!
total time: 365.571059 ms, avg latency: 365.571059 ns
not implemented
192.437398,25.565071,365.571059
[PASSED]
[time 1.28 s, user 1.15 s, sys 0.11 s, maxrss 225172 KB]
[busy 134 jiffies]
[exit 0]
--- c2 case 8 rec 0   load 0.90 1.01 1.05
[TEST CART]
Processing dataset...
Done!
Building trie...
Done!
build time: 226.047871 ms (226.047871 ns per key)
space cost: 12.300360 MB (35.827394% of original size 34.332275 MB)
Querying trie...
Done!
total time: 372.006212 ms, avg latency: 372.006212 ns
not implemented
226.047871,12.300360,372.006212
[PASSED]
[time 1.32 s, user 1.20 s, sys 0.12 s, maxrss 214664 KB]
[busy 140 jiffies]
[exit 0]
--- xcdat 7   load 0.90 1.01 1.05
build time: 867.744247 ms
space cost: 36.820305 MiB (107.246911% of original size 34.332275 MiB)
avg latency: 356.009020 ns
867.744247,36.820305,356.009020
[time 1.92 s, user 1.75 s, sys 0.15 s, maxrss 231620 KB]
[busy 201 jiffies]
[exit 0]
--- xcdat 8   load 0.91 1.01 1.05
build time: 798.167575 ms
space cost: 36.200803 MiB (105.442481% of original size 34.332275 MiB)
avg latency: 344.302149 ns
798.167575,36.200803,344.302149
[time 1.84 s, user 1.70 s, sys 0.13 s, maxrss 230824 KB]
[busy 194 jiffies]
[exit 0]
--- xcdat 15   load 0.91 1.01 1.05
build time: 814.919727 ms
space cost: 37.074831 MiB (107.988272% of original size 34.332275 MiB)
avg latency: 334.797929 ns
814.919727,37.074831,334.797929
[time 1.85 s, user 1.70 s, sys 0.14 s, maxrss 231204 KB]
[busy 201 jiffies]
[exit 0]
--- xcdat 16   load 0.92 1.01 1.05
build time: 797.790687 ms
space cost: 37.473558 MiB (109.149650% of original size 34.332275 MiB)
avg latency: 342.233462 ns
797.790687,37.473558,342.233462
[time 1.83 s, user 1.69 s, sys 0.13 s, maxrss 230796 KB]
[busy 190 jiffies]
[exit 0]

##### uuid-1000000 (1000000 lines, 37000000 bytes)   round 2/3   2026-09-24T12:44:45+03:00
--- xcdat 16   load 0.84 0.99 1.04
build time: 798.487536 ms
space cost: 37.473558 MiB (109.149650% of original size 34.332275 MiB)
avg latency: 341.575115 ns
798.487536,37.473558,341.575115
[time 1.84 s, user 1.66 s, sys 0.16 s, maxrss 231040 KB]
[busy 198 jiffies]
[exit 0]
--- xcdat 15   load 0.84 0.99 1.04
build time: 815.782238 ms
space cost: 37.074831 MiB (107.988272% of original size 34.332275 MiB)
avg latency: 330.987598 ns
815.782238,37.074831,330.987598
[time 1.85 s, user 1.71 s, sys 0.13 s, maxrss 231188 KB]
[busy 204 jiffies]
[exit 0]
--- xcdat 8   load 0.85 0.99 1.04
build time: 795.822458 ms
space cost: 36.200803 MiB (105.442481% of original size 34.332275 MiB)
avg latency: 345.675149 ns
795.822458,36.200803,345.675149
[time 1.84 s, user 1.69 s, sys 0.14 s, maxrss 231064 KB]
[busy 192 jiffies]
[exit 0]
--- xcdat 7   load 0.85 0.99 1.04
build time: 863.586413 ms
space cost: 36.820305 MiB (107.246911% of original size 34.332275 MiB)
avg latency: 354.741046 ns
863.586413,36.820305,354.741046
[time 1.91 s, user 1.76 s, sys 0.14 s, maxrss 231580 KB]
[busy 201 jiffies]
[exit 0]
--- c2 case 8 rec 0   load 0.87 0.99 1.04
[TEST CART]
Processing dataset...
Done!
Building trie...
Done!
build time: 225.488038 ms (225.488038 ns per key)
space cost: 12.300360 MB (35.827394% of original size 34.332275 MB)
Querying trie...
Done!
total time: 371.303051 ms, avg latency: 371.303051 ns
not implemented
225.488038,12.300360,371.303051
[PASSED]
[time 1.32 s, user 1.20 s, sys 0.11 s, maxrss 214560 KB]
[busy 141 jiffies]
[exit 0]
--- c2 case 7 rec 0   load 0.87 0.99 1.04
[TEST ART]
Processing dataset...
Done!
Building trie...
Done!
build time: 189.158536 ms (189.158536 ns per key)
space cost: 25.565071 MB (74.463667% of original size 34.332275 MB)
Querying trie...
Done!
total time: 373.449615 ms, avg latency: 373.449615 ns
not implemented
189.158536,25.565071,373.449615
[PASSED]
[time 1.29 s, user 1.15 s, sys 0.13 s, maxrss 225440 KB]
[busy 136 jiffies]
[exit 0]
--- c2 case 6 rec 0   load 0.88 0.99 1.04
[TEST PDT]
Processing dataset...
Done!
Building trie...
dict size: 166618, stream size: 19935113
Done!
build time: 16738.845500 ms (16738.845500 ns per key)
space cost: 20.446564 MB (59.554933% of original size 34.332275 MB)
Querying trie...
Done!
total time: 731.032571 ms, avg latency: 731.032571 ns
not implemented
16738.845500,20.446564,731.032571
[PASSED]
[time 18.19 s, user 17.68 s, sys 0.44 s, maxrss 648528 KB]
[busy 1878 jiffies]
[exit 0]
--- c2 case 5 rec 2   load 0.83 0.98 1.03
[TEST MARISA]
Processing dataset...
Done!
Building trie...
Done!
build time: 1323.977402 ms (1323.977402 ns per key)
space cost: 32.972683 MB (96.039900% of original size 34.332275 MB)
Querying trie...
Done!
total time: 1120.522981 ms, avg latency: 1120.522981 ns
not implemented
1323.977402,32.972683,1120.522981
[PASSED]
[time 3.13 s, user 2.96 s, sys 0.16 s, maxrss 273312 KB]
[busy 327 jiffies]
[exit 0]
--- c2 case 5 rec 1   load 0.77 0.96 1.03
[TEST MARISA]
Processing dataset...
Done!
Building trie...
Done!
build time: 1058.455641 ms (1058.455641 ns per key)
space cost: 33.974524 MB (98.957975% of original size 34.332275 MB)
Querying trie...
Done!
total time: 795.219906 ms, avg latency: 795.219906 ns
not implemented
1058.455641,33.974524,795.219906
[PASSED]
[time 2.54 s, user 2.37 s, sys 0.16 s, maxrss 251868 KB]
[busy 266 jiffies]
[exit 0]
--- c2 case 5 rec 0   load 0.77 0.96 1.03
[TEST MARISA]
Processing dataset...
Done!
Building trie...
Done!
build time: 682.792677 ms (682.792677 ns per key)
space cost: 34.975940 MB (101.874808% of original size 34.332275 MB)
Querying trie...
Done!
total time: 532.216917 ms, avg latency: 532.216917 ns
not implemented
682.792677,34.975940,532.216917
[PASSED]
[time 1.91 s, user 1.73 s, sys 0.17 s, maxrss 282064 KB]
[busy 201 jiffies]
[exit 0]
--- c2 case 4 rec 0   skipped: exit 134 in round 1
--- c2 case 3 rec 0   load 0.78 0.96 1.03
[TEST FST]
Processing dataset...
Done!
Building trie...
Done!
build time: 852.928685 ms (852.928685 ns per key)
space cost: 34.505507 MB (100.504572% of original size 34.332275 MB)
Querying trie...
Done!
total time: 460.040951 ms, avg latency: 460.040951 ns
not implemented
852.928685,34.505507,460.040951
[PASSED]
[time 2.02 s, user 1.88 s, sys 0.13 s, maxrss 207592 KB]
[busy 213 jiffies]
[exit 0]
--- c2 case 2 rec 2   load 0.78 0.96 1.03
[TEST C2-MARISA]
Processing dataset...
Done!
Building trie...
trie size: 1.966455 MB
trie size: 4.448333 MB
Done!
build time: 1966.380978 ms (1966.380978 ns per key)
space cost: 21.883573 MB (63.740525% of original size 34.332275 MB)
Querying trie...
Done!
total time: 368.130869 ms, avg latency: 368.130869 ns
topology: 0.650684 MB, link: 2.984713 MB, data: 18.227668 MB
--- Unary Path Analysis (Marisa, cutoff=3) ---
  branches: 1358149  |  single-char: 345387 (25.4%)  short-unary: 12003 (0.9%)  links: 1000759 (73.7%)
  link len: avg=31.30  max=32  total_chars=31325722
  link length distribution (len:count):  3:655  4:51  5:49  6:4  25:2  26:10  27:206  29:3376  30:54458  31:556568  32:385380
  short unary avg len: 2.00
1966.380978,21.883573,368.130869
[PASSED]
[time 3.03 s, user 2.82 s, sys 0.19 s, maxrss 361728 KB]
[busy 315 jiffies]
[exit 0]
--- c2 case 2 rec 1   load 0.80 0.96 1.03
[TEST C2-MARISA]
Processing dataset...
Done!
Building trie...
trie size: 1.966455 MB
trie size: 4.448333 MB
Done!
build time: 1974.464228 ms (1974.464228 ns per key)
space cost: 21.883573 MB (63.740525% of original size 34.332275 MB)
Querying trie...
Done!
total time: 365.827521 ms, avg latency: 365.827521 ns
topology: 0.650684 MB, link: 2.984713 MB, data: 18.227668 MB
--- Unary Path Analysis (Marisa, cutoff=3) ---
  branches: 1358149  |  single-char: 345387 (25.4%)  short-unary: 12003 (0.9%)  links: 1000759 (73.7%)
  link len: avg=31.30  max=32  total_chars=31325722
  link length distribution (len:count):  3:655  4:51  5:49  6:4  25:2  26:10  27:206  29:3376  30:54458  31:556568  32:385380
  short unary avg len: 2.00
1974.464228,21.883573,365.827521
[PASSED]
[time 3.03 s, user 2.80 s, sys 0.22 s, maxrss 361728 KB]
[busy 317 jiffies]
[exit 0]
--- c2 case 2 rec 0   load 0.82 0.96 1.03
[TEST C2-MARISA]
Processing dataset...
Done!
Building trie...
trie size: 1.966455 MB
Done!
build time: 1029.516427 ms (1029.516427 ns per key)
space cost: 21.883573 MB (63.740525% of original size 34.332275 MB)
Querying trie...
Done!
total time: 371.136939 ms, avg latency: 371.136939 ns
topology: 0.650684 MB, link: 2.984713 MB, data: 18.227668 MB
--- Unary Path Analysis (Marisa, cutoff=3) ---
  branches: 1358149  |  single-char: 345387 (25.4%)  short-unary: 12003 (0.9%)  links: 1000759 (73.7%)
  link len: avg=31.30  max=32  total_chars=31325722
  link length distribution (len:count):  3:655  4:51  5:49  6:4  25:2  26:10  27:206  29:3376  30:54458  31:556568  32:385380
  short unary avg len: 2.00
1029.516427,21.883573,371.136939
[PASSED]
[time 2.10 s, user 1.92 s, sys 0.16 s, maxrss 313356 KB]
[busy 222 jiffies]
[exit 0]
--- c2 case 1 rec 2   load 0.75 0.95 1.02
[TEST C2-CoCo(LOUDS-Sparse)]
Processing dataset...
Done!
Building trie...
trie size: 4.445807 MB
Done!
build time: 2416.465399 ms (2416.465399 ns per key)
space cost: 21.333610 MB (62.138642% of original size 34.332275 MB)
Querying trie...
Done!
total time: 505.498738 ms, avg latency: 505.498738 ns
topology: 0.346375 MB, link: 3.293192 MB, data: 17.694043 MB
2416.465399,21.333610,505.498738
[PASSED]
[time 3.61 s, user 3.36 s, sys 0.23 s, maxrss 475032 KB]
[busy 376 jiffies]
[exit 0]
--- c2 case 1 rec 1   load 0.69 0.93 1.02
[TEST C2-CoCo(LOUDS-Sparse)]
Processing dataset...
Done!
Building trie...
trie size: 4.445807 MB
Done!
build time: 2427.617737 ms (2427.617737 ns per key)
space cost: 21.333610 MB (62.138642% of original size 34.332275 MB)
Querying trie...
Done!
total time: 502.301269 ms, avg latency: 502.301269 ns
topology: 0.346375 MB, link: 3.293192 MB, data: 17.694043 MB
2427.617737,21.333610,502.301269
[PASSED]
[time 3.62 s, user 3.36 s, sys 0.24 s, maxrss 474968 KB]
[busy 375 jiffies]
[exit 0]
--- c2 case 1 rec 0   load 0.64 0.91 1.01
[TEST C2-CoCo(LOUDS-Sparse)]
Processing dataset...
Done!
Building trie...
Done!
build time: 1474.620318 ms (1474.620318 ns per key)
space cost: 21.333610 MB (62.138642% of original size 34.332275 MB)
Querying trie...
Done!
total time: 500.236518 ms, avg latency: 500.236518 ns
topology: 0.346375 MB, link: 3.293192 MB, data: 17.694043 MB
1474.620318,21.333610,500.236518
[PASSED]
[time 2.66 s, user 2.42 s, sys 0.23 s, maxrss 431232 KB]
[busy 280 jiffies]
[exit 0]
--- c2 case 0 rec 2   load 0.64 0.91 1.01
[TEST C2-FST]
Processing dataset...
Done!
Building trie...
trie size: 4.445807 MB
Done!
build time: 2049.251273 ms (2049.251273 ns per key)
space cost: 22.510774 MB (65.567381% of original size 34.332275 MB)
Querying trie...
Done!
total time: 446.559276 ms, avg latency: 446.559276 ns
topology: 0.773712 MB, link: 3.131501 MB, data: 18.605560 MB
--- Unary Path Analysis (FST, cutoff=4) ---
  shared unary steps in main trie: 13682
  terminal suffixes: inplace=0 (avg len=0.00)  links=1000000 (100.0% of terminal)
  link len: avg=29.32  max=30  total_chars=29323284
  link length distribution (len:count):  24:2  25:10  26:206  28:3376  29:54458  30:556568  31:385380
2049.251273,22.510774,446.559276
[PASSED]
[time 3.18 s, user 2.99 s, sys 0.17 s, maxrss 362024 KB]
[busy 332 jiffies]
[exit 0]
--- c2 case 0 rec 1   load 0.67 0.92 1.01
[TEST C2-FST]
Processing dataset...
Done!
Building trie...
trie size: 4.445807 MB
Done!
build time: 2056.161629 ms (2056.161629 ns per key)
space cost: 22.510774 MB (65.567381% of original size 34.332275 MB)
Querying trie...
Done!
total time: 445.159094 ms, avg latency: 445.159094 ns
topology: 0.773712 MB, link: 3.131501 MB, data: 18.605560 MB
--- Unary Path Analysis (FST, cutoff=4) ---
  shared unary steps in main trie: 13682
  terminal suffixes: inplace=0 (avg len=0.00)  links=1000000 (100.0% of terminal)
  link len: avg=29.32  max=30  total_chars=29323284
  link length distribution (len:count):  24:2  25:10  26:206  28:3376  29:54458  30:556568  31:385380
2056.161629,22.510774,445.159094
[PASSED]
[time 3.19 s, user 2.98 s, sys 0.19 s, maxrss 361816 KB]
[busy 334 jiffies]
[exit 0]
--- c2 case 0 rec 0   load 0.69 0.92 1.01
[TEST C2-FST]
Processing dataset...
Done!
Building trie...
Done!
build time: 1112.409834 ms (1112.409834 ns per key)
space cost: 22.510774 MB (65.567381% of original size 34.332275 MB)
Querying trie...
Done!
total time: 443.457658 ms, avg latency: 443.457658 ns
topology: 0.773712 MB, link: 3.131501 MB, data: 18.605560 MB
--- Unary Path Analysis (FST, cutoff=4) ---
  shared unary steps in main trie: 13682
  terminal suffixes: inplace=0 (avg len=0.00)  links=1000000 (100.0% of terminal)
  link len: avg=29.32  max=30  total_chars=29323284
  link length distribution (len:count):  24:2  25:10  26:206  28:3376  29:54458  30:556568  31:385380
1112.409834,22.510774,443.457658
[PASSED]
[time 2.25 s, user 2.05 s, sys 0.18 s, maxrss 312328 KB]
[busy 235 jiffies]
[exit 0]
--- lexindex hashed16   load 0.64 0.90 1.00
1000000 keys
lexindex HashedDictIndex fp=16: build 318 ms, size 21.726 MiB (22.781 B/key), latency cold 71.2 ns, then mean 68.3 / min 68.0 ns
317.876,21.725836,71.212
[time 1.09 s, user 1.94 s, sys 0.36 s, maxrss 224436 KB]
[busy 249 jiffies]
[exit 0]
--- lexindex hashed8   load 0.64 0.90 1.00
1000000 keys
lexindex HashedDictIndex fp=8: build 318 ms, size 20.772 MiB (21.781 B/key), latency cold 68.8 ns, then mean 67.2 / min 66.9 ns
318.345,20.772161,68.764
[time 1.08 s, user 1.92 s, sys 0.38 s, maxrss 225248 KB]
[busy 247 jiffies]
[exit 0]
--- lexindex hashed0   load 0.64 0.90 1.00
1000000 keys
lexindex HashedDictIndex closed: build 314 ms, size 19.818 MiB (20.781 B/key), latency cold 59.7 ns, then mean 58.8 / min 58.0 ns
313.792,19.818487,59.708
[time 1.05 s, user 1.82 s, sys 0.42 s, maxrss 229068 KB]
[busy 240 jiffies]
[exit 0]
--- lexindex string   load 1.87 1.15 1.08
1000000 keys
lexindex StringIndex: build 2379 ms, size 35.389 MiB (37.108 B/key), latency cold 428.9 ns, then mean 426.7 / min 424.8 ns
2379.104,35.389391,428.926
[time 4.58 s, user 4.45 s, sys 0.11 s, maxrss 199256 KB]
[busy 483 jiffies]
[exit 0]
--- lexindex routed1024   load 1.80 1.15 1.08
1000000 keys
lexindex DictIndex block 1024 routed: build 213 ms, size 17.304 MiB (18.144 B/key), latency cold 359.5 ns, then mean 358.2 / min 354.7 ns
213.159,17.303509,359.487
[time 2.16 s, user 2.56 s, sys 0.20 s, maxrss 237432 KB]
[busy 294 jiffies]
[exit 0]
--- lexindex routed256   load 1.65 1.13 1.08
1000000 keys
lexindex DictIndex block 256 routed: build 221 ms, size 17.682 MiB (18.540 B/key), latency cold 349.5 ns, then mean 349.9 / min 346.1 ns
221.374,17.681571,349.484
[time 2.13 s, user 2.92 s, sys 0.38 s, maxrss 221284 KB]
[busy 352 jiffies]
[exit 0]
--- lexindex routed32   load 1.65 1.13 1.08
1000000 keys
lexindex DictIndex block 32 routed: build 217 ms, size 18.218 MiB (19.103 B/key), latency cold 384.2 ns, then mean 382.8 / min 376.5 ns
216.880,18.218188,384.225
[time 2.26 s, user 3.04 s, sys 0.38 s, maxrss 253708 KB]
[busy 364 jiffies]
[exit 0]
--- lexindex dict1024   load 1.60 1.13 1.08
1000000 keys
lexindex DictIndex block 1024: build 211 ms, size 17.065 MiB (17.894 B/key), latency cold 434.2 ns, then mean 431.4 / min 430.8 ns
211.224,17.064983,434.249
[time 2.45 s, user 2.84 s, sys 0.21 s, maxrss 237756 KB]
[busy 322 jiffies]
[exit 0]
--- lexindex dict256   load 1.47 1.11 1.07
1000000 keys
lexindex DictIndex block 256: build 217 ms, size 17.205 MiB (18.040 B/key), latency cold 409.5 ns, then mean 408.3 / min 406.8 ns
217.465,17.204642,409.456
[time 2.36 s, user 3.14 s, sys 0.38 s, maxrss 223564 KB]
[busy 373 jiffies]
[exit 0]
--- lexindex dict32   load 1.47 1.11 1.07
1000000 keys
lexindex DictIndex block 32: build 216 ms, size 17.741 MiB (18.603 B/key), latency cold 426.7 ns, then mean 421.6 / min 419.2 ns
215.528,17.741351,426.731
[time 2.41 s, user 3.22 s, sys 0.35 s, maxrss 253716 KB]
[busy 375 jiffies]
[exit 0]

##### urls-1000000 (1000000 lines, 53361181 bytes)   round 2/3   2026-09-24T12:46:42+03:00
--- xcdat 16   load 1.43 1.11 1.07
build time: 1136.191396 ms
space cost: 17.859698 MiB (35.765524% of original size 49.935513 MiB)
avg latency: 381.024530 ns
1136.191396,17.859698,381.024530
[time 2.33 s, user 2.15 s, sys 0.16 s, maxrss 231156 KB]
[busy 242 jiffies]
[exit 0]
--- xcdat 15   load 1.32 1.09 1.06
build time: 1168.287062 ms
space cost: 17.302892 MiB (34.650473% of original size 49.935513 MiB)
avg latency: 371.902116 ns
1168.287062,17.302892,371.902116
[time 2.35 s, user 2.18 s, sys 0.16 s, maxrss 231244 KB]
[busy 248 jiffies]
[exit 0]
--- xcdat 8   load 1.32 1.09 1.06
build time: 1131.885504 ms
space cost: 15.165496 MiB (30.370161% of original size 49.935513 MiB)
avg latency: 389.506289 ns
1131.885504,15.165496,389.506289
[time 2.32 s, user 2.15 s, sys 0.15 s, maxrss 231324 KB]
[busy 243 jiffies]
[exit 0]
--- xcdat 7   load 1.29 1.09 1.06
build time: 1167.393523 ms
space cost: 15.639350 MiB (31.319093% of original size 49.935513 MiB)
avg latency: 392.769091 ns
1167.393523,15.639350,392.769091
[time 2.36 s, user 2.16 s, sys 0.18 s, maxrss 231132 KB]
[busy 247 jiffies]
[exit 0]
--- c2 case 8 rec 0   load 1.19 1.07 1.06
[TEST CART]
Processing dataset...
Done!
Building trie...
Done!
build time: 362.483517 ms (362.483517 ns per key)
space cost: 15.060642 MB (30.160183% of original size 49.935513 MB)
Querying trie...
Done!
total time: 651.584559 ms, avg latency: 651.584559 ns
not implemented
362.483517,15.060642,651.584559
[PASSED]
[time 1.82 s, user 1.65 s, sys 0.17 s, maxrss 277996 KB]
[busy 195 jiffies]
[exit 0]
--- c2 case 7 rec 0   load 1.19 1.07 1.06
[TEST ART]
Processing dataset...
Done!
Building trie...
Done!
build time: 314.059245 ms (314.059245 ns per key)
space cost: 32.934517 MB (65.954097% of original size 49.935513 MB)
Querying trie...
Done!
total time: 614.546506 ms, avg latency: 614.546506 ns
not implemented
314.059245,32.934517,614.546506
[PASSED]
[time 1.75 s, user 1.59 s, sys 0.14 s, maxrss 290880 KB]
[busy 183 jiffies]
[exit 0]
--- c2 case 6 rec 0   load 1.17 1.07 1.06
[TEST PDT]
Processing dataset...
Done!
Building trie...
dict size: 156062, stream size: 7596722
Done!
build time: 3555.887225 ms (3555.887225 ns per key)
space cost: 8.669690 MB (17.361772% of original size 49.935513 MB)
Querying trie...
Done!
total time: 735.389891 ms, avg latency: 735.389891 ns
not implemented
3555.887225,8.669690,735.389891
[PASSED]
[time 5.08 s, user 4.87 s, sys 0.18 s, maxrss 299036 KB]
[busy 526 jiffies]
[exit 0]
--- c2 case 5 rec 2   load 1.16 1.07 1.06
[TEST MARISA]
Processing dataset...
Done!
Building trie...
Done!
build time: 1244.727473 ms (1244.727473 ns per key)
space cost: 8.005336 MB (16.031348% of original size 49.935513 MB)
Querying trie...
Done!
total time: 1002.652904 ms, avg latency: 1002.652904 ns
not implemented
1244.727473,8.005336,1002.652904
[PASSED]
[time 3.01 s, user 2.82 s, sys 0.17 s, maxrss 268120 KB]
[busy 317 jiffies]
[exit 0]
--- c2 case 5 rec 1   load 1.15 1.06 1.06
[TEST MARISA]
Processing dataset...
Done!
Building trie...
Done!
build time: 1190.488363 ms (1190.488363 ns per key)
space cost: 8.973619 MB (17.970414% of original size 49.935513 MB)
Querying trie...
Done!
total time: 873.270332 ms, avg latency: 873.270332 ns
not implemented
1190.488363,8.973619,873.270332
[PASSED]
[time 2.84 s, user 2.66 s, sys 0.17 s, maxrss 268012 KB]
[busy 295 jiffies]
[exit 0]
--- c2 case 5 rec 0   load 1.05 1.05 1.05
[TEST MARISA]
Processing dataset...
Done!
Building trie...
Done!
build time: 1015.539060 ms (1015.539060 ns per key)
space cost: 13.234698 MB (26.503579% of original size 49.935513 MB)
Querying trie...
Done!
total time: 583.694366 ms, avg latency: 583.694366 ns
not implemented
1015.539060,13.234698,583.694366
[PASSED]
[time 2.36 s, user 2.19 s, sys 0.15 s, maxrss 268000 KB]
[busy 248 jiffies]
[exit 0]
--- c2 case 4 rec 0   load 1.05 1.05 1.05
[TEST COCO]
Processing dataset...
Done!
Building trie...
num nodes = 618926, average depth = 10.757375
ef = 0.000126, pa = 0.112513, bv = 0.000294, de = 0.664175
efr = 0.000805, par = 0.102747, bvr = 0.000005, der = 0.119336
Done!
build time: 30841.826426 ms (30841.826426 ns per key)
space cost: 17.219774 MB (34.484023% of original size 49.935513 MB)
Querying trie...
Done!
total time: 1375.042787 ms, avg latency: 1375.042787 ns
not implemented
30841.826426,17.219774,1375.042787
[PASSED]
[time 34.12 s, user 27.41 s, sys 6.56 s, maxrss 15528324 KB]
[busy 3508 jiffies]
[exit 0]
--- c2 case 3 rec 0   load 1.03 1.04 1.05
[TEST FST]
Processing dataset...
Done!
Building trie...
Done!
build time: 1422.869445 ms (1422.869445 ns per key)
space cost: 12.952020 MB (25.937492% of original size 49.935513 MB)
Querying trie...
Done!
total time: 1205.711852 ms, avg latency: 1205.711852 ns
not implemented
1422.869445,12.952020,1205.711852
[PASSED]
[time 3.41 s, user 3.27 s, sys 0.12 s, maxrss 215188 KB]
[busy 357 jiffies]
[exit 0]
--- c2 case 2 rec 2   load 1.03 1.04 1.05
[TEST C2-MARISA]
Processing dataset...
Done!
Building trie...
trie size: 2.244002 MB
trie size: 3.864603 MB
trie size: 1.068947 MB
Done!
build time: 1729.397187 ms (1729.397187 ns per key)
space cost: 8.365690 MB (16.752987% of original size 49.935513 MB)
Querying trie...
Done!
total time: 714.386710 ms, avg latency: 714.386710 ns
topology: 1.410183 MB, link: 3.158367 MB, data: 3.776632 MB
--- Unary Path Analysis (Marisa, cutoff=3) ---
  branches: 1527762  |  single-char: 409800 (26.8%)  short-unary: 94203 (6.2%)  links: 1023759 (67.0%)
  link len: avg=12.97  max=598  total_chars=13282609
  link length distribution (len:count):  3:78091  4:83418  5:77115  6:71727  7:67342  8:60401  9:52007  10:48612  11:43341  12:39688  13:35797  14:31899  15:30173  16:27648  17:26857  18:22212  19:20563  20:21642  21:19617  22:17114  23:14842  24:13684  25:12695  26:11175  27:9829  28:8848  29:7935  30:7132  31:6445  32:5847  33:5055  34:4589  35:4148  36:3637  37:3382  38:3086  39:2567  40:2441  41:2168  42:1886  43:1827  44:1585  45:1405  46:1260  47:1016  48:995  49:861  50:844  51:650  52:616  53:486  54:450  55:392  56:393  57:345  58:266  59:265  60:240  61:230  62:219  63:185  64:166  65:151  66:119  67:125  68:158  69:131  70:105  71:94  72:74  73:75  74:77  75:68  76:66  77:74  78:40  79:49  80:44  81:45  82:43  83:48  84:36  85:31  86:35  87:40  88:19  89:24  90:15  91:18  92:31  93:24  94:20  95:16  96:16  97:16  98:12  99:16  100:14  101:17  102:16  103:2  104:18  105:4  106:3  107:10  108:11  109:9  110:19  111:13  112:7  113:6  114:5  115:3  116:8  117:5  118:6  119:8  120:10  121:11  122:9  123:10  124:8  125:9  126:7  127:5  128:7  129:18  130:5  131:4  132:10  133:3  134:4  135:4  136:4  137:4  138:4  140:2  141:3  142:2  143:2  144:4  145:7  146:1  147:5  148:5  149:1  150:4  151:4  153:1  154:6  155:3  156:1  157:2  158:1  159:1  160:1  162:2  163:1  164:2  165:1  166:1  167:1  168:3  169:3  171:1  175:1  178:2  181:3  183:2  184:1  185:2  189:1  190:3  191:1  192:1  193:1  194:1  195:1  196:2  200:1  203:2  205:2  207:1  208:1  210:2  212:1  214:1  216:2  220:1  221:1  223:1  225:1  226:1  227:1  230:1  234:1  237:1  239:2  241:1  242:1  247:1  248:1  250:1  253:1  255:1  257:1  261:1  265:1  272:1  312:1  338:1  384:1  507:1  598:1
  short unary avg len: 2.00
1729.397187,8.365690,714.386710
[PASSED]
[time 3.26 s, user 3.04 s, sys 0.20 s, maxrss 241940 KB]
[busy 342 jiffies]
[exit 0]
--- c2 case 2 rec 1   load 1.02 1.04 1.05
[TEST C2-MARISA]
Processing dataset...
Done!
Building trie...
trie size: 2.244002 MB
trie size: 3.864603 MB
Done!
build time: 1590.413522 ms (1590.413522 ns per key)
space cost: 8.779989 MB (17.582655% of original size 49.935513 MB)
Querying trie...
Done!
total time: 624.170171 ms, avg latency: 624.170171 ns
topology: 1.217873 MB, link: 3.069385 MB, data: 4.472224 MB
--- Unary Path Analysis (Marisa, cutoff=3) ---
  branches: 1527762  |  single-char: 409800 (26.8%)  short-unary: 94203 (6.2%)  links: 1023759 (67.0%)
  link len: avg=12.97  max=598  total_chars=13282609
  link length distribution (len:count):  3:78091  4:83418  5:77115  6:71727  7:67342  8:60401  9:52007  10:48612  11:43341  12:39688  13:35797  14:31899  15:30173  16:27648  17:26857  18:22212  19:20563  20:21642  21:19617  22:17114  23:14842  24:13684  25:12695  26:11175  27:9829  28:8848  29:7935  30:7132  31:6445  32:5847  33:5055  34:4589  35:4148  36:3637  37:3382  38:3086  39:2567  40:2441  41:2168  42:1886  43:1827  44:1585  45:1405  46:1260  47:1016  48:995  49:861  50:844  51:650  52:616  53:486  54:450  55:392  56:393  57:345  58:266  59:265  60:240  61:230  62:219  63:185  64:166  65:151  66:119  67:125  68:158  69:131  70:105  71:94  72:74  73:75  74:77  75:68  76:66  77:74  78:40  79:49  80:44  81:45  82:43  83:48  84:36  85:31  86:35  87:40  88:19  89:24  90:15  91:18  92:31  93:24  94:20  95:16  96:16  97:16  98:12  99:16  100:14  101:17  102:16  103:2  104:18  105:4  106:3  107:10  108:11  109:9  110:19  111:13  112:7  113:6  114:5  115:3  116:8  117:5  118:6  119:8  120:10  121:11  122:9  123:10  124:8  125:9  126:7  127:5  128:7  129:18  130:5  131:4  132:10  133:3  134:4  135:4  136:4  137:4  138:4  140:2  141:3  142:2  143:2  144:4  145:7  146:1  147:5  148:5  149:1  150:4  151:4  153:1  154:6  155:3  156:1  157:2  158:1  159:1  160:1  162:2  163:1  164:2  165:1  166:1  167:1  168:3  169:3  171:1  175:1  178:2  181:3  183:2  184:1  185:2  189:1  190:3  191:1  192:1  193:1  194:1  195:1  196:2  200:1  203:2  205:2  207:1  208:1  210:2  212:1  214:1  216:2  220:1  221:1  223:1  225:1  226:1  227:1  230:1  234:1  237:1  239:2  241:1  242:1  247:1  248:1  250:1  253:1  255:1  257:1  261:1  265:1  272:1  312:1  338:1  384:1  507:1  598:1
  short unary avg len: 2.00
1590.413522,8.779989,624.170171
[PASSED]
[time 3.01 s, user 2.80 s, sys 0.20 s, maxrss 242332 KB]
[busy 312 jiffies]
[exit 0]
--- c2 case 2 rec 0   load 1.02 1.04 1.05
[TEST C2-MARISA]
Processing dataset...
Done!
Building trie...
trie size: 2.244002 MB
Done!
build time: 1199.478208 ms (1199.478208 ns per key)
space cost: 10.960715 MB (21.949740% of original size 49.935513 MB)
Querying trie...
Done!
total time: 472.115452 ms, avg latency: 472.115452 ns
topology: 0.743214 MB, link: 2.809175 MB, data: 7.387818 MB
--- Unary Path Analysis (Marisa, cutoff=3) ---
  branches: 1527762  |  single-char: 409800 (26.8%)  short-unary: 94203 (6.2%)  links: 1023759 (67.0%)
  link len: avg=12.97  max=598  total_chars=13282609
  link length distribution (len:count):  3:78091  4:83418  5:77115  6:71727  7:67342  8:60401  9:52007  10:48612  11:43341  12:39688  13:35797  14:31899  15:30173  16:27648  17:26857  18:22212  19:20563  20:21642  21:19617  22:17114  23:14842  24:13684  25:12695  26:11175  27:9829  28:8848  29:7935  30:7132  31:6445  32:5847  33:5055  34:4589  35:4148  36:3637  37:3382  38:3086  39:2567  40:2441  41:2168  42:1886  43:1827  44:1585  45:1405  46:1260  47:1016  48:995  49:861  50:844  51:650  52:616  53:486  54:450  55:392  56:393  57:345  58:266  59:265  60:240  61:230  62:219  63:185  64:166  65:151  66:119  67:125  68:158  69:131  70:105  71:94  72:74  73:75  74:77  75:68  76:66  77:74  78:40  79:49  80:44  81:45  82:43  83:48  84:36  85:31  86:35  87:40  88:19  89:24  90:15  91:18  92:31  93:24  94:20  95:16  96:16  97:16  98:12  99:16  100:14  101:17  102:16  103:2  104:18  105:4  106:3  107:10  108:11  109:9  110:19  111:13  112:7  113:6  114:5  115:3  116:8  117:5  118:6  119:8  120:10  121:11  122:9  123:10  124:8  125:9  126:7  127:5  128:7  129:18  130:5  131:4  132:10  133:3  134:4  135:4  136:4  137:4  138:4  140:2  141:3  142:2  143:2  144:4  145:7  146:1  147:5  148:5  149:1  150:4  151:4  153:1  154:6  155:3  156:1  157:2  158:1  159:1  160:1  162:2  163:1  164:2  165:1  166:1  167:1  168:3  169:3  171:1  175:1  178:2  181:3  183:2  184:1  185:2  189:1  190:3  191:1  192:1  193:1  194:1  195:1  196:2  200:1  203:2  205:2  207:1  208:1  210:2  212:1  214:1  216:2  220:1  221:1  223:1  225:1  226:1  227:1  230:1  234:1  237:1  239:2  241:1  242:1  247:1  248:1  250:1  253:1  255:1  257:1  261:1  265:1  272:1  312:1  338:1  384:1  507:1  598:1
  short unary avg len: 2.00
1199.478208,10.960715,472.115452
[PASSED]
[time 2.45 s, user 2.26 s, sys 0.18 s, maxrss 246700 KB]
[busy 257 jiffies]
[exit 0]
--- c2 case 1 rec 2   load 0.94 1.02 1.04
[TEST C2-CoCo(LOUDS-Sparse)]
Processing dataset...
Done!
Building trie...
trie size: 3.124794 MB
trie size: 0.926831 MB
Done!
build time: 2980.318619 ms (2980.318619 ns per key)
space cost: 10.138867 MB (20.303920% of original size 49.935513 MB)
Querying trie...
Done!
total time: 1014.848914 ms, avg latency: 1014.848914 ns
topology: 0.827824 MB, link: 3.419642 MB, data: 5.891401 MB
2980.318619,10.138867,1014.848914
[PASSED]
[time 4.79 s, user 4.55 s, sys 0.22 s, maxrss 398148 KB]
[busy 498 jiffies]
[exit 0]
--- c2 case 1 rec 1   load 0.86 1.00 1.03
[TEST C2-CoCo(LOUDS-Sparse)]
Processing dataset...
Done!
Building trie...
trie size: 3.124794 MB
Done!
build time: 2837.030926 ms (2837.030926 ns per key)
space cost: 10.138867 MB (20.303920% of original size 49.935513 MB)
Querying trie...
Done!
total time: 1020.429560 ms, avg latency: 1020.429560 ns
topology: 0.827824 MB, link: 3.419642 MB, data: 5.891401 MB
2837.030926,10.138867,1020.429560
[PASSED]
[time 4.64 s, user 4.38 s, sys 0.24 s, maxrss 398184 KB]
[busy 479 jiffies]
[exit 0]
--- c2 case 1 rec 0   load 0.96 1.02 1.04
[TEST C2-CoCo(LOUDS-Sparse)]
Processing dataset...
Done!
Building trie...
Done!
build time: 2491.196657 ms (2491.196657 ns per key)
space cost: 12.005466 MB (24.041940% of original size 49.935513 MB)
Querying trie...
Done!
total time: 881.521709 ms, avg latency: 881.521709 ns
topology: 0.422745 MB, link: 3.209543 MB, data: 8.373178 MB
2491.196657,12.005466,881.521709
[PASSED]
[time 4.14 s, user 3.91 s, sys 0.21 s, maxrss 407772 KB]
[busy 428 jiffies]
[exit 0]
--- c2 case 0 rec 2   load 0.96 1.02 1.04
[TEST C2-FST]
Processing dataset...
Done!
Building trie...
trie size: 3.124794 MB
trie size: 0.926831 MB
Done!
build time: 1699.169111 ms (1699.169111 ns per key)
space cost: 9.773470 MB (19.572183% of original size 49.935513 MB)
Querying trie...
Done!
total time: 960.873760 ms, avg latency: 960.873760 ns
topology: 1.480076 MB, link: 2.557474 MB, data: 5.735920 MB
--- Unary Path Analysis (FST, cutoff=4) ---
  shared unary steps in main trie: 711966
  terminal suffixes: inplace=143732 (avg len=2.14)  links=800966 (84.8% of terminal)
  link len: avg=13.15  max=596  total_chars=10531952
  link length distribution (len:count):  4:63058  5:62039  6:59659  7:54131  8:47449  9:44821  10:40952  11:37727  12:34320  13:30594  14:29226  15:26885  16:26206  17:21450  18:19914  19:21120  20:19131  21:16702  22:14529  23:13405  24:12440  25:10970  26:9615  27:8669  28:7752  29:7002  30:6267  31:5704  32:4931  33:4493  34:4087  35:3562  36:3323  37:3007  38:2533  39:2401  40:2145  41:1856  42:1793  43:1565  44:1379  45:1246  46:1005  47:985  48:849  49:826  50:642  51:609  52:482  53:442  54:385  55:389  56:339  57:263  58:263  59:238  60:228  61:217  62:184  63:166  64:151  65:119  66:125  67:156  68:131  69:105  70:94  71:74  72:74  73:77  74:67  75:66  76:74  77:39  78:49  79:44  80:45  81:42  82:48  83:36  84:31  85:34  86:39  87:18  88:23  89:15  90:18  91:31  92:24  93:20  94:16  95:16  96:16  97:12  98:16  99:14  100:17  101:16  102:2  103:18  104:4  105:3  106:10  107:11  108:9  109:19  110:13  111:7  112:6  113:5  114:3  115:8  116:5  117:6  118:7  119:10  120:11  121:9  122:10  123:8  124:9  125:7  126:5  127:7  128:18  129:5  130:4  131:10  132:3  133:4  134:4  135:4  136:3  137:4  139:2  140:3  141:2  142:2  143:4  144:7  145:1  146:5  147:5  148:1  149:4  150:4  152:1  153:6  154:3  155:1  156:2  157:1  158:1  159:1  161:2  162:1  163:2  164:1  165:1  166:1  167:3  168:3  170:1  174:1  177:2  180:3  182:2  183:1  184:2  188:1  189:3  190:1  191:1  192:1  193:1  194:1  195:2  199:1  202:2  204:2  206:1  207:1  209:2  211:1  213:1  215:2  219:1  220:1  222:1  224:1  225:1  226:1  229:1  233:1  236:1  238:2  240:1  241:1  246:1  247:1  249:1  252:1  254:1  256:1  260:1  264:1  271:1  311:1  337:1  383:1  506:1  597:1
1699.169111,9.773470,960.873760
[PASSED]
[time 3.45 s, user 3.27 s, sys 0.16 s, maxrss 228492 KB]
[busy 361 jiffies]
[exit 0]
--- c2 case 0 rec 1   load 0.96 1.02 1.04
[TEST C2-FST]
Processing dataset...
Done!
Building trie...
trie size: 3.124794 MB
Done!
build time: 1560.338744 ms (1560.338744 ns per key)
space cost: 9.773470 MB (19.572183% of original size 49.935513 MB)
Querying trie...
Done!
total time: 976.657683 ms, avg latency: 976.657683 ns
topology: 1.480076 MB, link: 2.557474 MB, data: 5.735920 MB
--- Unary Path Analysis (FST, cutoff=4) ---
  shared unary steps in main trie: 711966
  terminal suffixes: inplace=143732 (avg len=2.14)  links=800966 (84.8% of terminal)
  link len: avg=13.15  max=596  total_chars=10531952
  link length distribution (len:count):  4:63058  5:62039  6:59659  7:54131  8:47449  9:44821  10:40952  11:37727  12:34320  13:30594  14:29226  15:26885  16:26206  17:21450  18:19914  19:21120  20:19131  21:16702  22:14529  23:13405  24:12440  25:10970  26:9615  27:8669  28:7752  29:7002  30:6267  31:5704  32:4931  33:4493  34:4087  35:3562  36:3323  37:3007  38:2533  39:2401  40:2145  41:1856  42:1793  43:1565  44:1379  45:1246  46:1005  47:985  48:849  49:826  50:642  51:609  52:482  53:442  54:385  55:389  56:339  57:263  58:263  59:238  60:228  61:217  62:184  63:166  64:151  65:119  66:125  67:156  68:131  69:105  70:94  71:74  72:74  73:77  74:67  75:66  76:74  77:39  78:49  79:44  80:45  81:42  82:48  83:36  84:31  85:34  86:39  87:18  88:23  89:15  90:18  91:31  92:24  93:20  94:16  95:16  96:16  97:12  98:16  99:14  100:17  101:16  102:2  103:18  104:4  105:3  106:10  107:11  108:9  109:19  110:13  111:7  112:6  113:5  114:3  115:8  116:5  117:6  118:7  119:10  120:11  121:9  122:10  123:8  124:9  125:7  126:5  127:7  128:18  129:5  130:4  131:10  132:3  133:4  134:4  135:4  136:3  137:4  139:2  140:3  141:2  142:2  143:4  144:7  145:1  146:5  147:5  148:1  149:4  150:4  152:1  153:6  154:3  155:1  156:2  157:1  158:1  159:1  161:2  162:1  163:2  164:1  165:1  166:1  167:3  168:3  170:1  174:1  177:2  180:3  182:2  183:1  184:2  188:1  189:3  190:1  191:1  192:1  193:1  194:1  195:2  199:1  202:2  204:2  206:1  207:1  209:2  211:1  213:1  215:2  219:1  220:1  222:1  224:1  225:1  226:1  229:1  233:1  236:1  238:2  240:1  241:1  246:1  247:1  249:1  252:1  254:1  256:1  260:1  264:1  271:1  311:1  337:1  383:1  506:1  597:1
1560.338744,9.773470,976.657683
[PASSED]
[time 3.34 s, user 3.14 s, sys 0.19 s, maxrss 228164 KB]
[busy 349 jiffies]
[exit 0]
--- c2 case 0 rec 0   load 0.89 1.00 1.03
[TEST C2-FST]
Processing dataset...
Done!
Building trie...
Done!
build time: 1217.263410 ms (1217.263410 ns per key)
space cost: 11.640069 MB (23.310202% of original size 49.935513 MB)
Querying trie...
Done!
total time: 816.688130 ms, avg latency: 816.688130 ns
topology: 1.074997 MB, link: 2.347375 MB, data: 8.217697 MB
--- Unary Path Analysis (FST, cutoff=4) ---
  shared unary steps in main trie: 711966
  terminal suffixes: inplace=143732 (avg len=2.14)  links=800966 (84.8% of terminal)
  link len: avg=13.15  max=596  total_chars=10531952
  link length distribution (len:count):  4:63058  5:62039  6:59659  7:54131  8:47449  9:44821  10:40952  11:37727  12:34320  13:30594  14:29226  15:26885  16:26206  17:21450  18:19914  19:21120  20:19131  21:16702  22:14529  23:13405  24:12440  25:10970  26:9615  27:8669  28:7752  29:7002  30:6267  31:5704  32:4931  33:4493  34:4087  35:3562  36:3323  37:3007  38:2533  39:2401  40:2145  41:1856  42:1793  43:1565  44:1379  45:1246  46:1005  47:985  48:849  49:826  50:642  51:609  52:482  53:442  54:385  55:389  56:339  57:263  58:263  59:238  60:228  61:217  62:184  63:166  64:151  65:119  66:125  67:156  68:131  69:105  70:94  71:74  72:74  73:77  74:67  75:66  76:74  77:39  78:49  79:44  80:45  81:42  82:48  83:36  84:31  85:34  86:39  87:18  88:23  89:15  90:18  91:31  92:24  93:20  94:16  95:16  96:16  97:12  98:16  99:14  100:17  101:16  102:2  103:18  104:4  105:3  106:10  107:11  108:9  109:19  110:13  111:7  112:6  113:5  114:3  115:8  116:5  117:6  118:7  119:10  120:11  121:9  122:10  123:8  124:9  125:7  126:5  127:7  128:18  129:5  130:4  131:10  132:3  133:4  134:4  135:4  136:3  137:4  139:2  140:3  141:2  142:2  143:4  144:7  145:1  146:5  147:5  148:1  149:4  150:4  152:1  153:6  154:3  155:1  156:2  157:1  158:1  159:1  161:2  162:1  163:2  164:1  165:1  166:1  167:3  168:3  170:1  174:1  177:2  180:3  182:2  183:1  184:2  188:1  189:3  190:1  191:1  192:1  193:1  194:1  195:2  199:1  202:2  204:2  206:1  207:1  209:2  211:1  213:1  215:2  219:1  220:1  222:1  224:1  225:1  226:1  229:1  233:1  236:1  238:2  240:1  241:1  246:1  247:1  249:1  252:1  254:1  256:1  260:1  264:1  271:1  311:1  337:1  383:1  506:1  597:1
1217.263410,11.640069,816.688130
[PASSED]
[time 2.83 s, user 2.65 s, sys 0.16 s, maxrss 231476 KB]
[busy 293 jiffies]
[exit 0]
--- lexindex hashed16   load 0.89 1.00 1.03
1000000 keys
lexindex HashedDictIndex fp=16: build 510 ms, size 11.684 MiB (12.251 B/key), latency cold 75.2 ns, then mean 73.6 / min 73.2 ns
510.410,11.683940,75.225
[time 1.40 s, user 3.87 s, sys 0.38 s, maxrss 326536 KB]
[busy 451 jiffies]
[exit 0]
--- lexindex hashed8   load 2.10 1.25 1.11
1000000 keys
lexindex HashedDictIndex fp=8: build 514 ms, size 10.730 MiB (11.251 B/key), latency cold 74.0 ns, then mean 72.1 / min 71.0 ns
514.153,10.730266,73.959
[time 1.40 s, user 3.91 s, sys 0.38 s, maxrss 324840 KB]
[busy 449 jiffies]
[exit 0]
--- lexindex hashed0   load 2.10 1.25 1.11
1000000 keys
lexindex HashedDictIndex closed: build 516 ms, size 9.777 MiB (10.251 B/key), latency cold 61.4 ns, then mean 60.4 / min 60.1 ns
515.660,9.776591,61.372
[time 1.35 s, user 3.88 s, sys 0.36 s, maxrss 324872 KB]
[busy 448 jiffies]
[exit 0]
--- lexindex string   load 2.01 1.24 1.11
1000000 keys
lexindex StringIndex: build 1120 ms, size 16.099 MiB (16.881 B/key), latency cold 435.7 ns, then mean 422.7 / min 419.9 ns
1120.360,16.099341,435.669
[time 3.41 s, user 3.28 s, sys 0.11 s, maxrss 220288 KB]
[busy 359 jiffies]
[exit 0]
--- lexindex routed1024   load 1.93 1.24 1.11
1000000 keys
lexindex DictIndex block 1024 routed: build 436 ms, size 7.173 MiB (7.521 B/key), latency cold 400.5 ns, then mean 401.2 / min 399.9 ns
436.073,7.172729,400.483
[time 2.64 s, user 4.23 s, sys 0.29 s, maxrss 331296 KB]
[busy 476 jiffies]
[exit 0]
--- lexindex routed256   load 1.93 1.24 1.11
1000000 keys
lexindex DictIndex block 256 routed: build 407 ms, size 7.640 MiB (8.011 B/key), latency cold 381.0 ns, then mean 376.4 / min 371.1 ns
406.575,7.640013,380.951
[time 2.52 s, user 5.01 s, sys 0.34 s, maxrss 320880 KB]
[busy 557 jiffies]
[exit 0]
--- lexindex routed32   load 1.85 1.24 1.11
1000000 keys
lexindex DictIndex block 32 routed: build 399 ms, size 8.891 MiB (9.323 B/key), latency cold 415.7 ns, then mean 413.2 / min 412.2 ns
398.550,8.891248,415.705
[time 2.65 s, user 5.06 s, sys 0.35 s, maxrss 323672 KB]
[busy 568 jiffies]
[exit 0]
--- lexindex dict1024   load 1.78 1.23 1.11
1000000 keys
lexindex DictIndex block 1024: build 437 ms, size 6.934 MiB (7.271 B/key), latency cold 504.6 ns, then mean 500.8 / min 498.5 ns
436.669,6.934203,504.645
[time 3.05 s, user 4.63 s, sys 0.28 s, maxrss 327176 KB]
[busy 514 jiffies]
[exit 0]
--- lexindex dict256   load 1.64 1.21 1.10
1000000 keys
lexindex DictIndex block 256: build 402 ms, size 7.163 MiB (7.511 B/key), latency cold 453.3 ns, then mean 445.5 / min 443.8 ns
402.325,7.163084,453.301
[time 2.79 s, user 5.28 s, sys 0.34 s, maxrss 320464 KB]
[busy 588 jiffies]
[exit 0]
--- lexindex dict32   load 1.64 1.21 1.10
1000000 keys
lexindex DictIndex block 32: build 394 ms, size 8.414 MiB (8.823 B/key), latency cold 440.7 ns, then mean 427.2 / min 425.4 ns
394.431,8.414411,440.717
[time 2.72 s, user 5.12 s, sys 0.35 s, maxrss 325164 KB]
[busy 574 jiffies]
[exit 0]

##### titles-zh-1000000 (1000000 lines, 17871822 bytes)   round 2/3   2026-09-24T12:49:13+03:00
--- xcdat 16   load 1.59 1.21 1.10
build time: 507.501722 ms
space cost: 13.463712 MiB (83.676351% of original size 16.090223 MiB)
avg latency: 208.641650 ns
507.501722,13.463712,208.641650
[time 1.24 s, user 1.13 s, sys 0.09 s, maxrss 149120 KB]
[busy 132 jiffies]
[exit 0]
--- xcdat 15   load 1.46 1.19 1.10
build time: 534.411142 ms
space cost: 12.949578 MiB (80.481035% of original size 16.090223 MiB)
avg latency: 191.678752 ns
534.411142,12.949578,191.678752
[time 1.23 s, user 1.12 s, sys 0.10 s, maxrss 148744 KB]
[busy 133 jiffies]
[exit 0]
--- xcdat 8   load 1.46 1.19 1.10
build time: 511.122215 ms
space cost: 11.129195 MiB (69.167438% of original size 16.090223 MiB)
avg latency: 213.093165 ns
511.122215,11.129195,213.093165
[time 1.23 s, user 1.12 s, sys 0.10 s, maxrss 147716 KB]
[busy 130 jiffies]
[exit 0]
--- xcdat 7   load 1.34 1.17 1.09
build time: 551.229036 ms
space cost: 11.666194 MiB (72.504860% of original size 16.090223 MiB)
avg latency: 228.791576 ns
551.229036,11.666194,228.791576
[time 1.28 s, user 1.16 s, sys 0.11 s, maxrss 148144 KB]
[busy 140 jiffies]
[exit 0]
--- c2 case 8 rec 0   load 1.34 1.17 1.09
[TEST CART]
Processing dataset...
Done!
Building trie...
Done!
build time: 185.246223 ms (185.246223 ns per key)
space cost: 15.100161 MB (93.846806% of original size 16.090223 MB)
Querying trie...
Done!
total time: 426.190388 ms, avg latency: 426.190388 ns
not implemented
185.246223,15.100161,426.190388
[PASSED]
[time 1.13 s, user 1.04 s, sys 0.08 s, maxrss 146580 KB]
[busy 119 jiffies]
[exit 0]
--- c2 case 7 rec 0   load 1.34 1.17 1.09
[TEST ART]
Processing dataset...
Done!
Building trie...
Done!
build time: 135.257563 ms (135.257563 ns per key)
space cost: 33.565483 MB (208.607938% of original size 16.090223 MB)
Querying trie...
Done!
total time: 354.108648 ms, avg latency: 354.108648 ns
not implemented
135.257563,33.565483,354.108648
[PASSED]
[time 0.99 s, user 0.89 s, sys 0.10 s, maxrss 155944 KB]
[busy 105 jiffies]
[exit 0]
--- c2 case 6 rec 0   load 1.32 1.16 1.09
[TEST PDT]
Processing dataset...
Done!
Building trie...
dict size: 161960, stream size: 6363323
Done!
build time: 3120.499964 ms (3120.499964 ns per key)
space cost: 7.499054 MB (46.606276% of original size 16.090223 MB)
Querying trie...
Done!
total time: 618.991659 ms, avg latency: 618.991659 ns
not implemented
3120.499964,7.499054,618.991659
[PASSED]
[time 4.23 s, user 4.11 s, sys 0.10 s, maxrss 166804 KB]
[busy 437 jiffies]
[exit 0]
--- c2 case 5 rec 2   load 1.29 1.16 1.09
[TEST MARISA]
Processing dataset...
Done!
Building trie...
Done!
build time: 675.692835 ms (675.692835 ns per key)
space cost: 6.233802 MB (38.742793% of original size 16.090223 MB)
Querying trie...
Done!
total time: 756.922626 ms, avg latency: 756.922626 ns
not implemented
675.692835,6.233802,756.922626
[PASSED]
[time 1.93 s, user 1.81 s, sys 0.10 s, maxrss 182356 KB]
[busy 203 jiffies]
[exit 0]
--- c2 case 5 rec 1   load 1.29 1.16 1.09
[TEST MARISA]
Processing dataset...
Done!
Building trie...
Done!
build time: 651.334289 ms (651.334289 ns per key)
space cost: 6.703102 MB (41.659472% of original size 16.090223 MB)
Querying trie...
Done!
total time: 672.649336 ms, avg latency: 672.649336 ns
not implemented
651.334289,6.703102,672.649336
[PASSED]
[time 1.83 s, user 1.69 s, sys 0.13 s, maxrss 182264 KB]
[busy 193 jiffies]
[exit 0]
--- c2 case 5 rec 0   load 1.27 1.16 1.09
[TEST MARISA]
Processing dataset...
Done!
Building trie...
Done!
build time: 535.321943 ms (535.321943 ns per key)
space cost: 9.064179 MB (56.333459% of original size 16.090223 MB)
Querying trie...
Done!
total time: 456.293148 ms, avg latency: 456.293148 ns
not implemented
535.321943,9.064179,456.293148
[PASSED]
[time 1.49 s, user 1.33 s, sys 0.15 s, maxrss 182264 KB]
[busy 158 jiffies]
[exit 0]
--- c2 case 4 rec 0   skipped: exit 134 in round 1
--- c2 case 3 rec 0   load 1.17 1.14 1.08
[TEST FST]
Processing dataset...
Done!
Building trie...
Done!
build time: 663.504520 ms (663.504520 ns per key)
space cost: 9.251146 MB (57.495450% of original size 16.090223 MB)
Querying trie...
Done!
total time: 601.855927 ms, avg latency: 601.855927 ns
not implemented
663.504520,9.251146,601.855927
[PASSED]
[time 1.76 s, user 1.68 s, sys 0.07 s, maxrss 110628 KB]
[busy 185 jiffies]
[exit 0]
--- c2 case 2 rec 2   load 1.17 1.14 1.08
[TEST C2-MARISA]
Processing dataset...
Done!
Building trie...
trie size: 2.376703 MB
trie size: 3.200656 MB
trie size: 0.643222 MB
Done!
build time: 996.962811 ms (996.962811 ns per key)
space cost: 7.215687 MB (44.845163% of original size 16.090223 MB)
Querying trie...
Done!
total time: 284.103841 ms, avg latency: 284.103841 ns
topology: 1.146584 MB, link: 2.476871 MB, data: 3.571725 MB
--- Unary Path Analysis (Marisa, cutoff=3) ---
  branches: 1581104  |  single-char: 512959 (32.4%)  short-unary: 177539 (11.2%)  links: 890606 (56.3%)
  link len: avg=9.57  max=221  total_chars=8521548
  link length distribution (len:count):  3:117743  4:70413  5:118917  6:85174  7:37680  8:75877  9:57977  10:30193  11:47337  12:41279  13:18765  14:27062  15:25994  16:13620  17:18901  18:18001  19:8082  20:11948  21:10483  22:5017  23:8072  24:6695  25:3249  26:5099  27:4017  28:2164  29:3054  30:2749  31:1341  32:2116  33:1821  34:942  35:1314  36:1256  37:587  38:865  39:798  40:341  41:600  42:486  43:231  44:401  45:290  46:126  47:187  48:184  49:84  50:123  51:115  52:56  53:77  54:82  55:43  56:74  57:60  58:29  59:35  60:27  61:10  62:32  63:19  64:19  65:20  66:11  67:19  68:16  69:13  70:6  71:14  72:16  73:6  74:9  75:5  76:5  77:7  78:5  79:2  80:17  81:2  82:7  83:8  84:7  85:3  86:7  87:7  88:3  89:3  90:2  91:4  92:3  93:3  94:1  95:1  96:4  97:5  98:1  99:4  102:2  103:1  104:1  105:1  107:2  108:1  113:2  114:1  116:1  117:1  121:1  122:1  123:1  125:1  131:1  139:1  149:1  152:1  156:2  185:1  189:1  205:1  221:1
  short unary avg len: 2.00
996.962811,7.215687,284.103841
[PASSED]
[time 1.77 s, user 1.60 s, sys 0.16 s, maxrss 216236 KB]
[busy 184 jiffies]
[exit 0]
--- c2 case 2 rec 1   load 1.07 1.12 1.08
[TEST C2-MARISA]
Processing dataset...
Done!
Building trie...
trie size: 2.376703 MB
trie size: 3.200656 MB
Done!
build time: 950.712184 ms (950.712184 ns per key)
space cost: 7.215687 MB (44.845163% of original size 16.090223 MB)
Querying trie...
Done!
total time: 284.658574 ms, avg latency: 284.658574 ns
topology: 1.146584 MB, link: 2.476871 MB, data: 3.571725 MB
--- Unary Path Analysis (Marisa, cutoff=3) ---
  branches: 1581104  |  single-char: 512959 (32.4%)  short-unary: 177539 (11.2%)  links: 890606 (56.3%)
  link len: avg=9.57  max=221  total_chars=8521548
  link length distribution (len:count):  3:117743  4:70413  5:118917  6:85174  7:37680  8:75877  9:57977  10:30193  11:47337  12:41279  13:18765  14:27062  15:25994  16:13620  17:18901  18:18001  19:8082  20:11948  21:10483  22:5017  23:8072  24:6695  25:3249  26:5099  27:4017  28:2164  29:3054  30:2749  31:1341  32:2116  33:1821  34:942  35:1314  36:1256  37:587  38:865  39:798  40:341  41:600  42:486  43:231  44:401  45:290  46:126  47:187  48:184  49:84  50:123  51:115  52:56  53:77  54:82  55:43  56:74  57:60  58:29  59:35  60:27  61:10  62:32  63:19  64:19  65:20  66:11  67:19  68:16  69:13  70:6  71:14  72:16  73:6  74:9  75:5  76:5  77:7  78:5  79:2  80:17  81:2  82:7  83:8  84:7  85:3  86:7  87:7  88:3  89:3  90:2  91:4  92:3  93:3  94:1  95:1  96:4  97:5  98:1  99:4  102:2  103:1  104:1  105:1  107:2  108:1  113:2  114:1  116:1  117:1  121:1  122:1  123:1  125:1  131:1  139:1  149:1  152:1  156:2  185:1  189:1  205:1  221:1
  short unary avg len: 2.00
950.712184,7.215687,284.658574
[PASSED]
[time 1.73 s, user 1.57 s, sys 0.14 s, maxrss 216548 KB]
[busy 184 jiffies]
[exit 0]
--- c2 case 2 rec 0   load 1.07 1.12 1.08
[TEST C2-MARISA]
Processing dataset...
Done!
Building trie...
trie size: 2.376703 MB
Done!
build time: 727.527826 ms (727.527826 ns per key)
space cost: 9.316646 MB (57.902525% of original size 16.090223 MB)
Querying trie...
Done!
total time: 326.860743 ms, avg latency: 326.860743 ns
topology: 0.787403 MB, link: 2.444094 MB, data: 6.064641 MB
--- Unary Path Analysis (Marisa, cutoff=3) ---
  branches: 1581104  |  single-char: 512959 (32.4%)  short-unary: 177539 (11.2%)  links: 890606 (56.3%)
  link len: avg=9.57  max=221  total_chars=8521548
  link length distribution (len:count):  3:117743  4:70413  5:118917  6:85174  7:37680  8:75877  9:57977  10:30193  11:47337  12:41279  13:18765  14:27062  15:25994  16:13620  17:18901  18:18001  19:8082  20:11948  21:10483  22:5017  23:8072  24:6695  25:3249  26:5099  27:4017  28:2164  29:3054  30:2749  31:1341  32:2116  33:1821  34:942  35:1314  36:1256  37:587  38:865  39:798  40:341  41:600  42:486  43:231  44:401  45:290  46:126  47:187  48:184  49:84  50:123  51:115  52:56  53:77  54:82  55:43  56:74  57:60  58:29  59:35  60:27  61:10  62:32  63:19  64:19  65:20  66:11  67:19  68:16  69:13  70:6  71:14  72:16  73:6  74:9  75:5  76:5  77:7  78:5  79:2  80:17  81:2  82:7  83:8  84:7  85:3  86:7  87:7  88:3  89:3  90:2  91:4  92:3  93:3  94:1  95:1  96:4  97:5  98:1  99:4  102:2  103:1  104:1  105:1  107:2  108:1  113:2  114:1  116:1  117:1  121:1  122:1  123:1  125:1  131:1  139:1  149:1  152:1  156:2  185:1  189:1  205:1  221:1
  short unary avg len: 2.00
727.527826,9.316646,326.860743
[PASSED]
[time 1.54 s, user 1.38 s, sys 0.15 s, maxrss 216388 KB]
[busy 162 jiffies]
[exit 0]
--- c2 case 1 rec 2   load 1.07 1.12 1.08
[TEST C2-CoCo(LOUDS-Sparse)]
Processing dataset...
Done!
Building trie...
trie size: 2.382156 MB
trie size: 0.519189 MB
Done!
build time: 1870.539769 ms (1870.539769 ns per key)
space cost: 8.575588 MB (53.296888% of original size 16.090223 MB)
Querying trie...
Done!
total time: 632.246258 ms, avg latency: 632.246258 ns
topology: 0.704411 MB, link: 2.913508 MB, data: 4.957669 MB
1870.539769,8.575588,632.246258
[PASSED]
[time 3.02 s, user 2.82 s, sys 0.19 s, maxrss 343440 KB]
[busy 317 jiffies]
[exit 0]
--- c2 case 1 rec 1   load 0.98 1.10 1.07
[TEST C2-CoCo(LOUDS-Sparse)]
Processing dataset...
Done!
Building trie...
trie size: 2.382156 MB
Done!
build time: 1795.003448 ms (1795.003448 ns per key)
space cost: 8.575588 MB (53.296888% of original size 16.090223 MB)
Querying trie...
Done!
total time: 631.178541 ms, avg latency: 631.178541 ns
topology: 0.704411 MB, link: 2.913508 MB, data: 4.957669 MB
1795.003448,8.575588,631.178541
[PASSED]
[time 2.93 s, user 2.71 s, sys 0.20 s, maxrss 343612 KB]
[busy 304 jiffies]
[exit 0]
--- c2 case 1 rec 0   load 0.98 1.10 1.07
[TEST C2-CoCo(LOUDS-Sparse)]
Processing dataset...
Done!
Building trie...
Done!
build time: 1637.739770 ms (1637.739770 ns per key)
space cost: 10.076944 MB (62.627748% of original size 16.090223 MB)
Querying trie...
Done!
total time: 620.090353 ms, avg latency: 620.090353 ns
topology: 0.428116 MB, link: 2.771456 MB, data: 6.877373 MB
1637.739770,10.076944,620.090353
[PASSED]
[time 2.74 s, user 2.53 s, sys 0.19 s, maxrss 343796 KB]
[busy 288 jiffies]
[exit 0]
--- c2 case 0 rec 2   load 0.98 1.10 1.07
[TEST C2-FST]
Processing dataset...
Done!
Building trie...
trie size: 2.382156 MB
trie size: 0.519189 MB
Done!
build time: 901.842777 ms (901.842777 ns per key)
space cost: 7.814046 MB (48.563937% of original size 16.090223 MB)
Querying trie...
Done!
total time: 430.737794 ms, avg latency: 430.737794 ns
topology: 1.289776 MB, link: 2.002253 MB, data: 4.522017 MB
--- Unary Path Analysis (FST, cutoff=4) ---
  shared unary steps in main trie: 533155
  terminal suffixes: inplace=237541 (avg len=1.85)  links=651614 (73.3% of terminal)
  link len: avg=9.49  max=219  total_chars=6184530
  link length distribution (len:count):  4:101787  5:75109  6:33236  7:70197  8:54797  9:28682  10:45020  11:39800  12:18111  13:26128  14:25316  15:13287  16:18412  17:17629  18:7811  19:11663  20:10322  21:4897  22:7909  23:6587  24:3201  25:5027  26:3953  27:2124  28:3009  29:2707  30:1318  31:2090  32:1807  33:932  34:1302  35:1246  36:576  37:856  38:792  39:335  40:596  41:485  42:228  43:398  44:289  45:126  46:187  47:184  48:83  49:123  50:115  51:56  52:76  53:79  54:43  55:73  56:58  57:28  58:35  59:27  60:9  61:32  62:19  63:18  64:20  65:11  66:19  67:16  68:13  69:6  70:14  71:16  72:6  73:9  74:5  75:5  76:7  77:5  78:2  79:17  80:2  81:7  82:8  83:7  84:3  85:7  86:7  87:3  88:3  89:2  90:4  91:3  92:3  93:1  94:1  95:3  96:5  97:1  98:4  101:2  102:1  103:1  104:1  106:2  107:1  112:2  113:1  115:1  116:1  120:1  121:1  122:1  124:1  130:1  138:1  148:1  151:1  155:2  184:1  188:1  204:1  220:1
901.842777,7.814046,430.737794
[PASSED]
[time 1.83 s, user 1.70 s, sys 0.12 s, maxrss 186128 KB]
[busy 193 jiffies]
[exit 0]
--- c2 case 0 rec 1   load 0.90 1.08 1.06
[TEST C2-FST]
Processing dataset...
Done!
Building trie...
trie size: 2.382156 MB
Done!
build time: 848.847856 ms (848.847856 ns per key)
space cost: 7.814046 MB (48.563937% of original size 16.090223 MB)
Querying trie...
Done!
total time: 435.579673 ms, avg latency: 435.579673 ns
topology: 1.289776 MB, link: 2.002253 MB, data: 4.522017 MB
--- Unary Path Analysis (FST, cutoff=4) ---
  shared unary steps in main trie: 533155
  terminal suffixes: inplace=237541 (avg len=1.85)  links=651614 (73.3% of terminal)
  link len: avg=9.49  max=219  total_chars=6184530
  link length distribution (len:count):  4:101787  5:75109  6:33236  7:70197  8:54797  9:28682  10:45020  11:39800  12:18111  13:26128  14:25316  15:13287  16:18412  17:17629  18:7811  19:11663  20:10322  21:4897  22:7909  23:6587  24:3201  25:5027  26:3953  27:2124  28:3009  29:2707  30:1318  31:2090  32:1807  33:932  34:1302  35:1246  36:576  37:856  38:792  39:335  40:596  41:485  42:228  43:398  44:289  45:126  46:187  47:184  48:83  49:123  50:115  51:56  52:76  53:79  54:43  55:73  56:58  57:28  58:35  59:27  60:9  61:32  62:19  63:18  64:20  65:11  66:19  67:16  68:13  69:6  70:14  71:16  72:6  73:9  74:5  75:5  76:7  77:5  78:2  79:17  80:2  81:7  82:8  83:7  84:3  85:7  86:7  87:3  88:3  89:2  90:4  91:3  92:3  93:1  94:1  95:3  96:5  97:1  98:4  101:2  102:1  103:1  104:1  106:2  107:1  112:2  113:1  115:1  116:1  120:1  121:1  122:1  124:1  130:1  138:1  148:1  151:1  155:2  184:1  188:1  204:1  220:1
848.847856,7.814046,435.579673
[PASSED]
[time 1.80 s, user 1.66 s, sys 0.12 s, maxrss 186056 KB]
[busy 188 jiffies]
[exit 0]
--- c2 case 0 rec 0   load 0.90 1.08 1.06
[TEST C2-FST]
Processing dataset...
Done!
Building trie...
Done!
build time: 651.905292 ms (651.905292 ns per key)
space cost: 9.315402 MB (57.894796% of original size 16.090223 MB)
Querying trie...
Done!
total time: 419.042865 ms, avg latency: 419.042865 ns
topology: 1.013481 MB, link: 1.860200 MB, data: 6.441721 MB
--- Unary Path Analysis (FST, cutoff=4) ---
  shared unary steps in main trie: 533155
  terminal suffixes: inplace=237541 (avg len=1.85)  links=651614 (73.3% of terminal)
  link len: avg=9.49  max=219  total_chars=6184530
  link length distribution (len:count):  4:101787  5:75109  6:33236  7:70197  8:54797  9:28682  10:45020  11:39800  12:18111  13:26128  14:25316  15:13287  16:18412  17:17629  18:7811  19:11663  20:10322  21:4897  22:7909  23:6587  24:3201  25:5027  26:3953  27:2124  28:3009  29:2707  30:1318  31:2090  32:1807  33:932  34:1302  35:1246  36:576  37:856  38:792  39:335  40:596  41:485  42:228  43:398  44:289  45:126  46:187  47:184  48:83  49:123  50:115  51:56  52:76  53:79  54:43  55:73  56:58  57:28  58:35  59:27  60:9  61:32  62:19  63:18  64:20  65:11  66:19  67:16  68:13  69:6  70:14  71:16  72:6  73:9  74:5  75:5  76:7  77:5  78:2  79:17  80:2  81:7  82:8  83:7  84:3  85:7  86:7  87:3  88:3  89:2  90:4  91:3  92:3  93:1  94:1  95:3  96:5  97:1  98:4  101:2  102:1  103:1  104:1  106:2  107:1  112:2  113:1  115:1  116:1  120:1  121:1  122:1  124:1  130:1  138:1  148:1  151:1  155:2  184:1  188:1  204:1  220:1
651.905292,9.315402,419.042865
[PASSED]
[time 1.56 s, user 1.44 s, sys 0.10 s, maxrss 186392 KB]
[busy 162 jiffies]
[exit 0]
--- lexindex hashed16   load 0.91 1.08 1.06
1000000 keys
lexindex HashedDictIndex fp=16: build 387 ms, size 10.101 MiB (10.592 B/key), latency cold 42.2 ns, then mean 39.6 / min 39.3 ns
387.328,10.101000,42.237
[time 1.06 s, user 2.54 s, sys 0.24 s, maxrss 264944 KB]
[busy 297 jiffies]
[exit 0]
--- lexindex hashed8   load 0.91 1.08 1.06
1000000 keys
lexindex HashedDictIndex fp=8: build 387 ms, size 9.147 MiB (9.592 B/key), latency cold 43.3 ns, then mean 38.8 / min 35.9 ns
387.355,9.147326,43.349
[time 1.07 s, user 2.52 s, sys 0.27 s, maxrss 265104 KB]
[busy 298 jiffies]
[exit 0]
--- lexindex hashed0   load 0.84 1.06 1.06
1000000 keys
lexindex HashedDictIndex closed: build 388 ms, size 8.194 MiB (8.592 B/key), latency cold 37.0 ns, then mean 34.2 / min 33.5 ns
387.767,8.193651,36.968
[time 1.03 s, user 2.48 s, sys 0.25 s, maxrss 265368 KB]
[busy 295 jiffies]
[exit 0]
--- lexindex string   load 0.84 1.06 1.06
1000000 keys
lexindex StringIndex: build 770 ms, size 16.712 MiB (17.523 B/key), latency cold 284.1 ns, then mean 280.2 / min 277.1 ns
769.902,16.711605,284.105
[time 2.40 s, user 2.29 s, sys 0.09 s, maxrss 152800 KB]
[busy 256 jiffies]
[exit 0]
--- lexindex routed1024   load 0.85 1.06 1.06
1000000 keys
lexindex DictIndex block 1024 routed: build 284 ms, size 5.662 MiB (5.937 B/key), latency cold 332.5 ns, then mean 325.0 / min 323.3 ns
284.264,5.661697,332.511
[time 2.11 s, user 2.93 s, sys 0.21 s, maxrss 244452 KB]
[busy 335 jiffies]
[exit 0]
--- lexindex routed256   load 0.85 1.06 1.06
1000000 keys
lexindex DictIndex block 256 routed: build 269 ms, size 6.057 MiB (6.351 B/key), latency cold 300.3 ns, then mean 292.8 / min 289.7 ns
268.887,6.057073,300.277
[time 1.97 s, user 3.37 s, sys 0.26 s, maxrss 263532 KB]
[busy 390 jiffies]
[exit 0]
--- lexindex routed32   load 0.86 1.06 1.06
1000000 keys
lexindex DictIndex block 32 routed: build 262 ms, size 6.299 MiB (6.605 B/key), latency cold 339.0 ns, then mean 330.8 / min 329.7 ns
262.481,6.299467,338.966
[time 2.10 s, user 3.41 s, sys 0.25 s, maxrss 260960 KB]
[busy 387 jiffies]
[exit 0]
--- lexindex dict1024   load 0.79 1.04 1.05
1000000 keys
lexindex DictIndex block 1024: build 287 ms, size 5.423 MiB (5.687 B/key), latency cold 454.0 ns, then mean 446.8 / min 443.1 ns
286.514,5.423172,454.030
[time 2.60 s, user 3.41 s, sys 0.22 s, maxrss 249652 KB]
[busy 389 jiffies]
[exit 0]
--- lexindex dict256   load 0.79 1.04 1.05
1000000 keys
lexindex DictIndex block 256: build 266 ms, size 5.580 MiB (5.851 B/key), latency cold 378.5 ns, then mean 370.4 / min 367.9 ns
266.331,5.580144,378.543
[time 2.27 s, user 3.68 s, sys 0.25 s, maxrss 261936 KB]
[busy 420 jiffies]
[exit 0]
--- lexindex dict32   load 0.81 1.04 1.05
1000000 keys
lexindex DictIndex block 32: build 265 ms, size 5.823 MiB (6.105 B/key), latency cold 361.9 ns, then mean 359.3 / min 355.6 ns
265.490,5.822630,361.903
[time 2.22 s, user 3.59 s, sys 0.25 s, maxrss 259468 KB]
[busy 407 jiffies]
[exit 0]

##### titles-ru-1000000 (1000000 lines, 36819661 bytes)   round 2/3   2026-09-24T12:50:40+03:00
--- xcdat 16   load 0.75 1.02 1.04
build time: 779.332630 ms
space cost: 22.860906 MiB (66.922456% of original size 34.160291 MiB)
avg latency: 375.242243 ns
779.332630,22.860906,375.242243
[time 1.88 s, user 1.71 s, sys 0.16 s, maxrss 213288 KB]
[busy 199 jiffies]
[exit 0]
--- xcdat 15   load 0.75 1.02 1.04
build time: 820.073251 ms
space cost: 22.013930 MiB (64.443041% of original size 34.160291 MiB)
avg latency: 365.518830 ns
820.073251,22.013930,365.518830
[time 1.91 s, user 1.74 s, sys 0.16 s, maxrss 213448 KB]
[busy 200 jiffies]
[exit 0]
--- xcdat 8   load 0.77 1.02 1.04
build time: 774.523082 ms
space cost: 18.486019 MiB (54.115521% of original size 34.160291 MiB)
avg latency: 381.751807 ns
774.523082,18.486019,381.751807
[time 1.88 s, user 1.72 s, sys 0.15 s, maxrss 207212 KB]
[busy 198 jiffies]
[exit 0]
--- xcdat 7   load 0.77 1.02 1.04
build time: 830.176007 ms
space cost: 18.793670 MiB (55.016129% of original size 34.160291 MiB)
avg latency: 394.382162 ns
830.176007,18.793670,394.382162
[time 1.94 s, user 1.76 s, sys 0.16 s, maxrss 207400 KB]
[busy 204 jiffies]
[exit 0]
--- c2 case 8 rec 0   load 0.79 1.02 1.04
[TEST CART]
Processing dataset...
Done!
Building trie...
Done!
build time: 298.311421 ms (298.311421 ns per key)
space cost: 17.935776 MB (52.504752% of original size 34.160291 MB)
Querying trie...
Done!
total time: 662.100040 ms, avg latency: 662.100040 ns
not implemented
298.311421,17.935776,662.100040
[PASSED]
[time 1.71 s, user 1.57 s, sys 0.13 s, maxrss 228628 KB]
[busy 180 jiffies]
[exit 0]
--- c2 case 7 rec 0   load 0.79 1.02 1.04
[TEST ART]
Processing dataset...
Done!
Building trie...
Done!
build time: 234.181886 ms (234.181886 ns per key)
space cost: 37.032776 MB (108.408843% of original size 34.160291 MB)
Querying trie...
Done!
total time: 595.570425 ms, avg latency: 595.570425 ns
not implemented
234.181886,37.032776,595.570425
[PASSED]
[time 1.57 s, user 1.42 s, sys 0.13 s, maxrss 239080 KB]
[busy 167 jiffies]
[exit 0]
--- c2 case 6 rec 0   load 0.80 1.02 1.04
[TEST PDT]
Processing dataset...
Done!
Building trie...
dict size: 149058, stream size: 8676288
Done!
build time: 2759.699311 ms (2759.699311 ns per key)
space cost: 9.692565 MB (28.373778% of original size 34.160291 MB)
Querying trie...
Done!
total time: 783.105269 ms, avg latency: 783.105269 ns
not implemented
2759.699311,9.692565,783.105269
[PASSED]
[time 4.26 s, user 4.05 s, sys 0.19 s, maxrss 238008 KB]
[busy 445 jiffies]
[exit 0]
--- c2 case 5 rec 2   load 0.82 1.02 1.04
[TEST MARISA]
Processing dataset...
Done!
Building trie...
Done!
build time: 1003.026657 ms (1003.026657 ns per key)
space cost: 8.209226 MB (24.031487% of original size 34.160291 MB)
Querying trie...
Done!
total time: 1229.243264 ms, avg latency: 1229.243264 ns
not implemented
1003.026657,8.209226,1229.243264
[PASSED]
[time 2.93 s, user 2.77 s, sys 0.14 s, maxrss 231240 KB]
[busy 306 jiffies]
[exit 0]
--- c2 case 5 rec 1   load 0.83 1.02 1.04
[TEST MARISA]
Processing dataset...
Done!
Building trie...
Done!
build time: 951.493673 ms (951.493673 ns per key)
space cost: 9.445531 MB (27.650616% of original size 34.160291 MB)
Querying trie...
Done!
total time: 1074.616541 ms, avg latency: 1074.616541 ns
not implemented
951.493673,9.445531,1074.616541
[PASSED]
[time 2.73 s, user 2.56 s, sys 0.16 s, maxrss 231324 KB]
[busy 284 jiffies]
[exit 0]
--- c2 case 5 rec 0   load 0.77 1.00 1.04
[TEST MARISA]
Processing dataset...
Done!
Building trie...
Done!
build time: 760.131566 ms (760.131566 ns per key)
space cost: 14.925114 MB (43.691413% of original size 34.160291 MB)
Querying trie...
Done!
total time: 689.195320 ms, avg latency: 689.195320 ns
not implemented
760.131566,14.925114,689.195320
[PASSED]
[time 2.17 s, user 2.00 s, sys 0.16 s, maxrss 231276 KB]
[busy 233 jiffies]
[exit 0]
--- c2 case 4 rec 0   skipped: exit 134 in round 1
--- c2 case 3 rec 0   load 0.77 1.00 1.04
[TEST FST]
Processing dataset...
Done!
Building trie...
Done!
build time: 1147.278020 ms (1147.278020 ns per key)
space cost: 15.406425 MB (45.100393% of original size 34.160291 MB)
Querying trie...
Done!
total time: 1212.342223 ms, avg latency: 1212.342223 ns
not implemented
1147.278020,15.406425,1212.342223
[PASSED]
[time 3.07 s, user 2.96 s, sys 0.09 s, maxrss 177252 KB]
[busy 319 jiffies]
[exit 0]
--- c2 case 2 rec 2   load 0.79 1.00 1.03
[TEST C2-MARISA]
Processing dataset...
Done!
Building trie...
trie size: 2.484302 MB
trie size: 4.015308 MB
trie size: 1.015766 MB
Done!
build time: 1776.881121 ms (1776.881121 ns per key)
space cost: 8.714260 MB (25.509912% of original size 34.160291 MB)
Querying trie...
Done!
total time: 397.007837 ms, avg latency: 397.007837 ns
topology: 1.481594 MB, link: 3.266720 MB, data: 3.945438 MB
--- Unary Path Analysis (Marisa, cutoff=3) ---
  branches: 1657128  |  single-char: 447774 (27.0%)  short-unary: 128432 (7.8%)  links: 1080922 (65.2%)
  link len: avg=17.77  max=240  total_chars=19212544
  link length distribution (len:count):  3:87321  4:48292  5:58975  6:36358  7:58121  8:33015  9:59626  10:32247  11:55687  12:30072  13:49121  14:27545  15:39628  16:26319  17:32373  18:20972  19:27510  20:17247  21:17760  22:15297  23:13707  24:14933  25:12396  26:15583  27:11863  28:17395  29:11704  30:17896  31:12395  32:17216  33:11862  34:15819  35:11459  36:13046  37:10194  38:10344  39:8104  40:8139  41:6769  42:6000  43:5033  44:5077  45:3963  46:3720  47:3456  48:2871  49:2663  50:2321  51:2168  52:1981  53:1813  54:1693  55:1597  56:1488  57:1344  58:1172  59:1122  60:1025  61:904  62:871  63:814  64:834  65:767  66:626  67:663  68:607  69:568  70:524  71:545  72:489  73:428  74:436  75:441  76:375  77:319  78:357  79:299  80:304  81:282  82:274  83:213  84:203  85:208  86:189  87:193  88:179  89:159  90:153  91:146  92:153  93:110  94:115  95:107  96:113  97:98  98:81  99:92  100:91  101:100  102:69  103:62  104:60  105:53  106:53  107:55  108:63  109:50  110:63  111:44  112:45  113:43  114:49  115:38  116:32  117:45  118:31  119:36  120:28  121:37  122:28  123:24  124:20  125:19  126:32  127:29  128:26  129:15  130:19  131:30  132:11  133:22  134:9  135:11  136:14  137:18  138:15  139:6  140:8  141:14  142:16  143:8  144:10  145:14  146:12  147:8  148:11  149:7  150:9  151:6  152:12  153:9  154:13  155:7  156:5  157:6  158:3  159:8  160:4  161:7  162:11  163:6  164:11  165:3  166:5  167:7  168:4  169:5  170:6  171:3  172:4  173:3  174:9  175:4  176:1  177:4  178:5  179:7  180:4  181:4  182:2  183:6  184:7  185:4  186:2  187:3  188:2  189:2  191:1  192:1  193:3  194:3  195:2  197:2  198:2  199:4  201:1  203:1  206:2  208:2  209:1  211:2  213:2  214:1  218:2  219:2  221:1  223:1  229:2  235:1  240:1
  short unary avg len: 2.00
1776.881121,8.714260,397.007837
[PASSED]
[time 2.88 s, user 2.71 s, sys 0.15 s, maxrss 227400 KB]
[busy 300 jiffies]
[exit 0]
--- c2 case 2 rec 1   load 0.88 1.02 1.04
[TEST C2-MARISA]
Processing dataset...
Done!
Building trie...
trie size: 2.484302 MB
trie size: 4.015308 MB
Done!
build time: 1637.297419 ms (1637.297419 ns per key)
space cost: 9.221785 MB (26.995627% of original size 34.160291 MB)
Querying trie...
Done!
total time: 387.457238 ms, avg latency: 387.457238 ns
topology: 1.302711 MB, link: 3.189349 MB, data: 4.709216 MB
--- Unary Path Analysis (Marisa, cutoff=3) ---
  branches: 1657128  |  single-char: 447774 (27.0%)  short-unary: 128432 (7.8%)  links: 1080922 (65.2%)
  link len: avg=17.77  max=240  total_chars=19212544
  link length distribution (len:count):  3:87321  4:48292  5:58975  6:36358  7:58121  8:33015  9:59626  10:32247  11:55687  12:30072  13:49121  14:27545  15:39628  16:26319  17:32373  18:20972  19:27510  20:17247  21:17760  22:15297  23:13707  24:14933  25:12396  26:15583  27:11863  28:17395  29:11704  30:17896  31:12395  32:17216  33:11862  34:15819  35:11459  36:13046  37:10194  38:10344  39:8104  40:8139  41:6769  42:6000  43:5033  44:5077  45:3963  46:3720  47:3456  48:2871  49:2663  50:2321  51:2168  52:1981  53:1813  54:1693  55:1597  56:1488  57:1344  58:1172  59:1122  60:1025  61:904  62:871  63:814  64:834  65:767  66:626  67:663  68:607  69:568  70:524  71:545  72:489  73:428  74:436  75:441  76:375  77:319  78:357  79:299  80:304  81:282  82:274  83:213  84:203  85:208  86:189  87:193  88:179  89:159  90:153  91:146  92:153  93:110  94:115  95:107  96:113  97:98  98:81  99:92  100:91  101:100  102:69  103:62  104:60  105:53  106:53  107:55  108:63  109:50  110:63  111:44  112:45  113:43  114:49  115:38  116:32  117:45  118:31  119:36  120:28  121:37  122:28  123:24  124:20  125:19  126:32  127:29  128:26  129:15  130:19  131:30  132:11  133:22  134:9  135:11  136:14  137:18  138:15  139:6  140:8  141:14  142:16  143:8  144:10  145:14  146:12  147:8  148:11  149:7  150:9  151:6  152:12  153:9  154:13  155:7  156:5  157:6  158:3  159:8  160:4  161:7  162:11  163:6  164:11  165:3  166:5  167:7  168:4  169:5  170:6  171:3  172:4  173:3  174:9  175:4  176:1  177:4  178:5  179:7  180:4  181:4  182:2  183:6  184:7  185:4  186:2  187:3  188:2  189:2  191:1  192:1  193:3  194:3  195:2  197:2  198:2  199:4  201:1  203:1  206:2  208:2  209:1  211:2  213:2  214:1  218:2  219:2  221:1  223:1  229:2  235:1  240:1
  short unary avg len: 2.00
1637.297419,9.221785,387.457238
[PASSED]
[time 2.75 s, user 2.57 s, sys 0.16 s, maxrss 227352 KB]
[busy 287 jiffies]
[exit 0]
--- c2 case 2 rec 0   load 0.81 1.00 1.03
[TEST C2-MARISA]
Processing dataset...
Done!
Building trie...
trie size: 2.484302 MB
Done!
build time: 1217.547675 ms (1217.547675 ns per key)
space cost: 12.012337 MB (35.164621% of original size 34.160291 MB)
Querying trie...
Done!
total time: 518.091423 ms, avg latency: 518.091423 ns
topology: 0.823292 MB, link: 2.965906 MB, data: 8.202631 MB
--- Unary Path Analysis (Marisa, cutoff=3) ---
  branches: 1657128  |  single-char: 447774 (27.0%)  short-unary: 128432 (7.8%)  links: 1080922 (65.2%)
  link len: avg=17.77  max=240  total_chars=19212544
  link length distribution (len:count):  3:87321  4:48292  5:58975  6:36358  7:58121  8:33015  9:59626  10:32247  11:55687  12:30072  13:49121  14:27545  15:39628  16:26319  17:32373  18:20972  19:27510  20:17247  21:17760  22:15297  23:13707  24:14933  25:12396  26:15583  27:11863  28:17395  29:11704  30:17896  31:12395  32:17216  33:11862  34:15819  35:11459  36:13046  37:10194  38:10344  39:8104  40:8139  41:6769  42:6000  43:5033  44:5077  45:3963  46:3720  47:3456  48:2871  49:2663  50:2321  51:2168  52:1981  53:1813  54:1693  55:1597  56:1488  57:1344  58:1172  59:1122  60:1025  61:904  62:871  63:814  64:834  65:767  66:626  67:663  68:607  69:568  70:524  71:545  72:489  73:428  74:436  75:441  76:375  77:319  78:357  79:299  80:304  81:282  82:274  83:213  84:203  85:208  86:189  87:193  88:179  89:159  90:153  91:146  92:153  93:110  94:115  95:107  96:113  97:98  98:81  99:92  100:91  101:100  102:69  103:62  104:60  105:53  106:53  107:55  108:63  109:50  110:63  111:44  112:45  113:43  114:49  115:38  116:32  117:45  118:31  119:36  120:28  121:37  122:28  123:24  124:20  125:19  126:32  127:29  128:26  129:15  130:19  131:30  132:11  133:22  134:9  135:11  136:14  137:18  138:15  139:6  140:8  141:14  142:16  143:8  144:10  145:14  146:12  147:8  148:11  149:7  150:9  151:6  152:12  153:9  154:13  155:7  156:5  157:6  158:3  159:8  160:4  161:7  162:11  163:6  164:11  165:3  166:5  167:7  168:4  169:5  170:6  171:3  172:4  173:3  174:9  175:4  176:1  177:4  178:5  179:7  180:4  181:4  182:2  183:6  184:7  185:4  186:2  187:3  188:2  189:2  191:1  192:1  193:3  194:3  195:2  197:2  198:2  199:4  201:1  203:1  206:2  208:2  209:1  211:2  213:2  214:1  218:2  219:2  221:1  223:1  229:2  235:1  240:1
  short unary avg len: 2.00
1217.547675,12.012337,518.091423
[PASSED]
[time 2.44 s, user 2.27 s, sys 0.16 s, maxrss 243604 KB]
[busy 254 jiffies]
[exit 0]
--- c2 case 1 rec 2   load 0.81 1.00 1.03
[TEST C2-CoCo(LOUDS-Sparse)]
Processing dataset...
Done!
Building trie...
trie size: 3.233313 MB
trie size: 0.910584 MB
Done!
build time: 4009.468037 ms (4009.468037 ns per key)
space cost: 12.113895 MB (35.461921% of original size 34.160291 MB)
Querying trie...
Done!
total time: 1028.062255 ms, avg latency: 1028.062255 ns
topology: 0.884426 MB, link: 4.023585 MB, data: 7.205884 MB
4009.468037,12.113895,1028.062255
[PASSED]
[time 5.75 s, user 5.50 s, sys 0.22 s, maxrss 432196 KB]
[busy 594 jiffies]
[exit 0]
--- c2 case 1 rec 1   load 0.76 0.98 1.03
[TEST C2-CoCo(LOUDS-Sparse)]
Processing dataset...
Done!
Building trie...
trie size: 3.233313 MB
Done!
build time: 3897.645895 ms (3897.645895 ns per key)
space cost: 12.113895 MB (35.461921% of original size 34.160291 MB)
Querying trie...
Done!
total time: 1066.111940 ms, avg latency: 1066.111940 ns
topology: 0.884426 MB, link: 4.023585 MB, data: 7.205884 MB
3897.645895,12.113895,1066.111940
[PASSED]
[time 5.67 s, user 5.40 s, sys 0.24 s, maxrss 432808 KB]
[busy 589 jiffies]
[exit 0]
--- c2 case 1 rec 0   load 0.78 0.98 1.03
[TEST C2-CoCo(LOUDS-Sparse)]
Processing dataset...
Done!
Building trie...
Done!
build time: 3474.034234 ms (3474.034234 ns per key)
space cost: 14.618523 MB (42.793905% of original size 34.160291 MB)
Querying trie...
Done!
total time: 997.982146 ms, avg latency: 997.982146 ns
topology: 0.472511 MB, link: 3.816133 MB, data: 10.329878 MB
3474.034234,14.618523,997.982146
[PASSED]
[time 5.18 s, user 4.91 s, sys 0.25 s, maxrss 445616 KB]
[busy 537 jiffies]
[exit 0]
--- c2 case 0 rec 2   load 0.80 0.98 1.03
[TEST C2-FST]
Processing dataset...
Done!
Building trie...
trie size: 3.233313 MB
trie size: 0.910584 MB
Done!
build time: 1792.222862 ms (1792.222862 ns per key)
space cost: 10.950089 MB (32.055021% of original size 34.160291 MB)
Querying trie...
Done!
total time: 739.687617 ms, avg latency: 739.687617 ns
topology: 1.728611 MB, link: 2.656099 MB, data: 6.565378 MB
--- Unary Path Analysis (FST, cutoff=4) ---
  shared unary steps in main trie: 1444849
  terminal suffixes: inplace=70261 (avg len=2.02)  links=837902 (92.3% of terminal)
  link len: avg=18.90  max=238  total_chars=15835418
  link length distribution (len:count):  4:38002  5:25136  6:46678  7:25626  8:51081  9:27061  10:49555  11:26346  12:44099  13:24737  14:35638  15:24081  16:29538  17:19279  18:25434  19:16078  20:16463  21:14405  22:12877  23:14367  24:11738  25:15079  26:11391  27:16946  28:11354  29:17411  30:12058  31:16873  32:11600  33:15555  34:11210  35:12790  36:9994  37:10106  38:7923  39:7962  40:6648  41:5829  42:4930  43:4945  44:3895  45:3528  46:3382  47:2749  48:2598  49:2269  50:2117  51:1901  52:1753  53:1665  54:1553  55:1449  56:1305  57:1145  58:1092  59:1004  60:875  61:848  62:788  63:815  64:741  65:605  66:640  67:594  68:554  69:512  70:530  71:482  72:415  73:428  74:424  75:368  76:310  77:349  78:289  79:299  80:274  81:267  82:209  83:198  84:204  85:187  86:188  87:169  88:154  89:148  90:143  91:149  92:108  93:110  94:105  95:111  96:95  97:79  98:91  99:85  100:98  101:68  102:61  103:57  104:50  105:52  106:54  107:61  108:50  109:62  110:44  111:43  112:42  113:44  114:37  115:29  116:42  117:29  118:35  119:28  120:37  121:28  122:24  123:19  124:19  125:31  126:29  127:26  128:15  129:19  130:30  131:11  132:22  133:9  134:11  135:14  136:17  137:15  138:6  139:7  140:14  141:16  142:8  143:9  144:14  145:12  146:8  147:11  148:7  149:9  150:6  151:12  152:9  153:13  154:7  155:5  156:6  157:3  158:8  159:4  160:7  161:11  162:5  163:11  164:3  165:5  166:7  167:4  168:4  169:6  170:3  171:4  172:3  173:9  174:4  175:1  176:4  177:5  178:6  179:4  180:4  181:2  182:6  183:7  184:4  185:2  186:3  187:2  188:2  190:1  191:1  192:3  193:3  194:2  196:2  197:2  198:4  200:1  202:1  205:2  207:2  208:1  210:2  212:2  213:1  217:2  218:2  220:1  222:1  228:2  234:1  239:1
1792.222862,10.950089,739.687617
[PASSED]
[time 3.25 s, user 3.09 s, sys 0.14 s, maxrss 215304 KB]
[busy 339 jiffies]
[exit 0]
--- c2 case 0 rec 1   load 0.89 1.00 1.03
[TEST C2-FST]
Processing dataset...
Done!
Building trie...
trie size: 3.233313 MB
Done!
build time: 1676.933244 ms (1676.933244 ns per key)
space cost: 10.950089 MB (32.055021% of original size 34.160291 MB)
Querying trie...
Done!
total time: 745.258225 ms, avg latency: 745.258225 ns
topology: 1.728611 MB, link: 2.656099 MB, data: 6.565378 MB
--- Unary Path Analysis (FST, cutoff=4) ---
  shared unary steps in main trie: 1444849
  terminal suffixes: inplace=70261 (avg len=2.02)  links=837902 (92.3% of terminal)
  link len: avg=18.90  max=238  total_chars=15835418
  link length distribution (len:count):  4:38002  5:25136  6:46678  7:25626  8:51081  9:27061  10:49555  11:26346  12:44099  13:24737  14:35638  15:24081  16:29538  17:19279  18:25434  19:16078  20:16463  21:14405  22:12877  23:14367  24:11738  25:15079  26:11391  27:16946  28:11354  29:17411  30:12058  31:16873  32:11600  33:15555  34:11210  35:12790  36:9994  37:10106  38:7923  39:7962  40:6648  41:5829  42:4930  43:4945  44:3895  45:3528  46:3382  47:2749  48:2598  49:2269  50:2117  51:1901  52:1753  53:1665  54:1553  55:1449  56:1305  57:1145  58:1092  59:1004  60:875  61:848  62:788  63:815  64:741  65:605  66:640  67:594  68:554  69:512  70:530  71:482  72:415  73:428  74:424  75:368  76:310  77:349  78:289  79:299  80:274  81:267  82:209  83:198  84:204  85:187  86:188  87:169  88:154  89:148  90:143  91:149  92:108  93:110  94:105  95:111  96:95  97:79  98:91  99:85  100:98  101:68  102:61  103:57  104:50  105:52  106:54  107:61  108:50  109:62  110:44  111:43  112:42  113:44  114:37  115:29  116:42  117:29  118:35  119:28  120:37  121:28  122:24  123:19  124:19  125:31  126:29  127:26  128:15  129:19  130:30  131:11  132:22  133:9  134:11  135:14  136:17  137:15  138:6  139:7  140:14  141:16  142:8  143:9  144:14  145:12  146:8  147:11  148:7  149:9  150:6  151:12  152:9  153:13  154:7  155:5  156:6  157:3  158:8  159:4  160:7  161:11  162:5  163:11  164:3  165:5  166:7  167:4  168:4  169:6  170:3  171:4  172:3  173:9  174:4  175:1  176:4  177:5  178:6  179:4  180:4  181:2  182:6  183:7  184:4  185:2  186:3  187:2  188:2  190:1  191:1  192:3  193:3  194:2  196:2  197:2  198:4  200:1  202:1  205:2  207:2  208:1  210:2  212:2  213:1  217:2  218:2  220:1  222:1  228:2  234:1  239:1
1676.933244,10.950089,745.258225
[PASSED]
[time 3.15 s, user 3.00 s, sys 0.13 s, maxrss 215396 KB]
[busy 327 jiffies]
[exit 0]
--- c2 case 0 rec 0   load 0.90 1.00 1.03
[TEST C2-FST]
Processing dataset...
Done!
Building trie...
Done!
build time: 1276.516121 ms (1276.516121 ns per key)
space cost: 13.454716 MB (39.387006% of original size 34.160291 MB)
Querying trie...
Done!
total time: 730.738890 ms, avg latency: 730.738890 ns
topology: 1.316696 MB, link: 2.448647 MB, data: 9.689372 MB
--- Unary Path Analysis (FST, cutoff=4) ---
  shared unary steps in main trie: 1444849
  terminal suffixes: inplace=70261 (avg len=2.02)  links=837902 (92.3% of terminal)
  link len: avg=18.90  max=238  total_chars=15835418
  link length distribution (len:count):  4:38002  5:25136  6:46678  7:25626  8:51081  9:27061  10:49555  11:26346  12:44099  13:24737  14:35638  15:24081  16:29538  17:19279  18:25434  19:16078  20:16463  21:14405  22:12877  23:14367  24:11738  25:15079  26:11391  27:16946  28:11354  29:17411  30:12058  31:16873  32:11600  33:15555  34:11210  35:12790  36:9994  37:10106  38:7923  39:7962  40:6648  41:5829  42:4930  43:4945  44:3895  45:3528  46:3382  47:2749  48:2598  49:2269  50:2117  51:1901  52:1753  53:1665  54:1553  55:1449  56:1305  57:1145  58:1092  59:1004  60:875  61:848  62:788  63:815  64:741  65:605  66:640  67:594  68:554  69:512  70:530  71:482  72:415  73:428  74:424  75:368  76:310  77:349  78:289  79:299  80:274  81:267  82:209  83:198  84:204  85:187  86:188  87:169  88:154  89:148  90:143  91:149  92:108  93:110  94:105  95:111  96:95  97:79  98:91  99:85  100:98  101:68  102:61  103:57  104:50  105:52  106:54  107:61  108:50  109:62  110:44  111:43  112:42  113:44  114:37  115:29  116:42  117:29  118:35  119:28  120:37  121:28  122:24  123:19  124:19  125:31  126:29  127:26  128:15  129:19  130:30  131:11  132:22  133:9  134:11  135:14  136:17  137:15  138:6  139:7  140:14  141:16  142:8  143:9  144:14  145:12  146:8  147:11  148:7  149:9  150:6  151:12  152:9  153:13  154:7  155:5  156:6  157:3  158:8  159:4  160:7  161:11  162:5  163:11  164:3  165:5  166:7  167:4  168:4  169:6  170:3  171:4  172:3  173:9  174:4  175:1  176:4  177:5  178:6  179:4  180:4  181:2  182:6  183:7  184:4  185:2  186:3  187:2  188:2  190:1  191:1  192:3  193:3  194:2  196:2  197:2  198:4  200:1  202:1  205:2  207:2  208:1  210:2  212:2  213:1  217:2  218:2  220:1  222:1  228:2  234:1  239:1
1276.516121,13.454716,730.738890
[PASSED]
[time 2.72 s, user 2.57 s, sys 0.14 s, maxrss 226720 KB]
[busy 282 jiffies]
[exit 0]
--- lexindex hashed16   load 0.83 0.98 1.03
1000000 keys
lexindex HashedDictIndex fp=16: build 502 ms, size 11.065 MiB (11.602 B/key), latency cold 65.7 ns, then mean 63.9 / min 62.9 ns
501.840,11.064662,65.650
[time 1.36 s, user 3.47 s, sys 0.31 s, maxrss 305344 KB]
[busy 401 jiffies]
[exit 0]
--- lexindex hashed8   load 0.83 0.98 1.03
1000000 keys
lexindex HashedDictIndex fp=8: build 491 ms, size 10.111 MiB (10.602 B/key), latency cold 65.1 ns, then mean 63.9 / min 63.9 ns
491.252,10.110988,65.136
[time 1.34 s, user 3.53 s, sys 0.29 s, maxrss 304332 KB]
[busy 403 jiffies]
[exit 0]
--- lexindex hashed0   load 0.76 0.97 1.02
1000000 keys
lexindex HashedDictIndex closed: build 495 ms, size 9.157 MiB (9.602 B/key), latency cold 54.8 ns, then mean 53.5 / min 53.1 ns
495.036,9.157313,54.803
[time 1.30 s, user 3.49 s, sys 0.30 s, maxrss 301364 KB]
[busy 402 jiffies]
[exit 0]
--- lexindex string   load 0.76 0.97 1.02
1000000 keys
lexindex StringIndex: build 1501 ms, size 30.276 MiB (31.746 B/key), latency cold 540.6 ns, then mean 537.9 / min 535.7 ns
1500.898,30.275526,540.647
[time 4.24 s, user 4.11 s, sys 0.10 s, maxrss 212904 KB]
[busy 450 jiffies]
[exit 0]
--- lexindex routed1024   load 0.78 0.97 1.02
1000000 keys
lexindex DictIndex block 1024 routed: build 338 ms, size 6.626 MiB (6.948 B/key), latency cold 435.9 ns, then mean 433.5 / min 432.8 ns
337.763,6.626197,435.898
[time 2.66 s, user 4.03 s, sys 0.23 s, maxrss 306136 KB]
[busy 448 jiffies]
[exit 0]
--- lexindex routed256   load 0.80 0.97 1.02
1000000 keys
lexindex DictIndex block 256 routed: build 327 ms, size 7.021 MiB (7.362 B/key), latency cold 406.7 ns, then mean 400.4 / min 399.9 ns
327.478,7.020744,406.710
[time 2.52 s, user 4.65 s, sys 0.31 s, maxrss 300816 KB]
[busy 521 jiffies]
[exit 0]
--- lexindex routed32   load 0.74 0.95 1.01
1000000 keys
lexindex DictIndex block 32 routed: build 314 ms, size 7.440 MiB (7.802 B/key), latency cold 426.4 ns, then mean 410.0 / min 408.2 ns
313.827,7.440177,426.445
[time 2.56 s, user 4.59 s, sys 0.29 s, maxrss 303800 KB]
[busy 514 jiffies]
[exit 0]
--- lexindex dict1024   load 0.74 0.95 1.01
1000000 keys
lexindex DictIndex block 1024: build 342 ms, size 6.388 MiB (6.698 B/key), latency cold 531.1 ns, then mean 522.5 / min 521.5 ns
342.401,6.387671,531.143
[time 3.03 s, user 4.36 s, sys 0.26 s, maxrss 304224 KB]
[busy 487 jiffies]
[exit 0]
--- lexindex dict256   load 0.76 0.95 1.01
1000000 keys
lexindex DictIndex block 256: build 325 ms, size 6.544 MiB (6.862 B/key), latency cold 475.6 ns, then mean 467.6 / min 466.3 ns
324.594,6.543816,475.631
[time 2.79 s, user 4.92 s, sys 0.29 s, maxrss 301320 KB]
[busy 549 jiffies]
[exit 0]
--- lexindex dict32   load 0.78 0.95 1.01
1000000 keys
lexindex DictIndex block 32: build 309 ms, size 6.963 MiB (7.302 B/key), latency cold 444.3 ns, then mean 438.0 / min 437.0 ns
308.513,6.963340,444.273
[time 2.66 s, user 4.68 s, sys 0.32 s, maxrss 301088 KB]
[busy 525 jiffies]
[exit 0]

##### titles-en-1000000 (1000000 lines, 21984647 bytes)   round 2/3   2026-09-24T12:52:35+03:00
--- xcdat 16   load 0.71 0.94 1.01
build time: 608.451160 ms
space cost: 16.875467 MiB (84.324554% of original size 20.012519 MiB)
avg latency: 259.985798 ns
608.451160,16.875467,259.985798
[time 1.47 s, user 1.35 s, sys 0.10 s, maxrss 164736 KB]
[busy 153 jiffies]
[exit 0]
--- xcdat 15   load 0.71 0.94 1.01
build time: 637.693434 ms
space cost: 16.333202 MiB (81.614925% of original size 20.012519 MiB)
avg latency: 239.643449 ns
637.693434,16.333202,239.643449
[time 1.47 s, user 1.36 s, sys 0.10 s, maxrss 163236 KB]
[busy 155 jiffies]
[exit 0]
--- xcdat 8   load 0.66 0.92 1.00
build time: 614.490130 ms
space cost: 14.333878 MiB (71.624555% of original size 20.012519 MiB)
avg latency: 260.575887 ns
614.490130,14.333878,260.575887
[time 1.47 s, user 1.36 s, sys 0.10 s, maxrss 161156 KB]
[busy 159 jiffies]
[exit 0]
--- xcdat 7   load 0.66 0.92 1.00
build time: 637.847714 ms
space cost: 14.813288 MiB (74.020106% of original size 20.012519 MiB)
avg latency: 266.233509 ns
637.847714,14.813288,266.233509
[time 1.49 s, user 1.37 s, sys 0.10 s, maxrss 161792 KB]
[busy 157 jiffies]
[exit 0]
--- c2 case 8 rec 0   load 0.60 0.91 0.99
[TEST CART]
Processing dataset...
Done!
Building trie...
Done!
build time: 213.780727 ms (213.780727 ns per key)
space cost: 14.850546 MB (74.206280% of original size 20.012519 MB)
Querying trie...
Done!
total time: 464.234522 ms, avg latency: 464.234522 ns
not implemented
213.780727,14.850546,464.234522
[PASSED]
[time 1.27 s, user 1.17 s, sys 0.09 s, maxrss 163752 KB]
[busy 138 jiffies]
[exit 0]
--- c2 case 7 rec 0   load 0.60 0.91 0.99
[TEST ART]
Processing dataset...
Done!
Building trie...
Done!
build time: 163.000569 ms (163.000569 ns per key)
space cost: 32.696541 MB (163.380437% of original size 20.012519 MB)
Querying trie...
Done!
total time: 392.110954 ms, avg latency: 392.110954 ns
not implemented
163.000569,32.696541,392.110954
[PASSED]
[time 1.14 s, user 1.04 s, sys 0.08 s, maxrss 176264 KB]
[busy 122 jiffies]
[exit 0]
--- c2 case 6 rec 0   load 0.60 0.91 0.99
[TEST PDT]
Processing dataset...
Done!
Building trie...
dict size: 157446, stream size: 7395682
Done!
build time: 3438.870582 ms (3438.870582 ns per key)
space cost: 8.479283 MB (42.369895% of original size 20.012519 MB)
Querying trie...
Done!
total time: 654.101138 ms, avg latency: 654.101138 ns
not implemented
3438.870582,8.479283,654.101138
[PASSED]
[time 4.68 s, user 4.49 s, sys 0.17 s, maxrss 256408 KB]
[busy 484 jiffies]
[exit 0]
--- c2 case 5 rec 2   load 0.58 0.89 0.99
[TEST MARISA]
Processing dataset...
Done!
Building trie...
Done!
build time: 822.508138 ms (822.508138 ns per key)
space cost: 7.806685 MB (39.009010% of original size 20.012519 MB)
Querying trie...
Done!
total time: 885.944460 ms, avg latency: 885.944460 ns
not implemented
822.508138,7.806685,885.944460
[PASSED]
[time 2.28 s, user 2.15 s, sys 0.12 s, maxrss 195264 KB]
[busy 240 jiffies]
[exit 0]
--- c2 case 5 rec 1   load 0.58 0.89 0.99
[TEST MARISA]
Processing dataset...
Done!
Building trie...
Done!
build time: 772.727136 ms (772.727136 ns per key)
space cost: 8.680676 MB (43.376231% of original size 20.012519 MB)
Querying trie...
Done!
total time: 775.665398 ms, avg latency: 775.665398 ns
not implemented
772.727136,8.680676,775.665398
[PASSED]
[time 2.13 s, user 1.98 s, sys 0.13 s, maxrss 195228 KB]
[busy 223 jiffies]
[exit 0]
--- c2 case 5 rec 0   load 0.62 0.90 0.99
[TEST MARISA]
Processing dataset...
Done!
Building trie...
Done!
build time: 604.093081 ms (604.093081 ns per key)
space cost: 12.537066 MB (62.646119% of original size 20.012519 MB)
Querying trie...
Done!
total time: 500.970899 ms, avg latency: 500.970899 ns
not implemented
604.093081,12.537066,500.970899
[PASSED]
[time 1.68 s, user 1.55 s, sys 0.12 s, maxrss 195248 KB]
[busy 177 jiffies]
[exit 0]
--- c2 case 4 rec 0   skipped: exit 134 in round 1
--- c2 case 3 rec 0   load 0.62 0.90 0.99
[TEST FST]
Processing dataset...
Done!
Building trie...
Done!
build time: 797.993057 ms (797.993057 ns per key)
space cost: 12.223534 MB (61.079436% of original size 20.012519 MB)
Querying trie...
Done!
total time: 690.114056 ms, avg latency: 690.114056 ns
not implemented
797.993057,12.223534,690.114056
[PASSED]
[time 2.06 s, user 1.96 s, sys 0.08 s, maxrss 131008 KB]
[busy 219 jiffies]
[exit 0]
--- c2 case 2 rec 2   load 0.65 0.90 0.99
[TEST C2-MARISA]
Processing dataset...
Done!
Building trie...
trie size: 2.238578 MB
trie size: 3.821277 MB
trie size: 1.037524 MB
Done!
build time: 1546.266800 ms (1546.266800 ns per key)
space cost: 8.586061 MB (42.903452% of original size 20.012519 MB)
Querying trie...
Done!
total time: 497.438321 ms, avg latency: 497.438321 ns
topology: 1.213478 MB, link: 2.963206 MB, data: 4.388869 MB
--- Unary Path Analysis (Marisa, cutoff=3) ---
  branches: 1523874  |  single-char: 417651 (27.4%)  short-unary: 97461 (6.4%)  links: 1008762 (66.2%)
  link len: avg=12.11  max=234  total_chars=12215333
  link length distribution (len:count):  3:76859  4:82017  5:81216  6:79010  7:72564  8:64127  9:55531  10:50303  11:44703  12:39548  13:35394  14:31778  15:31462  16:28952  17:25995  18:23521  19:19840  20:18044  21:16382  22:14569  23:12399  24:11015  25:9715  26:8556  27:8141  28:7267  29:6255  30:5853  31:5207  32:4578  33:4049  34:3736  35:3293  36:2910  37:2688  38:2423  39:2074  40:1908  41:1670  42:1511  43:1333  44:1158  45:939  46:855  47:728  48:689  49:615  50:544  51:465  52:457  53:344  54:344  55:284  56:276  57:242  58:216  59:216  60:177  61:159  62:140  63:127  64:109  65:95  66:79  67:80  68:79  69:75  70:69  71:69  72:55  73:51  74:42  75:46  76:42  77:35  78:41  79:38  80:39  81:21  82:18  83:21  84:19  85:14  86:18  87:14  88:15  89:11  90:14  91:13  92:7  93:5  94:8  95:7  96:5  97:9  98:8  99:5  100:7  101:11  102:5  103:6  104:3  105:3  106:3  107:5  108:4  109:5  110:1  111:2  112:6  113:1  114:1  115:1  116:4  117:1  119:1  120:2  122:2  124:2  126:1  127:1  129:1  130:1  132:1  133:2  135:1  136:1  137:1  138:3  139:1  140:1  142:2  146:1  153:1  155:1  157:1  160:3  166:1  169:1  175:1  176:1  180:1  182:1  200:1  202:1  203:1  205:1  208:1  217:1  218:1  220:1  234:1
  short unary avg len: 2.00
1546.266800,8.586061,497.438321
[PASSED]
[time 2.63 s, user 2.46 s, sys 0.15 s, maxrss 197140 KB]
[busy 275 jiffies]
[exit 0]
--- c2 case 2 rec 1   load 0.68 0.90 0.99
[TEST C2-MARISA]
Processing dataset...
Done!
Building trie...
trie size: 2.238578 MB
trie size: 3.821277 MB
Done!
build time: 1394.283435 ms (1394.283435 ns per key)
space cost: 8.586061 MB (42.903452% of original size 20.012519 MB)
Querying trie...
Done!
total time: 499.569064 ms, avg latency: 499.569064 ns
topology: 1.213478 MB, link: 2.963206 MB, data: 4.388869 MB
--- Unary Path Analysis (Marisa, cutoff=3) ---
  branches: 1523874  |  single-char: 417651 (27.4%)  short-unary: 97461 (6.4%)  links: 1008762 (66.2%)
  link len: avg=12.11  max=234  total_chars=12215333
  link length distribution (len:count):  3:76859  4:82017  5:81216  6:79010  7:72564  8:64127  9:55531  10:50303  11:44703  12:39548  13:35394  14:31778  15:31462  16:28952  17:25995  18:23521  19:19840  20:18044  21:16382  22:14569  23:12399  24:11015  25:9715  26:8556  27:8141  28:7267  29:6255  30:5853  31:5207  32:4578  33:4049  34:3736  35:3293  36:2910  37:2688  38:2423  39:2074  40:1908  41:1670  42:1511  43:1333  44:1158  45:939  46:855  47:728  48:689  49:615  50:544  51:465  52:457  53:344  54:344  55:284  56:276  57:242  58:216  59:216  60:177  61:159  62:140  63:127  64:109  65:95  66:79  67:80  68:79  69:75  70:69  71:69  72:55  73:51  74:42  75:46  76:42  77:35  78:41  79:38  80:39  81:21  82:18  83:21  84:19  85:14  86:18  87:14  88:15  89:11  90:14  91:13  92:7  93:5  94:8  95:7  96:5  97:9  98:8  99:5  100:7  101:11  102:5  103:6  104:3  105:3  106:3  107:5  108:4  109:5  110:1  111:2  112:6  113:1  114:1  115:1  116:4  117:1  119:1  120:2  122:2  124:2  126:1  127:1  129:1  130:1  132:1  133:2  135:1  136:1  137:1  138:3  139:1  140:1  142:2  146:1  153:1  155:1  157:1  160:3  166:1  169:1  175:1  176:1  180:1  182:1  200:1  202:1  203:1  205:1  208:1  217:1  218:1  220:1  234:1
  short unary avg len: 2.00
1394.283435,8.586061,499.569064
[PASSED]
[time 2.48 s, user 2.32 s, sys 0.14 s, maxrss 197208 KB]
[busy 258 jiffies]
[exit 0]
--- c2 case 2 rec 0   load 0.68 0.90 0.99
[TEST C2-MARISA]
Processing dataset...
Done!
Building trie...
trie size: 2.238578 MB
Done!
build time: 1035.662437 ms (1035.662437 ns per key)
space cost: 10.766413 MB (53.798389% of original size 20.012519 MB)
Querying trie...
Done!
total time: 376.057806 ms, avg latency: 376.057806 ns
topology: 0.741383 MB, link: 2.768053 MB, data: 7.236469 MB
--- Unary Path Analysis (Marisa, cutoff=3) ---
  branches: 1523874  |  single-char: 417651 (27.4%)  short-unary: 97461 (6.4%)  links: 1008762 (66.2%)
  link len: avg=12.11  max=234  total_chars=12215333
  link length distribution (len:count):  3:76859  4:82017  5:81216  6:79010  7:72564  8:64127  9:55531  10:50303  11:44703  12:39548  13:35394  14:31778  15:31462  16:28952  17:25995  18:23521  19:19840  20:18044  21:16382  22:14569  23:12399  24:11015  25:9715  26:8556  27:8141  28:7267  29:6255  30:5853  31:5207  32:4578  33:4049  34:3736  35:3293  36:2910  37:2688  38:2423  39:2074  40:1908  41:1670  42:1511  43:1333  44:1158  45:939  46:855  47:728  48:689  49:615  50:544  51:465  52:457  53:344  54:344  55:284  56:276  57:242  58:216  59:216  60:177  61:159  62:140  63:127  64:109  65:95  66:79  67:80  68:79  69:75  70:69  71:69  72:55  73:51  74:42  75:46  76:42  77:35  78:41  79:38  80:39  81:21  82:18  83:21  84:19  85:14  86:18  87:14  88:15  89:11  90:14  91:13  92:7  93:5  94:8  95:7  96:5  97:9  98:8  99:5  100:7  101:11  102:5  103:6  104:3  105:3  106:3  107:5  108:4  109:5  110:1  111:2  112:6  113:1  114:1  115:1  116:4  117:1  119:1  120:2  122:2  124:2  126:1  127:1  129:1  130:1  132:1  133:2  135:1  136:1  137:1  138:3  139:1  140:1  142:2  146:1  153:1  155:1  157:1  160:3  166:1  169:1  175:1  176:1  180:1  182:1  200:1  202:1  203:1  205:1  208:1  217:1  218:1  220:1  234:1
  short unary avg len: 2.00
1035.662437,10.766413,376.057806
[PASSED]
[time 1.97 s, user 1.83 s, sys 0.13 s, maxrss 201760 KB]
[busy 206 jiffies]
[exit 0]
--- c2 case 1 rec 2   load 0.70 0.90 0.99
[TEST C2-CoCo(LOUDS-Sparse)]
Processing dataset...
Done!
Building trie...
trie size: 3.096522 MB
trie size: 0.887704 MB
Done!
build time: 2547.244265 ms (2547.244265 ns per key)
space cost: 10.462785 MB (52.281201% of original size 20.012519 MB)
Querying trie...
Done!
total time: 861.711330 ms, avg latency: 861.711330 ns
topology: 0.833210 MB, link: 3.468150 MB, data: 6.161425 MB
2547.244265,10.462785,861.711330
[PASSED]
[time 3.99 s, user 3.78 s, sys 0.19 s, maxrss 345136 KB]
[busy 413 jiffies]
[exit 0]
--- c2 case 1 rec 1   load 0.73 0.90 0.99
[TEST C2-CoCo(LOUDS-Sparse)]
Processing dataset...
Done!
Building trie...
trie size: 3.096522 MB
Done!
build time: 2430.295960 ms (2430.295960 ns per key)
space cost: 10.462785 MB (52.281201% of original size 20.012519 MB)
Querying trie...
Done!
total time: 871.799588 ms, avg latency: 871.799588 ns
topology: 0.833210 MB, link: 3.468150 MB, data: 6.161425 MB
2430.295960,10.462785,871.799588
[PASSED]
[time 3.87 s, user 3.67 s, sys 0.18 s, maxrss 344684 KB]
[busy 399 jiffies]
[exit 0]
--- c2 case 1 rec 0   load 0.75 0.91 0.99
[TEST C2-CoCo(LOUDS-Sparse)]
Processing dataset...
Done!
Building trie...
Done!
build time: 2121.810450 ms (2121.810450 ns per key)
space cost: 12.265971 MB (61.291488% of original size 20.012519 MB)
Querying trie...
Done!
total time: 742.464355 ms, avg latency: 742.464355 ns
topology: 0.432648 MB, link: 3.282862 MB, data: 8.550461 MB
2121.810450,12.265971,742.464355
[PASSED]
[time 3.42 s, user 3.23 s, sys 0.18 s, maxrss 358184 KB]
[busy 358 jiffies]
[exit 0]
--- c2 case 0 rec 2   load 0.77 0.91 0.99
[TEST C2-FST]
Processing dataset...
Done!
Building trie...
trie size: 3.096522 MB
trie size: 0.887704 MB
Done!
build time: 1452.480592 ms (1452.480592 ns per key)
space cost: 9.522977 MB (47.585099% of original size 20.012519 MB)
Querying trie...
Done!
total time: 609.344189 ms, avg latency: 609.344189 ns
topology: 1.448536 MB, link: 2.515947 MB, data: 5.558494 MB
--- Unary Path Analysis (FST, cutoff=4) ---
  shared unary steps in main trie: 632648
  terminal suffixes: inplace=148307 (avg len=2.14)  links=794871 (84.3% of terminal)
  link len: avg=12.03  max=232  total_chars=9558452
  link length distribution (len:count):  4:67686  5:69275  6:65423  7:58787  8:51921  9:47544  10:42795  11:38054  12:34227  13:30736  14:30694  15:28260  16:25308  17:22807  18:19264  19:17586  20:15912  21:14224  22:12066  23:10759  24:9477  25:8347  26:7925  27:7112  28:6113  29:5746  30:5072  31:4462  32:3927  33:3658  34:3228  35:2847  36:2644  37:2353  38:2038  39:1870  40:1644  41:1489  42:1315  43:1143  44:928  45:846  46:722  47:679  48:610  49:543  50:459  51:451  52:342  53:339  54:284  55:273  56:239  57:215  58:214  59:177  60:158  61:140  62:127  63:109  64:95  65:79  66:80  67:78  68:75  69:69  70:68  71:54  72:51  73:42  74:46  75:42  76:35  77:41  78:38  79:39  80:21  81:18  82:21  83:19  84:14  85:18  86:14  87:15  88:11  89:14  90:13  91:7  92:5  93:8  94:7  95:5  96:8  97:8  98:5  99:7  100:11  101:5  102:6  103:3  104:3  105:3  106:5  107:4  108:5  109:1  110:2  111:6  112:1  113:1  114:1  115:4  116:1  118:1  119:2  121:2  123:2  125:1  126:1  128:1  129:1  131:1  132:2  134:1  135:1  136:1  137:3  138:1  139:1  141:2  145:1  152:1  154:1  156:1  159:3  165:1  168:1  174:1  175:1  179:1  181:1  199:1  201:1  202:1  204:1  207:1  216:1  217:1  219:1  233:1
1452.480592,9.522977,609.344189
[PASSED]
[time 2.63 s, user 2.49 s, sys 0.13 s, maxrss 180808 KB]
[busy 277 jiffies]
[exit 0]
--- c2 case 0 rec 1   load 0.71 0.89 0.99
[TEST C2-FST]
Processing dataset...
Done!
Building trie...
trie size: 3.096522 MB
Done!
build time: 1353.048254 ms (1353.048254 ns per key)
space cost: 9.522977 MB (47.585099% of original size 20.012519 MB)
Querying trie...
Done!
total time: 600.626376 ms, avg latency: 600.626376 ns
topology: 1.448536 MB, link: 2.515947 MB, data: 5.558494 MB
--- Unary Path Analysis (FST, cutoff=4) ---
  shared unary steps in main trie: 632648
  terminal suffixes: inplace=148307 (avg len=2.14)  links=794871 (84.3% of terminal)
  link len: avg=12.03  max=232  total_chars=9558452
  link length distribution (len:count):  4:67686  5:69275  6:65423  7:58787  8:51921  9:47544  10:42795  11:38054  12:34227  13:30736  14:30694  15:28260  16:25308  17:22807  18:19264  19:17586  20:15912  21:14224  22:12066  23:10759  24:9477  25:8347  26:7925  27:7112  28:6113  29:5746  30:5072  31:4462  32:3927  33:3658  34:3228  35:2847  36:2644  37:2353  38:2038  39:1870  40:1644  41:1489  42:1315  43:1143  44:928  45:846  46:722  47:679  48:610  49:543  50:459  51:451  52:342  53:339  54:284  55:273  56:239  57:215  58:214  59:177  60:158  61:140  62:127  63:109  64:95  65:79  66:80  67:78  68:75  69:69  70:68  71:54  72:51  73:42  74:46  75:42  76:35  77:41  78:38  79:39  80:21  81:18  82:21  83:19  84:14  85:18  86:14  87:15  88:11  89:14  90:13  91:7  92:5  93:8  94:7  95:5  96:8  97:8  98:5  99:7  100:11  101:5  102:6  103:3  104:3  105:3  106:5  107:4  108:5  109:1  110:2  111:6  112:1  113:1  114:1  115:4  116:1  118:1  119:2  121:2  123:2  125:1  126:1  128:1  129:1  131:1  132:2  134:1  135:1  136:1  137:3  138:1  139:1  141:2  145:1  152:1  154:1  156:1  159:3  165:1  168:1  174:1  175:1  179:1  181:1  199:1  201:1  202:1  204:1  207:1  216:1  217:1  219:1  233:1
1353.048254,9.522977,600.626376
[PASSED]
[time 2.53 s, user 2.38 s, sys 0.13 s, maxrss 181112 KB]
[busy 267 jiffies]
[exit 0]
--- c2 case 0 rec 0   load 0.71 0.89 0.99
[TEST C2-FST]
Processing dataset...
Done!
Building trie...
Done!
build time: 1032.184762 ms (1032.184762 ns per key)
space cost: 11.326162 MB (56.595386% of original size 20.012519 MB)
Querying trie...
Done!
total time: 481.034894 ms, avg latency: 481.034894 ns
topology: 1.047974 MB, link: 2.330659 MB, data: 7.947530 MB
--- Unary Path Analysis (FST, cutoff=4) ---
  shared unary steps in main trie: 632648
  terminal suffixes: inplace=148307 (avg len=2.14)  links=794871 (84.3% of terminal)
  link len: avg=12.03  max=232  total_chars=9558452
  link length distribution (len:count):  4:67686  5:69275  6:65423  7:58787  8:51921  9:47544  10:42795  11:38054  12:34227  13:30736  14:30694  15:28260  16:25308  17:22807  18:19264  19:17586  20:15912  21:14224  22:12066  23:10759  24:9477  25:8347  26:7925  27:7112  28:6113  29:5746  30:5072  31:4462  32:3927  33:3658  34:3228  35:2847  36:2644  37:2353  38:2038  39:1870  40:1644  41:1489  42:1315  43:1143  44:928  45:846  46:722  47:679  48:610  49:543  50:459  51:451  52:342  53:339  54:284  55:273  56:239  57:215  58:214  59:177  60:158  61:140  62:127  63:109  64:95  65:79  66:80  67:78  68:75  69:69  70:68  71:54  72:51  73:42  74:46  75:42  76:35  77:41  78:38  79:39  80:21  81:18  82:21  83:19  84:14  85:18  86:14  87:15  88:11  89:14  90:13  91:7  92:5  93:8  94:7  95:5  96:8  97:8  98:5  99:7  100:11  101:5  102:6  103:3  104:3  105:3  106:5  107:4  108:5  109:1  110:2  111:6  112:1  113:1  114:1  115:4  116:1  118:1  119:2  121:2  123:2  125:1  126:1  128:1  129:1  131:1  132:2  134:1  135:1  136:1  137:3  138:1  139:1  141:2  145:1  152:1  154:1  156:1  159:3  165:1  168:1  174:1  175:1  179:1  181:1  199:1  201:1  202:1  204:1  207:1  216:1  217:1  219:1  233:1
1032.184762,11.326162,481.034894
[PASSED]
[time 2.07 s, user 1.95 s, sys 0.11 s, maxrss 185248 KB]
[busy 218 jiffies]
[exit 0]
--- lexindex hashed16   load 0.73 0.89 0.99
1000000 keys
lexindex HashedDictIndex fp=16: build 503 ms, size 11.549 MiB (12.110 B/key), latency cold 53.4 ns, then mean 51.3 / min 51.0 ns
502.525,11.549380,53.400
[time 1.21 s, user 3.63 s, sys 0.37 s, maxrss 279368 KB]
[busy 420 jiffies]
[exit 0]
--- lexindex hashed8   load 0.73 0.89 0.99
1000000 keys
lexindex HashedDictIndex fp=8: build 505 ms, size 10.596 MiB (11.110 B/key), latency cold 52.5 ns, then mean 50.9 / min 50.8 ns
504.656,10.595706,52.544
[time 1.21 s, user 3.66 s, sys 0.33 s, maxrss 275676 KB]
[busy 422 jiffies]
[exit 0]
--- lexindex hashed0   load 0.75 0.90 0.99
1000000 keys
lexindex HashedDictIndex closed: build 497 ms, size 9.642 MiB (10.110 B/key), latency cold 43.6 ns, then mean 42.2 / min 41.7 ns
497.092,9.642032,43.650
[time 1.18 s, user 3.60 s, sys 0.35 s, maxrss 275172 KB]
[busy 418 jiffies]
[exit 0]
--- lexindex string   load 0.75 0.90 0.99
1000000 keys
lexindex StringIndex: build 982 ms, size 16.482 MiB (17.283 B/key), latency cold 332.2 ns, then mean 329.0 / min 325.1 ns
982.442,16.482312,332.159
[time 2.80 s, user 2.71 s, sys 0.08 s, maxrss 164424 KB]
[busy 299 jiffies]
[exit 0]
--- lexindex routed1024   load 0.77 0.90 0.99
1000000 keys
lexindex DictIndex block 1024 routed: build 428 ms, size 7.116 MiB (7.462 B/key), latency cold 351.8 ns, then mean 346.3 / min 343.9 ns
428.047,7.116325,351.787
[time 2.33 s, user 3.83 s, sys 0.28 s, maxrss 281000 KB]
[busy 436 jiffies]
[exit 0]
--- lexindex routed256   load 0.79 0.90 0.99
1000000 keys
lexindex DictIndex block 256 routed: build 392 ms, size 7.506 MiB (7.870 B/key), latency cold 322.2 ns, then mean 317.9 / min 315.3 ns
392.269,7.505601,322.173
[time 2.17 s, user 4.49 s, sys 0.34 s, maxrss 273216 KB]
[busy 500 jiffies]
[exit 0]
--- lexindex routed32   load 0.79 0.90 0.99
1000000 keys
lexindex DictIndex block 32 routed: build 388 ms, size 7.924 MiB (8.309 B/key), latency cold 349.2 ns, then mean 345.1 / min 339.7 ns
387.581,7.923737,349.209
[time 2.28 s, user 4.63 s, sys 0.34 s, maxrss 274960 KB]
[busy 524 jiffies]
[exit 0]
--- lexindex dict1024   load 0.81 0.90 0.99
1000000 keys
lexindex DictIndex block 1024: build 424 ms, size 6.878 MiB (7.212 B/key), latency cold 451.4 ns, then mean 446.5 / min 445.9 ns
423.686,6.877800,451.356
[time 2.72 s, user 4.22 s, sys 0.28 s, maxrss 280560 KB]
[busy 472 jiffies]
[exit 0]
--- lexindex dict256   load 0.82 0.90 0.99
1000000 keys
lexindex DictIndex block 256: build 394 ms, size 7.029 MiB (7.370 B/key), latency cold 393.9 ns, then mean 387.2 / min 384.6 ns
393.513,7.028672,393.889
[time 2.47 s, user 4.85 s, sys 0.35 s, maxrss 272004 KB]
[busy 544 jiffies]
[exit 0]
--- lexindex dict32   load 0.76 0.89 0.99
1000000 keys
lexindex DictIndex block 32: build 390 ms, size 7.447 MiB (7.809 B/key), latency cold 378.8 ns, then mean 368.6 / min 366.4 ns
390.173,7.446899,378.846
[time 2.40 s, user 4.74 s, sys 0.34 s, maxrss 274876 KB]
[busy 534 jiffies]
[exit 0]

##### pypi-full (889864 lines, 12756399 bytes)   round 2/3   2026-09-24T12:54:13+03:00
--- xcdat 16   load 0.76 0.89 0.99
build time: 349.929745 ms
space cost: 8.791730 MiB (77.687354% of original size 11.316810 MiB)
avg latency: 141.368801 ns
349.929745,8.791730,141.368801
[time 0.88 s, user 0.78 s, sys 0.09 s, maxrss 125120 KB]
[busy 93 jiffies]
[exit 0]
--- xcdat 15   load 0.70 0.87 0.98
build time: 374.679737 ms
space cost: 8.417356 MiB (74.379227% of original size 11.316810 MiB)
avg latency: 136.363329 ns
374.679737,8.417356,136.363329
[time 0.90 s, user 0.81 s, sys 0.08 s, maxrss 124992 KB]
[busy 98 jiffies]
[exit 0]
--- xcdat 8   load 0.70 0.87 0.98
build time: 352.267929 ms
space cost: 7.063261 MiB (62.413889% of original size 11.316810 MiB)
avg latency: 167.162568 ns
352.267929,7.063261,167.162568
[time 0.90 s, user 0.82 s, sys 0.08 s, maxrss 125208 KB]
[busy 97 jiffies]
[exit 0]
--- xcdat 7   load 0.70 0.87 0.98
build time: 375.057436 ms
space cost: 7.451407 MiB (65.843711% of original size 11.316810 MiB)
avg latency: 173.611592 ns
375.057436,7.451407,173.611592
[time 0.93 s, user 0.84 s, sys 0.08 s, maxrss 125044 KB]
[busy 101 jiffies]
[exit 0]
--- c2 case 8 rec 0   load 0.72 0.88 0.98
[TEST CART]
Processing dataset...
Done!
Building trie...
Done!
build time: 141.887733 ms (159.448784 ns per key)
space cost: 12.686618 MB (112.104190% of original size 11.316810 MB)
Querying trie...
Done!
total time: 309.789913 ms, avg latency: 348.131752 ns
not implemented
141.887733,12.686618,348.131752
[PASSED]
[time 0.86 s, user 0.78 s, sys 0.07 s, maxrss 120516 KB]
[busy 94 jiffies]
[exit 0]
--- c2 case 7 rec 0   load 0.72 0.88 0.98
[TEST ART]
Processing dataset...
Done!
Building trie...
Done!
build time: 98.458718 ms (110.644681 ns per key)
space cost: 28.637695 MB (253.054493% of original size 11.316810 MB)
Querying trie...
Done!
total time: 256.339105 ms, avg latency: 288.065485 ns
not implemented
98.458718,28.637695,288.065485
[PASSED]
[time 0.75 s, user 0.68 s, sys 0.07 s, maxrss 123652 KB]
[busy 81 jiffies]
[exit 0]
--- c2 case 6 rec 0   load 0.72 0.88 0.98
[TEST PDT]
Processing dataset...
Done!
Building trie...
dict size: 158766, stream size: 3178838
Done!
build time: 1632.503750 ms (1834.554213 ns per key)
space cost: 4.318639 MB (38.161275% of original size 11.316810 MB)
Querying trie...
Done!
total time: 469.317354 ms, avg latency: 527.403462 ns
not implemented
1632.503750,4.318639,527.403462
[PASSED]
[time 2.50 s, user 2.41 s, sys 0.08 s, maxrss 137416 KB]
[busy 263 jiffies]
[exit 0]
--- c2 case 5 rec 2   load 0.74 0.88 0.98
[TEST MARISA]
Processing dataset...
Done!
Building trie...
Done!
build time: 440.370626 ms (494.874077 ns per key)
space cost: 3.830196 MB (33.845196% of original size 11.316810 MB)
Querying trie...
Done!
total time: 476.488931 ms, avg latency: 535.462645 ns
not implemented
440.370626,3.830196,535.462645
[PASSED]
[time 1.30 s, user 1.21 s, sys 0.08 s, maxrss 132036 KB]
[busy 138 jiffies]
[exit 0]
--- c2 case 5 rec 1   load 0.68 0.86 0.98
[TEST MARISA]
Processing dataset...
Done!
Building trie...
Done!
build time: 434.536251 ms (488.317598 ns per key)
space cost: 4.038295 MB (35.684039% of original size 11.316810 MB)
Querying trie...
Done!
total time: 449.751826 ms, avg latency: 505.416363 ns
not implemented
434.536251,4.038295,505.416363
[PASSED]
[time 1.26 s, user 1.18 s, sys 0.07 s, maxrss 132124 KB]
[busy 134 jiffies]
[exit 0]
--- c2 case 5 rec 0   load 0.68 0.86 0.98
[TEST MARISA]
Processing dataset...
Done!
Building trie...
Done!
build time: 380.300810 ms (427.369587 ns per key)
space cost: 5.316237 MB (46.976468% of original size 11.316810 MB)
Querying trie...
Done!
total time: 338.194802 ms, avg latency: 380.052235 ns
not implemented
380.300810,5.316237,380.052235
[PASSED]
[time 1.11 s, user 1.02 s, sys 0.08 s, maxrss 131988 KB]
[busy 119 jiffies]
[exit 0]
--- c2 case 4 rec 0   load 0.63 0.85 0.97
[TEST COCO]
Processing dataset...
Done!
Building trie...
num nodes = 375656, average depth = 5.235279
ef = 0.000442, pa = 0.203029, bv = 0.001044, de = 0.703223
efr = 0.002106, par = 0.078420, bvr = 0.000029, der = 0.011708
Done!
build time: 7802.624250 ms (8768.333419 ns per key)
space cost: 7.666221 MB (67.741891% of original size 11.316810 MB)
Querying trie...
Done!
total time: 442.462166 ms, avg latency: 497.224481 ns
not implemented
7802.624250,7.666221,497.224481
[PASSED]
[time 9.02 s, user 6.97 s, sys 2.01 s, maxrss 4347548 KB]
[busy 935 jiffies]
[exit 0]
--- c2 case 3 rec 0   load 0.61 0.84 0.97
[TEST FST]
Processing dataset...
Done!
Building trie...
Done!
build time: 507.121978 ms (569.887059 ns per key)
space cost: 5.878841 MB (51.947869% of original size 11.316810 MB)
Querying trie...
Done!
total time: 485.899396 ms, avg latency: 546.037817 ns
not implemented
507.121978,5.878841,546.037817
[PASSED]
[time 1.38 s, user 1.32 s, sys 0.05 s, maxrss 86756 KB]
[busy 152 jiffies]
[exit 0]
--- c2 case 2 rec 2   load 0.61 0.84 0.97
[TEST C2-MARISA]
Processing dataset...
Done!
Building trie...
trie size: 2.034968 MB
trie size: 2.021012 MB
trie size: 0.240847 MB
Done!
build time: 583.179640 ms (655.358167 ns per key)
space cost: 4.528195 MB (40.013003% of original size 11.316810 MB)
Querying trie...
Done!
total time: 290.422806 ms, avg latency: 326.367631 ns
topology: 0.839943 MB, link: 1.648341 MB, data: 2.019403 MB
--- Unary Path Analysis (Marisa, cutoff=3) ---
  branches: 1290446  |  single-char: 483681 (37.5%)  short-unary: 134846 (10.4%)  links: 671919 (52.1%)
  link len: avg=7.04  max=178  total_chars=4731655
  link length distribution (len:count):  3:128200  4:106194  5:84287  6:72656  7:58516  8:44149  9:36040  10:28839  11:21753  12:17688  13:15308  14:12510  15:9745  16:7525  17:6122  18:4690  19:3698  20:2882  21:2216  22:1721  23:1367  24:1119  25:897  26:746  27:562  28:441  29:368  30:406  31:316  32:177  33:153  34:106  35:106  36:75  37:44  38:54  39:50  40:27  41:25  42:13  43:21  44:16  45:7  46:10  47:6  48:5  49:10  50:2  51:4  52:5  53:2  54:2  55:2  56:1  57:5  58:3  61:2  63:2  64:1  65:3  66:2  68:2  69:3  72:1  76:1  78:2  83:1  87:1  100:2  107:1  114:1  154:1  178:1
  short unary avg len: 2.00
583.179640,4.528195,326.367631
[PASSED]
[time 1.26 s, user 1.14 s, sys 0.11 s, maxrss 158680 KB]
[busy 133 jiffies]
[exit 0]
--- c2 case 2 rec 1   load 0.61 0.84 0.97
[TEST C2-MARISA]
Processing dataset...
Done!
Building trie...
trie size: 2.034968 MB
trie size: 2.021012 MB
Done!
build time: 567.783717 ms (638.056733 ns per key)
space cost: 4.528195 MB (40.013003% of original size 11.316810 MB)
Querying trie...
Done!
total time: 296.041936 ms, avg latency: 332.682226 ns
topology: 0.839943 MB, link: 1.648341 MB, data: 2.019403 MB
--- Unary Path Analysis (Marisa, cutoff=3) ---
  branches: 1290446  |  single-char: 483681 (37.5%)  short-unary: 134846 (10.4%)  links: 671919 (52.1%)
  link len: avg=7.04  max=178  total_chars=4731655
  link length distribution (len:count):  3:128200  4:106194  5:84287  6:72656  7:58516  8:44149  9:36040  10:28839  11:21753  12:17688  13:15308  14:12510  15:9745  16:7525  17:6122  18:4690  19:3698  20:2882  21:2216  22:1721  23:1367  24:1119  25:897  26:746  27:562  28:441  29:368  30:406  31:316  32:177  33:153  34:106  35:106  36:75  37:44  38:54  39:50  40:27  41:25  42:13  43:21  44:16  45:7  46:10  47:6  48:5  49:10  50:2  51:4  52:5  53:2  54:2  55:2  56:1  57:5  58:3  61:2  63:2  64:1  65:3  66:2  68:2  69:3  72:1  76:1  78:2  83:1  87:1  100:2  107:1  114:1  154:1  178:1
  short unary avg len: 2.00
567.783717,4.528195,332.682226
[PASSED]
[time 1.26 s, user 1.15 s, sys 0.09 s, maxrss 158976 KB]
[busy 136 jiffies]
[exit 0]
--- c2 case 2 rec 0   load 0.64 0.84 0.97
[TEST C2-MARISA]
Processing dataset...
Done!
Building trie...
trie size: 2.034968 MB
Done!
build time: 496.819237 ms (558.309176 ns per key)
space cost: 5.148748 MB (45.496465% of original size 11.316810 MB)
Querying trie...
Done!
total time: 236.688446 ms, avg latency: 265.982719 ns
topology: 0.673512 MB, link: 1.684298 MB, data: 2.770432 MB
--- Unary Path Analysis (Marisa, cutoff=3) ---
  branches: 1290446  |  single-char: 483681 (37.5%)  short-unary: 134846 (10.4%)  links: 671919 (52.1%)
  link len: avg=7.04  max=178  total_chars=4731655
  link length distribution (len:count):  3:128200  4:106194  5:84287  6:72656  7:58516  8:44149  9:36040  10:28839  11:21753  12:17688  13:15308  14:12510  15:9745  16:7525  17:6122  18:4690  19:3698  20:2882  21:2216  22:1721  23:1367  24:1119  25:897  26:746  27:562  28:441  29:368  30:406  31:316  32:177  33:153  34:106  35:106  36:75  37:44  38:54  39:50  40:27  41:25  42:13  43:21  44:16  45:7  46:10  47:6  48:5  49:10  50:2  51:4  52:5  53:2  54:2  55:2  56:1  57:5  58:3  61:2  63:2  64:1  65:3  66:2  68:2  69:3  72:1  76:1  78:2  83:1  87:1  100:2  107:1  114:1  154:1  178:1
  short unary avg len: 2.00
496.819237,5.148748,265.982719
[PASSED]
[time 1.12 s, user 1.02 s, sys 0.09 s, maxrss 159056 KB]
[busy 121 jiffies]
[exit 0]
--- c2 case 1 rec 2   load 0.64 0.84 0.97
[TEST C2-CoCo(LOUDS-Sparse)]
Processing dataset...
Done!
Building trie...
trie size: 1.301167 MB
trie size: 0.188086 MB
Done!
build time: 1256.987402 ms (1412.561248 ns per key)
space cost: 5.460092 MB (48.247627% of original size 11.316810 MB)
Querying trie...
Done!
total time: 509.893487 ms, avg latency: 573.001590 ns
topology: 0.492825 MB, link: 1.813464 MB, data: 3.153803 MB
1256.987402,5.460092,573.001590
[PASSED]
[time 2.15 s, user 2.01 s, sys 0.12 s, maxrss 251804 KB]
[busy 227 jiffies]
[exit 0]
--- c2 case 1 rec 1   load 0.67 0.84 0.97
[TEST C2-CoCo(LOUDS-Sparse)]
Processing dataset...
Done!
Building trie...
trie size: 1.301167 MB
Done!
build time: 1249.025670 ms (1403.614114 ns per key)
space cost: 5.460092 MB (48.247627% of original size 11.316810 MB)
Querying trie...
Done!
total time: 514.051921 ms, avg latency: 577.674702 ns
topology: 0.492825 MB, link: 1.813464 MB, data: 3.153803 MB
1249.025670,5.460092,577.674702
[PASSED]
[time 2.16 s, user 2.02 s, sys 0.12 s, maxrss 251756 KB]
[busy 226 jiffies]
[exit 0]
--- c2 case 1 rec 0   load 0.61 0.83 0.96
[TEST C2-CoCo(LOUDS-Sparse)]
Processing dataset...
Done!
Building trie...
Done!
build time: 1188.381153 ms (1335.463793 ns per key)
space cost: 5.902932 MB (52.160740% of original size 11.316810 MB)
Querying trie...
Done!
total time: 476.379996 ms, avg latency: 535.340227 ns
topology: 0.365089 MB, link: 1.816309 MB, data: 3.721533 MB
1188.381153,5.902932,535.340227
[PASSED]
[time 2.05 s, user 1.92 s, sys 0.12 s, maxrss 251572 KB]
[busy 217 jiffies]
[exit 0]
--- c2 case 0 rec 2   load 0.61 0.83 0.96
[TEST C2-FST]
Processing dataset...
Done!
Building trie...
trie size: 1.301167 MB
trie size: 0.188086 MB
Done!
build time: 469.147515 ms (527.212602 ns per key)
space cost: 5.131913 MB (45.347703% of original size 11.316810 MB)
Querying trie...
Done!
total time: 362.307305 ms, avg latency: 407.149076 ns
topology: 0.978825 MB, link: 1.146868 MB, data: 3.006221 MB
--- Unary Path Analysis (FST, cutoff=4) ---
  shared unary steps in main trie: 344931
  terminal suffixes: inplace=288151 (avg len=1.99)  links=405388 (58.5% of terminal)
  link len: avg=7.08  max=176  total_chars=2869854
  link length distribution (len:count):  4:74698  5:65971  6:53798  7:40968  8:33851  9:27326  10:20764  11:16938  12:14649  13:12025  14:9410  15:7294  16:5909  17:4518  18:3598  19:2810  20:2154  21:1673  22:1340  23:1095  24:876  25:726  26:550  27:431  28:361  29:400  30:312  31:173  32:150  33:103  34:106  35:75  36:44  37:52  38:50  39:27  40:24  41:13  42:21  43:16  44:7  45:10  46:6  47:5  48:10  49:1  50:4  51:5  52:2  53:2  54:2  55:1  56:5  57:3  60:2  62:2  63:1  64:3  65:2  67:1  68:3  71:1  75:1  77:2  82:1  86:1  99:2  106:1  113:1  153:1  177:1
469.147515,5.131913,407.149076
[PASSED]
[time 1.23 s, user 1.14 s, sys 0.07 s, maxrss 129668 KB]
[busy 130 jiffies]
[exit 0]
--- c2 case 0 rec 1   load 0.56 0.82 0.96
[TEST C2-FST]
Processing dataset...
Done!
Building trie...
trie size: 1.301167 MB
Done!
build time: 460.059066 ms (516.999301 ns per key)
space cost: 5.131913 MB (45.347703% of original size 11.316810 MB)
Querying trie...
Done!
total time: 359.764507 ms, avg latency: 404.291563 ns
topology: 0.978825 MB, link: 1.146868 MB, data: 3.006221 MB
--- Unary Path Analysis (FST, cutoff=4) ---
  shared unary steps in main trie: 344931
  terminal suffixes: inplace=288151 (avg len=1.99)  links=405388 (58.5% of terminal)
  link len: avg=7.08  max=176  total_chars=2869854
  link length distribution (len:count):  4:74698  5:65971  6:53798  7:40968  8:33851  9:27326  10:20764  11:16938  12:14649  13:12025  14:9410  15:7294  16:5909  17:4518  18:3598  19:2810  20:2154  21:1673  22:1340  23:1095  24:876  25:726  26:550  27:431  28:361  29:400  30:312  31:173  32:150  33:103  34:106  35:75  36:44  37:52  38:50  39:27  40:24  41:13  42:21  43:16  44:7  45:10  46:6  47:5  48:10  49:1  50:4  51:5  52:2  53:2  54:2  55:1  56:5  57:3  60:2  62:2  63:1  64:3  65:2  67:1  68:3  71:1  75:1  77:2  82:1  86:1  99:2  106:1  113:1  153:1  177:1
460.059066,5.131913,404.291563
[PASSED]
[time 1.22 s, user 1.13 s, sys 0.08 s, maxrss 129688 KB]
[busy 128 jiffies]
[exit 0]
--- c2 case 0 rec 0   load 0.56 0.82 0.96
[TEST C2-FST]
Processing dataset...
Done!
Building trie...
Done!
build time: 401.491222 ms (451.182677 ns per key)
space cost: 5.574753 MB (49.260816% of original size 11.316810 MB)
Querying trie...
Done!
total time: 318.514397 ms, avg latency: 357.936041 ns
topology: 0.851089 MB, link: 1.149713 MB, data: 3.573951 MB
--- Unary Path Analysis (FST, cutoff=4) ---
  shared unary steps in main trie: 344931
  terminal suffixes: inplace=288151 (avg len=1.99)  links=405388 (58.5% of terminal)
  link len: avg=7.08  max=176  total_chars=2869854
  link length distribution (len:count):  4:74698  5:65971  6:53798  7:40968  8:33851  9:27326  10:20764  11:16938  12:14649  13:12025  14:9410  15:7294  16:5909  17:4518  18:3598  19:2810  20:2154  21:1673  22:1340  23:1095  24:876  25:726  26:550  27:431  28:361  29:400  30:312  31:173  32:150  33:103  34:106  35:75  36:44  37:52  38:50  39:27  40:24  41:13  42:21  43:16  44:7  45:10  46:6  47:5  48:10  49:1  50:4  51:5  52:2  53:2  54:2  55:1  56:5  57:3  60:2  62:2  63:1  64:3  65:2  67:1  68:3  71:1  75:1  77:2  82:1  86:1  99:2  106:1  113:1  153:1  177:1
401.491222,5.574753,357.936041
[PASSED]
[time 1.11 s, user 1.03 s, sys 0.07 s, maxrss 129548 KB]
[busy 118 jiffies]
[exit 0]
--- lexindex hashed16   load 0.52 0.80 0.95
889864 keys
lexindex HashedDictIndex fp=16: build 259 ms, size 7.558 MiB (8.906 B/key), latency cold 34.0 ns, then mean 28.9 / min 28.7 ns
259.075,7.558114,34.028
[time 0.79 s, user 1.75 s, sys 0.18 s, maxrss 216248 KB]
[busy 211 jiffies]
[exit 0]
--- lexindex hashed8   load 0.52 0.80 0.95
889864 keys
lexindex HashedDictIndex fp=8: build 262 ms, size 6.709 MiB (7.906 B/key), latency cold 32.7 ns, then mean 25.2 / min 22.6 ns
261.592,6.709474,32.666
[time 0.78 s, user 1.75 s, sys 0.20 s, maxrss 214672 KB]
[busy 213 jiffies]
[exit 0]
--- lexindex hashed0   load 0.52 0.80 0.95
889864 keys
lexindex HashedDictIndex closed: build 258 ms, size 5.861 MiB (6.906 B/key), latency cold 30.3 ns, then mean 24.7 / min 22.4 ns
258.179,5.860833,30.300
[time 0.78 s, user 1.80 s, sys 0.17 s, maxrss 214788 KB]
[busy 214 jiffies]
[exit 0]
--- lexindex string   load 0.48 0.79 0.94
889864 keys
lexindex StringIndex: build 478 ms, size 8.484 MiB (9.998 B/key), latency cold 210.5 ns, then mean 202.9 / min 201.8 ns
478.095,8.484477,210.504
[time 1.62 s, user 1.55 s, sys 0.06 s, maxrss 122496 KB]
[busy 174 jiffies]
[exit 0]
--- lexindex routed1024   load 0.48 0.79 0.94
889864 keys
lexindex DictIndex block 1024 routed: build 197 ms, size 3.625 MiB (4.272 B/key), latency cold 275.9 ns, then mean 273.1 / min 271.9 ns
197.421,3.625497,275.932
[time 1.59 s, user 2.16 s, sys 0.14 s, maxrss 188032 KB]
[busy 250 jiffies]
[exit 0]
--- lexindex routed256   load 0.76 0.84 0.96
889864 keys
lexindex DictIndex block 256 routed: build 179 ms, size 3.959 MiB (4.666 B/key), latency cold 249.6 ns, then mean 237.0 / min 236.0 ns
179.135,3.959354,249.606
[time 1.45 s, user 2.41 s, sys 0.18 s, maxrss 205784 KB]
[busy 273 jiffies]
[exit 0]
--- lexindex routed32   load 0.76 0.84 0.96
889864 keys
lexindex DictIndex block 32 routed: build 173 ms, size 4.224 MiB (4.978 B/key), latency cold 274.7 ns, then mean 267.5 / min 264.5 ns
172.758,4.224232,274.718
[time 1.56 s, user 2.50 s, sys 0.17 s, maxrss 205276 KB]
[busy 289 jiffies]
[exit 0]
--- lexindex dict1024   load 0.78 0.85 0.96
889864 keys
lexindex DictIndex block 1024: build 194 ms, size 3.413 MiB (4.022 B/key), latency cold 378.8 ns, then mean 371.6 / min 370.0 ns
194.408,3.413095,378.809
[time 1.95 s, user 2.53 s, sys 0.13 s, maxrss 186740 KB]
[busy 283 jiffies]
[exit 0]
--- lexindex dict256   load 0.78 0.85 0.96
889864 keys
lexindex DictIndex block 256: build 180 ms, size 3.535 MiB (4.165 B/key), latency cold 316.9 ns, then mean 307.1 / min 305.6 ns
180.340,3.534916,316.879
[time 1.70 s, user 2.67 s, sys 0.18 s, maxrss 205032 KB]
[busy 302 jiffies]
[exit 0]
--- lexindex dict32   load 0.80 0.85 0.96
889864 keys
lexindex DictIndex block 32: build 172 ms, size 3.800 MiB (4.478 B/key), latency cold 298.1 ns, then mean 290.6 / min 289.0 ns
171.757,3.799900,298.122
[time 1.64 s, user 2.58 s, sys 0.18 s, maxrss 204608 KB]
[busy 292 jiffies]
[exit 0]

##### paths-1000000 (1000000 lines, 125978312 bytes)   round 2/3   2026-09-24T12:55:34+03:00
--- xcdat 16   load 0.80 0.85 0.96
build time: 1368.961429 ms
space cost: 25.154240 MiB (21.104567% of original size 119.188606 MiB)
avg latency: 688.067159 ns
1368.961429,25.154240,688.067159
[time 3.07 s, user 2.81 s, sys 0.24 s, maxrss 369308 KB]
[busy 319 jiffies]
[exit 0]
--- xcdat 15   load 0.81 0.85 0.96
build time: 1438.277110 ms
space cost: 23.949356 MiB (20.093662% of original size 119.188606 MiB)
avg latency: 629.683422 ns
1438.277110,23.949356,629.683422
[time 3.08 s, user 2.82 s, sys 0.24 s, maxrss 368220 KB]
[busy 320 jiffies]
[exit 0]
--- xcdat 8   load 0.83 0.85 0.96
build time: 1366.386900 ms
space cost: 18.497238 MiB (15.519301% of original size 119.188606 MiB)
avg latency: 713.639817 ns
1366.386900,18.497238,713.639817
[time 3.09 s, user 2.81 s, sys 0.27 s, maxrss 362504 KB]
[busy 324 jiffies]
[exit 0]
--- xcdat 7   load 0.84 0.86 0.96
build time: 1420.282263 ms
space cost: 18.455355 MiB (15.484160% of original size 119.188606 MiB)
avg latency: 706.658577 ns
1420.282263,18.455355,706.658577
[time 3.15 s, user 2.90 s, sys 0.23 s, maxrss 362308 KB]
[busy 328 jiffies]
[exit 0]
--- c2 case 8 rec 0   load 0.77 0.84 0.96
[TEST CART]
Processing dataset...
Done!
Building trie...
Done!
build time: 470.177891 ms (470.177891 ns per key)
space cost: 18.620093 MB (15.622377% of original size 119.188606 MB)
Querying trie...
Done!
total time: 830.162241 ms, avg latency: 830.162241 ns
not implemented
470.177891,18.620093,830.162241
[PASSED]
[time 2.35 s, user 2.09 s, sys 0.25 s, maxrss 496240 KB]
[busy 247 jiffies]
[exit 0]
--- c2 case 7 rec 0   load 0.77 0.84 0.96
[TEST ART]
Processing dataset...
Done!
Building trie...
Done!
build time: 414.097432 ms (414.097432 ns per key)
space cost: 34.675591 MB (29.093041% of original size 119.188606 MB)
Querying trie...
Done!
total time: 771.283143 ms, avg latency: 771.283143 ns
not implemented
414.097432,34.675591,771.283143
[PASSED]
[time 2.22 s, user 1.92 s, sys 0.29 s, maxrss 505544 KB]
[busy 231 jiffies]
[exit 0]
--- c2 case 6 rec 0   load 0.79 0.84 0.96
[TEST PDT]
Processing dataset...
Done!
Building trie...
dict size: 153672, stream size: 10323140
Done!
build time: 4848.588513 ms (4848.588513 ns per key)
space cost: 11.267526 MB (9.453526% of original size 119.188606 MB)
Querying trie...
Done!
total time: 1064.335090 ms, avg latency: 1064.335090 ns
not implemented
4848.588513,11.267526,1064.335090
[PASSED]
[time 6.93 s, user 6.59 s, sys 0.31 s, maxrss 389248 KB]
[busy 717 jiffies]
[exit 0]
--- c2 case 5 rec 2   load 0.74 0.83 0.95
[TEST MARISA]
Processing dataset...
Done!
Building trie...
Done!
build time: 1812.295574 ms (1812.295574 ns per key)
space cost: 9.029414 MB (7.575736% of original size 119.188606 MB)
Querying trie...
Done!
total time: 2232.180181 ms, avg latency: 2232.180181 ns
not implemented
1812.295574,9.029414,2232.180181
[PASSED]
[time 5.00 s, user 4.74 s, sys 0.24 s, maxrss 411520 KB]
[busy 518 jiffies]
[exit 0]
--- c2 case 5 rec 1   load 0.77 0.84 0.95
[TEST MARISA]
Processing dataset...
Done!
Building trie...
Done!
build time: 1789.796893 ms (1789.796893 ns per key)
space cost: 9.428862 MB (7.910875% of original size 119.188606 MB)
Querying trie...
Done!
total time: 1774.329667 ms, avg latency: 1774.329667 ns
not implemented
1789.796893,9.428862,1774.329667
[PASSED]
[time 4.54 s, user 4.28 s, sys 0.24 s, maxrss 411612 KB]
[busy 469 jiffies]
[exit 0]
--- c2 case 5 rec 0   load 0.78 0.84 0.95
[TEST MARISA]
Processing dataset...
Done!
Building trie...
Done!
build time: 1633.217281 ms (1633.217281 ns per key)
space cost: 12.257486 MB (10.284109% of original size 119.188606 MB)
Querying trie...
Done!
total time: 980.628394 ms, avg latency: 980.628394 ns
not implemented
1633.217281,12.257486,980.628394
[PASSED]
[time 3.57 s, user 3.31 s, sys 0.24 s, maxrss 411544 KB]
[busy 369 jiffies]
[exit 0]
--- c2 case 4 rec 0   load 0.80 0.84 0.96
[TEST COCO]
Processing dataset...
Done!
Building trie...
num nodes = 584148, average depth = 12.594651
ef = 0.000038, pa = 0.103241, bv = 0.000608, de = 0.597184
efr = 0.000176, par = 0.181430, bvr = 0.000135, der = 0.117188
Done!
build time: 45112.529212 ms (45112.529212 ns per key)
space cost: 19.697372 MB (16.526221% of original size 119.188606 MB)
Querying trie...
Done!
total time: 1403.776505 ms, avg latency: 1403.776505 ns
not implemented
45112.529212,19.697372,1403.776505
[PASSED]
[time 49.13 s, user 38.91 s, sys 10.02 s, maxrss 23293136 KB]
[busy 5050 jiffies]
[exit 0]
--- c2 case 3 rec 0   load 0.96 0.88 0.97
[TEST FST]
Processing dataset...
Done!
Building trie...
Done!
build time: 3327.947831 ms (3327.947831 ns per key)
space cost: 14.021067 MB (11.763764% of original size 119.188606 MB)
Querying trie...
Done!
total time: 4583.676968 ms, avg latency: 4583.676968 ns
not implemented
3327.947831,14.021067,4583.676968
[PASSED]
[time 8.93 s, user 8.69 s, sys 0.20 s, maxrss 357988 KB]
[busy 918 jiffies]
[exit 0]
--- c2 case 2 rec 2   load 0.96 0.89 0.97
[TEST C2-MARISA]
Processing dataset...
Done!
Building trie...
trie size: 2.297644 MB
trie size: 3.841883 MB
trie size: 0.864431 MB
Done!
build time: 1806.582037 ms (1806.582037 ns per key)
space cost: 9.839272 MB (8.255212% of original size 119.188606 MB)
Querying trie...
Done!
total time: 1610.724722 ms, avg latency: 1610.724722 ns
topology: 1.073097 MB, link: 3.403300 MB, data: 5.342366 MB
--- Unary Path Analysis (Marisa, cutoff=3) ---
  branches: 1534795  |  single-char: 270841 (17.6%)  short-unary: 45134 (2.9%)  links: 1218820 (79.4%)
  link len: avg=14.88  max=445  total_chars=18132830
  link length distribution (len:count):  3:37127  4:49365  5:75461  6:91989  7:72185  8:66513  9:63973  10:68956  11:73223  12:65790  13:57380  14:41495  15:36762  16:42631  17:41179  18:27817  19:22377  20:18838  21:17845  22:16718  23:15115  24:13613  25:12555  26:39233  27:27982  28:7379  29:6328  30:6087  31:6172  32:5955  33:5265  34:5643  35:4792  36:4909  37:5534  38:9417  39:5190  40:12044  41:4130  42:3423  43:3194  44:2134  45:1772  46:1642  47:1384  48:1261  49:1057  50:900  51:919  52:1030  53:750  54:799  55:667  56:702  57:772  58:823  59:1198  60:1008  61:899  62:972  63:712  64:409  65:454  66:414  67:320  68:269  69:256  70:270  71:258  72:280  73:453  74:258  75:356  76:221  77:315  78:88  79:138  80:65  81:34  82:48  83:40  84:34  85:38  86:63  87:38  88:23  89:36  90:23  91:6  92:6  93:19  94:8  95:11  96:14  97:13  98:3  99:5  100:4  101:12  102:17  103:11  104:6  105:17  106:9  107:12  108:11  109:7  110:2  111:4  112:1  113:2  114:4  115:4  116:4  117:3  118:4  119:14  120:6  121:1  123:2  124:3  125:38  126:23  127:156  128:15  129:61  130:3  131:1  132:3  133:2  134:1  136:1  137:3  138:6  139:1  140:1  143:4  144:2  145:2  146:2  147:2  149:1  152:3  153:1  155:2  157:1  160:2  161:2  162:2  166:3  167:1  168:1  172:1  173:3  174:1  175:1  176:1  183:2  185:1  188:4  189:2  191:2  192:3  195:2  196:3  199:1  202:1  203:1  204:1  206:1  207:2  216:1  220:1  230:1  234:1  236:1  244:1  248:1  258:1  266:1  445:1
  short unary avg len: 2.00
1806.582037,9.839272,1610.724722
[PASSED]
[time 4.42 s, user 4.16 s, sys 0.24 s, maxrss 353928 KB]
[busy 458 jiffies]
[exit 0]
--- c2 case 2 rec 1   load 0.97 0.89 0.97
[TEST C2-MARISA]
Processing dataset...
Done!
Building trie...
trie size: 2.297644 MB
trie size: 3.841883 MB
Done!
build time: 1645.668780 ms (1645.668780 ns per key)
space cost: 9.839272 MB (8.255212% of original size 119.188606 MB)
Querying trie...
Done!
total time: 1597.502234 ms, avg latency: 1597.502234 ns
topology: 1.073097 MB, link: 3.403300 MB, data: 5.342366 MB
--- Unary Path Analysis (Marisa, cutoff=3) ---
  branches: 1534795  |  single-char: 270841 (17.6%)  short-unary: 45134 (2.9%)  links: 1218820 (79.4%)
  link len: avg=14.88  max=445  total_chars=18132830
  link length distribution (len:count):  3:37127  4:49365  5:75461  6:91989  7:72185  8:66513  9:63973  10:68956  11:73223  12:65790  13:57380  14:41495  15:36762  16:42631  17:41179  18:27817  19:22377  20:18838  21:17845  22:16718  23:15115  24:13613  25:12555  26:39233  27:27982  28:7379  29:6328  30:6087  31:6172  32:5955  33:5265  34:5643  35:4792  36:4909  37:5534  38:9417  39:5190  40:12044  41:4130  42:3423  43:3194  44:2134  45:1772  46:1642  47:1384  48:1261  49:1057  50:900  51:919  52:1030  53:750  54:799  55:667  56:702  57:772  58:823  59:1198  60:1008  61:899  62:972  63:712  64:409  65:454  66:414  67:320  68:269  69:256  70:270  71:258  72:280  73:453  74:258  75:356  76:221  77:315  78:88  79:138  80:65  81:34  82:48  83:40  84:34  85:38  86:63  87:38  88:23  89:36  90:23  91:6  92:6  93:19  94:8  95:11  96:14  97:13  98:3  99:5  100:4  101:12  102:17  103:11  104:6  105:17  106:9  107:12  108:11  109:7  110:2  111:4  112:1  113:2  114:4  115:4  116:4  117:3  118:4  119:14  120:6  121:1  123:2  124:3  125:38  126:23  127:156  128:15  129:61  130:3  131:1  132:3  133:2  134:1  136:1  137:3  138:6  139:1  140:1  143:4  144:2  145:2  146:2  147:2  149:1  152:3  153:1  155:2  157:1  160:2  161:2  162:2  166:3  167:1  168:1  172:1  173:3  174:1  175:1  176:1  183:2  185:1  188:4  189:2  191:2  192:3  195:2  196:3  199:1  202:1  203:1  204:1  206:1  207:2  216:1  220:1  230:1  234:1  236:1  244:1  248:1  258:1  266:1  445:1
  short unary avg len: 2.00
1645.668780,9.839272,1597.502234
[PASSED]
[time 4.24 s, user 3.98 s, sys 0.23 s, maxrss 354100 KB]
[busy 441 jiffies]
[exit 0]
--- c2 case 2 rec 0   load 0.97 0.89 0.97
[TEST C2-MARISA]
Processing dataset...
Done!
Building trie...
trie size: 2.297644 MB
Done!
build time: 1357.671051 ms (1357.671051 ns per key)
space cost: 11.928165 MB (10.007807% of original size 119.188606 MB)
Querying trie...
Done!
total time: 881.581902 ms, avg latency: 881.581902 ns
topology: 0.761036 MB, link: 3.343996 MB, data: 7.802626 MB
--- Unary Path Analysis (Marisa, cutoff=3) ---
  branches: 1534795  |  single-char: 270841 (17.6%)  short-unary: 45134 (2.9%)  links: 1218820 (79.4%)
  link len: avg=14.88  max=445  total_chars=18132830
  link length distribution (len:count):  3:37127  4:49365  5:75461  6:91989  7:72185  8:66513  9:63973  10:68956  11:73223  12:65790  13:57380  14:41495  15:36762  16:42631  17:41179  18:27817  19:22377  20:18838  21:17845  22:16718  23:15115  24:13613  25:12555  26:39233  27:27982  28:7379  29:6328  30:6087  31:6172  32:5955  33:5265  34:5643  35:4792  36:4909  37:5534  38:9417  39:5190  40:12044  41:4130  42:3423  43:3194  44:2134  45:1772  46:1642  47:1384  48:1261  49:1057  50:900  51:919  52:1030  53:750  54:799  55:667  56:702  57:772  58:823  59:1198  60:1008  61:899  62:972  63:712  64:409  65:454  66:414  67:320  68:269  69:256  70:270  71:258  72:280  73:453  74:258  75:356  76:221  77:315  78:88  79:138  80:65  81:34  82:48  83:40  84:34  85:38  86:63  87:38  88:23  89:36  90:23  91:6  92:6  93:19  94:8  95:11  96:14  97:13  98:3  99:5  100:4  101:12  102:17  103:11  104:6  105:17  106:9  107:12  108:11  109:7  110:2  111:4  112:1  113:2  114:4  115:4  116:4  117:3  118:4  119:14  120:6  121:1  123:2  124:3  125:38  126:23  127:156  128:15  129:61  130:3  131:1  132:3  133:2  134:1  136:1  137:3  138:6  139:1  140:1  143:4  144:2  145:2  146:2  147:2  149:1  152:3  153:1  155:2  157:1  160:2  161:2  162:2  166:3  167:1  168:1  172:1  173:3  174:1  175:1  176:1  183:2  185:1  188:4  189:2  191:2  192:3  195:2  196:3  199:1  202:1  203:1  204:1  206:1  207:2  216:1  220:1  230:1  234:1  236:1  244:1  248:1  258:1  266:1  445:1
  short unary avg len: 2.00
1357.671051,11.928165,881.581902
[PASSED]
[time 3.25 s, user 2.97 s, sys 0.26 s, maxrss 356252 KB]
[busy 339 jiffies]
[exit 0]
--- c2 case 1 rec 2   load 0.97 0.89 0.97
[TEST C2-CoCo(LOUDS-Sparse)]
Processing dataset...
Done!
Building trie...
trie size: 2.746100 MB
trie size: 0.687543 MB
Done!
build time: 5481.962931 ms (5481.962931 ns per key)
space cost: 13.118518 MB (11.006521% of original size 119.188606 MB)
Querying trie...
Done!
total time: 1812.257463 ms, avg latency: 1812.257463 ns
topology: 0.719440 MB, link: 3.961886 MB, data: 8.437192 MB
5481.962931,13.118518,1812.257463
[PASSED]
[time 8.31 s, user 7.93 s, sys 0.34 s, maxrss 591204 KB]
[busy 856 jiffies]
[exit 0]
--- c2 case 1 rec 1   load 0.98 0.90 0.97
[TEST C2-CoCo(LOUDS-Sparse)]
Processing dataset...
Done!
Building trie...
trie size: 2.746100 MB
Done!
build time: 5375.898449 ms (5375.898449 ns per key)
space cost: 13.118518 MB (11.006521% of original size 119.188606 MB)
Querying trie...
Done!
total time: 1785.872388 ms, avg latency: 1785.872388 ns
topology: 0.719440 MB, link: 3.961886 MB, data: 8.437192 MB
5375.898449,13.118518,1785.872388
[PASSED]
[time 8.16 s, user 7.77 s, sys 0.35 s, maxrss 587864 KB]
[busy 840 jiffies]
[exit 0]
--- c2 case 1 rec 0   load 0.98 0.90 0.97
[TEST C2-CoCo(LOUDS-Sparse)]
Processing dataset...
Done!
Building trie...
Done!
build time: 5130.886341 ms (5130.886341 ns per key)
space cost: 14.878411 MB (12.483082% of original size 119.188606 MB)
Querying trie...
Done!
total time: 1672.722962 ms, avg latency: 1672.722962 ns
topology: 0.476959 MB, link: 4.004946 MB, data: 10.396506 MB
5130.886341,14.878411,1672.722962
[PASSED]
[time 7.82 s, user 7.41 s, sys 0.38 s, maxrss 596144 KB]
[busy 808 jiffies]
[exit 0]
--- c2 case 0 rec 2   load 0.98 0.90 0.97
[TEST C2-FST]
Processing dataset...
Done!
Building trie...
trie size: 2.746100 MB
trie size: 0.687543 MB
Done!
build time: 1804.162810 ms (1804.162810 ns per key)
space cost: 12.500864 MB (10.488305% of original size 119.188606 MB)
Querying trie...
Done!
total time: 2636.080100 ms, avg latency: 2636.080100 ns
topology: 1.942371 MB, link: 2.552141 MB, data: 8.006351 MB
--- Unary Path Analysis (FST, cutoff=4) ---
  shared unary steps in main trie: 2658278
  terminal suffixes: inplace=39819 (avg len=2.28)  links=891354 (95.7% of terminal)
  link len: avg=14.94  max=443  total_chars=13318660
  link length distribution (len:count):  4:40001  5:49577  6:45421  7:46380  8:50483  9:55180  10:56608  11:54673  12:51140  13:35047  14:30416  15:36724  16:35248  17:24069  18:19466  19:17073  20:16018  21:15299  22:13878  23:12677  24:11568  25:37816  26:26754  27:6712  28:5420  29:5541  30:5676  31:5365  32:4659  33:5334  34:4520  35:4652  36:5350  37:9255  38:4943  39:11477  40:3024  41:2087  42:2051  43:1854  44:1606  45:1448  46:1135  47:1025  48:963  49:801  50:774  51:907  52:679  53:727  54:589  55:642  56:710  57:689  58:824  59:515  60:781  61:937  62:666  63:360  64:436  65:381  66:289  67:245  68:235  69:250  70:244  71:266  72:444  73:249  74:341  75:214  76:315  77:82  78:131  79:63  80:31  81:46  82:38  83:33  84:32  85:58  86:34  87:20  88:33  89:21  90:5  91:6  92:18  93:7  94:11  95:14  96:12  97:3  98:4  99:4  100:10  101:17  102:11  103:6  104:17  105:9  106:12  107:11  108:7  109:2  110:3  111:1  112:2  113:4  114:3  115:4  116:3  117:4  118:13  119:5  120:1  122:2  123:3  124:38  125:23  126:156  127:15  128:61  129:3  130:1  131:3  132:2  133:1  136:3  137:6  138:1  139:1  142:4  143:1  144:2  145:2  146:2  151:3  152:1  154:2  159:2  160:2  161:2  165:3  167:1  171:1  172:3  173:1  174:1  175:1  182:1  187:3  188:1  190:2  191:1  194:1  195:3  198:1  201:1  202:1  203:1  205:1  206:1  215:1  219:1  233:1  235:1  243:1  247:1  257:1  265:1  444:1
1804.162810,12.500864,2636.080100
[PASSED]
[time 5.45 s, user 5.19 s, sys 0.23 s, maxrss 356720 KB]
[busy 563 jiffies]
[exit 0]
--- c2 case 0 rec 1   load 0.91 0.89 0.97
[TEST C2-FST]
Processing dataset...
Done!
Building trie...
trie size: 2.746100 MB
Done!
build time: 1714.680501 ms (1714.680501 ns per key)
space cost: 12.500864 MB (10.488305% of original size 119.188606 MB)
Querying trie...
Done!
total time: 2624.068326 ms, avg latency: 2624.068326 ns
topology: 1.942371 MB, link: 2.552141 MB, data: 8.006351 MB
--- Unary Path Analysis (FST, cutoff=4) ---
  shared unary steps in main trie: 2658278
  terminal suffixes: inplace=39819 (avg len=2.28)  links=891354 (95.7% of terminal)
  link len: avg=14.94  max=443  total_chars=13318660
  link length distribution (len:count):  4:40001  5:49577  6:45421  7:46380  8:50483  9:55180  10:56608  11:54673  12:51140  13:35047  14:30416  15:36724  16:35248  17:24069  18:19466  19:17073  20:16018  21:15299  22:13878  23:12677  24:11568  25:37816  26:26754  27:6712  28:5420  29:5541  30:5676  31:5365  32:4659  33:5334  34:4520  35:4652  36:5350  37:9255  38:4943  39:11477  40:3024  41:2087  42:2051  43:1854  44:1606  45:1448  46:1135  47:1025  48:963  49:801  50:774  51:907  52:679  53:727  54:589  55:642  56:710  57:689  58:824  59:515  60:781  61:937  62:666  63:360  64:436  65:381  66:289  67:245  68:235  69:250  70:244  71:266  72:444  73:249  74:341  75:214  76:315  77:82  78:131  79:63  80:31  81:46  82:38  83:33  84:32  85:58  86:34  87:20  88:33  89:21  90:5  91:6  92:18  93:7  94:11  95:14  96:12  97:3  98:4  99:4  100:10  101:17  102:11  103:6  104:17  105:9  106:12  107:11  108:7  109:2  110:3  111:1  112:2  113:4  114:3  115:4  116:3  117:4  118:13  119:5  120:1  122:2  123:3  124:38  125:23  126:156  127:15  128:61  129:3  130:1  131:3  132:2  133:1  136:3  137:6  138:1  139:1  142:4  143:1  144:2  145:2  146:2  151:3  152:1  154:2  159:2  160:2  161:2  165:3  167:1  171:1  172:3  173:1  174:1  175:1  182:1  187:3  188:1  190:2  191:1  194:1  195:3  198:1  201:1  202:1  203:1  205:1  206:1  215:1  219:1  233:1  235:1  243:1  247:1  257:1  265:1  444:1
1714.680501,12.500864,2624.068326
[PASSED]
[time 5.37 s, user 5.11 s, sys 0.24 s, maxrss 356924 KB]
[busy 554 jiffies]
[exit 0]
--- c2 case 0 rec 0   load 0.91 0.89 0.97
[TEST C2-FST]
Processing dataset...
Done!
Building trie...
Done!
build time: 1455.328905 ms (1455.328905 ns per key)
space cost: 14.260756 MB (11.964866% of original size 119.188606 MB)
Querying trie...
Done!
total time: 2488.544704 ms, avg latency: 2488.544704 ns
topology: 1.699890 MB, link: 2.595201 MB, data: 9.965666 MB
--- Unary Path Analysis (FST, cutoff=4) ---
  shared unary steps in main trie: 2658278
  terminal suffixes: inplace=39819 (avg len=2.28)  links=891354 (95.7% of terminal)
  link len: avg=14.94  max=443  total_chars=13318660
  link length distribution (len:count):  4:40001  5:49577  6:45421  7:46380  8:50483  9:55180  10:56608  11:54673  12:51140  13:35047  14:30416  15:36724  16:35248  17:24069  18:19466  19:17073  20:16018  21:15299  22:13878  23:12677  24:11568  25:37816  26:26754  27:6712  28:5420  29:5541  30:5676  31:5365  32:4659  33:5334  34:4520  35:4652  36:5350  37:9255  38:4943  39:11477  40:3024  41:2087  42:2051  43:1854  44:1606  45:1448  46:1135  47:1025  48:963  49:801  50:774  51:907  52:679  53:727  54:589  55:642  56:710  57:689  58:824  59:515  60:781  61:937  62:666  63:360  64:436  65:381  66:289  67:245  68:235  69:250  70:244  71:266  72:444  73:249  74:341  75:214  76:315  77:82  78:131  79:63  80:31  81:46  82:38  83:33  84:32  85:58  86:34  87:20  88:33  89:21  90:5  91:6  92:18  93:7  94:11  95:14  96:12  97:3  98:4  99:4  100:10  101:17  102:11  103:6  104:17  105:9  106:12  107:11  108:7  109:2  110:3  111:1  112:2  113:4  114:3  115:4  116:3  117:4  118:13  119:5  120:1  122:2  123:3  124:38  125:23  126:156  127:15  128:61  129:3  130:1  131:3  132:2  133:1  136:3  137:6  138:1  139:1  142:4  143:1  144:2  145:2  146:2  151:3  152:1  154:2  159:2  160:2  161:2  165:3  167:1  171:1  172:3  173:1  174:1  175:1  182:1  187:3  188:1  190:2  191:1  194:1  195:3  198:1  201:1  202:1  203:1  205:1  206:1  215:1  219:1  233:1  235:1  243:1  247:1  257:1  265:1  444:1
1455.328905,14.260756,2488.544704
[PASSED]
[time 4.94 s, user 4.71 s, sys 0.21 s, maxrss 358640 KB]
[busy 513 jiffies]
[exit 0]
--- lexindex hashed16   load 0.92 0.89 0.97
1000000 keys
lexindex HashedDictIndex fp=16: build 655 ms, size 13.935 MiB (14.611 B/key), latency cold 113.6 ns, then mean 105.6 / min 102.1 ns
654.832,13.934555,113.615
[time 1.88 s, user 4.75 s, sys 0.41 s, maxrss 491896 KB]
[busy 538 jiffies]
[exit 0]
--- lexindex hashed8   load 0.93 0.90 0.97
1000000 keys
lexindex HashedDictIndex fp=8: build 651 ms, size 12.981 MiB (13.611 B/key), latency cold 111.1 ns, then mean 106.2 / min 103.7 ns
651.267,12.980881,111.140
[time 1.88 s, user 4.77 s, sys 0.39 s, maxrss 500844 KB]
[busy 534 jiffies]
[exit 0]
--- lexindex hashed0   load 0.93 0.90 0.97
1000000 keys
lexindex HashedDictIndex closed: build 656 ms, size 12.027 MiB (12.611 B/key), latency cold 83.5 ns, then mean 80.3 / min 78.3 ns
656.055,12.027206,83.486
[time 1.78 s, user 4.68 s, sys 0.38 s, maxrss 499360 KB]
[busy 527 jiffies]
[exit 0]
--- lexindex string   load 0.93 0.90 0.97
1000000 keys
lexindex StringIndex: build 1477 ms, size 16.673 MiB (17.483 B/key), latency cold 749.0 ns, then mean 757.6 / min 755.6 ns
1477.070,16.673446,749.020
[time 5.28 s, user 5.05 s, sys 0.20 s, maxrss 363612 KB]
[busy 555 jiffies]
[exit 0]
--- lexindex routed1024   load 0.94 0.90 0.97
1000000 keys
lexindex DictIndex block 1024 routed: build 571 ms, size 9.130 MiB (9.573 B/key), latency cold 842.3 ns, then mean 843.5 / min 838.7 ns
571.079,9.129984,842.286
[time 4.76 s, user 6.56 s, sys 0.36 s, maxrss 496964 KB]
[busy 722 jiffies]
[exit 0]
--- lexindex routed256   load 0.94 0.90 0.97
1000000 keys
lexindex DictIndex block 256 routed: build 512 ms, size 9.891 MiB (10.371 B/key), latency cold 776.8 ns, then mean 780.1 / min 774.0 ns
511.883,9.890570,776.829
[time 4.44 s, user 7.25 s, sys 0.41 s, maxrss 495516 KB]
[busy 795 jiffies]
[exit 0]
--- lexindex routed32   load 0.95 0.90 0.97
1000000 keys
lexindex DictIndex block 32 routed: build 504 ms, size 12.866 MiB (13.491 B/key), latency cold 772.9 ns, then mean 759.9 / min 756.9 ns
504.242,12.866024,772.919
[time 4.37 s, user 7.07 s, sys 0.40 s, maxrss 495116 KB]
[busy 777 jiffies]
[exit 0]
--- lexindex dict1024   load 0.95 0.91 0.97
1000000 keys
lexindex DictIndex block 1024: build 577 ms, size 8.891 MiB (9.323 B/key), latency cold 829.7 ns, then mean 820.1 / min 819.4 ns
577.031,8.891459,829.699
[time 4.68 s, user 6.46 s, sys 0.38 s, maxrss 507192 KB]
[busy 715 jiffies]
[exit 0]
--- lexindex dict256   load 0.95 0.91 0.97
1000000 keys
lexindex DictIndex block 256: build 519 ms, size 9.414 MiB (9.871 B/key), latency cold 794.0 ns, then mean 782.8 / min 781.4 ns
518.544,9.413641,794.012
[time 4.47 s, user 7.26 s, sys 0.40 s, maxrss 491616 KB]
[busy 805 jiffies]
[exit 0]
--- lexindex dict32   load 0.88 0.89 0.96
1000000 keys
lexindex DictIndex block 32: build 503 ms, size 12.389 MiB (12.991 B/key), latency cold 765.3 ns, then mean 761.5 / min 758.0 ns
503.081,12.389187,765.339
[time 4.36 s, user 7.08 s, sys 0.39 s, maxrss 495256 KB]
[busy 775 jiffies]
[exit 0]

##### opaque-1000000 (1000000 lines, 17000000 bytes)   round 2/3   2026-09-24T12:59:11+03:00
--- xcdat 16   load 0.89 0.90 0.97
build time: 643.392184 ms
space cost: 19.227987 MiB (126.012538% of original size 15.258789 MiB)
avg latency: 209.807751 ns
643.392184,19.227987,209.807751
[time 1.53 s, user 1.41 s, sys 0.11 s, maxrss 179680 KB]
[busy 161 jiffies]
[exit 0]
--- xcdat 15   load 0.89 0.90 0.97
build time: 663.792982 ms
space cost: 19.094490 MiB (125.137650% of original size 15.258789 MiB)
avg latency: 204.754375 ns
663.792982,19.094490,204.754375
[time 1.55 s, user 1.43 s, sys 0.10 s, maxrss 181116 KB]
[busy 164 jiffies]
[exit 0]
--- xcdat 8   load 0.90 0.90 0.97
build time: 646.640077 ms
space cost: 18.565336 MiB (121.669787% of original size 15.258789 MiB)
avg latency: 216.576471 ns
646.640077,18.565336,216.576471
[time 1.55 s, user 1.43 s, sys 0.11 s, maxrss 179780 KB]
[busy 165 jiffies]
[exit 0]
--- xcdat 7   load 0.90 0.90 0.97
build time: 669.843552 ms
space cost: 19.932177 MiB (130.627512% of original size 15.258789 MiB)
avg latency: 227.042440 ns
669.843552,19.932177,227.042440
[time 1.58 s, user 1.45 s, sys 0.11 s, maxrss 173296 KB]
[busy 166 jiffies]
[exit 0]
--- c2 case 8 rec 0   load 0.90 0.90 0.97
[TEST CART]
Processing dataset...
Done!
Building trie...
Done!
build time: 165.195213 ms (165.195213 ns per key)
space cost: 11.383729 MB (74.604406% of original size 15.258789 MB)
Querying trie...
Done!
total time: 228.590999 ms, avg latency: 228.590999 ns
not implemented
165.195213,11.383729,228.590999
[PASSED]
[time 1.06 s, user 0.96 s, sys 0.09 s, maxrss 160700 KB]
[busy 113 jiffies]
[exit 0]
--- c2 case 7 rec 0   load 0.90 0.90 0.97
[TEST ART]
Processing dataset...
Done!
Building trie...
Done!
build time: 140.289920 ms (140.289920 ns per key)
space cost: 30.301407 MB (198.583300% of original size 15.258789 MB)
Querying trie...
Done!
total time: 184.297631 ms, avg latency: 184.297631 ns
not implemented
140.289920,30.301407,184.297631
[PASSED]
[time 1.00 s, user 0.89 s, sys 0.09 s, maxrss 178828 KB]
[busy 105 jiffies]
[exit 0]
--- c2 case 6 rec 0   load 0.83 0.88 0.96
[TEST PDT]
Processing dataset...
Done!
Building trie...
dict size: 177882, stream size: 12826382
Done!
build time: 15930.783100 ms (15930.783100 ns per key)
space cost: 13.677892 MB (89.639431% of original size 15.258789 MB)
Querying trie...
Done!
total time: 590.132175 ms, avg latency: 590.132175 ns
not implemented
15930.783100,13.677892,590.132175
[PASSED]
[time 17.17 s, user 16.88 s, sys 0.22 s, maxrss 361024 KB]
[busy 1773 jiffies]
[exit 0]
--- c2 case 5 rec 2   load 0.87 0.89 0.96
[TEST MARISA]
Processing dataset...
Done!
Building trie...
Done!
build time: 955.835352 ms (955.835352 ns per key)
space cost: 17.949429 MB (117.633375% of original size 15.258789 MB)
Querying trie...
Done!
total time: 973.370845 ms, avg latency: 973.370845 ns
not implemented
955.835352,17.949429,973.370845
[PASSED]
[time 2.60 s, user 2.43 s, sys 0.15 s, maxrss 225776 KB]
[busy 271 jiffies]
[exit 0]
--- c2 case 5 rec 1   load 0.88 0.89 0.96
[TEST MARISA]
Processing dataset...
Done!
Building trie...
Done!
build time: 753.602296 ms (753.602296 ns per key)
space cost: 17.634758 MB (115.571150% of original size 15.258789 MB)
Querying trie...
Done!
total time: 687.860381 ms, avg latency: 687.860381 ns
not implemented
753.602296,17.634758,687.860381
[PASSED]
[time 2.09 s, user 1.94 s, sys 0.13 s, maxrss 185468 KB]
[busy 218 jiffies]
[exit 0]
--- c2 case 5 rec 0   load 0.81 0.88 0.96
[TEST MARISA]
Processing dataset...
Done!
Building trie...
Done!
build time: 477.767354 ms (477.767354 ns per key)
space cost: 17.200768 MB (112.726950% of original size 15.258789 MB)
Querying trie...
Done!
total time: 462.496085 ms, avg latency: 462.496085 ns
not implemented
477.767354,17.200768,462.496085
[PASSED]
[time 1.59 s, user 1.48 s, sys 0.10 s, maxrss 194972 KB]
[busy 170 jiffies]
[exit 0]
--- c2 case 4 rec 0   load 0.81 0.88 0.96
[TEST COCO]
Processing dataset...
Done!
Building trie...
num nodes = 4097, average depth = 12.997071
ef = 0.000000, pa = 0.000000, bv = 0.000000, de = 0.000000
efr = 0.000000, par = 0.999756, bvr = 0.000244, der = 0.000000
Done!
build time: 17562.211139 ms (17562.211139 ns per key)
space cost: 10.595579 MB (69.439184% of original size 15.258789 MB)
Querying trie...
Done!
total time: 499.139026 ms, avg latency: 499.139026 ns
not implemented
17562.211139,10.595579,499.139026
[PASSED]
[time 19.57 s, user 14.53 s, sys 4.96 s, maxrss 11388908 KB]
[busy 2024 jiffies]
[exit 0]
--- c2 case 3 rec 0   load 0.87 0.89 0.96
[TEST FST]
Processing dataset...
Done!
Building trie...
Done!
build time: 656.985469 ms (656.985469 ns per key)
space cost: 16.760878 MB (109.844088% of original size 15.258789 MB)
Querying trie...
Done!
total time: 341.400556 ms, avg latency: 341.400556 ns
not implemented
656.985469,16.760878,341.400556
[PASSED]
[time 1.65 s, user 1.56 s, sys 0.08 s, maxrss 147072 KB]
[busy 172 jiffies]
[exit 0]
--- c2 case 2 rec 2   load 0.88 0.89 0.96
[TEST C2-MARISA]
Processing dataset...
Done!
Building trie...
trie size: 1.836515 MB
trie size: 4.316792 MB
Done!
build time: 2013.169976 ms (2013.169976 ns per key)
space cost: 16.609414 MB (108.851456% of original size 15.258789 MB)
Querying trie...
Done!
total time: 322.250468 ms, avg latency: 322.250468 ns
topology: 0.607349 MB, link: 2.863268 MB, data: 13.118289 MB
--- Unary Path Analysis (Marisa, cutoff=3) ---
  branches: 1267337  |  single-char: 266306 (21.0%)  short-unary: 1021 (0.1%)  links: 1000010 (78.9%)
  link len: avg=12.96  max=14  total_chars=12963813
  link length distribution (len:count):  3:10  10:6  11:856  12:56569  13:920487  14:22082
  short unary avg len: 2.00
2013.169976,16.609414,322.250468
[PASSED]
[time 2.98 s, user 2.76 s, sys 0.20 s, maxrss 283744 KB]
[busy 308 jiffies]
[exit 0]
--- c2 case 2 rec 1   load 0.81 0.87 0.95
[TEST C2-MARISA]
Processing dataset...
Done!
Building trie...
trie size: 1.836515 MB
trie size: 4.316792 MB
Done!
build time: 2036.652866 ms (2036.652866 ns per key)
space cost: 16.609414 MB (108.851456% of original size 15.258789 MB)
Querying trie...
Done!
total time: 338.114852 ms, avg latency: 338.114852 ns
topology: 0.607349 MB, link: 2.863268 MB, data: 13.118289 MB
--- Unary Path Analysis (Marisa, cutoff=3) ---
  branches: 1267337  |  single-char: 266306 (21.0%)  short-unary: 1021 (0.1%)  links: 1000010 (78.9%)
  link len: avg=12.96  max=14  total_chars=12963813
  link length distribution (len:count):  3:10  10:6  11:856  12:56569  13:920487  14:22082
  short unary avg len: 2.00
2036.652866,16.609414,338.114852
[PASSED]
[time 3.02 s, user 2.82 s, sys 0.18 s, maxrss 283712 KB]
[busy 320 jiffies]
[exit 0]
--- c2 case 2 rec 0   load 0.81 0.87 0.95
[TEST C2-MARISA]
Processing dataset...
Done!
Building trie...
trie size: 1.836515 MB
Done!
build time: 970.799804 ms (970.799804 ns per key)
space cost: 16.609414 MB (108.851456% of original size 15.258789 MB)
Querying trie...
Done!
total time: 340.361754 ms, avg latency: 340.361754 ns
topology: 0.607349 MB, link: 2.863268 MB, data: 13.118289 MB
--- Unary Path Analysis (Marisa, cutoff=3) ---
  branches: 1267337  |  single-char: 266306 (21.0%)  short-unary: 1021 (0.1%)  links: 1000010 (78.9%)
  link len: avg=12.96  max=14  total_chars=12963813
  link length distribution (len:count):  3:10  10:6  11:856  12:56569  13:920487  14:22082
  short unary avg len: 2.00
970.799804,16.609414,340.361754
[PASSED]
[time 1.95 s, user 1.80 s, sys 0.14 s, maxrss 236880 KB]
[busy 205 jiffies]
[exit 0]
--- c2 case 1 rec 2   load 0.82 0.88 0.95
[TEST C2-CoCo(LOUDS-Sparse)]
Processing dataset...
Done!
Building trie...
trie size: 4.316751 MB
Done!
build time: 2231.294717 ms (2231.294717 ns per key)
space cost: 16.089285 MB (105.442735% of original size 15.258789 MB)
Querying trie...
Done!
total time: 524.591898 ms, avg latency: 524.591898 ns
topology: 0.346626 MB, link: 3.175570 MB, data: 12.567089 MB
2231.294717,16.089285,524.591898
[PASSED]
[time 3.42 s, user 3.17 s, sys 0.23 s, maxrss 418840 KB]
[busy 353 jiffies]
[exit 0]
--- c2 case 1 rec 1   load 0.84 0.88 0.96
[TEST C2-CoCo(LOUDS-Sparse)]
Processing dataset...
Done!
Building trie...
trie size: 4.316751 MB
Done!
build time: 2231.359559 ms (2231.359559 ns per key)
space cost: 16.089285 MB (105.442735% of original size 15.258789 MB)
Querying trie...
Done!
total time: 540.519000 ms, avg latency: 540.519000 ns
topology: 0.346626 MB, link: 3.175570 MB, data: 12.567089 MB
2231.359559,16.089285,540.519000
[PASSED]
[time 3.43 s, user 3.18 s, sys 0.23 s, maxrss 418804 KB]
[busy 355 jiffies]
[exit 0]
--- c2 case 1 rec 0   load 0.85 0.88 0.96
[TEST C2-CoCo(LOUDS-Sparse)]
Processing dataset...
Done!
Building trie...
Done!
build time: 1361.234838 ms (1361.234838 ns per key)
space cost: 16.089285 MB (105.442735% of original size 15.258789 MB)
Querying trie...
Done!
total time: 526.246638 ms, avg latency: 526.246638 ns
topology: 0.346626 MB, link: 3.175570 MB, data: 12.567089 MB
1361.234838,16.089285,526.246638
[PASSED]
[time 2.55 s, user 2.35 s, sys 0.18 s, maxrss 356888 KB]
[busy 265 jiffies]
[exit 0]
--- c2 case 0 rec 2   load 0.85 0.88 0.96
[TEST C2-FST]
Processing dataset...
Done!
Building trie...
trie size: 4.316751 MB
Done!
build time: 1987.008703 ms (1987.008703 ns per key)
space cost: 16.922257 MB (110.901706% of original size 15.258789 MB)
Querying trie...
Done!
total time: 403.366756 ms, avg latency: 403.366756 ns
topology: 0.743332 MB, link: 3.012292 MB, data: 13.166634 MB
--- Unary Path Analysis (FST, cutoff=4) ---
  shared unary steps in main trie: 1041
  terminal suffixes: inplace=0 (avg len=0.00)  links=1000000 (100.0% of terminal)
  link len: avg=10.96  max=12  total_chars=10963783
  link length distribution (len:count):  9:6  10:856  11:56569  12:920487  13:22082
1987.008703,16.922257,403.366756
[PASSED]
[time 3.04 s, user 2.81 s, sys 0.20 s, maxrss 311360 KB]
[busy 319 jiffies]
[exit 0]
--- c2 case 0 rec 1   load 0.86 0.88 0.96
[TEST C2-FST]
Processing dataset...
Done!
Building trie...
trie size: 4.316751 MB
Done!
build time: 1988.188810 ms (1988.188810 ns per key)
space cost: 16.922257 MB (110.901706% of original size 15.258789 MB)
Querying trie...
Done!
total time: 405.181487 ms, avg latency: 405.181487 ns
topology: 0.743332 MB, link: 3.012292 MB, data: 13.166634 MB
--- Unary Path Analysis (FST, cutoff=4) ---
  shared unary steps in main trie: 1041
  terminal suffixes: inplace=0 (avg len=0.00)  links=1000000 (100.0% of terminal)
  link len: avg=10.96  max=12  total_chars=10963783
  link length distribution (len:count):  9:6  10:856  11:56569  12:920487  13:22082
1988.188810,16.922257,405.181487
[PASSED]
[time 3.04 s, user 2.82 s, sys 0.20 s, maxrss 311372 KB]
[busy 320 jiffies]
[exit 0]
--- c2 case 0 rec 0   load 0.87 0.89 0.96
[TEST C2-FST]
Processing dataset...
Done!
Building trie...
Done!
build time: 1082.822011 ms (1082.822011 ns per key)
space cost: 16.922257 MB (110.901706% of original size 15.258789 MB)
Querying trie...
Done!
total time: 398.361069 ms, avg latency: 398.361069 ns
topology: 0.743332 MB, link: 3.012292 MB, data: 13.166634 MB
--- Unary Path Analysis (FST, cutoff=4) ---
  shared unary steps in main trie: 1041
  terminal suffixes: inplace=0 (avg len=0.00)  links=1000000 (100.0% of terminal)
  link len: avg=10.96  max=12  total_chars=10963783
  link length distribution (len:count):  9:6  10:856  11:56569  12:920487  13:22082
1082.822011,16.922257,398.361069
[PASSED]
[time 2.13 s, user 1.98 s, sys 0.14 s, maxrss 250348 KB]
[busy 222 jiffies]
[exit 0]
--- lexindex hashed16   load 0.80 0.87 0.95
1000000 keys
lexindex HashedDictIndex fp=16: build 220 ms, size 14.438 MiB (15.139 B/key), latency cold 59.4 ns, then mean 56.7 / min 56.6 ns
220.430,14.437587,59.407
[time 0.89 s, user 1.55 s, sys 0.30 s, maxrss 170416 KB]
[busy 200 jiffies]
[exit 0]
--- lexindex hashed8   load 0.80 0.87 0.95
1000000 keys
lexindex HashedDictIndex fp=8: build 218 ms, size 13.484 MiB (14.139 B/key), latency cold 57.3 ns, then mean 55.7 / min 55.0 ns
217.922,13.483912,57.272
[time 0.87 s, user 1.57 s, sys 0.25 s, maxrss 170932 KB]
[busy 196 jiffies]
[exit 0]
--- lexindex hashed0   load 0.80 0.87 0.95
1000000 keys
lexindex HashedDictIndex closed: build 221 ms, size 12.530 MiB (13.139 B/key), latency cold 49.2 ns, then mean 47.1 / min 45.3 ns
220.798,12.530238,49.167
[time 0.84 s, user 1.51 s, sys 0.28 s, maxrss 170976 KB]
[busy 191 jiffies]
[exit 0]
--- lexindex string   load 0.90 0.89 0.96
1000000 keys
lexindex StringIndex: build 1075 ms, size 20.443 MiB (21.436 B/key), latency cold 285.2 ns, then mean 284.2 / min 281.3 ns
1074.587,20.442799,285.233
[time 2.64 s, user 2.55 s, sys 0.07 s, maxrss 152372 KB]
[busy 282 jiffies]
[exit 0]
--- lexindex routed1024   load 0.83 0.87 0.95
1000000 keys
lexindex DictIndex block 1024 routed: build 128 ms, size 10.052 MiB (10.541 B/key), latency cold 304.6 ns, then mean 297.2 / min 295.2 ns
128.462,10.052400,304.642
[time 1.78 s, user 2.11 s, sys 0.17 s, maxrss 147476 KB]
[busy 248 jiffies]
[exit 0]
--- lexindex routed256   load 0.83 0.87 0.95
1000000 keys
lexindex DictIndex block 256 routed: build 126 ms, size 10.394 MiB (10.899 B/key), latency cold 290.9 ns, then mean 283.7 / min 282.3 ns
126.426,10.393897,290.915
[time 1.71 s, user 2.39 s, sys 0.25 s, maxrss 168392 KB]
[busy 280 jiffies]
[exit 0]
--- lexindex routed32   load 0.76 0.86 0.95
1000000 keys
lexindex DictIndex block 32 routed: build 125 ms, size 10.622 MiB (11.138 B/key), latency cold 319.8 ns, then mean 310.6 / min 309.6 ns
124.599,10.621798,319.792
[time 1.82 s, user 2.46 s, sys 0.26 s, maxrss 173260 KB]
[busy 291 jiffies]
[exit 0]
--- lexindex dict1024   load 0.76 0.86 0.95
1000000 keys
lexindex DictIndex block 1024: build 128 ms, size 9.814 MiB (10.291 B/key), latency cold 365.0 ns, then mean 364.2 / min 362.5 ns
128.047,9.813874,365.021
[time 2.03 s, user 2.37 s, sys 0.17 s, maxrss 155108 KB]
[busy 269 jiffies]
[exit 0]
--- lexindex dict256   load 0.78 0.86 0.95
1000000 keys
lexindex DictIndex block 256: build 129 ms, size 9.917 MiB (10.399 B/key), latency cold 334.3 ns, then mean 328.4 / min 326.0 ns
129.322,9.916968,334.258
[time 1.90 s, user 2.53 s, sys 0.28 s, maxrss 171076 KB]
[busy 301 jiffies]
[exit 0]
--- lexindex dict32   load 0.78 0.86 0.95
1000000 keys
lexindex DictIndex block 32: build 124 ms, size 10.145 MiB (10.638 B/key), latency cold 323.2 ns, then mean 323.0 / min 315.9 ns
123.558,10.144960,323.189
[time 1.87 s, user 2.52 s, sys 0.27 s, maxrss 166128 KB]
[busy 299 jiffies]
[exit 0]

##### numeric-1000000 (1000000 lines, 6888890 bytes)   round 2/3   2026-09-24T13:01:17+03:00
--- xcdat 16   load 0.80 0.86 0.95
build time: 179.013601 ms
space cost: 7.181439 MiB (127.872740% of original size 5.616083 MiB)
avg latency: 68.031708 ns
179.013601,7.181439,68.031708
[time 0.58 s, user 0.51 s, sys 0.06 s, maxrss 90336 KB]
[busy 64 jiffies]
[exit 0]
--- xcdat 15   load 0.80 0.86 0.95
build time: 206.143054 ms
space cost: 6.727912 MiB (119.797228% of original size 5.616083 MiB)
avg latency: 53.556937 ns
206.143054,6.727912,53.556937
[time 0.59 s, user 0.53 s, sys 0.06 s, maxrss 90132 KB]
[busy 64 jiffies]
[exit 0]
--- xcdat 8   load 0.73 0.85 0.94
build time: 174.052538 ms
space cost: 4.607934 MiB (82.048892% of original size 5.616083 MiB)
avg latency: 96.693260 ns
174.052538,4.607934,96.693260
[time 0.60 s, user 0.52 s, sys 0.07 s, maxrss 90192 KB]
[busy 66 jiffies]
[exit 0]
--- xcdat 7   load 0.73 0.85 0.94
build time: 273.444860 ms
space cost: 5.285287 MiB (94.109841% of original size 5.616083 MiB)
avg latency: 85.045462 ns
273.444860,5.285287,85.045462
[time 0.68 s, user 0.61 s, sys 0.07 s, maxrss 90296 KB]
[busy 75 jiffies]
[exit 0]
--- c2 case 8 rec 0   load 0.73 0.85 0.94
[TEST CART]
Processing dataset...
Done!
Building trie...
Done!
build time: 70.944162 ms (70.944162 ns per key)
space cost: 11.262885 MB (200.546979% of original size 5.616083 MB)
Querying trie...
Done!
total time: 95.247343 ms, avg latency: 95.247343 ns
not implemented
70.944162,11.262885,95.247343
[PASSED]
[time 0.50 s, user 0.44 s, sys 0.05 s, maxrss 104920 KB]
[busy 56 jiffies]
[exit 0]
--- c2 case 7 rec 0   load 0.67 0.84 0.94
[TEST ART]
Processing dataset...
Done!
Building trie...
Done!
build time: 55.002914 ms (55.002914 ns per key)
space cost: 20.065308 MB (357.282951% of original size 5.616083 MB)
Querying trie...
Done!
total time: 75.739814 ms, avg latency: 75.739814 ns
not implemented
55.002914,20.065308,75.739814
[PASSED]
[time 0.46 s, user 0.40 s, sys 0.06 s, maxrss 103240 KB]
[busy 51 jiffies]
[exit 0]
--- c2 case 6 rec 0   load 0.67 0.84 0.94
[TEST PDT]
Processing dataset...
Done!
Building trie...
dict size: 92, stream size: 296698
Done!
build time: 109.032079 ms (109.032079 ns per key)
space cost: 1.559100 MB (27.761344% of original size 5.616083 MB)
Querying trie...
Done!
total time: 393.228664 ms, avg latency: 393.228664 ns
not implemented
109.032079,1.559100,393.228664
[PASSED]
[time 0.83 s, user 0.78 s, sys 0.05 s, maxrss 90356 KB]
[busy 90 jiffies]
[exit 0]
--- c2 case 5 rec 2   load 0.67 0.84 0.94
[TEST MARISA]
Processing dataset...
Done!
Building trie...
Done!
build time: 145.576354 ms (145.576354 ns per key)
space cost: 1.565816 MB (27.880925% of original size 5.616083 MB)
Querying trie...
Done!
total time: 187.020979 ms, avg latency: 187.020979 ns
not implemented
145.576354,1.565816,187.020979
[PASSED]
[time 0.66 s, user 0.58 s, sys 0.07 s, maxrss 108304 KB]
[busy 71 jiffies]
[exit 0]
--- c2 case 5 rec 1   load 0.62 0.82 0.93
[TEST MARISA]
Processing dataset...
Done!
Building trie...
Done!
build time: 152.210572 ms (152.210572 ns per key)
space cost: 1.565816 MB (27.880925% of original size 5.616083 MB)
Querying trie...
Done!
total time: 187.121488 ms, avg latency: 187.121488 ns
not implemented
152.210572,1.565816,187.121488
[PASSED]
[time 0.67 s, user 0.59 s, sys 0.07 s, maxrss 108112 KB]
[busy 72 jiffies]
[exit 0]
--- c2 case 5 rec 0   load 0.62 0.82 0.93
[TEST MARISA]
Processing dataset...
Done!
Building trie...
Done!
build time: 151.339173 ms (151.339173 ns per key)
space cost: 1.565816 MB (27.880925% of original size 5.616083 MB)
Querying trie...
Done!
total time: 186.856190 ms, avg latency: 186.856190 ns
not implemented
151.339173,1.565816,186.856190
[PASSED]
[time 0.66 s, user 0.58 s, sys 0.07 s, maxrss 108440 KB]
[busy 72 jiffies]
[exit 0]
--- c2 case 4 rec 0   load 0.62 0.82 0.93
[TEST COCO]
Processing dataset...
Done!
Building trie...
num nodes = 9001, average depth = 1.000222
ef = 0.000000, pa = 0.000000, bv = 0.000111, de = 0.999889
efr = 0.000000, par = 0.000000, bvr = 0.000000, der = 0.000000
Done!
build time: 697.215852 ms (697.215852 ns per key)
space cost: 0.497188 MB (8.852927% of original size 5.616083 MB)
Querying trie...
Done!
total time: 232.654175 ms, avg latency: 232.654175 ns
not implemented
697.215852,0.497188,232.654175
[PASSED]
[time 1.27 s, user 1.03 s, sys 0.23 s, maxrss 494780 KB]
[busy 136 jiffies]
[exit 0]
--- c2 case 3 rec 0   load 0.65 0.82 0.93
[TEST FST]
Processing dataset...
Done!
Building trie...
Done!
build time: 219.940863 ms (219.940863 ns per key)
space cost: 1.445107 MB (25.731589% of original size 5.616083 MB)
Querying trie...
Done!
total time: 246.963306 ms, avg latency: 246.963306 ns
not implemented
219.940863,1.445107,246.963306
[PASSED]
[time 0.80 s, user 0.73 s, sys 0.06 s, maxrss 73924 KB]
[busy 85 jiffies]
[exit 0]
--- c2 case 2 rec 2   skipped: exit 139 in round 1
--- c2 case 2 rec 1   skipped: exit 139 in round 1
--- c2 case 2 rec 0   skipped: exit 139 in round 1
--- c2 case 1 rec 2   skipped: exit 139 in round 1
--- c2 case 1 rec 1   skipped: exit 139 in round 1
--- c2 case 1 rec 0   skipped: exit 139 in round 1
--- c2 case 0 rec 2   skipped: exit 139 in round 1
--- c2 case 0 rec 1   skipped: exit 139 in round 1
--- c2 case 0 rec 0   skipped: exit 139 in round 1
--- lexindex hashed16   load 0.65 0.82 0.93
1000000 keys
lexindex HashedDictIndex fp=16: build 158 ms, size 5.485 MiB (5.752 B/key), latency cold 17.3 ns, then mean 15.4 / min 15.0 ns
157.640,5.485309,17.338
[time 0.64 s, user 0.90 s, sys 0.18 s, maxrss 159352 KB]
[busy 123 jiffies]
[exit 0]
--- lexindex hashed8   load 0.65 0.82 0.93
1000000 keys
lexindex HashedDictIndex fp=8: build 157 ms, size 4.532 MiB (4.752 B/key), latency cold 17.7 ns, then mean 16.1 / min 15.9 ns
157.036,4.531634,17.723
[time 0.63 s, user 0.92 s, sys 0.16 s, maxrss 158668 KB]
[busy 121 jiffies]
[exit 0]
--- lexindex hashed0   load 0.68 0.83 0.93
1000000 keys
lexindex HashedDictIndex closed: build 157 ms, size 3.578 MiB (3.752 B/key), latency cold 14.3 ns, then mean 12.9 / min 12.8 ns
156.784,3.577960,14.270
[time 0.63 s, user 0.90 s, sys 0.18 s, maxrss 150984 KB]
[busy 120 jiffies]
[exit 0]
--- lexindex string   load 0.68 0.83 0.93
1000000 keys
lexindex StringIndex: build 151 ms, size 0.000 MiB (0.000 B/key), latency cold 81.9 ns, then mean 82.2 / min 82.0 ns
151.053,0.000287,81.882
[time 0.90 s, user 0.83 s, sys 0.05 s, maxrss 115204 KB]
[busy 97 jiffies]
[exit 0]
--- lexindex routed1024   load 0.68 0.83 0.93
1000000 keys
lexindex DictIndex block 1024 routed: build 69 ms, size 1.114 MiB (1.168 B/key), latency cold 177.8 ns, then mean 176.7 / min 175.2 ns
69.470,1.113975,177.796
[time 1.20 s, user 1.30 s, sys 0.10 s, maxrss 126104 KB]
[busy 156 jiffies]
[exit 0]
--- lexindex routed256   load 0.71 0.83 0.93
1000000 keys
lexindex DictIndex block 256 routed: build 76 ms, size 1.441 MiB (1.511 B/key), latency cold 181.0 ns, then mean 179.0 / min 178.0 ns
75.725,1.441005,181.035
[time 1.22 s, user 1.50 s, sys 0.13 s, maxrss 138240 KB]
[busy 176 jiffies]
[exit 0]
--- lexindex routed32   load 0.71 0.83 0.93
1000000 keys
lexindex DictIndex block 32 routed: build 74 ms, size 1.637 MiB (1.716 B/key), latency cold 199.0 ns, then mean 197.8 / min 197.1 ns
73.998,1.636708,198.961
[time 1.29 s, user 1.55 s, sys 0.14 s, maxrss 137836 KB]
[busy 181 jiffies]
[exit 0]
--- lexindex dict1024   load 0.73 0.83 0.93
1000000 keys
lexindex DictIndex block 1024: build 69 ms, size 0.875 MiB (0.918 B/key), latency cold 264.9 ns, then mean 263.6 / min 261.9 ns
69.466,0.875449,264.868
[time 1.55 s, user 1.65 s, sys 0.10 s, maxrss 128448 KB]
[busy 189 jiffies]
[exit 0]
--- lexindex dict256   load 0.73 0.83 0.93
1000000 keys
lexindex DictIndex block 256: build 72 ms, size 0.964 MiB (1.011 B/key), latency cold 245.0 ns, then mean 245.4 / min 244.5 ns
71.980,0.964076,245.009
[time 1.48 s, user 1.73 s, sys 0.16 s, maxrss 137920 KB]
[busy 205 jiffies]
[exit 0]
--- lexindex dict32   load 0.75 0.84 0.93
1000000 keys
lexindex DictIndex block 32: build 72 ms, size 1.160 MiB (1.216 B/key), latency cold 227.4 ns, then mean 227.4 / min 226.8 ns
71.996,1.159871,227.364
[time 1.40 s, user 1.64 s, sys 0.16 s, maxrss 136820 KB]
[busy 196 jiffies]
[exit 0]

##### idents-1000000 (1000000 lines, 18283976 bytes)   round 2/3   2026-09-24T13:01:59+03:00
--- xcdat 16   load 0.75 0.84 0.93
build time: 467.506611 ms
space cost: 13.736038 MiB (83.333140% of original size 16.483284 MiB)
avg latency: 210.935210 ns
467.506611,13.736038,210.935210
[time 1.20 s, user 1.07 s, sys 0.12 s, maxrss 180100 KB]
[busy 128 jiffies]
[exit 0]
--- xcdat 15   load 0.77 0.84 0.93
build time: 502.602014 ms
space cost: 13.141485 MiB (79.726135% of original size 16.483284 MiB)
avg latency: 207.684651 ns
502.602014,13.141485,207.684651
[time 1.24 s, user 1.11 s, sys 0.12 s, maxrss 179956 KB]
[busy 132 jiffies]
[exit 0]
--- xcdat 8   load 0.77 0.84 0.93
build time: 467.628420 ms
space cost: 10.584354 MiB (64.212656% of original size 16.483284 MiB)
avg latency: 212.804933 ns
467.628420,10.584354,212.804933
[time 1.21 s, user 1.09 s, sys 0.11 s, maxrss 179800 KB]
[busy 128 jiffies]
[exit 0]
--- xcdat 7   load 0.79 0.84 0.93
build time: 509.493445 ms
space cost: 11.013126 MiB (66.813909% of original size 16.483284 MiB)
avg latency: 224.567909 ns
509.493445,11.013126,224.567909
[time 1.27 s, user 1.14 s, sys 0.12 s, maxrss 180288 KB]
[busy 133 jiffies]
[exit 0]
--- c2 case 8 rec 0   load 0.79 0.84 0.93
[TEST CART]
Processing dataset...
Done!
Building trie...
Done!
build time: 202.870475 ms (202.870475 ns per key)
space cost: 15.673315 MB (95.086119% of original size 16.483284 MB)
Querying trie...
Done!
total time: 469.142426 ms, avg latency: 469.142426 ns
not implemented
202.870475,15.673315,469.142426
[PASSED]
[time 1.21 s, user 1.12 s, sys 0.07 s, maxrss 149140 KB]
[busy 128 jiffies]
[exit 0]
--- c2 case 7 rec 0   load 0.73 0.83 0.93
[TEST ART]
Processing dataset...
Done!
Building trie...
Done!
build time: 153.413632 ms (153.413632 ns per key)
space cost: 32.931778 MB (199.788937% of original size 16.483284 MB)
Querying trie...
Done!
total time: 399.171503 ms, avg latency: 399.171503 ns
not implemented
153.413632,32.931778,399.171503
[PASSED]
[time 1.10 s, user 1.01 s, sys 0.07 s, maxrss 160408 KB]
[busy 120 jiffies]
[exit 0]
--- c2 case 6 rec 0   load 0.73 0.83 0.93
[TEST PDT]
Processing dataset...
Done!
Building trie...
dict size: 158636, stream size: 5032831
Done!
build time: 2612.168053 ms (2612.168053 ns per key)
space cost: 6.227028 MB (37.777835% of original size 16.483284 MB)
Querying trie...
Done!
total time: 598.762423 ms, avg latency: 598.762423 ns
not implemented
2612.168053,6.227028,598.762423
[PASSED]
[time 3.72 s, user 3.62 s, sys 0.08 s, maxrss 168400 KB]
[busy 385 jiffies]
[exit 0]
--- c2 case 5 rec 2   load 0.75 0.83 0.93
[TEST MARISA]
Processing dataset...
Done!
Building trie...
Done!
build time: 567.409343 ms (567.409343 ns per key)
space cost: 5.354378 MB (32.483683% of original size 16.483284 MB)
Querying trie...
Done!
total time: 724.921107 ms, avg latency: 724.921107 ns
not implemented
567.409343,5.354378,724.921107
[PASSED]
[time 1.82 s, user 1.70 s, sys 0.10 s, maxrss 165736 KB]
[busy 191 jiffies]
[exit 0]
--- c2 case 5 rec 1   load 0.69 0.82 0.92
[TEST MARISA]
Processing dataset...
Done!
Building trie...
Done!
build time: 552.360362 ms (552.360362 ns per key)
space cost: 5.655286 MB (34.309218% of original size 16.483284 MB)
Querying trie...
Done!
total time: 663.458464 ms, avg latency: 663.458464 ns
not implemented
552.360362,5.655286,663.458464
[PASSED]
[time 1.72 s, user 1.62 s, sys 0.09 s, maxrss 157852 KB]
[busy 182 jiffies]
[exit 0]
--- c2 case 5 rec 0   load 0.69 0.82 0.92
[TEST MARISA]
Processing dataset...
Done!
Building trie...
Done!
build time: 469.859753 ms (469.859753 ns per key)
space cost: 7.279773 MB (44.164578% of original size 16.483284 MB)
Querying trie...
Done!
total time: 461.673589 ms, avg latency: 461.673589 ns
not implemented
469.859753,7.279773,461.673589
[PASSED]
[time 1.45 s, user 1.32 s, sys 0.11 s, maxrss 157852 KB]
[busy 151 jiffies]
[exit 0]
--- c2 case 4 rec 0   load 0.63 0.80 0.92
[TEST COCO]
Processing dataset...
Done!
Building trie...
num nodes = 412937, average depth = 8.208172
ef = 0.000455, pa = 0.242352, bv = 0.003325, de = 0.563989
efr = 0.002477, par = 0.125714, bvr = 0.000545, der = 0.061142
Done!
build time: 14324.271977 ms (14324.271977 ns per key)
space cost: 9.974920 MB (60.515370% of original size 16.483284 MB)
Querying trie...
Done!
total time: 527.187306 ms, avg latency: 527.187306 ns
not implemented
14324.271977,9.974920,527.187306
[PASSED]
[time 15.98 s, user 12.45 s, sys 3.47 s, maxrss 7730736 KB]
[busy 1651 jiffies]
[exit 0]
--- c2 case 3 rec 0   load 0.72 0.81 0.92
[TEST FST]
Processing dataset...
Done!
Building trie...
Done!
build time: 675.171686 ms (675.171686 ns per key)
space cost: 8.563316 MB (51.951519% of original size 16.483284 MB)
Querying trie...
Done!
total time: 748.024584 ms, avg latency: 748.024584 ns
not implemented
675.171686,8.563316,748.024584
[PASSED]
[time 1.94 s, user 1.85 s, sys 0.08 s, maxrss 114616 KB]
[busy 207 jiffies]
[exit 0]
--- c2 case 2 rec 2   load 0.66 0.80 0.92
[TEST C2-MARISA]
Processing dataset...
Done!
Building trie...
trie size: 2.268721 MB
trie size: 2.569425 MB
trie size: 0.468599 MB
Done!
build time: 879.041156 ms (879.041156 ns per key)
space cost: 6.231204 MB (37.803171% of original size 16.483284 MB)
Querying trie...
Done!
total time: 440.019236 ms, avg latency: 440.019236 ns
topology: 0.985817 MB, link: 2.134608 MB, data: 3.090271 MB
--- Unary Path Analysis (Marisa, cutoff=3) ---
  branches: 1404624  |  single-char: 479529 (34.1%)  short-unary: 101093 (7.2%)  links: 824002 (58.7%)
  link len: avg=8.83  max=511  total_chars=7275589
  link length distribution (len:count):  3:96296  4:151575  5:100673  6:68854  7:57858  8:46664  9:40166  10:34974  11:30498  12:41963  13:23674  14:17279  15:14913  16:12650  17:10496  18:9162  19:7137  20:6187  21:5166  22:4219  23:3575  24:2970  25:2515  26:2033  27:1786  28:3448  29:3574  30:1146  31:1929  32:12598  33:2418  34:520  35:464  36:440  37:386  38:271  39:250  40:221  41:206  42:160  43:154  44:139  45:143  46:95  47:113  48:108  49:103  50:87  51:72  52:78  53:68  54:62  55:80  56:76  57:60  58:86  59:123  60:137  61:260  62:340  63:18  64:12  65:14  66:12  67:15  68:15  69:13  70:15  71:7  72:12  73:10  74:22  75:26  76:36  77:15  78:1  79:2  80:2  81:3  82:3  83:1  84:2  85:2  86:2  87:2  89:2  90:2  91:2  92:4  93:1  95:2  96:1  97:3  105:1  107:1  108:1  110:1  111:1  117:1  118:3  121:1  122:2  123:1  124:1  125:1  130:1  136:1  137:1  192:1  258:1  337:1  367:1  425:1  509:1  511:1
  short unary avg len: 2.00
879.041156,6.231204,440.019236
[PASSED]
[time 1.84 s, user 1.70 s, sys 0.14 s, maxrss 204720 KB]
[busy 192 jiffies]
[exit 0]
--- c2 case 2 rec 1   load 0.66 0.80 0.92
[TEST C2-MARISA]
Processing dataset...
Done!
Building trie...
trie size: 2.268721 MB
trie size: 2.569425 MB
Done!
build time: 820.906687 ms (820.906687 ns per key)
space cost: 6.231204 MB (37.803171% of original size 16.483284 MB)
Querying trie...
Done!
total time: 440.308699 ms, avg latency: 440.308699 ns
topology: 0.985817 MB, link: 2.134608 MB, data: 3.090271 MB
--- Unary Path Analysis (Marisa, cutoff=3) ---
  branches: 1404624  |  single-char: 479529 (34.1%)  short-unary: 101093 (7.2%)  links: 824002 (58.7%)
  link len: avg=8.83  max=511  total_chars=7275589
  link length distribution (len:count):  3:96296  4:151575  5:100673  6:68854  7:57858  8:46664  9:40166  10:34974  11:30498  12:41963  13:23674  14:17279  15:14913  16:12650  17:10496  18:9162  19:7137  20:6187  21:5166  22:4219  23:3575  24:2970  25:2515  26:2033  27:1786  28:3448  29:3574  30:1146  31:1929  32:12598  33:2418  34:520  35:464  36:440  37:386  38:271  39:250  40:221  41:206  42:160  43:154  44:139  45:143  46:95  47:113  48:108  49:103  50:87  51:72  52:78  53:68  54:62  55:80  56:76  57:60  58:86  59:123  60:137  61:260  62:340  63:18  64:12  65:14  66:12  67:15  68:15  69:13  70:15  71:7  72:12  73:10  74:22  75:26  76:36  77:15  78:1  79:2  80:2  81:3  82:3  83:1  84:2  85:2  86:2  87:2  89:2  90:2  91:2  92:4  93:1  95:2  96:1  97:3  105:1  107:1  108:1  110:1  111:1  117:1  118:3  121:1  122:2  123:1  124:1  125:1  130:1  136:1  137:1  192:1  258:1  337:1  367:1  425:1  509:1  511:1
  short unary avg len: 2.00
820.906687,6.231204,440.308699
[PASSED]
[time 1.78 s, user 1.63 s, sys 0.14 s, maxrss 204784 KB]
[busy 187 jiffies]
[exit 0]
--- c2 case 2 rec 0   load 0.69 0.80 0.92
[TEST C2-MARISA]
Processing dataset...
Done!
Building trie...
trie size: 2.268721 MB
Done!
build time: 671.232213 ms (671.232213 ns per key)
space cost: 7.402753 MB (44.910668% of original size 16.483284 MB)
Querying trie...
Done!
total time: 334.070261 ms, avg latency: 334.070261 ns
topology: 0.751392 MB, link: 2.163248 MB, data: 4.467605 MB
--- Unary Path Analysis (Marisa, cutoff=3) ---
  branches: 1404624  |  single-char: 479529 (34.1%)  short-unary: 101093 (7.2%)  links: 824002 (58.7%)
  link len: avg=8.83  max=511  total_chars=7275589
  link length distribution (len:count):  3:96296  4:151575  5:100673  6:68854  7:57858  8:46664  9:40166  10:34974  11:30498  12:41963  13:23674  14:17279  15:14913  16:12650  17:10496  18:9162  19:7137  20:6187  21:5166  22:4219  23:3575  24:2970  25:2515  26:2033  27:1786  28:3448  29:3574  30:1146  31:1929  32:12598  33:2418  34:520  35:464  36:440  37:386  38:271  39:250  40:221  41:206  42:160  43:154  44:139  45:143  46:95  47:113  48:108  49:103  50:87  51:72  52:78  53:68  54:62  55:80  56:76  57:60  58:86  59:123  60:137  61:260  62:340  63:18  64:12  65:14  66:12  67:15  68:15  69:13  70:15  71:7  72:12  73:10  74:22  75:26  76:36  77:15  78:1  79:2  80:2  81:3  82:3  83:1  84:2  85:2  86:2  87:2  89:2  90:2  91:2  92:4  93:1  95:2  96:1  97:3  105:1  107:1  108:1  110:1  111:1  117:1  118:3  121:1  122:2  123:1  124:1  125:1  130:1  136:1  137:1  192:1  258:1  337:1  367:1  425:1  509:1  511:1
  short unary avg len: 2.00
671.232213,7.402753,334.070261
[PASSED]
[time 1.51 s, user 1.37 s, sys 0.13 s, maxrss 204420 KB]
[busy 161 jiffies]
[exit 0]
--- c2 case 1 rec 2   load 0.69 0.80 0.92
[TEST C2-CoCo(LOUDS-Sparse)]
Processing dataset...
Done!
Building trie...
trie size: 1.626037 MB
trie size: 0.392475 MB
Done!
build time: 2300.880947 ms (2300.880947 ns per key)
space cost: 7.511661 MB (45.571388% of original size 16.483284 MB)
Querying trie...
Done!
total time: 633.112165 ms, avg latency: 633.112165 ns
topology: 0.599392 MB, link: 2.257739 MB, data: 4.654530 MB
2300.880947,7.511661,633.112165
[PASSED]
[time 3.45 s, user 3.24 s, sys 0.19 s, maxrss 335912 KB]
[busy 356 jiffies]
[exit 0]
--- c2 case 1 rec 1   load 0.71 0.81 0.92
[TEST C2-CoCo(LOUDS-Sparse)]
Processing dataset...
Done!
Building trie...
trie size: 1.626037 MB
Done!
build time: 2256.864089 ms (2256.864089 ns per key)
space cost: 7.511661 MB (45.571388% of original size 16.483284 MB)
Querying trie...
Done!
total time: 620.719286 ms, avg latency: 620.719286 ns
topology: 0.599392 MB, link: 2.257739 MB, data: 4.654530 MB
2256.864089,7.511661,620.719286
[PASSED]
[time 3.40 s, user 3.21 s, sys 0.17 s, maxrss 335880 KB]
[busy 353 jiffies]
[exit 0]
--- c2 case 1 rec 0   load 0.73 0.81 0.92
[TEST C2-CoCo(LOUDS-Sparse)]
Processing dataset...
Done!
Building trie...
Done!
build time: 2147.079737 ms (2147.079737 ns per key)
space cost: 8.350286 MB (50.659118% of original size 16.483284 MB)
Querying trie...
Done!
total time: 569.141238 ms, avg latency: 569.141238 ns
topology: 0.418800 MB, link: 2.233477 MB, data: 5.698009 MB
2147.079737,8.350286,569.141238
[PASSED]
[time 3.23 s, user 3.04 s, sys 0.17 s, maxrss 335960 KB]
[busy 337 jiffies]
[exit 0]
--- c2 case 0 rec 2   load 0.76 0.81 0.92
[TEST C2-FST]
Processing dataset...
Done!
Building trie...
trie size: 1.626037 MB
trie size: 0.392475 MB
Done!
build time: 763.708828 ms (763.708828 ns per key)
space cost: 7.389305 MB (44.829083% of original size 16.483284 MB)
Querying trie...
Done!
total time: 519.842924 ms, avg latency: 519.842924 ns
topology: 1.316097 MB, link: 1.431170 MB, data: 4.642038 MB
--- Unary Path Analysis (FST, cutoff=4) ---
  shared unary steps in main trie: 971668
  terminal suffixes: inplace=238747 (avg len=2.28)  links=478774 (66.7% of terminal)
  link len: avg=9.52  max=507  total_chars=4557473
  link length distribution (len:count):  4:79167  5:52258  6:44526  7:37562  8:33071  9:28872  10:26062  11:38559  12:20998  13:14985  14:12840  15:11027  16:9190  17:7956  18:6288  19:5522  20:4616  21:3760  22:3224  23:2642  24:2265  25:1817  26:1599  27:3319  28:3490  29:1071  30:1819  31:12530  32:2370  33:475  34:427  35:414  36:360  37:260  38:234  39:210  40:195  41:157  42:148  43:129  44:137  45:91  46:113  47:107  48:101  49:86  50:71  51:74  52:68  53:61  54:79  55:76  56:60  57:86  58:122  59:137  60:259  61:339  62:18  63:12  64:12  65:12  66:15  67:15  68:13  69:15  70:7  71:11  72:10  73:21  74:26  75:36  76:15  77:1  78:2  79:2  80:3  81:3  83:1  84:2  85:2  86:1  88:2  89:2  90:2  91:4  92:1  94:2  95:1  96:3  104:1  106:1  107:1  109:1  110:1  116:1  117:3  120:1  121:2  122:1  123:1  124:1  129:1  191:1  257:1  366:1  424:1  508:1
763.708828,7.389305,519.842924
[PASSED]
[time 1.81 s, user 1.71 s, sys 0.09 s, maxrss 163256 KB]
[busy 192 jiffies]
[exit 0]
--- c2 case 0 rec 1   load 0.76 0.81 0.92
[TEST C2-FST]
Processing dataset...
Done!
Building trie...
trie size: 1.626037 MB
Done!
build time: 721.571412 ms (721.571412 ns per key)
space cost: 7.389305 MB (44.829083% of original size 16.483284 MB)
Querying trie...
Done!
total time: 522.241121 ms, avg latency: 522.241121 ns
topology: 1.316097 MB, link: 1.431170 MB, data: 4.642038 MB
--- Unary Path Analysis (FST, cutoff=4) ---
  shared unary steps in main trie: 971668
  terminal suffixes: inplace=238747 (avg len=2.28)  links=478774 (66.7% of terminal)
  link len: avg=9.52  max=507  total_chars=4557473
  link length distribution (len:count):  4:79167  5:52258  6:44526  7:37562  8:33071  9:28872  10:26062  11:38559  12:20998  13:14985  14:12840  15:11027  16:9190  17:7956  18:6288  19:5522  20:4616  21:3760  22:3224  23:2642  24:2265  25:1817  26:1599  27:3319  28:3490  29:1071  30:1819  31:12530  32:2370  33:475  34:427  35:414  36:360  37:260  38:234  39:210  40:195  41:157  42:148  43:129  44:137  45:91  46:113  47:107  48:101  49:86  50:71  51:74  52:68  53:61  54:79  55:76  56:60  57:86  58:122  59:137  60:259  61:339  62:18  63:12  64:12  65:12  66:15  67:15  68:13  69:15  70:7  71:11  72:10  73:21  74:26  75:36  76:15  77:1  78:2  79:2  80:3  81:3  83:1  84:2  85:2  86:1  88:2  89:2  90:2  91:4  92:1  94:2  95:1  96:3  104:1  106:1  107:1  109:1  110:1  116:1  117:3  120:1  121:2  122:1  123:1  124:1  129:1  191:1  257:1  366:1  424:1  508:1
721.571412,7.389305,522.241121
[PASSED]
[time 1.77 s, user 1.65 s, sys 0.10 s, maxrss 163184 KB]
[busy 186 jiffies]
[exit 0]
--- c2 case 0 rec 0   load 0.78 0.82 0.92
[TEST C2-FST]
Processing dataset...
Done!
Building trie...
Done!
build time: 595.928608 ms (595.928608 ns per key)
space cost: 8.227930 MB (49.916813% of original size 16.483284 MB)
Querying trie...
Done!
total time: 469.145220 ms, avg latency: 469.145220 ns
topology: 1.135506 MB, link: 1.406907 MB, data: 5.685517 MB
--- Unary Path Analysis (FST, cutoff=4) ---
  shared unary steps in main trie: 971668
  terminal suffixes: inplace=238747 (avg len=2.28)  links=478774 (66.7% of terminal)
  link len: avg=9.52  max=507  total_chars=4557473
  link length distribution (len:count):  4:79167  5:52258  6:44526  7:37562  8:33071  9:28872  10:26062  11:38559  12:20998  13:14985  14:12840  15:11027  16:9190  17:7956  18:6288  19:5522  20:4616  21:3760  22:3224  23:2642  24:2265  25:1817  26:1599  27:3319  28:3490  29:1071  30:1819  31:12530  32:2370  33:475  34:427  35:414  36:360  37:260  38:234  39:210  40:195  41:157  42:148  43:129  44:137  45:91  46:113  47:107  48:101  49:86  50:71  51:74  52:68  53:61  54:79  55:76  56:60  57:86  58:122  59:137  60:259  61:339  62:18  63:12  64:12  65:12  66:15  67:15  68:13  69:15  70:7  71:11  72:10  73:21  74:26  75:36  76:15  77:1  78:2  79:2  80:3  81:3  83:1  84:2  85:2  86:1  88:2  89:2  90:2  91:4  92:1  94:2  95:1  96:3  104:1  106:1  107:1  109:1  110:1  116:1  117:3  120:1  121:2  122:1  123:1  124:1  129:1  191:1  257:1  366:1  424:1  508:1
595.928608,8.227930,469.145220
[PASSED]
[time 1.58 s, user 1.45 s, sys 0.11 s, maxrss 163184 KB]
[busy 164 jiffies]
[exit 0]
--- lexindex hashed16   load 0.78 0.82 0.92
1000000 keys
lexindex HashedDictIndex fp=16: build 349 ms, size 9.507 MiB (9.969 B/key), latency cold 50.2 ns, then mean 45.2 / min 44.8 ns
349.403,9.506732,50.242
[time 1.03 s, user 2.50 s, sys 0.26 s, maxrss 259148 KB]
[busy 298 jiffies]
[exit 0]
--- lexindex hashed8   load 0.87 0.84 0.92
1000000 keys
lexindex HashedDictIndex fp=8: build 348 ms, size 8.553 MiB (8.969 B/key), latency cold 46.8 ns, then mean 43.2 / min 41.3 ns
348.344,8.553058,46.802
[time 1.03 s, user 2.53 s, sys 0.25 s, maxrss 258552 KB]
[busy 297 jiffies]
[exit 0]
--- lexindex hashed0   load 0.87 0.84 0.92
1000000 keys
lexindex HashedDictIndex closed: build 348 ms, size 7.599 MiB (7.969 B/key), latency cold 40.1 ns, then mean 38.0 / min 37.7 ns
347.930,7.599383,40.130
[time 1.00 s, user 2.52 s, sys 0.22 s, maxrss 251516 KB]
[busy 290 jiffies]
[exit 0]
--- lexindex string   load 0.88 0.84 0.92
1000000 keys
lexindex StringIndex: build 652 ms, size 10.063 MiB (10.552 B/key), latency cold 247.9 ns, then mean 244.4 / min 242.5 ns
651.879,10.063018,247.903
[time 2.12 s, user 2.03 s, sys 0.08 s, maxrss 149148 KB]
[busy 228 jiffies]
[exit 0]
--- lexindex routed1024   load 0.88 0.84 0.92
1000000 keys
lexindex DictIndex block 1024 routed: build 273 ms, size 5.069 MiB (5.316 B/key), latency cold 342.1 ns, then mean 335.4 / min 330.8 ns
273.298,5.069372,342.113
[time 2.14 s, user 3.03 s, sys 0.20 s, maxrss 241624 KB]
[busy 343 jiffies]
[exit 0]
--- lexindex routed256   load 0.89 0.84 0.92
1000000 keys
lexindex DictIndex block 256 routed: build 250 ms, size 5.463 MiB (5.728 B/key), latency cold 310.7 ns, then mean 303.6 / min 300.2 ns
249.646,5.463062,310.654
[time 1.98 s, user 3.43 s, sys 0.23 s, maxrss 249576 KB]
[busy 389 jiffies]
[exit 0]
--- lexindex routed32   load 0.90 0.85 0.93
1000000 keys
lexindex DictIndex block 32 routed: build 244 ms, size 5.833 MiB (6.117 B/key), latency cold 328.6 ns, then mean 323.1 / min 320.7 ns
243.933,5.833281,328.575
[time 2.04 s, user 3.46 s, sys 0.23 s, maxrss 249912 KB]
[busy 388 jiffies]
[exit 0]
--- lexindex dict1024   load 0.90 0.85 0.93
1000000 keys
lexindex DictIndex block 1024: build 270 ms, size 4.831 MiB (5.066 B/key), latency cold 439.5 ns, then mean 450.5 / min 435.1 ns
270.436,4.830847,439.480
[time 2.59 s, user 3.46 s, sys 0.19 s, maxrss 239056 KB]
[busy 442 jiffies]
[exit 0]
--- lexindex dict256   load 0.91 0.85 0.93
1000000 keys
lexindex DictIndex block 256: build 249 ms, size 4.986 MiB (5.228 B/key), latency cold 380.1 ns, then mean 372.2 / min 368.4 ns
248.831,4.986134,380.079
[time 2.25 s, user 3.72 s, sys 0.22 s, maxrss 250056 KB]
[busy 413 jiffies]
[exit 0]
--- lexindex dict32   load 0.84 0.83 0.92
1000000 keys
lexindex DictIndex block 32: build 243 ms, size 5.356 MiB (5.617 B/key), latency cold 358.9 ns, then mean 351.9 / min 348.3 ns
243.232,5.356443,358.925
[time 2.18 s, user 3.60 s, sys 0.21 s, maxrss 249784 KB]
[busy 402 jiffies]
[exit 0]

##### domains-1000000 (1000000 lines, 14782044 bytes)   round 2/3   2026-09-24T13:03:43+03:00
--- xcdat 16   load 0.84 0.83 0.92
build time: 491.167426 ms
space cost: 10.260450 MiB (78.064342% of original size 13.143581 MiB)
avg latency: 161.493747 ns
491.167426,10.260450,161.493747
[time 1.10 s, user 1.01 s, sys 0.08 s, maxrss 139664 KB]
[busy 116 jiffies]
[exit 0]
--- xcdat 15   load 0.77 0.82 0.91
build time: 513.472783 ms
space cost: 9.847433 MiB (74.921993% of original size 13.143581 MiB)
avg latency: 151.762861 ns
513.472783,9.847433,151.762861
[time 1.12 s, user 1.02 s, sys 0.09 s, maxrss 139764 KB]
[busy 120 jiffies]
[exit 0]
--- xcdat 8   load 0.77 0.82 0.91
build time: 487.605862 ms
space cost: 8.488643 MiB (64.583940% of original size 13.143581 MiB)
avg latency: 171.476306 ns
487.605862,8.488643,171.476306
[time 1.11 s, user 1.02 s, sys 0.08 s, maxrss 139412 KB]
[busy 119 jiffies]
[exit 0]
--- xcdat 7   load 0.77 0.82 0.91
build time: 530.303041 ms
space cost: 9.017626 MiB (68.608590% of original size 13.143581 MiB)
avg latency: 173.160011 ns
530.303041,9.017626,173.160011
[time 1.15 s, user 1.05 s, sys 0.09 s, maxrss 139832 KB]
[busy 123 jiffies]
[exit 0]
--- c2 case 8 rec 0   load 0.79 0.82 0.92
[TEST CART]
Processing dataset...
Done!
Building trie...
Done!
build time: 163.520686 ms (163.520686 ns per key)
space cost: 13.831998 MB (105.237663% of original size 13.143581 MB)
Querying trie...
Done!
total time: 320.796607 ms, avg latency: 320.796607 ns
not implemented
163.520686,13.831998,320.796607
[PASSED]
[time 0.92 s, user 0.84 s, sys 0.07 s, maxrss 134236 KB]
[busy 99 jiffies]
[exit 0]
--- c2 case 7 rec 0   load 0.79 0.82 0.92
[TEST ART]
Processing dataset...
Done!
Building trie...
Done!
build time: 114.222672 ms (114.222672 ns per key)
space cost: 31.580688 MB (240.274607% of original size 13.143581 MB)
Querying trie...
Done!
total time: 254.175198 ms, avg latency: 254.175198 ns
not implemented
114.222672,31.580688,254.175198
[PASSED]
[time 0.81 s, user 0.73 s, sys 0.07 s, maxrss 136248 KB]
[busy 88 jiffies]
[exit 0]
--- c2 case 6 rec 0   load 0.72 0.81 0.91
[TEST PDT]
Processing dataset...
Done!
Building trie...
dict size: 155466, stream size: 4016746
Done!
build time: 1921.509043 ms (1921.509043 ns per key)
space cost: 5.254991 MB (39.981421% of original size 13.143581 MB)
Querying trie...
Done!
total time: 529.169511 ms, avg latency: 529.169511 ns
not implemented
1921.509043,5.254991,529.169511
[PASSED]
[time 2.89 s, user 2.78 s, sys 0.10 s, maxrss 152840 KB]
[busy 300 jiffies]
[exit 0]
--- c2 case 5 rec 2   load 0.72 0.81 0.91
[TEST MARISA]
Processing dataset...
Done!
Building trie...
Done!
build time: 564.882995 ms (564.882995 ns per key)
space cost: 4.647946 MB (35.362861% of original size 13.143581 MB)
Querying trie...
Done!
total time: 536.424195 ms, avg latency: 536.424195 ns
not implemented
564.882995,4.647946,536.424195
[PASSED]
[time 1.54 s, user 1.42 s, sys 0.11 s, maxrss 172432 KB]
[busy 164 jiffies]
[exit 0]
--- c2 case 5 rec 1   load 0.75 0.81 0.91
[TEST MARISA]
Processing dataset...
Done!
Building trie...
Done!
build time: 556.414230 ms (556.414230 ns per key)
space cost: 4.826345 MB (36.720170% of original size 13.143581 MB)
Querying trie...
Done!
total time: 516.347044 ms, avg latency: 516.347044 ns
not implemented
556.414230,4.826345,516.347044
[PASSED]
[time 1.51 s, user 1.39 s, sys 0.11 s, maxrss 172616 KB]
[busy 163 jiffies]
[exit 0]
--- c2 case 5 rec 0   load 0.75 0.81 0.91
[TEST MARISA]
Processing dataset...
Done!
Building trie...
Done!
build time: 481.705405 ms (481.705405 ns per key)
space cost: 6.885828 MB (52.389283% of original size 13.143581 MB)
Querying trie...
Done!
total time: 384.877290 ms, avg latency: 384.877290 ns
not implemented
481.705405,6.885828,384.877290
[PASSED]
[time 1.30 s, user 1.18 s, sys 0.11 s, maxrss 172456 KB]
[busy 142 jiffies]
[exit 0]
--- c2 case 4 rec 0   load 0.77 0.82 0.91
[TEST COCO]
Processing dataset...
Done!
Building trie...
num nodes = 310886, average depth = 6.283062
ef = 0.001168, pa = 0.211653, bv = 0.000885, de = 0.651638
efr = 0.002046, par = 0.129141, bvr = 0.000006, der = 0.003464
Done!
build time: 10366.796276 ms (10366.796276 ns per key)
space cost: 9.668336 MB (73.559374% of original size 13.143581 MB)
Querying trie...
Done!
total time: 437.827005 ms, avg latency: 437.827005 ns
not implemented
10366.796276,9.668336,437.827005
[PASSED]
[time 11.75 s, user 8.90 s, sys 2.81 s, maxrss 6137948 KB]
[busy 1216 jiffies]
[exit 0]
--- c2 case 3 rec 0   load 0.74 0.81 0.91
[TEST FST]
Processing dataset...
Done!
Building trie...
Done!
build time: 603.882335 ms (603.882335 ns per key)
space cost: 6.751218 MB (51.365131% of original size 13.143581 MB)
Querying trie...
Done!
total time: 442.355175 ms, avg latency: 442.355175 ns
not implemented
603.882335,6.751218,442.355175
[PASSED]
[time 1.48 s, user 1.41 s, sys 0.06 s, maxrss 95072 KB]
[busy 156 jiffies]
[exit 0]
--- c2 case 2 rec 2   load 0.74 0.81 0.91
[TEST C2-MARISA]
Processing dataset...
Done!
Building trie...
trie size: 2.220281 MB
trie size: 2.823213 MB
trie size: 0.214430 MB
Done!
build time: 794.204748 ms (794.204748 ns per key)
space cost: 5.413679 MB (41.188767% of original size 13.143581 MB)
Querying trie...
Done!
total time: 328.617304 ms, avg latency: 328.617304 ns
topology: 0.947487 MB, link: 2.305346 MB, data: 2.140338 MB
--- Unary Path Analysis (Marisa, cutoff=3) ---
  branches: 1529804  |  single-char: 445053 (29.1%)  short-unary: 119280 (7.8%)  links: 965471 (63.1%)
  link len: avg=7.67  max=65  total_chars=7409785
  link length distribution (len:count):  3:106346  4:81524  5:100388  6:117171  7:118183  8:106006  9:86378  10:68801  11:51930  12:37786  13:27091  14:19390  15:13458  16:9322  17:6753  18:4616  19:3149  20:2153  21:1566  22:983  23:724  24:512  25:321  26:290  27:155  28:98  29:77  30:70  31:40  32:24  33:35  34:24  35:16  36:9  37:12  38:9  39:5  40:5  41:5  42:8  43:4  44:7  46:3  47:1  49:1  51:1  53:4  55:2  56:1  57:5  58:4  60:2  64:2  65:1
  short unary avg len: 2.00
794.204748,5.413679,328.617304
[PASSED]
[time 1.56 s, user 1.43 s, sys 0.11 s, maxrss 205804 KB]
[busy 163 jiffies]
[exit 0]
--- c2 case 2 rec 1   load 0.68 0.80 0.90
[TEST C2-MARISA]
Processing dataset...
Done!
Building trie...
trie size: 2.220281 MB
trie size: 2.823213 MB
Done!
build time: 800.138319 ms (800.138319 ns per key)
space cost: 5.413679 MB (41.188767% of original size 13.143581 MB)
Querying trie...
Done!
total time: 326.847317 ms, avg latency: 326.847317 ns
topology: 0.947487 MB, link: 2.305346 MB, data: 2.140338 MB
--- Unary Path Analysis (Marisa, cutoff=3) ---
  branches: 1529804  |  single-char: 445053 (29.1%)  short-unary: 119280 (7.8%)  links: 965471 (63.1%)
  link len: avg=7.67  max=65  total_chars=7409785
  link length distribution (len:count):  3:106346  4:81524  5:100388  6:117171  7:118183  8:106006  9:86378  10:68801  11:51930  12:37786  13:27091  14:19390  15:13458  16:9322  17:6753  18:4616  19:3149  20:2153  21:1566  22:983  23:724  24:512  25:321  26:290  27:155  28:98  29:77  30:70  31:40  32:24  33:35  34:24  35:16  36:9  37:12  38:9  39:5  40:5  41:5  42:8  43:4  44:7  46:3  47:1  49:1  51:1  53:4  55:2  56:1  57:5  58:4  60:2  64:2  65:1
  short unary avg len: 2.00
800.138319,5.413679,326.847317
[PASSED]
[time 1.56 s, user 1.44 s, sys 0.11 s, maxrss 206012 KB]
[busy 164 jiffies]
[exit 0]
--- c2 case 2 rec 0   load 0.68 0.80 0.90
[TEST C2-MARISA]
Processing dataset...
Done!
Building trie...
trie size: 2.220281 MB
Done!
build time: 689.863054 ms (689.863054 ns per key)
space cost: 6.286226 MB (47.827347% of original size 13.143581 MB)
Querying trie...
Done!
total time: 253.696719 ms, avg latency: 253.696719 ns
topology: 0.735279 MB, link: 2.419176 MB, data: 3.111263 MB
--- Unary Path Analysis (Marisa, cutoff=3) ---
  branches: 1529804  |  single-char: 445053 (29.1%)  short-unary: 119280 (7.8%)  links: 965471 (63.1%)
  link len: avg=7.67  max=65  total_chars=7409785
  link length distribution (len:count):  3:106346  4:81524  5:100388  6:117171  7:118183  8:106006  9:86378  10:68801  11:51930  12:37786  13:27091  14:19390  15:13458  16:9322  17:6753  18:4616  19:3149  20:2153  21:1566  22:983  23:724  24:512  25:321  26:290  27:155  28:98  29:77  30:70  31:40  32:24  33:35  34:24  35:16  36:9  37:12  38:9  39:5  40:5  41:5  42:8  43:4  44:7  46:3  47:1  49:1  51:1  53:4  55:2  56:1  57:5  58:4  60:2  64:2  65:1
  short unary avg len: 2.00
689.863054,6.286226,253.696719
[PASSED]
[time 1.37 s, user 1.24 s, sys 0.12 s, maxrss 205648 KB]
[busy 147 jiffies]
[exit 0]
--- c2 case 1 rec 2   load 0.63 0.78 0.90
[TEST C2-CoCo(LOUDS-Sparse)]
Processing dataset...
Done!
Building trie...
trie size: 2.171301 MB
trie size: 0.145336 MB
Done!
build time: 1436.481236 ms (1436.481236 ns per key)
space cost: 6.299446 MB (47.927923% of original size 13.143581 MB)
Querying trie...
Done!
total time: 534.892065 ms, avg latency: 534.892065 ns
topology: 0.558979 MB, link: 2.635554 MB, data: 3.104912 MB
1436.481236,6.299446,534.892065
[PASSED]
[time 2.41 s, user 2.21 s, sys 0.19 s, maxrss 327140 KB]
[busy 251 jiffies]
[exit 0]
--- c2 case 1 rec 1   load 0.63 0.78 0.90
[TEST C2-CoCo(LOUDS-Sparse)]
Processing dataset...
Done!
Building trie...
trie size: 2.171301 MB
Done!
build time: 1429.868999 ms (1429.868999 ns per key)
space cost: 6.299446 MB (47.927923% of original size 13.143581 MB)
Querying trie...
Done!
total time: 548.454433 ms, avg latency: 548.454433 ns
topology: 0.558979 MB, link: 2.635554 MB, data: 3.104912 MB
1429.868999,6.299446,548.454433
[PASSED]
[time 2.41 s, user 2.24 s, sys 0.16 s, maxrss 327016 KB]
[busy 255 jiffies]
[exit 0]
--- c2 case 1 rec 0   load 0.66 0.79 0.90
[TEST C2-CoCo(LOUDS-Sparse)]
Processing dataset...
Done!
Building trie...
Done!
build time: 1360.530275 ms (1360.530275 ns per key)
space cost: 6.955368 MB (52.918365% of original size 13.143581 MB)
Querying trie...
Done!
total time: 488.386980 ms, avg latency: 488.386980 ns
topology: 0.405121 MB, link: 2.743303 MB, data: 3.806944 MB
1360.530275,6.955368,488.386980
[PASSED]
[time 2.28 s, user 2.08 s, sys 0.18 s, maxrss 326824 KB]
[busy 238 jiffies]
[exit 0]
--- c2 case 0 rec 2   load 0.60 0.77 0.89
[TEST C2-FST]
Processing dataset...
Done!
Building trie...
trie size: 2.171301 MB
trie size: 0.145336 MB
Done!
build time: 724.107087 ms (724.107087 ns per key)
space cost: 6.261899 MB (47.642258% of original size 13.143581 MB)
Querying trie...
Done!
total time: 392.491609 ms, avg latency: 392.491609 ns
topology: 1.096256 MB, link: 1.933458 MB, data: 3.232184 MB
--- Unary Path Analysis (FST, cutoff=4) ---
  shared unary steps in main trie: 268333
  terminal suffixes: inplace=220500 (avg len=1.97)  links=754948 (77.4% of terminal)
  link len: avg=6.76  max=63  total_chars=5105329
  link length distribution (len:count):  4:91687  5:111663  6:114934  7:103953  8:85177  9:68086  10:51456  11:37502  12:26935  13:19286  14:13392  15:9281  16:6718  17:4599  18:3138  19:2143  20:1561  21:980  22:717  23:511  24:315  25:289  26:154  27:98  28:76  29:70  30:38  31:24  32:35  33:24  34:15  35:9  36:12  37:9  38:5  39:5  40:5  41:8  42:4  43:7  45:3  46:1  48:1  50:1  52:4  54:2  55:1  56:5  57:4  59:2  63:2  64:1
724.107087,6.261899,392.491609
[PASSED]
[time 1.55 s, user 1.42 s, sys 0.11 s, maxrss 182780 KB]
[busy 163 jiffies]
[exit 0]
--- c2 case 0 rec 1   load 0.60 0.77 0.89
[TEST C2-FST]
Processing dataset...
Done!
Building trie...
trie size: 2.171301 MB
Done!
build time: 702.506024 ms (702.506024 ns per key)
space cost: 6.261899 MB (47.642258% of original size 13.143581 MB)
Querying trie...
Done!
total time: 388.014676 ms, avg latency: 388.014676 ns
topology: 1.096256 MB, link: 1.933458 MB, data: 3.232184 MB
--- Unary Path Analysis (FST, cutoff=4) ---
  shared unary steps in main trie: 268333
  terminal suffixes: inplace=220500 (avg len=1.97)  links=754948 (77.4% of terminal)
  link len: avg=6.76  max=63  total_chars=5105329
  link length distribution (len:count):  4:91687  5:111663  6:114934  7:103953  8:85177  9:68086  10:51456  11:37502  12:26935  13:19286  14:13392  15:9281  16:6718  17:4599  18:3138  19:2143  20:1561  21:980  22:717  23:511  24:315  25:289  26:154  27:98  28:76  29:70  30:38  31:24  32:35  33:24  34:15  35:9  36:12  37:9  38:5  39:5  40:5  41:8  42:4  43:7  45:3  46:1  48:1  50:1  52:4  54:2  55:1  56:5  57:4  59:2  63:2  64:1
702.506024,6.261899,388.014676
[PASSED]
[time 1.54 s, user 1.43 s, sys 0.10 s, maxrss 183360 KB]
[busy 160 jiffies]
[exit 0]
--- c2 case 0 rec 0   load 0.55 0.76 0.89
[TEST C2-FST]
Processing dataset...
Done!
Building trie...
Done!
build time: 632.061891 ms (632.061891 ns per key)
space cost: 6.917822 MB (52.632701% of original size 13.143581 MB)
Querying trie...
Done!
total time: 341.678148 ms, avg latency: 341.678148 ns
topology: 0.942398 MB, link: 2.041207 MB, data: 3.934216 MB
--- Unary Path Analysis (FST, cutoff=4) ---
  shared unary steps in main trie: 268333
  terminal suffixes: inplace=220500 (avg len=1.97)  links=754948 (77.4% of terminal)
  link len: avg=6.76  max=63  total_chars=5105329
  link length distribution (len:count):  4:91687  5:111663  6:114934  7:103953  8:85177  9:68086  10:51456  11:37502  12:26935  13:19286  14:13392  15:9281  16:6718  17:4599  18:3138  19:2143  20:1561  21:980  22:717  23:511  24:315  25:289  26:154  27:98  28:76  29:70  30:38  31:24  32:35  33:24  34:15  35:9  36:12  37:9  38:5  39:5  40:5  41:8  42:4  43:7  45:3  46:1  48:1  50:1  52:4  54:2  55:1  56:5  57:4  59:2  63:2  64:1
632.061891,6.917822,341.678148
[PASSED]
[time 1.40 s, user 1.28 s, sys 0.11 s, maxrss 183416 KB]
[busy 151 jiffies]
[exit 0]
--- lexindex hashed16   load 0.55 0.76 0.89
1000000 keys
lexindex HashedDictIndex fp=16: build 300 ms, size 8.812 MiB (9.240 B/key), latency cold 38.3 ns, then mean 32.2 / min 31.9 ns
299.587,8.812214,38.283
[time 0.90 s, user 2.26 s, sys 0.25 s, maxrss 249180 KB]
[busy 271 jiffies]
[exit 0]
--- lexindex hashed8   load 0.55 0.76 0.89
1000000 keys
lexindex HashedDictIndex fp=8: build 297 ms, size 7.859 MiB (8.240 B/key), latency cold 35.2 ns, then mean 31.4 / min 30.4 ns
297.388,7.858540,35.171
[time 0.90 s, user 2.24 s, sys 0.25 s, maxrss 247968 KB]
[busy 265 jiffies]
[exit 0]
--- lexindex hashed0   load 0.59 0.76 0.89
1000000 keys
lexindex HashedDictIndex closed: build 299 ms, size 6.905 MiB (7.240 B/key), latency cold 27.7 ns, then mean 20.8 / min 19.6 ns
298.708,6.904865,27.686
[time 0.87 s, user 2.24 s, sys 0.23 s, maxrss 248196 KB]
[busy 265 jiffies]
[exit 0]
--- lexindex string   load 0.59 0.76 0.89
1000000 keys
lexindex StringIndex: build 589 ms, size 10.017 MiB (10.504 B/key), latency cold 209.6 ns, then mean 202.4 / min 202.2 ns
588.995,10.017015,209.573
[time 1.86 s, user 1.79 s, sys 0.06 s, maxrss 135876 KB]
[busy 200 jiffies]
[exit 0]
--- lexindex routed1024   load 0.62 0.77 0.89
1000000 keys
lexindex DictIndex block 1024 routed: build 224 ms, size 4.399 MiB (4.613 B/key), latency cold 251.6 ns, then mean 246.8 / min 244.8 ns
223.654,4.398964,251.575
[time 1.70 s, user 2.49 s, sys 0.17 s, maxrss 214576 KB]
[busy 285 jiffies]
[exit 0]
--- lexindex routed256   load 0.62 0.77 0.89
1000000 keys
lexindex DictIndex block 256 routed: build 210 ms, size 4.768 MiB (5.000 B/key), latency cold 227.9 ns, then mean 221.9 / min 219.8 ns
210.484,4.768086,227.892
[time 1.59 s, user 2.89 s, sys 0.23 s, maxrss 237884 KB]
[busy 332 jiffies]
[exit 0]
--- lexindex routed32   load 0.65 0.77 0.89
1000000 keys
lexindex DictIndex block 32 routed: build 214 ms, size 5.076 MiB (5.322 B/key), latency cold 257.5 ns, then mean 248.3 / min 245.0 ns
213.734,5.075809,257.463
[time 1.70 s, user 2.95 s, sys 0.26 s, maxrss 237640 KB]
[busy 341 jiffies]
[exit 0]
--- lexindex dict1024   load 0.65 0.77 0.89
1000000 keys
lexindex DictIndex block 1024: build 226 ms, size 4.160 MiB (4.363 B/key), latency cold 362.7 ns, then mean 361.0 / min 357.5 ns
225.788,4.160439,362.712
[time 2.16 s, user 2.94 s, sys 0.17 s, maxrss 213864 KB]
[busy 331 jiffies]
[exit 0]
--- lexindex dict256   load 0.68 0.78 0.89
1000000 keys
lexindex DictIndex block 256: build 207 ms, size 4.291 MiB (4.500 B/key), latency cold 308.6 ns, then mean 296.1 / min 294.3 ns
206.889,4.291158,308.635
[time 1.89 s, user 3.21 s, sys 0.23 s, maxrss 237628 KB]
[busy 368 jiffies]
[exit 0]
--- lexindex dict32   load 0.63 0.76 0.89
1000000 keys
lexindex DictIndex block 32: build 211 ms, size 4.599 MiB (4.822 B/key), latency cold 288.3 ns, then mean 283.3 / min 281.6 ns
210.589,4.598972,288.284
[time 1.83 s, user 3.10 s, sys 0.23 s, maxrss 236684 KB]
[busy 354 jiffies]
[exit 0]

##### dna-1000000 (1000000 lines, 25000000 bytes)   round 2/3   2026-09-24T13:05:13+03:00
--- xcdat 16   load 0.63 0.76 0.89
build time: 795.613446 ms
space cost: 21.935129 MiB (95.836042% of original size 22.888184 MiB)
avg latency: 296.777689 ns
795.613446,21.935129,296.777689
[time 1.80 s, user 1.66 s, sys 0.12 s, maxrss 182740 KB]
[busy 191 jiffies]
[exit 0]
--- xcdat 15   load 0.66 0.77 0.89
build time: 819.853699 ms
space cost: 21.414997 MiB (93.563550% of original size 22.888184 MiB)
avg latency: 281.634972 ns
819.853699,21.414997,281.634972
[time 1.81 s, user 1.70 s, sys 0.10 s, maxrss 182076 KB]
[busy 192 jiffies]
[exit 0]
--- xcdat 8   load 0.66 0.77 0.89
build time: 792.968535 ms
space cost: 19.685819 MiB (86.008654% of original size 22.888184 MiB)
avg latency: 299.864890 ns
792.968535,19.685819,299.864890
[time 1.82 s, user 1.69 s, sys 0.11 s, maxrss 180676 KB]
[busy 192 jiffies]
[exit 0]
--- xcdat 7   load 0.69 0.77 0.89
build time: 831.325738 ms
space cost: 19.789600 MiB (86.462083% of original size 22.888184 MiB)
avg latency: 302.605742 ns
831.325738,19.789600,302.605742
[time 1.84 s, user 1.71 s, sys 0.12 s, maxrss 180440 KB]
[busy 192 jiffies]
[exit 0]
--- c2 case 8 rec 0   load 0.69 0.77 0.89
[TEST CART]
Processing dataset...
Done!
Building trie...
Done!
build time: 244.019173 ms (244.019173 ns per key)
space cost: 15.643999 MB (68.349675% of original size 22.888184 MB)
Querying trie...
Done!
total time: 461.545929 ms, avg latency: 461.545929 ns
not implemented
244.019173,15.643999,461.545929
[PASSED]
[time 1.44 s, user 1.32 s, sys 0.11 s, maxrss 214608 KB]
[busy 153 jiffies]
[exit 0]
--- c2 case 7 rec 0   load 0.71 0.78 0.89
[TEST ART]
Processing dataset...
Done!
Building trie...
Done!
build time: 192.584214 ms (192.584214 ns per key)
space cost: 33.278465 MB (145.395833% of original size 22.888184 MB)
Querying trie...
Done!
total time: 420.076218 ms, avg latency: 420.076218 ns
not implemented
192.584214,33.278465,420.076218
[PASSED]
[time 1.37 s, user 1.24 s, sys 0.11 s, maxrss 222928 KB]
[busy 149 jiffies]
[exit 0]
--- c2 case 6 rec 0   load 0.71 0.78 0.89
[TEST PDT]
Processing dataset...
Done!
Building trie...
dict size: 151324, stream size: 6218209
Done!
build time: 2916.464201 ms (2916.464201 ns per key)
space cost: 7.350519 MB (32.114908% of original size 22.888184 MB)
Querying trie...
Done!
total time: 773.734359 ms, avg latency: 773.734359 ns
not implemented
2916.464201,7.350519,773.734359
[PASSED]
[time 4.39 s, user 4.22 s, sys 0.15 s, maxrss 213044 KB]
[busy 457 jiffies]
[exit 0]
--- c2 case 5 rec 2   load 0.68 0.77 0.89
[TEST MARISA]
Processing dataset...
Done!
Building trie...
Done!
build time: 960.554370 ms (960.554370 ns per key)
space cost: 7.210847 MB (31.504671% of original size 22.888184 MB)
Querying trie...
Done!
total time: 789.853862 ms, avg latency: 789.853862 ns
not implemented
960.554370,7.210847,789.853862
[PASSED]
[time 2.47 s, user 2.33 s, sys 0.13 s, maxrss 221924 KB]
[busy 257 jiffies]
[exit 0]
--- c2 case 5 rec 1   load 0.68 0.77 0.89
[TEST MARISA]
Processing dataset...
Done!
Building trie...
Done!
build time: 954.670994 ms (954.670994 ns per key)
space cost: 7.640043 MB (33.379858% of original size 22.888184 MB)
Querying trie...
Done!
total time: 739.499483 ms, avg latency: 739.499483 ns
not implemented
954.670994,7.640043,739.499483
[PASSED]
[time 2.40 s, user 2.23 s, sys 0.16 s, maxrss 222000 KB]
[busy 251 jiffies]
[exit 0]
--- c2 case 5 rec 0   load 0.70 0.77 0.89
[TEST MARISA]
Processing dataset...
Done!
Building trie...
Done!
build time: 690.233350 ms (690.233350 ns per key)
space cost: 18.867507 MB (82.433396% of original size 22.888184 MB)
Querying trie...
Done!
total time: 546.402095 ms, avg latency: 546.402095 ns
not implemented
690.233350,18.867507,546.402095
[PASSED]
[time 1.93 s, user 1.78 s, sys 0.13 s, maxrss 222716 KB]
[busy 203 jiffies]
[exit 0]
--- c2 case 4 rec 0   load 0.70 0.77 0.89
[TEST COCO]
Processing dataset...
Done!
Building trie...
num nodes = 65537, average depth = 14.999878
ef = 0.000000, pa = 0.000000, bv = 0.000000, de = 0.000015
efr = 0.000015, par = 0.999969, bvr = 0.000000, der = 0.000000
Done!
build time: 22472.443385 ms (22472.443385 ns per key)
space cost: 5.857979 MB (25.593899% of original size 22.888184 MB)
Querying trie...
Done!
total time: 363.420497 ms, avg latency: 363.420497 ns
not implemented
22472.443385,5.857979,363.420497
[PASSED]
[time 24.55 s, user 18.62 s, sys 5.83 s, maxrss 13623684 KB]
[busy 2531 jiffies]
[exit 0]
--- c2 case 3 rec 0   load 0.74 0.78 0.89
[TEST FST]
Processing dataset...
Done!
Building trie...
Done!
build time: 956.417977 ms (956.417977 ns per key)
space cost: 18.082896 MB (79.005379% of original size 22.888184 MB)
Querying trie...
Done!
total time: 548.706837 ms, avg latency: 548.706837 ns
not implemented
956.417977,18.082896,548.706837
[PASSED]
[time 2.22 s, user 2.10 s, sys 0.10 s, maxrss 179288 KB]
[busy 230 jiffies]
[exit 0]
--- c2 case 2 rec 2   load 0.74 0.78 0.89
[TEST C2-MARISA]
Processing dataset...
Done!
Building trie...
trie size: 2.428399 MB
trie size: 5.162292 MB
Done!
build time: 2215.678029 ms (2215.678029 ns per key)
space cost: 10.748939 MB (46.962829% of original size 22.888184 MB)
Querying trie...
Done!
total time: 397.634644 ms, avg latency: 397.634644 ns
topology: 0.804615 MB, link: 2.791285 MB, data: 7.132531 MB
--- Unary Path Analysis (Marisa, cutoff=3) ---
  branches: 1681124  |  single-char: 605889 (36.0%)  short-unary: 58000 (3.5%)  links: 1017235 (60.5%)
  link len: avg=13.94  max=17  total_chars=14175392
  link length distribution (len:count):  3:13001  4:3156  5:812  6:209  7:97  8:186  9:733  10:2730  11:11261  12:42928  13:153933  14:402475  15:363824  16:21889  17:1
  short unary avg len: 2.00
2215.678029,10.748939,397.634644
[PASSED]
[time 3.34 s, user 3.10 s, sys 0.22 s, maxrss 285160 KB]
[busy 348 jiffies]
[exit 0]
--- c2 case 2 rec 1   load 0.76 0.78 0.89
[TEST C2-MARISA]
Processing dataset...
Done!
Building trie...
trie size: 2.428399 MB
trie size: 5.162292 MB
Done!
build time: 2234.057098 ms (2234.057098 ns per key)
space cost: 10.748939 MB (46.962829% of original size 22.888184 MB)
Querying trie...
Done!
total time: 387.798330 ms, avg latency: 387.798330 ns
topology: 0.804615 MB, link: 2.791285 MB, data: 7.132531 MB
--- Unary Path Analysis (Marisa, cutoff=3) ---
  branches: 1681124  |  single-char: 605889 (36.0%)  short-unary: 58000 (3.5%)  links: 1017235 (60.5%)
  link len: avg=13.94  max=17  total_chars=14175392
  link length distribution (len:count):  3:13001  4:3156  5:812  6:209  7:97  8:186  9:733  10:2730  11:11261  12:42928  13:153933  14:402475  15:363824  16:21889  17:1
  short unary avg len: 2.00
2234.057098,10.748939,387.798330
[PASSED]
[time 3.35 s, user 3.11 s, sys 0.22 s, maxrss 285360 KB]
[busy 350 jiffies]
[exit 0]
--- c2 case 2 rec 0   load 0.78 0.78 0.89
[TEST C2-MARISA]
Processing dataset...
Done!
Building trie...
trie size: 2.428399 MB
Done!
build time: 1329.433055 ms (1329.433055 ns per key)
space cost: 10.748939 MB (46.962829% of original size 22.888184 MB)
Querying trie...
Done!
total time: 392.603500 ms, avg latency: 392.603500 ns
topology: 0.804615 MB, link: 2.791285 MB, data: 7.132531 MB
--- Unary Path Analysis (Marisa, cutoff=3) ---
  branches: 1681124  |  single-char: 605889 (36.0%)  short-unary: 58000 (3.5%)  links: 1017235 (60.5%)
  link len: avg=13.94  max=17  total_chars=14175392
  link length distribution (len:count):  3:13001  4:3156  5:812  6:209  7:97  8:186  9:733  10:2730  11:11261  12:42928  13:153933  14:402475  15:363824  16:21889  17:1
  short unary avg len: 2.00
1329.433055,10.748939,392.603500
[PASSED]
[time 2.42 s, user 2.25 s, sys 0.16 s, maxrss 252508 KB]
[busy 254 jiffies]
[exit 0]
--- c2 case 1 rec 2   load 0.72 0.77 0.88
[TEST C2-CoCo(LOUDS-Sparse)]
Processing dataset...
Done!
Building trie...
trie size: 5.258043 MB
Done!
build time: 2715.320983 ms (2715.320983 ns per key)
space cost: 9.777104 MB (42.716818% of original size 22.888184 MB)
Querying trie...
Done!
total time: 458.986049 ms, avg latency: 458.986049 ns
topology: 0.343521 MB, link: 3.029230 MB, data: 6.404353 MB
2715.320983,9.777104,458.986049
[PASSED]
[time 3.88 s, user 3.64 s, sys 0.21 s, maxrss 413840 KB]
[busy 404 jiffies]
[exit 0]
--- c2 case 1 rec 1   load 0.66 0.76 0.88
[TEST C2-CoCo(LOUDS-Sparse)]
Processing dataset...
Done!
Building trie...
trie size: 5.258043 MB
Done!
build time: 2706.601547 ms (2706.601547 ns per key)
space cost: 9.777104 MB (42.716818% of original size 22.888184 MB)
Querying trie...
Done!
total time: 457.355926 ms, avg latency: 457.355926 ns
topology: 0.343521 MB, link: 3.029230 MB, data: 6.404353 MB
2706.601547,9.777104,457.355926
[PASSED]
[time 3.86 s, user 3.63 s, sys 0.21 s, maxrss 413904 KB]
[busy 402 jiffies]
[exit 0]
--- c2 case 1 rec 0   load 0.61 0.75 0.87
[TEST C2-CoCo(LOUDS-Sparse)]
Processing dataset...
Done!
Building trie...
Done!
build time: 2015.925215 ms (2015.925215 ns per key)
space cost: 9.777104 MB (42.716818% of original size 22.888184 MB)
Querying trie...
Done!
total time: 464.443384 ms, avg latency: 464.443384 ns
topology: 0.343521 MB, link: 3.029230 MB, data: 6.404353 MB
2015.925215,9.777104,464.443384
[PASSED]
[time 3.18 s, user 2.97 s, sys 0.20 s, maxrss 386032 KB]
[busy 329 jiffies]
[exit 0]
--- c2 case 0 rec 2   load 0.61 0.75 0.87
[TEST C2-FST]
Processing dataset...
Done!
Building trie...
trie size: 5.258043 MB
Done!
build time: 2150.052623 ms (2150.052623 ns per key)
space cost: 11.502727 MB (50.256179% of original size 22.888184 MB)
Querying trie...
Done!
total time: 419.352348 ms, avg latency: 419.352348 ns
topology: 0.892128 MB, link: 2.893083 MB, data: 7.717516 MB
--- Unary Path Analysis (FST, cutoff=4) ---
  shared unary steps in main trie: 98146
  terminal suffixes: inplace=2 (avg len=3.00)  links=999998 (100.0% of terminal)
  link len: avg=12.12  max=15  total_chars=12118007
  link length distribution (len:count):  4:2  5:10  6:40  7:176  8:732  9:2727  10:11261  11:42928  12:153933  13:402475  14:363824  15:21889  16:1
2150.052623,11.502727,419.352348
[PASSED]
[time 3.26 s, user 3.06 s, sys 0.17 s, maxrss 284228 KB]
[busy 342 jiffies]
[exit 0]
--- c2 case 0 rec 1   load 0.64 0.75 0.88
[TEST C2-FST]
Processing dataset...
Done!
Building trie...
trie size: 5.258043 MB
Done!
build time: 2155.041939 ms (2155.041939 ns per key)
space cost: 11.502727 MB (50.256179% of original size 22.888184 MB)
Querying trie...
Done!
total time: 415.927441 ms, avg latency: 415.927441 ns
topology: 0.892128 MB, link: 2.893083 MB, data: 7.717516 MB
--- Unary Path Analysis (FST, cutoff=4) ---
  shared unary steps in main trie: 98146
  terminal suffixes: inplace=2 (avg len=3.00)  links=999998 (100.0% of terminal)
  link len: avg=12.12  max=15  total_chars=12118007
  link length distribution (len:count):  4:2  5:10  6:40  7:176  8:732  9:2727  10:11261  11:42928  12:153933  13:402475  14:363824  15:21889  16:1
2155.041939,11.502727,415.927441
[PASSED]
[time 3.28 s, user 3.11 s, sys 0.15 s, maxrss 284340 KB]
[busy 343 jiffies]
[exit 0]
--- c2 case 0 rec 0   load 0.67 0.75 0.88
[TEST C2-FST]
Processing dataset...
Done!
Building trie...
Done!
build time: 1422.656655 ms (1422.656655 ns per key)
space cost: 11.502727 MB (50.256179% of original size 22.888184 MB)
Querying trie...
Done!
total time: 422.044036 ms, avg latency: 422.044036 ns
topology: 0.892128 MB, link: 2.893083 MB, data: 7.717516 MB
--- Unary Path Analysis (FST, cutoff=4) ---
  shared unary steps in main trie: 98146
  terminal suffixes: inplace=2 (avg len=3.00)  links=999998 (100.0% of terminal)
  link len: avg=12.12  max=15  total_chars=12118007
  link length distribution (len:count):  4:2  5:10  6:40  7:176  8:732  9:2727  10:11261  11:42928  12:153933  13:402475  14:363824  15:21889  16:1
1422.656655,11.502727,422.044036
[PASSED]
[time 2.54 s, user 2.37 s, sys 0.16 s, maxrss 256072 KB]
[busy 267 jiffies]
[exit 0]
--- lexindex hashed16   load 0.69 0.76 0.88
1000000 keys
lexindex HashedDictIndex fp=16: build 194 ms, size 8.693 MiB (9.115 B/key), latency cold 59.5 ns, then mean 58.4 / min 57.9 ns
193.699,8.692947,59.517
[time 0.91 s, user 1.46 s, sys 0.17 s, maxrss 175348 KB]
[busy 178 jiffies]
[exit 0]
--- lexindex hashed8   load 0.69 0.76 0.88
1000000 keys
lexindex HashedDictIndex fp=8: build 194 ms, size 7.739 MiB (8.115 B/key), latency cold 57.9 ns, then mean 56.9 / min 56.8 ns
193.790,7.739273,57.930
[time 0.92 s, user 1.46 s, sys 0.17 s, maxrss 173936 KB]
[busy 179 jiffies]
[exit 0]
--- lexindex hashed0   load 0.64 0.75 0.87
1000000 keys
lexindex HashedDictIndex closed: build 192 ms, size 6.786 MiB (7.115 B/key), latency cold 48.4 ns, then mean 46.0 / min 44.8 ns
191.747,6.785599,48.353
[time 0.87 s, user 1.42 s, sys 0.15 s, maxrss 174172 KB]
[busy 171 jiffies]
[exit 0]
--- lexindex string   load 0.64 0.75 0.87
1000000 keys
lexindex StringIndex: build 1122 ms, size 16.920 MiB (17.741 B/key), latency cold 425.3 ns, then mean 417.5 / min 412.3 ns
1122.490,16.919603,425.277
[time 3.29 s, user 3.20 s, sys 0.08 s, maxrss 164836 KB]
[busy 351 jiffies]
[exit 0]
--- lexindex routed1024   load 0.67 0.75 0.87
1000000 keys
lexindex DictIndex block 1024 routed: build 102 ms, size 4.273 MiB (4.481 B/key), latency cold 266.6 ns, then mean 261.9 / min 261.1 ns
101.963,4.273081,266.624
[time 1.66 s, user 1.92 s, sys 0.12 s, maxrss 160644 KB]
[busy 220 jiffies]
[exit 0]
--- lexindex routed256   load 0.67 0.75 0.87
1000000 keys
lexindex DictIndex block 256 routed: build 102 ms, size 4.649 MiB (4.875 B/key), latency cold 260.4 ns, then mean 257.1 / min 253.5 ns
102.230,4.649249,260.388
[time 1.64 s, user 2.15 s, sys 0.14 s, maxrss 174292 KB]
[busy 249 jiffies]
[exit 0]
--- lexindex routed32   load 0.70 0.75 0.87
1000000 keys
lexindex DictIndex block 32 routed: build 100 ms, size 5.245 MiB (5.500 B/key), latency cold 300.0 ns, then mean 295.6 / min 291.5 ns
100.279,5.244968,300.049
[time 1.80 s, user 2.30 s, sys 0.16 s, maxrss 183828 KB]
[busy 264 jiffies]
[exit 0]
--- lexindex dict1024   load 0.64 0.74 0.87
1000000 keys
lexindex DictIndex block 1024: build 104 ms, size 4.035 MiB (4.231 B/key), latency cold 339.8 ns, then mean 336.4 / min 335.1 ns
103.950,4.034555,339.850
[time 1.97 s, user 2.21 s, sys 0.13 s, maxrss 155192 KB]
[busy 253 jiffies]
[exit 0]
--- lexindex dict256   load 0.64 0.74 0.87
1000000 keys
lexindex DictIndex block 256: build 100 ms, size 4.172 MiB (4.375 B/key), latency cold 313.6 ns, then mean 309.3 / min 307.4 ns
100.277,4.172320,313.581
[time 1.85 s, user 2.35 s, sys 0.18 s, maxrss 174980 KB]
[busy 269 jiffies]
[exit 0]
--- lexindex dict32   load 0.67 0.75 0.87
1000000 keys
lexindex DictIndex block 32: build 98 ms, size 4.768 MiB (5.000 B/key), latency cold 327.5 ns, then mean 322.9 / min 320.5 ns
97.613,4.768131,327.503
[time 1.91 s, user 2.37 s, sys 0.19 s, maxrss 183132 KB]
[busy 274 jiffies]
[exit 0]

##### words-full (479823 lines, 4953557 bytes)   round 2/3   2026-09-24T13:07:19+03:00
--- xcdat 16   load 0.67 0.75 0.87
build time: 98.496409 ms
space cost: 3.550420 MiB (83.216503% of original size 4.266485 MiB)
avg latency: 86.925222 ns
98.496409,3.550420,86.925222
[time 0.31 s, user 0.28 s, sys 0.03 s, maxrss 58220 KB]
[busy 37 jiffies]
[exit 0]
--- xcdat 15   load 0.61 0.73 0.87
build time: 108.190286 ms
space cost: 3.340850 MiB (78.304499% of original size 4.266485 MiB)
avg latency: 79.205978 ns
108.190286,3.340850,79.205978
[time 0.32 s, user 0.28 s, sys 0.04 s, maxrss 58288 KB]
[busy 37 jiffies]
[exit 0]
--- xcdat 8   load 0.61 0.73 0.87
build time: 97.325549 ms
space cost: 2.597720 MiB (60.886655% of original size 4.266485 MiB)
avg latency: 111.300104 ns
97.325549,2.597720,111.300104
[time 0.32 s, user 0.29 s, sys 0.03 s, maxrss 52116 KB]
[busy 36 jiffies]
[exit 0]
--- xcdat 7   load 0.61 0.73 0.87
build time: 107.085490 ms
space cost: 2.721505 MiB (63.787990% of original size 4.266485 MiB)
avg latency: 106.359293 ns
107.085490,2.721505,106.359293
[time 0.33 s, user 0.29 s, sys 0.03 s, maxrss 52116 KB]
[busy 37 jiffies]
[exit 0]
--- c2 case 8 rec 0   load 0.61 0.73 0.87
[TEST CART]
Processing dataset...
Done!
Building trie...
Done!
build time: 68.697129 ms (143.171813 ns per key)
space cost: 7.328448 MB (171.767812% of original size 4.266485 MB)
Querying trie...
Done!
total time: 102.798203 ms, avg latency: 214.241925 ns
not implemented
68.697129,7.328448,214.241925
[PASSED]
[time 0.35 s, user 0.31 s, sys 0.03 s, maxrss 62096 KB]
[busy 39 jiffies]
[exit 0]
--- c2 case 7 rec 0   load 0.57 0.72 0.86
[TEST ART]
Processing dataset...
Done!
Building trie...
Done!
build time: 46.546502 ms (97.007651 ns per key)
space cost: 16.425407 MB (384.986859% of original size 4.266485 MB)
Querying trie...
Done!
total time: 83.212818 ms, avg latency: 173.423988 ns
not implemented
46.546502,16.425407,173.423988
[PASSED]
[time 0.30 s, user 0.26 s, sys 0.03 s, maxrss 61872 KB]
[busy 33 jiffies]
[exit 0]
--- c2 case 6 rec 0   load 0.57 0.72 0.86
[TEST PDT]
Processing dataset...
Done!
Building trie...
dict size: 35774, stream size: 975943
Done!
build time: 334.859975 ms (697.882292 ns per key)
space cost: 1.577207 MB (36.967352% of original size 4.266485 MB)
Querying trie...
Done!
total time: 207.575807 ms, avg latency: 432.609123 ns
not implemented
334.859975,1.577207,432.609123
[PASSED]
[time 0.71 s, user 0.67 s, sys 0.03 s, maxrss 53112 KB]
[busy 78 jiffies]
[exit 0]
--- c2 case 5 rec 2   load 0.57 0.72 0.86
[TEST MARISA]
Processing dataset...
Done!
Building trie...
Done!
build time: 156.059345 ms (325.243569 ns per key)
space cost: 1.362252 MB (31.929145% of original size 4.266485 MB)
Querying trie...
Done!
total time: 164.706625 ms, avg latency: 343.265381 ns
not implemented
156.059345,1.362252,343.265381
[PASSED]
[time 0.49 s, user 0.44 s, sys 0.04 s, maxrss 63272 KB]
[busy 53 jiffies]
[exit 0]
--- c2 case 5 rec 1   load 0.52 0.71 0.86
[TEST MARISA]
Processing dataset...
Done!
Building trie...
Done!
build time: 157.529637 ms (328.307807 ns per key)
space cost: 1.371034 MB (32.134968% of original size 4.266485 MB)
Querying trie...
Done!
total time: 165.430094 ms, avg latency: 344.773164 ns
not implemented
157.529637,1.371034,344.773164
[PASSED]
[time 0.50 s, user 0.46 s, sys 0.03 s, maxrss 63340 KB]
[busy 55 jiffies]
[exit 0]
--- c2 case 5 rec 0   load 0.52 0.71 0.86
[TEST MARISA]
Processing dataset...
Done!
Building trie...
Done!
build time: 151.659015 ms (316.072833 ns per key)
space cost: 1.546566 MB (36.249182% of original size 4.266485 MB)
Querying trie...
Done!
total time: 146.719162 ms, avg latency: 305.777676 ns
not implemented
151.659015,1.546566,305.777676
[PASSED]
[time 0.47 s, user 0.43 s, sys 0.03 s, maxrss 63312 KB]
[busy 55 jiffies]
[exit 0]
--- c2 case 4 rec 0   load 0.52 0.71 0.86
[TEST COCO]
Processing dataset...
Done!
Building trie...
num nodes = 100870, average depth = 2.907644
ef = 0.002379, pa = 0.381531, bv = 0.002558, de = 0.468484
efr = 0.010370, par = 0.134639, bvr = 0.000020, der = 0.000020
Done!
build time: 1603.997109 ms (3342.893336 ns per key)
space cost: 2.485874 MB (58.265159% of original size 4.266485 MB)
Querying trie...
Done!
total time: 170.239302 ms, avg latency: 354.796044 ns
not implemented
1603.997109,2.485874,354.796044
[PASSED]
[time 2.03 s, user 1.59 s, sys 0.43 s, maxrss 920064 KB]
[busy 212 jiffies]
[exit 0]
--- c2 case 3 rec 0   load 0.56 0.71 0.86
[TEST FST]
Processing dataset...
Done!
Building trie...
Done!
build time: 186.413027 ms (388.503734 ns per key)
space cost: 2.144493 MB (50.263695% of original size 4.266485 MB)
Querying trie...
Done!
total time: 205.355784 ms, avg latency: 427.982368 ns
not implemented
186.413027,2.144493,427.982368
[PASSED]
[time 0.56 s, user 0.52 s, sys 0.03 s, maxrss 41272 KB]
[busy 61 jiffies]
[exit 0]
--- c2 case 2 rec 2   load 0.56 0.71 0.86
[TEST C2-MARISA]
Processing dataset...
Done!
Building trie...
trie size: 1.224291 MB
trie size: 0.455650 MB
trie size: 0.007228 MB
Done!
build time: 113.900868 ms (237.381009 ns per key)
space cost: 1.692706 MB (39.674487% of original size 4.266485 MB)
Querying trie...
Done!
total time: 105.335231 ms, avg latency: 219.529349 ns
topology: 0.426247 MB, link: 0.398585 MB, data: 0.857620 MB
--- Unary Path Analysis (Marisa, cutoff=3) ---
  branches: 742737  |  single-char: 411656 (55.4%)  short-unary: 124451 (16.8%)  links: 206630 (27.8%)
  link len: avg=4.35  max=37  total_chars=898820
  link length distribution (len:count):  3:81252  4:55503  5:30038  6:18037  7:10646  8:5519  9:2885  10:1442  11:688  12:346  13:146  14:66  15:26  16:12  17:9  18:7  19:2  20:3  21:1  22:1  37:1
  short unary avg len: 2.00
113.900868,1.692706,219.529349
[PASSED]
[time 0.39 s, user 0.34 s, sys 0.04 s, maxrss 62740 KB]
[busy 43 jiffies]
[exit 0]
--- c2 case 2 rec 1   load 0.56 0.71 0.86
[TEST C2-MARISA]
Processing dataset...
Done!
Building trie...
trie size: 1.224291 MB
trie size: 0.455650 MB
Done!
build time: 112.489195 ms (234.438939 ns per key)
space cost: 1.692706 MB (39.674487% of original size 4.266485 MB)
Querying trie...
Done!
total time: 105.965015 ms, avg latency: 220.841883 ns
topology: 0.426247 MB, link: 0.398585 MB, data: 0.857620 MB
--- Unary Path Analysis (Marisa, cutoff=3) ---
  branches: 742737  |  single-char: 411656 (55.4%)  short-unary: 124451 (16.8%)  links: 206630 (27.8%)
  link len: avg=4.35  max=37  total_chars=898820
  link length distribution (len:count):  3:81252  4:55503  5:30038  6:18037  7:10646  8:5519  9:2885  10:1442  11:688  12:346  13:146  14:66  15:26  16:12  17:9  18:7  19:2  20:3  21:1  22:1  37:1
  short unary avg len: 2.00
112.489195,1.692706,220.841883
[PASSED]
[time 0.39 s, user 0.35 s, sys 0.04 s, maxrss 62720 KB]
[busy 45 jiffies]
[exit 0]
--- c2 case 2 rec 0   load 0.59 0.72 0.86
[TEST C2-MARISA]
Processing dataset...
Done!
Building trie...
trie size: 1.224291 MB
Done!
build time: 110.349033 ms (229.978623 ns per key)
space cost: 1.753984 MB (41.110759% of original size 4.266485 MB)
Querying trie...
Done!
total time: 100.150327 ms, avg latency: 208.723481 ns
topology: 0.405689 MB, link: 0.420969 MB, data: 0.917072 MB
--- Unary Path Analysis (Marisa, cutoff=3) ---
  branches: 742737  |  single-char: 411656 (55.4%)  short-unary: 124451 (16.8%)  links: 206630 (27.8%)
  link len: avg=4.35  max=37  total_chars=898820
  link length distribution (len:count):  3:81252  4:55503  5:30038  6:18037  7:10646  8:5519  9:2885  10:1442  11:688  12:346  13:146  14:66  15:26  16:12  17:9  18:7  19:2  20:3  21:1  22:1  37:1
  short unary avg len: 2.00
110.349033,1.753984,208.723481
[PASSED]
[time 0.38 s, user 0.34 s, sys 0.04 s, maxrss 62900 KB]
[busy 43 jiffies]
[exit 0]
--- c2 case 1 rec 2   load 0.59 0.72 0.86
[TEST C2-CoCo(LOUDS-Sparse)]
Processing dataset...
Done!
Building trie...
trie size: 0.142362 MB
Done!
build time: 421.518468 ms (878.487417 ns per key)
space cost: 2.136750 MB (50.082199% of original size 4.266485 MB)
Querying trie...
Done!
total time: 198.528174 ms, avg latency: 413.752934 ns
topology: 0.195229 MB, link: 0.520357 MB, data: 1.421164 MB
421.518468,2.136750,413.752934
[PASSED]
[time 0.80 s, user 0.73 s, sys 0.06 s, maxrss 97912 KB]
[busy 86 jiffies]
[exit 0]
--- c2 case 1 rec 1   load 0.59 0.72 0.86
[TEST C2-CoCo(LOUDS-Sparse)]
Processing dataset...
Done!
Building trie...
trie size: 0.142362 MB
Done!
build time: 419.384748 ms (874.040527 ns per key)
space cost: 2.136750 MB (50.082199% of original size 4.266485 MB)
Querying trie...
Done!
total time: 196.426124 ms, avg latency: 409.372048 ns
topology: 0.195229 MB, link: 0.520357 MB, data: 1.421164 MB
419.384748,2.136750,409.372048
[PASSED]
[time 0.79 s, user 0.73 s, sys 0.06 s, maxrss 97820 KB]
[busy 85 jiffies]
[exit 0]
--- c2 case 1 rec 0   load 0.55 0.71 0.85
[TEST C2-CoCo(LOUDS-Sparse)]
Processing dataset...
Done!
Building trie...
Done!
build time: 415.060993 ms (865.029382 ns per key)
space cost: 2.136750 MB (50.082199% of original size 4.266485 MB)
Querying trie...
Done!
total time: 197.190409 ms, avg latency: 410.964895 ns
topology: 0.195229 MB, link: 0.520357 MB, data: 1.421164 MB
415.060993,2.136750,410.964895
[PASSED]
[time 0.79 s, user 0.72 s, sys 0.06 s, maxrss 97616 KB]
[busy 86 jiffies]
[exit 0]
--- c2 case 0 rec 2   load 0.55 0.71 0.85
[TEST C2-FST]
Processing dataset...
Done!
Building trie...
trie size: 0.142362 MB
Done!
build time: 72.868849 ms (151.866103 ns per key)
space cost: 1.889297 MB (44.282271% of original size 4.266485 MB)
Querying trie...
Done!
total time: 124.089665 ms, avg latency: 258.615500 ns
topology: 0.420059 MB, link: 0.189988 MB, data: 1.279249 MB
--- Unary Path Analysis (FST, cutoff=4) ---
  shared unary steps in main trie: 150595
  terminal suffixes: inplace=193950 (avg len=1.79)  links=60939 (23.9% of terminal)
  link len: avg=4.24  max=35  total_chars=258586
  link length distribution (len:count):  4:25346  5:15798  6:9608  7:4976  8:2612  9:1355  10:653  11:330  12:137  13:65  14:25  15:11  16:9  17:6  18:2  19:3  20:1  21:1  36:1
72.868849,1.889297,258.615500
[PASSED]
[time 0.37 s, user 0.34 s, sys 0.03 s, maxrss 48772 KB]
[busy 42 jiffies]
[exit 0]
--- c2 case 0 rec 1   load 0.55 0.71 0.85
[TEST C2-FST]
Processing dataset...
Done!
Building trie...
trie size: 0.142362 MB
Done!
build time: 73.417240 ms (153.009005 ns per key)
space cost: 1.889297 MB (44.282271% of original size 4.266485 MB)
Querying trie...
Done!
total time: 124.099063 ms, avg latency: 258.635086 ns
topology: 0.420059 MB, link: 0.189988 MB, data: 1.279249 MB
--- Unary Path Analysis (FST, cutoff=4) ---
  shared unary steps in main trie: 150595
  terminal suffixes: inplace=193950 (avg len=1.79)  links=60939 (23.9% of terminal)
  link len: avg=4.24  max=35  total_chars=258586
  link length distribution (len:count):  4:25346  5:15798  6:9608  7:4976  8:2612  9:1355  10:653  11:330  12:137  13:65  14:25  15:11  16:9  17:6  18:2  19:3  20:1  21:1  36:1
73.417240,1.889297,258.635086
[PASSED]
[time 0.37 s, user 0.33 s, sys 0.03 s, maxrss 48788 KB]
[busy 44 jiffies]
[exit 0]
--- c2 case 0 rec 0   load 0.50 0.69 0.85
[TEST C2-FST]
Processing dataset...
Done!
Building trie...
Done!
build time: 73.980408 ms (154.182705 ns per key)
space cost: 1.889297 MB (44.282271% of original size 4.266485 MB)
Querying trie...
Done!
total time: 123.458780 ms, avg latency: 257.300671 ns
topology: 0.420059 MB, link: 0.189988 MB, data: 1.279249 MB
--- Unary Path Analysis (FST, cutoff=4) ---
  shared unary steps in main trie: 150595
  terminal suffixes: inplace=193950 (avg len=1.79)  links=60939 (23.9% of terminal)
  link len: avg=4.24  max=35  total_chars=258586
  link length distribution (len:count):  4:25346  5:15798  6:9608  7:4976  8:2612  9:1355  10:653  11:330  12:137  13:65  14:25  15:11  16:9  17:6  18:2  19:3  20:1  21:1  36:1
73.980408,1.889297,257.300671
[PASSED]
[time 0.37 s, user 0.34 s, sys 0.03 s, maxrss 48728 KB]
[busy 42 jiffies]
[exit 0]
--- lexindex hashed16   load 0.50 0.69 0.85
479823 keys
lexindex HashedDictIndex fp=16: build 99 ms, size 3.318 MiB (7.252 B/key), latency cold 17.5 ns, then mean 14.4 / min 14.2 ns
99.091,3.318485,17.524
[time 0.31 s, user 0.38 s, sys 0.08 s, maxrss 80652 KB]
[busy 60 jiffies]
[exit 0]
--- lexindex hashed8   load 0.50 0.69 0.85
479823 keys
lexindex HashedDictIndex fp=8: build 99 ms, size 2.861 MiB (6.252 B/key), latency cold 17.1 ns, then mean 15.0 / min 14.8 ns
98.637,2.860890,17.081
[time 0.30 s, user 0.39 s, sys 0.07 s, maxrss 78444 KB]
[busy 53 jiffies]
[exit 0]
--- lexindex hashed0   load 0.50 0.69 0.85
479823 keys
lexindex HashedDictIndex closed: build 100 ms, size 2.403 MiB (5.252 B/key), latency cold 14.7 ns, then mean 12.7 / min 12.6 ns
100.429,2.403296,14.655
[time 0.30 s, user 0.40 s, sys 0.06 s, maxrss 74048 KB]
[busy 55 jiffies]
[exit 0]
--- lexindex string   load 0.54 0.70 0.85
479823 keys
lexindex StringIndex: build 165 ms, size 2.724 MiB (5.953 B/key), latency cold 150.4 ns, then mean 146.1 / min 145.7 ns
164.804,2.724010,150.443
[time 0.62 s, user 0.59 s, sys 0.02 s, maxrss 64488 KB]
[busy 71 jiffies]
[exit 0]
--- lexindex routed1024   load 0.54 0.70 0.85
479823 keys
lexindex DictIndex block 1024 routed: build 67 ms, size 1.265 MiB (2.764 B/key), latency cold 202.0 ns, then mean 190.9 / min 190.8 ns
67.064,1.264619,201.953
[time 0.62 s, user 0.67 s, sys 0.04 s, maxrss 65636 KB]
[busy 82 jiffies]
[exit 0]
--- lexindex routed256   load 0.54 0.70 0.85
479823 keys
lexindex DictIndex block 256 routed: build 60 ms, size 1.435 MiB (3.135 B/key), latency cold 175.7 ns, then mean 166.8 / min 166.1 ns
59.693,1.434671,175.743
[time 0.56 s, user 0.65 s, sys 0.06 s, maxrss 74336 KB]
[busy 79 jiffies]
[exit 0]
--- lexindex routed32   load 0.50 0.69 0.84
479823 keys
lexindex DictIndex block 32 routed: build 60 ms, size 1.533 MiB (3.350 B/key), latency cold 189.5 ns, then mean 181.2 / min 179.6 ns
60.280,1.532863,189.472
[time 0.59 s, user 0.67 s, sys 0.06 s, maxrss 73512 KB]
[busy 84 jiffies]
[exit 0]
--- lexindex dict1024   load 0.50 0.69 0.84
479823 keys
lexindex DictIndex block 1024: build 67 ms, size 1.150 MiB (2.513 B/key), latency cold 302.8 ns, then mean 295.9 / min 295.3 ns
67.185,1.150117,302.817
[time 0.82 s, user 0.85 s, sys 0.06 s, maxrss 64520 KB]
[busy 101 jiffies]
[exit 0]
--- lexindex dict256   load 0.50 0.69 0.84
479823 keys
lexindex DictIndex block 256: build 57 ms, size 1.206 MiB (2.635 B/key), latency cold 244.3 ns, then mean 238.6 / min 237.6 ns
57.342,1.205790,244.338
[time 0.69 s, user 0.77 s, sys 0.07 s, maxrss 74116 KB]
[busy 89 jiffies]
[exit 0]
--- lexindex dict32   load 0.46 0.68 0.84
479823 keys
lexindex DictIndex block 32: build 58 ms, size 1.304 MiB (2.850 B/key), latency cold 208.4 ns, then mean 202.3 / min 201.8 ns
57.547,1.304057,208.372
[time 0.62 s, user 0.71 s, sys 0.06 s, maxrss 73748 KB]
[busy 83 jiffies]
[exit 0]

##### words-full (479823 lines, 4953557 bytes)   round 3/3   2026-09-24T13:08:07+03:00
--- lexindex dict32   load 0.46 0.68 0.84
479823 keys
lexindex DictIndex block 32: build 58 ms, size 1.304 MiB (2.850 B/key), latency cold 214.2 ns, then mean 202.0 / min 201.7 ns
57.609,1.304057,214.222
[time 0.63 s, user 0.70 s, sys 0.06 s, maxrss 73320 KB]
[busy 86 jiffies]
[exit 0]
--- lexindex dict256   load 0.46 0.68 0.84
479823 keys
lexindex DictIndex block 256: build 58 ms, size 1.206 MiB (2.635 B/key), latency cold 250.7 ns, then mean 237.4 / min 237.1 ns
58.500,1.205790,250.749
[time 0.70 s, user 0.78 s, sys 0.06 s, maxrss 73868 KB]
[busy 94 jiffies]
[exit 0]
--- lexindex dict1024   load 0.42 0.66 0.83
479823 keys
lexindex DictIndex block 1024: build 66 ms, size 1.150 MiB (2.513 B/key), latency cold 305.1 ns, then mean 294.8 / min 294.2 ns
65.547,1.150117,305.078
[time 0.82 s, user 0.86 s, sys 0.04 s, maxrss 64824 KB]
[busy 99 jiffies]
[exit 0]
--- lexindex routed32   load 0.42 0.66 0.83
479823 keys
lexindex DictIndex block 32 routed: build 60 ms, size 1.533 MiB (3.350 B/key), latency cold 183.2 ns, then mean 180.0 / min 179.2 ns
59.639,1.532863,183.199
[time 0.58 s, user 0.67 s, sys 0.06 s, maxrss 73388 KB]
[busy 81 jiffies]
[exit 0]
--- lexindex routed256   load 0.42 0.66 0.83
479823 keys
lexindex DictIndex block 256 routed: build 58 ms, size 1.435 MiB (3.135 B/key), latency cold 179.4 ns, then mean 166.1 / min 165.6 ns
58.073,1.434671,179.368
[time 0.56 s, user 0.63 s, sys 0.07 s, maxrss 73972 KB]
[busy 80 jiffies]
[exit 0]
--- lexindex routed1024   load 0.47 0.67 0.84
479823 keys
lexindex DictIndex block 1024 routed: build 68 ms, size 1.265 MiB (2.764 B/key), latency cold 195.0 ns, then mean 193.3 / min 190.7 ns
67.729,1.264619,195.001
[time 0.62 s, user 0.66 s, sys 0.05 s, maxrss 64376 KB]
[busy 81 jiffies]
[exit 0]
--- lexindex string   load 0.47 0.67 0.84
479823 keys
lexindex StringIndex: build 160 ms, size 2.724 MiB (5.953 B/key), latency cold 151.4 ns, then mean 146.3 / min 146.1 ns
160.333,2.724010,151.448
[time 0.62 s, user 0.58 s, sys 0.03 s, maxrss 64340 KB]
[busy 70 jiffies]
[exit 0]
--- lexindex hashed0   load 0.47 0.67 0.84
479823 keys
lexindex HashedDictIndex closed: build 99 ms, size 2.403 MiB (5.252 B/key), latency cold 14.6 ns, then mean 12.6 / min 12.3 ns
98.936,2.403296,14.649
[time 0.30 s, user 0.39 s, sys 0.07 s, maxrss 73960 KB]
[busy 54 jiffies]
[exit 0]
--- lexindex hashed8   load 0.43 0.66 0.83
479823 keys
lexindex HashedDictIndex fp=8: build 97 ms, size 2.861 MiB (6.252 B/key), latency cold 18.2 ns, then mean 15.5 / min 15.5 ns
97.153,2.860890,18.185
[time 0.31 s, user 0.39 s, sys 0.08 s, maxrss 77912 KB]
[busy 57 jiffies]
[exit 0]
--- lexindex hashed16   load 0.43 0.66 0.83
479823 keys
lexindex HashedDictIndex fp=16: build 100 ms, size 3.318 MiB (7.252 B/key), latency cold 17.7 ns, then mean 14.8 / min 14.6 ns
99.963,3.318485,17.652
[time 0.30 s, user 0.39 s, sys 0.07 s, maxrss 73888 KB]
[busy 52 jiffies]
[exit 0]
--- c2 case 0 rec 0   load 0.43 0.66 0.83
[TEST C2-FST]
Processing dataset...
Done!
Building trie...
Done!
build time: 69.936989 ms (145.755808 ns per key)
space cost: 1.889297 MB (44.282271% of original size 4.266485 MB)
Querying trie...
Done!
total time: 123.826731 ms, avg latency: 258.067519 ns
topology: 0.420059 MB, link: 0.189988 MB, data: 1.279249 MB
--- Unary Path Analysis (FST, cutoff=4) ---
  shared unary steps in main trie: 150595
  terminal suffixes: inplace=193950 (avg len=1.79)  links=60939 (23.9% of terminal)
  link len: avg=4.24  max=35  total_chars=258586
  link length distribution (len:count):  4:25346  5:15798  6:9608  7:4976  8:2612  9:1355  10:653  11:330  12:137  13:65  14:25  15:11  16:9  17:6  18:2  19:3  20:1  21:1  36:1
69.936989,1.889297,258.067519
[PASSED]
[time 0.37 s, user 0.33 s, sys 0.04 s, maxrss 48740 KB]
[busy 42 jiffies]
[exit 0]
--- c2 case 0 rec 1   load 0.43 0.66 0.83
[TEST C2-FST]
Processing dataset...
Done!
Building trie...
trie size: 0.142362 MB
Done!
build time: 73.784990 ms (153.775434 ns per key)
space cost: 1.889297 MB (44.282271% of original size 4.266485 MB)
Querying trie...
Done!
total time: 123.251580 ms, avg latency: 256.868845 ns
topology: 0.420059 MB, link: 0.189988 MB, data: 1.279249 MB
--- Unary Path Analysis (FST, cutoff=4) ---
  shared unary steps in main trie: 150595
  terminal suffixes: inplace=193950 (avg len=1.79)  links=60939 (23.9% of terminal)
  link len: avg=4.24  max=35  total_chars=258586
  link length distribution (len:count):  4:25346  5:15798  6:9608  7:4976  8:2612  9:1355  10:653  11:330  12:137  13:65  14:25  15:11  16:9  17:6  18:2  19:3  20:1  21:1  36:1
73.784990,1.889297,256.868845
[PASSED]
[time 0.37 s, user 0.34 s, sys 0.03 s, maxrss 49052 KB]
[busy 41 jiffies]
[exit 0]
--- c2 case 0 rec 2   load 0.48 0.67 0.83
[TEST C2-FST]
Processing dataset...
Done!
Building trie...
trie size: 0.142362 MB
Done!
build time: 73.294909 ms (152.754055 ns per key)
space cost: 1.889297 MB (44.282271% of original size 4.266485 MB)
Querying trie...
Done!
total time: 123.174616 ms, avg latency: 256.708445 ns
topology: 0.420059 MB, link: 0.189988 MB, data: 1.279249 MB
--- Unary Path Analysis (FST, cutoff=4) ---
  shared unary steps in main trie: 150595
  terminal suffixes: inplace=193950 (avg len=1.79)  links=60939 (23.9% of terminal)
  link len: avg=4.24  max=35  total_chars=258586
  link length distribution (len:count):  4:25346  5:15798  6:9608  7:4976  8:2612  9:1355  10:653  11:330  12:137  13:65  14:25  15:11  16:9  17:6  18:2  19:3  20:1  21:1  36:1
73.294909,1.889297,256.708445
[PASSED]
[time 0.37 s, user 0.34 s, sys 0.03 s, maxrss 48608 KB]
[busy 41 jiffies]
[exit 0]
--- c2 case 1 rec 0   load 0.48 0.67 0.83
[TEST C2-CoCo(LOUDS-Sparse)]
Processing dataset...
Done!
Building trie...
Done!
build time: 415.625584 ms (866.206047 ns per key)
space cost: 2.136750 MB (50.082199% of original size 4.266485 MB)
Querying trie...
Done!
total time: 196.095993 ms, avg latency: 408.684021 ns
topology: 0.195229 MB, link: 0.520357 MB, data: 1.421164 MB
415.625584,2.136750,408.684021
[PASSED]
[time 0.79 s, user 0.72 s, sys 0.06 s, maxrss 97604 KB]
[busy 85 jiffies]
[exit 0]
--- c2 case 1 rec 1   load 0.48 0.67 0.83
[TEST C2-CoCo(LOUDS-Sparse)]
Processing dataset...
Done!
Building trie...
trie size: 0.142362 MB
Done!
build time: 418.813915 ms (872.850853 ns per key)
space cost: 2.136750 MB (50.082199% of original size 4.266485 MB)
Querying trie...
Done!
total time: 195.369078 ms, avg latency: 407.169056 ns
topology: 0.195229 MB, link: 0.520357 MB, data: 1.421164 MB
418.813915,2.136750,407.169056
[PASSED]
[time 0.79 s, user 0.73 s, sys 0.05 s, maxrss 97888 KB]
[busy 84 jiffies]
[exit 0]
--- c2 case 1 rec 2   load 0.52 0.67 0.83
[TEST C2-CoCo(LOUDS-Sparse)]
Processing dataset...
Done!
Building trie...
trie size: 0.142362 MB
Done!
build time: 423.465146 ms (882.544492 ns per key)
space cost: 2.136750 MB (50.082199% of original size 4.266485 MB)
Querying trie...
Done!
total time: 198.750823 ms, avg latency: 414.216957 ns
topology: 0.195229 MB, link: 0.520357 MB, data: 1.421164 MB
423.465146,2.136750,414.216957
[PASSED]
[time 0.79 s, user 0.73 s, sys 0.06 s, maxrss 98060 KB]
[busy 88 jiffies]
[exit 0]
--- c2 case 2 rec 0   load 0.52 0.67 0.83
[TEST C2-MARISA]
Processing dataset...
Done!
Building trie...
trie size: 1.224291 MB
Done!
build time: 111.145500 ms (231.638542 ns per key)
space cost: 1.753984 MB (41.110759% of original size 4.266485 MB)
Querying trie...
Done!
total time: 98.895890 ms, avg latency: 206.109107 ns
topology: 0.405689 MB, link: 0.420969 MB, data: 0.917072 MB
--- Unary Path Analysis (Marisa, cutoff=3) ---
  branches: 742737  |  single-char: 411656 (55.4%)  short-unary: 124451 (16.8%)  links: 206630 (27.8%)
  link len: avg=4.35  max=37  total_chars=898820
  link length distribution (len:count):  3:81252  4:55503  5:30038  6:18037  7:10646  8:5519  9:2885  10:1442  11:688  12:346  13:146  14:66  15:26  16:12  17:9  18:7  19:2  20:3  21:1  22:1  37:1
  short unary avg len: 2.00
111.145500,1.753984,206.109107
[PASSED]
[time 0.39 s, user 0.34 s, sys 0.04 s, maxrss 62808 KB]
[busy 43 jiffies]
[exit 0]
--- c2 case 2 rec 1   load 0.52 0.67 0.83
[TEST C2-MARISA]
Processing dataset...
Done!
Building trie...
trie size: 1.224291 MB
trie size: 0.455650 MB
Done!
build time: 116.018788 ms (241.794970 ns per key)
space cost: 1.692706 MB (39.674487% of original size 4.266485 MB)
Querying trie...
Done!
total time: 104.373684 ms, avg latency: 217.525387 ns
topology: 0.426247 MB, link: 0.398585 MB, data: 0.857620 MB
--- Unary Path Analysis (Marisa, cutoff=3) ---
  branches: 742737  |  single-char: 411656 (55.4%)  short-unary: 124451 (16.8%)  links: 206630 (27.8%)
  link len: avg=4.35  max=37  total_chars=898820
  link length distribution (len:count):  3:81252  4:55503  5:30038  6:18037  7:10646  8:5519  9:2885  10:1442  11:688  12:346  13:146  14:66  15:26  16:12  17:9  18:7  19:2  20:3  21:1  22:1  37:1
  short unary avg len: 2.00
116.018788,1.692706,217.525387
[PASSED]
[time 0.39 s, user 0.35 s, sys 0.03 s, maxrss 62292 KB]
[busy 46 jiffies]
[exit 0]
--- c2 case 2 rec 2   load 0.56 0.68 0.83
[TEST C2-MARISA]
Processing dataset...
Done!
Building trie...
trie size: 1.224291 MB
trie size: 0.455650 MB
trie size: 0.007228 MB
Done!
build time: 114.575816 ms (238.787670 ns per key)
space cost: 1.692706 MB (39.674487% of original size 4.266485 MB)
Querying trie...
Done!
total time: 105.102684 ms, avg latency: 219.044698 ns
topology: 0.426247 MB, link: 0.398585 MB, data: 0.857620 MB
--- Unary Path Analysis (Marisa, cutoff=3) ---
  branches: 742737  |  single-char: 411656 (55.4%)  short-unary: 124451 (16.8%)  links: 206630 (27.8%)
  link len: avg=4.35  max=37  total_chars=898820
  link length distribution (len:count):  3:81252  4:55503  5:30038  6:18037  7:10646  8:5519  9:2885  10:1442  11:688  12:346  13:146  14:66  15:26  16:12  17:9  18:7  19:2  20:3  21:1  22:1  37:1
  short unary avg len: 2.00
114.575816,1.692706,219.044698
[PASSED]
[time 0.40 s, user 0.35 s, sys 0.04 s, maxrss 62752 KB]
[busy 44 jiffies]
[exit 0]
--- c2 case 3 rec 0   load 0.56 0.68 0.83
[TEST FST]
Processing dataset...
Done!
Building trie...
Done!
build time: 181.833701 ms (378.959952 ns per key)
space cost: 2.144493 MB (50.263695% of original size 4.266485 MB)
Querying trie...
Done!
total time: 202.520666 ms, avg latency: 422.073694 ns
not implemented
181.833701,2.144493,422.073694
[PASSED]
[time 0.55 s, user 0.52 s, sys 0.03 s, maxrss 41252 KB]
[busy 60 jiffies]
[exit 0]
--- c2 case 4 rec 0   load 0.56 0.68 0.83
[TEST COCO]
Processing dataset...
Done!
Building trie...
num nodes = 100870, average depth = 2.907644
ef = 0.002379, pa = 0.381531, bv = 0.002558, de = 0.468484
efr = 0.010370, par = 0.134639, bvr = 0.000020, der = 0.000020
Done!
build time: 1612.618551 ms (3360.861299 ns per key)
space cost: 2.485874 MB (58.265159% of original size 4.266485 MB)
Querying trie...
Done!
total time: 173.027181 ms, avg latency: 360.606267 ns
not implemented
1612.618551,2.485874,360.606267
[PASSED]
[time 2.04 s, user 1.59 s, sys 0.44 s, maxrss 920088 KB]
[busy 216 jiffies]
[exit 0]
--- c2 case 5 rec 0   load 0.59 0.68 0.83
[TEST MARISA]
Processing dataset...
Done!
Building trie...
Done!
build time: 151.052556 ms (314.808911 ns per key)
space cost: 1.546566 MB (36.249182% of original size 4.266485 MB)
Querying trie...
Done!
total time: 146.426521 ms, avg latency: 305.167783 ns
not implemented
151.052556,1.546566,305.167783
[PASSED]
[time 0.47 s, user 0.42 s, sys 0.04 s, maxrss 63104 KB]
[busy 52 jiffies]
[exit 0]
--- c2 case 5 rec 1   load 0.59 0.68 0.83
[TEST MARISA]
Processing dataset...
Done!
Building trie...
Done!
build time: 156.050057 ms (325.224212 ns per key)
space cost: 1.371034 MB (32.134968% of original size 4.266485 MB)
Querying trie...
Done!
total time: 164.543629 ms, avg latency: 342.925681 ns
not implemented
156.050057,1.371034,342.925681
[PASSED]
[time 0.49 s, user 0.44 s, sys 0.04 s, maxrss 63196 KB]
[busy 53 jiffies]
[exit 0]
--- c2 case 5 rec 2   load 0.59 0.68 0.83
[TEST MARISA]
Processing dataset...
Done!
Building trie...
Done!
build time: 155.360371 ms (323.786836 ns per key)
space cost: 1.362252 MB (31.929145% of original size 4.266485 MB)
Querying trie...
Done!
total time: 164.995999 ms, avg latency: 343.868466 ns
not implemented
155.360371,1.362252,343.868466
[PASSED]
[time 0.49 s, user 0.45 s, sys 0.04 s, maxrss 63180 KB]
[busy 54 jiffies]
[exit 0]
--- c2 case 6 rec 0   load 0.63 0.69 0.84
[TEST PDT]
Processing dataset...
Done!
Building trie...
dict size: 35774, stream size: 975943
Done!
build time: 336.695384 ms (701.707471 ns per key)
space cost: 1.577207 MB (36.967352% of original size 4.266485 MB)
Querying trie...
Done!
total time: 207.066539 ms, avg latency: 431.547756 ns
not implemented
336.695384,1.577207,431.547756
[PASSED]
[time 0.72 s, user 0.68 s, sys 0.03 s, maxrss 52648 KB]
[busy 78 jiffies]
[exit 0]
--- c2 case 7 rec 0   load 0.63 0.69 0.84
[TEST ART]
Processing dataset...
Done!
Building trie...
Done!
build time: 46.235799 ms (96.360114 ns per key)
space cost: 16.425407 MB (384.986859% of original size 4.266485 MB)
Querying trie...
Done!
total time: 83.963689 ms, avg latency: 174.988879 ns
not implemented
46.235799,16.425407,174.988879
[PASSED]
[time 0.31 s, user 0.26 s, sys 0.04 s, maxrss 61808 KB]
[busy 33 jiffies]
[exit 0]
--- c2 case 8 rec 0   load 0.63 0.69 0.84
[TEST CART]
Processing dataset...
Done!
Building trie...
Done!
build time: 68.058579 ms (141.841010 ns per key)
space cost: 7.328448 MB (171.767812% of original size 4.266485 MB)
Querying trie...
Done!
total time: 102.969054 ms, avg latency: 214.597996 ns
not implemented
68.058579,7.328448,214.597996
[PASSED]
[time 0.34 s, user 0.30 s, sys 0.03 s, maxrss 62240 KB]
[busy 39 jiffies]
[exit 0]
--- xcdat 7   load 0.58 0.68 0.83
build time: 107.746572 ms
space cost: 2.721505 MiB (63.787990% of original size 4.266485 MiB)
avg latency: 106.473047 ns
107.746572,2.721505,106.473047
[time 0.33 s, user 0.29 s, sys 0.03 s, maxrss 52264 KB]
[busy 37 jiffies]
[exit 0]
--- xcdat 8   load 0.58 0.68 0.83
build time: 97.377647 ms
space cost: 2.597720 MiB (60.886655% of original size 4.266485 MiB)
avg latency: 108.828447 ns
97.377647,2.597720,108.828447
[time 0.32 s, user 0.27 s, sys 0.03 s, maxrss 52040 KB]
[busy 36 jiffies]
[exit 0]
--- xcdat 15   load 0.58 0.68 0.83
build time: 108.216376 ms
space cost: 3.340850 MiB (78.304499% of original size 4.266485 MiB)
avg latency: 77.368601 ns
108.216376,3.340850,77.368601
[time 0.32 s, user 0.27 s, sys 0.04 s, maxrss 58268 KB]
[busy 35 jiffies]
[exit 0]
--- xcdat 16   load 0.58 0.68 0.83
build time: 98.212296 ms
space cost: 3.550420 MiB (83.216503% of original size 4.266485 MiB)
avg latency: 86.032633 ns
98.212296,3.550420,86.032633
[time 0.31 s, user 0.27 s, sys 0.03 s, maxrss 58324 KB]
[busy 35 jiffies]
[exit 0]

##### dna-1000000 (1000000 lines, 25000000 bytes)   round 3/3   2026-09-24T13:08:56+03:00
--- lexindex dict32   load 0.61 0.68 0.83
1000000 keys
lexindex DictIndex block 32: build 99 ms, size 4.768 MiB (5.000 B/key), latency cold 324.1 ns, then mean 323.9 / min 320.2 ns
98.804,4.768131,324.083
[time 1.91 s, user 2.39 s, sys 0.18 s, maxrss 176868 KB]
[busy 273 jiffies]
[exit 0]
--- lexindex dict256   load 0.61 0.68 0.83
1000000 keys
lexindex DictIndex block 256: build 100 ms, size 4.172 MiB (4.375 B/key), latency cold 310.1 ns, then mean 307.6 / min 302.4 ns
99.644,4.172320,310.089
[time 1.84 s, user 2.35 s, sys 0.16 s, maxrss 174380 KB]
[busy 273 jiffies]
[exit 0]
--- lexindex dict1024   load 0.64 0.69 0.83
1000000 keys
lexindex DictIndex block 1024: build 103 ms, size 4.035 MiB (4.231 B/key), latency cold 338.3 ns, then mean 330.6 / min 328.5 ns
103.283,4.034555,338.308
[time 1.93 s, user 2.17 s, sys 0.13 s, maxrss 160940 KB]
[busy 246 jiffies]
[exit 0]
--- lexindex routed32   load 0.64 0.69 0.83
1000000 keys
lexindex DictIndex block 32 routed: build 98 ms, size 5.245 MiB (5.500 B/key), latency cold 304.0 ns, then mean 298.8 / min 295.8 ns
98.425,5.244968,304.034
[time 1.80 s, user 2.26 s, sys 0.18 s, maxrss 176632 KB]
[busy 264 jiffies]
[exit 0]
--- lexindex routed256   load 0.75 0.71 0.84
1000000 keys
lexindex DictIndex block 256 routed: build 101 ms, size 4.649 MiB (4.875 B/key), latency cold 254.7 ns, then mean 253.3 / min 252.0 ns
100.765,4.649249,254.686
[time 1.61 s, user 2.13 s, sys 0.15 s, maxrss 174148 KB]
[busy 244 jiffies]
[exit 0]
--- lexindex routed1024   load 0.69 0.70 0.83
1000000 keys
lexindex DictIndex block 1024 routed: build 104 ms, size 4.273 MiB (4.481 B/key), latency cold 269.9 ns, then mean 262.9 / min 262.4 ns
103.586,4.273081,269.909
[time 1.67 s, user 1.91 s, sys 0.12 s, maxrss 160804 KB]
[busy 224 jiffies]
[exit 0]
--- lexindex string   load 0.69 0.70 0.83
1000000 keys
lexindex StringIndex: build 1125 ms, size 16.920 MiB (17.741 B/key), latency cold 426.5 ns, then mean 417.9 / min 413.2 ns
1125.234,16.919603,426.538
[time 3.29 s, user 3.19 s, sys 0.09 s, maxrss 164768 KB]
[busy 345 jiffies]
[exit 0]
--- lexindex hashed0   load 0.71 0.70 0.83
1000000 keys
lexindex HashedDictIndex closed: build 193 ms, size 6.786 MiB (7.115 B/key), latency cold 48.9 ns, then mean 45.8 / min 44.8 ns
193.308,6.785599,48.930
[time 0.88 s, user 1.41 s, sys 0.18 s, maxrss 174936 KB]
[busy 174 jiffies]
[exit 0]
--- lexindex hashed8   load 0.71 0.70 0.83
1000000 keys
lexindex HashedDictIndex fp=8: build 193 ms, size 7.739 MiB (8.115 B/key), latency cold 57.7 ns, then mean 56.6 / min 56.6 ns
192.745,7.739273,57.724
[time 0.91 s, user 1.47 s, sys 0.15 s, maxrss 174020 KB]
[busy 172 jiffies]
[exit 0]
--- lexindex hashed16   load 0.74 0.71 0.84
1000000 keys
lexindex HashedDictIndex fp=16: build 193 ms, size 8.693 MiB (9.115 B/key), latency cold 59.2 ns, then mean 57.9 / min 57.8 ns
192.667,8.692947,59.216
[time 0.92 s, user 1.46 s, sys 0.15 s, maxrss 175376 KB]
[busy 173 jiffies]
[exit 0]
--- c2 case 0 rec 0   load 0.74 0.71 0.84
[TEST C2-FST]
Processing dataset...
Done!
Building trie...
Done!
build time: 1424.645243 ms (1424.645243 ns per key)
space cost: 11.502727 MB (50.256179% of original size 22.888184 MB)
Querying trie...
Done!
total time: 411.639994 ms, avg latency: 411.639994 ns
topology: 0.892128 MB, link: 2.893083 MB, data: 7.717516 MB
--- Unary Path Analysis (FST, cutoff=4) ---
  shared unary steps in main trie: 98146
  terminal suffixes: inplace=2 (avg len=3.00)  links=999998 (100.0% of terminal)
  link len: avg=12.12  max=15  total_chars=12118007
  link length distribution (len:count):  4:2  5:10  6:40  7:176  8:732  9:2727  10:11261  11:42928  12:153933  13:402475  14:363824  15:21889  16:1
1424.645243,11.502727,411.639994
[PASSED]
[time 2.54 s, user 2.38 s, sys 0.15 s, maxrss 255984 KB]
[busy 264 jiffies]
[exit 0]
--- c2 case 0 rec 1   load 0.76 0.71 0.84
[TEST C2-FST]
Processing dataset...
Done!
Building trie...
trie size: 5.258043 MB
Done!
build time: 2133.471904 ms (2133.471904 ns per key)
space cost: 11.502727 MB (50.256179% of original size 22.888184 MB)
Querying trie...
Done!
total time: 410.267805 ms, avg latency: 410.267805 ns
topology: 0.892128 MB, link: 2.893083 MB, data: 7.717516 MB
--- Unary Path Analysis (FST, cutoff=4) ---
  shared unary steps in main trie: 98146
  terminal suffixes: inplace=2 (avg len=3.00)  links=999998 (100.0% of terminal)
  link len: avg=12.12  max=15  total_chars=12118007
  link length distribution (len:count):  4:2  5:10  6:40  7:176  8:732  9:2727  10:11261  11:42928  12:153933  13:402475  14:363824  15:21889  16:1
2133.471904,11.502727,410.267805
[PASSED]
[time 3.25 s, user 3.06 s, sys 0.17 s, maxrss 284000 KB]
[busy 336 jiffies]
[exit 0]
--- c2 case 0 rec 2   load 0.70 0.70 0.83
[TEST C2-FST]
Processing dataset...
Done!
Building trie...
trie size: 5.258043 MB
Done!
build time: 2143.733909 ms (2143.733909 ns per key)
space cost: 11.502727 MB (50.256179% of original size 22.888184 MB)
Querying trie...
Done!
total time: 409.771122 ms, avg latency: 409.771122 ns
topology: 0.892128 MB, link: 2.893083 MB, data: 7.717516 MB
--- Unary Path Analysis (FST, cutoff=4) ---
  shared unary steps in main trie: 98146
  terminal suffixes: inplace=2 (avg len=3.00)  links=999998 (100.0% of terminal)
  link len: avg=12.12  max=15  total_chars=12118007
  link length distribution (len:count):  4:2  5:10  6:40  7:176  8:732  9:2727  10:11261  11:42928  12:153933  13:402475  14:363824  15:21889  16:1
2143.733909,11.502727,409.771122
[PASSED]
[time 3.26 s, user 3.07 s, sys 0.18 s, maxrss 284432 KB]
[busy 340 jiffies]
[exit 0]
--- c2 case 1 rec 0   load 0.64 0.69 0.83
[TEST C2-CoCo(LOUDS-Sparse)]
Processing dataset...
Done!
Building trie...
Done!
build time: 2004.877323 ms (2004.877323 ns per key)
space cost: 9.777104 MB (42.716818% of original size 22.888184 MB)
Querying trie...
Done!
total time: 462.456611 ms, avg latency: 462.456611 ns
topology: 0.343521 MB, link: 3.029230 MB, data: 6.404353 MB
2004.877323,9.777104,462.456611
[PASSED]
[time 3.16 s, user 2.96 s, sys 0.19 s, maxrss 385816 KB]
[busy 330 jiffies]
[exit 0]
--- c2 case 1 rec 1   load 0.64 0.69 0.83
[TEST C2-CoCo(LOUDS-Sparse)]
Processing dataset...
Done!
Building trie...
trie size: 5.258043 MB
Done!
build time: 2707.166158 ms (2707.166158 ns per key)
space cost: 9.777104 MB (42.716818% of original size 22.888184 MB)
Querying trie...
Done!
total time: 453.472768 ms, avg latency: 453.472768 ns
topology: 0.343521 MB, link: 3.029230 MB, data: 6.404353 MB
2707.166158,9.777104,453.472768
[PASSED]
[time 3.88 s, user 3.64 s, sys 0.22 s, maxrss 414112 KB]
[busy 405 jiffies]
[exit 0]
--- c2 case 1 rec 2   load 0.67 0.69 0.83
[TEST C2-CoCo(LOUDS-Sparse)]
Processing dataset...
Done!
Building trie...
trie size: 5.258043 MB
Done!
build time: 2705.900249 ms (2705.900249 ns per key)
space cost: 9.777104 MB (42.716818% of original size 22.888184 MB)
Querying trie...
Done!
total time: 456.922250 ms, avg latency: 456.922250 ns
topology: 0.343521 MB, link: 3.029230 MB, data: 6.404353 MB
2705.900249,9.777104,456.922250
[PASSED]
[time 3.86 s, user 3.63 s, sys 0.21 s, maxrss 413732 KB]
[busy 401 jiffies]
[exit 0]
--- c2 case 2 rec 0   load 0.70 0.70 0.83
[TEST C2-MARISA]
Processing dataset...
Done!
Building trie...
trie size: 2.428399 MB
Done!
build time: 1323.750286 ms (1323.750286 ns per key)
space cost: 10.748939 MB (46.962829% of original size 22.888184 MB)
Querying trie...
Done!
total time: 391.068054 ms, avg latency: 391.068054 ns
topology: 0.804615 MB, link: 2.791285 MB, data: 7.132531 MB
--- Unary Path Analysis (Marisa, cutoff=3) ---
  branches: 1681124  |  single-char: 605889 (36.0%)  short-unary: 58000 (3.5%)  links: 1017235 (60.5%)
  link len: avg=13.94  max=17  total_chars=14175392
  link length distribution (len:count):  3:13001  4:3156  5:812  6:209  7:97  8:186  9:733  10:2730  11:11261  12:42928  13:153933  14:402475  15:363824  16:21889  17:1
  short unary avg len: 2.00
1323.750286,10.748939,391.068054
[PASSED]
[time 2.42 s, user 2.24 s, sys 0.16 s, maxrss 252196 KB]
[busy 255 jiffies]
[exit 0]
--- c2 case 2 rec 1   load 0.80 0.72 0.84
[TEST C2-MARISA]
Processing dataset...
Done!
Building trie...
trie size: 2.428399 MB
trie size: 5.162292 MB
Done!
build time: 2228.771726 ms (2228.771726 ns per key)
space cost: 10.748939 MB (46.962829% of original size 22.888184 MB)
Querying trie...
Done!
total time: 397.759129 ms, avg latency: 397.759129 ns
topology: 0.804615 MB, link: 2.791285 MB, data: 7.132531 MB
--- Unary Path Analysis (Marisa, cutoff=3) ---
  branches: 1681124  |  single-char: 605889 (36.0%)  short-unary: 58000 (3.5%)  links: 1017235 (60.5%)
  link len: avg=13.94  max=17  total_chars=14175392
  link length distribution (len:count):  3:13001  4:3156  5:812  6:209  7:97  8:186  9:733  10:2730  11:11261  12:42928  13:153933  14:402475  15:363824  16:21889  17:1
  short unary avg len: 2.00
2228.771726,10.748939,397.759129
[PASSED]
[time 3.35 s, user 3.11 s, sys 0.22 s, maxrss 285112 KB]
[busy 350 jiffies]
[exit 0]
--- c2 case 2 rec 2   load 0.82 0.73 0.84
[TEST C2-MARISA]
Processing dataset...
Done!
Building trie...
trie size: 2.428399 MB
trie size: 5.162292 MB
Done!
build time: 2219.883723 ms (2219.883723 ns per key)
space cost: 10.748939 MB (46.962829% of original size 22.888184 MB)
Querying trie...
Done!
total time: 391.048838 ms, avg latency: 391.048838 ns
topology: 0.804615 MB, link: 2.791285 MB, data: 7.132531 MB
--- Unary Path Analysis (Marisa, cutoff=3) ---
  branches: 1681124  |  single-char: 605889 (36.0%)  short-unary: 58000 (3.5%)  links: 1017235 (60.5%)
  link len: avg=13.94  max=17  total_chars=14175392
  link length distribution (len:count):  3:13001  4:3156  5:812  6:209  7:97  8:186  9:733  10:2730  11:11261  12:42928  13:153933  14:402475  15:363824  16:21889  17:1
  short unary avg len: 2.00
2219.883723,10.748939,391.048838
[PASSED]
[time 3.34 s, user 3.10 s, sys 0.22 s, maxrss 285364 KB]
[busy 346 jiffies]
[exit 0]
--- c2 case 3 rec 0   load 0.83 0.73 0.84
[TEST FST]
Processing dataset...
Done!
Building trie...
Done!
build time: 952.419233 ms (952.419233 ns per key)
space cost: 18.082896 MB (79.005379% of original size 22.888184 MB)
Querying trie...
Done!
total time: 552.567422 ms, avg latency: 552.567422 ns
not implemented
952.419233,18.082896,552.567422
[PASSED]
[time 2.22 s, user 2.10 s, sys 0.10 s, maxrss 178868 KB]
[busy 236 jiffies]
[exit 0]
--- c2 case 4 rec 0   load 0.83 0.73 0.84
[TEST COCO]
Processing dataset...
Done!
Building trie...
num nodes = 65537, average depth = 14.999878
ef = 0.000000, pa = 0.000000, bv = 0.000000, de = 0.000015
efr = 0.000015, par = 0.999969, bvr = 0.000000, der = 0.000000
Done!
build time: 22487.852773 ms (22487.852773 ns per key)
space cost: 5.857979 MB (25.593899% of original size 22.888184 MB)
Querying trie...
Done!
total time: 362.172432 ms, avg latency: 362.172432 ns
not implemented
22487.852773,5.857979,362.172432
[PASSED]
[time 24.56 s, user 18.56 s, sys 5.89 s, maxrss 13623664 KB]
[busy 2521 jiffies]
[exit 0]
--- c2 case 5 rec 0   load 0.82 0.74 0.84
[TEST MARISA]
Processing dataset...
Done!
Building trie...
Done!
build time: 684.224548 ms (684.224548 ns per key)
space cost: 18.867507 MB (82.433396% of original size 22.888184 MB)
Querying trie...
Done!
total time: 539.849531 ms, avg latency: 539.849531 ns
not implemented
684.224548,18.867507,539.849531
[PASSED]
[time 1.92 s, user 1.79 s, sys 0.12 s, maxrss 222896 KB]
[busy 204 jiffies]
[exit 0]
--- c2 case 5 rec 1   load 0.82 0.74 0.84
[TEST MARISA]
Processing dataset...
Done!
Building trie...
Done!
build time: 952.660445 ms (952.660445 ns per key)
space cost: 7.640043 MB (33.379858% of original size 22.888184 MB)
Querying trie...
Done!
total time: 730.294165 ms, avg latency: 730.294165 ns
not implemented
952.660445,7.640043,730.294165
[PASSED]
[time 2.40 s, user 2.23 s, sys 0.15 s, maxrss 221748 KB]
[busy 252 jiffies]
[exit 0]
--- c2 case 5 rec 2   load 0.83 0.75 0.84
[TEST MARISA]
Processing dataset...
Done!
Building trie...
Done!
build time: 959.542569 ms (959.542569 ns per key)
space cost: 7.210847 MB (31.504671% of original size 22.888184 MB)
Querying trie...
Done!
total time: 778.891340 ms, avg latency: 778.891340 ns
not implemented
959.542569,7.210847,778.891340
[PASSED]
[time 2.44 s, user 2.30 s, sys 0.13 s, maxrss 221972 KB]
[busy 253 jiffies]
[exit 0]
--- c2 case 6 rec 0   load 0.77 0.73 0.83
[TEST PDT]
Processing dataset...
Done!
Building trie...
dict size: 151324, stream size: 6218209
Done!
build time: 2927.901034 ms (2927.901034 ns per key)
space cost: 7.350519 MB (32.114908% of original size 22.888184 MB)
Querying trie...
Done!
total time: 766.658653 ms, avg latency: 766.658653 ns
not implemented
2927.901034,7.350519,766.658653
[PASSED]
[time 4.40 s, user 4.21 s, sys 0.17 s, maxrss 212944 KB]
[busy 458 jiffies]
[exit 0]
--- c2 case 7 rec 0   load 0.71 0.72 0.83
[TEST ART]
Processing dataset...
Done!
Building trie...
Done!
build time: 192.811210 ms (192.811210 ns per key)
space cost: 33.278465 MB (145.395833% of original size 22.888184 MB)
Querying trie...
Done!
total time: 426.226285 ms, avg latency: 426.226285 ns
not implemented
192.811210,33.278465,426.226285
[PASSED]
[time 1.37 s, user 1.25 s, sys 0.11 s, maxrss 222988 KB]
[busy 146 jiffies]
[exit 0]
--- c2 case 8 rec 0   load 0.71 0.72 0.83
[TEST CART]
Processing dataset...
Done!
Building trie...
Done!
build time: 244.954360 ms (244.954360 ns per key)
space cost: 15.643999 MB (68.349675% of original size 22.888184 MB)
Querying trie...
Done!
total time: 455.531927 ms, avg latency: 455.531927 ns
not implemented
244.954360,15.643999,455.531927
[PASSED]
[time 1.45 s, user 1.33 s, sys 0.11 s, maxrss 214308 KB]
[busy 154 jiffies]
[exit 0]
--- xcdat 7   load 0.65 0.71 0.82
build time: 830.119972 ms
space cost: 19.789600 MiB (86.462083% of original size 22.888184 MiB)
avg latency: 295.961325 ns
830.119972,19.789600,295.961325
[time 1.84 s, user 1.70 s, sys 0.12 s, maxrss 180464 KB]
[busy 196 jiffies]
[exit 0]
--- xcdat 8   load 0.65 0.71 0.82
build time: 792.422539 ms
space cost: 19.685819 MiB (86.008654% of original size 22.888184 MiB)
avg latency: 300.004002 ns
792.422539,19.685819,300.004002
[time 1.80 s, user 1.67 s, sys 0.11 s, maxrss 180332 KB]
[busy 188 jiffies]
[exit 0]
--- xcdat 15   load 0.60 0.70 0.82
build time: 823.181824 ms
space cost: 21.414997 MiB (93.563550% of original size 22.888184 MiB)
avg latency: 282.543012 ns
823.181824,21.414997,282.543012
[time 1.84 s, user 1.70 s, sys 0.13 s, maxrss 182168 KB]
[busy 193 jiffies]
[exit 0]
--- xcdat 16   load 0.60 0.70 0.82
build time: 797.517454 ms
space cost: 21.935129 MiB (95.836042% of original size 22.888184 MiB)
avg latency: 293.767777 ns
797.517454,21.935129,293.767777
[time 1.80 s, user 1.66 s, sys 0.12 s, maxrss 182732 KB]
[busy 188 jiffies]
[exit 0]

##### domains-1000000 (1000000 lines, 14782044 bytes)   round 3/3   2026-09-24T13:11:01+03:00
--- lexindex dict32   load 0.63 0.70 0.82
1000000 keys
lexindex DictIndex block 32: build 208 ms, size 4.599 MiB (4.822 B/key), latency cold 290.3 ns, then mean 280.3 / min 278.9 ns
208.128,4.598972,290.337
[time 1.82 s, user 3.11 s, sys 0.23 s, maxrss 236908 KB]
[busy 352 jiffies]
[exit 0]
--- lexindex dict256   load 0.63 0.70 0.82
1000000 keys
lexindex DictIndex block 256: build 208 ms, size 4.291 MiB (4.500 B/key), latency cold 302.1 ns, then mean 298.5 / min 294.1 ns
207.922,4.291158,302.120
[time 1.89 s, user 3.19 s, sys 0.24 s, maxrss 237344 KB]
[busy 366 jiffies]
[exit 0]
--- lexindex dict1024   load 0.66 0.71 0.82
1000000 keys
lexindex DictIndex block 1024: build 225 ms, size 4.160 MiB (4.363 B/key), latency cold 367.6 ns, then mean 361.3 / min 357.4 ns
225.237,4.160439,367.645
[time 2.16 s, user 2.96 s, sys 0.16 s, maxrss 214816 KB]
[busy 335 jiffies]
[exit 0]
--- lexindex routed32   load 0.61 0.69 0.82
1000000 keys
lexindex DictIndex block 32 routed: build 216 ms, size 5.076 MiB (5.322 B/key), latency cold 257.2 ns, then mean 245.5 / min 243.9 ns
216.083,5.075809,257.215
[time 1.70 s, user 3.04 s, sys 0.23 s, maxrss 237472 KB]
[busy 350 jiffies]
[exit 0]
--- lexindex routed256   load 0.61 0.69 0.82
1000000 keys
lexindex DictIndex block 256 routed: build 208 ms, size 4.768 MiB (5.000 B/key), latency cold 226.1 ns, then mean 220.8 / min 216.6 ns
208.327,4.768086,226.115
[time 1.58 s, user 2.89 s, sys 0.23 s, maxrss 238008 KB]
[busy 333 jiffies]
[exit 0]
--- lexindex routed1024   load 0.56 0.68 0.81
1000000 keys
lexindex DictIndex block 1024 routed: build 224 ms, size 4.399 MiB (4.613 B/key), latency cold 255.9 ns, then mean 249.4 / min 249.2 ns
224.111,4.398964,255.949
[time 1.71 s, user 2.51 s, sys 0.15 s, maxrss 214484 KB]
[busy 284 jiffies]
[exit 0]
--- lexindex string   load 0.56 0.68 0.81
1000000 keys
lexindex StringIndex: build 587 ms, size 10.017 MiB (10.504 B/key), latency cold 208.7 ns, then mean 202.3 / min 201.9 ns
587.499,10.017015,208.744
[time 1.86 s, user 1.78 s, sys 0.07 s, maxrss 135928 KB]
[busy 199 jiffies]
[exit 0]
--- lexindex hashed0   load 0.59 0.69 0.81
1000000 keys
lexindex HashedDictIndex closed: build 300 ms, size 6.905 MiB (7.240 B/key), latency cold 28.9 ns, then mean 25.0 / min 23.6 ns
299.527,6.904865,28.870
[time 0.88 s, user 2.20 s, sys 0.26 s, maxrss 247000 KB]
[busy 261 jiffies]
[exit 0]
--- lexindex hashed8   load 0.59 0.69 0.81
1000000 keys
lexindex HashedDictIndex fp=8: build 295 ms, size 7.859 MiB (8.240 B/key), latency cold 33.0 ns, then mean 27.5 / min 25.0 ns
295.189,7.858540,32.968
[time 0.89 s, user 2.28 s, sys 0.21 s, maxrss 249008 KB]
[busy 264 jiffies]
[exit 0]
--- lexindex hashed16   load 0.54 0.68 0.81
1000000 keys
lexindex HashedDictIndex fp=16: build 300 ms, size 8.812 MiB (9.240 B/key), latency cold 33.9 ns, then mean 30.4 / min 30.0 ns
299.729,8.812214,33.925
[time 0.90 s, user 2.29 s, sys 0.23 s, maxrss 248532 KB]
[busy 269 jiffies]
[exit 0]
--- c2 case 0 rec 0   load 0.54 0.68 0.81
[TEST C2-FST]
Processing dataset...
Done!
Building trie...
Done!
build time: 626.398968 ms (626.398968 ns per key)
space cost: 6.917822 MB (52.632701% of original size 13.143581 MB)
Querying trie...
Done!
total time: 337.149132 ms, avg latency: 337.149132 ns
topology: 0.942398 MB, link: 2.041207 MB, data: 3.934216 MB
--- Unary Path Analysis (FST, cutoff=4) ---
  shared unary steps in main trie: 268333
  terminal suffixes: inplace=220500 (avg len=1.97)  links=754948 (77.4% of terminal)
  link len: avg=6.76  max=63  total_chars=5105329
  link length distribution (len:count):  4:91687  5:111663  6:114934  7:103953  8:85177  9:68086  10:51456  11:37502  12:26935  13:19286  14:13392  15:9281  16:6718  17:4599  18:3138  19:2143  20:1561  21:980  22:717  23:511  24:315  25:289  26:154  27:98  28:76  29:70  30:38  31:24  32:35  33:24  34:15  35:9  36:12  37:9  38:5  39:5  40:5  41:8  42:4  43:7  45:3  46:1  48:1  50:1  52:4  54:2  55:1  56:5  57:4  59:2  63:2  64:1
626.398968,6.917822,337.149132
[PASSED]
[time 1.39 s, user 1.27 s, sys 0.12 s, maxrss 183352 KB]
[busy 150 jiffies]
[exit 0]
--- c2 case 0 rec 1   load 0.54 0.68 0.81
[TEST C2-FST]
Processing dataset...
Done!
Building trie...
trie size: 2.171301 MB
Done!
build time: 711.098911 ms (711.098911 ns per key)
space cost: 6.261899 MB (47.642258% of original size 13.143581 MB)
Querying trie...
Done!
total time: 395.085880 ms, avg latency: 395.085880 ns
topology: 1.096256 MB, link: 1.933458 MB, data: 3.232184 MB
--- Unary Path Analysis (FST, cutoff=4) ---
  shared unary steps in main trie: 268333
  terminal suffixes: inplace=220500 (avg len=1.97)  links=754948 (77.4% of terminal)
  link len: avg=6.76  max=63  total_chars=5105329
  link length distribution (len:count):  4:91687  5:111663  6:114934  7:103953  8:85177  9:68086  10:51456  11:37502  12:26935  13:19286  14:13392  15:9281  16:6718  17:4599  18:3138  19:2143  20:1561  21:980  22:717  23:511  24:315  25:289  26:154  27:98  28:76  29:70  30:38  31:24  32:35  33:24  34:15  35:9  36:12  37:9  38:5  39:5  40:5  41:8  42:4  43:7  45:3  46:1  48:1  50:1  52:4  54:2  55:1  56:5  57:4  59:2  63:2  64:1
711.098911,6.261899,395.085880
[PASSED]
[time 1.55 s, user 1.43 s, sys 0.11 s, maxrss 183160 KB]
[busy 162 jiffies]
[exit 0]
--- c2 case 0 rec 2   load 0.58 0.68 0.81
[TEST C2-FST]
Processing dataset...
Done!
Building trie...
trie size: 2.171301 MB
trie size: 0.145336 MB
Done!
build time: 704.598825 ms (704.598825 ns per key)
space cost: 6.261899 MB (47.642258% of original size 13.143581 MB)
Querying trie...
Done!
total time: 390.856712 ms, avg latency: 390.856712 ns
topology: 1.096256 MB, link: 1.933458 MB, data: 3.232184 MB
--- Unary Path Analysis (FST, cutoff=4) ---
  shared unary steps in main trie: 268333
  terminal suffixes: inplace=220500 (avg len=1.97)  links=754948 (77.4% of terminal)
  link len: avg=6.76  max=63  total_chars=5105329
  link length distribution (len:count):  4:91687  5:111663  6:114934  7:103953  8:85177  9:68086  10:51456  11:37502  12:26935  13:19286  14:13392  15:9281  16:6718  17:4599  18:3138  19:2143  20:1561  21:980  22:717  23:511  24:315  25:289  26:154  27:98  28:76  29:70  30:38  31:24  32:35  33:24  34:15  35:9  36:12  37:9  38:5  39:5  40:5  41:8  42:4  43:7  45:3  46:1  48:1  50:1  52:4  54:2  55:1  56:5  57:4  59:2  63:2  64:1
704.598825,6.261899,390.856712
[PASSED]
[time 1.53 s, user 1.40 s, sys 0.11 s, maxrss 183152 KB]
[busy 160 jiffies]
[exit 0]
--- c2 case 1 rec 0   load 0.58 0.68 0.81
[TEST C2-CoCo(LOUDS-Sparse)]
Processing dataset...
Done!
Building trie...
Done!
build time: 1350.316629 ms (1350.316629 ns per key)
space cost: 6.955368 MB (52.918365% of original size 13.143581 MB)
Querying trie...
Done!
total time: 485.442183 ms, avg latency: 485.442183 ns
topology: 0.405121 MB, link: 2.743303 MB, data: 3.806944 MB
1350.316629,6.955368,485.442183
[PASSED]
[time 2.26 s, user 2.08 s, sys 0.17 s, maxrss 326984 KB]
[busy 238 jiffies]
[exit 0]
--- c2 case 1 rec 1   load 0.62 0.69 0.81
[TEST C2-CoCo(LOUDS-Sparse)]
Processing dataset...
Done!
Building trie...
trie size: 2.171301 MB
Done!
build time: 1425.047768 ms (1425.047768 ns per key)
space cost: 6.299446 MB (47.927923% of original size 13.143581 MB)
Querying trie...
Done!
total time: 531.779723 ms, avg latency: 531.779723 ns
topology: 0.558979 MB, link: 2.635554 MB, data: 3.104912 MB
1425.047768,6.299446,531.779723
[PASSED]
[time 2.40 s, user 2.22 s, sys 0.16 s, maxrss 326756 KB]
[busy 248 jiffies]
[exit 0]
--- c2 case 1 rec 2   load 0.65 0.69 0.81
[TEST C2-CoCo(LOUDS-Sparse)]
Processing dataset...
Done!
Building trie...
trie size: 2.171301 MB
trie size: 0.145336 MB
Done!
build time: 1431.360110 ms (1431.360110 ns per key)
space cost: 6.299446 MB (47.927923% of original size 13.143581 MB)
Querying trie...
Done!
total time: 538.010834 ms, avg latency: 538.010834 ns
topology: 0.558979 MB, link: 2.635554 MB, data: 3.104912 MB
1431.360110,6.299446,538.010834
[PASSED]
[time 2.42 s, user 2.22 s, sys 0.18 s, maxrss 326824 KB]
[busy 250 jiffies]
[exit 0]
--- c2 case 2 rec 0   load 0.65 0.69 0.81
[TEST C2-MARISA]
Processing dataset...
Done!
Building trie...
trie size: 2.220281 MB
Done!
build time: 686.031272 ms (686.031272 ns per key)
space cost: 6.286226 MB (47.827347% of original size 13.143581 MB)
Querying trie...
Done!
total time: 258.259808 ms, avg latency: 258.259808 ns
topology: 0.735279 MB, link: 2.419176 MB, data: 3.111263 MB
--- Unary Path Analysis (Marisa, cutoff=3) ---
  branches: 1529804  |  single-char: 445053 (29.1%)  short-unary: 119280 (7.8%)  links: 965471 (63.1%)
  link len: avg=7.67  max=65  total_chars=7409785
  link length distribution (len:count):  3:106346  4:81524  5:100388  6:117171  7:118183  8:106006  9:86378  10:68801  11:51930  12:37786  13:27091  14:19390  15:13458  16:9322  17:6753  18:4616  19:3149  20:2153  21:1566  22:983  23:724  24:512  25:321  26:290  27:155  28:98  29:77  30:70  31:40  32:24  33:35  34:24  35:16  36:9  37:12  38:9  39:5  40:5  41:5  42:8  43:4  44:7  46:3  47:1  49:1  51:1  53:4  55:2  56:1  57:5  58:4  60:2  64:2  65:1
  short unary avg len: 2.00
686.031272,6.286226,258.259808
[PASSED]
[time 1.37 s, user 1.25 s, sys 0.11 s, maxrss 205888 KB]
[busy 145 jiffies]
[exit 0]
--- c2 case 2 rec 1   load 0.67 0.70 0.81
[TEST C2-MARISA]
Processing dataset...
Done!
Building trie...
trie size: 2.220281 MB
trie size: 2.823213 MB
Done!
build time: 780.848729 ms (780.848729 ns per key)
space cost: 5.413679 MB (41.188767% of original size 13.143581 MB)
Querying trie...
Done!
total time: 334.831436 ms, avg latency: 334.831436 ns
topology: 0.947487 MB, link: 2.305346 MB, data: 2.140338 MB
--- Unary Path Analysis (Marisa, cutoff=3) ---
  branches: 1529804  |  single-char: 445053 (29.1%)  short-unary: 119280 (7.8%)  links: 965471 (63.1%)
  link len: avg=7.67  max=65  total_chars=7409785
  link length distribution (len:count):  3:106346  4:81524  5:100388  6:117171  7:118183  8:106006  9:86378  10:68801  11:51930  12:37786  13:27091  14:19390  15:13458  16:9322  17:6753  18:4616  19:3149  20:2153  21:1566  22:983  23:724  24:512  25:321  26:290  27:155  28:98  29:77  30:70  31:40  32:24  33:35  34:24  35:16  36:9  37:12  38:9  39:5  40:5  41:5  42:8  43:4  44:7  46:3  47:1  49:1  51:1  53:4  55:2  56:1  57:5  58:4  60:2  64:2  65:1
  short unary avg len: 2.00
780.848729,5.413679,334.831436
[PASSED]
[time 1.56 s, user 1.41 s, sys 0.14 s, maxrss 205828 KB]
[busy 164 jiffies]
[exit 0]
--- c2 case 2 rec 2   load 0.67 0.70 0.81
[TEST C2-MARISA]
Processing dataset...
Done!
Building trie...
trie size: 2.220281 MB
trie size: 2.823213 MB
trie size: 0.214430 MB
Done!
build time: 810.758758 ms (810.758758 ns per key)
space cost: 5.413679 MB (41.188767% of original size 13.143581 MB)
Querying trie...
Done!
total time: 327.428343 ms, avg latency: 327.428343 ns
topology: 0.947487 MB, link: 2.305346 MB, data: 2.140338 MB
--- Unary Path Analysis (Marisa, cutoff=3) ---
  branches: 1529804  |  single-char: 445053 (29.1%)  short-unary: 119280 (7.8%)  links: 965471 (63.1%)
  link len: avg=7.67  max=65  total_chars=7409785
  link length distribution (len:count):  3:106346  4:81524  5:100388  6:117171  7:118183  8:106006  9:86378  10:68801  11:51930  12:37786  13:27091  14:19390  15:13458  16:9322  17:6753  18:4616  19:3149  20:2153  21:1566  22:983  23:724  24:512  25:321  26:290  27:155  28:98  29:77  30:70  31:40  32:24  33:35  34:24  35:16  36:9  37:12  38:9  39:5  40:5  41:5  42:8  43:4  44:7  46:3  47:1  49:1  51:1  53:4  55:2  56:1  57:5  58:4  60:2  64:2  65:1
  short unary avg len: 2.00
810.758758,5.413679,327.428343
[PASSED]
[time 1.58 s, user 1.45 s, sys 0.12 s, maxrss 206200 KB]
[busy 166 jiffies]
[exit 0]
--- c2 case 3 rec 0   load 0.70 0.70 0.82
[TEST FST]
Processing dataset...
Done!
Building trie...
Done!
build time: 599.608872 ms (599.608872 ns per key)
space cost: 6.751218 MB (51.365131% of original size 13.143581 MB)
Querying trie...
Done!
total time: 450.541936 ms, avg latency: 450.541936 ns
not implemented
599.608872,6.751218,450.541936
[PASSED]
[time 1.48 s, user 1.41 s, sys 0.06 s, maxrss 95024 KB]
[busy 158 jiffies]
[exit 0]
--- c2 case 4 rec 0   load 0.64 0.69 0.81
[TEST COCO]
Processing dataset...
Done!
Building trie...
num nodes = 310886, average depth = 6.283062
ef = 0.001168, pa = 0.211653, bv = 0.000885, de = 0.651638
efr = 0.002046, par = 0.129141, bvr = 0.000006, der = 0.003464
Done!
build time: 10332.651046 ms (10332.651046 ns per key)
space cost: 9.668336 MB (73.559374% of original size 13.143581 MB)
Querying trie...
Done!
total time: 432.982928 ms, avg latency: 432.982928 ns
not implemented
10332.651046,9.668336,432.982928
[PASSED]
[time 11.70 s, user 8.88 s, sys 2.77 s, maxrss 6138124 KB]
[busy 1214 jiffies]
[exit 0]
--- c2 case 5 rec 0   load 0.70 0.70 0.81
[TEST MARISA]
Processing dataset...
Done!
Building trie...
Done!
build time: 489.538972 ms (489.538972 ns per key)
space cost: 6.885828 MB (52.389283% of original size 13.143581 MB)
Querying trie...
Done!
total time: 383.879581 ms, avg latency: 383.879581 ns
not implemented
489.538972,6.885828,383.879581
[PASSED]
[time 1.31 s, user 1.19 s, sys 0.11 s, maxrss 172496 KB]
[busy 140 jiffies]
[exit 0]
--- c2 case 5 rec 1   load 0.64 0.69 0.81
[TEST MARISA]
Processing dataset...
Done!
Building trie...
Done!
build time: 557.686549 ms (557.686549 ns per key)
space cost: 4.826345 MB (36.720170% of original size 13.143581 MB)
Querying trie...
Done!
total time: 518.767720 ms, avg latency: 518.767720 ns
not implemented
557.686549,4.826345,518.767720
[PASSED]
[time 1.51 s, user 1.38 s, sys 0.11 s, maxrss 172296 KB]
[busy 162 jiffies]
[exit 0]
--- c2 case 5 rec 2   load 0.64 0.69 0.81
[TEST MARISA]
Processing dataset...
Done!
Building trie...
Done!
build time: 560.468967 ms (560.468967 ns per key)
space cost: 4.647946 MB (35.362861% of original size 13.143581 MB)
Querying trie...
Done!
total time: 538.800267 ms, avg latency: 538.800267 ns
not implemented
560.468967,4.647946,538.800267
[PASSED]
[time 1.54 s, user 1.42 s, sys 0.11 s, maxrss 172152 KB]
[busy 163 jiffies]
[exit 0]
--- c2 case 6 rec 0   load 0.59 0.68 0.81
[TEST PDT]
Processing dataset...
Done!
Building trie...
dict size: 155466, stream size: 4016746
Done!
build time: 1917.087199 ms (1917.087199 ns per key)
space cost: 5.254991 MB (39.981421% of original size 13.143581 MB)
Querying trie...
Done!
total time: 522.140038 ms, avg latency: 522.140038 ns
not implemented
1917.087199,5.254991,522.140038
[PASSED]
[time 2.88 s, user 2.77 s, sys 0.10 s, maxrss 152732 KB]
[busy 299 jiffies]
[exit 0]
--- c2 case 7 rec 0   load 0.59 0.68 0.81
[TEST ART]
Processing dataset...
Done!
Building trie...
Done!
build time: 113.941747 ms (113.941747 ns per key)
space cost: 31.580688 MB (240.274607% of original size 13.143581 MB)
Querying trie...
Done!
total time: 255.246815 ms, avg latency: 255.246815 ns
not implemented
113.941747,31.580688,255.246815
[PASSED]
[time 0.82 s, user 0.74 s, sys 0.07 s, maxrss 136108 KB]
[busy 89 jiffies]
[exit 0]
--- c2 case 8 rec 0   load 0.54 0.67 0.80
[TEST CART]
Processing dataset...
Done!
Building trie...
Done!
build time: 162.892147 ms (162.892147 ns per key)
space cost: 13.831998 MB (105.237663% of original size 13.143581 MB)
Querying trie...
Done!
total time: 314.517962 ms, avg latency: 314.517962 ns
not implemented
162.892147,13.831998,314.517962
[PASSED]
[time 0.92 s, user 0.82 s, sys 0.09 s, maxrss 134004 KB]
[busy 99 jiffies]
[exit 0]
--- xcdat 7   load 0.54 0.67 0.80
build time: 524.037313 ms
space cost: 9.017626 MiB (68.608590% of original size 13.143581 MiB)
avg latency: 177.918756 ns
524.037313,9.017626,177.918756
[time 1.15 s, user 1.05 s, sys 0.10 s, maxrss 139888 KB]
[busy 123 jiffies]
[exit 0]
--- xcdat 8   load 0.50 0.66 0.80
build time: 498.370839 ms
space cost: 8.488643 MiB (64.583940% of original size 13.143581 MiB)
avg latency: 171.930803 ns
498.370839,8.488643,171.930803
[time 1.12 s, user 1.01 s, sys 0.09 s, maxrss 139660 KB]
[busy 121 jiffies]
[exit 0]
--- xcdat 15   load 0.50 0.66 0.80
build time: 513.571506 ms
space cost: 9.847433 MiB (74.921993% of original size 13.143581 MiB)
avg latency: 146.483490 ns
513.571506,9.847433,146.483490
[time 1.11 s, user 1.01 s, sys 0.09 s, maxrss 139580 KB]
[busy 117 jiffies]
[exit 0]
--- xcdat 16   load 0.50 0.66 0.80
build time: 489.215194 ms
space cost: 10.260450 MiB (78.064342% of original size 13.143581 MiB)
avg latency: 150.739159 ns
489.215194,10.260450,150.739159
[time 1.09 s, user 0.99 s, sys 0.09 s, maxrss 139688 KB]
[busy 116 jiffies]
[exit 0]

##### idents-1000000 (1000000 lines, 18283976 bytes)   round 3/3   2026-09-24T13:12:31+03:00
--- lexindex dict32   load 0.54 0.66 0.80
1000000 keys
lexindex DictIndex block 32: build 242 ms, size 5.356 MiB (5.617 B/key), latency cold 349.2 ns, then mean 348.0 / min 346.5 ns
241.840,5.356443,349.241
[time 2.14 s, user 3.52 s, sys 0.25 s, maxrss 249924 KB]
[busy 400 jiffies]
[exit 0]
--- lexindex dict256   load 0.54 0.66 0.80
1000000 keys
lexindex DictIndex block 256: build 244 ms, size 4.986 MiB (5.228 B/key), latency cold 379.5 ns, then mean 372.8 / min 370.8 ns
244.344,4.986134,379.451
[time 2.25 s, user 3.70 s, sys 0.23 s, maxrss 249664 KB]
[busy 414 jiffies]
[exit 0]
--- lexindex dict1024   load 2.02 0.97 0.90
1000000 keys
lexindex DictIndex block 1024: build 269 ms, size 4.831 MiB (5.066 B/key), latency cold 441.7 ns, then mean 436.8 / min 434.6 ns
269.283,4.830847,441.675
[time 2.53 s, user 3.42 s, sys 0.20 s, maxrss 241228 KB]
[busy 380 jiffies]
[exit 0]
--- lexindex routed32   load 1.94 0.97 0.90
1000000 keys
lexindex DictIndex block 32 routed: build 241 ms, size 5.833 MiB (6.117 B/key), latency cold 317.7 ns, then mean 315.6 / min 313.0 ns
240.655,5.833281,317.679
[time 2.02 s, user 3.38 s, sys 0.23 s, maxrss 250104 KB]
[busy 380 jiffies]
[exit 0]
--- lexindex routed256   load 1.94 0.97 0.90
1000000 keys
lexindex DictIndex block 256 routed: build 246 ms, size 5.463 MiB (5.728 B/key), latency cold 309.8 ns, then mean 313.3 / min 307.6 ns
246.371,5.463062,309.771
[time 2.00 s, user 3.42 s, sys 0.26 s, maxrss 249836 KB]
[busy 395 jiffies]
[exit 0]
--- lexindex routed1024   load 1.86 0.97 0.90
1000000 keys
lexindex DictIndex block 1024 routed: build 271 ms, size 5.069 MiB (5.316 B/key), latency cold 342.9 ns, then mean 331.9 / min 330.7 ns
270.685,5.069372,342.916
[time 2.12 s, user 3.01 s, sys 0.19 s, maxrss 240648 KB]
[busy 340 jiffies]
[exit 0]
--- lexindex string   load 1.71 0.95 0.89
1000000 keys
lexindex StringIndex: build 662 ms, size 10.063 MiB (10.552 B/key), latency cold 260.6 ns, then mean 243.4 / min 240.8 ns
662.397,10.063018,260.594
[time 2.15 s, user 2.05 s, sys 0.08 s, maxrss 149068 KB]
[busy 232 jiffies]
[exit 0]
--- lexindex hashed0   load 1.71 0.95 0.89
1000000 keys
lexindex HashedDictIndex closed: build 349 ms, size 7.599 MiB (7.969 B/key), latency cold 38.1 ns, then mean 35.9 / min 34.4 ns
348.608,7.599383,38.140
[time 0.99 s, user 2.47 s, sys 0.24 s, maxrss 252196 KB]
[busy 290 jiffies]
[exit 0]
--- lexindex hashed8   load 1.58 0.94 0.89
1000000 keys
lexindex HashedDictIndex fp=8: build 347 ms, size 8.553 MiB (8.969 B/key), latency cold 44.8 ns, then mean 42.6 / min 42.5 ns
347.282,8.553058,44.803
[time 1.02 s, user 2.51 s, sys 0.25 s, maxrss 258284 KB]
[busy 294 jiffies]
[exit 0]
--- lexindex hashed16   load 1.58 0.94 0.89
1000000 keys
lexindex HashedDictIndex fp=16: build 346 ms, size 9.507 MiB (9.969 B/key), latency cold 45.3 ns, then mean 43.4 / min 43.2 ns
346.445,9.506732,45.344
[time 1.02 s, user 2.52 s, sys 0.24 s, maxrss 260344 KB]
[busy 295 jiffies]
[exit 0]
--- c2 case 0 rec 0   load 1.58 0.94 0.89
[TEST C2-FST]
Processing dataset...
Done!
Building trie...
Done!
build time: 602.026816 ms (602.026816 ns per key)
space cost: 8.227930 MB (49.916813% of original size 16.483284 MB)
Querying trie...
Done!
total time: 467.350935 ms, avg latency: 467.350935 ns
topology: 1.135506 MB, link: 1.406907 MB, data: 5.685517 MB
--- Unary Path Analysis (FST, cutoff=4) ---
  shared unary steps in main trie: 971668
  terminal suffixes: inplace=238747 (avg len=2.28)  links=478774 (66.7% of terminal)
  link len: avg=9.52  max=507  total_chars=4557473
  link length distribution (len:count):  4:79167  5:52258  6:44526  7:37562  8:33071  9:28872  10:26062  11:38559  12:20998  13:14985  14:12840  15:11027  16:9190  17:7956  18:6288  19:5522  20:4616  21:3760  22:3224  23:2642  24:2265  25:1817  26:1599  27:3319  28:3490  29:1071  30:1819  31:12530  32:2370  33:475  34:427  35:414  36:360  37:260  38:234  39:210  40:195  41:157  42:148  43:129  44:137  45:91  46:113  47:107  48:101  49:86  50:71  51:74  52:68  53:61  54:79  55:76  56:60  57:86  58:122  59:137  60:259  61:339  62:18  63:12  64:12  65:12  66:15  67:15  68:13  69:15  70:7  71:11  72:10  73:21  74:26  75:36  76:15  77:1  78:2  79:2  80:3  81:3  83:1  84:2  85:2  86:1  88:2  89:2  90:2  91:4  92:1  94:2  95:1  96:3  104:1  106:1  107:1  109:1  110:1  116:1  117:3  120:1  121:2  122:1  123:1  124:1  129:1  191:1  257:1  366:1  424:1  508:1
602.026816,8.227930,467.350935
[PASSED]
[time 1.61 s, user 1.50 s, sys 0.11 s, maxrss 163064 KB]
[busy 173 jiffies]
[exit 0]
--- c2 case 0 rec 1   load 1.53 0.94 0.89
[TEST C2-FST]
Processing dataset...
Done!
Building trie...
trie size: 1.626037 MB
Done!
build time: 712.822240 ms (712.822240 ns per key)
space cost: 7.389305 MB (44.829083% of original size 16.483284 MB)
Querying trie...
Done!
total time: 521.182999 ms, avg latency: 521.182999 ns
topology: 1.316097 MB, link: 1.431170 MB, data: 4.642038 MB
--- Unary Path Analysis (FST, cutoff=4) ---
  shared unary steps in main trie: 971668
  terminal suffixes: inplace=238747 (avg len=2.28)  links=478774 (66.7% of terminal)
  link len: avg=9.52  max=507  total_chars=4557473
  link length distribution (len:count):  4:79167  5:52258  6:44526  7:37562  8:33071  9:28872  10:26062  11:38559  12:20998  13:14985  14:12840  15:11027  16:9190  17:7956  18:6288  19:5522  20:4616  21:3760  22:3224  23:2642  24:2265  25:1817  26:1599  27:3319  28:3490  29:1071  30:1819  31:12530  32:2370  33:475  34:427  35:414  36:360  37:260  38:234  39:210  40:195  41:157  42:148  43:129  44:137  45:91  46:113  47:107  48:101  49:86  50:71  51:74  52:68  53:61  54:79  55:76  56:60  57:86  58:122  59:137  60:259  61:339  62:18  63:12  64:12  65:12  66:15  67:15  68:13  69:15  70:7  71:11  72:10  73:21  74:26  75:36  76:15  77:1  78:2  79:2  80:3  81:3  83:1  84:2  85:2  86:1  88:2  89:2  90:2  91:4  92:1  94:2  95:1  96:3  104:1  106:1  107:1  109:1  110:1  116:1  117:3  120:1  121:2  122:1  123:1  124:1  129:1  191:1  257:1  366:1  424:1  508:1
712.822240,7.389305,521.182999
[PASSED]
[time 1.76 s, user 1.64 s, sys 0.10 s, maxrss 163328 KB]
[busy 186 jiffies]
[exit 0]
--- c2 case 0 rec 2   load 1.41 0.92 0.88
[TEST C2-FST]
Processing dataset...
Done!
Building trie...
trie size: 1.626037 MB
trie size: 0.392475 MB
Done!
build time: 762.799951 ms (762.799951 ns per key)
space cost: 7.389305 MB (44.829083% of original size 16.483284 MB)
Querying trie...
Done!
total time: 520.592009 ms, avg latency: 520.592009 ns
topology: 1.316097 MB, link: 1.431170 MB, data: 4.642038 MB
--- Unary Path Analysis (FST, cutoff=4) ---
  shared unary steps in main trie: 971668
  terminal suffixes: inplace=238747 (avg len=2.28)  links=478774 (66.7% of terminal)
  link len: avg=9.52  max=507  total_chars=4557473
  link length distribution (len:count):  4:79167  5:52258  6:44526  7:37562  8:33071  9:28872  10:26062  11:38559  12:20998  13:14985  14:12840  15:11027  16:9190  17:7956  18:6288  19:5522  20:4616  21:3760  22:3224  23:2642  24:2265  25:1817  26:1599  27:3319  28:3490  29:1071  30:1819  31:12530  32:2370  33:475  34:427  35:414  36:360  37:260  38:234  39:210  40:195  41:157  42:148  43:129  44:137  45:91  46:113  47:107  48:101  49:86  50:71  51:74  52:68  53:61  54:79  55:76  56:60  57:86  58:122  59:137  60:259  61:339  62:18  63:12  64:12  65:12  66:15  67:15  68:13  69:15  70:7  71:11  72:10  73:21  74:26  75:36  76:15  77:1  78:2  79:2  80:3  81:3  83:1  84:2  85:2  86:1  88:2  89:2  90:2  91:4  92:1  94:2  95:1  96:3  104:1  106:1  107:1  109:1  110:1  116:1  117:3  120:1  121:2  122:1  123:1  124:1  129:1  191:1  257:1  366:1  424:1  508:1
762.799951,7.389305,520.592009
[PASSED]
[time 1.81 s, user 1.70 s, sys 0.10 s, maxrss 163388 KB]
[busy 188 jiffies]
[exit 0]
--- c2 case 1 rec 0   load 1.41 0.92 0.88
[TEST C2-CoCo(LOUDS-Sparse)]
Processing dataset...
Done!
Building trie...
Done!
build time: 2149.156648 ms (2149.156648 ns per key)
space cost: 8.350286 MB (50.659118% of original size 16.483284 MB)
Querying trie...
Done!
total time: 578.811799 ms, avg latency: 578.811799 ns
topology: 0.418800 MB, link: 2.233477 MB, data: 5.698009 MB
2149.156648,8.350286,578.811799
[PASSED]
[time 3.25 s, user 3.06 s, sys 0.17 s, maxrss 335996 KB]
[busy 339 jiffies]
[exit 0]
--- c2 case 1 rec 1   load 1.37 0.92 0.89
[TEST C2-CoCo(LOUDS-Sparse)]
Processing dataset...
Done!
Building trie...
trie size: 1.626037 MB
Done!
build time: 2262.313640 ms (2262.313640 ns per key)
space cost: 7.511661 MB (45.571388% of original size 16.483284 MB)
Querying trie...
Done!
total time: 631.967713 ms, avg latency: 631.967713 ns
topology: 0.599392 MB, link: 2.257739 MB, data: 4.654530 MB
2262.313640,7.511661,631.967713
[PASSED]
[time 3.41 s, user 3.21 s, sys 0.18 s, maxrss 335924 KB]
[busy 355 jiffies]
[exit 0]
--- c2 case 1 rec 2   load 1.34 0.93 0.89
[TEST C2-CoCo(LOUDS-Sparse)]
Processing dataset...
Done!
Building trie...
trie size: 1.626037 MB
trie size: 0.392475 MB
Done!
build time: 2298.378415 ms (2298.378415 ns per key)
space cost: 7.511661 MB (45.571388% of original size 16.483284 MB)
Querying trie...
Done!
total time: 622.359667 ms, avg latency: 622.359667 ns
topology: 0.599392 MB, link: 2.257739 MB, data: 4.654530 MB
2298.378415,7.511661,622.359667
[PASSED]
[time 3.45 s, user 3.24 s, sys 0.19 s, maxrss 336104 KB]
[busy 358 jiffies]
[exit 0]
--- c2 case 2 rec 0   load 1.32 0.93 0.89
[TEST C2-MARISA]
Processing dataset...
Done!
Building trie...
trie size: 2.268721 MB
Done!
build time: 664.941800 ms (664.941800 ns per key)
space cost: 7.402753 MB (44.910668% of original size 16.483284 MB)
Querying trie...
Done!
total time: 339.379122 ms, avg latency: 339.379122 ns
topology: 0.751392 MB, link: 2.163248 MB, data: 4.467605 MB
--- Unary Path Analysis (Marisa, cutoff=3) ---
  branches: 1404624  |  single-char: 479529 (34.1%)  short-unary: 101093 (7.2%)  links: 824002 (58.7%)
  link len: avg=8.83  max=511  total_chars=7275589
  link length distribution (len:count):  3:96296  4:151575  5:100673  6:68854  7:57858  8:46664  9:40166  10:34974  11:30498  12:41963  13:23674  14:17279  15:14913  16:12650  17:10496  18:9162  19:7137  20:6187  21:5166  22:4219  23:3575  24:2970  25:2515  26:2033  27:1786  28:3448  29:3574  30:1146  31:1929  32:12598  33:2418  34:520  35:464  36:440  37:386  38:271  39:250  40:221  41:206  42:160  43:154  44:139  45:143  46:95  47:113  48:108  49:103  50:87  51:72  52:78  53:68  54:62  55:80  56:76  57:60  58:86  59:123  60:137  61:260  62:340  63:18  64:12  65:14  66:12  67:15  68:15  69:13  70:15  71:7  72:12  73:10  74:22  75:26  76:36  77:15  78:1  79:2  80:2  81:3  82:3  83:1  84:2  85:2  86:2  87:2  89:2  90:2  91:2  92:4  93:1  95:2  96:1  97:3  105:1  107:1  108:1  110:1  111:1  117:1  118:3  121:1  122:2  123:1  124:1  125:1  130:1  136:1  137:1  192:1  258:1  337:1  367:1  425:1  509:1  511:1
  short unary avg len: 2.00
664.941800,7.402753,339.379122
[PASSED]
[time 1.51 s, user 1.35 s, sys 0.15 s, maxrss 204456 KB]
[busy 161 jiffies]
[exit 0]
--- c2 case 2 rec 1   load 1.32 0.93 0.89
[TEST C2-MARISA]
Processing dataset...
Done!
Building trie...
trie size: 2.268721 MB
trie size: 2.569425 MB
Done!
build time: 828.096591 ms (828.096591 ns per key)
space cost: 6.231204 MB (37.803171% of original size 16.483284 MB)
Querying trie...
Done!
total time: 429.008649 ms, avg latency: 429.008649 ns
topology: 0.985817 MB, link: 2.134608 MB, data: 3.090271 MB
--- Unary Path Analysis (Marisa, cutoff=3) ---
  branches: 1404624  |  single-char: 479529 (34.1%)  short-unary: 101093 (7.2%)  links: 824002 (58.7%)
  link len: avg=8.83  max=511  total_chars=7275589
  link length distribution (len:count):  3:96296  4:151575  5:100673  6:68854  7:57858  8:46664  9:40166  10:34974  11:30498  12:41963  13:23674  14:17279  15:14913  16:12650  17:10496  18:9162  19:7137  20:6187  21:5166  22:4219  23:3575  24:2970  25:2515  26:2033  27:1786  28:3448  29:3574  30:1146  31:1929  32:12598  33:2418  34:520  35:464  36:440  37:386  38:271  39:250  40:221  41:206  42:160  43:154  44:139  45:143  46:95  47:113  48:108  49:103  50:87  51:72  52:78  53:68  54:62  55:80  56:76  57:60  58:86  59:123  60:137  61:260  62:340  63:18  64:12  65:14  66:12  67:15  68:15  69:13  70:15  71:7  72:12  73:10  74:22  75:26  76:36  77:15  78:1  79:2  80:2  81:3  82:3  83:1  84:2  85:2  86:2  87:2  89:2  90:2  91:2  92:4  93:1  95:2  96:1  97:3  105:1  107:1  108:1  110:1  111:1  117:1  118:3  121:1  122:2  123:1  124:1  125:1  130:1  136:1  137:1  192:1  258:1  337:1  367:1  425:1  509:1  511:1
  short unary avg len: 2.00
828.096591,6.231204,429.008649
[PASSED]
[time 1.79 s, user 1.64 s, sys 0.13 s, maxrss 204712 KB]
[busy 191 jiffies]
[exit 0]
--- c2 case 2 rec 2   load 1.29 0.93 0.89
[TEST C2-MARISA]
Processing dataset...
Done!
Building trie...
trie size: 2.268721 MB
trie size: 2.569425 MB
trie size: 0.468599 MB
Done!
build time: 878.607183 ms (878.607183 ns per key)
space cost: 6.231204 MB (37.803171% of original size 16.483284 MB)
Querying trie...
Done!
total time: 436.977445 ms, avg latency: 436.977445 ns
topology: 0.985817 MB, link: 2.134608 MB, data: 3.090271 MB
--- Unary Path Analysis (Marisa, cutoff=3) ---
  branches: 1404624  |  single-char: 479529 (34.1%)  short-unary: 101093 (7.2%)  links: 824002 (58.7%)
  link len: avg=8.83  max=511  total_chars=7275589
  link length distribution (len:count):  3:96296  4:151575  5:100673  6:68854  7:57858  8:46664  9:40166  10:34974  11:30498  12:41963  13:23674  14:17279  15:14913  16:12650  17:10496  18:9162  19:7137  20:6187  21:5166  22:4219  23:3575  24:2970  25:2515  26:2033  27:1786  28:3448  29:3574  30:1146  31:1929  32:12598  33:2418  34:520  35:464  36:440  37:386  38:271  39:250  40:221  41:206  42:160  43:154  44:139  45:143  46:95  47:113  48:108  49:103  50:87  51:72  52:78  53:68  54:62  55:80  56:76  57:60  58:86  59:123  60:137  61:260  62:340  63:18  64:12  65:14  66:12  67:15  68:15  69:13  70:15  71:7  72:12  73:10  74:22  75:26  76:36  77:15  78:1  79:2  80:2  81:3  82:3  83:1  84:2  85:2  86:2  87:2  89:2  90:2  91:2  92:4  93:1  95:2  96:1  97:3  105:1  107:1  108:1  110:1  111:1  117:1  118:3  121:1  122:2  123:1  124:1  125:1  130:1  136:1  137:1  192:1  258:1  337:1  367:1  425:1  509:1  511:1
  short unary avg len: 2.00
878.607183,6.231204,436.977445
[PASSED]
[time 1.84 s, user 1.70 s, sys 0.12 s, maxrss 204260 KB]
[busy 192 jiffies]
[exit 0]
--- c2 case 3 rec 0   load 1.29 0.93 0.89
[TEST FST]
Processing dataset...
Done!
Building trie...
Done!
build time: 673.803453 ms (673.803453 ns per key)
space cost: 8.563316 MB (51.951519% of original size 16.483284 MB)
Querying trie...
Done!
total time: 744.423948 ms, avg latency: 744.423948 ns
not implemented
673.803453,8.563316,744.423948
[PASSED]
[time 1.94 s, user 1.85 s, sys 0.07 s, maxrss 114476 KB]
[busy 207 jiffies]
[exit 0]
--- c2 case 4 rec 0   load 1.27 0.93 0.89
[TEST COCO]
Processing dataset...
Done!
Building trie...
num nodes = 412937, average depth = 8.208172
ef = 0.000455, pa = 0.242352, bv = 0.003325, de = 0.563989
efr = 0.002477, par = 0.125714, bvr = 0.000545, der = 0.061142
Done!
build time: 14313.967813 ms (14313.967813 ns per key)
space cost: 9.974920 MB (60.515370% of original size 16.483284 MB)
Querying trie...
Done!
total time: 502.222588 ms, avg latency: 502.222588 ns
not implemented
14313.967813,9.974920,502.222588
[PASSED]
[time 15.92 s, user 12.48 s, sys 3.38 s, maxrss 7730424 KB]
[busy 1642 jiffies]
[exit 0]
--- c2 case 5 rec 0   load 1.21 0.93 0.89
[TEST MARISA]
Processing dataset...
Done!
Building trie...
Done!
build time: 463.490360 ms (463.490360 ns per key)
space cost: 7.279773 MB (44.164578% of original size 16.483284 MB)
Querying trie...
Done!
total time: 474.728058 ms, avg latency: 474.728058 ns
not implemented
463.490360,7.279773,474.728058
[PASSED]
[time 1.45 s, user 1.34 s, sys 0.10 s, maxrss 157908 KB]
[busy 154 jiffies]
[exit 0]
--- c2 case 5 rec 1   load 1.19 0.94 0.89
[TEST MARISA]
Processing dataset...
Done!
Building trie...
Done!
build time: 549.336737 ms (549.336737 ns per key)
space cost: 5.655286 MB (34.309218% of original size 16.483284 MB)
Querying trie...
Done!
total time: 666.731072 ms, avg latency: 666.731072 ns
not implemented
549.336737,5.655286,666.731072
[PASSED]
[time 1.72 s, user 1.61 s, sys 0.10 s, maxrss 157832 KB]
[busy 179 jiffies]
[exit 0]
--- c2 case 5 rec 2   load 1.19 0.94 0.89
[TEST MARISA]
Processing dataset...
Done!
Building trie...
Done!
build time: 573.566242 ms (573.566242 ns per key)
space cost: 5.354378 MB (32.483683% of original size 16.483284 MB)
Querying trie...
Done!
total time: 717.794263 ms, avg latency: 717.794263 ns
not implemented
573.566242,5.354378,717.794263
[PASSED]
[time 1.81 s, user 1.70 s, sys 0.10 s, maxrss 165788 KB]
[busy 190 jiffies]
[exit 0]
--- c2 case 6 rec 0   load 1.17 0.94 0.89
[TEST PDT]
Processing dataset...
Done!
Building trie...
dict size: 158636, stream size: 5032831
Done!
build time: 2607.997961 ms (2607.997961 ns per key)
space cost: 6.227028 MB (37.777835% of original size 16.483284 MB)
Querying trie...
Done!
total time: 602.129779 ms, avg latency: 602.129779 ns
not implemented
2607.997961,6.227028,602.129779
[PASSED]
[time 3.72 s, user 3.61 s, sys 0.09 s, maxrss 168352 KB]
[busy 386 jiffies]
[exit 0]
--- c2 case 7 rec 0   load 1.16 0.94 0.90
[TEST ART]
Processing dataset...
Done!
Building trie...
Done!
build time: 153.396563 ms (153.396563 ns per key)
space cost: 32.931778 MB (199.788937% of original size 16.483284 MB)
Querying trie...
Done!
total time: 391.010251 ms, avg latency: 391.010251 ns
not implemented
153.396563,32.931778,391.010251
[PASSED]
[time 1.07 s, user 0.97 s, sys 0.09 s, maxrss 160476 KB]
[busy 113 jiffies]
[exit 0]
--- c2 case 8 rec 0   load 1.16 0.94 0.90
[TEST CART]
Processing dataset...
Done!
Building trie...
Done!
build time: 204.367049 ms (204.367049 ns per key)
space cost: 15.673315 MB (95.086119% of original size 16.483284 MB)
Querying trie...
Done!
total time: 471.521673 ms, avg latency: 471.521673 ns
not implemented
204.367049,15.673315,471.521673
[PASSED]
[time 1.21 s, user 1.11 s, sys 0.09 s, maxrss 149016 KB]
[busy 128 jiffies]
[exit 0]
--- xcdat 7   load 1.15 0.94 0.90
build time: 504.586080 ms
space cost: 11.013126 MiB (66.813909% of original size 16.483284 MiB)
avg latency: 226.709757 ns
504.586080,11.013126,226.709757
[time 1.26 s, user 1.14 s, sys 0.11 s, maxrss 180260 KB]
[busy 133 jiffies]
[exit 0]
--- xcdat 8   load 1.15 0.94 0.90
build time: 463.032559 ms
space cost: 10.584354 MiB (64.212656% of original size 16.483284 MiB)
avg latency: 211.789418 ns
463.032559,10.584354,211.789418
[time 1.20 s, user 1.07 s, sys 0.12 s, maxrss 179804 KB]
[busy 127 jiffies]
[exit 0]
--- xcdat 15   load 1.14 0.94 0.90
build time: 498.490935 ms
space cost: 13.141485 MiB (79.726135% of original size 16.483284 MiB)
avg latency: 204.330250 ns
498.490935,13.141485,204.330250
[time 1.23 s, user 1.11 s, sys 0.11 s, maxrss 179900 KB]
[busy 129 jiffies]
[exit 0]
--- xcdat 16   load 1.14 0.94 0.90
build time: 468.503912 ms
space cost: 13.736038 MiB (83.333140% of original size 16.483284 MiB)
avg latency: 208.905308 ns
468.503912,13.736038,208.905308
[time 1.22 s, user 1.09 s, sys 0.12 s, maxrss 180000 KB]
[busy 128 jiffies]
[exit 0]

##### numeric-1000000 (1000000 lines, 6888890 bytes)   round 3/3   2026-09-24T13:14:15+03:00
--- lexindex dict32   load 1.04 0.93 0.89
1000000 keys
lexindex DictIndex block 32: build 72 ms, size 1.160 MiB (1.216 B/key), latency cold 231.3 ns, then mean 228.8 / min 228.3 ns
72.101,1.159871,231.279
[time 1.41 s, user 1.67 s, sys 0.15 s, maxrss 135516 KB]
[busy 197 jiffies]
[exit 0]
--- lexindex dict256   load 1.04 0.93 0.89
1000000 keys
lexindex DictIndex block 256: build 72 ms, size 0.964 MiB (1.011 B/key), latency cold 244.2 ns, then mean 243.3 / min 242.7 ns
72.419,0.964076,244.180
[time 1.46 s, user 1.71 s, sys 0.17 s, maxrss 139008 KB]
[busy 199 jiffies]
[exit 0]
--- lexindex dict1024   load 0.96 0.91 0.89
1000000 keys
lexindex DictIndex block 1024: build 69 ms, size 0.875 MiB (0.918 B/key), latency cold 263.4 ns, then mean 261.9 / min 261.1 ns
68.852,0.875449,263.352
[time 1.54 s, user 1.64 s, sys 0.10 s, maxrss 126072 KB]
[busy 188 jiffies]
[exit 0]
--- lexindex routed32   load 0.96 0.91 0.89
1000000 keys
lexindex DictIndex block 32 routed: build 73 ms, size 1.637 MiB (1.716 B/key), latency cold 198.1 ns, then mean 197.1 / min 196.6 ns
73.348,1.636708,198.062
[time 1.28 s, user 1.51 s, sys 0.16 s, maxrss 137104 KB]
[busy 179 jiffies]
[exit 0]
--- lexindex routed256   load 0.88 0.89 0.88
1000000 keys
lexindex DictIndex block 256 routed: build 80 ms, size 1.441 MiB (1.511 B/key), latency cold 180.0 ns, then mean 180.8 / min 179.7 ns
80.038,1.441005,179.964
[time 1.22 s, user 1.48 s, sys 0.13 s, maxrss 137020 KB]
[busy 175 jiffies]
[exit 0]
--- lexindex routed1024   load 0.88 0.89 0.88
1000000 keys
lexindex DictIndex block 1024 routed: build 72 ms, size 1.114 MiB (1.168 B/key), latency cold 178.0 ns, then mean 177.2 / min 176.6 ns
71.749,1.113975,177.956
[time 1.20 s, user 1.32 s, sys 0.09 s, maxrss 125920 KB]
[busy 151 jiffies]
[exit 0]
--- lexindex string   load 0.88 0.89 0.88
1000000 keys
lexindex StringIndex: build 154 ms, size 0.000 MiB (0.000 B/key), latency cold 82.0 ns, then mean 82.1 / min 81.6 ns
153.917,0.000287,81.976
[time 0.89 s, user 0.83 s, sys 0.06 s, maxrss 115508 KB]
[busy 104 jiffies]
[exit 0]
--- lexindex hashed0   load 0.89 0.90 0.88
1000000 keys
lexindex HashedDictIndex closed: build 159 ms, size 3.578 MiB (3.752 B/key), latency cold 13.3 ns, then mean 12.3 / min 12.2 ns
159.247,3.577960,13.254
[time 0.62 s, user 0.93 s, sys 0.16 s, maxrss 151076 KB]
[busy 118 jiffies]
[exit 0]
--- lexindex hashed8   load 0.89 0.90 0.88
1000000 keys
lexindex HashedDictIndex fp=8: build 159 ms, size 4.532 MiB (4.752 B/key), latency cold 17.9 ns, then mean 16.0 / min 15.9 ns
159.201,4.531634,17.917
[time 0.64 s, user 0.93 s, sys 0.17 s, maxrss 148728 KB]
[busy 123 jiffies]
[exit 0]
--- lexindex hashed16   load 0.82 0.88 0.88
1000000 keys
lexindex HashedDictIndex fp=16: build 159 ms, size 5.485 MiB (5.752 B/key), latency cold 19.4 ns, then mean 16.2 / min 16.1 ns
158.838,5.485309,19.405
[time 0.64 s, user 0.90 s, sys 0.19 s, maxrss 155076 KB]
[busy 126 jiffies]
[exit 0]
--- c2 case 0 rec 0   skipped: exit 139 in round 1
--- c2 case 0 rec 1   skipped: exit 139 in round 1
--- c2 case 0 rec 2   skipped: exit 139 in round 1
--- c2 case 1 rec 0   skipped: exit 139 in round 1
--- c2 case 1 rec 1   skipped: exit 139 in round 1
--- c2 case 1 rec 2   skipped: exit 139 in round 1
--- c2 case 2 rec 0   skipped: exit 139 in round 1
--- c2 case 2 rec 1   skipped: exit 139 in round 1
--- c2 case 2 rec 2   skipped: exit 139 in round 1
--- c2 case 3 rec 0   load 0.82 0.88 0.88
[TEST FST]
Processing dataset...
Done!
Building trie...
Done!
build time: 218.465383 ms (218.465383 ns per key)
space cost: 1.445107 MB (25.731589% of original size 5.616083 MB)
Querying trie...
Done!
total time: 246.175218 ms, avg latency: 246.175218 ns
not implemented
218.465383,1.445107,246.175218
[PASSED]
[time 0.78 s, user 0.72 s, sys 0.05 s, maxrss 74172 KB]
[busy 83 jiffies]
[exit 0]
--- c2 case 4 rec 0   load 0.82 0.88 0.88
[TEST COCO]
Processing dataset...
Done!
Building trie...
num nodes = 9001, average depth = 1.000222
ef = 0.000000, pa = 0.000000, bv = 0.000111, de = 0.999889
efr = 0.000000, par = 0.000000, bvr = 0.000000, der = 0.000000
Done!
build time: 693.557938 ms (693.557938 ns per key)
space cost: 0.497188 MB (8.852927% of original size 5.616083 MB)
Querying trie...
Done!
total time: 231.548380 ms, avg latency: 231.548380 ns
not implemented
693.557938,0.497188,231.548380
[PASSED]
[time 1.27 s, user 1.03 s, sys 0.23 s, maxrss 494668 KB]
[busy 135 jiffies]
[exit 0]
--- c2 case 5 rec 0   load 0.75 0.87 0.87
[TEST MARISA]
Processing dataset...
Done!
Building trie...
Done!
build time: 145.117835 ms (145.117835 ns per key)
space cost: 1.565816 MB (27.880925% of original size 5.616083 MB)
Querying trie...
Done!
total time: 185.245554 ms, avg latency: 185.245554 ns
not implemented
145.117835,1.565816,185.245554
[PASSED]
[time 0.65 s, user 0.59 s, sys 0.06 s, maxrss 108280 KB]
[busy 71 jiffies]
[exit 0]
--- c2 case 5 rec 1   load 0.75 0.87 0.87
[TEST MARISA]
Processing dataset...
Done!
Building trie...
Done!
build time: 144.955519 ms (144.955519 ns per key)
space cost: 1.565816 MB (27.880925% of original size 5.616083 MB)
Querying trie...
Done!
total time: 186.420443 ms, avg latency: 186.420443 ns
not implemented
144.955519,1.565816,186.420443
[PASSED]
[time 0.66 s, user 0.59 s, sys 0.07 s, maxrss 108180 KB]
[busy 73 jiffies]
[exit 0]
--- c2 case 5 rec 2   load 0.75 0.87 0.87
[TEST MARISA]
Processing dataset...
Done!
Building trie...
Done!
build time: 145.646558 ms (145.646558 ns per key)
space cost: 1.565816 MB (27.880925% of original size 5.616083 MB)
Querying trie...
Done!
total time: 184.738782 ms, avg latency: 184.738782 ns
not implemented
145.646558,1.565816,184.738782
[PASSED]
[time 0.65 s, user 0.58 s, sys 0.07 s, maxrss 108284 KB]
[busy 70 jiffies]
[exit 0]
--- c2 case 6 rec 0   load 0.69 0.85 0.87
[TEST PDT]
Processing dataset...
Done!
Building trie...
dict size: 92, stream size: 296698
Done!
build time: 107.057299 ms (107.057299 ns per key)
space cost: 1.559100 MB (27.761344% of original size 5.616083 MB)
Querying trie...
Done!
total time: 411.868559 ms, avg latency: 411.868559 ns
not implemented
107.057299,1.559100,411.868559
[PASSED]
[time 0.86 s, user 0.81 s, sys 0.05 s, maxrss 90288 KB]
[busy 102 jiffies]
[exit 0]
--- c2 case 7 rec 0   load 0.69 0.85 0.87
[TEST ART]
Processing dataset...
Done!
Building trie...
Done!
build time: 58.539471 ms (58.539471 ns per key)
space cost: 20.065308 MB (357.282951% of original size 5.616083 MB)
Querying trie...
Done!
total time: 77.838188 ms, avg latency: 77.838188 ns
not implemented
58.539471,20.065308,77.838188
[PASSED]
[time 0.47 s, user 0.41 s, sys 0.06 s, maxrss 103316 KB]
[busy 65 jiffies]
[exit 0]
--- c2 case 8 rec 0   load 0.69 0.85 0.87
[TEST CART]
Processing dataset...
Done!
Building trie...
Done!
build time: 71.333835 ms (71.333835 ns per key)
space cost: 11.262885 MB (200.546979% of original size 5.616083 MB)
Querying trie...
Done!
total time: 93.576966 ms, avg latency: 93.576966 ns
not implemented
71.333835,11.262885,93.576966
[PASSED]
[time 0.49 s, user 0.42 s, sys 0.06 s, maxrss 104888 KB]
[busy 58 jiffies]
[exit 0]
--- xcdat 7   load 0.64 0.84 0.86
build time: 280.844510 ms
space cost: 5.285287 MiB (94.109841% of original size 5.616083 MiB)
avg latency: 85.645300 ns
280.844510,5.285287,85.645300
[time 0.69 s, user 0.62 s, sys 0.06 s, maxrss 90300 KB]
[busy 83 jiffies]
[exit 0]
--- xcdat 8   load 0.64 0.84 0.86
build time: 173.044867 ms
space cost: 4.607934 MiB (82.048892% of original size 5.616083 MiB)
avg latency: 95.692191 ns
173.044867,4.607934,95.692191
[time 0.59 s, user 0.52 s, sys 0.06 s, maxrss 90168 KB]
[busy 65 jiffies]
[exit 0]
--- xcdat 15   load 0.64 0.84 0.86
build time: 202.720405 ms
space cost: 6.727912 MiB (119.797228% of original size 5.616083 MiB)
avg latency: 54.778072 ns
202.720405,6.727912,54.778072
[time 0.59 s, user 0.52 s, sys 0.07 s, maxrss 90324 KB]
[busy 64 jiffies]
[exit 0]
--- xcdat 16   load 0.59 0.82 0.86
build time: 172.230626 ms
space cost: 7.181439 MiB (127.872740% of original size 5.616083 MiB)
avg latency: 69.174206 ns
172.230626,7.181439,69.174206
[time 0.57 s, user 0.50 s, sys 0.06 s, maxrss 90312 KB]
[busy 66 jiffies]
[exit 0]

##### opaque-1000000 (1000000 lines, 17000000 bytes)   round 3/3   2026-09-24T13:14:57+03:00
--- lexindex dict32   load 0.59 0.82 0.86
1000000 keys
lexindex DictIndex block 32: build 124 ms, size 10.145 MiB (10.638 B/key), latency cold 325.3 ns, then mean 322.4 / min 318.4 ns
124.378,10.144960,325.256
[time 1.86 s, user 2.47 s, sys 0.26 s, maxrss 170476 KB]
[busy 293 jiffies]
[exit 0]
--- lexindex dict256   load 0.54 0.81 0.85
1000000 keys
lexindex DictIndex block 256: build 128 ms, size 9.917 MiB (10.399 B/key), latency cold 338.0 ns, then mean 327.4 / min 327.1 ns
128.046,9.916968,337.977
[time 1.89 s, user 2.54 s, sys 0.27 s, maxrss 170284 KB]
[busy 299 jiffies]
[exit 0]
--- lexindex dict1024   load 0.54 0.81 0.85
1000000 keys
lexindex DictIndex block 1024: build 132 ms, size 9.814 MiB (10.291 B/key), latency cold 363.0 ns, then mean 361.2 / min 360.2 ns
132.326,9.813874,362.954
[time 2.02 s, user 2.34 s, sys 0.18 s, maxrss 151588 KB]
[busy 269 jiffies]
[exit 0]
--- lexindex routed32   load 0.58 0.81 0.86
1000000 keys
lexindex DictIndex block 32 routed: build 124 ms, size 10.622 MiB (11.138 B/key), latency cold 313.5 ns, then mean 308.2 / min 303.0 ns
124.048,10.621798,313.487
[time 1.81 s, user 2.43 s, sys 0.27 s, maxrss 171424 KB]
[busy 285 jiffies]
[exit 0]
--- lexindex routed256   load 0.58 0.81 0.86
1000000 keys
lexindex DictIndex block 256 routed: build 130 ms, size 10.394 MiB (10.899 B/key), latency cold 290.5 ns, then mean 277.8 / min 277.1 ns
129.857,10.393897,290.546
[time 1.71 s, user 2.33 s, sys 0.27 s, maxrss 169580 KB]
[busy 278 jiffies]
[exit 0]
--- lexindex routed1024   load 0.61 0.82 0.86
1000000 keys
lexindex DictIndex block 1024 routed: build 133 ms, size 10.052 MiB (10.541 B/key), latency cold 297.8 ns, then mean 294.4 / min 293.9 ns
133.390,10.052400,297.805
[time 1.77 s, user 2.10 s, sys 0.18 s, maxrss 155020 KB]
[busy 247 jiffies]
[exit 0]
--- lexindex string   load 0.61 0.82 0.86
1000000 keys
lexindex StringIndex: build 1061 ms, size 20.443 MiB (21.436 B/key), latency cold 284.8 ns, then mean 282.8 / min 279.7 ns
1060.714,20.442799,284.759
[time 2.63 s, user 2.52 s, sys 0.09 s, maxrss 152880 KB]
[busy 280 jiffies]
[exit 0]
--- lexindex hashed0   load 0.64 0.82 0.86
1000000 keys
lexindex HashedDictIndex closed: build 221 ms, size 12.530 MiB (13.139 B/key), latency cold 49.1 ns, then mean 47.0 / min 45.1 ns
220.878,12.530238,49.093
[time 0.84 s, user 1.52 s, sys 0.28 s, maxrss 170796 KB]
[busy 195 jiffies]
[exit 0]
--- lexindex hashed8   load 0.64 0.82 0.86
1000000 keys
lexindex HashedDictIndex fp=8: build 218 ms, size 13.484 MiB (14.139 B/key), latency cold 59.1 ns, then mean 56.6 / min 55.3 ns
217.881,13.483912,59.116
[time 0.88 s, user 1.55 s, sys 0.29 s, maxrss 172144 KB]
[busy 200 jiffies]
[exit 0]
--- lexindex hashed16   load 0.67 0.82 0.86
1000000 keys
lexindex HashedDictIndex fp=16: build 219 ms, size 14.438 MiB (15.139 B/key), latency cold 58.3 ns, then mean 56.3 / min 55.7 ns
218.728,14.437587,58.250
[time 0.88 s, user 1.53 s, sys 0.30 s, maxrss 167904 KB]
[busy 198 jiffies]
[exit 0]
--- c2 case 0 rec 0   load 0.67 0.82 0.86
[TEST C2-FST]
Processing dataset...
Done!
Building trie...
Done!
build time: 1095.767093 ms (1095.767093 ns per key)
space cost: 16.922257 MB (110.901706% of original size 15.258789 MB)
Querying trie...
Done!
total time: 410.829917 ms, avg latency: 410.829917 ns
topology: 0.743332 MB, link: 3.012292 MB, data: 13.166634 MB
--- Unary Path Analysis (FST, cutoff=4) ---
  shared unary steps in main trie: 1041
  terminal suffixes: inplace=0 (avg len=0.00)  links=1000000 (100.0% of terminal)
  link len: avg=10.96  max=12  total_chars=10963783
  link length distribution (len:count):  9:6  10:856  11:56569  12:920487  13:22082
1095.767093,16.922257,410.829917
[PASSED]
[time 2.14 s, user 1.98 s, sys 0.15 s, maxrss 250388 KB]
[busy 226 jiffies]
[exit 0]
--- c2 case 0 rec 1   load 0.70 0.83 0.86
[TEST C2-FST]
Processing dataset...
Done!
Building trie...
trie size: 4.316751 MB
Done!
build time: 1994.095337 ms (1994.095337 ns per key)
space cost: 16.922257 MB (110.901706% of original size 15.258789 MB)
Querying trie...
Done!
total time: 405.092365 ms, avg latency: 405.092365 ns
topology: 0.743332 MB, link: 3.012292 MB, data: 13.166634 MB
--- Unary Path Analysis (FST, cutoff=4) ---
  shared unary steps in main trie: 1041
  terminal suffixes: inplace=0 (avg len=0.00)  links=1000000 (100.0% of terminal)
  link len: avg=10.96  max=12  total_chars=10963783
  link length distribution (len:count):  9:6  10:856  11:56569  12:920487  13:22082
1994.095337,16.922257,405.092365
[PASSED]
[time 3.04 s, user 2.80 s, sys 0.22 s, maxrss 311160 KB]
[busy 317 jiffies]
[exit 0]
--- c2 case 0 rec 2   load 0.64 0.81 0.85
[TEST C2-FST]
Processing dataset...
Done!
Building trie...
trie size: 4.316751 MB
Done!
build time: 1982.614722 ms (1982.614722 ns per key)
space cost: 16.922257 MB (110.901706% of original size 15.258789 MB)
Querying trie...
Done!
total time: 395.104535 ms, avg latency: 395.104535 ns
topology: 0.743332 MB, link: 3.012292 MB, data: 13.166634 MB
--- Unary Path Analysis (FST, cutoff=4) ---
  shared unary steps in main trie: 1041
  terminal suffixes: inplace=0 (avg len=0.00)  links=1000000 (100.0% of terminal)
  link len: avg=10.96  max=12  total_chars=10963783
  link length distribution (len:count):  9:6  10:856  11:56569  12:920487  13:22082
1982.614722,16.922257,395.104535
[PASSED]
[time 3.03 s, user 2.81 s, sys 0.20 s, maxrss 311340 KB]
[busy 315 jiffies]
[exit 0]
--- c2 case 1 rec 0   load 0.59 0.80 0.85
[TEST C2-CoCo(LOUDS-Sparse)]
Processing dataset...
Done!
Building trie...
Done!
build time: 1363.802733 ms (1363.802733 ns per key)
space cost: 16.089285 MB (105.442735% of original size 15.258789 MB)
Querying trie...
Done!
total time: 529.478409 ms, avg latency: 529.478409 ns
topology: 0.346626 MB, link: 3.175570 MB, data: 12.567089 MB
1363.802733,16.089285,529.478409
[PASSED]
[time 2.56 s, user 2.34 s, sys 0.20 s, maxrss 357496 KB]
[busy 266 jiffies]
[exit 0]
--- c2 case 1 rec 1   load 0.59 0.80 0.85
[TEST C2-CoCo(LOUDS-Sparse)]
Processing dataset...
Done!
Building trie...
trie size: 4.316751 MB
Done!
build time: 2231.360370 ms (2231.360370 ns per key)
space cost: 16.089285 MB (105.442735% of original size 15.258789 MB)
Querying trie...
Done!
total time: 539.140807 ms, avg latency: 539.140807 ns
topology: 0.346626 MB, link: 3.175570 MB, data: 12.567089 MB
2231.360370,16.089285,539.140807
[PASSED]
[time 3.43 s, user 3.17 s, sys 0.24 s, maxrss 418840 KB]
[busy 355 jiffies]
[exit 0]
--- c2 case 1 rec 2   load 0.62 0.80 0.85
[TEST C2-CoCo(LOUDS-Sparse)]
Processing dataset...
Done!
Building trie...
trie size: 4.316751 MB
Done!
build time: 2223.309190 ms (2223.309190 ns per key)
space cost: 16.089285 MB (105.442735% of original size 15.258789 MB)
Querying trie...
Done!
total time: 535.273760 ms, avg latency: 535.273760 ns
topology: 0.346626 MB, link: 3.175570 MB, data: 12.567089 MB
2223.309190,16.089285,535.273760
[PASSED]
[time 3.41 s, user 3.15 s, sys 0.24 s, maxrss 418744 KB]
[busy 356 jiffies]
[exit 0]
--- c2 case 2 rec 0   load 0.65 0.81 0.85
[TEST C2-MARISA]
Processing dataset...
Done!
Building trie...
trie size: 1.836515 MB
Done!
build time: 983.772325 ms (983.772325 ns per key)
space cost: 16.609414 MB (108.851456% of original size 15.258789 MB)
Querying trie...
Done!
total time: 329.054610 ms, avg latency: 329.054610 ns
topology: 0.607349 MB, link: 2.863268 MB, data: 13.118289 MB
--- Unary Path Analysis (Marisa, cutoff=3) ---
  branches: 1267337  |  single-char: 266306 (21.0%)  short-unary: 1021 (0.1%)  links: 1000010 (78.9%)
  link len: avg=12.96  max=14  total_chars=12963813
  link length distribution (len:count):  3:10  10:6  11:856  12:56569  13:920487  14:22082
  short unary avg len: 2.00
983.772325,16.609414,329.054610
[PASSED]
[time 1.96 s, user 1.82 s, sys 0.13 s, maxrss 236732 KB]
[busy 206 jiffies]
[exit 0]
--- c2 case 2 rec 1   load 0.60 0.79 0.85
[TEST C2-MARISA]
Processing dataset...
Done!
Building trie...
trie size: 1.836515 MB
trie size: 4.316792 MB
Done!
build time: 2015.636118 ms (2015.636118 ns per key)
space cost: 16.609414 MB (108.851456% of original size 15.258789 MB)
Querying trie...
Done!
total time: 330.452457 ms, avg latency: 330.452457 ns
topology: 0.607349 MB, link: 2.863268 MB, data: 13.118289 MB
--- Unary Path Analysis (Marisa, cutoff=3) ---
  branches: 1267337  |  single-char: 266306 (21.0%)  short-unary: 1021 (0.1%)  links: 1000010 (78.9%)
  link len: avg=12.96  max=14  total_chars=12963813
  link length distribution (len:count):  3:10  10:6  11:856  12:56569  13:920487  14:22082
  short unary avg len: 2.00
2015.636118,16.609414,330.452457
[PASSED]
[time 3.01 s, user 2.80 s, sys 0.20 s, maxrss 283892 KB]
[busy 313 jiffies]
[exit 0]
--- c2 case 2 rec 2   load 0.60 0.79 0.85
[TEST C2-MARISA]
Processing dataset...
Done!
Building trie...
trie size: 1.836515 MB
trie size: 4.316792 MB
Done!
build time: 2010.998593 ms (2010.998593 ns per key)
space cost: 16.609414 MB (108.851456% of original size 15.258789 MB)
Querying trie...
Done!
total time: 330.218717 ms, avg latency: 330.218717 ns
topology: 0.607349 MB, link: 2.863268 MB, data: 13.118289 MB
--- Unary Path Analysis (Marisa, cutoff=3) ---
  branches: 1267337  |  single-char: 266306 (21.0%)  short-unary: 1021 (0.1%)  links: 1000010 (78.9%)
  link len: avg=12.96  max=14  total_chars=12963813
  link length distribution (len:count):  3:10  10:6  11:856  12:56569  13:920487  14:22082
  short unary avg len: 2.00
2010.998593,16.609414,330.218717
[PASSED]
[time 2.99 s, user 2.80 s, sys 0.18 s, maxrss 283696 KB]
[busy 312 jiffies]
[exit 0]
--- c2 case 3 rec 0   load 0.71 0.81 0.85
[TEST FST]
Processing dataset...
Done!
Building trie...
Done!
build time: 665.938433 ms (665.938433 ns per key)
space cost: 16.760878 MB (109.844088% of original size 15.258789 MB)
Querying trie...
Done!
total time: 342.526818 ms, avg latency: 342.526818 ns
not implemented
665.938433,16.760878,342.526818
[PASSED]
[time 1.66 s, user 1.57 s, sys 0.08 s, maxrss 147012 KB]
[busy 173 jiffies]
[exit 0]
--- c2 case 4 rec 0   load 0.74 0.82 0.85
[TEST COCO]
Processing dataset...
Done!
Building trie...
num nodes = 4097, average depth = 12.997071
ef = 0.000000, pa = 0.000000, bv = 0.000000, de = 0.000000
efr = 0.000000, par = 0.999756, bvr = 0.000244, der = 0.000000
Done!
build time: 17415.463967 ms (17415.463967 ns per key)
space cost: 10.595579 MB (69.439184% of original size 15.258789 MB)
Querying trie...
Done!
total time: 516.304691 ms, avg latency: 516.304691 ns
not implemented
17415.463967,10.595579,516.304691
[PASSED]
[time 19.45 s, user 14.42 s, sys 4.96 s, maxrss 11388624 KB]
[busy 2006 jiffies]
[exit 0]
--- c2 case 5 rec 0   load 0.81 0.83 0.86
[TEST MARISA]
Processing dataset...
Done!
Building trie...
Done!
build time: 473.835501 ms (473.835501 ns per key)
space cost: 17.200768 MB (112.726950% of original size 15.258789 MB)
Querying trie...
Done!
total time: 458.812699 ms, avg latency: 458.812699 ns
not implemented
473.835501,17.200768,458.812699
[PASSED]
[time 1.57 s, user 1.47 s, sys 0.10 s, maxrss 194796 KB]
[busy 165 jiffies]
[exit 0]
--- c2 case 5 rec 1   load 0.81 0.83 0.86
[TEST MARISA]
Processing dataset...
Done!
Building trie...
Done!
build time: 731.369304 ms (731.369304 ns per key)
space cost: 17.634758 MB (115.571150% of original size 15.258789 MB)
Querying trie...
Done!
total time: 685.218846 ms, avg latency: 685.218846 ns
not implemented
731.369304,17.634758,685.218846
[PASSED]
[time 2.07 s, user 1.94 s, sys 0.12 s, maxrss 185600 KB]
[busy 222 jiffies]
[exit 0]
--- c2 case 5 rec 2   load 0.83 0.83 0.86
[TEST MARISA]
Processing dataset...
Done!
Building trie...
Done!
build time: 954.228595 ms (954.228595 ns per key)
space cost: 17.949429 MB (117.633375% of original size 15.258789 MB)
Querying trie...
Done!
total time: 971.467201 ms, avg latency: 971.467201 ns
not implemented
954.228595,17.949429,971.467201
[PASSED]
[time 2.59 s, user 2.44 s, sys 0.14 s, maxrss 225608 KB]
[busy 270 jiffies]
[exit 0]
--- c2 case 6 rec 0   load 0.84 0.83 0.86
[TEST PDT]
Processing dataset...
Done!
Building trie...
dict size: 177882, stream size: 12826382
Done!
build time: 15740.778704 ms (15740.778704 ns per key)
space cost: 13.677892 MB (89.639431% of original size 15.258789 MB)
Querying trie...
Done!
total time: 608.371870 ms, avg latency: 608.371870 ns
not implemented
15740.778704,13.677892,608.371870
[PASSED]
[time 17.00 s, user 16.73 s, sys 0.20 s, maxrss 360940 KB]
[busy 1750 jiffies]
[exit 0]
--- c2 case 7 rec 0   load 0.88 0.84 0.86
[TEST ART]
Processing dataset...
Done!
Building trie...
Done!
build time: 149.977026 ms (149.977026 ns per key)
space cost: 30.301407 MB (198.583300% of original size 15.258789 MB)
Querying trie...
Done!
total time: 185.070626 ms, avg latency: 185.070626 ns
not implemented
149.977026,30.301407,185.070626
[PASSED]
[time 1.02 s, user 0.91 s, sys 0.10 s, maxrss 178816 KB]
[busy 109 jiffies]
[exit 0]
--- c2 case 8 rec 0   load 0.89 0.85 0.86
[TEST CART]
Processing dataset...
Done!
Building trie...
Done!
build time: 171.857045 ms (171.857045 ns per key)
space cost: 11.383729 MB (74.604406% of original size 15.258789 MB)
Querying trie...
Done!
total time: 229.296508 ms, avg latency: 229.296508 ns
not implemented
171.857045,11.383729,229.296508
[PASSED]
[time 1.09 s, user 0.97 s, sys 0.11 s, maxrss 160980 KB]
[busy 116 jiffies]
[exit 0]
--- xcdat 7   load 0.89 0.85 0.86
build time: 666.933683 ms
space cost: 19.932177 MiB (130.627512% of original size 15.258789 MiB)
avg latency: 227.898020 ns
666.933683,19.932177,227.898020
[time 1.58 s, user 1.46 s, sys 0.11 s, maxrss 173296 KB]
[busy 165 jiffies]
[exit 0]
--- xcdat 8   load 0.82 0.83 0.86
build time: 641.538168 ms
space cost: 18.565336 MiB (121.669787% of original size 15.258789 MiB)
avg latency: 218.485862 ns
641.538168,18.565336,218.485862
[time 1.54 s, user 1.42 s, sys 0.11 s, maxrss 179880 KB]
[busy 165 jiffies]
[exit 0]
--- xcdat 15   load 0.82 0.83 0.86
build time: 660.101464 ms
space cost: 19.094490 MiB (125.137650% of original size 15.258789 MiB)
avg latency: 206.510608 ns
660.101464,19.094490,206.510608
[time 1.55 s, user 1.42 s, sys 0.11 s, maxrss 180924 KB]
[busy 165 jiffies]
[exit 0]
--- xcdat 16   load 0.75 0.82 0.85
build time: 646.707212 ms
space cost: 19.227987 MiB (126.012538% of original size 15.258789 MiB)
avg latency: 210.049888 ns
646.707212,19.227987,210.049888
[time 1.53 s, user 1.41 s, sys 0.11 s, maxrss 179856 KB]
[busy 160 jiffies]
[exit 0]

##### paths-1000000 (1000000 lines, 125978312 bytes)   round 3/3   2026-09-24T13:17:03+03:00
--- lexindex dict32   load 0.75 0.82 0.85
1000000 keys
lexindex DictIndex block 32: build 500 ms, size 12.389 MiB (12.991 B/key), latency cold 767.5 ns, then mean 769.9 / min 767.0 ns
499.986,12.389187,767.492
[time 4.37 s, user 7.05 s, sys 0.40 s, maxrss 497288 KB]
[busy 778 jiffies]
[exit 0]
--- lexindex dict256   load 0.77 0.82 0.85
1000000 keys
lexindex DictIndex block 256: build 516 ms, size 9.414 MiB (9.871 B/key), latency cold 800.0 ns, then mean 785.4 / min 780.1 ns
515.608,9.413641,800.010
[time 4.47 s, user 7.29 s, sys 0.40 s, maxrss 493008 KB]
[busy 800 jiffies]
[exit 0]
--- lexindex dict1024   load 0.79 0.83 0.86
1000000 keys
lexindex DictIndex block 1024: build 571 ms, size 8.891 MiB (9.323 B/key), latency cold 825.6 ns, then mean 818.5 / min 816.6 ns
570.643,8.891459,825.600
[time 4.65 s, user 6.45 s, sys 0.36 s, maxrss 505976 KB]
[busy 708 jiffies]
[exit 0]
--- lexindex routed32   load 0.81 0.83 0.86
1000000 keys
lexindex DictIndex block 32 routed: build 512 ms, size 12.866 MiB (13.491 B/key), latency cold 773.2 ns, then mean 773.5 / min 771.0 ns
511.657,12.866024,773.232
[time 4.41 s, user 7.08 s, sys 0.41 s, maxrss 494660 KB]
[busy 777 jiffies]
[exit 0]
--- lexindex routed256   load 0.75 0.82 0.85
1000000 keys
lexindex DictIndex block 256 routed: build 513 ms, size 9.891 MiB (10.371 B/key), latency cold 774.0 ns, then mean 770.1 / min 769.2 ns
512.641,9.890570,773.988
[time 4.40 s, user 7.27 s, sys 0.37 s, maxrss 487872 KB]
[busy 793 jiffies]
[exit 0]
--- lexindex routed1024   load 0.69 0.80 0.85
1000000 keys
lexindex DictIndex block 1024 routed: build 576 ms, size 9.130 MiB (9.573 B/key), latency cold 849.2 ns, then mean 843.1 / min 841.5 ns
575.997,9.129984,849.243
[time 4.76 s, user 6.52 s, sys 0.40 s, maxrss 505904 KB]
[busy 722 jiffies]
[exit 0]
--- lexindex string   load 0.71 0.81 0.85
1000000 keys
lexindex StringIndex: build 1480 ms, size 16.673 MiB (17.483 B/key), latency cold 759.4 ns, then mean 758.3 / min 754.5 ns
1480.490,16.673446,759.394
[time 5.30 s, user 5.09 s, sys 0.18 s, maxrss 363464 KB]
[busy 555 jiffies]
[exit 0]
--- lexindex hashed0   load 0.74 0.81 0.85
1000000 keys
lexindex HashedDictIndex closed: build 647 ms, size 12.027 MiB (12.611 B/key), latency cold 83.1 ns, then mean 80.7 / min 78.0 ns
646.677,12.027206,83.056
[time 1.77 s, user 4.67 s, sys 0.37 s, maxrss 495272 KB]
[busy 526 jiffies]
[exit 0]
--- lexindex hashed8   load 0.68 0.80 0.84
1000000 keys
lexindex HashedDictIndex fp=8: build 656 ms, size 12.981 MiB (13.611 B/key), latency cold 110.5 ns, then mean 102.6 / min 99.1 ns
656.272,12.980881,110.489
[time 1.87 s, user 4.76 s, sys 0.40 s, maxrss 497960 KB]
[busy 535 jiffies]
[exit 0]
--- lexindex hashed16   load 0.68 0.80 0.84
1000000 keys
lexindex HashedDictIndex fp=16: build 653 ms, size 13.935 MiB (14.611 B/key), latency cold 114.4 ns, then mean 113.1 / min 112.0 ns
653.324,13.934555,114.358
[time 1.90 s, user 4.79 s, sys 0.37 s, maxrss 497684 KB]
[busy 539 jiffies]
[exit 0]
--- c2 case 0 rec 0   load 0.70 0.80 0.85
[TEST C2-FST]
Processing dataset...
Done!
Building trie...
Done!
build time: 1420.610339 ms (1420.610339 ns per key)
space cost: 14.260756 MB (11.964866% of original size 119.188606 MB)
Querying trie...
Done!
total time: 2454.411402 ms, avg latency: 2454.411402 ns
topology: 1.699890 MB, link: 2.595201 MB, data: 9.965666 MB
--- Unary Path Analysis (FST, cutoff=4) ---
  shared unary steps in main trie: 2658278
  terminal suffixes: inplace=39819 (avg len=2.28)  links=891354 (95.7% of terminal)
  link len: avg=14.94  max=443  total_chars=13318660
  link length distribution (len:count):  4:40001  5:49577  6:45421  7:46380  8:50483  9:55180  10:56608  11:54673  12:51140  13:35047  14:30416  15:36724  16:35248  17:24069  18:19466  19:17073  20:16018  21:15299  22:13878  23:12677  24:11568  25:37816  26:26754  27:6712  28:5420  29:5541  30:5676  31:5365  32:4659  33:5334  34:4520  35:4652  36:5350  37:9255  38:4943  39:11477  40:3024  41:2087  42:2051  43:1854  44:1606  45:1448  46:1135  47:1025  48:963  49:801  50:774  51:907  52:679  53:727  54:589  55:642  56:710  57:689  58:824  59:515  60:781  61:937  62:666  63:360  64:436  65:381  66:289  67:245  68:235  69:250  70:244  71:266  72:444  73:249  74:341  75:214  76:315  77:82  78:131  79:63  80:31  81:46  82:38  83:33  84:32  85:58  86:34  87:20  88:33  89:21  90:5  91:6  92:18  93:7  94:11  95:14  96:12  97:3  98:4  99:4  100:10  101:17  102:11  103:6  104:17  105:9  106:12  107:11  108:7  109:2  110:3  111:1  112:2  113:4  114:3  115:4  116:3  117:4  118:13  119:5  120:1  122:2  123:3  124:38  125:23  126:156  127:15  128:61  129:3  130:1  131:3  132:2  133:1  136:3  137:6  138:1  139:1  142:4  143:1  144:2  145:2  146:2  151:3  152:1  154:2  159:2  160:2  161:2  165:3  167:1  171:1  172:3  173:1  174:1  175:1  182:1  187:3  188:1  190:2  191:1  194:1  195:3  198:1  201:1  202:1  203:1  205:1  206:1  215:1  219:1  233:1  235:1  243:1  247:1  257:1  265:1  444:1
1420.610339,14.260756,2454.411402
[PASSED]
[time 4.88 s, user 4.63 s, sys 0.23 s, maxrss 358888 KB]
[busy 505 jiffies]
[exit 0]
--- c2 case 0 rec 1   load 0.73 0.80 0.85
[TEST C2-FST]
Processing dataset...
Done!
Building trie...
trie size: 2.746100 MB
Done!
build time: 1665.304192 ms (1665.304192 ns per key)
space cost: 12.500864 MB (10.488305% of original size 119.188606 MB)
Querying trie...
Done!
total time: 2649.106905 ms, avg latency: 2649.106905 ns
topology: 1.942371 MB, link: 2.552141 MB, data: 8.006351 MB
--- Unary Path Analysis (FST, cutoff=4) ---
  shared unary steps in main trie: 2658278
  terminal suffixes: inplace=39819 (avg len=2.28)  links=891354 (95.7% of terminal)
  link len: avg=14.94  max=443  total_chars=13318660
  link length distribution (len:count):  4:40001  5:49577  6:45421  7:46380  8:50483  9:55180  10:56608  11:54673  12:51140  13:35047  14:30416  15:36724  16:35248  17:24069  18:19466  19:17073  20:16018  21:15299  22:13878  23:12677  24:11568  25:37816  26:26754  27:6712  28:5420  29:5541  30:5676  31:5365  32:4659  33:5334  34:4520  35:4652  36:5350  37:9255  38:4943  39:11477  40:3024  41:2087  42:2051  43:1854  44:1606  45:1448  46:1135  47:1025  48:963  49:801  50:774  51:907  52:679  53:727  54:589  55:642  56:710  57:689  58:824  59:515  60:781  61:937  62:666  63:360  64:436  65:381  66:289  67:245  68:235  69:250  70:244  71:266  72:444  73:249  74:341  75:214  76:315  77:82  78:131  79:63  80:31  81:46  82:38  83:33  84:32  85:58  86:34  87:20  88:33  89:21  90:5  91:6  92:18  93:7  94:11  95:14  96:12  97:3  98:4  99:4  100:10  101:17  102:11  103:6  104:17  105:9  106:12  107:11  108:7  109:2  110:3  111:1  112:2  113:4  114:3  115:4  116:3  117:4  118:13  119:5  120:1  122:2  123:3  124:38  125:23  126:156  127:15  128:61  129:3  130:1  131:3  132:2  133:1  136:3  137:6  138:1  139:1  142:4  143:1  144:2  145:2  146:2  151:3  152:1  154:2  159:2  160:2  161:2  165:3  167:1  171:1  172:3  173:1  174:1  175:1  182:1  187:3  188:1  190:2  191:1  194:1  195:3  198:1  201:1  202:1  203:1  205:1  206:1  215:1  219:1  233:1  235:1  243:1  247:1  257:1  265:1  444:1
1665.304192,12.500864,2649.106905
[PASSED]
[time 5.33 s, user 5.08 s, sys 0.22 s, maxrss 356916 KB]
[busy 553 jiffies]
[exit 0]
--- c2 case 0 rec 2   load 0.75 0.81 0.85
[TEST C2-FST]
Processing dataset...
Done!
Building trie...
trie size: 2.746100 MB
trie size: 0.687543 MB
Done!
build time: 1796.274881 ms (1796.274881 ns per key)
space cost: 12.500864 MB (10.488305% of original size 119.188606 MB)
Querying trie...
Done!
total time: 2632.806663 ms, avg latency: 2632.806663 ns
topology: 1.942371 MB, link: 2.552141 MB, data: 8.006351 MB
--- Unary Path Analysis (FST, cutoff=4) ---
  shared unary steps in main trie: 2658278
  terminal suffixes: inplace=39819 (avg len=2.28)  links=891354 (95.7% of terminal)
  link len: avg=14.94  max=443  total_chars=13318660
  link length distribution (len:count):  4:40001  5:49577  6:45421  7:46380  8:50483  9:55180  10:56608  11:54673  12:51140  13:35047  14:30416  15:36724  16:35248  17:24069  18:19466  19:17073  20:16018  21:15299  22:13878  23:12677  24:11568  25:37816  26:26754  27:6712  28:5420  29:5541  30:5676  31:5365  32:4659  33:5334  34:4520  35:4652  36:5350  37:9255  38:4943  39:11477  40:3024  41:2087  42:2051  43:1854  44:1606  45:1448  46:1135  47:1025  48:963  49:801  50:774  51:907  52:679  53:727  54:589  55:642  56:710  57:689  58:824  59:515  60:781  61:937  62:666  63:360  64:436  65:381  66:289  67:245  68:235  69:250  70:244  71:266  72:444  73:249  74:341  75:214  76:315  77:82  78:131  79:63  80:31  81:46  82:38  83:33  84:32  85:58  86:34  87:20  88:33  89:21  90:5  91:6  92:18  93:7  94:11  95:14  96:12  97:3  98:4  99:4  100:10  101:17  102:11  103:6  104:17  105:9  106:12  107:11  108:7  109:2  110:3  111:1  112:2  113:4  114:3  115:4  116:3  117:4  118:13  119:5  120:1  122:2  123:3  124:38  125:23  126:156  127:15  128:61  129:3  130:1  131:3  132:2  133:1  136:3  137:6  138:1  139:1  142:4  143:1  144:2  145:2  146:2  151:3  152:1  154:2  159:2  160:2  161:2  165:3  167:1  171:1  172:3  173:1  174:1  175:1  182:1  187:3  188:1  190:2  191:1  194:1  195:3  198:1  201:1  202:1  203:1  205:1  206:1  215:1  219:1  233:1  235:1  243:1  247:1  257:1  265:1  444:1
1796.274881,12.500864,2632.806663
[PASSED]
[time 5.44 s, user 5.18 s, sys 0.23 s, maxrss 356704 KB]
[busy 564 jiffies]
[exit 0]
--- c2 case 1 rec 0   load 0.71 0.80 0.84
[TEST C2-CoCo(LOUDS-Sparse)]
Processing dataset...
Done!
Building trie...
Done!
build time: 5150.543730 ms (5150.543730 ns per key)
space cost: 14.878411 MB (12.483082% of original size 119.188606 MB)
Querying trie...
Done!
total time: 1641.715023 ms, avg latency: 1641.715023 ns
topology: 0.476959 MB, link: 4.004946 MB, data: 10.396506 MB
5150.543730,14.878411,1641.715023
[PASSED]
[time 7.80 s, user 7.39 s, sys 0.37 s, maxrss 595828 KB]
[busy 806 jiffies]
[exit 0]
--- c2 case 1 rec 1   load 0.73 0.80 0.84
[TEST C2-CoCo(LOUDS-Sparse)]
Processing dataset...
Done!
Building trie...
trie size: 2.746100 MB
Done!
build time: 5358.653292 ms (5358.653292 ns per key)
space cost: 13.118518 MB (11.006521% of original size 119.188606 MB)
Querying trie...
Done!
total time: 1820.133588 ms, avg latency: 1820.133588 ns
topology: 0.719440 MB, link: 3.961886 MB, data: 8.437192 MB
5358.653292,13.118518,1820.133588
[PASSED]
[time 8.18 s, user 7.80 s, sys 0.34 s, maxrss 587920 KB]
[busy 846 jiffies]
[exit 0]
--- c2 case 1 rec 2   load 0.77 0.81 0.85
[TEST C2-CoCo(LOUDS-Sparse)]
Processing dataset...
Done!
Building trie...
trie size: 2.746100 MB
trie size: 0.687543 MB
Done!
build time: 5482.045408 ms (5482.045408 ns per key)
space cost: 13.118518 MB (11.006521% of original size 119.188606 MB)
Querying trie...
Done!
total time: 1816.895963 ms, avg latency: 1816.895963 ns
topology: 0.719440 MB, link: 3.961886 MB, data: 8.437192 MB
5482.045408,13.118518,1816.895963
[PASSED]
[time 8.29 s, user 7.91 s, sys 0.35 s, maxrss 591048 KB]
[busy 855 jiffies]
[exit 0]
--- c2 case 2 rec 0   load 0.81 0.81 0.85
[TEST C2-MARISA]
Processing dataset...
Done!
Building trie...
trie size: 2.297644 MB
Done!
build time: 1322.722001 ms (1322.722001 ns per key)
space cost: 11.928165 MB (10.007807% of original size 119.188606 MB)
Querying trie...
Done!
total time: 906.272103 ms, avg latency: 906.272103 ns
topology: 0.761036 MB, link: 3.343996 MB, data: 7.802626 MB
--- Unary Path Analysis (Marisa, cutoff=3) ---
  branches: 1534795  |  single-char: 270841 (17.6%)  short-unary: 45134 (2.9%)  links: 1218820 (79.4%)
  link len: avg=14.88  max=445  total_chars=18132830
  link length distribution (len:count):  3:37127  4:49365  5:75461  6:91989  7:72185  8:66513  9:63973  10:68956  11:73223  12:65790  13:57380  14:41495  15:36762  16:42631  17:41179  18:27817  19:22377  20:18838  21:17845  22:16718  23:15115  24:13613  25:12555  26:39233  27:27982  28:7379  29:6328  30:6087  31:6172  32:5955  33:5265  34:5643  35:4792  36:4909  37:5534  38:9417  39:5190  40:12044  41:4130  42:3423  43:3194  44:2134  45:1772  46:1642  47:1384  48:1261  49:1057  50:900  51:919  52:1030  53:750  54:799  55:667  56:702  57:772  58:823  59:1198  60:1008  61:899  62:972  63:712  64:409  65:454  66:414  67:320  68:269  69:256  70:270  71:258  72:280  73:453  74:258  75:356  76:221  77:315  78:88  79:138  80:65  81:34  82:48  83:40  84:34  85:38  86:63  87:38  88:23  89:36  90:23  91:6  92:6  93:19  94:8  95:11  96:14  97:13  98:3  99:5  100:4  101:12  102:17  103:11  104:6  105:17  106:9  107:12  108:11  109:7  110:2  111:4  112:1  113:2  114:4  115:4  116:4  117:3  118:4  119:14  120:6  121:1  123:2  124:3  125:38  126:23  127:156  128:15  129:61  130:3  131:1  132:3  133:2  134:1  136:1  137:3  138:6  139:1  140:1  143:4  144:2  145:2  146:2  147:2  149:1  152:3  153:1  155:2  157:1  160:2  161:2  162:2  166:3  167:1  168:1  172:1  173:3  174:1  175:1  176:1  183:2  185:1  188:4  189:2  191:2  192:3  195:2  196:3  199:1  202:1  203:1  204:1  206:1  207:2  216:1  220:1  230:1  234:1  236:1  244:1  248:1  258:1  266:1  445:1
  short unary avg len: 2.00
1322.722001,11.928165,906.272103
[PASSED]
[time 3.23 s, user 2.96 s, sys 0.25 s, maxrss 356176 KB]
[busy 335 jiffies]
[exit 0]
--- c2 case 2 rec 1   load 0.82 0.82 0.85
[TEST C2-MARISA]
Processing dataset...
Done!
Building trie...
trie size: 2.297644 MB
trie size: 3.841883 MB
Done!
build time: 1647.504122 ms (1647.504122 ns per key)
space cost: 9.839272 MB (8.255212% of original size 119.188606 MB)
Querying trie...
Done!
total time: 1616.508413 ms, avg latency: 1616.508413 ns
topology: 1.073097 MB, link: 3.403300 MB, data: 5.342366 MB
--- Unary Path Analysis (Marisa, cutoff=3) ---
  branches: 1534795  |  single-char: 270841 (17.6%)  short-unary: 45134 (2.9%)  links: 1218820 (79.4%)
  link len: avg=14.88  max=445  total_chars=18132830
  link length distribution (len:count):  3:37127  4:49365  5:75461  6:91989  7:72185  8:66513  9:63973  10:68956  11:73223  12:65790  13:57380  14:41495  15:36762  16:42631  17:41179  18:27817  19:22377  20:18838  21:17845  22:16718  23:15115  24:13613  25:12555  26:39233  27:27982  28:7379  29:6328  30:6087  31:6172  32:5955  33:5265  34:5643  35:4792  36:4909  37:5534  38:9417  39:5190  40:12044  41:4130  42:3423  43:3194  44:2134  45:1772  46:1642  47:1384  48:1261  49:1057  50:900  51:919  52:1030  53:750  54:799  55:667  56:702  57:772  58:823  59:1198  60:1008  61:899  62:972  63:712  64:409  65:454  66:414  67:320  68:269  69:256  70:270  71:258  72:280  73:453  74:258  75:356  76:221  77:315  78:88  79:138  80:65  81:34  82:48  83:40  84:34  85:38  86:63  87:38  88:23  89:36  90:23  91:6  92:6  93:19  94:8  95:11  96:14  97:13  98:3  99:5  100:4  101:12  102:17  103:11  104:6  105:17  106:9  107:12  108:11  109:7  110:2  111:4  112:1  113:2  114:4  115:4  116:4  117:3  118:4  119:14  120:6  121:1  123:2  124:3  125:38  126:23  127:156  128:15  129:61  130:3  131:1  132:3  133:2  134:1  136:1  137:3  138:6  139:1  140:1  143:4  144:2  145:2  146:2  147:2  149:1  152:3  153:1  155:2  157:1  160:2  161:2  162:2  166:3  167:1  168:1  172:1  173:3  174:1  175:1  176:1  183:2  185:1  188:4  189:2  191:2  192:3  195:2  196:3  199:1  202:1  203:1  204:1  206:1  207:2  216:1  220:1  230:1  234:1  236:1  244:1  248:1  258:1  266:1  445:1
  short unary avg len: 2.00
1647.504122,9.839272,1616.508413
[PASSED]
[time 4.26 s, user 4.02 s, sys 0.22 s, maxrss 353960 KB]
[busy 441 jiffies]
[exit 0]
--- c2 case 2 rec 2   load 0.84 0.82 0.85
[TEST C2-MARISA]
Processing dataset...
Done!
Building trie...
trie size: 2.297644 MB
trie size: 3.841883 MB
trie size: 0.864431 MB
Done!
build time: 1813.912126 ms (1813.912126 ns per key)
space cost: 9.839272 MB (8.255212% of original size 119.188606 MB)
Querying trie...
Done!
total time: 1603.653124 ms, avg latency: 1603.653124 ns
topology: 1.073097 MB, link: 3.403300 MB, data: 5.342366 MB
--- Unary Path Analysis (Marisa, cutoff=3) ---
  branches: 1534795  |  single-char: 270841 (17.6%)  short-unary: 45134 (2.9%)  links: 1218820 (79.4%)
  link len: avg=14.88  max=445  total_chars=18132830
  link length distribution (len:count):  3:37127  4:49365  5:75461  6:91989  7:72185  8:66513  9:63973  10:68956  11:73223  12:65790  13:57380  14:41495  15:36762  16:42631  17:41179  18:27817  19:22377  20:18838  21:17845  22:16718  23:15115  24:13613  25:12555  26:39233  27:27982  28:7379  29:6328  30:6087  31:6172  32:5955  33:5265  34:5643  35:4792  36:4909  37:5534  38:9417  39:5190  40:12044  41:4130  42:3423  43:3194  44:2134  45:1772  46:1642  47:1384  48:1261  49:1057  50:900  51:919  52:1030  53:750  54:799  55:667  56:702  57:772  58:823  59:1198  60:1008  61:899  62:972  63:712  64:409  65:454  66:414  67:320  68:269  69:256  70:270  71:258  72:280  73:453  74:258  75:356  76:221  77:315  78:88  79:138  80:65  81:34  82:48  83:40  84:34  85:38  86:63  87:38  88:23  89:36  90:23  91:6  92:6  93:19  94:8  95:11  96:14  97:13  98:3  99:5  100:4  101:12  102:17  103:11  104:6  105:17  106:9  107:12  108:11  109:7  110:2  111:4  112:1  113:2  114:4  115:4  116:4  117:3  118:4  119:14  120:6  121:1  123:2  124:3  125:38  126:23  127:156  128:15  129:61  130:3  131:1  132:3  133:2  134:1  136:1  137:3  138:6  139:1  140:1  143:4  144:2  145:2  146:2  147:2  149:1  152:3  153:1  155:2  157:1  160:2  161:2  162:2  166:3  167:1  168:1  172:1  173:3  174:1  175:1  176:1  183:2  185:1  188:4  189:2  191:2  192:3  195:2  196:3  199:1  202:1  203:1  204:1  206:1  207:2  216:1  220:1  230:1  234:1  236:1  244:1  248:1  258:1  266:1  445:1
  short unary avg len: 2.00
1813.912126,9.839272,1603.653124
[PASSED]
[time 4.41 s, user 4.17 s, sys 0.22 s, maxrss 353988 KB]
[busy 459 jiffies]
[exit 0]
--- c2 case 3 rec 0   load 0.85 0.82 0.85
[TEST FST]
Processing dataset...
Done!
Building trie...
Done!
build time: 3318.127631 ms (3318.127631 ns per key)
space cost: 14.021067 MB (11.763764% of original size 119.188606 MB)
Querying trie...
Done!
total time: 4605.910321 ms, avg latency: 4605.910321 ns
not implemented
3318.127631,14.021067,4605.910321
[PASSED]
[time 8.95 s, user 8.71 s, sys 0.21 s, maxrss 357416 KB]
[busy 922 jiffies]
[exit 0]
--- c2 case 4 rec 0   load 0.88 0.83 0.85
[TEST COCO]
Processing dataset...
Done!
Building trie...
num nodes = 584148, average depth = 12.594651
ef = 0.000038, pa = 0.103241, bv = 0.000608, de = 0.597184
efr = 0.000176, par = 0.181430, bvr = 0.000135, der = 0.117188
Done!
build time: 45062.997140 ms (45062.997140 ns per key)
space cost: 19.697372 MB (16.526221% of original size 119.188606 MB)
Querying trie...
Done!
total time: 1405.225386 ms, avg latency: 1405.225386 ns
not implemented
45062.997140,19.697372,1405.225386
[PASSED]
[time 49.05 s, user 38.85 s, sys 10.01 s, maxrss 23293212 KB]
[busy 5045 jiffies]
[exit 0]
--- c2 case 5 rec 0   load 0.95 0.86 0.86
[TEST MARISA]
Processing dataset...
Done!
Building trie...
Done!
build time: 1638.369024 ms (1638.369024 ns per key)
space cost: 12.257486 MB (10.284109% of original size 119.188606 MB)
Querying trie...
Done!
total time: 982.733363 ms, avg latency: 982.733363 ns
not implemented
1638.369024,12.257486,982.733363
[PASSED]
[time 3.58 s, user 3.34 s, sys 0.23 s, maxrss 411580 KB]
[busy 373 jiffies]
[exit 0]
--- c2 case 5 rec 1   load 0.95 0.86 0.86
[TEST MARISA]
Processing dataset...
Done!
Building trie...
Done!
build time: 1767.106085 ms (1767.106085 ns per key)
space cost: 9.428862 MB (7.910875% of original size 119.188606 MB)
Querying trie...
Done!
total time: 1795.271335 ms, avg latency: 1795.271335 ns
not implemented
1767.106085,9.428862,1795.271335
[PASSED]
[time 4.52 s, user 4.25 s, sys 0.24 s, maxrss 411648 KB]
[busy 471 jiffies]
[exit 0]
--- c2 case 5 rec 2   load 0.96 0.86 0.87
[TEST MARISA]
Processing dataset...
Done!
Building trie...
Done!
build time: 1812.642730 ms (1812.642730 ns per key)
space cost: 9.029414 MB (7.575736% of original size 119.188606 MB)
Querying trie...
Done!
total time: 2237.471033 ms, avg latency: 2237.471033 ns
not implemented
1812.642730,9.029414,2237.471033
[PASSED]
[time 5.00 s, user 4.73 s, sys 0.25 s, maxrss 411188 KB]
[busy 521 jiffies]
[exit 0]
--- c2 case 6 rec 0   load 0.96 0.87 0.87
[TEST PDT]
Processing dataset...
Done!
Building trie...
dict size: 153672, stream size: 10323140
Done!
build time: 4847.132852 ms (4847.132852 ns per key)
space cost: 11.267526 MB (9.453526% of original size 119.188606 MB)
Querying trie...
Done!
total time: 1074.746380 ms, avg latency: 1074.746380 ns
not implemented
4847.132852,11.267526,1074.746380
[PASSED]
[time 6.94 s, user 6.57 s, sys 0.33 s, maxrss 389028 KB]
[busy 719 jiffies]
[exit 0]
--- c2 case 7 rec 0   load 0.97 0.87 0.87
[TEST ART]
Processing dataset...
Done!
Building trie...
Done!
build time: 418.201180 ms (418.201180 ns per key)
space cost: 34.675591 MB (29.093041% of original size 119.188606 MB)
Querying trie...
Done!
total time: 800.046637 ms, avg latency: 800.046637 ns
not implemented
418.201180,34.675591,800.046637
[PASSED]
[time 2.27 s, user 2.00 s, sys 0.25 s, maxrss 505640 KB]
[busy 238 jiffies]
[exit 0]
--- c2 case 8 rec 0   load 0.89 0.86 0.86
[TEST CART]
Processing dataset...
Done!
Building trie...
Done!
build time: 469.021745 ms (469.021745 ns per key)
space cost: 18.620093 MB (15.622377% of original size 119.188606 MB)
Querying trie...
Done!
total time: 852.251223 ms, avg latency: 852.251223 ns
not implemented
469.021745,18.620093,852.251223
[PASSED]
[time 2.36 s, user 2.09 s, sys 0.26 s, maxrss 496152 KB]
[busy 250 jiffies]
[exit 0]
--- xcdat 7   load 0.89 0.86 0.86
build time: 1417.727291 ms
space cost: 18.455355 MiB (15.484160% of original size 119.188606 MiB)
avg latency: 710.780673 ns
1417.727291,18.455355,710.780673
[time 3.15 s, user 2.88 s, sys 0.25 s, maxrss 362296 KB]
[busy 328 jiffies]
[exit 0]
--- xcdat 8   load 0.90 0.86 0.86
build time: 1353.622290 ms
space cost: 18.497238 MiB (15.519301% of original size 119.188606 MiB)
avg latency: 712.071940 ns
1353.622290,18.497238,712.071940
[time 3.07 s, user 2.81 s, sys 0.24 s, maxrss 362592 KB]
[busy 320 jiffies]
[exit 0]
--- xcdat 15   load 0.91 0.86 0.87
build time: 1437.505068 ms
space cost: 23.949356 MiB (20.093662% of original size 119.188606 MiB)
avg latency: 636.802759 ns
1437.505068,23.949356,636.802759
[time 3.10 s, user 2.84 s, sys 0.24 s, maxrss 368140 KB]
[busy 324 jiffies]
[exit 0]
--- xcdat 16   load 0.83 0.85 0.86
build time: 1381.172604 ms
space cost: 25.154240 MiB (21.104567% of original size 119.188606 MiB)
avg latency: 688.297892 ns
1381.172604,25.154240,688.297892
[time 3.08 s, user 2.81 s, sys 0.25 s, maxrss 369392 KB]
[busy 320 jiffies]
[exit 0]

##### pypi-full (889864 lines, 12756399 bytes)   round 3/3   2026-09-24T13:20:40+03:00
--- lexindex dict32   load 0.83 0.85 0.86
889864 keys
lexindex DictIndex block 32: build 175 ms, size 3.800 MiB (4.478 B/key), latency cold 305.1 ns, then mean 288.7 / min 287.9 ns
175.036,3.799900,305.125
[time 1.65 s, user 2.55 s, sys 0.19 s, maxrss 204756 KB]
[busy 296 jiffies]
[exit 0]
--- lexindex dict256   load 0.85 0.85 0.86
889864 keys
lexindex DictIndex block 256: build 178 ms, size 3.535 MiB (4.165 B/key), latency cold 316.5 ns, then mean 308.6 / min 307.7 ns
178.414,3.534916,316.539
[time 1.70 s, user 2.67 s, sys 0.17 s, maxrss 205144 KB]
[busy 302 jiffies]
[exit 0]
--- lexindex dict1024   load 0.78 0.83 0.86
889864 keys
lexindex DictIndex block 1024: build 195 ms, size 3.413 MiB (4.022 B/key), latency cold 379.0 ns, then mean 371.5 / min 369.6 ns
195.142,3.413095,379.009
[time 1.95 s, user 2.54 s, sys 0.12 s, maxrss 186148 KB]
[busy 283 jiffies]
[exit 0]
--- lexindex routed32   load 0.78 0.83 0.86
889864 keys
lexindex DictIndex block 32 routed: build 175 ms, size 4.224 MiB (4.978 B/key), latency cold 271.2 ns, then mean 262.9 / min 262.2 ns
175.305,4.224232,271.246
[time 1.54 s, user 2.49 s, sys 0.16 s, maxrss 205568 KB]
[busy 284 jiffies]
[exit 0]
--- lexindex routed256   load 0.72 0.82 0.85
889864 keys
lexindex DictIndex block 256 routed: build 180 ms, size 3.959 MiB (4.666 B/key), latency cold 250.4 ns, then mean 234.0 / min 233.4 ns
180.016,3.959354,250.397
[time 1.45 s, user 2.43 s, sys 0.17 s, maxrss 205600 KB]
[busy 275 jiffies]
[exit 0]
--- lexindex routed1024   load 0.72 0.82 0.85
889864 keys
lexindex DictIndex block 1024 routed: build 198 ms, size 3.625 MiB (4.272 B/key), latency cold 272.1 ns, then mean 266.0 / min 263.9 ns
198.163,3.625497,272.065
[time 1.58 s, user 2.14 s, sys 0.14 s, maxrss 188584 KB]
[busy 248 jiffies]
[exit 0]
--- lexindex string   load 0.66 0.81 0.85
889864 keys
lexindex StringIndex: build 482 ms, size 8.484 MiB (9.998 B/key), latency cold 210.1 ns, then mean 204.1 / min 202.9 ns
482.181,8.484477,210.096
[time 1.63 s, user 1.57 s, sys 0.05 s, maxrss 123052 KB]
[busy 173 jiffies]
[exit 0]
--- lexindex hashed0   load 0.66 0.81 0.85
889864 keys
lexindex HashedDictIndex closed: build 263 ms, size 5.861 MiB (6.906 B/key), latency cold 30.5 ns, then mean 25.0 / min 24.6 ns
263.367,5.860833,30.479
[time 0.78 s, user 1.77 s, sys 0.19 s, maxrss 214184 KB]
[busy 213 jiffies]
[exit 0]
--- lexindex hashed8   load 0.61 0.79 0.84
889864 keys
lexindex HashedDictIndex fp=8: build 262 ms, size 6.709 MiB (7.906 B/key), latency cold 35.6 ns, then mean 29.7 / min 28.9 ns
261.751,6.709474,35.633
[time 0.80 s, user 1.80 s, sys 0.18 s, maxrss 216196 KB]
[busy 220 jiffies]
[exit 0]
--- lexindex hashed16   load 0.61 0.79 0.84
889864 keys
lexindex HashedDictIndex fp=16: build 259 ms, size 7.558 MiB (8.906 B/key), latency cold 33.0 ns, then mean 28.5 / min 28.3 ns
259.317,7.558114,32.967
[time 0.79 s, user 1.77 s, sys 0.16 s, maxrss 216164 KB]
[busy 208 jiffies]
[exit 0]
--- c2 case 0 rec 0   load 0.61 0.79 0.84
[TEST C2-FST]
Processing dataset...
Done!
Building trie...
Done!
build time: 404.348997 ms (454.394151 ns per key)
space cost: 5.574753 MB (49.260816% of original size 11.316810 MB)
Querying trie...
Done!
total time: 318.407731 ms, avg latency: 357.816173 ns
topology: 0.851089 MB, link: 1.149713 MB, data: 3.573951 MB
--- Unary Path Analysis (FST, cutoff=4) ---
  shared unary steps in main trie: 344931
  terminal suffixes: inplace=288151 (avg len=1.99)  links=405388 (58.5% of terminal)
  link len: avg=7.08  max=176  total_chars=2869854
  link length distribution (len:count):  4:74698  5:65971  6:53798  7:40968  8:33851  9:27326  10:20764  11:16938  12:14649  13:12025  14:9410  15:7294  16:5909  17:4518  18:3598  19:2810  20:2154  21:1673  22:1340  23:1095  24:876  25:726  26:550  27:431  28:361  29:400  30:312  31:173  32:150  33:103  34:106  35:75  36:44  37:52  38:50  39:27  40:24  41:13  42:21  43:16  44:7  45:10  46:6  47:5  48:10  49:1  50:4  51:5  52:2  53:2  54:2  55:1  56:5  57:3  60:2  62:2  63:1  64:3  65:2  67:1  68:3  71:1  75:1  77:2  82:1  86:1  99:2  106:1  113:1  153:1  177:1
404.348997,5.574753,357.816173
[PASSED]
[time 1.11 s, user 1.01 s, sys 0.09 s, maxrss 129632 KB]
[busy 118 jiffies]
[exit 0]
--- c2 case 0 rec 1   load 0.64 0.80 0.84
[TEST C2-FST]
Processing dataset...
Done!
Building trie...
trie size: 1.301167 MB
Done!
build time: 470.727931 ms (528.988622 ns per key)
space cost: 5.131913 MB (45.347703% of original size 11.316810 MB)
Querying trie...
Done!
total time: 359.195071 ms, avg latency: 403.651649 ns
topology: 0.978825 MB, link: 1.146868 MB, data: 3.006221 MB
--- Unary Path Analysis (FST, cutoff=4) ---
  shared unary steps in main trie: 344931
  terminal suffixes: inplace=288151 (avg len=1.99)  links=405388 (58.5% of terminal)
  link len: avg=7.08  max=176  total_chars=2869854
  link length distribution (len:count):  4:74698  5:65971  6:53798  7:40968  8:33851  9:27326  10:20764  11:16938  12:14649  13:12025  14:9410  15:7294  16:5909  17:4518  18:3598  19:2810  20:2154  21:1673  22:1340  23:1095  24:876  25:726  26:550  27:431  28:361  29:400  30:312  31:173  32:150  33:103  34:106  35:75  36:44  37:52  38:50  39:27  40:24  41:13  42:21  43:16  44:7  45:10  46:6  47:5  48:10  49:1  50:4  51:5  52:2  53:2  54:2  55:1  56:5  57:3  60:2  62:2  63:1  64:3  65:2  67:1  68:3  71:1  75:1  77:2  82:1  86:1  99:2  106:1  113:1  153:1  177:1
470.727931,5.131913,403.651649
[PASSED]
[time 1.24 s, user 1.14 s, sys 0.09 s, maxrss 129560 KB]
[busy 133 jiffies]
[exit 0]
--- c2 case 0 rec 2   load 0.64 0.80 0.84
[TEST C2-FST]
Processing dataset...
Done!
Building trie...
trie size: 1.301167 MB
trie size: 0.188086 MB
Done!
build time: 474.028634 ms (532.697844 ns per key)
space cost: 5.131913 MB (45.347703% of original size 11.316810 MB)
Querying trie...
Done!
total time: 362.458685 ms, avg latency: 407.319191 ns
topology: 0.978825 MB, link: 1.146868 MB, data: 3.006221 MB
--- Unary Path Analysis (FST, cutoff=4) ---
  shared unary steps in main trie: 344931
  terminal suffixes: inplace=288151 (avg len=1.99)  links=405388 (58.5% of terminal)
  link len: avg=7.08  max=176  total_chars=2869854
  link length distribution (len:count):  4:74698  5:65971  6:53798  7:40968  8:33851  9:27326  10:20764  11:16938  12:14649  13:12025  14:9410  15:7294  16:5909  17:4518  18:3598  19:2810  20:2154  21:1673  22:1340  23:1095  24:876  25:726  26:550  27:431  28:361  29:400  30:312  31:173  32:150  33:103  34:106  35:75  36:44  37:52  38:50  39:27  40:24  41:13  42:21  43:16  44:7  45:10  46:6  47:5  48:10  49:1  50:4  51:5  52:2  53:2  54:2  55:1  56:5  57:3  60:2  62:2  63:1  64:3  65:2  67:1  68:3  71:1  75:1  77:2  82:1  86:1  99:2  106:1  113:1  153:1  177:1
474.028634,5.131913,407.319191
[PASSED]
[time 1.23 s, user 1.15 s, sys 0.08 s, maxrss 129616 KB]
[busy 131 jiffies]
[exit 0]
--- c2 case 1 rec 0   load 0.59 0.78 0.84
[TEST C2-CoCo(LOUDS-Sparse)]
Processing dataset...
Done!
Building trie...
Done!
build time: 1185.570988 ms (1332.305822 ns per key)
space cost: 5.902932 MB (52.160740% of original size 11.316810 MB)
Querying trie...
Done!
total time: 475.579899 ms, avg latency: 534.441104 ns
topology: 0.365089 MB, link: 1.816309 MB, data: 3.721533 MB
1185.570988,5.902932,534.441104
[PASSED]
[time 2.04 s, user 1.90 s, sys 0.12 s, maxrss 251608 KB]
[busy 212 jiffies]
[exit 0]
--- c2 case 1 rec 1   load 0.59 0.78 0.84
[TEST C2-CoCo(LOUDS-Sparse)]
Processing dataset...
Done!
Building trie...
trie size: 1.301167 MB
Done!
build time: 1250.096689 ms (1404.817690 ns per key)
space cost: 5.460092 MB (48.247627% of original size 11.316810 MB)
Querying trie...
Done!
total time: 517.585158 ms, avg latency: 581.645238 ns
topology: 0.492825 MB, link: 1.813464 MB, data: 3.153803 MB
1250.096689,5.460092,581.645238
[PASSED]
[time 2.15 s, user 2.01 s, sys 0.13 s, maxrss 251768 KB]
[busy 223 jiffies]
[exit 0]
--- c2 case 1 rec 2   load 0.62 0.79 0.84
[TEST C2-CoCo(LOUDS-Sparse)]
Processing dataset...
Done!
Building trie...
trie size: 1.301167 MB
trie size: 0.188086 MB
Done!
build time: 1255.503179 ms (1410.893326 ns per key)
space cost: 5.460092 MB (48.247627% of original size 11.316810 MB)
Querying trie...
Done!
total time: 510.847856 ms, avg latency: 574.074079 ns
topology: 0.492825 MB, link: 1.813464 MB, data: 3.153803 MB
1255.503179,5.460092,574.074079
[PASSED]
[time 2.15 s, user 2.01 s, sys 0.13 s, maxrss 251508 KB]
[busy 224 jiffies]
[exit 0]
--- c2 case 2 rec 0   load 0.57 0.77 0.83
[TEST C2-MARISA]
Processing dataset...
Done!
Building trie...
trie size: 2.034968 MB
Done!
build time: 493.840826 ms (554.962136 ns per key)
space cost: 5.148748 MB (45.496465% of original size 11.316810 MB)
Querying trie...
Done!
total time: 236.389388 ms, avg latency: 265.646647 ns
topology: 0.673512 MB, link: 1.684298 MB, data: 2.770432 MB
--- Unary Path Analysis (Marisa, cutoff=3) ---
  branches: 1290446  |  single-char: 483681 (37.5%)  short-unary: 134846 (10.4%)  links: 671919 (52.1%)
  link len: avg=7.04  max=178  total_chars=4731655
  link length distribution (len:count):  3:128200  4:106194  5:84287  6:72656  7:58516  8:44149  9:36040  10:28839  11:21753  12:17688  13:15308  14:12510  15:9745  16:7525  17:6122  18:4690  19:3698  20:2882  21:2216  22:1721  23:1367  24:1119  25:897  26:746  27:562  28:441  29:368  30:406  31:316  32:177  33:153  34:106  35:106  36:75  37:44  38:54  39:50  40:27  41:25  42:13  43:21  44:16  45:7  46:10  47:6  48:5  49:10  50:2  51:4  52:5  53:2  54:2  55:2  56:1  57:5  58:3  61:2  63:2  64:1  65:3  66:2  68:2  69:3  72:1  76:1  78:2  83:1  87:1  100:2  107:1  114:1  154:1  178:1
  short unary avg len: 2.00
493.840826,5.148748,265.646647
[PASSED]
[time 1.11 s, user 1.01 s, sys 0.09 s, maxrss 158912 KB]
[busy 119 jiffies]
[exit 0]
--- c2 case 2 rec 1   load 0.57 0.77 0.83
[TEST C2-MARISA]
Processing dataset...
Done!
Building trie...
trie size: 2.034968 MB
trie size: 2.021012 MB
Done!
build time: 568.344428 ms (638.686842 ns per key)
space cost: 4.528195 MB (40.013003% of original size 11.316810 MB)
Querying trie...
Done!
total time: 290.927299 ms, avg latency: 326.934564 ns
topology: 0.839943 MB, link: 1.648341 MB, data: 2.019403 MB
--- Unary Path Analysis (Marisa, cutoff=3) ---
  branches: 1290446  |  single-char: 483681 (37.5%)  short-unary: 134846 (10.4%)  links: 671919 (52.1%)
  link len: avg=7.04  max=178  total_chars=4731655
  link length distribution (len:count):  3:128200  4:106194  5:84287  6:72656  7:58516  8:44149  9:36040  10:28839  11:21753  12:17688  13:15308  14:12510  15:9745  16:7525  17:6122  18:4690  19:3698  20:2882  21:2216  22:1721  23:1367  24:1119  25:897  26:746  27:562  28:441  29:368  30:406  31:316  32:177  33:153  34:106  35:106  36:75  37:44  38:54  39:50  40:27  41:25  42:13  43:21  44:16  45:7  46:10  47:6  48:5  49:10  50:2  51:4  52:5  53:2  54:2  55:2  56:1  57:5  58:3  61:2  63:2  64:1  65:3  66:2  68:2  69:3  72:1  76:1  78:2  83:1  87:1  100:2  107:1  114:1  154:1  178:1
  short unary avg len: 2.00
568.344428,4.528195,326.934564
[PASSED]
[time 1.25 s, user 1.14 s, sys 0.10 s, maxrss 158896 KB]
[busy 134 jiffies]
[exit 0]
--- c2 case 2 rec 2   load 0.57 0.77 0.83
[TEST C2-MARISA]
Processing dataset...
Done!
Building trie...
trie size: 2.034968 MB
trie size: 2.021012 MB
trie size: 0.240847 MB
Done!
build time: 584.145603 ms (656.443685 ns per key)
space cost: 4.528195 MB (40.013003% of original size 11.316810 MB)
Querying trie...
Done!
total time: 293.113838 ms, avg latency: 329.391725 ns
topology: 0.839943 MB, link: 1.648341 MB, data: 2.019403 MB
--- Unary Path Analysis (Marisa, cutoff=3) ---
  branches: 1290446  |  single-char: 483681 (37.5%)  short-unary: 134846 (10.4%)  links: 671919 (52.1%)
  link len: avg=7.04  max=178  total_chars=4731655
  link length distribution (len:count):  3:128200  4:106194  5:84287  6:72656  7:58516  8:44149  9:36040  10:28839  11:21753  12:17688  13:15308  14:12510  15:9745  16:7525  17:6122  18:4690  19:3698  20:2882  21:2216  22:1721  23:1367  24:1119  25:897  26:746  27:562  28:441  29:368  30:406  31:316  32:177  33:153  34:106  35:106  36:75  37:44  38:54  39:50  40:27  41:25  42:13  43:21  44:16  45:7  46:10  47:6  48:5  49:10  50:2  51:4  52:5  53:2  54:2  55:2  56:1  57:5  58:3  61:2  63:2  64:1  65:3  66:2  68:2  69:3  72:1  76:1  78:2  83:1  87:1  100:2  107:1  114:1  154:1  178:1
  short unary avg len: 2.00
584.145603,4.528195,329.391725
[PASSED]
[time 1.27 s, user 1.17 s, sys 0.09 s, maxrss 158888 KB]
[busy 135 jiffies]
[exit 0]
--- c2 case 3 rec 0   load 0.60 0.78 0.83
[TEST FST]
Processing dataset...
Done!
Building trie...
Done!
build time: 501.097313 ms (563.116738 ns per key)
space cost: 5.878841 MB (51.947869% of original size 11.316810 MB)
Querying trie...
Done!
total time: 484.222851 ms, avg latency: 544.153771 ns
not implemented
501.097313,5.878841,544.153771
[PASSED]
[time 1.38 s, user 1.32 s, sys 0.05 s, maxrss 86780 KB]
[busy 142 jiffies]
[exit 0]
--- c2 case 4 rec 0   load 0.60 0.78 0.83
[TEST COCO]
Processing dataset...
Done!
Building trie...
num nodes = 375656, average depth = 5.235279
ef = 0.000442, pa = 0.203029, bv = 0.001044, de = 0.703223
efr = 0.002106, par = 0.078420, bvr = 0.000029, der = 0.011708
Done!
build time: 7816.917063 ms (8784.395214 ns per key)
space cost: 7.666221 MB (67.741891% of original size 11.316810 MB)
Querying trie...
Done!
total time: 438.631453 ms, avg latency: 492.919652 ns
not implemented
7816.917063,7.666221,492.919652
[PASSED]
[time 9.04 s, user 7.02 s, sys 1.98 s, maxrss 4347304 KB]
[busy 936 jiffies]
[exit 0]
--- c2 case 5 rec 0   load 0.67 0.79 0.84
[TEST MARISA]
Processing dataset...
Done!
Building trie...
Done!
build time: 375.670623 ms (422.166334 ns per key)
space cost: 5.316237 MB (46.976468% of original size 11.316810 MB)
Querying trie...
Done!
total time: 338.529866 ms, avg latency: 380.428769 ns
not implemented
375.670623,5.316237,380.428769
[PASSED]
[time 1.11 s, user 1.02 s, sys 0.08 s, maxrss 131904 KB]
[busy 120 jiffies]
[exit 0]
--- c2 case 5 rec 1   load 0.69 0.79 0.84
[TEST MARISA]
Processing dataset...
Done!
Building trie...
Done!
build time: 512.496295 ms (575.926540 ns per key)
space cost: 4.038295 MB (35.684039% of original size 11.316810 MB)
Querying trie...
Done!
total time: 485.019659 ms, avg latency: 545.049197 ns
not implemented
512.496295,4.038295,545.049197
[PASSED]
[time 1.44 s, user 1.35 s, sys 0.08 s, maxrss 131832 KB]
[busy 187 jiffies]
[exit 0]
--- c2 case 5 rec 2   load 0.69 0.79 0.84
[TEST MARISA]
Processing dataset...
Done!
Building trie...
Done!
build time: 441.701633 ms (496.369819 ns per key)
space cost: 3.830196 MB (33.845196% of original size 11.316810 MB)
Querying trie...
Done!
total time: 474.601401 ms, avg latency: 533.341500 ns
not implemented
441.701633,3.830196,533.341500
[PASSED]
[time 1.30 s, user 1.21 s, sys 0.08 s, maxrss 132040 KB]
[busy 137 jiffies]
[exit 0]
--- c2 case 6 rec 0   load 0.72 0.79 0.84
[TEST PDT]
Processing dataset...
Done!
Building trie...
dict size: 158766, stream size: 3178838
Done!
build time: 1630.182901 ms (1831.946119 ns per key)
space cost: 4.318639 MB (38.161275% of original size 11.316810 MB)
Querying trie...
Done!
total time: 474.210095 ms, avg latency: 532.901764 ns
not implemented
1630.182901,4.318639,532.901764
[PASSED]
[time 2.50 s, user 2.40 s, sys 0.08 s, maxrss 137404 KB]
[busy 263 jiffies]
[exit 0]
--- c2 case 7 rec 0   load 0.72 0.79 0.84
[TEST ART]
Processing dataset...
Done!
Building trie...
Done!
build time: 98.685626 ms (110.899672 ns per key)
space cost: 28.637695 MB (253.054493% of original size 11.316810 MB)
Querying trie...
Done!
total time: 254.105622 ms, avg latency: 285.555570 ns
not implemented
98.685626,28.637695,285.555570
[PASSED]
[time 0.75 s, user 0.67 s, sys 0.07 s, maxrss 123664 KB]
[busy 80 jiffies]
[exit 0]
--- c2 case 8 rec 0   load 0.74 0.80 0.84
[TEST CART]
Processing dataset...
Done!
Building trie...
Done!
build time: 139.724188 ms (157.017463 ns per key)
space cost: 12.686618 MB (112.104190% of original size 11.316810 MB)
Querying trie...
Done!
total time: 322.527384 ms, avg latency: 362.445704 ns
not implemented
139.724188,12.686618,362.445704
[PASSED]
[time 0.88 s, user 0.80 s, sys 0.07 s, maxrss 120848 KB]
[busy 98 jiffies]
[exit 0]
--- xcdat 7   load 0.74 0.80 0.84
build time: 391.002586 ms
space cost: 7.451407 MiB (65.843711% of original size 11.316810 MiB)
avg latency: 169.198911 ns
391.002586,7.451407,169.198911
[time 0.94 s, user 0.85 s, sys 0.08 s, maxrss 124908 KB]
[busy 102 jiffies]
[exit 0]
--- xcdat 8   load 0.68 0.78 0.83
build time: 356.028621 ms
space cost: 7.063261 MiB (62.413889% of original size 11.316810 MiB)
avg latency: 166.074427 ns
356.028621,7.063261,166.074427
[time 0.91 s, user 0.81 s, sys 0.09 s, maxrss 124888 KB]
[busy 101 jiffies]
[exit 0]
--- xcdat 15   load 0.68 0.78 0.83
build time: 425.400769 ms
space cost: 8.417356 MiB (74.379227% of original size 11.316810 MiB)
avg latency: 149.947650 ns
425.400769,8.417356,149.947650
[time 1.00 s, user 0.89 s, sys 0.10 s, maxrss 125184 KB]
[busy 138 jiffies]
[exit 0]
--- xcdat 16   load 0.68 0.78 0.83
build time: 361.263769 ms
space cost: 8.791730 MiB (77.687354% of original size 11.316810 MiB)
avg latency: 168.611268 ns
361.263769,8.791730,168.611268
[time 0.92 s, user 0.83 s, sys 0.08 s, maxrss 125224 KB]
[busy 107 jiffies]
[exit 0]

##### titles-en-1000000 (1000000 lines, 21984647 bytes)   round 3/3   2026-09-24T13:22:01+03:00
--- lexindex dict32   load 0.71 0.79 0.84
1000000 keys
lexindex DictIndex block 32: build 383 ms, size 7.447 MiB (7.809 B/key), latency cold 370.8 ns, then mean 367.1 / min 364.1 ns
383.205,7.446899,370.824
[time 2.37 s, user 4.71 s, sys 0.35 s, maxrss 275164 KB]
[busy 525 jiffies]
[exit 0]
--- lexindex dict256   load 0.71 0.79 0.84
1000000 keys
lexindex DictIndex block 256: build 392 ms, size 7.029 MiB (7.370 B/key), latency cold 399.6 ns, then mean 388.9 / min 385.6 ns
391.786,7.028672,399.634
[time 2.47 s, user 4.86 s, sys 0.37 s, maxrss 272456 KB]
[busy 547 jiffies]
[exit 0]
--- lexindex dict1024   load 0.73 0.79 0.84
1000000 keys
lexindex DictIndex block 1024: build 422 ms, size 6.878 MiB (7.212 B/key), latency cold 453.0 ns, then mean 453.2 / min 447.1 ns
421.715,6.877800,453.012
[time 2.73 s, user 4.22 s, sys 0.28 s, maxrss 280536 KB]
[busy 474 jiffies]
[exit 0]
--- lexindex routed32   load 0.75 0.80 0.84
1000000 keys
lexindex DictIndex block 32 routed: build 390 ms, size 7.924 MiB (8.309 B/key), latency cold 346.0 ns, then mean 340.6 / min 338.4 ns
390.323,7.923737,346.045
[time 2.27 s, user 4.60 s, sys 0.39 s, maxrss 275408 KB]
[busy 517 jiffies]
[exit 0]
--- lexindex routed256   load 0.69 0.78 0.83
1000000 keys
lexindex DictIndex block 256 routed: build 399 ms, size 7.506 MiB (7.870 B/key), latency cold 324.4 ns, then mean 317.1 / min 315.7 ns
398.857,7.505601,324.394
[time 2.17 s, user 4.55 s, sys 0.35 s, maxrss 274656 KB]
[busy 510 jiffies]
[exit 0]
--- lexindex routed1024   load 0.69 0.78 0.83
1000000 keys
lexindex DictIndex block 1024 routed: build 425 ms, size 7.116 MiB (7.462 B/key), latency cold 352.0 ns, then mean 349.4 / min 346.8 ns
424.560,7.116325,351.956
[time 2.32 s, user 3.84 s, sys 0.26 s, maxrss 283216 KB]
[busy 426 jiffies]
[exit 0]
--- lexindex string   load 0.72 0.79 0.83
1000000 keys
lexindex StringIndex: build 971 ms, size 16.482 MiB (17.283 B/key), latency cold 330.3 ns, then mean 322.3 / min 319.4 ns
970.801,16.482312,330.320
[time 2.76 s, user 2.66 s, sys 0.08 s, maxrss 164232 KB]
[busy 287 jiffies]
[exit 0]
--- lexindex hashed0   load 0.66 0.77 0.83
1000000 keys
lexindex HashedDictIndex closed: build 501 ms, size 9.642 MiB (10.110 B/key), latency cold 45.7 ns, then mean 44.0 / min 43.2 ns
500.988,9.642032,45.729
[time 1.17 s, user 3.61 s, sys 0.37 s, maxrss 275640 KB]
[busy 415 jiffies]
[exit 0]
--- lexindex hashed8   load 0.66 0.77 0.83
1000000 keys
lexindex HashedDictIndex fp=8: build 505 ms, size 10.596 MiB (11.110 B/key), latency cold 51.7 ns, then mean 48.1 / min 47.0 ns
504.754,10.595706,51.694
[time 1.20 s, user 3.63 s, sys 0.39 s, maxrss 277484 KB]
[busy 416 jiffies]
[exit 0]
--- lexindex hashed16   load 0.66 0.77 0.83
1000000 keys
lexindex HashedDictIndex fp=16: build 503 ms, size 11.549 MiB (12.110 B/key), latency cold 51.5 ns, then mean 50.3 / min 49.7 ns
503.404,11.549380,51.466
[time 1.19 s, user 3.65 s, sys 0.37 s, maxrss 276728 KB]
[busy 418 jiffies]
[exit 0]
--- c2 case 0 rec 0   load 0.69 0.78 0.83
[TEST C2-FST]
Processing dataset...
Done!
Building trie...
Done!
build time: 1019.381124 ms (1019.381124 ns per key)
space cost: 11.326162 MB (56.595386% of original size 20.012519 MB)
Querying trie...
Done!
total time: 471.973622 ms, avg latency: 471.973622 ns
topology: 1.047974 MB, link: 2.330659 MB, data: 7.947530 MB
--- Unary Path Analysis (FST, cutoff=4) ---
  shared unary steps in main trie: 632648
  terminal suffixes: inplace=148307 (avg len=2.14)  links=794871 (84.3% of terminal)
  link len: avg=12.03  max=232  total_chars=9558452
  link length distribution (len:count):  4:67686  5:69275  6:65423  7:58787  8:51921  9:47544  10:42795  11:38054  12:34227  13:30736  14:30694  15:28260  16:25308  17:22807  18:19264  19:17586  20:15912  21:14224  22:12066  23:10759  24:9477  25:8347  26:7925  27:7112  28:6113  29:5746  30:5072  31:4462  32:3927  33:3658  34:3228  35:2847  36:2644  37:2353  38:2038  39:1870  40:1644  41:1489  42:1315  43:1143  44:928  45:846  46:722  47:679  48:610  49:543  50:459  51:451  52:342  53:339  54:284  55:273  56:239  57:215  58:214  59:177  60:158  61:140  62:127  63:109  64:95  65:79  66:80  67:78  68:75  69:69  70:68  71:54  72:51  73:42  74:46  75:42  76:35  77:41  78:38  79:39  80:21  81:18  82:21  83:19  84:14  85:18  86:14  87:15  88:11  89:14  90:13  91:7  92:5  93:8  94:7  95:5  96:8  97:8  98:5  99:7  100:11  101:5  102:6  103:3  104:3  105:3  106:5  107:4  108:5  109:1  110:2  111:6  112:1  113:1  114:1  115:4  116:1  118:1  119:2  121:2  123:2  125:1  126:1  128:1  129:1  131:1  132:2  134:1  135:1  136:1  137:3  138:1  139:1  141:2  145:1  152:1  154:1  156:1  159:3  165:1  168:1  174:1  175:1  179:1  181:1  199:1  201:1  202:1  204:1  207:1  216:1  217:1  219:1  233:1
1019.381124,11.326162,471.973622
[PASSED]
[time 2.06 s, user 1.91 s, sys 0.13 s, maxrss 185268 KB]
[busy 214 jiffies]
[exit 0]
--- c2 case 0 rec 1   load 0.63 0.76 0.83
[TEST C2-FST]
Processing dataset...
Done!
Building trie...
trie size: 3.096522 MB
Done!
build time: 1339.455067 ms (1339.455067 ns per key)
space cost: 9.522977 MB (47.585099% of original size 20.012519 MB)
Querying trie...
Done!
total time: 603.549377 ms, avg latency: 603.549377 ns
topology: 1.448536 MB, link: 2.515947 MB, data: 5.558494 MB
--- Unary Path Analysis (FST, cutoff=4) ---
  shared unary steps in main trie: 632648
  terminal suffixes: inplace=148307 (avg len=2.14)  links=794871 (84.3% of terminal)
  link len: avg=12.03  max=232  total_chars=9558452
  link length distribution (len:count):  4:67686  5:69275  6:65423  7:58787  8:51921  9:47544  10:42795  11:38054  12:34227  13:30736  14:30694  15:28260  16:25308  17:22807  18:19264  19:17586  20:15912  21:14224  22:12066  23:10759  24:9477  25:8347  26:7925  27:7112  28:6113  29:5746  30:5072  31:4462  32:3927  33:3658  34:3228  35:2847  36:2644  37:2353  38:2038  39:1870  40:1644  41:1489  42:1315  43:1143  44:928  45:846  46:722  47:679  48:610  49:543  50:459  51:451  52:342  53:339  54:284  55:273  56:239  57:215  58:214  59:177  60:158  61:140  62:127  63:109  64:95  65:79  66:80  67:78  68:75  69:69  70:68  71:54  72:51  73:42  74:46  75:42  76:35  77:41  78:38  79:39  80:21  81:18  82:21  83:19  84:14  85:18  86:14  87:15  88:11  89:14  90:13  91:7  92:5  93:8  94:7  95:5  96:8  97:8  98:5  99:7  100:11  101:5  102:6  103:3  104:3  105:3  106:5  107:4  108:5  109:1  110:2  111:6  112:1  113:1  114:1  115:4  116:1  118:1  119:2  121:2  123:2  125:1  126:1  128:1  129:1  131:1  132:2  134:1  135:1  136:1  137:3  138:1  139:1  141:2  145:1  152:1  154:1  156:1  159:3  165:1  168:1  174:1  175:1  179:1  181:1  199:1  201:1  202:1  204:1  207:1  216:1  217:1  219:1  233:1
1339.455067,9.522977,603.549377
[PASSED]
[time 2.51 s, user 2.36 s, sys 0.13 s, maxrss 181016 KB]
[busy 260 jiffies]
[exit 0]
--- c2 case 0 rec 2   load 0.63 0.76 0.83
[TEST C2-FST]
Processing dataset...
Done!
Building trie...
trie size: 3.096522 MB
trie size: 0.887704 MB
Done!
build time: 1444.003150 ms (1444.003150 ns per key)
space cost: 9.522977 MB (47.585099% of original size 20.012519 MB)
Querying trie...
Done!
total time: 604.988171 ms, avg latency: 604.988171 ns
topology: 1.448536 MB, link: 2.515947 MB, data: 5.558494 MB
--- Unary Path Analysis (FST, cutoff=4) ---
  shared unary steps in main trie: 632648
  terminal suffixes: inplace=148307 (avg len=2.14)  links=794871 (84.3% of terminal)
  link len: avg=12.03  max=232  total_chars=9558452
  link length distribution (len:count):  4:67686  5:69275  6:65423  7:58787  8:51921  9:47544  10:42795  11:38054  12:34227  13:30736  14:30694  15:28260  16:25308  17:22807  18:19264  19:17586  20:15912  21:14224  22:12066  23:10759  24:9477  25:8347  26:7925  27:7112  28:6113  29:5746  30:5072  31:4462  32:3927  33:3658  34:3228  35:2847  36:2644  37:2353  38:2038  39:1870  40:1644  41:1489  42:1315  43:1143  44:928  45:846  46:722  47:679  48:610  49:543  50:459  51:451  52:342  53:339  54:284  55:273  56:239  57:215  58:214  59:177  60:158  61:140  62:127  63:109  64:95  65:79  66:80  67:78  68:75  69:69  70:68  71:54  72:51  73:42  74:46  75:42  76:35  77:41  78:38  79:39  80:21  81:18  82:21  83:19  84:14  85:18  86:14  87:15  88:11  89:14  90:13  91:7  92:5  93:8  94:7  95:5  96:8  97:8  98:5  99:7  100:11  101:5  102:6  103:3  104:3  105:3  106:5  107:4  108:5  109:1  110:2  111:6  112:1  113:1  114:1  115:4  116:1  118:1  119:2  121:2  123:2  125:1  126:1  128:1  129:1  131:1  132:2  134:1  135:1  136:1  137:3  138:1  139:1  141:2  145:1  152:1  154:1  156:1  159:3  165:1  168:1  174:1  175:1  179:1  181:1  199:1  201:1  202:1  204:1  207:1  216:1  217:1  219:1  233:1
1444.003150,9.522977,604.988171
[PASSED]
[time 2.61 s, user 2.47 s, sys 0.13 s, maxrss 180912 KB]
[busy 271 jiffies]
[exit 0]
--- c2 case 1 rec 0   load 0.66 0.77 0.83
[TEST C2-CoCo(LOUDS-Sparse)]
Processing dataset...
Done!
Building trie...
Done!
build time: 2121.573772 ms (2121.573772 ns per key)
space cost: 12.265971 MB (61.291488% of original size 20.012519 MB)
Querying trie...
Done!
total time: 742.344300 ms, avg latency: 742.344300 ns
topology: 0.432648 MB, link: 3.282862 MB, data: 8.550461 MB
2121.573772,12.265971,742.344300
[PASSED]
[time 3.41 s, user 3.22 s, sys 0.17 s, maxrss 358124 KB]
[busy 354 jiffies]
[exit 0]
--- c2 case 1 rec 1   load 0.69 0.77 0.83
[TEST C2-CoCo(LOUDS-Sparse)]
Processing dataset...
Done!
Building trie...
trie size: 3.096522 MB
Done!
build time: 2419.472532 ms (2419.472532 ns per key)
space cost: 10.462785 MB (52.281201% of original size 20.012519 MB)
Querying trie...
Done!
total time: 855.131656 ms, avg latency: 855.131656 ns
topology: 0.833210 MB, link: 3.468150 MB, data: 6.161425 MB
2419.472532,10.462785,855.131656
[PASSED]
[time 3.84 s, user 3.62 s, sys 0.20 s, maxrss 345036 KB]
[busy 396 jiffies]
[exit 0]
--- c2 case 1 rec 2   load 0.71 0.78 0.83
[TEST C2-CoCo(LOUDS-Sparse)]
Processing dataset...
Done!
Building trie...
trie size: 3.096522 MB
trie size: 0.887704 MB
Done!
build time: 2539.724618 ms (2539.724618 ns per key)
space cost: 10.462785 MB (52.281201% of original size 20.012519 MB)
Querying trie...
Done!
total time: 853.587715 ms, avg latency: 853.587715 ns
topology: 0.833210 MB, link: 3.468150 MB, data: 6.161425 MB
2539.724618,10.462785,853.587715
[PASSED]
[time 3.96 s, user 3.75 s, sys 0.19 s, maxrss 344892 KB]
[busy 409 jiffies]
[exit 0]
--- c2 case 2 rec 0   load 0.74 0.78 0.83
[TEST C2-MARISA]
Processing dataset...
Done!
Building trie...
trie size: 2.238578 MB
Done!
build time: 1032.435456 ms (1032.435456 ns per key)
space cost: 10.766413 MB (53.798389% of original size 20.012519 MB)
Querying trie...
Done!
total time: 371.435986 ms, avg latency: 371.435986 ns
topology: 0.741383 MB, link: 2.768053 MB, data: 7.236469 MB
--- Unary Path Analysis (Marisa, cutoff=3) ---
  branches: 1523874  |  single-char: 417651 (27.4%)  short-unary: 97461 (6.4%)  links: 1008762 (66.2%)
  link len: avg=12.11  max=234  total_chars=12215333
  link length distribution (len:count):  3:76859  4:82017  5:81216  6:79010  7:72564  8:64127  9:55531  10:50303  11:44703  12:39548  13:35394  14:31778  15:31462  16:28952  17:25995  18:23521  19:19840  20:18044  21:16382  22:14569  23:12399  24:11015  25:9715  26:8556  27:8141  28:7267  29:6255  30:5853  31:5207  32:4578  33:4049  34:3736  35:3293  36:2910  37:2688  38:2423  39:2074  40:1908  41:1670  42:1511  43:1333  44:1158  45:939  46:855  47:728  48:689  49:615  50:544  51:465  52:457  53:344  54:344  55:284  56:276  57:242  58:216  59:216  60:177  61:159  62:140  63:127  64:109  65:95  66:79  67:80  68:79  69:75  70:69  71:69  72:55  73:51  74:42  75:46  76:42  77:35  78:41  79:38  80:39  81:21  82:18  83:21  84:19  85:14  86:18  87:14  88:15  89:11  90:14  91:13  92:7  93:5  94:8  95:7  96:5  97:9  98:8  99:5  100:7  101:11  102:5  103:6  104:3  105:3  106:3  107:5  108:4  109:5  110:1  111:2  112:6  113:1  114:1  115:1  116:4  117:1  119:1  120:2  122:2  124:2  126:1  127:1  129:1  130:1  132:1  133:2  135:1  136:1  137:1  138:3  139:1  140:1  142:2  146:1  153:1  155:1  157:1  160:3  166:1  169:1  175:1  176:1  180:1  182:1  200:1  202:1  203:1  205:1  208:1  217:1  218:1  220:1  234:1
  short unary avg len: 2.00
1032.435456,10.766413,371.435986
[PASSED]
[time 1.95 s, user 1.80 s, sys 0.14 s, maxrss 201448 KB]
[busy 204 jiffies]
[exit 0]
--- c2 case 2 rec 1   load 0.74 0.78 0.83
[TEST C2-MARISA]
Processing dataset...
Done!
Building trie...
trie size: 2.238578 MB
trie size: 3.821277 MB
Done!
build time: 1409.239370 ms (1409.239370 ns per key)
space cost: 8.586061 MB (42.903452% of original size 20.012519 MB)
Querying trie...
Done!
total time: 508.255014 ms, avg latency: 508.255014 ns
topology: 1.213478 MB, link: 2.963206 MB, data: 4.388869 MB
--- Unary Path Analysis (Marisa, cutoff=3) ---
  branches: 1523874  |  single-char: 417651 (27.4%)  short-unary: 97461 (6.4%)  links: 1008762 (66.2%)
  link len: avg=12.11  max=234  total_chars=12215333
  link length distribution (len:count):  3:76859  4:82017  5:81216  6:79010  7:72564  8:64127  9:55531  10:50303  11:44703  12:39548  13:35394  14:31778  15:31462  16:28952  17:25995  18:23521  19:19840  20:18044  21:16382  22:14569  23:12399  24:11015  25:9715  26:8556  27:8141  28:7267  29:6255  30:5853  31:5207  32:4578  33:4049  34:3736  35:3293  36:2910  37:2688  38:2423  39:2074  40:1908  41:1670  42:1511  43:1333  44:1158  45:939  46:855  47:728  48:689  49:615  50:544  51:465  52:457  53:344  54:344  55:284  56:276  57:242  58:216  59:216  60:177  61:159  62:140  63:127  64:109  65:95  66:79  67:80  68:79  69:75  70:69  71:69  72:55  73:51  74:42  75:46  76:42  77:35  78:41  79:38  80:39  81:21  82:18  83:21  84:19  85:14  86:18  87:14  88:15  89:11  90:14  91:13  92:7  93:5  94:8  95:7  96:5  97:9  98:8  99:5  100:7  101:11  102:5  103:6  104:3  105:3  106:3  107:5  108:4  109:5  110:1  111:2  112:6  113:1  114:1  115:1  116:4  117:1  119:1  120:2  122:2  124:2  126:1  127:1  129:1  130:1  132:1  133:2  135:1  136:1  137:1  138:3  139:1  140:1  142:2  146:1  153:1  155:1  157:1  160:3  166:1  169:1  175:1  176:1  180:1  182:1  200:1  202:1  203:1  205:1  208:1  217:1  218:1  220:1  234:1
  short unary avg len: 2.00
1409.239370,8.586061,508.255014
[PASSED]
[time 2.49 s, user 2.35 s, sys 0.13 s, maxrss 197304 KB]
[busy 260 jiffies]
[exit 0]
--- c2 case 2 rec 2   load 0.76 0.78 0.83
[TEST C2-MARISA]
Processing dataset...
Done!
Building trie...
trie size: 2.238578 MB
trie size: 3.821277 MB
trie size: 1.037524 MB
Done!
build time: 1541.247217 ms (1541.247217 ns per key)
space cost: 8.586061 MB (42.903452% of original size 20.012519 MB)
Querying trie...
Done!
total time: 512.536841 ms, avg latency: 512.536841 ns
topology: 1.213478 MB, link: 2.963206 MB, data: 4.388869 MB
--- Unary Path Analysis (Marisa, cutoff=3) ---
  branches: 1523874  |  single-char: 417651 (27.4%)  short-unary: 97461 (6.4%)  links: 1008762 (66.2%)
  link len: avg=12.11  max=234  total_chars=12215333
  link length distribution (len:count):  3:76859  4:82017  5:81216  6:79010  7:72564  8:64127  9:55531  10:50303  11:44703  12:39548  13:35394  14:31778  15:31462  16:28952  17:25995  18:23521  19:19840  20:18044  21:16382  22:14569  23:12399  24:11015  25:9715  26:8556  27:8141  28:7267  29:6255  30:5853  31:5207  32:4578  33:4049  34:3736  35:3293  36:2910  37:2688  38:2423  39:2074  40:1908  41:1670  42:1511  43:1333  44:1158  45:939  46:855  47:728  48:689  49:615  50:544  51:465  52:457  53:344  54:344  55:284  56:276  57:242  58:216  59:216  60:177  61:159  62:140  63:127  64:109  65:95  66:79  67:80  68:79  69:75  70:69  71:69  72:55  73:51  74:42  75:46  76:42  77:35  78:41  79:38  80:39  81:21  82:18  83:21  84:19  85:14  86:18  87:14  88:15  89:11  90:14  91:13  92:7  93:5  94:8  95:7  96:5  97:9  98:8  99:5  100:7  101:11  102:5  103:6  104:3  105:3  106:3  107:5  108:4  109:5  110:1  111:2  112:6  113:1  114:1  115:1  116:4  117:1  119:1  120:2  122:2  124:2  126:1  127:1  129:1  130:1  132:1  133:2  135:1  136:1  137:1  138:3  139:1  140:1  142:2  146:1  153:1  155:1  157:1  160:3  166:1  169:1  175:1  176:1  180:1  182:1  200:1  202:1  203:1  205:1  208:1  217:1  218:1  220:1  234:1
  short unary avg len: 2.00
1541.247217,8.586061,512.536841
[PASSED]
[time 2.62 s, user 2.45 s, sys 0.15 s, maxrss 197100 KB]
[busy 272 jiffies]
[exit 0]
--- c2 case 3 rec 0   load 0.78 0.79 0.83
[TEST FST]
Processing dataset...
Done!
Building trie...
Done!
build time: 798.201580 ms (798.201580 ns per key)
space cost: 12.223534 MB (61.079436% of original size 20.012519 MB)
Querying trie...
Done!
total time: 682.531225 ms, avg latency: 682.531225 ns
not implemented
798.201580,12.223534,682.531225
[PASSED]
[time 2.06 s, user 1.96 s, sys 0.08 s, maxrss 131088 KB]
[busy 212 jiffies]
[exit 0]
--- c2 case 4 rec 0   skipped: exit 134 in round 1
--- c2 case 5 rec 0   load 0.78 0.79 0.83
[TEST MARISA]
Processing dataset...
Done!
Building trie...
Done!
build time: 606.137240 ms (606.137240 ns per key)
space cost: 12.537066 MB (62.646119% of original size 20.012519 MB)
Querying trie...
Done!
total time: 499.991886 ms, avg latency: 499.991886 ns
not implemented
606.137240,12.537066,499.991886
[PASSED]
[time 1.68 s, user 1.55 s, sys 0.12 s, maxrss 195064 KB]
[busy 178 jiffies]
[exit 0]
--- c2 case 5 rec 1   load 0.80 0.79 0.83
[TEST MARISA]
Processing dataset...
Done!
Building trie...
Done!
build time: 768.245855 ms (768.245855 ns per key)
space cost: 8.680676 MB (43.376231% of original size 20.012519 MB)
Querying trie...
Done!
total time: 771.892338 ms, avg latency: 771.892338 ns
not implemented
768.245855,8.680676,771.892338
[PASSED]
[time 2.12 s, user 1.98 s, sys 0.13 s, maxrss 195172 KB]
[busy 218 jiffies]
[exit 0]
--- c2 case 5 rec 2   load 0.73 0.78 0.83
[TEST MARISA]
Processing dataset...
Done!
Building trie...
Done!
build time: 814.961066 ms (814.961066 ns per key)
space cost: 7.806685 MB (39.009010% of original size 20.012519 MB)
Querying trie...
Done!
total time: 888.419673 ms, avg latency: 888.419673 ns
not implemented
814.961066,7.806685,888.419673
[PASSED]
[time 2.28 s, user 2.14 s, sys 0.12 s, maxrss 195216 KB]
[busy 241 jiffies]
[exit 0]
--- c2 case 6 rec 0   load 0.73 0.78 0.83
[TEST PDT]
Processing dataset...
Done!
Building trie...
dict size: 157446, stream size: 7395682
Done!
build time: 3431.576281 ms (3431.576281 ns per key)
space cost: 8.479283 MB (42.369895% of original size 20.012519 MB)
Querying trie...
Done!
total time: 649.267664 ms, avg latency: 649.267664 ns
not implemented
3431.576281,8.479283,649.267664
[PASSED]
[time 4.66 s, user 4.46 s, sys 0.18 s, maxrss 256720 KB]
[busy 483 jiffies]
[exit 0]
--- c2 case 7 rec 0   load 0.75 0.78 0.83
[TEST ART]
Processing dataset...
Done!
Building trie...
Done!
build time: 160.777934 ms (160.777934 ns per key)
space cost: 32.696541 MB (163.380437% of original size 20.012519 MB)
Querying trie...
Done!
total time: 406.707780 ms, avg latency: 406.707780 ns
not implemented
160.777934,32.696541,406.707780
[PASSED]
[time 1.16 s, user 1.03 s, sys 0.12 s, maxrss 176520 KB]
[busy 123 jiffies]
[exit 0]
--- c2 case 8 rec 0   load 0.77 0.79 0.83
[TEST CART]
Processing dataset...
Done!
Building trie...
Done!
build time: 213.966679 ms (213.966679 ns per key)
space cost: 14.850546 MB (74.206280% of original size 20.012519 MB)
Querying trie...
Done!
total time: 464.275264 ms, avg latency: 464.275264 ns
not implemented
213.966679,14.850546,464.275264
[PASSED]
[time 1.27 s, user 1.18 s, sys 0.08 s, maxrss 163704 KB]
[busy 134 jiffies]
[exit 0]
--- xcdat 7   load 0.77 0.79 0.83
build time: 636.128292 ms
space cost: 14.813288 MiB (74.020106% of original size 20.012519 MiB)
avg latency: 279.551952 ns
636.128292,14.813288,279.551952
[time 1.50 s, user 1.38 s, sys 0.11 s, maxrss 161516 KB]
[busy 159 jiffies]
[exit 0]
--- xcdat 8   load 0.79 0.79 0.83
build time: 609.822266 ms
space cost: 14.333878 MiB (71.624555% of original size 20.012519 MiB)
avg latency: 256.624916 ns
609.822266,14.333878,256.624916
[time 1.44 s, user 1.34 s, sys 0.09 s, maxrss 161068 KB]
[busy 150 jiffies]
[exit 0]
--- xcdat 15   load 0.79 0.79 0.83
build time: 635.346643 ms
space cost: 16.333202 MiB (81.614925% of original size 20.012519 MiB)
avg latency: 245.728889 ns
635.346643,16.333202,245.728889
[time 1.47 s, user 1.35 s, sys 0.11 s, maxrss 163500 KB]
[busy 154 jiffies]
[exit 0]
--- xcdat 16   load 0.81 0.79 0.83
build time: 609.117842 ms
space cost: 16.875467 MiB (84.324554% of original size 20.012519 MiB)
avg latency: 252.124338 ns
609.117842,16.875467,252.124338
[time 1.44 s, user 1.32 s, sys 0.11 s, maxrss 164664 KB]
[busy 150 jiffies]
[exit 0]

##### titles-ru-1000000 (1000000 lines, 36819661 bytes)   round 3/3   2026-09-24T13:23:39+03:00
--- lexindex dict32   load 0.81 0.79 0.83
1000000 keys
lexindex DictIndex block 32: build 311 ms, size 6.963 MiB (7.302 B/key), latency cold 442.2 ns, then mean 440.3 / min 437.6 ns
311.231,6.963340,442.218
[time 2.65 s, user 4.68 s, sys 0.30 s, maxrss 301184 KB]
[busy 516 jiffies]
[exit 0]
--- lexindex dict256   load 0.82 0.80 0.83
1000000 keys
lexindex DictIndex block 256: build 327 ms, size 6.544 MiB (6.862 B/key), latency cold 470.2 ns, then mean 462.5 / min 460.3 ns
327.109,6.543816,470.174
[time 2.78 s, user 4.96 s, sys 0.29 s, maxrss 301316 KB]
[busy 545 jiffies]
[exit 0]
--- lexindex dict1024   load 0.84 0.80 0.83
1000000 keys
lexindex DictIndex block 1024: build 336 ms, size 6.388 MiB (6.698 B/key), latency cold 526.3 ns, then mean 521.1 / min 520.2 ns
336.030,6.387671,526.255
[time 3.01 s, user 4.35 s, sys 0.25 s, maxrss 303828 KB]
[busy 480 jiffies]
[exit 0]
--- lexindex routed32   load 0.77 0.79 0.83
1000000 keys
lexindex DictIndex block 32 routed: build 311 ms, size 7.440 MiB (7.802 B/key), latency cold 423.9 ns, then mean 414.4 / min 409.0 ns
311.270,7.440177,423.902
[time 2.57 s, user 4.63 s, sys 0.31 s, maxrss 301960 KB]
[busy 509 jiffies]
[exit 0]
--- lexindex routed256   load 0.77 0.79 0.83
1000000 keys
lexindex DictIndex block 256 routed: build 327 ms, size 7.021 MiB (7.362 B/key), latency cold 407.4 ns, then mean 405.5 / min 397.4 ns
327.305,7.020744,407.386
[time 2.53 s, user 4.67 s, sys 0.30 s, maxrss 300608 KB]
[busy 515 jiffies]
[exit 0]
--- lexindex routed1024   load 0.79 0.79 0.83
1000000 keys
lexindex DictIndex block 1024 routed: build 339 ms, size 6.626 MiB (6.948 B/key), latency cold 433.2 ns, then mean 427.2 / min 425.7 ns
338.555,6.626197,433.208
[time 2.65 s, user 4.01 s, sys 0.24 s, maxrss 303160 KB]
[busy 441 jiffies]
[exit 0]
--- lexindex string   load 0.81 0.79 0.83
1000000 keys
lexindex StringIndex: build 1486 ms, size 30.276 MiB (31.746 B/key), latency cold 546.5 ns, then mean 545.6 / min 542.4 ns
1486.290,30.275526,546.499
[time 4.24 s, user 4.11 s, sys 0.10 s, maxrss 213220 KB]
[busy 444 jiffies]
[exit 0]
--- lexindex hashed0   load 0.82 0.80 0.83
1000000 keys
lexindex HashedDictIndex closed: build 493 ms, size 9.157 MiB (9.602 B/key), latency cold 55.6 ns, then mean 54.2 / min 54.0 ns
492.682,9.157313,55.620
[time 1.29 s, user 3.48 s, sys 0.30 s, maxrss 303812 KB]
[busy 396 jiffies]
[exit 0]
--- lexindex hashed8   load 0.82 0.80 0.83
1000000 keys
lexindex HashedDictIndex fp=8: build 493 ms, size 10.111 MiB (10.602 B/key), latency cold 64.4 ns, then mean 63.0 / min 62.8 ns
493.172,10.110988,64.420
[time 1.32 s, user 3.51 s, sys 0.30 s, maxrss 302996 KB]
[busy 394 jiffies]
[exit 0]
--- lexindex hashed16   load 0.84 0.80 0.83
1000000 keys
lexindex HashedDictIndex fp=16: build 494 ms, size 11.065 MiB (11.602 B/key), latency cold 64.8 ns, then mean 64.1 / min 63.8 ns
493.914,11.064662,64.774
[time 1.34 s, user 3.55 s, sys 0.29 s, maxrss 305800 KB]
[busy 395 jiffies]
[exit 0]
--- c2 case 0 rec 0   load 0.84 0.80 0.83
[TEST C2-FST]
Processing dataset...
Done!
Building trie...
Done!
build time: 1278.975109 ms (1278.975109 ns per key)
space cost: 13.454716 MB (39.387006% of original size 34.160291 MB)
Querying trie...
Done!
total time: 726.924882 ms, avg latency: 726.924882 ns
topology: 1.316696 MB, link: 2.448647 MB, data: 9.689372 MB
--- Unary Path Analysis (FST, cutoff=4) ---
  shared unary steps in main trie: 1444849
  terminal suffixes: inplace=70261 (avg len=2.02)  links=837902 (92.3% of terminal)
  link len: avg=18.90  max=238  total_chars=15835418
  link length distribution (len:count):  4:38002  5:25136  6:46678  7:25626  8:51081  9:27061  10:49555  11:26346  12:44099  13:24737  14:35638  15:24081  16:29538  17:19279  18:25434  19:16078  20:16463  21:14405  22:12877  23:14367  24:11738  25:15079  26:11391  27:16946  28:11354  29:17411  30:12058  31:16873  32:11600  33:15555  34:11210  35:12790  36:9994  37:10106  38:7923  39:7962  40:6648  41:5829  42:4930  43:4945  44:3895  45:3528  46:3382  47:2749  48:2598  49:2269  50:2117  51:1901  52:1753  53:1665  54:1553  55:1449  56:1305  57:1145  58:1092  59:1004  60:875  61:848  62:788  63:815  64:741  65:605  66:640  67:594  68:554  69:512  70:530  71:482  72:415  73:428  74:424  75:368  76:310  77:349  78:289  79:299  80:274  81:267  82:209  83:198  84:204  85:187  86:188  87:169  88:154  89:148  90:143  91:149  92:108  93:110  94:105  95:111  96:95  97:79  98:91  99:85  100:98  101:68  102:61  103:57  104:50  105:52  106:54  107:61  108:50  109:62  110:44  111:43  112:42  113:44  114:37  115:29  116:42  117:29  118:35  119:28  120:37  121:28  122:24  123:19  124:19  125:31  126:29  127:26  128:15  129:19  130:30  131:11  132:22  133:9  134:11  135:14  136:17  137:15  138:6  139:7  140:14  141:16  142:8  143:9  144:14  145:12  146:8  147:11  148:7  149:9  150:6  151:12  152:9  153:13  154:7  155:5  156:6  157:3  158:8  159:4  160:7  161:11  162:5  163:11  164:3  165:5  166:7  167:4  168:4  169:6  170:3  171:4  172:3  173:9  174:4  175:1  176:4  177:5  178:6  179:4  180:4  181:2  182:6  183:7  184:4  185:2  186:3  187:2  188:2  190:1  191:1  192:3  193:3  194:2  196:2  197:2  198:4  200:1  202:1  205:2  207:2  208:1  210:2  212:2  213:1  217:2  218:2  220:1  222:1  228:2  234:1  239:1
1278.975109,13.454716,726.924882
[PASSED]
[time 2.71 s, user 2.58 s, sys 0.11 s, maxrss 227080 KB]
[busy 281 jiffies]
[exit 0]
--- c2 case 0 rec 1   load 0.85 0.81 0.83
[TEST C2-FST]
Processing dataset...
Done!
Building trie...
trie size: 3.233313 MB
Done!
build time: 1648.507958 ms (1648.507958 ns per key)
space cost: 10.950089 MB (32.055021% of original size 34.160291 MB)
Querying trie...
Done!
total time: 731.892598 ms, avg latency: 731.892598 ns
topology: 1.728611 MB, link: 2.656099 MB, data: 6.565378 MB
--- Unary Path Analysis (FST, cutoff=4) ---
  shared unary steps in main trie: 1444849
  terminal suffixes: inplace=70261 (avg len=2.02)  links=837902 (92.3% of terminal)
  link len: avg=18.90  max=238  total_chars=15835418
  link length distribution (len:count):  4:38002  5:25136  6:46678  7:25626  8:51081  9:27061  10:49555  11:26346  12:44099  13:24737  14:35638  15:24081  16:29538  17:19279  18:25434  19:16078  20:16463  21:14405  22:12877  23:14367  24:11738  25:15079  26:11391  27:16946  28:11354  29:17411  30:12058  31:16873  32:11600  33:15555  34:11210  35:12790  36:9994  37:10106  38:7923  39:7962  40:6648  41:5829  42:4930  43:4945  44:3895  45:3528  46:3382  47:2749  48:2598  49:2269  50:2117  51:1901  52:1753  53:1665  54:1553  55:1449  56:1305  57:1145  58:1092  59:1004  60:875  61:848  62:788  63:815  64:741  65:605  66:640  67:594  68:554  69:512  70:530  71:482  72:415  73:428  74:424  75:368  76:310  77:349  78:289  79:299  80:274  81:267  82:209  83:198  84:204  85:187  86:188  87:169  88:154  89:148  90:143  91:149  92:108  93:110  94:105  95:111  96:95  97:79  98:91  99:85  100:98  101:68  102:61  103:57  104:50  105:52  106:54  107:61  108:50  109:62  110:44  111:43  112:42  113:44  114:37  115:29  116:42  117:29  118:35  119:28  120:37  121:28  122:24  123:19  124:19  125:31  126:29  127:26  128:15  129:19  130:30  131:11  132:22  133:9  134:11  135:14  136:17  137:15  138:6  139:7  140:14  141:16  142:8  143:9  144:14  145:12  146:8  147:11  148:7  149:9  150:6  151:12  152:9  153:13  154:7  155:5  156:6  157:3  158:8  159:4  160:7  161:11  162:5  163:11  164:3  165:5  166:7  167:4  168:4  169:6  170:3  171:4  172:3  173:9  174:4  175:1  176:4  177:5  178:6  179:4  180:4  181:2  182:6  183:7  184:4  185:2  186:3  187:2  188:2  190:1  191:1  192:3  193:3  194:2  196:2  197:2  198:4  200:1  202:1  205:2  207:2  208:1  210:2  212:2  213:1  217:2  218:2  220:1  222:1  228:2  234:1  239:1
1648.507958,10.950089,731.892598
[PASSED]
[time 3.10 s, user 2.92 s, sys 0.16 s, maxrss 215312 KB]
[busy 322 jiffies]
[exit 0]
--- c2 case 0 rec 2   load 0.86 0.81 0.83
[TEST C2-FST]
Processing dataset...
Done!
Building trie...
trie size: 3.233313 MB
trie size: 0.910584 MB
Done!
build time: 1769.097488 ms (1769.097488 ns per key)
space cost: 10.950089 MB (32.055021% of original size 34.160291 MB)
Querying trie...
Done!
total time: 748.722776 ms, avg latency: 748.722776 ns
topology: 1.728611 MB, link: 2.656099 MB, data: 6.565378 MB
--- Unary Path Analysis (FST, cutoff=4) ---
  shared unary steps in main trie: 1444849
  terminal suffixes: inplace=70261 (avg len=2.02)  links=837902 (92.3% of terminal)
  link len: avg=18.90  max=238  total_chars=15835418
  link length distribution (len:count):  4:38002  5:25136  6:46678  7:25626  8:51081  9:27061  10:49555  11:26346  12:44099  13:24737  14:35638  15:24081  16:29538  17:19279  18:25434  19:16078  20:16463  21:14405  22:12877  23:14367  24:11738  25:15079  26:11391  27:16946  28:11354  29:17411  30:12058  31:16873  32:11600  33:15555  34:11210  35:12790  36:9994  37:10106  38:7923  39:7962  40:6648  41:5829  42:4930  43:4945  44:3895  45:3528  46:3382  47:2749  48:2598  49:2269  50:2117  51:1901  52:1753  53:1665  54:1553  55:1449  56:1305  57:1145  58:1092  59:1004  60:875  61:848  62:788  63:815  64:741  65:605  66:640  67:594  68:554  69:512  70:530  71:482  72:415  73:428  74:424  75:368  76:310  77:349  78:289  79:299  80:274  81:267  82:209  83:198  84:204  85:187  86:188  87:169  88:154  89:148  90:143  91:149  92:108  93:110  94:105  95:111  96:95  97:79  98:91  99:85  100:98  101:68  102:61  103:57  104:50  105:52  106:54  107:61  108:50  109:62  110:44  111:43  112:42  113:44  114:37  115:29  116:42  117:29  118:35  119:28  120:37  121:28  122:24  123:19  124:19  125:31  126:29  127:26  128:15  129:19  130:30  131:11  132:22  133:9  134:11  135:14  136:17  137:15  138:6  139:7  140:14  141:16  142:8  143:9  144:14  145:12  146:8  147:11  148:7  149:9  150:6  151:12  152:9  153:13  154:7  155:5  156:6  157:3  158:8  159:4  160:7  161:11  162:5  163:11  164:3  165:5  166:7  167:4  168:4  169:6  170:3  171:4  172:3  173:9  174:4  175:1  176:4  177:5  178:6  179:4  180:4  181:2  182:6  183:7  184:4  185:2  186:3  187:2  188:2  190:1  191:1  192:3  193:3  194:2  196:2  197:2  198:4  200:1  202:1  205:2  207:2  208:1  210:2  212:2  213:1  217:2  218:2  220:1  222:1  228:2  234:1  239:1
1769.097488,10.950089,748.722776
[PASSED]
[time 3.22 s, user 3.07 s, sys 0.13 s, maxrss 215332 KB]
[busy 334 jiffies]
[exit 0]
--- c2 case 1 rec 0   load 0.79 0.79 0.83
[TEST C2-CoCo(LOUDS-Sparse)]
Processing dataset...
Done!
Building trie...
Done!
build time: 3475.611864 ms (3475.611864 ns per key)
space cost: 14.618523 MB (42.793905% of original size 34.160291 MB)
Querying trie...
Done!
total time: 1007.815138 ms, avg latency: 1007.815138 ns
topology: 0.472511 MB, link: 3.816133 MB, data: 10.329878 MB
3475.611864,14.618523,1007.815138
[PASSED]
[time 5.19 s, user 4.94 s, sys 0.23 s, maxrss 445696 KB]
[busy 534 jiffies]
[exit 0]
--- c2 case 1 rec 1   load 0.81 0.80 0.83
[TEST C2-CoCo(LOUDS-Sparse)]
Processing dataset...
Done!
Building trie...
trie size: 3.233313 MB
Done!
build time: 3862.025577 ms (3862.025577 ns per key)
space cost: 12.113895 MB (35.461921% of original size 34.160291 MB)
Querying trie...
Done!
total time: 1016.685578 ms, avg latency: 1016.685578 ns
topology: 0.884426 MB, link: 4.023585 MB, data: 7.205884 MB
3862.025577,12.113895,1016.685578
[PASSED]
[time 5.59 s, user 5.32 s, sys 0.23 s, maxrss 432512 KB]
[busy 576 jiffies]
[exit 0]
--- c2 case 1 rec 2   load 0.83 0.80 0.83
[TEST C2-CoCo(LOUDS-Sparse)]
Processing dataset...
Done!
Building trie...
trie size: 3.233313 MB
trie size: 0.910584 MB
Done!
build time: 4005.288886 ms (4005.288886 ns per key)
space cost: 12.113895 MB (35.461921% of original size 34.160291 MB)
Querying trie...
Done!
total time: 1035.744234 ms, avg latency: 1035.744234 ns
topology: 0.884426 MB, link: 4.023585 MB, data: 7.205884 MB
4005.288886,12.113895,1035.744234
[PASSED]
[time 5.75 s, user 5.48 s, sys 0.24 s, maxrss 432480 KB]
[busy 592 jiffies]
[exit 0]
--- c2 case 2 rec 0   load 0.77 0.79 0.83
[TEST C2-MARISA]
Processing dataset...
Done!
Building trie...
trie size: 2.484302 MB
Done!
build time: 1212.862246 ms (1212.862246 ns per key)
space cost: 12.012337 MB (35.164621% of original size 34.160291 MB)
Querying trie...
Done!
total time: 522.384076 ms, avg latency: 522.384076 ns
topology: 0.823292 MB, link: 2.965906 MB, data: 8.202631 MB
--- Unary Path Analysis (Marisa, cutoff=3) ---
  branches: 1657128  |  single-char: 447774 (27.0%)  short-unary: 128432 (7.8%)  links: 1080922 (65.2%)
  link len: avg=17.77  max=240  total_chars=19212544
  link length distribution (len:count):  3:87321  4:48292  5:58975  6:36358  7:58121  8:33015  9:59626  10:32247  11:55687  12:30072  13:49121  14:27545  15:39628  16:26319  17:32373  18:20972  19:27510  20:17247  21:17760  22:15297  23:13707  24:14933  25:12396  26:15583  27:11863  28:17395  29:11704  30:17896  31:12395  32:17216  33:11862  34:15819  35:11459  36:13046  37:10194  38:10344  39:8104  40:8139  41:6769  42:6000  43:5033  44:5077  45:3963  46:3720  47:3456  48:2871  49:2663  50:2321  51:2168  52:1981  53:1813  54:1693  55:1597  56:1488  57:1344  58:1172  59:1122  60:1025  61:904  62:871  63:814  64:834  65:767  66:626  67:663  68:607  69:568  70:524  71:545  72:489  73:428  74:436  75:441  76:375  77:319  78:357  79:299  80:304  81:282  82:274  83:213  84:203  85:208  86:189  87:193  88:179  89:159  90:153  91:146  92:153  93:110  94:115  95:107  96:113  97:98  98:81  99:92  100:91  101:100  102:69  103:62  104:60  105:53  106:53  107:55  108:63  109:50  110:63  111:44  112:45  113:43  114:49  115:38  116:32  117:45  118:31  119:36  120:28  121:37  122:28  123:24  124:20  125:19  126:32  127:29  128:26  129:15  130:19  131:30  132:11  133:22  134:9  135:11  136:14  137:18  138:15  139:6  140:8  141:14  142:16  143:8  144:10  145:14  146:12  147:8  148:11  149:7  150:9  151:6  152:12  153:9  154:13  155:7  156:5  157:6  158:3  159:8  160:4  161:7  162:11  163:6  164:11  165:3  166:5  167:7  168:4  169:5  170:6  171:3  172:4  173:3  174:9  175:4  176:1  177:4  178:5  179:7  180:4  181:4  182:2  183:6  184:7  185:4  186:2  187:3  188:2  189:2  191:1  192:1  193:3  194:3  195:2  197:2  198:2  199:4  201:1  203:1  206:2  208:2  209:1  211:2  213:2  214:1  218:2  219:2  221:1  223:1  229:2  235:1  240:1
  short unary avg len: 2.00
1212.862246,12.012337,522.384076
[PASSED]
[time 2.44 s, user 2.27 s, sys 0.15 s, maxrss 243472 KB]
[busy 254 jiffies]
[exit 0]
--- c2 case 2 rec 1   load 0.77 0.79 0.83
[TEST C2-MARISA]
Processing dataset...
Done!
Building trie...
trie size: 2.484302 MB
trie size: 4.015308 MB
Done!
build time: 1652.080292 ms (1652.080292 ns per key)
space cost: 9.221785 MB (26.995627% of original size 34.160291 MB)
Querying trie...
Done!
total time: 395.549451 ms, avg latency: 395.549451 ns
topology: 1.302711 MB, link: 3.189349 MB, data: 4.709216 MB
--- Unary Path Analysis (Marisa, cutoff=3) ---
  branches: 1657128  |  single-char: 447774 (27.0%)  short-unary: 128432 (7.8%)  links: 1080922 (65.2%)
  link len: avg=17.77  max=240  total_chars=19212544
  link length distribution (len:count):  3:87321  4:48292  5:58975  6:36358  7:58121  8:33015  9:59626  10:32247  11:55687  12:30072  13:49121  14:27545  15:39628  16:26319  17:32373  18:20972  19:27510  20:17247  21:17760  22:15297  23:13707  24:14933  25:12396  26:15583  27:11863  28:17395  29:11704  30:17896  31:12395  32:17216  33:11862  34:15819  35:11459  36:13046  37:10194  38:10344  39:8104  40:8139  41:6769  42:6000  43:5033  44:5077  45:3963  46:3720  47:3456  48:2871  49:2663  50:2321  51:2168  52:1981  53:1813  54:1693  55:1597  56:1488  57:1344  58:1172  59:1122  60:1025  61:904  62:871  63:814  64:834  65:767  66:626  67:663  68:607  69:568  70:524  71:545  72:489  73:428  74:436  75:441  76:375  77:319  78:357  79:299  80:304  81:282  82:274  83:213  84:203  85:208  86:189  87:193  88:179  89:159  90:153  91:146  92:153  93:110  94:115  95:107  96:113  97:98  98:81  99:92  100:91  101:100  102:69  103:62  104:60  105:53  106:53  107:55  108:63  109:50  110:63  111:44  112:45  113:43  114:49  115:38  116:32  117:45  118:31  119:36  120:28  121:37  122:28  123:24  124:20  125:19  126:32  127:29  128:26  129:15  130:19  131:30  132:11  133:22  134:9  135:11  136:14  137:18  138:15  139:6  140:8  141:14  142:16  143:8  144:10  145:14  146:12  147:8  148:11  149:7  150:9  151:6  152:12  153:9  154:13  155:7  156:5  157:6  158:3  159:8  160:4  161:7  162:11  163:6  164:11  165:3  166:5  167:7  168:4  169:5  170:6  171:3  172:4  173:3  174:9  175:4  176:1  177:4  178:5  179:7  180:4  181:4  182:2  183:6  184:7  185:4  186:2  187:3  188:2  189:2  191:1  192:1  193:3  194:3  195:2  197:2  198:2  199:4  201:1  203:1  206:2  208:2  209:1  211:2  213:2  214:1  218:2  219:2  221:1  223:1  229:2  235:1  240:1
  short unary avg len: 2.00
1652.080292,9.221785,395.549451
[PASSED]
[time 2.77 s, user 2.59 s, sys 0.16 s, maxrss 227248 KB]
[busy 286 jiffies]
[exit 0]
--- c2 case 2 rec 2   load 0.79 0.80 0.83
[TEST C2-MARISA]
Processing dataset...
Done!
Building trie...
trie size: 2.484302 MB
trie size: 4.015308 MB
trie size: 1.015766 MB
Done!
build time: 1780.038077 ms (1780.038077 ns per key)
space cost: 8.714260 MB (25.509912% of original size 34.160291 MB)
Querying trie...
Done!
total time: 399.443920 ms, avg latency: 399.443920 ns
topology: 1.481594 MB, link: 3.266720 MB, data: 3.945438 MB
--- Unary Path Analysis (Marisa, cutoff=3) ---
  branches: 1657128  |  single-char: 447774 (27.0%)  short-unary: 128432 (7.8%)  links: 1080922 (65.2%)
  link len: avg=17.77  max=240  total_chars=19212544
  link length distribution (len:count):  3:87321  4:48292  5:58975  6:36358  7:58121  8:33015  9:59626  10:32247  11:55687  12:30072  13:49121  14:27545  15:39628  16:26319  17:32373  18:20972  19:27510  20:17247  21:17760  22:15297  23:13707  24:14933  25:12396  26:15583  27:11863  28:17395  29:11704  30:17896  31:12395  32:17216  33:11862  34:15819  35:11459  36:13046  37:10194  38:10344  39:8104  40:8139  41:6769  42:6000  43:5033  44:5077  45:3963  46:3720  47:3456  48:2871  49:2663  50:2321  51:2168  52:1981  53:1813  54:1693  55:1597  56:1488  57:1344  58:1172  59:1122  60:1025  61:904  62:871  63:814  64:834  65:767  66:626  67:663  68:607  69:568  70:524  71:545  72:489  73:428  74:436  75:441  76:375  77:319  78:357  79:299  80:304  81:282  82:274  83:213  84:203  85:208  86:189  87:193  88:179  89:159  90:153  91:146  92:153  93:110  94:115  95:107  96:113  97:98  98:81  99:92  100:91  101:100  102:69  103:62  104:60  105:53  106:53  107:55  108:63  109:50  110:63  111:44  112:45  113:43  114:49  115:38  116:32  117:45  118:31  119:36  120:28  121:37  122:28  123:24  124:20  125:19  126:32  127:29  128:26  129:15  130:19  131:30  132:11  133:22  134:9  135:11  136:14  137:18  138:15  139:6  140:8  141:14  142:16  143:8  144:10  145:14  146:12  147:8  148:11  149:7  150:9  151:6  152:12  153:9  154:13  155:7  156:5  157:6  158:3  159:8  160:4  161:7  162:11  163:6  164:11  165:3  166:5  167:7  168:4  169:5  170:6  171:3  172:4  173:3  174:9  175:4  176:1  177:4  178:5  179:7  180:4  181:4  182:2  183:6  184:7  185:4  186:2  187:3  188:2  189:2  191:1  192:1  193:3  194:3  195:2  197:2  198:2  199:4  201:1  203:1  206:2  208:2  209:1  211:2  213:2  214:1  218:2  219:2  221:1  223:1  229:2  235:1  240:1
  short unary avg len: 2.00
1780.038077,8.714260,399.443920
[PASSED]
[time 2.89 s, user 2.73 s, sys 0.14 s, maxrss 227400 KB]
[busy 299 jiffies]
[exit 0]
--- c2 case 3 rec 0   load 0.81 0.80 0.83
[TEST FST]
Processing dataset...
Done!
Building trie...
Done!
build time: 1148.198446 ms (1148.198446 ns per key)
space cost: 15.406425 MB (45.100393% of original size 34.160291 MB)
Querying trie...
Done!
total time: 1206.081463 ms, avg latency: 1206.081463 ns
not implemented
1148.198446,15.406425,1206.081463
[PASSED]
[time 3.07 s, user 2.95 s, sys 0.10 s, maxrss 177236 KB]
[busy 316 jiffies]
[exit 0]
--- c2 case 4 rec 0   skipped: exit 134 in round 1
--- c2 case 5 rec 0   load 0.74 0.79 0.82
[TEST MARISA]
Processing dataset...
Done!
Building trie...
Done!
build time: 760.468169 ms (760.468169 ns per key)
space cost: 14.925114 MB (43.691413% of original size 34.160291 MB)
Querying trie...
Done!
total time: 699.756395 ms, avg latency: 699.756395 ns
not implemented
760.468169,14.925114,699.756395
[PASSED]
[time 2.17 s, user 1.99 s, sys 0.16 s, maxrss 231104 KB]
[busy 225 jiffies]
[exit 0]
--- c2 case 5 rec 1   load 0.74 0.79 0.82
[TEST MARISA]
Processing dataset...
Done!
Building trie...
Done!
build time: 950.001912 ms (950.001912 ns per key)
space cost: 9.445531 MB (27.650616% of original size 34.160291 MB)
Querying trie...
Done!
total time: 1084.793722 ms, avg latency: 1084.793722 ns
not implemented
950.001912,9.445531,1084.793722
[PASSED]
[time 2.74 s, user 2.57 s, sys 0.15 s, maxrss 231312 KB]
[busy 284 jiffies]
[exit 0]
--- c2 case 5 rec 2   load 0.76 0.79 0.83
[TEST MARISA]
Processing dataset...
Done!
Building trie...
Done!
build time: 994.438350 ms (994.438350 ns per key)
space cost: 8.209226 MB (24.031487% of original size 34.160291 MB)
Querying trie...
Done!
total time: 1218.901345 ms, avg latency: 1218.901345 ns
not implemented
994.438350,8.209226,1218.901345
[PASSED]
[time 2.91 s, user 2.75 s, sys 0.14 s, maxrss 231372 KB]
[busy 302 jiffies]
[exit 0]
--- c2 case 6 rec 0   load 0.78 0.79 0.83
[TEST PDT]
Processing dataset...
Done!
Building trie...
dict size: 149058, stream size: 8676288
Done!
build time: 2758.263419 ms (2758.263419 ns per key)
space cost: 9.692565 MB (28.373778% of original size 34.160291 MB)
Querying trie...
Done!
total time: 776.647985 ms, avg latency: 776.647985 ns
not implemented
2758.263419,9.692565,776.647985
[PASSED]
[time 4.24 s, user 4.00 s, sys 0.22 s, maxrss 238184 KB]
[busy 440 jiffies]
[exit 0]
--- c2 case 7 rec 0   load 0.80 0.80 0.83
[TEST ART]
Processing dataset...
Done!
Building trie...
Done!
build time: 229.491084 ms (229.491084 ns per key)
space cost: 37.032776 MB (108.408843% of original size 34.160291 MB)
Querying trie...
Done!
total time: 594.567047 ms, avg latency: 594.567047 ns
not implemented
229.491084,37.032776,594.567047
[PASSED]
[time 1.56 s, user 1.43 s, sys 0.12 s, maxrss 239080 KB]
[busy 161 jiffies]
[exit 0]
--- c2 case 8 rec 0   load 0.80 0.80 0.83
[TEST CART]
Processing dataset...
Done!
Building trie...
Done!
build time: 290.687968 ms (290.687968 ns per key)
space cost: 17.935776 MB (52.504752% of original size 34.160291 MB)
Querying trie...
Done!
total time: 664.121278 ms, avg latency: 664.121278 ns
not implemented
290.687968,17.935776,664.121278
[PASSED]
[time 1.68 s, user 1.56 s, sys 0.11 s, maxrss 228324 KB]
[busy 179 jiffies]
[exit 0]
--- xcdat 7   load 0.82 0.80 0.83
build time: 833.246638 ms
space cost: 18.793670 MiB (55.016129% of original size 34.160291 MiB)
avg latency: 391.413589 ns
833.246638,18.793670,391.413589
[time 1.94 s, user 1.77 s, sys 0.15 s, maxrss 207000 KB]
[busy 204 jiffies]
[exit 0]
--- xcdat 8   load 0.75 0.79 0.82
build time: 777.589775 ms
space cost: 18.486019 MiB (54.115521% of original size 34.160291 MiB)
avg latency: 376.920442 ns
777.589775,18.486019,376.920442
[time 1.86 s, user 1.69 s, sys 0.16 s, maxrss 207304 KB]
[busy 197 jiffies]
[exit 0]
--- xcdat 15   load 0.75 0.79 0.82
build time: 821.814455 ms
space cost: 22.013930 MiB (64.443041% of original size 34.160291 MiB)
avg latency: 362.572178 ns
821.814455,22.013930,362.572178
[time 1.89 s, user 1.74 s, sys 0.15 s, maxrss 213080 KB]
[busy 195 jiffies]
[exit 0]
--- xcdat 16   load 0.69 0.77 0.82
build time: 776.527178 ms
space cost: 22.860906 MiB (66.922456% of original size 34.160291 MiB)
avg latency: 381.749929 ns
776.527178,22.860906,381.749929
[time 1.87 s, user 1.70 s, sys 0.15 s, maxrss 213324 KB]
[busy 195 jiffies]
[exit 0]

##### titles-zh-1000000 (1000000 lines, 17871822 bytes)   round 3/3   2026-09-24T13:25:34+03:00
--- lexindex dict32   load 0.69 0.77 0.82
1000000 keys
lexindex DictIndex block 32: build 263 ms, size 5.823 MiB (6.105 B/key), latency cold 359.4 ns, then mean 353.1 / min 350.5 ns
262.612,5.822630,359.388
[time 2.18 s, user 3.58 s, sys 0.25 s, maxrss 260156 KB]
[busy 404 jiffies]
[exit 0]
--- lexindex dict256   load 0.72 0.78 0.82
1000000 keys
lexindex DictIndex block 256: build 266 ms, size 5.580 MiB (5.851 B/key), latency cold 377.2 ns, then mean 371.2 / min 370.0 ns
265.641,5.580144,377.192
[time 2.26 s, user 3.69 s, sys 0.26 s, maxrss 262260 KB]
[busy 413 jiffies]
[exit 0]
--- lexindex dict1024   load 0.66 0.76 0.81
1000000 keys
lexindex DictIndex block 1024: build 285 ms, size 5.423 MiB (5.687 B/key), latency cold 452.8 ns, then mean 447.3 / min 445.3 ns
285.004,5.423172,452.780
[time 2.59 s, user 3.41 s, sys 0.20 s, maxrss 249860 KB]
[busy 378 jiffies]
[exit 0]
--- lexindex routed32   load 0.66 0.76 0.81
1000000 keys
lexindex DictIndex block 32 routed: build 267 ms, size 6.299 MiB (6.605 B/key), latency cold 330.8 ns, then mean 329.1 / min 324.6 ns
266.949,6.299467,330.841
[time 2.08 s, user 3.47 s, sys 0.26 s, maxrss 259052 KB]
[busy 391 jiffies]
[exit 0]
--- lexindex routed256   load 0.69 0.77 0.82
1000000 keys
lexindex DictIndex block 256 routed: build 271 ms, size 6.057 MiB (6.351 B/key), latency cold 300.0 ns, then mean 294.7 / min 293.6 ns
270.587,6.057073,299.973
[time 1.95 s, user 3.40 s, sys 0.25 s, maxrss 260320 KB]
[busy 381 jiffies]
[exit 0]
--- lexindex routed1024   load 0.69 0.77 0.82
1000000 keys
lexindex DictIndex block 1024 routed: build 285 ms, size 5.662 MiB (5.937 B/key), latency cold 335.2 ns, then mean 330.9 / min 329.8 ns
284.856,5.661697,335.166
[time 2.12 s, user 2.96 s, sys 0.20 s, maxrss 248348 KB]
[busy 331 jiffies]
[exit 0]
--- lexindex string   load 0.71 0.77 0.82
1000000 keys
lexindex StringIndex: build 766 ms, size 16.712 MiB (17.523 B/key), latency cold 290.9 ns, then mean 277.7 / min 277.0 ns
765.804,16.711605,290.925
[time 2.38 s, user 2.29 s, sys 0.08 s, maxrss 152584 KB]
[busy 246 jiffies]
[exit 0]
--- lexindex hashed0   load 0.73 0.78 0.82
1000000 keys
lexindex HashedDictIndex closed: build 383 ms, size 8.194 MiB (8.592 B/key), latency cold 35.5 ns, then mean 32.4 / min 30.6 ns
382.765,8.193651,35.533
[time 1.02 s, user 2.49 s, sys 0.27 s, maxrss 263920 KB]
[busy 286 jiffies]
[exit 0]
--- lexindex hashed8   load 0.73 0.78 0.82
1000000 keys
lexindex HashedDictIndex fp=8: build 384 ms, size 9.147 MiB (9.592 B/key), latency cold 42.8 ns, then mean 39.0 / min 36.6 ns
384.246,9.147326,42.751
[time 1.05 s, user 2.49 s, sys 0.27 s, maxrss 261816 KB]
[busy 291 jiffies]
[exit 0]
--- lexindex hashed16   load 0.68 0.76 0.81
1000000 keys
lexindex HashedDictIndex fp=16: build 383 ms, size 10.101 MiB (10.592 B/key), latency cold 41.8 ns, then mean 39.8 / min 38.8 ns
383.142,10.101000,41.772
[time 1.05 s, user 2.51 s, sys 0.26 s, maxrss 261680 KB]
[busy 292 jiffies]
[exit 0]
--- c2 case 0 rec 0   load 0.68 0.76 0.81
[TEST C2-FST]
Processing dataset...
Done!
Building trie...
Done!
build time: 664.922654 ms (664.922654 ns per key)
space cost: 9.315402 MB (57.894796% of original size 16.090223 MB)
Querying trie...
Done!
total time: 419.985593 ms, avg latency: 419.985593 ns
topology: 1.013481 MB, link: 1.860200 MB, data: 6.441721 MB
--- Unary Path Analysis (FST, cutoff=4) ---
  shared unary steps in main trie: 533155
  terminal suffixes: inplace=237541 (avg len=1.85)  links=651614 (73.3% of terminal)
  link len: avg=9.49  max=219  total_chars=6184530
  link length distribution (len:count):  4:101787  5:75109  6:33236  7:70197  8:54797  9:28682  10:45020  11:39800  12:18111  13:26128  14:25316  15:13287  16:18412  17:17629  18:7811  19:11663  20:10322  21:4897  22:7909  23:6587  24:3201  25:5027  26:3953  27:2124  28:3009  29:2707  30:1318  31:2090  32:1807  33:932  34:1302  35:1246  36:576  37:856  38:792  39:335  40:596  41:485  42:228  43:398  44:289  45:126  46:187  47:184  48:83  49:123  50:115  51:56  52:76  53:79  54:43  55:73  56:58  57:28  58:35  59:27  60:9  61:32  62:19  63:18  64:20  65:11  66:19  67:16  68:13  69:6  70:14  71:16  72:6  73:9  74:5  75:5  76:7  77:5  78:2  79:17  80:2  81:7  82:8  83:7  84:3  85:7  86:7  87:3  88:3  89:2  90:4  91:3  92:3  93:1  94:1  95:3  96:5  97:1  98:4  101:2  102:1  103:1  104:1  106:2  107:1  112:2  113:1  115:1  116:1  120:1  121:1  122:1  124:1  130:1  138:1  148:1  151:1  155:2  184:1  188:1  204:1  220:1
664.922654,9.315402,419.985593
[PASSED]
[time 1.56 s, user 1.44 s, sys 0.11 s, maxrss 186228 KB]
[busy 161 jiffies]
[exit 0]
--- c2 case 0 rec 1   load 0.62 0.75 0.81
[TEST C2-FST]
Processing dataset...
Done!
Building trie...
trie size: 2.382156 MB
Done!
build time: 826.344047 ms (826.344047 ns per key)
space cost: 7.814046 MB (48.563937% of original size 16.090223 MB)
Querying trie...
Done!
total time: 428.754702 ms, avg latency: 428.754702 ns
topology: 1.289776 MB, link: 2.002253 MB, data: 4.522017 MB
--- Unary Path Analysis (FST, cutoff=4) ---
  shared unary steps in main trie: 533155
  terminal suffixes: inplace=237541 (avg len=1.85)  links=651614 (73.3% of terminal)
  link len: avg=9.49  max=219  total_chars=6184530
  link length distribution (len:count):  4:101787  5:75109  6:33236  7:70197  8:54797  9:28682  10:45020  11:39800  12:18111  13:26128  14:25316  15:13287  16:18412  17:17629  18:7811  19:11663  20:10322  21:4897  22:7909  23:6587  24:3201  25:5027  26:3953  27:2124  28:3009  29:2707  30:1318  31:2090  32:1807  33:932  34:1302  35:1246  36:576  37:856  38:792  39:335  40:596  41:485  42:228  43:398  44:289  45:126  46:187  47:184  48:83  49:123  50:115  51:56  52:76  53:79  54:43  55:73  56:58  57:28  58:35  59:27  60:9  61:32  62:19  63:18  64:20  65:11  66:19  67:16  68:13  69:6  70:14  71:16  72:6  73:9  74:5  75:5  76:7  77:5  78:2  79:17  80:2  81:7  82:8  83:7  84:3  85:7  86:7  87:3  88:3  89:2  90:4  91:3  92:3  93:1  94:1  95:3  96:5  97:1  98:4  101:2  102:1  103:1  104:1  106:2  107:1  112:2  113:1  115:1  116:1  120:1  121:1  122:1  124:1  130:1  138:1  148:1  151:1  155:2  184:1  188:1  204:1  220:1
826.344047,7.814046,428.754702
[PASSED]
[time 1.76 s, user 1.63 s, sys 0.12 s, maxrss 186164 KB]
[busy 189 jiffies]
[exit 0]
--- c2 case 0 rec 2   load 0.62 0.75 0.81
[TEST C2-FST]
Processing dataset...
Done!
Building trie...
trie size: 2.382156 MB
trie size: 0.519189 MB
Done!
build time: 895.468580 ms (895.468580 ns per key)
space cost: 7.814046 MB (48.563937% of original size 16.090223 MB)
Querying trie...
Done!
total time: 427.563854 ms, avg latency: 427.563854 ns
topology: 1.289776 MB, link: 2.002253 MB, data: 4.522017 MB
--- Unary Path Analysis (FST, cutoff=4) ---
  shared unary steps in main trie: 533155
  terminal suffixes: inplace=237541 (avg len=1.85)  links=651614 (73.3% of terminal)
  link len: avg=9.49  max=219  total_chars=6184530
  link length distribution (len:count):  4:101787  5:75109  6:33236  7:70197  8:54797  9:28682  10:45020  11:39800  12:18111  13:26128  14:25316  15:13287  16:18412  17:17629  18:7811  19:11663  20:10322  21:4897  22:7909  23:6587  24:3201  25:5027  26:3953  27:2124  28:3009  29:2707  30:1318  31:2090  32:1807  33:932  34:1302  35:1246  36:576  37:856  38:792  39:335  40:596  41:485  42:228  43:398  44:289  45:126  46:187  47:184  48:83  49:123  50:115  51:56  52:76  53:79  54:43  55:73  56:58  57:28  58:35  59:27  60:9  61:32  62:19  63:18  64:20  65:11  66:19  67:16  68:13  69:6  70:14  71:16  72:6  73:9  74:5  75:5  76:7  77:5  78:2  79:17  80:2  81:7  82:8  83:7  84:3  85:7  86:7  87:3  88:3  89:2  90:4  91:3  92:3  93:1  94:1  95:3  96:5  97:1  98:4  101:2  102:1  103:1  104:1  106:2  107:1  112:2  113:1  115:1  116:1  120:1  121:1  122:1  124:1  130:1  138:1  148:1  151:1  155:2  184:1  188:1  204:1  220:1
895.468580,7.814046,427.563854
[PASSED]
[time 1.82 s, user 1.69 s, sys 0.11 s, maxrss 185996 KB]
[busy 190 jiffies]
[exit 0]
--- c2 case 1 rec 0   load 0.57 0.74 0.81
[TEST C2-CoCo(LOUDS-Sparse)]
Processing dataset...
Done!
Building trie...
Done!
build time: 1622.557781 ms (1622.557781 ns per key)
space cost: 10.076944 MB (62.627748% of original size 16.090223 MB)
Querying trie...
Done!
total time: 616.134008 ms, avg latency: 616.134008 ns
topology: 0.428116 MB, link: 2.771456 MB, data: 6.877373 MB
1622.557781,10.076944,616.134008
[PASSED]
[time 2.72 s, user 2.51 s, sys 0.19 s, maxrss 343464 KB]
[busy 283 jiffies]
[exit 0]
--- c2 case 1 rec 1   load 0.57 0.74 0.81
[TEST C2-CoCo(LOUDS-Sparse)]
Processing dataset...
Done!
Building trie...
trie size: 2.382156 MB
Done!
build time: 1800.592044 ms (1800.592044 ns per key)
space cost: 8.575588 MB (53.296888% of original size 16.090223 MB)
Querying trie...
Done!
total time: 635.938706 ms, avg latency: 635.938706 ns
topology: 0.704411 MB, link: 2.913508 MB, data: 4.957669 MB
1800.592044,8.575588,635.938706
[PASSED]
[time 2.93 s, user 2.73 s, sys 0.19 s, maxrss 343764 KB]
[busy 303 jiffies]
[exit 0]
--- c2 case 1 rec 2   load 0.61 0.74 0.81
[TEST C2-CoCo(LOUDS-Sparse)]
Processing dataset...
Done!
Building trie...
trie size: 2.382156 MB
trie size: 0.519189 MB
Done!
build time: 1857.172143 ms (1857.172143 ns per key)
space cost: 8.575588 MB (53.296888% of original size 16.090223 MB)
Querying trie...
Done!
total time: 634.259720 ms, avg latency: 634.259720 ns
topology: 0.704411 MB, link: 2.913508 MB, data: 4.957669 MB
1857.172143,8.575588,634.259720
[PASSED]
[time 3.00 s, user 2.79 s, sys 0.19 s, maxrss 343816 KB]
[busy 313 jiffies]
[exit 0]
--- c2 case 2 rec 0   load 0.64 0.75 0.81
[TEST C2-MARISA]
Processing dataset...
Done!
Building trie...
trie size: 2.376703 MB
Done!
build time: 717.032892 ms (717.032892 ns per key)
space cost: 9.316646 MB (57.902525% of original size 16.090223 MB)
Querying trie...
Done!
total time: 325.889061 ms, avg latency: 325.889061 ns
topology: 0.787403 MB, link: 2.444094 MB, data: 6.064641 MB
--- Unary Path Analysis (Marisa, cutoff=3) ---
  branches: 1581104  |  single-char: 512959 (32.4%)  short-unary: 177539 (11.2%)  links: 890606 (56.3%)
  link len: avg=9.57  max=221  total_chars=8521548
  link length distribution (len:count):  3:117743  4:70413  5:118917  6:85174  7:37680  8:75877  9:57977  10:30193  11:47337  12:41279  13:18765  14:27062  15:25994  16:13620  17:18901  18:18001  19:8082  20:11948  21:10483  22:5017  23:8072  24:6695  25:3249  26:5099  27:4017  28:2164  29:3054  30:2749  31:1341  32:2116  33:1821  34:942  35:1314  36:1256  37:587  38:865  39:798  40:341  41:600  42:486  43:231  44:401  45:290  46:126  47:187  48:184  49:84  50:123  51:115  52:56  53:77  54:82  55:43  56:74  57:60  58:29  59:35  60:27  61:10  62:32  63:19  64:19  65:20  66:11  67:19  68:16  69:13  70:6  71:14  72:16  73:6  74:9  75:5  76:5  77:7  78:5  79:2  80:17  81:2  82:7  83:8  84:7  85:3  86:7  87:7  88:3  89:3  90:2  91:4  92:3  93:3  94:1  95:1  96:4  97:5  98:1  99:4  102:2  103:1  104:1  105:1  107:2  108:1  113:2  114:1  116:1  117:1  121:1  122:1  123:1  125:1  131:1  139:1  149:1  152:1  156:2  185:1  189:1  205:1  221:1
  short unary avg len: 2.00
717.032892,9.316646,325.889061
[PASSED]
[time 1.53 s, user 1.38 s, sys 0.14 s, maxrss 216288 KB]
[busy 159 jiffies]
[exit 0]
--- c2 case 2 rec 1   load 0.67 0.75 0.81
[TEST C2-MARISA]
Processing dataset...
Done!
Building trie...
trie size: 2.376703 MB
trie size: 3.200656 MB
Done!
build time: 937.271899 ms (937.271899 ns per key)
space cost: 7.215687 MB (44.845163% of original size 16.090223 MB)
Querying trie...
Done!
total time: 282.754370 ms, avg latency: 282.754370 ns
topology: 1.146584 MB, link: 2.476871 MB, data: 3.571725 MB
--- Unary Path Analysis (Marisa, cutoff=3) ---
  branches: 1581104  |  single-char: 512959 (32.4%)  short-unary: 177539 (11.2%)  links: 890606 (56.3%)
  link len: avg=9.57  max=221  total_chars=8521548
  link length distribution (len:count):  3:117743  4:70413  5:118917  6:85174  7:37680  8:75877  9:57977  10:30193  11:47337  12:41279  13:18765  14:27062  15:25994  16:13620  17:18901  18:18001  19:8082  20:11948  21:10483  22:5017  23:8072  24:6695  25:3249  26:5099  27:4017  28:2164  29:3054  30:2749  31:1341  32:2116  33:1821  34:942  35:1314  36:1256  37:587  38:865  39:798  40:341  41:600  42:486  43:231  44:401  45:290  46:126  47:187  48:184  49:84  50:123  51:115  52:56  53:77  54:82  55:43  56:74  57:60  58:29  59:35  60:27  61:10  62:32  63:19  64:19  65:20  66:11  67:19  68:16  69:13  70:6  71:14  72:16  73:6  74:9  75:5  76:5  77:7  78:5  79:2  80:17  81:2  82:7  83:8  84:7  85:3  86:7  87:7  88:3  89:3  90:2  91:4  92:3  93:3  94:1  95:1  96:4  97:5  98:1  99:4  102:2  103:1  104:1  105:1  107:2  108:1  113:2  114:1  116:1  117:1  121:1  122:1  123:1  125:1  131:1  139:1  149:1  152:1  156:2  185:1  189:1  205:1  221:1
  short unary avg len: 2.00
937.271899,7.215687,282.754370
[PASSED]
[time 1.71 s, user 1.56 s, sys 0.14 s, maxrss 216504 KB]
[busy 180 jiffies]
[exit 0]
--- c2 case 2 rec 2   load 0.67 0.75 0.81
[TEST C2-MARISA]
Processing dataset...
Done!
Building trie...
trie size: 2.376703 MB
trie size: 3.200656 MB
trie size: 0.643222 MB
Done!
build time: 1003.587123 ms (1003.587123 ns per key)
space cost: 7.215687 MB (44.845163% of original size 16.090223 MB)
Querying trie...
Done!
total time: 284.468351 ms, avg latency: 284.468351 ns
topology: 1.146584 MB, link: 2.476871 MB, data: 3.571725 MB
--- Unary Path Analysis (Marisa, cutoff=3) ---
  branches: 1581104  |  single-char: 512959 (32.4%)  short-unary: 177539 (11.2%)  links: 890606 (56.3%)
  link len: avg=9.57  max=221  total_chars=8521548
  link length distribution (len:count):  3:117743  4:70413  5:118917  6:85174  7:37680  8:75877  9:57977  10:30193  11:47337  12:41279  13:18765  14:27062  15:25994  16:13620  17:18901  18:18001  19:8082  20:11948  21:10483  22:5017  23:8072  24:6695  25:3249  26:5099  27:4017  28:2164  29:3054  30:2749  31:1341  32:2116  33:1821  34:942  35:1314  36:1256  37:587  38:865  39:798  40:341  41:600  42:486  43:231  44:401  45:290  46:126  47:187  48:184  49:84  50:123  51:115  52:56  53:77  54:82  55:43  56:74  57:60  58:29  59:35  60:27  61:10  62:32  63:19  64:19  65:20  66:11  67:19  68:16  69:13  70:6  71:14  72:16  73:6  74:9  75:5  76:5  77:7  78:5  79:2  80:17  81:2  82:7  83:8  84:7  85:3  86:7  87:7  88:3  89:3  90:2  91:4  92:3  93:3  94:1  95:1  96:4  97:5  98:1  99:4  102:2  103:1  104:1  105:1  107:2  108:1  113:2  114:1  116:1  117:1  121:1  122:1  123:1  125:1  131:1  139:1  149:1  152:1  156:2  185:1  189:1  205:1  221:1
  short unary avg len: 2.00
1003.587123,7.215687,284.468351
[PASSED]
[time 1.78 s, user 1.63 s, sys 0.14 s, maxrss 216540 KB]
[busy 183 jiffies]
[exit 0]
--- c2 case 3 rec 0   load 0.61 0.74 0.81
[TEST FST]
Processing dataset...
Done!
Building trie...
Done!
build time: 664.075672 ms (664.075672 ns per key)
space cost: 9.251146 MB (57.495450% of original size 16.090223 MB)
Querying trie...
Done!
total time: 605.777144 ms, avg latency: 605.777144 ns
not implemented
664.075672,9.251146,605.777144
[PASSED]
[time 1.77 s, user 1.69 s, sys 0.07 s, maxrss 110748 KB]
[busy 184 jiffies]
[exit 0]
--- c2 case 4 rec 0   skipped: exit 134 in round 1
--- c2 case 5 rec 0   load 0.61 0.74 0.81
[TEST MARISA]
Processing dataset...
Done!
Building trie...
Done!
build time: 528.352493 ms (528.352493 ns per key)
space cost: 9.064179 MB (56.333459% of original size 16.090223 MB)
Querying trie...
Done!
total time: 463.368952 ms, avg latency: 463.368952 ns
not implemented
528.352493,9.064179,463.368952
[PASSED]
[time 1.48 s, user 1.36 s, sys 0.11 s, maxrss 182368 KB]
[busy 153 jiffies]
[exit 0]
--- c2 case 5 rec 1   load 0.56 0.73 0.80
[TEST MARISA]
Processing dataset...
Done!
Building trie...
Done!
build time: 639.996500 ms (639.996500 ns per key)
space cost: 6.703102 MB (41.659472% of original size 16.090223 MB)
Querying trie...
Done!
total time: 683.053907 ms, avg latency: 683.053907 ns
not implemented
639.996500,6.703102,683.053907
[PASSED]
[time 1.81 s, user 1.68 s, sys 0.12 s, maxrss 182276 KB]
[busy 187 jiffies]
[exit 0]
--- c2 case 5 rec 2   load 0.56 0.73 0.80
[TEST MARISA]
Processing dataset...
Done!
Building trie...
Done!
build time: 672.263480 ms (672.263480 ns per key)
space cost: 6.233802 MB (38.742793% of original size 16.090223 MB)
Querying trie...
Done!
total time: 763.431077 ms, avg latency: 763.431077 ns
not implemented
672.263480,6.233802,763.431077
[PASSED]
[time 1.92 s, user 1.79 s, sys 0.12 s, maxrss 182228 KB]
[busy 202 jiffies]
[exit 0]
--- c2 case 6 rec 0   load 0.60 0.73 0.80
[TEST PDT]
Processing dataset...
Done!
Building trie...
dict size: 161960, stream size: 6363323
Done!
build time: 3113.828520 ms (3113.828520 ns per key)
space cost: 7.499054 MB (46.606276% of original size 16.090223 MB)
Querying trie...
Done!
total time: 631.297523 ms, avg latency: 631.297523 ns
not implemented
3113.828520,7.499054,631.297523
[PASSED]
[time 4.24 s, user 4.13 s, sys 0.09 s, maxrss 166600 KB]
[busy 442 jiffies]
[exit 0]
--- c2 case 7 rec 0   load 0.63 0.74 0.80
[TEST ART]
Processing dataset...
Done!
Building trie...
Done!
build time: 136.099457 ms (136.099457 ns per key)
space cost: 33.565483 MB (208.607938% of original size 16.090223 MB)
Querying trie...
Done!
total time: 347.562971 ms, avg latency: 347.562971 ns
not implemented
136.099457,33.565483,347.562971
[PASSED]
[time 0.99 s, user 0.89 s, sys 0.09 s, maxrss 155940 KB]
[busy 103 jiffies]
[exit 0]
--- c2 case 8 rec 0   load 0.63 0.74 0.80
[TEST CART]
Processing dataset...
Done!
Building trie...
Done!
build time: 185.988561 ms (185.988561 ns per key)
space cost: 15.100161 MB (93.846806% of original size 16.090223 MB)
Querying trie...
Done!
total time: 422.627487 ms, avg latency: 422.627487 ns
not implemented
185.988561,15.100161,422.627487
[PASSED]
[time 1.12 s, user 1.03 s, sys 0.08 s, maxrss 146832 KB]
[busy 116 jiffies]
[exit 0]
--- xcdat 7   load 0.66 0.74 0.81
build time: 550.746016 ms
space cost: 11.666194 MiB (72.504860% of original size 16.090223 MiB)
avg latency: 231.799832 ns
550.746016,11.666194,231.799832
[time 1.29 s, user 1.19 s, sys 0.09 s, maxrss 147952 KB]
[busy 137 jiffies]
[exit 0]
--- xcdat 8   load 0.66 0.74 0.81
build time: 509.323041 ms
space cost: 11.129195 MiB (69.167438% of original size 16.090223 MiB)
avg latency: 217.700216 ns
509.323041,11.129195,217.700216
[time 1.23 s, user 1.13 s, sys 0.09 s, maxrss 147760 KB]
[busy 129 jiffies]
[exit 0]
--- xcdat 15   load 0.69 0.74 0.81
build time: 532.784161 ms
space cost: 12.949578 MiB (80.481035% of original size 16.090223 MiB)
avg latency: 190.495622 ns
532.784161,12.949578,190.495622
[time 1.22 s, user 1.13 s, sys 0.08 s, maxrss 148420 KB]
[busy 129 jiffies]
[exit 0]
--- xcdat 16   load 0.69 0.74 0.81
build time: 511.681884 ms
space cost: 13.463712 MiB (83.676351% of original size 16.090223 MiB)
avg latency: 211.373286 ns
511.681884,13.463712,211.373286
[time 1.23 s, user 1.11 s, sys 0.11 s, maxrss 149524 KB]
[busy 133 jiffies]
[exit 0]

##### urls-1000000 (1000000 lines, 53361181 bytes)   round 3/3   2026-09-24T13:27:00+03:00
--- lexindex dict32   load 0.63 0.73 0.80
1000000 keys
lexindex DictIndex block 32: build 391 ms, size 8.414 MiB (8.823 B/key), latency cold 427.8 ns, then mean 419.0 / min 416.4 ns
390.648,8.414411,427.781
[time 2.67 s, user 5.06 s, sys 0.36 s, maxrss 324812 KB]
[busy 567 jiffies]
[exit 0]
--- lexindex dict256   load 0.63 0.73 0.80
1000000 keys
lexindex DictIndex block 256: build 401 ms, size 7.163 MiB (7.511 B/key), latency cold 453.9 ns, then mean 454.8 / min 450.8 ns
400.592,7.163084,453.931
[time 2.80 s, user 5.31 s, sys 0.34 s, maxrss 321728 KB]
[busy 588 jiffies]
[exit 0]
--- lexindex dict1024   load 0.66 0.74 0.80
1000000 keys
lexindex DictIndex block 1024: build 429 ms, size 6.934 MiB (7.271 B/key), latency cold 509.1 ns, then mean 508.6 / min 505.5 ns
428.544,6.934203,509.050
[time 3.06 s, user 4.63 s, sys 0.30 s, maxrss 327204 KB]
[busy 512 jiffies]
[exit 0]
--- lexindex routed32   load 0.69 0.74 0.81
1000000 keys
lexindex DictIndex block 32 routed: build 394 ms, size 8.891 MiB (9.323 B/key), latency cold 411.1 ns, then mean 404.6 / min 404.0 ns
394.317,8.891248,411.090
[time 2.60 s, user 5.02 s, sys 0.34 s, maxrss 325128 KB]
[busy 556 jiffies]
[exit 0]
--- lexindex routed256   load 0.64 0.73 0.80
1000000 keys
lexindex DictIndex block 256 routed: build 395 ms, size 7.640 MiB (8.011 B/key), latency cold 391.6 ns, then mean 377.2 / min 373.2 ns
394.691,7.640013,391.617
[time 2.51 s, user 4.98 s, sys 0.35 s, maxrss 321356 KB]
[busy 554 jiffies]
[exit 0]
--- lexindex routed1024   load 0.64 0.73 0.80
1000000 keys
lexindex DictIndex block 1024 routed: build 430 ms, size 7.173 MiB (7.521 B/key), latency cold 410.3 ns, then mean 408.6 / min 404.2 ns
429.902,7.172729,410.341
[time 2.65 s, user 4.23 s, sys 0.29 s, maxrss 331896 KB]
[busy 473 jiffies]
[exit 0]
--- lexindex string   load 0.66 0.73 0.80
1000000 keys
lexindex StringIndex: build 1118 ms, size 16.099 MiB (16.881 B/key), latency cold 435.9 ns, then mean 434.0 / min 423.0 ns
1118.135,16.099341,435.934
[time 3.44 s, user 3.31 s, sys 0.11 s, maxrss 220284 KB]
[busy 365 jiffies]
[exit 0]
--- lexindex hashed0   load 0.69 0.74 0.80
1000000 keys
lexindex HashedDictIndex closed: build 509 ms, size 9.777 MiB (10.251 B/key), latency cold 61.2 ns, then mean 60.9 / min 60.1 ns
509.057,9.776591,61.246
[time 1.34 s, user 3.85 s, sys 0.36 s, maxrss 324300 KB]
[busy 440 jiffies]
[exit 0]
--- lexindex hashed8   load 0.69 0.74 0.80
1000000 keys
lexindex HashedDictIndex fp=8: build 513 ms, size 10.730 MiB (11.251 B/key), latency cold 78.3 ns, then mean 71.2 / min 70.8 ns
513.071,10.730266,78.263
[time 1.38 s, user 3.92 s, sys 0.33 s, maxrss 325272 KB]
[busy 445 jiffies]
[exit 0]
--- lexindex hashed16   load 1.76 0.96 0.87
1000000 keys
lexindex HashedDictIndex fp=16: build 514 ms, size 11.684 MiB (12.251 B/key), latency cold 74.4 ns, then mean 72.3 / min 71.5 ns
513.756,11.683940,74.394
[time 1.38 s, user 3.91 s, sys 0.34 s, maxrss 328264 KB]
[busy 440 jiffies]
[exit 0]
--- c2 case 0 rec 0   load 1.76 0.96 0.87
[TEST C2-FST]
Processing dataset...
Done!
Building trie...
Done!
build time: 1207.262192 ms (1207.262192 ns per key)
space cost: 11.640069 MB (23.310202% of original size 49.935513 MB)
Querying trie...
Done!
total time: 820.812692 ms, avg latency: 820.812692 ns
topology: 1.074997 MB, link: 2.347375 MB, data: 8.217697 MB
--- Unary Path Analysis (FST, cutoff=4) ---
  shared unary steps in main trie: 711966
  terminal suffixes: inplace=143732 (avg len=2.14)  links=800966 (84.8% of terminal)
  link len: avg=13.15  max=596  total_chars=10531952
  link length distribution (len:count):  4:63058  5:62039  6:59659  7:54131  8:47449  9:44821  10:40952  11:37727  12:34320  13:30594  14:29226  15:26885  16:26206  17:21450  18:19914  19:21120  20:19131  21:16702  22:14529  23:13405  24:12440  25:10970  26:9615  27:8669  28:7752  29:7002  30:6267  31:5704  32:4931  33:4493  34:4087  35:3562  36:3323  37:3007  38:2533  39:2401  40:2145  41:1856  42:1793  43:1565  44:1379  45:1246  46:1005  47:985  48:849  49:826  50:642  51:609  52:482  53:442  54:385  55:389  56:339  57:263  58:263  59:238  60:228  61:217  62:184  63:166  64:151  65:119  66:125  67:156  68:131  69:105  70:94  71:74  72:74  73:77  74:67  75:66  76:74  77:39  78:49  79:44  80:45  81:42  82:48  83:36  84:31  85:34  86:39  87:18  88:23  89:15  90:18  91:31  92:24  93:20  94:16  95:16  96:16  97:12  98:16  99:14  100:17  101:16  102:2  103:18  104:4  105:3  106:10  107:11  108:9  109:19  110:13  111:7  112:6  113:5  114:3  115:8  116:5  117:6  118:7  119:10  120:11  121:9  122:10  123:8  124:9  125:7  126:5  127:7  128:18  129:5  130:4  131:10  132:3  133:4  134:4  135:4  136:3  137:4  139:2  140:3  141:2  142:2  143:4  144:7  145:1  146:5  147:5  148:1  149:4  150:4  152:1  153:6  154:3  155:1  156:2  157:1  158:1  159:1  161:2  162:1  163:2  164:1  165:1  166:1  167:3  168:3  170:1  174:1  177:2  180:3  182:2  183:1  184:2  188:1  189:3  190:1  191:1  192:1  193:1  194:1  195:2  199:1  202:2  204:2  206:1  207:1  209:2  211:1  213:1  215:2  219:1  220:1  222:1  224:1  225:1  226:1  229:1  233:1  236:1  238:2  240:1  241:1  246:1  247:1  249:1  252:1  254:1  256:1  260:1  264:1  271:1  311:1  337:1  383:1  506:1  597:1
1207.262192,11.640069,820.812692
[PASSED]
[time 2.81 s, user 2.62 s, sys 0.17 s, maxrss 231264 KB]
[busy 294 jiffies]
[exit 0]
--- c2 case 0 rec 1   load 1.70 0.96 0.88
[TEST C2-FST]
Processing dataset...
Done!
Building trie...
trie size: 3.124794 MB
Done!
build time: 1545.707409 ms (1545.707409 ns per key)
space cost: 9.773470 MB (19.572183% of original size 49.935513 MB)
Querying trie...
Done!
total time: 983.715840 ms, avg latency: 983.715840 ns
topology: 1.480076 MB, link: 2.557474 MB, data: 5.735920 MB
--- Unary Path Analysis (FST, cutoff=4) ---
  shared unary steps in main trie: 711966
  terminal suffixes: inplace=143732 (avg len=2.14)  links=800966 (84.8% of terminal)
  link len: avg=13.15  max=596  total_chars=10531952
  link length distribution (len:count):  4:63058  5:62039  6:59659  7:54131  8:47449  9:44821  10:40952  11:37727  12:34320  13:30594  14:29226  15:26885  16:26206  17:21450  18:19914  19:21120  20:19131  21:16702  22:14529  23:13405  24:12440  25:10970  26:9615  27:8669  28:7752  29:7002  30:6267  31:5704  32:4931  33:4493  34:4087  35:3562  36:3323  37:3007  38:2533  39:2401  40:2145  41:1856  42:1793  43:1565  44:1379  45:1246  46:1005  47:985  48:849  49:826  50:642  51:609  52:482  53:442  54:385  55:389  56:339  57:263  58:263  59:238  60:228  61:217  62:184  63:166  64:151  65:119  66:125  67:156  68:131  69:105  70:94  71:74  72:74  73:77  74:67  75:66  76:74  77:39  78:49  79:44  80:45  81:42  82:48  83:36  84:31  85:34  86:39  87:18  88:23  89:15  90:18  91:31  92:24  93:20  94:16  95:16  96:16  97:12  98:16  99:14  100:17  101:16  102:2  103:18  104:4  105:3  106:10  107:11  108:9  109:19  110:13  111:7  112:6  113:5  114:3  115:8  116:5  117:6  118:7  119:10  120:11  121:9  122:10  123:8  124:9  125:7  126:5  127:7  128:18  129:5  130:4  131:10  132:3  133:4  134:4  135:4  136:3  137:4  139:2  140:3  141:2  142:2  143:4  144:7  145:1  146:5  147:5  148:1  149:4  150:4  152:1  153:6  154:3  155:1  156:2  157:1  158:1  159:1  161:2  162:1  163:2  164:1  165:1  166:1  167:3  168:3  170:1  174:1  177:2  180:3  182:2  183:1  184:2  188:1  189:3  190:1  191:1  192:1  193:1  194:1  195:2  199:1  202:2  204:2  206:1  207:1  209:2  211:1  213:1  215:2  219:1  220:1  222:1  224:1  225:1  226:1  229:1  233:1  236:1  238:2  240:1  241:1  246:1  247:1  249:1  252:1  254:1  256:1  260:1  264:1  271:1  311:1  337:1  383:1  506:1  597:1
1545.707409,9.773470,983.715840
[PASSED]
[time 3.33 s, user 3.15 s, sys 0.16 s, maxrss 227952 KB]
[busy 349 jiffies]
[exit 0]
--- c2 case 0 rec 2   load 1.64 0.96 0.88
[TEST C2-FST]
Processing dataset...
Done!
Building trie...
trie size: 3.124794 MB
trie size: 0.926831 MB
Done!
build time: 1702.131961 ms (1702.131961 ns per key)
space cost: 9.773470 MB (19.572183% of original size 49.935513 MB)
Querying trie...
Done!
total time: 972.026884 ms, avg latency: 972.026884 ns
topology: 1.480076 MB, link: 2.557474 MB, data: 5.735920 MB
--- Unary Path Analysis (FST, cutoff=4) ---
  shared unary steps in main trie: 711966
  terminal suffixes: inplace=143732 (avg len=2.14)  links=800966 (84.8% of terminal)
  link len: avg=13.15  max=596  total_chars=10531952
  link length distribution (len:count):  4:63058  5:62039  6:59659  7:54131  8:47449  9:44821  10:40952  11:37727  12:34320  13:30594  14:29226  15:26885  16:26206  17:21450  18:19914  19:21120  20:19131  21:16702  22:14529  23:13405  24:12440  25:10970  26:9615  27:8669  28:7752  29:7002  30:6267  31:5704  32:4931  33:4493  34:4087  35:3562  36:3323  37:3007  38:2533  39:2401  40:2145  41:1856  42:1793  43:1565  44:1379  45:1246  46:1005  47:985  48:849  49:826  50:642  51:609  52:482  53:442  54:385  55:389  56:339  57:263  58:263  59:238  60:228  61:217  62:184  63:166  64:151  65:119  66:125  67:156  68:131  69:105  70:94  71:74  72:74  73:77  74:67  75:66  76:74  77:39  78:49  79:44  80:45  81:42  82:48  83:36  84:31  85:34  86:39  87:18  88:23  89:15  90:18  91:31  92:24  93:20  94:16  95:16  96:16  97:12  98:16  99:14  100:17  101:16  102:2  103:18  104:4  105:3  106:10  107:11  108:9  109:19  110:13  111:7  112:6  113:5  114:3  115:8  116:5  117:6  118:7  119:10  120:11  121:9  122:10  123:8  124:9  125:7  126:5  127:7  128:18  129:5  130:4  131:10  132:3  133:4  134:4  135:4  136:3  137:4  139:2  140:3  141:2  142:2  143:4  144:7  145:1  146:5  147:5  148:1  149:4  150:4  152:1  153:6  154:3  155:1  156:2  157:1  158:1  159:1  161:2  162:1  163:2  164:1  165:1  166:1  167:3  168:3  170:1  174:1  177:2  180:3  182:2  183:1  184:2  188:1  189:3  190:1  191:1  192:1  193:1  194:1  195:2  199:1  202:2  204:2  206:1  207:1  209:2  211:1  213:1  215:2  219:1  220:1  222:1  224:1  225:1  226:1  229:1  233:1  236:1  238:2  240:1  241:1  246:1  247:1  249:1  252:1  254:1  256:1  260:1  264:1  271:1  311:1  337:1  383:1  506:1  597:1
1702.131961,9.773470,972.026884
[PASSED]
[time 3.47 s, user 3.30 s, sys 0.16 s, maxrss 227924 KB]
[busy 360 jiffies]
[exit 0]
--- c2 case 1 rec 0   load 1.59 0.96 0.88
[TEST C2-CoCo(LOUDS-Sparse)]
Processing dataset...
Done!
Building trie...
Done!
build time: 2478.018245 ms (2478.018245 ns per key)
space cost: 12.005466 MB (24.041940% of original size 49.935513 MB)
Querying trie...
Done!
total time: 887.805319 ms, avg latency: 887.805319 ns
topology: 0.422745 MB, link: 3.209543 MB, data: 8.373178 MB
2478.018245,12.005466,887.805319
[PASSED]
[time 4.12 s, user 3.90 s, sys 0.20 s, maxrss 407968 KB]
[busy 426 jiffies]
[exit 0]
--- c2 case 1 rec 1   load 1.54 0.96 0.88
[TEST C2-CoCo(LOUDS-Sparse)]
Processing dataset...
Done!
Building trie...
trie size: 3.124794 MB
Done!
build time: 2827.227291 ms (2827.227291 ns per key)
space cost: 10.138867 MB (20.303920% of original size 49.935513 MB)
Querying trie...
Done!
total time: 1012.114979 ms, avg latency: 1012.114979 ns
topology: 0.827824 MB, link: 3.419642 MB, data: 5.891401 MB
2827.227291,10.138867,1012.114979
[PASSED]
[time 4.63 s, user 4.38 s, sys 0.23 s, maxrss 398200 KB]
[busy 476 jiffies]
[exit 0]
--- c2 case 1 rec 2   load 1.50 0.96 0.88
[TEST C2-CoCo(LOUDS-Sparse)]
Processing dataset...
Done!
Building trie...
trie size: 3.124794 MB
trie size: 0.926831 MB
Done!
build time: 2946.801301 ms (2946.801301 ns per key)
space cost: 10.138867 MB (20.303920% of original size 49.935513 MB)
Querying trie...
Done!
total time: 1011.087739 ms, avg latency: 1011.087739 ns
topology: 0.827824 MB, link: 3.419642 MB, data: 5.891401 MB
2946.801301,10.138867,1011.087739
[PASSED]
[time 4.74 s, user 4.47 s, sys 0.25 s, maxrss 398324 KB]
[busy 491 jiffies]
[exit 0]
--- c2 case 2 rec 0   load 1.46 0.96 0.88
[TEST C2-MARISA]
Processing dataset...
Done!
Building trie...
trie size: 2.244002 MB
Done!
build time: 1202.880457 ms (1202.880457 ns per key)
space cost: 10.960715 MB (21.949740% of original size 49.935513 MB)
Querying trie...
Done!
total time: 481.681095 ms, avg latency: 481.681095 ns
topology: 0.743214 MB, link: 2.809175 MB, data: 7.387818 MB
--- Unary Path Analysis (Marisa, cutoff=3) ---
  branches: 1527762  |  single-char: 409800 (26.8%)  short-unary: 94203 (6.2%)  links: 1023759 (67.0%)
  link len: avg=12.97  max=598  total_chars=13282609
  link length distribution (len:count):  3:78091  4:83418  5:77115  6:71727  7:67342  8:60401  9:52007  10:48612  11:43341  12:39688  13:35797  14:31899  15:30173  16:27648  17:26857  18:22212  19:20563  20:21642  21:19617  22:17114  23:14842  24:13684  25:12695  26:11175  27:9829  28:8848  29:7935  30:7132  31:6445  32:5847  33:5055  34:4589  35:4148  36:3637  37:3382  38:3086  39:2567  40:2441  41:2168  42:1886  43:1827  44:1585  45:1405  46:1260  47:1016  48:995  49:861  50:844  51:650  52:616  53:486  54:450  55:392  56:393  57:345  58:266  59:265  60:240  61:230  62:219  63:185  64:166  65:151  66:119  67:125  68:158  69:131  70:105  71:94  72:74  73:75  74:77  75:68  76:66  77:74  78:40  79:49  80:44  81:45  82:43  83:48  84:36  85:31  86:35  87:40  88:19  89:24  90:15  91:18  92:31  93:24  94:20  95:16  96:16  97:16  98:12  99:16  100:14  101:17  102:16  103:2  104:18  105:4  106:3  107:10  108:11  109:9  110:19  111:13  112:7  113:6  114:5  115:3  116:8  117:5  118:6  119:8  120:10  121:11  122:9  123:10  124:8  125:9  126:7  127:5  128:7  129:18  130:5  131:4  132:10  133:3  134:4  135:4  136:4  137:4  138:4  140:2  141:3  142:2  143:2  144:4  145:7  146:1  147:5  148:5  149:1  150:4  151:4  153:1  154:6  155:3  156:1  157:2  158:1  159:1  160:1  162:2  163:1  164:2  165:1  166:1  167:1  168:3  169:3  171:1  175:1  178:2  181:3  183:2  184:1  185:2  189:1  190:3  191:1  192:1  193:1  194:1  195:1  196:2  200:1  203:2  205:2  207:1  208:1  210:2  212:1  214:1  216:2  220:1  221:1  223:1  225:1  226:1  227:1  230:1  234:1  237:1  239:2  241:1  242:1  247:1  248:1  250:1  253:1  255:1  257:1  261:1  265:1  272:1  312:1  338:1  384:1  507:1  598:1
  short unary avg len: 2.00
1202.880457,10.960715,481.681095
[PASSED]
[time 2.46 s, user 2.28 s, sys 0.17 s, maxrss 246756 KB]
[busy 259 jiffies]
[exit 0]
--- c2 case 2 rec 1   load 1.42 0.96 0.88
[TEST C2-MARISA]
Processing dataset...
Done!
Building trie...
trie size: 2.244002 MB
trie size: 3.864603 MB
Done!
build time: 1599.225965 ms (1599.225965 ns per key)
space cost: 8.779989 MB (17.582655% of original size 49.935513 MB)
Querying trie...
Done!
total time: 619.893271 ms, avg latency: 619.893271 ns
topology: 1.217873 MB, link: 3.069385 MB, data: 4.472224 MB
--- Unary Path Analysis (Marisa, cutoff=3) ---
  branches: 1527762  |  single-char: 409800 (26.8%)  short-unary: 94203 (6.2%)  links: 1023759 (67.0%)
  link len: avg=12.97  max=598  total_chars=13282609
  link length distribution (len:count):  3:78091  4:83418  5:77115  6:71727  7:67342  8:60401  9:52007  10:48612  11:43341  12:39688  13:35797  14:31899  15:30173  16:27648  17:26857  18:22212  19:20563  20:21642  21:19617  22:17114  23:14842  24:13684  25:12695  26:11175  27:9829  28:8848  29:7935  30:7132  31:6445  32:5847  33:5055  34:4589  35:4148  36:3637  37:3382  38:3086  39:2567  40:2441  41:2168  42:1886  43:1827  44:1585  45:1405  46:1260  47:1016  48:995  49:861  50:844  51:650  52:616  53:486  54:450  55:392  56:393  57:345  58:266  59:265  60:240  61:230  62:219  63:185  64:166  65:151  66:119  67:125  68:158  69:131  70:105  71:94  72:74  73:75  74:77  75:68  76:66  77:74  78:40  79:49  80:44  81:45  82:43  83:48  84:36  85:31  86:35  87:40  88:19  89:24  90:15  91:18  92:31  93:24  94:20  95:16  96:16  97:16  98:12  99:16  100:14  101:17  102:16  103:2  104:18  105:4  106:3  107:10  108:11  109:9  110:19  111:13  112:7  113:6  114:5  115:3  116:8  117:5  118:6  119:8  120:10  121:11  122:9  123:10  124:8  125:9  126:7  127:5  128:7  129:18  130:5  131:4  132:10  133:3  134:4  135:4  136:4  137:4  138:4  140:2  141:3  142:2  143:2  144:4  145:7  146:1  147:5  148:5  149:1  150:4  151:4  153:1  154:6  155:3  156:1  157:2  158:1  159:1  160:1  162:2  163:1  164:2  165:1  166:1  167:1  168:3  169:3  171:1  175:1  178:2  181:3  183:2  184:1  185:2  189:1  190:3  191:1  192:1  193:1  194:1  195:1  196:2  200:1  203:2  205:2  207:1  208:1  210:2  212:1  214:1  216:2  220:1  221:1  223:1  225:1  226:1  227:1  230:1  234:1  237:1  239:2  241:1  242:1  247:1  248:1  250:1  253:1  255:1  257:1  261:1  265:1  272:1  312:1  338:1  384:1  507:1  598:1
  short unary avg len: 2.00
1599.225965,8.779989,619.893271
[PASSED]
[time 3.02 s, user 2.79 s, sys 0.21 s, maxrss 242260 KB]
[busy 312 jiffies]
[exit 0]
--- c2 case 2 rec 2   load 1.39 0.97 0.88
[TEST C2-MARISA]
Processing dataset...
Done!
Building trie...
trie size: 2.244002 MB
trie size: 3.864603 MB
trie size: 1.068947 MB
Done!
build time: 1721.502604 ms (1721.502604 ns per key)
space cost: 8.365690 MB (16.752987% of original size 49.935513 MB)
Querying trie...
Done!
total time: 700.441192 ms, avg latency: 700.441192 ns
topology: 1.410183 MB, link: 3.158367 MB, data: 3.776632 MB
--- Unary Path Analysis (Marisa, cutoff=3) ---
  branches: 1527762  |  single-char: 409800 (26.8%)  short-unary: 94203 (6.2%)  links: 1023759 (67.0%)
  link len: avg=12.97  max=598  total_chars=13282609
  link length distribution (len:count):  3:78091  4:83418  5:77115  6:71727  7:67342  8:60401  9:52007  10:48612  11:43341  12:39688  13:35797  14:31899  15:30173  16:27648  17:26857  18:22212  19:20563  20:21642  21:19617  22:17114  23:14842  24:13684  25:12695  26:11175  27:9829  28:8848  29:7935  30:7132  31:6445  32:5847  33:5055  34:4589  35:4148  36:3637  37:3382  38:3086  39:2567  40:2441  41:2168  42:1886  43:1827  44:1585  45:1405  46:1260  47:1016  48:995  49:861  50:844  51:650  52:616  53:486  54:450  55:392  56:393  57:345  58:266  59:265  60:240  61:230  62:219  63:185  64:166  65:151  66:119  67:125  68:158  69:131  70:105  71:94  72:74  73:75  74:77  75:68  76:66  77:74  78:40  79:49  80:44  81:45  82:43  83:48  84:36  85:31  86:35  87:40  88:19  89:24  90:15  91:18  92:31  93:24  94:20  95:16  96:16  97:16  98:12  99:16  100:14  101:17  102:16  103:2  104:18  105:4  106:3  107:10  108:11  109:9  110:19  111:13  112:7  113:6  114:5  115:3  116:8  117:5  118:6  119:8  120:10  121:11  122:9  123:10  124:8  125:9  126:7  127:5  128:7  129:18  130:5  131:4  132:10  133:3  134:4  135:4  136:4  137:4  138:4  140:2  141:3  142:2  143:2  144:4  145:7  146:1  147:5  148:5  149:1  150:4  151:4  153:1  154:6  155:3  156:1  157:2  158:1  159:1  160:1  162:2  163:1  164:2  165:1  166:1  167:1  168:3  169:3  171:1  175:1  178:2  181:3  183:2  184:1  185:2  189:1  190:3  191:1  192:1  193:1  194:1  195:1  196:2  200:1  203:2  205:2  207:1  208:1  210:2  212:1  214:1  216:2  220:1  221:1  223:1  225:1  226:1  227:1  230:1  234:1  237:1  239:2  241:1  242:1  247:1  248:1  250:1  253:1  255:1  257:1  261:1  265:1  272:1  312:1  338:1  384:1  507:1  598:1
  short unary avg len: 2.00
1721.502604,8.365690,700.441192
[PASSED]
[time 3.22 s, user 3.01 s, sys 0.19 s, maxrss 242128 KB]
[busy 332 jiffies]
[exit 0]
--- c2 case 3 rec 0   load 1.28 0.95 0.88
[TEST FST]
Processing dataset...
Done!
Building trie...
Done!
build time: 1422.237934 ms (1422.237934 ns per key)
space cost: 12.952020 MB (25.937492% of original size 49.935513 MB)
Querying trie...
Done!
total time: 1203.608167 ms, avg latency: 1203.608167 ns
not implemented
1422.237934,12.952020,1203.608167
[PASSED]
[time 3.42 s, user 3.27 s, sys 0.13 s, maxrss 215324 KB]
[busy 354 jiffies]
[exit 0]
--- c2 case 4 rec 0   load 1.28 0.95 0.88
[TEST COCO]
Processing dataset...
Done!
Building trie...
num nodes = 618926, average depth = 10.757375
ef = 0.000126, pa = 0.112513, bv = 0.000294, de = 0.664175
efr = 0.000805, par = 0.102747, bvr = 0.000005, der = 0.119336
Done!
build time: 30866.285250 ms (30866.285250 ns per key)
space cost: 17.219774 MB (34.484023% of original size 49.935513 MB)
Querying trie...
Done!
total time: 1349.351772 ms, avg latency: 1349.351772 ns
not implemented
30866.285250,17.219774,1349.351772
[PASSED]
[time 34.12 s, user 27.20 s, sys 6.78 s, maxrss 15528396 KB]
[busy 3497 jiffies]
[exit 0]
--- c2 case 5 rec 0   load 1.15 0.96 0.88
[TEST MARISA]
Processing dataset...
Done!
Building trie...
Done!
build time: 997.413840 ms (997.413840 ns per key)
space cost: 13.234698 MB (26.503579% of original size 49.935513 MB)
Querying trie...
Done!
total time: 583.084420 ms, avg latency: 583.084420 ns
not implemented
997.413840,13.234698,583.084420
[PASSED]
[time 2.35 s, user 2.19 s, sys 0.14 s, maxrss 267924 KB]
[busy 248 jiffies]
[exit 0]
--- c2 case 5 rec 1   load 1.14 0.96 0.89
[TEST MARISA]
Processing dataset...
Done!
Building trie...
Done!
build time: 1186.064248 ms (1186.064248 ns per key)
space cost: 8.973619 MB (17.970414% of original size 49.935513 MB)
Querying trie...
Done!
total time: 884.311755 ms, avg latency: 884.311755 ns
not implemented
1186.064248,8.973619,884.311755
[PASSED]
[time 2.83 s, user 2.64 s, sys 0.18 s, maxrss 267956 KB]
[busy 294 jiffies]
[exit 0]
--- c2 case 5 rec 2   load 1.13 0.96 0.89
[TEST MARISA]
Processing dataset...
Done!
Building trie...
Done!
build time: 1240.132604 ms (1240.132604 ns per key)
space cost: 8.005336 MB (16.031348% of original size 49.935513 MB)
Querying trie...
Done!
total time: 997.647329 ms, avg latency: 997.647329 ns
not implemented
1240.132604,8.005336,997.647329
[PASSED]
[time 3.01 s, user 2.83 s, sys 0.16 s, maxrss 267880 KB]
[busy 311 jiffies]
[exit 0]
--- c2 case 6 rec 0   load 1.12 0.96 0.89
[TEST PDT]
Processing dataset...
Done!
Building trie...
dict size: 156062, stream size: 7596722
Done!
build time: 3633.770871 ms (3633.770871 ns per key)
space cost: 8.669690 MB (17.361772% of original size 49.935513 MB)
Querying trie...
Done!
total time: 746.881783 ms, avg latency: 746.881783 ns
not implemented
3633.770871,8.669690,746.881783
[PASSED]
[time 5.17 s, user 4.96 s, sys 0.18 s, maxrss 298792 KB]
[busy 532 jiffies]
[exit 0]
--- c2 case 7 rec 0   load 1.11 0.96 0.89
[TEST ART]
Processing dataset...
Done!
Building trie...
Done!
build time: 312.938524 ms (312.938524 ns per key)
space cost: 32.934517 MB (65.954097% of original size 49.935513 MB)
Querying trie...
Done!
total time: 616.386362 ms, avg latency: 616.386362 ns
not implemented
312.938524,32.934517,616.386362
[PASSED]
[time 1.74 s, user 1.56 s, sys 0.16 s, maxrss 290824 KB]
[busy 182 jiffies]
[exit 0]
--- c2 case 8 rec 0   load 1.02 0.94 0.88
[TEST CART]
Processing dataset...
Done!
Building trie...
Done!
build time: 360.281772 ms (360.281772 ns per key)
space cost: 15.060642 MB (30.160183% of original size 49.935513 MB)
Querying trie...
Done!
total time: 652.249978 ms, avg latency: 652.249978 ns
not implemented
360.281772,15.060642,652.249978
[PASSED]
[time 1.82 s, user 1.67 s, sys 0.14 s, maxrss 278368 KB]
[busy 193 jiffies]
[exit 0]
--- xcdat 7   load 1.02 0.94 0.88
build time: 1161.577161 ms
space cost: 15.639350 MiB (31.319093% of original size 49.935513 MiB)
avg latency: 398.998801 ns
1161.577161,15.639350,398.998801
[time 2.35 s, user 2.16 s, sys 0.17 s, maxrss 231044 KB]
[busy 241 jiffies]
[exit 0]
--- xcdat 8   load 1.02 0.95 0.88
build time: 1126.211511 ms
space cost: 15.165496 MiB (30.370161% of original size 49.935513 MiB)
avg latency: 374.672706 ns
1126.211511,15.165496,374.672706
[time 2.30 s, user 2.14 s, sys 0.14 s, maxrss 231100 KB]
[busy 241 jiffies]
[exit 0]
--- xcdat 15   load 1.02 0.95 0.88
build time: 1156.085340 ms
space cost: 17.302892 MiB (34.650473% of original size 49.935513 MiB)
avg latency: 362.077447 ns
1156.085340,17.302892,362.077447
[time 2.31 s, user 2.13 s, sys 0.16 s, maxrss 231328 KB]
[busy 240 jiffies]
[exit 0]
--- xcdat 16   load 1.02 0.95 0.89
build time: 1124.613778 ms
space cost: 17.859698 MiB (35.765524% of original size 49.935513 MiB)
avg latency: 377.008716 ns
1124.613778,17.859698,377.008716
[time 2.29 s, user 2.12 s, sys 0.16 s, maxrss 231260 KB]
[busy 236 jiffies]
[exit 0]

##### uuid-1000000 (1000000 lines, 37000000 bytes)   round 3/3   2026-09-24T13:29:31+03:00
--- lexindex dict32   load 1.01 0.95 0.89
1000000 keys
lexindex DictIndex block 32: build 213 ms, size 17.741 MiB (18.603 B/key), latency cold 424.6 ns, then mean 422.0 / min 417.1 ns
213.462,17.741351,424.616
[time 2.40 s, user 3.18 s, sys 0.36 s, maxrss 247432 KB]
[busy 366 jiffies]
[exit 0]
--- lexindex dict256   load 1.01 0.95 0.89
1000000 keys
lexindex DictIndex block 256: build 221 ms, size 17.205 MiB (18.040 B/key), latency cold 414.1 ns, then mean 410.1 / min 408.2 ns
221.142,17.204642,414.069
[time 2.35 s, user 3.21 s, sys 0.34 s, maxrss 226416 KB]
[busy 371 jiffies]
[exit 0]
--- lexindex dict1024   load 2.21 1.20 0.97
1000000 keys
lexindex DictIndex block 1024: build 207 ms, size 17.065 MiB (17.894 B/key), latency cold 430.0 ns, then mean 427.6 / min 426.5 ns
207.036,17.064983,429.979
[time 2.41 s, user 2.81 s, sys 0.18 s, maxrss 236488 KB]
[busy 314 jiffies]
[exit 0]
--- lexindex routed32   load 2.12 1.19 0.97
1000000 keys
lexindex DictIndex block 32 routed: build 215 ms, size 18.218 MiB (19.103 B/key), latency cold 379.4 ns, then mean 381.9 / min 376.0 ns
214.519,18.218188,379.437
[time 2.23 s, user 3.00 s, sys 0.37 s, maxrss 254012 KB]
[busy 353 jiffies]
[exit 0]
--- lexindex routed256   load 2.12 1.19 0.97
1000000 keys
lexindex DictIndex block 256 routed: build 217 ms, size 17.682 MiB (18.540 B/key), latency cold 356.4 ns, then mean 353.0 / min 348.7 ns
217.244,17.681571,356.361
[time 2.13 s, user 2.91 s, sys 0.33 s, maxrss 222592 KB]
[busy 339 jiffies]
[exit 0]
--- lexindex routed1024   load 2.03 1.19 0.97
1000000 keys
lexindex DictIndex block 1024 routed: build 207 ms, size 17.304 MiB (18.144 B/key), latency cold 358.4 ns, then mean 358.9 / min 357.9 ns
206.987,17.303509,358.357
[time 2.15 s, user 2.54 s, sys 0.20 s, maxrss 244488 KB]
[busy 287 jiffies]
[exit 0]
--- lexindex string   load 1.94 1.19 0.97
1000000 keys
lexindex StringIndex: build 2336 ms, size 35.389 MiB (37.108 B/key), latency cold 427.0 ns, then mean 425.5 / min 424.1 ns
2336.054,35.389391,426.962
[time 4.52 s, user 4.39 s, sys 0.10 s, maxrss 199248 KB]
[busy 467 jiffies]
[exit 0]
--- lexindex hashed0   load 1.87 1.18 0.97
1000000 keys
lexindex HashedDictIndex closed: build 316 ms, size 19.818 MiB (20.781 B/key), latency cold 59.5 ns, then mean 58.2 / min 57.8 ns
315.577,19.818487,59.474
[time 1.03 s, user 1.88 s, sys 0.35 s, maxrss 223484 KB]
[busy 232 jiffies]
[exit 0]
--- lexindex hashed8   load 1.87 1.18 0.97
1000000 keys
lexindex HashedDictIndex fp=8: build 312 ms, size 20.772 MiB (21.781 B/key), latency cold 68.6 ns, then mean 67.1 / min 66.7 ns
311.846,20.772161,68.650
[time 1.07 s, user 1.86 s, sys 0.38 s, maxrss 230028 KB]
[busy 234 jiffies]
[exit 0]
--- lexindex hashed16   load 1.72 1.16 0.96
1000000 keys
lexindex HashedDictIndex fp=16: build 315 ms, size 21.726 MiB (22.781 B/key), latency cold 72.2 ns, then mean 69.2 / min 69.1 ns
314.997,21.725836,72.165
[time 1.08 s, user 1.93 s, sys 0.34 s, maxrss 224228 KB]
[busy 238 jiffies]
[exit 0]
--- c2 case 0 rec 0   load 1.72 1.16 0.96
[TEST C2-FST]
Processing dataset...
Done!
Building trie...
Done!
build time: 1104.186841 ms (1104.186841 ns per key)
space cost: 22.510774 MB (65.567381% of original size 34.332275 MB)
Querying trie...
Done!
total time: 442.243437 ms, avg latency: 442.243437 ns
topology: 0.773712 MB, link: 3.131501 MB, data: 18.605560 MB
--- Unary Path Analysis (FST, cutoff=4) ---
  shared unary steps in main trie: 13682
  terminal suffixes: inplace=0 (avg len=0.00)  links=1000000 (100.0% of terminal)
  link len: avg=29.32  max=30  total_chars=29323284
  link length distribution (len:count):  24:2  25:10  26:206  28:3376  29:54458  30:556568  31:385380
1104.186841,22.510774,442.243437
[PASSED]
[time 2.23 s, user 2.04 s, sys 0.17 s, maxrss 312140 KB]
[busy 231 jiffies]
[exit 0]
--- c2 case 0 rec 1   load 1.66 1.16 0.97
[TEST C2-FST]
Processing dataset...
Done!
Building trie...
trie size: 4.445807 MB
Done!
build time: 2049.021813 ms (2049.021813 ns per key)
space cost: 22.510774 MB (65.567381% of original size 34.332275 MB)
Querying trie...
Done!
total time: 445.783950 ms, avg latency: 445.783950 ns
topology: 0.773712 MB, link: 3.131501 MB, data: 18.605560 MB
--- Unary Path Analysis (FST, cutoff=4) ---
  shared unary steps in main trie: 13682
  terminal suffixes: inplace=0 (avg len=0.00)  links=1000000 (100.0% of terminal)
  link len: avg=29.32  max=30  total_chars=29323284
  link length distribution (len:count):  24:2  25:10  26:206  28:3376  29:54458  30:556568  31:385380
2049.021813,22.510774,445.783950
[PASSED]
[time 3.18 s, user 2.97 s, sys 0.19 s, maxrss 361352 KB]
[busy 331 jiffies]
[exit 0]
--- c2 case 0 rec 2   load 1.53 1.14 0.96
[TEST C2-FST]
Processing dataset...
Done!
Building trie...
trie size: 4.445807 MB
Done!
build time: 2054.493335 ms (2054.493335 ns per key)
space cost: 22.510774 MB (65.567381% of original size 34.332275 MB)
Querying trie...
Done!
total time: 436.984685 ms, avg latency: 436.984685 ns
topology: 0.773712 MB, link: 3.131501 MB, data: 18.605560 MB
--- Unary Path Analysis (FST, cutoff=4) ---
  shared unary steps in main trie: 13682
  terminal suffixes: inplace=0 (avg len=0.00)  links=1000000 (100.0% of terminal)
  link len: avg=29.32  max=30  total_chars=29323284
  link length distribution (len:count):  24:2  25:10  26:206  28:3376  29:54458  30:556568  31:385380
2054.493335,22.510774,436.984685
[PASSED]
[time 3.18 s, user 2.96 s, sys 0.20 s, maxrss 361676 KB]
[busy 330 jiffies]
[exit 0]
--- c2 case 1 rec 0   load 1.53 1.14 0.96
[TEST C2-CoCo(LOUDS-Sparse)]
Processing dataset...
Done!
Building trie...
Done!
build time: 1458.943010 ms (1458.943010 ns per key)
space cost: 21.333610 MB (62.138642% of original size 34.332275 MB)
Querying trie...
Done!
total time: 500.228054 ms, avg latency: 500.228054 ns
topology: 0.346375 MB, link: 3.293192 MB, data: 17.694043 MB
1458.943010,21.333610,500.228054
[PASSED]
[time 2.63 s, user 2.39 s, sys 0.22 s, maxrss 431084 KB]
[busy 272 jiffies]
[exit 0]
--- c2 case 1 rec 1   load 1.49 1.14 0.96
[TEST C2-CoCo(LOUDS-Sparse)]
Processing dataset...
Done!
Building trie...
trie size: 4.445807 MB
Done!
build time: 2417.243737 ms (2417.243737 ns per key)
space cost: 21.333610 MB (62.138642% of original size 34.332275 MB)
Querying trie...
Done!
total time: 498.741480 ms, avg latency: 498.741480 ns
topology: 0.346375 MB, link: 3.293192 MB, data: 17.694043 MB
2417.243737,21.333610,498.741480
[PASSED]
[time 3.60 s, user 3.34 s, sys 0.24 s, maxrss 474836 KB]
[busy 372 jiffies]
[exit 0]
--- c2 case 1 rec 2   load 1.45 1.14 0.96
[TEST C2-CoCo(LOUDS-Sparse)]
Processing dataset...
Done!
Building trie...
trie size: 4.445807 MB
Done!
build time: 2395.878878 ms (2395.878878 ns per key)
space cost: 21.333610 MB (62.138642% of original size 34.332275 MB)
Querying trie...
Done!
total time: 502.813152 ms, avg latency: 502.813152 ns
topology: 0.346375 MB, link: 3.293192 MB, data: 17.694043 MB
2395.878878,21.333610,502.813152
[PASSED]
[time 3.58 s, user 3.33 s, sys 0.22 s, maxrss 474528 KB]
[busy 370 jiffies]
[exit 0]
--- c2 case 2 rec 0   load 1.41 1.13 0.96
[TEST C2-MARISA]
Processing dataset...
Done!
Building trie...
trie size: 1.966455 MB
Done!
build time: 1044.876082 ms (1044.876082 ns per key)
space cost: 21.883573 MB (63.740525% of original size 34.332275 MB)
Querying trie...
Done!
total time: 365.043140 ms, avg latency: 365.043140 ns
topology: 0.650684 MB, link: 2.984713 MB, data: 18.227668 MB
--- Unary Path Analysis (Marisa, cutoff=3) ---
  branches: 1358149  |  single-char: 345387 (25.4%)  short-unary: 12003 (0.9%)  links: 1000759 (73.7%)
  link len: avg=31.30  max=32  total_chars=31325722
  link length distribution (len:count):  3:655  4:51  5:49  6:4  25:2  26:10  27:206  29:3376  30:54458  31:556568  32:385380
  short unary avg len: 2.00
1044.876082,21.883573,365.043140
[PASSED]
[time 2.10 s, user 1.90 s, sys 0.18 s, maxrss 313444 KB]
[busy 220 jiffies]
[exit 0]
--- c2 case 2 rec 1   load 1.30 1.11 0.96
[TEST C2-MARISA]
Processing dataset...
Done!
Building trie...
trie size: 1.966455 MB
trie size: 4.448333 MB
Done!
build time: 1959.142730 ms (1959.142730 ns per key)
space cost: 21.883573 MB (63.740525% of original size 34.332275 MB)
Querying trie...
Done!
total time: 364.126448 ms, avg latency: 364.126448 ns
topology: 0.650684 MB, link: 2.984713 MB, data: 18.227668 MB
--- Unary Path Analysis (Marisa, cutoff=3) ---
  branches: 1358149  |  single-char: 345387 (25.4%)  short-unary: 12003 (0.9%)  links: 1000759 (73.7%)
  link len: avg=31.30  max=32  total_chars=31325722
  link length distribution (len:count):  3:655  4:51  5:49  6:4  25:2  26:10  27:206  29:3376  30:54458  31:556568  32:385380
  short unary avg len: 2.00
1959.142730,21.883573,364.126448
[PASSED]
[time 3.02 s, user 2.80 s, sys 0.20 s, maxrss 361856 KB]
[busy 310 jiffies]
[exit 0]
--- c2 case 2 rec 2   load 1.30 1.11 0.96
[TEST C2-MARISA]
Processing dataset...
Done!
Building trie...
trie size: 1.966455 MB
trie size: 4.448333 MB
Done!
build time: 1964.949112 ms (1964.949112 ns per key)
space cost: 21.883573 MB (63.740525% of original size 34.332275 MB)
Querying trie...
Done!
total time: 367.120233 ms, avg latency: 367.120233 ns
topology: 0.650684 MB, link: 2.984713 MB, data: 18.227668 MB
--- Unary Path Analysis (Marisa, cutoff=3) ---
  branches: 1358149  |  single-char: 345387 (25.4%)  short-unary: 12003 (0.9%)  links: 1000759 (73.7%)
  link len: avg=31.30  max=32  total_chars=31325722
  link length distribution (len:count):  3:655  4:51  5:49  6:4  25:2  26:10  27:206  29:3376  30:54458  31:556568  32:385380
  short unary avg len: 2.00
1964.949112,21.883573,367.120233
[PASSED]
[time 3.02 s, user 2.80 s, sys 0.21 s, maxrss 361764 KB]
[busy 317 jiffies]
[exit 0]
--- c2 case 3 rec 0   load 1.27 1.11 0.96
[TEST FST]
Processing dataset...
Done!
Building trie...
Done!
build time: 840.150405 ms (840.150405 ns per key)
space cost: 34.505507 MB (100.504572% of original size 34.332275 MB)
Querying trie...
Done!
total time: 459.143817 ms, avg latency: 459.143817 ns
not implemented
840.150405,34.505507,459.143817
[PASSED]
[time 2.01 s, user 1.86 s, sys 0.13 s, maxrss 207400 KB]
[busy 210 jiffies]
[exit 0]
--- c2 case 4 rec 0   skipped: exit 134 in round 1
--- c2 case 5 rec 0   load 1.25 1.11 0.96
[TEST MARISA]
Processing dataset...
Done!
Building trie...
Done!
build time: 676.726445 ms (676.726445 ns per key)
space cost: 34.975940 MB (101.874808% of original size 34.332275 MB)
Querying trie...
Done!
total time: 531.284466 ms, avg latency: 531.284466 ns
not implemented
676.726445,34.975940,531.284466
[PASSED]
[time 1.89 s, user 1.69 s, sys 0.19 s, maxrss 282308 KB]
[busy 196 jiffies]
[exit 0]
--- c2 case 5 rec 1   load 1.25 1.11 0.96
[TEST MARISA]
Processing dataset...
Done!
Building trie...
Done!
build time: 1058.017658 ms (1058.017658 ns per key)
space cost: 33.974524 MB (98.957975% of original size 34.332275 MB)
Querying trie...
Done!
total time: 797.037006 ms, avg latency: 797.037006 ns
not implemented
1058.017658,33.974524,797.037006
[PASSED]
[time 2.54 s, user 2.36 s, sys 0.16 s, maxrss 251816 KB]
[busy 265 jiffies]
[exit 0]
--- c2 case 5 rec 2   load 1.23 1.11 0.96
[TEST MARISA]
Processing dataset...
Done!
Building trie...
Done!
build time: 1325.354486 ms (1325.354486 ns per key)
space cost: 32.972683 MB (96.039900% of original size 34.332275 MB)
Querying trie...
Done!
total time: 1141.658508 ms, avg latency: 1141.658508 ns
not implemented
1325.354486,32.972683,1141.658508
[PASSED]
[time 3.14 s, user 2.97 s, sys 0.16 s, maxrss 273016 KB]
[busy 327 jiffies]
[exit 0]
--- c2 case 6 rec 0   load 1.21 1.11 0.96
[TEST PDT]
Processing dataset...
Done!
Building trie...
dict size: 166618, stream size: 19935113
Done!
build time: 16668.011337 ms (16668.011337 ns per key)
space cost: 20.446564 MB (59.554933% of original size 34.332275 MB)
Querying trie...
Done!
total time: 730.459441 ms, avg latency: 730.459441 ns
not implemented
16668.011337,20.446564,730.459441
[PASSED]
[time 18.10 s, user 17.58 s, sys 0.45 s, maxrss 648308 KB]
[busy 1865 jiffies]
[exit 0]
--- c2 case 7 rec 0   load 1.15 1.10 0.96
[TEST ART]
Processing dataset...
Done!
Building trie...
Done!
build time: 190.163932 ms (190.163932 ns per key)
space cost: 25.565071 MB (74.463667% of original size 34.332275 MB)
Querying trie...
Done!
total time: 374.762254 ms, avg latency: 374.762254 ns
not implemented
190.163932,25.565071,374.762254
[PASSED]
[time 1.28 s, user 1.15 s, sys 0.12 s, maxrss 225080 KB]
[busy 134 jiffies]
[exit 0]
--- c2 case 8 rec 0   load 1.15 1.10 0.96
[TEST CART]
Processing dataset...
Done!
Building trie...
Done!
build time: 222.871597 ms (222.871597 ns per key)
space cost: 12.300360 MB (35.827394% of original size 34.332275 MB)
Querying trie...
Done!
total time: 371.910375 ms, avg latency: 371.910375 ns
not implemented
222.871597,12.300360,371.910375
[PASSED]
[time 1.32 s, user 1.20 s, sys 0.11 s, maxrss 214608 KB]
[busy 138 jiffies]
[exit 0]
--- xcdat 7   load 1.06 1.08 0.95
build time: 865.272476 ms
space cost: 36.820305 MiB (107.246911% of original size 34.332275 MiB)
avg latency: 352.827294 ns
865.272476,36.820305,352.827294
[time 1.91 s, user 1.76 s, sys 0.14 s, maxrss 231584 KB]
[busy 197 jiffies]
[exit 0]
--- xcdat 8   load 1.06 1.08 0.95
build time: 793.743707 ms
space cost: 36.200803 MiB (105.442481% of original size 34.332275 MiB)
avg latency: 358.769410 ns
793.743707,36.200803,358.769410
[time 1.83 s, user 1.68 s, sys 0.15 s, maxrss 230848 KB]
[busy 192 jiffies]
[exit 0]
--- xcdat 15   load 1.05 1.08 0.95
build time: 814.356083 ms
space cost: 37.074831 MiB (107.988272% of original size 34.332275 MiB)
avg latency: 329.628939 ns
814.356083,37.074831,329.628939
[time 1.83 s, user 1.67 s, sys 0.15 s, maxrss 230948 KB]
[busy 191 jiffies]
[exit 0]
--- xcdat 16   load 1.05 1.08 0.95
build time: 791.911805 ms
space cost: 37.473558 MiB (109.149650% of original size 34.332275 MiB)
avg latency: 341.563056 ns
791.911805,37.473558,341.563056
[time 1.84 s, user 1.69 s, sys 0.14 s, maxrss 231184 KB]
[busy 191 jiffies]
[exit 0]

campaign done 2026-09-24T13:31:27+03:00, load 1.05 1.08 0.96
