frontier campaign
date: 2026-09-15T15:04:01+03:00
host: arz
commit: 3d107c4
table: frontier-1m
lexindex: 3.0.0
kernel: Linux 7.2.5-200.fc44.x86_64 x86_64
cpu: AMD Ryzen 7 5800HS with Radeon Graphics
cores/threads: 8 / 16
caches: L2 512 KiB, L3 16384 KiB
governor: powersave
transparent hugepages: always [madvise] never
compiler: c++ (GCC) 16.2.1 20260819 (Red Hat 16.2.1-2)
rustc: rustc 1.98.1 (48a229cea 2026-09-01)
load at start: 0.37 0.52 0.60
rounds: 3, even rounds in the reverse order
quiet before each process: under 1.0 busy CPUs for 1 s
clock ticks: 100
address space cap: 28000000 KB
timeout: 1800 s a process
pin c2: 92c1b861456b https://github.com/alexztc/C2
pin c2/lib/sdsl-lite: 4312ea9c9370 https://github.com/vgteam/sdsl-lite
pin c2/lib/ds2i: 4f46606cc077 https://github.com/aboffa/ds2i (modified: compact_elias_fano.hpp,succinct)
pin c2/lib/sux: 5944f6b5c1c7 https://github.com/vigna/sux (modified: sux/util/Vector.hpp)
pin c2/lib/fsst: e638d4cf8c26 https://github.com/cwida/fsst
pin c2/baseline_marisa/marisa: e54f296bb52d https://github.com/s-yata/marisa-trie
pin c2/baseline_ctriepp/ctriepp: 52d2c16a7bb6 https://gitlab.com/ofek.gila1/ctriepp
pin xcdat: 2451441dcc09 https://github.com/kampersanda/xcdat
pin c2/lib/ds2i/succinct: ea74747a8b1c (gitlink)
pin c2/lib/sdsl-lite/external/googletest: 71815bbf7de6 (gitlink)
pin c2/lib/sdsl-lite/external/libdivsufsort: 0f24acd8de20 (gitlink)
pin coco adapted headers: ee860d4b1e62 https://github.com/aboffa/CoCo-trie (by sha256)

##### words-full (479823 lines, 4953557 bytes)   round 1/3   2026-09-15T15:04:01+03:00
--- lexindex dict32   load 0.34 0.51 0.60
479823 keys
lexindex DictIndex block 32: build 47 ms, size 1.476 MiB (3.225 B/key), latency cold 204.1 ns, then mean 200.2 / min 199.9 ns
46.813,1.475963,204.075
[time 0.61 s, user 0.66 s, sys 0.06 s, maxrss 75932 KB]
[busy 78 jiffies]
[exit 0]
--- lexindex dict256   load 0.34 0.51 0.60
479823 keys
lexindex DictIndex block 256: build 47 ms, size 1.299 MiB (2.838 B/key), latency cold 263.6 ns, then mean 248.3 / min 247.9 ns
46.531,1.298729,263.567
[time 0.71 s, user 0.76 s, sys 0.05 s, maxrss 75324 KB]
[busy 93 jiffies]
[exit 0]
--- lexindex dict1024   load 0.34 0.51 0.60
479823 keys
lexindex DictIndex block 1024: build 54 ms, size 1.277 MiB (2.790 B/key), latency cold 291.6 ns, then mean 293.7 / min 291.6 ns
53.652,1.276532,291.574
[time 0.79 s, user 0.81 s, sys 0.05 s, maxrss 67764 KB]
[busy 96 jiffies]
[exit 0]
--- lexindex string   load 0.32 0.50 0.59
479823 keys
lexindex StringIndex: build 156 ms, size 2.724 MiB (5.953 B/key), latency cold 216.4 ns, then mean 215.3 / min 213.1 ns
155.942,2.724010,216.435
[time 0.74 s, user 0.71 s, sys 0.02 s, maxrss 63724 KB]
[busy 82 jiffies]
[exit 0]
--- c2 case 0 rec 0   load 0.32 0.50 0.59
[TEST C2-FST]
Processing dataset...
Done!
Building trie...
Done!
build time: 69.896516 ms (145.671458 ns per key)
space cost: 1.889297 MB (44.282271% of original size 4.266485 MB)
Querying trie...
Done!
total time: 125.688312 ms, avg latency: 261.947243 ns
topology: 0.420059 MB, link: 0.189988 MB, data: 1.279249 MB
--- Unary Path Analysis (FST, cutoff=4) ---
  shared unary steps in main trie: 150595
  terminal suffixes: inplace=193950 (avg len=1.79)  links=60939 (23.9% of terminal)
  link len: avg=4.24  max=35  total_chars=258586
  link length distribution (len:count):  4:25346  5:15798  6:9608  7:4976  8:2612  9:1355  10:653  11:330  12:137  13:65  14:25  15:11  16:9  17:6  18:2  19:3  20:1  21:1  36:1
69.896516,1.889297,261.947243
[PASSED]
[time 0.37 s, user 0.33 s, sys 0.03 s, maxrss 48596 KB]
[busy 44 jiffies]
[exit 0]
--- c2 case 0 rec 1   load 0.32 0.50 0.59
[TEST C2-FST]
Processing dataset...
Done!
Building trie...
trie size: 0.142362 MB
Done!
build time: 72.891134 ms (151.912547 ns per key)
space cost: 1.889297 MB (44.282271% of original size 4.266485 MB)
Querying trie...
Done!
total time: 124.029966 ms, avg latency: 258.491081 ns
topology: 0.420059 MB, link: 0.189988 MB, data: 1.279249 MB
--- Unary Path Analysis (FST, cutoff=4) ---
  shared unary steps in main trie: 150595
  terminal suffixes: inplace=193950 (avg len=1.79)  links=60939 (23.9% of terminal)
  link len: avg=4.24  max=35  total_chars=258586
  link length distribution (len:count):  4:25346  5:15798  6:9608  7:4976  8:2612  9:1355  10:653  11:330  12:137  13:65  14:25  15:11  16:9  17:6  18:2  19:3  20:1  21:1  36:1
72.891134,1.889297,258.491081
[PASSED]
[time 0.37 s, user 0.34 s, sys 0.02 s, maxrss 48444 KB]
[busy 43 jiffies]
[exit 0]
--- c2 case 0 rec 2   load 0.29 0.49 0.59
[TEST C2-FST]
Processing dataset...
Done!
Building trie...
trie size: 0.142362 MB
Done!
build time: 73.131566 ms (152.413632 ns per key)
space cost: 1.889297 MB (44.282271% of original size 4.266485 MB)
Querying trie...
Done!
total time: 122.439707 ms, avg latency: 255.176819 ns
topology: 0.420059 MB, link: 0.189988 MB, data: 1.279249 MB
--- Unary Path Analysis (FST, cutoff=4) ---
  shared unary steps in main trie: 150595
  terminal suffixes: inplace=193950 (avg len=1.79)  links=60939 (23.9% of terminal)
  link len: avg=4.24  max=35  total_chars=258586
  link length distribution (len:count):  4:25346  5:15798  6:9608  7:4976  8:2612  9:1355  10:653  11:330  12:137  13:65  14:25  15:11  16:9  17:6  18:2  19:3  20:1  21:1  36:1
73.131566,1.889297,255.176819
[PASSED]
[time 0.37 s, user 0.33 s, sys 0.03 s, maxrss 49072 KB]
[busy 42 jiffies]
[exit 0]
--- c2 case 1 rec 0   load 0.29 0.49 0.59
[TEST C2-CoCo(LOUDS-Sparse)]
Processing dataset...
Done!
Building trie...
Done!
build time: 417.791701 ms (870.720455 ns per key)
space cost: 2.136750 MB (50.082199% of original size 4.266485 MB)
Querying trie...
Done!
total time: 199.607589 ms, avg latency: 416.002545 ns
topology: 0.195229 MB, link: 0.520357 MB, data: 1.421164 MB
417.791701,2.136750,416.002545
[PASSED]
[time 0.80 s, user 0.74 s, sys 0.05 s, maxrss 97576 KB]
[busy 88 jiffies]
[exit 0]
--- c2 case 1 rec 1   load 0.29 0.49 0.59
[TEST C2-CoCo(LOUDS-Sparse)]
Processing dataset...
Done!
Building trie...
trie size: 0.142362 MB
Done!
build time: 414.476210 ms (863.810634 ns per key)
space cost: 2.136750 MB (50.082199% of original size 4.266485 MB)
Querying trie...
Done!
total time: 198.877897 ms, avg latency: 414.481792 ns
topology: 0.195229 MB, link: 0.520357 MB, data: 1.421164 MB
414.476210,2.136750,414.481792
[PASSED]
[time 0.79 s, user 0.73 s, sys 0.05 s, maxrss 97856 KB]
[busy 85 jiffies]
[exit 0]
--- c2 case 1 rec 2   load 0.27 0.48 0.58
[TEST C2-CoCo(LOUDS-Sparse)]
Processing dataset...
Done!
Building trie...
trie size: 0.142362 MB
Done!
build time: 415.999283 ms (866.984874 ns per key)
space cost: 2.136750 MB (50.082199% of original size 4.266485 MB)
Querying trie...
Done!
total time: 195.673685 ms, avg latency: 407.803888 ns
topology: 0.195229 MB, link: 0.520357 MB, data: 1.421164 MB
415.999283,2.136750,407.803888
[PASSED]
[time 0.78 s, user 0.72 s, sys 0.05 s, maxrss 97980 KB]
[busy 84 jiffies]
[exit 0]
--- c2 case 2 rec 0   load 0.27 0.48 0.58
[TEST C2-MARISA]
Processing dataset...
Done!
Building trie...
trie size: 1.224291 MB
Done!
build time: 112.839644 ms (235.169310 ns per key)
space cost: 1.753984 MB (41.110759% of original size 4.266485 MB)
Querying trie...
Done!
total time: 97.816419 ms, avg latency: 203.859379 ns
topology: 0.405689 MB, link: 0.420969 MB, data: 0.917072 MB
--- Unary Path Analysis (Marisa, cutoff=3) ---
  branches: 742737  |  single-char: 411656 (55.4%)  short-unary: 124451 (16.8%)  links: 206630 (27.8%)
  link len: avg=4.35  max=37  total_chars=898820
  link length distribution (len:count):  3:81252  4:55503  5:30038  6:18037  7:10646  8:5519  9:2885  10:1442  11:688  12:346  13:146  14:66  15:26  16:12  17:9  18:7  19:2  20:3  21:1  22:1  37:1
  short unary avg len: 2.00
112.839644,1.753984,203.859379
[PASSED]
[time 0.38 s, user 0.34 s, sys 0.04 s, maxrss 62552 KB]
[busy 44 jiffies]
[exit 0]
--- c2 case 2 rec 1   load 0.27 0.48 0.58
[TEST C2-MARISA]
Processing dataset...
Done!
Building trie...
trie size: 1.224291 MB
trie size: 0.455650 MB
Done!
build time: 112.214850 ms (233.867176 ns per key)
space cost: 1.692706 MB (39.674487% of original size 4.266485 MB)
Querying trie...
Done!
total time: 104.055475 ms, avg latency: 216.862208 ns
topology: 0.426247 MB, link: 0.398585 MB, data: 0.857620 MB
--- Unary Path Analysis (Marisa, cutoff=3) ---
  branches: 742737  |  single-char: 411656 (55.4%)  short-unary: 124451 (16.8%)  links: 206630 (27.8%)
  link len: avg=4.35  max=37  total_chars=898820
  link length distribution (len:count):  3:81252  4:55503  5:30038  6:18037  7:10646  8:5519  9:2885  10:1442  11:688  12:346  13:146  14:66  15:26  16:12  17:9  18:7  19:2  20:3  21:1  22:1  37:1
  short unary avg len: 2.00
112.214850,1.692706,216.862208
[PASSED]
[time 0.39 s, user 0.35 s, sys 0.04 s, maxrss 63040 KB]
[busy 45 jiffies]
[exit 0]
--- c2 case 2 rec 2   load 0.27 0.48 0.58
[TEST C2-MARISA]
Processing dataset...
Done!
Building trie...
trie size: 1.224291 MB
trie size: 0.455650 MB
trie size: 0.007228 MB
Done!
build time: 112.620612 ms (234.712825 ns per key)
space cost: 1.692706 MB (39.674487% of original size 4.266485 MB)
Querying trie...
Done!
total time: 108.249928 ms, avg latency: 225.603875 ns
topology: 0.426247 MB, link: 0.398585 MB, data: 0.857620 MB
--- Unary Path Analysis (Marisa, cutoff=3) ---
  branches: 742737  |  single-char: 411656 (55.4%)  short-unary: 124451 (16.8%)  links: 206630 (27.8%)
  link len: avg=4.35  max=37  total_chars=898820
  link length distribution (len:count):  3:81252  4:55503  5:30038  6:18037  7:10646  8:5519  9:2885  10:1442  11:688  12:346  13:146  14:66  15:26  16:12  17:9  18:7  19:2  20:3  21:1  22:1  37:1
  short unary avg len: 2.00
112.620612,1.692706,225.603875
[PASSED]
[time 0.40 s, user 0.35 s, sys 0.04 s, maxrss 62900 KB]
[busy 47 jiffies]
[exit 0]
--- c2 case 3 rec 0   load 0.41 0.51 0.59
[TEST FST]
Processing dataset...
Done!
Building trie...
Done!
build time: 180.766849 ms (376.736524 ns per key)
space cost: 2.144493 MB (50.263695% of original size 4.266485 MB)
Querying trie...
Done!
total time: 201.498432 ms, avg latency: 419.943254 ns
not implemented
180.766849,2.144493,419.943254
[PASSED]
[time 0.55 s, user 0.52 s, sys 0.03 s, maxrss 41208 KB]
[busy 63 jiffies]
[exit 0]
--- c2 case 4 rec 0   load 0.41 0.51 0.59
[TEST COCO]
Processing dataset...
Done!
Building trie...
num nodes = 100870, average depth = 2.907644
ef = 0.002379, pa = 0.381531, bv = 0.002558, de = 0.468484
efr = 0.010370, par = 0.134639, bvr = 0.000020, der = 0.000020
Done!
build time: 1594.843530 ms (3323.816345 ns per key)
space cost: 2.485874 MB (58.265159% of original size 4.266485 MB)
Querying trie...
Done!
total time: 169.075646 ms, avg latency: 352.370866 ns
not implemented
1594.843530,2.485874,352.370866
[PASSED]
[time 2.00 s, user 1.59 s, sys 0.40 s, maxrss 920072 KB]
[busy 211 jiffies]
[exit 0]
--- c2 case 5 rec 0   load 0.45 0.52 0.60
[TEST MARISA]
Processing dataset...
Done!
Building trie...
Done!
build time: 151.779860 ms (316.324686 ns per key)
space cost: 1.546566 MB (36.249182% of original size 4.266485 MB)
Querying trie...
Done!
total time: 147.012940 ms, avg latency: 306.389940 ns
not implemented
151.779860,1.546566,306.389940
[PASSED]
[time 0.47 s, user 0.43 s, sys 0.04 s, maxrss 63240 KB]
[busy 53 jiffies]
[exit 0]
--- c2 case 5 rec 1   load 0.45 0.52 0.60
[TEST MARISA]
Processing dataset...
Done!
Building trie...
Done!
build time: 155.393592 ms (323.856072 ns per key)
space cost: 1.371034 MB (32.134968% of original size 4.266485 MB)
Querying trie...
Done!
total time: 165.432278 ms, avg latency: 344.777716 ns
not implemented
155.393592,1.371034,344.777716
[PASSED]
[time 0.50 s, user 0.45 s, sys 0.04 s, maxrss 63300 KB]
[busy 54 jiffies]
[exit 0]
--- c2 case 5 rec 2   load 0.45 0.52 0.60
[TEST MARISA]
Processing dataset...
Done!
Building trie...
Done!
build time: 154.986717 ms (323.008103 ns per key)
space cost: 1.362252 MB (31.929145% of original size 4.266485 MB)
Querying trie...
Done!
total time: 168.483133 ms, avg latency: 351.136008 ns
not implemented
154.986717,1.362252,351.136008
[PASSED]
[time 0.50 s, user 0.46 s, sys 0.03 s, maxrss 63280 KB]
[busy 57 jiffies]
[exit 0]
--- c2 case 6 rec 0   load 0.50 0.53 0.60
[TEST PDT]
Processing dataset...
Done!
Building trie...
dict size: 35774, stream size: 975943
Done!
build time: 333.369405 ms (694.775792 ns per key)
space cost: 1.577207 MB (36.967352% of original size 4.266485 MB)
Querying trie...
Done!
total time: 206.563652 ms, avg latency: 430.499688 ns
not implemented
333.369405,1.577207,430.499688
[PASSED]
[time 0.71 s, user 0.67 s, sys 0.03 s, maxrss 53100 KB]
[busy 77 jiffies]
[exit 0]
--- c2 case 7 rec 0   load 0.50 0.53 0.60
[TEST ART]
Processing dataset...
Done!
Building trie...
Done!
build time: 46.504071 ms (96.919220 ns per key)
space cost: 16.425407 MB (384.986859% of original size 4.266485 MB)
Querying trie...
Done!
total time: 83.701451 ms, avg latency: 174.442349 ns
not implemented
46.504071,16.425407,174.442349
[PASSED]
[time 0.30 s, user 0.27 s, sys 0.03 s, maxrss 62040 KB]
[busy 35 jiffies]
[exit 0]
--- c2 case 8 rec 0   load 0.50 0.53 0.60
[TEST CART]
Processing dataset...
Done!
Building trie...
Done!
build time: 68.339609 ms (142.426705 ns per key)
space cost: 7.328448 MB (171.767812% of original size 4.266485 MB)
Querying trie...
Done!
total time: 102.918048 ms, avg latency: 214.491694 ns
not implemented
68.339609,7.328448,214.491694
[PASSED]
[time 0.34 s, user 0.30 s, sys 0.04 s, maxrss 62036 KB]
[busy 40 jiffies]
[exit 0]
--- xcdat 7   load 0.50 0.53 0.60
build time: 106.866518 ms
space cost: 2.721505 MiB (63.787990% of original size 4.266485 MiB)
avg latency: 106.987183 ns
106.866518,2.721505,106.987183
[time 0.33 s, user 0.29 s, sys 0.03 s, maxrss 51948 KB]
[busy 37 jiffies]
[exit 0]
--- xcdat 8   load 0.54 0.53 0.60
build time: 97.553194 ms
space cost: 2.597720 MiB (60.886655% of original size 4.266485 MiB)
avg latency: 109.698505 ns
97.553194,2.597720,109.698505
[time 0.32 s, user 0.28 s, sys 0.03 s, maxrss 52132 KB]
[busy 37 jiffies]
[exit 0]
--- xcdat 15   load 0.54 0.53 0.60
build time: 109.047368 ms
space cost: 3.340850 MiB (78.304499% of original size 4.266485 MiB)
avg latency: 77.759513 ns
109.047368,3.340850,77.759513
[time 0.32 s, user 0.28 s, sys 0.04 s, maxrss 58132 KB]
[busy 37 jiffies]
[exit 0]
--- xcdat 16   load 0.54 0.53 0.60
build time: 97.115392 ms
space cost: 3.550420 MiB (83.216503% of original size 4.266485 MiB)
avg latency: 86.815805 ns
97.115392,3.550420,86.815805
[time 0.31 s, user 0.26 s, sys 0.04 s, maxrss 58152 KB]
[busy 35 jiffies]
[exit 0]

##### dna-1000000 (1000000 lines, 25000000 bytes)   round 1/3   2026-09-15T15:04:41+03:00
--- lexindex dict32   load 0.50 0.52 0.60
1000000 keys
lexindex DictIndex block 32: build 100 ms, size 7.982 MiB (8.369 B/key), latency cold 325.8 ns, then mean 322.6 / min 321.4 ns
100.404,7.981682,325.754
[time 1.89 s, user 2.18 s, sys 0.10 s, maxrss 175104 KB]
[busy 245 jiffies]
[exit 0]
--- lexindex dict256   load 0.50 0.52 0.60
1000000 keys
lexindex DictIndex block 256: build 103 ms, size 7.343 MiB (7.700 B/key), latency cold 337.9 ns, then mean 338.1 / min 332.9 ns
102.945,7.343242,337.856
[time 1.96 s, user 2.25 s, sys 0.10 s, maxrss 173628 KB]
[busy 258 jiffies]
[exit 0]
--- lexindex dict1024   load 0.54 0.53 0.60
1000000 keys
lexindex DictIndex block 1024: build 106 ms, size 7.268 MiB (7.621 B/key), latency cold 343.0 ns, then mean 342.9 / min 341.9 ns
106.413,7.267743,343.012
[time 1.97 s, user 2.17 s, sys 0.09 s, maxrss 169428 KB]
[busy 243 jiffies]
[exit 0]
--- lexindex string   load 0.54 0.53 0.60
1000000 keys
lexindex StringIndex: build 1141 ms, size 16.920 MiB (17.741 B/key), latency cold 550.6 ns, then mean 550.6 / min 550.1 ns
1140.899,16.919603,550.612
[time 3.83 s, user 3.73 s, sys 0.08 s, maxrss 163792 KB]
[busy 407 jiffies]
[exit 0]
--- c2 case 0 rec 0   load 0.57 0.54 0.60
[TEST C2-FST]
Processing dataset...
Done!
Building trie...
Done!
build time: 1429.167854 ms (1429.167854 ns per key)
space cost: 11.502727 MB (50.256179% of original size 22.888184 MB)
Querying trie...
Done!
total time: 421.811616 ms, avg latency: 421.811616 ns
topology: 0.892128 MB, link: 2.893083 MB, data: 7.717516 MB
--- Unary Path Analysis (FST, cutoff=4) ---
  shared unary steps in main trie: 98146
  terminal suffixes: inplace=2 (avg len=3.00)  links=999998 (100.0% of terminal)
  link len: avg=12.12  max=15  total_chars=12118007
  link length distribution (len:count):  4:2  5:10  6:40  7:176  8:732  9:2727  10:11261  11:42928  12:153933  13:402475  14:363824  15:21889  16:1
1429.167854,11.502727,421.811616
[PASSED]
[time 2.55 s, user 2.40 s, sys 0.14 s, maxrss 255852 KB]
[busy 268 jiffies]
[exit 0]
--- c2 case 0 rec 1   load 0.61 0.55 0.60
[TEST C2-FST]
Processing dataset...
Done!
Building trie...
trie size: 5.258043 MB
Done!
build time: 2151.778030 ms (2151.778030 ns per key)
space cost: 11.502727 MB (50.256179% of original size 22.888184 MB)
Querying trie...
Done!
total time: 410.131103 ms, avg latency: 410.131103 ns
topology: 0.892128 MB, link: 2.893083 MB, data: 7.717516 MB
--- Unary Path Analysis (FST, cutoff=4) ---
  shared unary steps in main trie: 98146
  terminal suffixes: inplace=2 (avg len=3.00)  links=999998 (100.0% of terminal)
  link len: avg=12.12  max=15  total_chars=12118007
  link length distribution (len:count):  4:2  5:10  6:40  7:176  8:732  9:2727  10:11261  11:42928  12:153933  13:402475  14:363824  15:21889  16:1
2151.778030,11.502727,410.131103
[PASSED]
[time 3.26 s, user 3.07 s, sys 0.18 s, maxrss 284216 KB]
[busy 342 jiffies]
[exit 0]
--- c2 case 0 rec 2   load 0.80 0.59 0.62
[TEST C2-FST]
Processing dataset...
Done!
Building trie...
trie size: 5.258043 MB
Done!
build time: 2152.832623 ms (2152.832623 ns per key)
space cost: 11.502727 MB (50.256179% of original size 22.888184 MB)
Querying trie...
Done!
total time: 409.634501 ms, avg latency: 409.634501 ns
topology: 0.892128 MB, link: 2.893083 MB, data: 7.717516 MB
--- Unary Path Analysis (FST, cutoff=4) ---
  shared unary steps in main trie: 98146
  terminal suffixes: inplace=2 (avg len=3.00)  links=999998 (100.0% of terminal)
  link len: avg=12.12  max=15  total_chars=12118007
  link length distribution (len:count):  4:2  5:10  6:40  7:176  8:732  9:2727  10:11261  11:42928  12:153933  13:402475  14:363824  15:21889  16:1
2152.832623,11.502727,409.634501
[PASSED]
[time 3.26 s, user 3.06 s, sys 0.19 s, maxrss 284436 KB]
[busy 345 jiffies]
[exit 0]
--- c2 case 1 rec 0   load 0.82 0.60 0.62
[TEST C2-CoCo(LOUDS-Sparse)]
Processing dataset...
Done!
Building trie...
Done!
build time: 2005.526981 ms (2005.526981 ns per key)
space cost: 9.777104 MB (42.716818% of original size 22.888184 MB)
Querying trie...
Done!
total time: 459.738848 ms, avg latency: 459.738848 ns
topology: 0.343521 MB, link: 3.029230 MB, data: 6.404353 MB
2005.526981,9.777104,459.738848
[PASSED]
[time 3.18 s, user 2.97 s, sys 0.19 s, maxrss 385860 KB]
[busy 333 jiffies]
[exit 0]
--- c2 case 1 rec 1   load 0.75 0.59 0.62
[TEST C2-CoCo(LOUDS-Sparse)]
Processing dataset...
Done!
Building trie...
trie size: 5.258043 MB
Done!
build time: 2704.187927 ms (2704.187927 ns per key)
space cost: 9.777104 MB (42.716818% of original size 22.888184 MB)
Querying trie...
Done!
total time: 460.434606 ms, avg latency: 460.434606 ns
topology: 0.343521 MB, link: 3.029230 MB, data: 6.404353 MB
2704.187927,9.777104,460.434606
[PASSED]
[time 3.86 s, user 3.62 s, sys 0.22 s, maxrss 413852 KB]
[busy 405 jiffies]
[exit 0]
--- c2 case 1 rec 2   load 0.69 0.58 0.61
[TEST C2-CoCo(LOUDS-Sparse)]
Processing dataset...
Done!
Building trie...
trie size: 5.258043 MB
Done!
build time: 2708.993148 ms (2708.993148 ns per key)
space cost: 9.777104 MB (42.716818% of original size 22.888184 MB)
Querying trie...
Done!
total time: 462.362860 ms, avg latency: 462.362860 ns
topology: 0.343521 MB, link: 3.029230 MB, data: 6.404353 MB
2708.993148,9.777104,462.362860
[PASSED]
[time 3.88 s, user 3.63 s, sys 0.22 s, maxrss 414192 KB]
[busy 406 jiffies]
[exit 0]
--- c2 case 2 rec 0   load 0.63 0.57 0.61
[TEST C2-MARISA]
Processing dataset...
Done!
Building trie...
trie size: 2.428399 MB
Done!
build time: 1317.297501 ms (1317.297501 ns per key)
space cost: 10.748939 MB (46.962829% of original size 22.888184 MB)
Querying trie...
Done!
total time: 390.735832 ms, avg latency: 390.735832 ns
topology: 0.804615 MB, link: 2.791285 MB, data: 7.132531 MB
--- Unary Path Analysis (Marisa, cutoff=3) ---
  branches: 1681124  |  single-char: 605889 (36.0%)  short-unary: 58000 (3.5%)  links: 1017235 (60.5%)
  link len: avg=13.94  max=17  total_chars=14175392
  link length distribution (len:count):  3:13001  4:3156  5:812  6:209  7:97  8:186  9:733  10:2730  11:11261  12:42928  13:153933  14:402475  15:363824  16:21889  17:1
  short unary avg len: 2.00
1317.297501,10.748939,390.735832
[PASSED]
[time 2.41 s, user 2.24 s, sys 0.16 s, maxrss 252364 KB]
[busy 252 jiffies]
[exit 0]
--- c2 case 2 rec 1   load 0.63 0.57 0.61
[TEST C2-MARISA]
Processing dataset...
Done!
Building trie...
trie size: 2.428399 MB
trie size: 5.162292 MB
Done!
build time: 2226.971803 ms (2226.971803 ns per key)
space cost: 10.748939 MB (46.962829% of original size 22.888184 MB)
Querying trie...
Done!
total time: 388.285076 ms, avg latency: 388.285076 ns
topology: 0.804615 MB, link: 2.791285 MB, data: 7.132531 MB
--- Unary Path Analysis (Marisa, cutoff=3) ---
  branches: 1681124  |  single-char: 605889 (36.0%)  short-unary: 58000 (3.5%)  links: 1017235 (60.5%)
  link len: avg=13.94  max=17  total_chars=14175392
  link length distribution (len:count):  3:13001  4:3156  5:812  6:209  7:97  8:186  9:733  10:2730  11:11261  12:42928  13:153933  14:402475  15:363824  16:21889  17:1
  short unary avg len: 2.00
2226.971803,10.748939,388.285076
[PASSED]
[time 3.34 s, user 3.11 s, sys 0.21 s, maxrss 285244 KB]
[busy 351 jiffies]
[exit 0]
--- c2 case 2 rec 2   load 0.66 0.57 0.61
[TEST C2-MARISA]
Processing dataset...
Done!
Building trie...
trie size: 2.428399 MB
trie size: 5.162292 MB
Done!
build time: 2254.751983 ms (2254.751983 ns per key)
space cost: 10.748939 MB (46.962829% of original size 22.888184 MB)
Querying trie...
Done!
total time: 388.224141 ms, avg latency: 388.224141 ns
topology: 0.804615 MB, link: 2.791285 MB, data: 7.132531 MB
--- Unary Path Analysis (Marisa, cutoff=3) ---
  branches: 1681124  |  single-char: 605889 (36.0%)  short-unary: 58000 (3.5%)  links: 1017235 (60.5%)
  link len: avg=13.94  max=17  total_chars=14175392
  link length distribution (len:count):  3:13001  4:3156  5:812  6:209  7:97  8:186  9:733  10:2730  11:11261  12:42928  13:153933  14:402475  15:363824  16:21889  17:1
  short unary avg len: 2.00
2254.751983,10.748939,388.224141
[PASSED]
[time 3.37 s, user 3.13 s, sys 0.22 s, maxrss 285444 KB]
[busy 355 jiffies]
[exit 0]
--- c2 case 3 rec 0   load 0.69 0.58 0.61
[TEST FST]
Processing dataset...
Done!
Building trie...
Done!
build time: 963.978032 ms (963.978032 ns per key)
space cost: 18.082896 MB (79.005379% of original size 22.888184 MB)
Querying trie...
Done!
total time: 555.300940 ms, avg latency: 555.300940 ns
not implemented
963.978032,18.082896,555.300940
[PASSED]
[time 2.24 s, user 2.12 s, sys 0.11 s, maxrss 179468 KB]
[busy 236 jiffies]
[exit 0]
--- c2 case 4 rec 0   load 0.64 0.57 0.61
[TEST COCO]
Processing dataset...
Done!
Building trie...
num nodes = 65537, average depth = 14.999878
ef = 0.000000, pa = 0.000000, bv = 0.000000, de = 0.000015
efr = 0.000015, par = 0.999969, bvr = 0.000000, der = 0.000000
Done!
build time: 22174.611755 ms (22174.611755 ns per key)
space cost: 5.857979 MB (25.593899% of original size 22.888184 MB)
Querying trie...
Done!
total time: 366.654793 ms, avg latency: 366.654793 ns
not implemented
22174.611755,5.857979,366.654793
[PASSED]
[time 24.25 s, user 18.33 s, sys 5.81 s, maxrss 13623556 KB]
[busy 2515 jiffies]
[exit 0]
--- c2 case 5 rec 0   load 0.76 0.61 0.62
[TEST MARISA]
Processing dataset...
Done!
Building trie...
Done!
build time: 688.528383 ms (688.528383 ns per key)
space cost: 18.867507 MB (82.433396% of original size 22.888184 MB)
Querying trie...
Done!
total time: 551.115624 ms, avg latency: 551.115624 ns
not implemented
688.528383,18.867507,551.115624
[PASSED]
[time 1.94 s, user 1.79 s, sys 0.13 s, maxrss 222876 KB]
[busy 208 jiffies]
[exit 0]
--- c2 case 5 rec 1   load 0.76 0.61 0.62
[TEST MARISA]
Processing dataset...
Done!
Building trie...
Done!
build time: 955.013794 ms (955.013794 ns per key)
space cost: 7.640043 MB (33.379858% of original size 22.888184 MB)
Querying trie...
Done!
total time: 741.812145 ms, avg latency: 741.812145 ns
not implemented
955.013794,7.640043,741.812145
[PASSED]
[time 2.40 s, user 2.23 s, sys 0.15 s, maxrss 221912 KB]
[busy 253 jiffies]
[exit 0]
--- c2 case 5 rec 2   load 0.86 0.63 0.63
[TEST MARISA]
Processing dataset...
Done!
Building trie...
Done!
build time: 956.563607 ms (956.563607 ns per key)
space cost: 7.210847 MB (31.504671% of original size 22.888184 MB)
Querying trie...
Done!
total time: 789.787492 ms, avg latency: 789.787492 ns
not implemented
956.563607,7.210847,789.787492
[PASSED]
[time 2.46 s, user 2.30 s, sys 0.14 s, maxrss 221828 KB]
[busy 261 jiffies]
[exit 0]
--- c2 case 6 rec 0   load 0.79 0.62 0.63
[TEST PDT]
Processing dataset...
Done!
Building trie...
dict size: 151324, stream size: 6218209
Done!
build time: 2894.802084 ms (2894.802084 ns per key)
space cost: 7.350519 MB (32.114908% of original size 22.888184 MB)
Querying trie...
Done!
total time: 797.210042 ms, avg latency: 797.210042 ns
not implemented
2894.802084,7.350519,797.210042
[PASSED]
[time 4.42 s, user 4.24 s, sys 0.15 s, maxrss 212932 KB]
[busy 461 jiffies]
[exit 0]
--- c2 case 7 rec 0   load 0.81 0.63 0.63
[TEST ART]
Processing dataset...
Done!
Building trie...
Done!
build time: 191.931512 ms (191.931512 ns per key)
space cost: 33.278465 MB (145.395833% of original size 22.888184 MB)
Querying trie...
Done!
total time: 422.542610 ms, avg latency: 422.542610 ns
not implemented
191.931512,33.278465,422.542610
[PASSED]
[time 1.36 s, user 1.24 s, sys 0.11 s, maxrss 223424 KB]
[busy 145 jiffies]
[exit 0]
--- c2 case 8 rec 0   load 0.81 0.63 0.63
[TEST CART]
Processing dataset...
Done!
Building trie...
Done!
build time: 247.605658 ms (247.605658 ns per key)
space cost: 15.643999 MB (68.349675% of original size 22.888184 MB)
Querying trie...
Done!
total time: 454.197273 ms, avg latency: 454.197273 ns
not implemented
247.605658,15.643999,454.197273
[PASSED]
[time 1.43 s, user 1.31 s, sys 0.11 s, maxrss 214324 KB]
[busy 150 jiffies]
[exit 0]
--- xcdat 7   load 0.82 0.63 0.63
build time: 830.311434 ms
space cost: 19.789600 MiB (86.462083% of original size 22.888184 MiB)
avg latency: 297.629634 ns
830.311434,19.789600,297.629634
[time 1.84 s, user 1.71 s, sys 0.12 s, maxrss 180624 KB]
[busy 196 jiffies]
[exit 0]
--- xcdat 8   load 0.82 0.63 0.63
build time: 796.410940 ms
space cost: 19.685819 MiB (86.008654% of original size 22.888184 MiB)
avg latency: 299.641756 ns
796.410940,19.685819,299.641756
[time 1.80 s, user 1.67 s, sys 0.12 s, maxrss 180564 KB]
[busy 191 jiffies]
[exit 0]
--- xcdat 15   load 0.84 0.64 0.63
build time: 823.282223 ms
space cost: 21.414997 MiB (93.563550% of original size 22.888184 MiB)
avg latency: 284.541466 ns
823.282223,21.414997,284.541466
[time 1.83 s, user 1.71 s, sys 0.11 s, maxrss 181940 KB]
[busy 193 jiffies]
[exit 0]
--- xcdat 16   load 0.84 0.64 0.63
build time: 803.804526 ms
space cost: 21.935129 MiB (95.836042% of original size 22.888184 MiB)
avg latency: 283.506120 ns
803.804526,21.935129,283.506120
[time 1.80 s, user 1.65 s, sys 0.13 s, maxrss 182604 KB]
[busy 190 jiffies]
[exit 0]

##### domains-1000000 (1000000 lines, 14782044 bytes)   round 1/3   2026-09-15T15:06:33+03:00
--- lexindex dict32   load 0.85 0.64 0.64
1000000 keys
lexindex DictIndex block 32: build 107 ms, size 5.262 MiB (5.518 B/key), latency cold 276.2 ns, then mean 275.9 / min 275.1 ns
106.692,5.262175,276.247
[time 1.68 s, user 2.13 s, sys 0.13 s, maxrss 164788 KB]
[busy 242 jiffies]
[exit 0]
--- lexindex dict256   load 0.78 0.63 0.63
1000000 keys
lexindex DictIndex block 256: build 106 ms, size 4.832 MiB (5.066 B/key), latency cold 303.2 ns, then mean 298.8 / min 296.8 ns
106.076,4.831614,303.187
[time 1.79 s, user 2.25 s, sys 0.13 s, maxrss 162788 KB]
[busy 256 jiffies]
[exit 0]
--- lexindex dict1024   load 0.78 0.63 0.63
1000000 keys
lexindex DictIndex block 1024: build 118 ms, size 4.779 MiB (5.012 B/key), latency cold 342.1 ns, then mean 345.1 / min 338.6 ns
118.271,4.779478,342.128
[time 1.98 s, user 2.26 s, sys 0.14 s, maxrss 145316 KB]
[busy 259 jiffies]
[exit 0]
--- lexindex string   load 0.72 0.62 0.63
1000000 keys
lexindex StringIndex: build 602 ms, size 10.017 MiB (10.504 B/key), latency cold 308.4 ns, then mean 304.7 / min 301.9 ns
602.426,10.017015,308.405
[time 2.28 s, user 2.19 s, sys 0.07 s, maxrss 135196 KB]
[busy 243 jiffies]
[exit 0]
--- c2 case 0 rec 0   load 0.72 0.62 0.63
[TEST C2-FST]
Processing dataset...
Done!
Building trie...
Done!
build time: 629.508649 ms (629.508649 ns per key)
space cost: 6.917822 MB (52.632701% of original size 13.143581 MB)
Querying trie...
Done!
total time: 338.326492 ms, avg latency: 338.326492 ns
topology: 0.942398 MB, link: 2.041207 MB, data: 3.934216 MB
--- Unary Path Analysis (FST, cutoff=4) ---
  shared unary steps in main trie: 268333
  terminal suffixes: inplace=220500 (avg len=1.97)  links=754948 (77.4% of terminal)
  link len: avg=6.76  max=63  total_chars=5105329
  link length distribution (len:count):  4:91687  5:111663  6:114934  7:103953  8:85177  9:68086  10:51456  11:37502  12:26935  13:19286  14:13392  15:9281  16:6718  17:4599  18:3138  19:2143  20:1561  21:980  22:717  23:511  24:315  25:289  26:154  27:98  28:76  29:70  30:38  31:24  32:35  33:24  34:15  35:9  36:12  37:9  38:5  39:5  40:5  41:8  42:4  43:7  45:3  46:1  48:1  50:1  52:4  54:2  55:1  56:5  57:4  59:2  63:2  64:1
629.508649,6.917822,338.326492
[PASSED]
[time 1.39 s, user 1.27 s, sys 0.11 s, maxrss 183028 KB]
[busy 149 jiffies]
[exit 0]
--- c2 case 0 rec 1   load 0.74 0.63 0.63
[TEST C2-FST]
Processing dataset...
Done!
Building trie...
trie size: 2.171301 MB
Done!
build time: 704.829789 ms (704.829789 ns per key)
space cost: 6.261899 MB (47.642258% of original size 13.143581 MB)
Querying trie...
Done!
total time: 389.781968 ms, avg latency: 389.781968 ns
topology: 1.096256 MB, link: 1.933458 MB, data: 3.232184 MB
--- Unary Path Analysis (FST, cutoff=4) ---
  shared unary steps in main trie: 268333
  terminal suffixes: inplace=220500 (avg len=1.97)  links=754948 (77.4% of terminal)
  link len: avg=6.76  max=63  total_chars=5105329
  link length distribution (len:count):  4:91687  5:111663  6:114934  7:103953  8:85177  9:68086  10:51456  11:37502  12:26935  13:19286  14:13392  15:9281  16:6718  17:4599  18:3138  19:2143  20:1561  21:980  22:717  23:511  24:315  25:289  26:154  27:98  28:76  29:70  30:38  31:24  32:35  33:24  34:15  35:9  36:12  37:9  38:5  39:5  40:5  41:8  42:4  43:7  45:3  46:1  48:1  50:1  52:4  54:2  55:1  56:5  57:4  59:2  63:2  64:1
704.829789,6.261899,389.781968
[PASSED]
[time 1.52 s, user 1.39 s, sys 0.11 s, maxrss 182992 KB]
[busy 161 jiffies]
[exit 0]
--- c2 case 0 rec 2   load 0.74 0.63 0.63
[TEST C2-FST]
Processing dataset...
Done!
Building trie...
trie size: 2.171301 MB
trie size: 0.145336 MB
Done!
build time: 698.013760 ms (698.013760 ns per key)
space cost: 6.261899 MB (47.642258% of original size 13.143581 MB)
Querying trie...
Done!
total time: 396.093851 ms, avg latency: 396.093851 ns
topology: 1.096256 MB, link: 1.933458 MB, data: 3.232184 MB
--- Unary Path Analysis (FST, cutoff=4) ---
  shared unary steps in main trie: 268333
  terminal suffixes: inplace=220500 (avg len=1.97)  links=754948 (77.4% of terminal)
  link len: avg=6.76  max=63  total_chars=5105329
  link length distribution (len:count):  4:91687  5:111663  6:114934  7:103953  8:85177  9:68086  10:51456  11:37502  12:26935  13:19286  14:13392  15:9281  16:6718  17:4599  18:3138  19:2143  20:1561  21:980  22:717  23:511  24:315  25:289  26:154  27:98  28:76  29:70  30:38  31:24  32:35  33:24  34:15  35:9  36:12  37:9  38:5  39:5  40:5  41:8  42:4  43:7  45:3  46:1  48:1  50:1  52:4  54:2  55:1  56:5  57:4  59:2  63:2  64:1
698.013760,6.261899,396.093851
[PASSED]
[time 1.54 s, user 1.44 s, sys 0.10 s, maxrss 183244 KB]
[busy 164 jiffies]
[exit 0]
--- c2 case 1 rec 0   load 0.76 0.64 0.63
[TEST C2-CoCo(LOUDS-Sparse)]
Processing dataset...
Done!
Building trie...
Done!
build time: 1352.294695 ms (1352.294695 ns per key)
space cost: 6.955368 MB (52.918365% of original size 13.143581 MB)
Querying trie...
Done!
total time: 484.186826 ms, avg latency: 484.186826 ns
topology: 0.405121 MB, link: 2.743303 MB, data: 3.806944 MB
1352.294695,6.955368,484.186826
[PASSED]
[time 2.26 s, user 2.07 s, sys 0.17 s, maxrss 326792 KB]
[busy 241 jiffies]
[exit 0]
--- c2 case 1 rec 1   load 0.70 0.63 0.63
[TEST C2-CoCo(LOUDS-Sparse)]
Processing dataset...
Done!
Building trie...
trie size: 2.171301 MB
Done!
build time: 1428.412174 ms (1428.412174 ns per key)
space cost: 6.299446 MB (47.927923% of original size 13.143581 MB)
Querying trie...
Done!
total time: 544.119937 ms, avg latency: 544.119937 ns
topology: 0.558979 MB, link: 2.635554 MB, data: 3.104912 MB
1428.412174,6.299446,544.119937
[PASSED]
[time 2.40 s, user 2.23 s, sys 0.16 s, maxrss 326696 KB]
[busy 251 jiffies]
[exit 0]
--- c2 case 1 rec 2   load 0.70 0.63 0.63
[TEST C2-CoCo(LOUDS-Sparse)]
Processing dataset...
Done!
Building trie...
trie size: 2.171301 MB
trie size: 0.145336 MB
Done!
build time: 1429.939203 ms (1429.939203 ns per key)
space cost: 6.299446 MB (47.927923% of original size 13.143581 MB)
Querying trie...
Done!
total time: 537.324865 ms, avg latency: 537.324865 ns
topology: 0.558979 MB, link: 2.635554 MB, data: 3.104912 MB
1429.939203,6.299446,537.324865
[PASSED]
[time 2.40 s, user 2.22 s, sys 0.16 s, maxrss 326900 KB]
[busy 255 jiffies]
[exit 0]
--- c2 case 2 rec 0   load 0.73 0.63 0.63
[TEST C2-MARISA]
Processing dataset...
Done!
Building trie...
trie size: 2.220281 MB
Done!
build time: 680.558333 ms (680.558333 ns per key)
space cost: 6.286226 MB (47.827347% of original size 13.143581 MB)
Querying trie...
Done!
total time: 257.013850 ms, avg latency: 257.013850 ns
topology: 0.735279 MB, link: 2.419176 MB, data: 3.111263 MB
--- Unary Path Analysis (Marisa, cutoff=3) ---
  branches: 1529804  |  single-char: 445053 (29.1%)  short-unary: 119280 (7.8%)  links: 965471 (63.1%)
  link len: avg=7.67  max=65  total_chars=7409785
  link length distribution (len:count):  3:106346  4:81524  5:100388  6:117171  7:118183  8:106006  9:86378  10:68801  11:51930  12:37786  13:27091  14:19390  15:13458  16:9322  17:6753  18:4616  19:3149  20:2153  21:1566  22:983  23:724  24:512  25:321  26:290  27:155  28:98  29:77  30:70  31:40  32:24  33:35  34:24  35:16  36:9  37:12  38:9  39:5  40:5  41:5  42:8  43:4  44:7  46:3  47:1  49:1  51:1  53:4  55:2  56:1  57:5  58:4  60:2  64:2  65:1
  short unary avg len: 2.00
680.558333,6.286226,257.013850
[PASSED]
[time 1.37 s, user 1.24 s, sys 0.11 s, maxrss 206104 KB]
[busy 143 jiffies]
[exit 0]
--- c2 case 2 rec 1   load 0.73 0.63 0.63
[TEST C2-MARISA]
Processing dataset...
Done!
Building trie...
trie size: 2.220281 MB
trie size: 2.823213 MB
Done!
build time: 804.427116 ms (804.427116 ns per key)
space cost: 5.413679 MB (41.188767% of original size 13.143581 MB)
Querying trie...
Done!
total time: 333.334981 ms, avg latency: 333.334981 ns
topology: 0.947487 MB, link: 2.305346 MB, data: 2.140338 MB
--- Unary Path Analysis (Marisa, cutoff=3) ---
  branches: 1529804  |  single-char: 445053 (29.1%)  short-unary: 119280 (7.8%)  links: 965471 (63.1%)
  link len: avg=7.67  max=65  total_chars=7409785
  link length distribution (len:count):  3:106346  4:81524  5:100388  6:117171  7:118183  8:106006  9:86378  10:68801  11:51930  12:37786  13:27091  14:19390  15:13458  16:9322  17:6753  18:4616  19:3149  20:2153  21:1566  22:983  23:724  24:512  25:321  26:290  27:155  28:98  29:77  30:70  31:40  32:24  33:35  34:24  35:16  36:9  37:12  38:9  39:5  40:5  41:5  42:8  43:4  44:7  46:3  47:1  49:1  51:1  53:4  55:2  56:1  57:5  58:4  60:2  64:2  65:1
  short unary avg len: 2.00
804.427116,5.413679,333.334981
[PASSED]
[time 1.58 s, user 1.45 s, sys 0.12 s, maxrss 206128 KB]
[busy 175 jiffies]
[exit 0]
--- c2 case 2 rec 2   load 0.75 0.64 0.64
[TEST C2-MARISA]
Processing dataset...
Done!
Building trie...
trie size: 2.220281 MB
trie size: 2.823213 MB
trie size: 0.214430 MB
Done!
build time: 798.831510 ms (798.831510 ns per key)
space cost: 5.413679 MB (41.188767% of original size 13.143581 MB)
Querying trie...
Done!
total time: 329.394063 ms, avg latency: 329.394063 ns
topology: 0.947487 MB, link: 2.305346 MB, data: 2.140338 MB
--- Unary Path Analysis (Marisa, cutoff=3) ---
  branches: 1529804  |  single-char: 445053 (29.1%)  short-unary: 119280 (7.8%)  links: 965471 (63.1%)
  link len: avg=7.67  max=65  total_chars=7409785
  link length distribution (len:count):  3:106346  4:81524  5:100388  6:117171  7:118183  8:106006  9:86378  10:68801  11:51930  12:37786  13:27091  14:19390  15:13458  16:9322  17:6753  18:4616  19:3149  20:2153  21:1566  22:983  23:724  24:512  25:321  26:290  27:155  28:98  29:77  30:70  31:40  32:24  33:35  34:24  35:16  36:9  37:12  38:9  39:5  40:5  41:5  42:8  43:4  44:7  46:3  47:1  49:1  51:1  53:4  55:2  56:1  57:5  58:4  60:2  64:2  65:1
  short unary avg len: 2.00
798.831510,5.413679,329.394063
[PASSED]
[time 1.56 s, user 1.43 s, sys 0.12 s, maxrss 206008 KB]
[busy 164 jiffies]
[exit 0]
--- c2 case 3 rec 0   load 0.75 0.64 0.64
[TEST FST]
Processing dataset...
Done!
Building trie...
Done!
build time: 613.050738 ms (613.050738 ns per key)
space cost: 6.751218 MB (51.365131% of original size 13.143581 MB)
Querying trie...
Done!
total time: 448.481331 ms, avg latency: 448.481331 ns
not implemented
613.050738,6.751218,448.481331
[PASSED]
[time 1.49 s, user 1.43 s, sys 0.05 s, maxrss 95480 KB]
[busy 158 jiffies]
[exit 0]
--- c2 case 4 rec 0   load 0.77 0.64 0.64
[TEST COCO]
Processing dataset...
Done!
Building trie...
num nodes = 310886, average depth = 6.283062
ef = 0.001168, pa = 0.211653, bv = 0.000885, de = 0.651638
efr = 0.002046, par = 0.129141, bvr = 0.000006, der = 0.003464
Done!
build time: 10264.534015 ms (10264.534015 ns per key)
space cost: 9.668336 MB (73.559374% of original size 13.143581 MB)
Querying trie...
Done!
total time: 414.533557 ms, avg latency: 414.533557 ns
not implemented
10264.534015,9.668336,414.533557
[PASSED]
[time 11.59 s, user 8.86 s, sys 2.68 s, maxrss 6138204 KB]
[busy 1207 jiffies]
[exit 0]
--- c2 case 5 rec 0   load 0.80 0.66 0.64
[TEST MARISA]
Processing dataset...
Done!
Building trie...
Done!
build time: 487.157931 ms (487.157931 ns per key)
space cost: 6.885828 MB (52.389283% of original size 13.143581 MB)
Querying trie...
Done!
total time: 381.063803 ms, avg latency: 381.063803 ns
not implemented
487.157931,6.885828,381.063803
[PASSED]
[time 1.29 s, user 1.17 s, sys 0.11 s, maxrss 172460 KB]
[busy 137 jiffies]
[exit 0]
--- c2 case 5 rec 1   load 0.82 0.66 0.64
[TEST MARISA]
Processing dataset...
Done!
Building trie...
Done!
build time: 544.145053 ms (544.145053 ns per key)
space cost: 4.826345 MB (36.720170% of original size 13.143581 MB)
Querying trie...
Done!
total time: 517.607037 ms, avg latency: 517.607037 ns
not implemented
544.145053,4.826345,517.607037
[PASSED]
[time 1.49 s, user 1.37 s, sys 0.11 s, maxrss 172336 KB]
[busy 160 jiffies]
[exit 0]
--- c2 case 5 rec 2   load 0.82 0.66 0.64
[TEST MARISA]
Processing dataset...
Done!
Building trie...
Done!
build time: 558.645085 ms (558.645085 ns per key)
space cost: 4.647946 MB (35.362861% of original size 13.143581 MB)
Querying trie...
Done!
total time: 536.573564 ms, avg latency: 536.573564 ns
not implemented
558.645085,4.647946,536.573564
[PASSED]
[time 1.53 s, user 1.40 s, sys 0.12 s, maxrss 172640 KB]
[busy 163 jiffies]
[exit 0]
--- c2 case 6 rec 0   load 0.83 0.67 0.65
[TEST PDT]
Processing dataset...
Done!
Building trie...
dict size: 155466, stream size: 4016746
Done!
build time: 1915.426094 ms (1915.426094 ns per key)
space cost: 5.254991 MB (39.981421% of original size 13.143581 MB)
Querying trie...
Done!
total time: 538.659324 ms, avg latency: 538.659324 ns
not implemented
1915.426094,5.254991,538.659324
[PASSED]
[time 2.89 s, user 2.76 s, sys 0.11 s, maxrss 152684 KB]
[busy 301 jiffies]
[exit 0]
--- c2 case 7 rec 0   load 0.85 0.67 0.65
[TEST ART]
Processing dataset...
Done!
Building trie...
Done!
build time: 108.640363 ms (108.640363 ns per key)
space cost: 31.580688 MB (240.274607% of original size 13.143581 MB)
Querying trie...
Done!
total time: 266.760739 ms, avg latency: 266.760739 ns
not implemented
108.640363,31.580688,266.760739
[PASSED]
[time 0.82 s, user 0.73 s, sys 0.07 s, maxrss 136184 KB]
[busy 88 jiffies]
[exit 0]
--- c2 case 8 rec 0   load 0.85 0.67 0.65
[TEST CART]
Processing dataset...
Done!
Building trie...
Done!
build time: 164.645480 ms (164.645480 ns per key)
space cost: 13.831998 MB (105.237663% of original size 13.143581 MB)
Querying trie...
Done!
total time: 327.624668 ms, avg latency: 327.624668 ns
not implemented
164.645480,13.831998,327.624668
[PASSED]
[time 0.94 s, user 0.86 s, sys 0.07 s, maxrss 134332 KB]
[busy 103 jiffies]
[exit 0]
--- xcdat 7   load 0.85 0.67 0.65
build time: 522.517786 ms
space cost: 9.017626 MiB (68.608590% of original size 13.143581 MiB)
avg latency: 173.520189 ns
522.517786,9.017626,173.520189
[time 1.14 s, user 1.05 s, sys 0.08 s, maxrss 139728 KB]
[busy 120 jiffies]
[exit 0]
--- xcdat 8   load 0.86 0.68 0.65
build time: 488.110511 ms
space cost: 8.488643 MiB (64.583940% of original size 13.143581 MiB)
avg latency: 170.564324 ns
488.110511,8.488643,170.564324
[time 1.10 s, user 1.00 s, sys 0.09 s, maxrss 139548 KB]
[busy 116 jiffies]
[exit 0]
--- xcdat 15   load 0.86 0.68 0.65
build time: 515.594224 ms
space cost: 9.847433 MiB (74.921993% of original size 13.143581 MiB)
avg latency: 147.331860 ns
515.594224,9.847433,147.331860
[time 1.11 s, user 1.02 s, sys 0.09 s, maxrss 139852 KB]
[busy 121 jiffies]
[exit 0]
--- xcdat 16   load 0.87 0.69 0.65
build time: 486.639025 ms
space cost: 10.260450 MiB (78.064342% of original size 13.143581 MiB)
avg latency: 156.469264 ns
486.639025,10.260450,156.469264
[time 1.09 s, user 0.98 s, sys 0.09 s, maxrss 139632 KB]
[busy 116 jiffies]
[exit 0]

##### idents-1000000 (1000000 lines, 18283976 bytes)   round 1/3   2026-09-15T15:07:49+03:00
--- lexindex dict32   load 0.87 0.69 0.65
1000000 keys
lexindex DictIndex block 32: build 131 ms, size 6.789 MiB (7.119 B/key), latency cold 349.7 ns, then mean 349.5 / min 345.9 ns
131.086,6.789144,349.732
[time 2.04 s, user 2.49 s, sys 0.15 s, maxrss 191064 KB]
[busy 284 jiffies]
[exit 0]
--- lexindex dict256   load 0.88 0.69 0.65
1000000 keys
lexindex DictIndex block 256: build 133 ms, size 6.350 MiB (6.658 B/key), latency cold 381.8 ns, then mean 377.2 / min 373.4 ns
133.020,6.349891,381.770
[time 2.15 s, user 2.62 s, sys 0.14 s, maxrss 190280 KB]
[busy 295 jiffies]
[exit 0]
--- lexindex dict1024   load 0.88 0.69 0.65
1000000 keys
lexindex DictIndex block 1024: build 144 ms, size 6.295 MiB (6.600 B/key), latency cold 438.4 ns, then mean 435.7 / min 433.9 ns
143.929,6.294722,438.366
[time 2.39 s, user 2.67 s, sys 0.13 s, maxrss 171676 KB]
[busy 302 jiffies]
[exit 0]
--- lexindex string   load 0.89 0.70 0.66
1000000 keys
lexindex StringIndex: build 666 ms, size 10.063 MiB (10.552 B/key), latency cold 366.6 ns, then mean 366.2 / min 362.6 ns
666.231,10.063018,366.646
[time 2.62 s, user 2.53 s, sys 0.07 s, maxrss 148468 KB]
[busy 277 jiffies]
[exit 0]
--- c2 case 0 rec 0   load 0.90 0.70 0.66
[TEST C2-FST]
Processing dataset...
Done!
Building trie...
Done!
build time: 592.208776 ms (592.208776 ns per key)
space cost: 8.227930 MB (49.916813% of original size 16.483284 MB)
Querying trie...
Done!
total time: 464.037477 ms, avg latency: 464.037477 ns
topology: 1.135506 MB, link: 1.406907 MB, data: 5.685517 MB
--- Unary Path Analysis (FST, cutoff=4) ---
  shared unary steps in main trie: 971668
  terminal suffixes: inplace=238747 (avg len=2.28)  links=478774 (66.7% of terminal)
  link len: avg=9.52  max=507  total_chars=4557473
  link length distribution (len:count):  4:79167  5:52258  6:44526  7:37562  8:33071  9:28872  10:26062  11:38559  12:20998  13:14985  14:12840  15:11027  16:9190  17:7956  18:6288  19:5522  20:4616  21:3760  22:3224  23:2642  24:2265  25:1817  26:1599  27:3319  28:3490  29:1071  30:1819  31:12530  32:2370  33:475  34:427  35:414  36:360  37:260  38:234  39:210  40:195  41:157  42:148  43:129  44:137  45:91  46:113  47:107  48:101  49:86  50:71  51:74  52:68  53:61  54:79  55:76  56:60  57:86  58:122  59:137  60:259  61:339  62:18  63:12  64:12  65:12  66:15  67:15  68:13  69:15  70:7  71:11  72:10  73:21  74:26  75:36  76:15  77:1  78:2  79:2  80:3  81:3  83:1  84:2  85:2  86:1  88:2  89:2  90:2  91:4  92:1  94:2  95:1  96:3  104:1  106:1  107:1  109:1  110:1  116:1  117:3  120:1  121:2  122:1  123:1  124:1  129:1  191:1  257:1  366:1  424:1  508:1
592.208776,8.227930,464.037477
[PASSED]
[time 1.57 s, user 1.45 s, sys 0.11 s, maxrss 163152 KB]
[busy 166 jiffies]
[exit 0]
--- c2 case 0 rec 1   load 0.90 0.70 0.66
[TEST C2-FST]
Processing dataset...
Done!
Building trie...
trie size: 1.626037 MB
Done!
build time: 715.160756 ms (715.160756 ns per key)
space cost: 7.389305 MB (44.829083% of original size 16.483284 MB)
Querying trie...
Done!
total time: 530.660170 ms, avg latency: 530.660170 ns
topology: 1.316097 MB, link: 1.431170 MB, data: 4.642038 MB
--- Unary Path Analysis (FST, cutoff=4) ---
  shared unary steps in main trie: 971668
  terminal suffixes: inplace=238747 (avg len=2.28)  links=478774 (66.7% of terminal)
  link len: avg=9.52  max=507  total_chars=4557473
  link length distribution (len:count):  4:79167  5:52258  6:44526  7:37562  8:33071  9:28872  10:26062  11:38559  12:20998  13:14985  14:12840  15:11027  16:9190  17:7956  18:6288  19:5522  20:4616  21:3760  22:3224  23:2642  24:2265  25:1817  26:1599  27:3319  28:3490  29:1071  30:1819  31:12530  32:2370  33:475  34:427  35:414  36:360  37:260  38:234  39:210  40:195  41:157  42:148  43:129  44:137  45:91  46:113  47:107  48:101  49:86  50:71  51:74  52:68  53:61  54:79  55:76  56:60  57:86  58:122  59:137  60:259  61:339  62:18  63:12  64:12  65:12  66:15  67:15  68:13  69:15  70:7  71:11  72:10  73:21  74:26  75:36  76:15  77:1  78:2  79:2  80:3  81:3  83:1  84:2  85:2  86:1  88:2  89:2  90:2  91:4  92:1  94:2  95:1  96:3  104:1  106:1  107:1  109:1  110:1  116:1  117:3  120:1  121:2  122:1  123:1  124:1  129:1  191:1  257:1  366:1  424:1  508:1
715.160756,7.389305,530.660170
[PASSED]
[time 1.77 s, user 1.63 s, sys 0.12 s, maxrss 163224 KB]
[busy 190 jiffies]
[exit 0]
--- c2 case 0 rec 2   load 0.91 0.71 0.66
[TEST C2-FST]
Processing dataset...
Done!
Building trie...
trie size: 1.626037 MB
trie size: 0.392475 MB
Done!
build time: 758.004247 ms (758.004247 ns per key)
space cost: 7.389305 MB (44.829083% of original size 16.483284 MB)
Querying trie...
Done!
total time: 525.245393 ms, avg latency: 525.245393 ns
topology: 1.316097 MB, link: 1.431170 MB, data: 4.642038 MB
--- Unary Path Analysis (FST, cutoff=4) ---
  shared unary steps in main trie: 971668
  terminal suffixes: inplace=238747 (avg len=2.28)  links=478774 (66.7% of terminal)
  link len: avg=9.52  max=507  total_chars=4557473
  link length distribution (len:count):  4:79167  5:52258  6:44526  7:37562  8:33071  9:28872  10:26062  11:38559  12:20998  13:14985  14:12840  15:11027  16:9190  17:7956  18:6288  19:5522  20:4616  21:3760  22:3224  23:2642  24:2265  25:1817  26:1599  27:3319  28:3490  29:1071  30:1819  31:12530  32:2370  33:475  34:427  35:414  36:360  37:260  38:234  39:210  40:195  41:157  42:148  43:129  44:137  45:91  46:113  47:107  48:101  49:86  50:71  51:74  52:68  53:61  54:79  55:76  56:60  57:86  58:122  59:137  60:259  61:339  62:18  63:12  64:12  65:12  66:15  67:15  68:13  69:15  70:7  71:11  72:10  73:21  74:26  75:36  76:15  77:1  78:2  79:2  80:3  81:3  83:1  84:2  85:2  86:1  88:2  89:2  90:2  91:4  92:1  94:2  95:1  96:3  104:1  106:1  107:1  109:1  110:1  116:1  117:3  120:1  121:2  122:1  123:1  124:1  129:1  191:1  257:1  366:1  424:1  508:1
758.004247,7.389305,525.245393
[PASSED]
[time 1.80 s, user 1.67 s, sys 0.12 s, maxrss 163032 KB]
[busy 188 jiffies]
[exit 0]
--- c2 case 1 rec 0   load 0.91 0.71 0.66
[TEST C2-CoCo(LOUDS-Sparse)]
Processing dataset...
Done!
Building trie...
Done!
build time: 2142.188167 ms (2142.188167 ns per key)
space cost: 8.350286 MB (50.659118% of original size 16.483284 MB)
Querying trie...
Done!
total time: 570.300351 ms, avg latency: 570.300351 ns
topology: 0.418800 MB, link: 2.233477 MB, data: 5.698009 MB
2142.188167,8.350286,570.300351
[PASSED]
[time 3.23 s, user 3.04 s, sys 0.18 s, maxrss 336116 KB]
[busy 335 jiffies]
[exit 0]
--- c2 case 1 rec 1   load 0.92 0.71 0.66
[TEST C2-CoCo(LOUDS-Sparse)]
Processing dataset...
Done!
Building trie...
trie size: 1.626037 MB
Done!
build time: 2268.368163 ms (2268.368163 ns per key)
space cost: 7.511661 MB (45.571388% of original size 16.483284 MB)
Querying trie...
Done!
total time: 621.560991 ms, avg latency: 621.560991 ns
topology: 0.599392 MB, link: 2.257739 MB, data: 4.654530 MB
2268.368163,7.511661,621.560991
[PASSED]
[time 3.42 s, user 3.20 s, sys 0.19 s, maxrss 335772 KB]
[busy 358 jiffies]
[exit 0]
--- c2 case 1 rec 2   load 0.92 0.72 0.66
[TEST C2-CoCo(LOUDS-Sparse)]
Processing dataset...
Done!
Building trie...
trie size: 1.626037 MB
trie size: 0.392475 MB
Done!
build time: 2307.376938 ms (2307.376938 ns per key)
space cost: 7.511661 MB (45.571388% of original size 16.483284 MB)
Querying trie...
Done!
total time: 628.915634 ms, avg latency: 628.915634 ns
topology: 0.599392 MB, link: 2.257739 MB, data: 4.654530 MB
2307.376938,7.511661,628.915634
[PASSED]
[time 3.47 s, user 3.27 s, sys 0.18 s, maxrss 336072 KB]
[busy 360 jiffies]
[exit 0]
--- c2 case 2 rec 0   load 0.93 0.72 0.67
[TEST C2-MARISA]
Processing dataset...
Done!
Building trie...
trie size: 2.268721 MB
Done!
build time: 664.725195 ms (664.725195 ns per key)
space cost: 7.402753 MB (44.910668% of original size 16.483284 MB)
Querying trie...
Done!
total time: 334.435749 ms, avg latency: 334.435749 ns
topology: 0.751392 MB, link: 2.163248 MB, data: 4.467605 MB
--- Unary Path Analysis (Marisa, cutoff=3) ---
  branches: 1404624  |  single-char: 479529 (34.1%)  short-unary: 101093 (7.2%)  links: 824002 (58.7%)
  link len: avg=8.83  max=511  total_chars=7275589
  link length distribution (len:count):  3:96296  4:151575  5:100673  6:68854  7:57858  8:46664  9:40166  10:34974  11:30498  12:41963  13:23674  14:17279  15:14913  16:12650  17:10496  18:9162  19:7137  20:6187  21:5166  22:4219  23:3575  24:2970  25:2515  26:2033  27:1786  28:3448  29:3574  30:1146  31:1929  32:12598  33:2418  34:520  35:464  36:440  37:386  38:271  39:250  40:221  41:206  42:160  43:154  44:139  45:143  46:95  47:113  48:108  49:103  50:87  51:72  52:78  53:68  54:62  55:80  56:76  57:60  58:86  59:123  60:137  61:260  62:340  63:18  64:12  65:14  66:12  67:15  68:15  69:13  70:15  71:7  72:12  73:10  74:22  75:26  76:36  77:15  78:1  79:2  80:2  81:3  82:3  83:1  84:2  85:2  86:2  87:2  89:2  90:2  91:2  92:4  93:1  95:2  96:1  97:3  105:1  107:1  108:1  110:1  111:1  117:1  118:3  121:1  122:2  123:1  124:1  125:1  130:1  136:1  137:1  192:1  258:1  337:1  367:1  425:1  509:1  511:1
  short unary avg len: 2.00
664.725195,7.402753,334.435749
[PASSED]
[time 1.51 s, user 1.38 s, sys 0.12 s, maxrss 204612 KB]
[busy 162 jiffies]
[exit 0]
--- c2 case 2 rec 1   load 0.85 0.71 0.66
[TEST C2-MARISA]
Processing dataset...
Done!
Building trie...
trie size: 2.268721 MB
trie size: 2.569425 MB
Done!
build time: 814.265437 ms (814.265437 ns per key)
space cost: 6.231204 MB (37.803171% of original size 16.483284 MB)
Querying trie...
Done!
total time: 427.901352 ms, avg latency: 427.901352 ns
topology: 0.985817 MB, link: 2.134608 MB, data: 3.090271 MB
--- Unary Path Analysis (Marisa, cutoff=3) ---
  branches: 1404624  |  single-char: 479529 (34.1%)  short-unary: 101093 (7.2%)  links: 824002 (58.7%)
  link len: avg=8.83  max=511  total_chars=7275589
  link length distribution (len:count):  3:96296  4:151575  5:100673  6:68854  7:57858  8:46664  9:40166  10:34974  11:30498  12:41963  13:23674  14:17279  15:14913  16:12650  17:10496  18:9162  19:7137  20:6187  21:5166  22:4219  23:3575  24:2970  25:2515  26:2033  27:1786  28:3448  29:3574  30:1146  31:1929  32:12598  33:2418  34:520  35:464  36:440  37:386  38:271  39:250  40:221  41:206  42:160  43:154  44:139  45:143  46:95  47:113  48:108  49:103  50:87  51:72  52:78  53:68  54:62  55:80  56:76  57:60  58:86  59:123  60:137  61:260  62:340  63:18  64:12  65:14  66:12  67:15  68:15  69:13  70:15  71:7  72:12  73:10  74:22  75:26  76:36  77:15  78:1  79:2  80:2  81:3  82:3  83:1  84:2  85:2  86:2  87:2  89:2  90:2  91:2  92:4  93:1  95:2  96:1  97:3  105:1  107:1  108:1  110:1  111:1  117:1  118:3  121:1  122:2  123:1  124:1  125:1  130:1  136:1  137:1  192:1  258:1  337:1  367:1  425:1  509:1  511:1
  short unary avg len: 2.00
814.265437,6.231204,427.901352
[PASSED]
[time 1.76 s, user 1.62 s, sys 0.12 s, maxrss 204720 KB]
[busy 184 jiffies]
[exit 0]
--- c2 case 2 rec 2   load 0.85 0.71 0.66
[TEST C2-MARISA]
Processing dataset...
Done!
Building trie...
trie size: 2.268721 MB
trie size: 2.569425 MB
trie size: 0.468599 MB
Done!
build time: 887.459830 ms (887.459830 ns per key)
space cost: 6.231204 MB (37.803171% of original size 16.483284 MB)
Querying trie...
Done!
total time: 446.263623 ms, avg latency: 446.263623 ns
topology: 0.985817 MB, link: 2.134608 MB, data: 3.090271 MB
--- Unary Path Analysis (Marisa, cutoff=3) ---
  branches: 1404624  |  single-char: 479529 (34.1%)  short-unary: 101093 (7.2%)  links: 824002 (58.7%)
  link len: avg=8.83  max=511  total_chars=7275589
  link length distribution (len:count):  3:96296  4:151575  5:100673  6:68854  7:57858  8:46664  9:40166  10:34974  11:30498  12:41963  13:23674  14:17279  15:14913  16:12650  17:10496  18:9162  19:7137  20:6187  21:5166  22:4219  23:3575  24:2970  25:2515  26:2033  27:1786  28:3448  29:3574  30:1146  31:1929  32:12598  33:2418  34:520  35:464  36:440  37:386  38:271  39:250  40:221  41:206  42:160  43:154  44:139  45:143  46:95  47:113  48:108  49:103  50:87  51:72  52:78  53:68  54:62  55:80  56:76  57:60  58:86  59:123  60:137  61:260  62:340  63:18  64:12  65:14  66:12  67:15  68:15  69:13  70:15  71:7  72:12  73:10  74:22  75:26  76:36  77:15  78:1  79:2  80:2  81:3  82:3  83:1  84:2  85:2  86:2  87:2  89:2  90:2  91:2  92:4  93:1  95:2  96:1  97:3  105:1  107:1  108:1  110:1  111:1  117:1  118:3  121:1  122:2  123:1  124:1  125:1  130:1  136:1  137:1  192:1  258:1  337:1  367:1  425:1  509:1  511:1
  short unary avg len: 2.00
887.459830,6.231204,446.263623
[PASSED]
[time 1.86 s, user 1.71 s, sys 0.13 s, maxrss 204684 KB]
[busy 199 jiffies]
[exit 0]
--- c2 case 3 rec 0   load 0.87 0.71 0.66
[TEST FST]
Processing dataset...
Done!
Building trie...
Done!
build time: 684.370908 ms (684.370908 ns per key)
space cost: 8.563316 MB (51.951519% of original size 16.483284 MB)
Querying trie...
Done!
total time: 752.939378 ms, avg latency: 752.939378 ns
not implemented
684.370908,8.563316,752.939378
[PASSED]
[time 1.96 s, user 1.87 s, sys 0.08 s, maxrss 114680 KB]
[busy 205 jiffies]
[exit 0]
--- c2 case 4 rec 0   load 0.87 0.71 0.66
[TEST COCO]
Processing dataset...
Done!
Building trie...
num nodes = 412937, average depth = 8.208172
ef = 0.000455, pa = 0.242352, bv = 0.003325, de = 0.563989
efr = 0.002477, par = 0.125714, bvr = 0.000545, der = 0.061142
Done!
build time: 14171.641627 ms (14171.641627 ns per key)
space cost: 9.974920 MB (60.515370% of original size 16.483284 MB)
Querying trie...
Done!
total time: 496.176320 ms, avg latency: 496.176320 ns
not implemented
14171.641627,9.974920,496.176320
[PASSED]
[time 15.76 s, user 12.29 s, sys 3.40 s, maxrss 7730504 KB]
[busy 1636 jiffies]
[exit 0]
--- c2 case 5 rec 0   load 0.82 0.72 0.67
[TEST MARISA]
Processing dataset...
Done!
Building trie...
Done!
build time: 463.427842 ms (463.427842 ns per key)
space cost: 7.279773 MB (44.164578% of original size 16.483284 MB)
Querying trie...
Done!
total time: 463.675787 ms, avg latency: 463.675787 ns
not implemented
463.427842,7.279773,463.675787
[PASSED]
[time 1.44 s, user 1.34 s, sys 0.10 s, maxrss 157704 KB]
[busy 152 jiffies]
[exit 0]
--- c2 case 5 rec 1   load 0.82 0.72 0.67
[TEST MARISA]
Processing dataset...
Done!
Building trie...
Done!
build time: 547.629803 ms (547.629803 ns per key)
space cost: 5.655286 MB (34.309218% of original size 16.483284 MB)
Querying trie...
Done!
total time: 674.762450 ms, avg latency: 674.762450 ns
not implemented
547.629803,5.655286,674.762450
[PASSED]
[time 1.73 s, user 1.63 s, sys 0.08 s, maxrss 157948 KB]
[busy 185 jiffies]
[exit 0]
--- c2 case 5 rec 2   load 0.84 0.72 0.67
[TEST MARISA]
Processing dataset...
Done!
Building trie...
Done!
build time: 567.051755 ms (567.051755 ns per key)
space cost: 5.354378 MB (32.483683% of original size 16.483284 MB)
Querying trie...
Done!
total time: 720.966647 ms, avg latency: 720.966647 ns
not implemented
567.051755,5.354378,720.966647
[PASSED]
[time 1.81 s, user 1.69 s, sys 0.10 s, maxrss 165624 KB]
[busy 189 jiffies]
[exit 0]
--- c2 case 6 rec 0   load 0.84 0.72 0.67
[TEST PDT]
Processing dataset...
Done!
Building trie...
dict size: 158636, stream size: 5032831
Done!
build time: 2606.083917 ms (2606.083917 ns per key)
space cost: 6.227028 MB (37.777835% of original size 16.483284 MB)
Querying trie...
Done!
total time: 588.618959 ms, avg latency: 588.618959 ns
not implemented
2606.083917,6.227028,588.618959
[PASSED]
[time 3.71 s, user 3.59 s, sys 0.10 s, maxrss 168332 KB]
[busy 388 jiffies]
[exit 0]
--- c2 case 7 rec 0   load 0.85 0.73 0.67
[TEST ART]
Processing dataset...
Done!
Building trie...
Done!
build time: 153.656947 ms (153.656947 ns per key)
space cost: 32.931778 MB (199.788937% of original size 16.483284 MB)
Querying trie...
Done!
total time: 406.474972 ms, avg latency: 406.474972 ns
not implemented
153.656947,32.931778,406.474972
[PASSED]
[time 1.09 s, user 1.00 s, sys 0.08 s, maxrss 160736 KB]
[busy 118 jiffies]
[exit 0]
--- c2 case 8 rec 0   load 0.78 0.71 0.67
[TEST CART]
Processing dataset...
Done!
Building trie...
Done!
build time: 204.565537 ms (204.565537 ns per key)
space cost: 15.673315 MB (95.086119% of original size 16.483284 MB)
Querying trie...
Done!
total time: 475.537741 ms, avg latency: 475.537741 ns
not implemented
204.565537,15.673315,475.537741
[PASSED]
[time 1.21 s, user 1.12 s, sys 0.08 s, maxrss 149200 KB]
[busy 129 jiffies]
[exit 0]
--- xcdat 7   load 0.78 0.71 0.67
build time: 506.083971 ms
space cost: 11.013126 MiB (66.813909% of original size 16.483284 MiB)
avg latency: 224.201451 ns
506.083971,11.013126,224.201451
[time 1.26 s, user 1.13 s, sys 0.11 s, maxrss 180108 KB]
[busy 137 jiffies]
[exit 0]
--- xcdat 8   load 0.72 0.70 0.66
build time: 460.515267 ms
space cost: 10.584354 MiB (64.212656% of original size 16.483284 MiB)
avg latency: 217.783179 ns
460.515267,10.584354,217.783179
[time 1.21 s, user 1.09 s, sys 0.11 s, maxrss 179840 KB]
[busy 129 jiffies]
[exit 0]
--- xcdat 15   load 0.72 0.70 0.66
build time: 494.915239 ms
space cost: 13.141485 MiB (79.726135% of original size 16.483284 MiB)
avg latency: 204.866313 ns
494.915239,13.141485,204.866313
[time 1.22 s, user 1.09 s, sys 0.12 s, maxrss 179648 KB]
[busy 129 jiffies]
[exit 0]
--- xcdat 16   load 0.72 0.70 0.66
build time: 462.842110 ms
space cost: 13.736038 MiB (83.333140% of original size 16.483284 MiB)
avg latency: 211.372780 ns
462.842110,13.736038,211.372780
[time 1.20 s, user 1.10 s, sys 0.10 s, maxrss 179908 KB]
[busy 128 jiffies]
[exit 0]

##### numeric-1000000 (1000000 lines, 6888890 bytes)   round 1/3   2026-09-15T15:09:18+03:00
--- lexindex dict32   load 0.74 0.71 0.66
1000000 keys
lexindex DictIndex block 32: build 74 ms, size 2.348 MiB (2.462 B/key), latency cold 172.1 ns, then mean 168.9 / min 168.1 ns
73.853,2.347814,172.140
[time 1.18 s, user 1.25 s, sys 0.09 s, maxrss 127672 KB]
[busy 145 jiffies]
[exit 0]
--- lexindex dict256   load 0.74 0.71 0.66
1000000 keys
lexindex DictIndex block 256: build 78 ms, size 2.027 MiB (2.126 B/key), latency cold 192.8 ns, then mean 192.5 / min 191.8 ns
78.094,2.027405,192.771
[time 1.28 s, user 1.37 s, sys 0.09 s, maxrss 130512 KB]
[busy 160 jiffies]
[exit 0]
--- lexindex dict1024   load 0.76 0.71 0.67
1000000 keys
lexindex DictIndex block 1024: build 76 ms, size 1.986 MiB (2.082 B/key), latency cold 214.5 ns, then mean 214.2 / min 212.0 ns
75.998,1.985999,214.520
[time 1.37 s, user 1.41 s, sys 0.08 s, maxrss 129648 KB]
[busy 160 jiffies]
[exit 0]
--- lexindex string   load 0.76 0.71 0.67
1000000 keys
lexindex StringIndex: build 166 ms, size 0.000 MiB (0.000 B/key), latency cold 114.8 ns, then mean 112.3 / min 112.1 ns
166.226,0.000287,114.773
[time 1.03 s, user 0.96 s, sys 0.06 s, maxrss 114480 KB]
[busy 118 jiffies]
[exit 0]
--- c2 case 0 rec 0   load 0.70 0.70 0.66
timeout: the monitored command dumped core
Command terminated by signal 11
[time 0.37 s, user 0.26 s, sys 0.05 s, maxrss 84036 KB]
[busy 43 jiffies]
[exit 139]
--- c2 case 0 rec 1   load 0.70 0.70 0.66
timeout: the monitored command dumped core
Command terminated by signal 11
[time 0.36 s, user 0.24 s, sys 0.06 s, maxrss 83856 KB]
[busy 43 jiffies]
[exit 139]
--- c2 case 0 rec 2   load 0.70 0.70 0.66
timeout: the monitored command dumped core
Command terminated by signal 11
[time 0.37 s, user 0.25 s, sys 0.05 s, maxrss 83844 KB]
[busy 43 jiffies]
[exit 139]
--- c2 case 1 rec 0   load 0.65 0.69 0.66
timeout: the monitored command dumped core
Command terminated by signal 11
[time 0.40 s, user 0.28 s, sys 0.06 s, maxrss 84028 KB]
[busy 49 jiffies]
[exit 139]
--- c2 case 1 rec 1   load 0.65 0.69 0.66
timeout: the monitored command dumped core
Command terminated by signal 11
[time 0.40 s, user 0.29 s, sys 0.05 s, maxrss 83904 KB]
[busy 45 jiffies]
[exit 139]
--- c2 case 1 rec 2   load 0.65 0.69 0.66
timeout: the monitored command dumped core
Command terminated by signal 11
[time 0.40 s, user 0.29 s, sys 0.05 s, maxrss 83924 KB]
[busy 46 jiffies]
[exit 139]
--- c2 case 2 rec 0   load 0.65 0.69 0.66
timeout: the monitored command dumped core
Command terminated by signal 11
[time 0.37 s, user 0.25 s, sys 0.05 s, maxrss 84008 KB]
[busy 46 jiffies]
[exit 139]
--- c2 case 2 rec 1   load 0.59 0.68 0.65
timeout: the monitored command dumped core
Command terminated by signal 11
[time 0.37 s, user 0.26 s, sys 0.05 s, maxrss 84020 KB]
[busy 47 jiffies]
[exit 139]
--- c2 case 2 rec 2   load 0.59 0.68 0.65
timeout: the monitored command dumped core
Command terminated by signal 11
[time 0.38 s, user 0.26 s, sys 0.04 s, maxrss 83852 KB]
[busy 43 jiffies]
[exit 139]
--- c2 case 3 rec 0   load 0.59 0.68 0.65
[TEST FST]
Processing dataset...
Done!
Building trie...
Done!
build time: 217.463268 ms (217.463268 ns per key)
space cost: 1.445107 MB (25.731589% of original size 5.616083 MB)
Querying trie...
Done!
total time: 247.591391 ms, avg latency: 247.591391 ns
not implemented
217.463268,1.445107,247.591391
[PASSED]
[time 0.79 s, user 0.74 s, sys 0.05 s, maxrss 74032 KB]
[busy 84 jiffies]
[exit 0]
--- c2 case 4 rec 0   load 0.55 0.66 0.65
[TEST COCO]
Processing dataset...
Done!
Building trie...
num nodes = 9001, average depth = 1.000222
ef = 0.000000, pa = 0.000000, bv = 0.000111, de = 0.999889
efr = 0.000000, par = 0.000000, bvr = 0.000000, der = 0.000000
Done!
build time: 696.832138 ms (696.832138 ns per key)
space cost: 0.497188 MB (8.852927% of original size 5.616083 MB)
Querying trie...
Done!
total time: 224.606933 ms, avg latency: 224.606933 ns
not implemented
696.832138,0.497188,224.606933
[PASSED]
[time 1.27 s, user 1.04 s, sys 0.22 s, maxrss 494548 KB]
[busy 137 jiffies]
[exit 0]
--- c2 case 5 rec 0   load 0.55 0.66 0.65
[TEST MARISA]
Processing dataset...
Done!
Building trie...
Done!
build time: 144.486523 ms (144.486523 ns per key)
space cost: 1.565816 MB (27.880925% of original size 5.616083 MB)
Querying trie...
Done!
total time: 187.076678 ms, avg latency: 187.076678 ns
not implemented
144.486523,1.565816,187.076678
[PASSED]
[time 0.67 s, user 0.58 s, sys 0.08 s, maxrss 108432 KB]
[busy 73 jiffies]
[exit 0]
--- c2 case 5 rec 1   load 0.55 0.66 0.65
[TEST MARISA]
Processing dataset...
Done!
Building trie...
Done!
build time: 144.791095 ms (144.791095 ns per key)
space cost: 1.565816 MB (27.880925% of original size 5.616083 MB)
Querying trie...
Done!
total time: 188.751475 ms, avg latency: 188.751475 ns
not implemented
144.791095,1.565816,188.751475
[PASSED]
[time 0.66 s, user 0.58 s, sys 0.08 s, maxrss 108232 KB]
[busy 75 jiffies]
[exit 0]
--- c2 case 5 rec 2   load 0.58 0.67 0.65
[TEST MARISA]
Processing dataset...
Done!
Building trie...
Done!
build time: 147.602830 ms (147.602830 ns per key)
space cost: 1.565816 MB (27.880925% of original size 5.616083 MB)
Querying trie...
Done!
total time: 187.169372 ms, avg latency: 187.169372 ns
not implemented
147.602830,1.565816,187.169372
[PASSED]
[time 0.66 s, user 0.58 s, sys 0.07 s, maxrss 108284 KB]
[busy 71 jiffies]
[exit 0]
--- c2 case 6 rec 0   load 0.58 0.67 0.65
[TEST PDT]
Processing dataset...
Done!
Building trie...
dict size: 92, stream size: 296698
Done!
build time: 105.644412 ms (105.644412 ns per key)
space cost: 1.559100 MB (27.761344% of original size 5.616083 MB)
Querying trie...
Done!
total time: 395.010395 ms, avg latency: 395.010395 ns
not implemented
105.644412,1.559100,395.010395
[PASSED]
[time 0.82 s, user 0.76 s, sys 0.05 s, maxrss 90056 KB]
[busy 89 jiffies]
[exit 0]
--- c2 case 7 rec 0   load 0.58 0.67 0.65
[TEST ART]
Processing dataset...
Done!
Building trie...
Done!
build time: 56.431600 ms (56.431600 ns per key)
space cost: 20.065308 MB (357.282951% of original size 5.616083 MB)
Querying trie...
Done!
total time: 73.411702 ms, avg latency: 73.411702 ns
not implemented
56.431600,20.065308,73.411702
[PASSED]
[time 0.46 s, user 0.40 s, sys 0.06 s, maxrss 103344 KB]
[busy 52 jiffies]
[exit 0]
--- c2 case 8 rec 0   load 0.62 0.68 0.65
[TEST CART]
Processing dataset...
Done!
Building trie...
Done!
build time: 70.710977 ms (70.710977 ns per key)
space cost: 11.262885 MB (200.546979% of original size 5.616083 MB)
Querying trie...
Done!
total time: 80.720299 ms, avg latency: 80.720299 ns
not implemented
70.710977,11.262885,80.720299
[PASSED]
[time 0.49 s, user 0.43 s, sys 0.05 s, maxrss 104848 KB]
[busy 55 jiffies]
[exit 0]
--- xcdat 7   load 0.62 0.68 0.65
build time: 268.400150 ms
space cost: 5.285287 MiB (94.109841% of original size 5.616083 MiB)
avg latency: 84.142149 ns
268.400150,5.285287,84.142149
[time 0.68 s, user 0.61 s, sys 0.06 s, maxrss 90456 KB]
[busy 77 jiffies]
[exit 0]
--- xcdat 8   load 0.62 0.68 0.65
build time: 178.498686 ms
space cost: 4.607934 MiB (82.048892% of original size 5.616083 MiB)
avg latency: 94.532097 ns
178.498686,4.607934,94.532097
[time 0.60 s, user 0.53 s, sys 0.06 s, maxrss 90312 KB]
[busy 70 jiffies]
[exit 0]
--- xcdat 15   load 0.57 0.66 0.65
build time: 203.689280 ms
space cost: 6.727912 MiB (119.797228% of original size 5.616083 MiB)
avg latency: 55.822174 ns
203.689280,6.727912,55.822174
[time 0.57 s, user 0.50 s, sys 0.07 s, maxrss 90460 KB]
[busy 62 jiffies]
[exit 0]
--- xcdat 16   load 0.57 0.66 0.65
build time: 175.960356 ms
space cost: 7.181439 MiB (127.872740% of original size 5.616083 MiB)
avg latency: 68.845450 ns
175.960356,7.181439,68.845450
[time 0.57 s, user 0.50 s, sys 0.06 s, maxrss 90288 KB]
[busy 62 jiffies]
[exit 0]

##### opaque-1000000 (1000000 lines, 17000000 bytes)   round 1/3   2026-09-15T15:10:00+03:00
--- lexindex dict32   load 0.57 0.66 0.65
1000000 keys
lexindex DictIndex block 32: build 156 ms, size 13.431 MiB (14.083 B/key), latency cold 397.4 ns, then mean 392.0 / min 390.5 ns
155.719,13.430968,397.381
[time 2.17 s, user 2.92 s, sys 0.21 s, maxrss 169296 KB]
[busy 334 jiffies]
[exit 0]
--- lexindex dict256   load 0.60 0.67 0.65
1000000 keys
lexindex DictIndex block 256: build 157 ms, size 13.159 MiB (13.799 B/key), latency cold 415.4 ns, then mean 411.3 / min 410.0 ns
157.434,13.159279,415.397
[time 2.27 s, user 3.03 s, sys 0.21 s, maxrss 169440 KB]
[busy 347 jiffies]
[exit 0]
--- lexindex dict1024   load 0.55 0.66 0.65
1000000 keys
lexindex DictIndex block 1024: build 168 ms, size 13.123 MiB (13.760 B/key), latency cold 438.8 ns, then mean 431.5 / min 430.2 ns
168.366,13.122862,438.769
[time 2.36 s, user 2.77 s, sys 0.20 s, maxrss 165476 KB]
[busy 319 jiffies]
[exit 0]
--- lexindex string   load 0.55 0.66 0.65
1000000 keys
lexindex StringIndex: build 1116 ms, size 20.443 MiB (21.436 B/key), latency cold 391.6 ns, then mean 388.5 / min 387.5 ns
1116.303,20.442799,391.621
[time 3.10 s, user 3.00 s, sys 0.08 s, maxrss 151980 KB]
[busy 328 jiffies]
[exit 0]
--- c2 case 0 rec 0   load 0.59 0.67 0.65
[TEST C2-FST]
Processing dataset...
Done!
Building trie...
Done!
build time: 1088.465938 ms (1088.465938 ns per key)
space cost: 16.922257 MB (110.901706% of original size 15.258789 MB)
Querying trie...
Done!
total time: 404.674528 ms, avg latency: 404.674528 ns
topology: 0.743332 MB, link: 3.012292 MB, data: 13.166634 MB
--- Unary Path Analysis (FST, cutoff=4) ---
  shared unary steps in main trie: 1041
  terminal suffixes: inplace=0 (avg len=0.00)  links=1000000 (100.0% of terminal)
  link len: avg=10.96  max=12  total_chars=10963783
  link length distribution (len:count):  9:6  10:856  11:56569  12:920487  13:22082
1088.465938,16.922257,404.674528
[PASSED]
[time 2.13 s, user 1.98 s, sys 0.13 s, maxrss 249744 KB]
[busy 230 jiffies]
[exit 0]
--- c2 case 0 rec 1   load 0.62 0.67 0.65
[TEST C2-FST]
Processing dataset...
Done!
Building trie...
trie size: 4.316751 MB
Done!
build time: 1969.036431 ms (1969.036431 ns per key)
space cost: 16.922257 MB (110.901706% of original size 15.258789 MB)
Querying trie...
Done!
total time: 400.439048 ms, avg latency: 400.439048 ns
topology: 0.743332 MB, link: 3.012292 MB, data: 13.166634 MB
--- Unary Path Analysis (FST, cutoff=4) ---
  shared unary steps in main trie: 1041
  terminal suffixes: inplace=0 (avg len=0.00)  links=1000000 (100.0% of terminal)
  link len: avg=10.96  max=12  total_chars=10963783
  link length distribution (len:count):  9:6  10:856  11:56569  12:920487  13:22082
1969.036431,16.922257,400.439048
[PASSED]
[time 3.02 s, user 2.77 s, sys 0.23 s, maxrss 311384 KB]
[busy 315 jiffies]
[exit 0]
--- c2 case 0 rec 2   load 0.57 0.66 0.65
[TEST C2-FST]
Processing dataset...
Done!
Building trie...
trie size: 4.316751 MB
Done!
build time: 1977.453630 ms (1977.453630 ns per key)
space cost: 16.922257 MB (110.901706% of original size 15.258789 MB)
Querying trie...
Done!
total time: 401.700439 ms, avg latency: 401.700439 ns
topology: 0.743332 MB, link: 3.012292 MB, data: 13.166634 MB
--- Unary Path Analysis (FST, cutoff=4) ---
  shared unary steps in main trie: 1041
  terminal suffixes: inplace=0 (avg len=0.00)  links=1000000 (100.0% of terminal)
  link len: avg=10.96  max=12  total_chars=10963783
  link length distribution (len:count):  9:6  10:856  11:56569  12:920487  13:22082
1977.453630,16.922257,401.700439
[PASSED]
[time 3.02 s, user 2.79 s, sys 0.20 s, maxrss 311296 KB]
[busy 313 jiffies]
[exit 0]
--- c2 case 1 rec 0   load 0.57 0.66 0.65
[TEST C2-CoCo(LOUDS-Sparse)]
Processing dataset...
Done!
Building trie...
Done!
build time: 1352.787943 ms (1352.787943 ns per key)
space cost: 16.089285 MB (105.442735% of original size 15.258789 MB)
Querying trie...
Done!
total time: 535.856646 ms, avg latency: 535.856646 ns
topology: 0.346626 MB, link: 3.175570 MB, data: 12.567089 MB
1352.787943,16.089285,535.856646
[PASSED]
[time 2.54 s, user 2.33 s, sys 0.20 s, maxrss 357260 KB]
[busy 271 jiffies]
[exit 0]
--- c2 case 1 rec 1   load 0.61 0.67 0.65
[TEST C2-CoCo(LOUDS-Sparse)]
Processing dataset...
Done!
Building trie...
trie size: 4.316751 MB
Done!
build time: 2229.782044 ms (2229.782044 ns per key)
space cost: 16.089285 MB (105.442735% of original size 15.258789 MB)
Querying trie...
Done!
total time: 528.845950 ms, avg latency: 528.845950 ns
topology: 0.346626 MB, link: 3.175570 MB, data: 12.567089 MB
2229.782044,16.089285,528.845950
[PASSED]
[time 3.41 s, user 3.17 s, sys 0.22 s, maxrss 418904 KB]
[busy 356 jiffies]
[exit 0]
--- c2 case 1 rec 2   load 0.64 0.67 0.65
[TEST C2-CoCo(LOUDS-Sparse)]
Processing dataset...
Done!
Building trie...
trie size: 4.316751 MB
Done!
build time: 2234.402508 ms (2234.402508 ns per key)
space cost: 16.089285 MB (105.442735% of original size 15.258789 MB)
Querying trie...
Done!
total time: 539.470839 ms, avg latency: 539.470839 ns
topology: 0.346626 MB, link: 3.175570 MB, data: 12.567089 MB
2234.402508,16.089285,539.470839
[PASSED]
[time 3.44 s, user 3.20 s, sys 0.23 s, maxrss 418784 KB]
[busy 359 jiffies]
[exit 0]
--- c2 case 2 rec 0   load 0.67 0.68 0.65
[TEST C2-MARISA]
Processing dataset...
Done!
Building trie...
trie size: 1.836515 MB
Done!
build time: 979.560547 ms (979.560547 ns per key)
space cost: 16.609414 MB (108.851456% of original size 15.258789 MB)
Querying trie...
Done!
total time: 340.142234 ms, avg latency: 340.142234 ns
topology: 0.607349 MB, link: 2.863268 MB, data: 13.118289 MB
--- Unary Path Analysis (Marisa, cutoff=3) ---
  branches: 1267337  |  single-char: 266306 (21.0%)  short-unary: 1021 (0.1%)  links: 1000010 (78.9%)
  link len: avg=12.96  max=14  total_chars=12963813
  link length distribution (len:count):  3:10  10:6  11:856  12:56569  13:920487  14:22082
  short unary avg len: 2.00
979.560547,16.609414,340.142234
[PASSED]
[time 1.97 s, user 1.82 s, sys 0.14 s, maxrss 236708 KB]
[busy 210 jiffies]
[exit 0]
--- c2 case 2 rec 1   load 0.67 0.68 0.65
[TEST C2-MARISA]
Processing dataset...
Done!
Building trie...
trie size: 1.836515 MB
trie size: 4.316792 MB
Done!
build time: 2011.241441 ms (2011.241441 ns per key)
space cost: 16.609414 MB (108.851456% of original size 15.258789 MB)
Querying trie...
Done!
total time: 333.321846 ms, avg latency: 333.321846 ns
topology: 0.607349 MB, link: 2.863268 MB, data: 13.118289 MB
--- Unary Path Analysis (Marisa, cutoff=3) ---
  branches: 1267337  |  single-char: 266306 (21.0%)  short-unary: 1021 (0.1%)  links: 1000010 (78.9%)
  link len: avg=12.96  max=14  total_chars=12963813
  link length distribution (len:count):  3:10  10:6  11:856  12:56569  13:920487  14:22082
  short unary avg len: 2.00
2011.241441,16.609414,333.321846
[PASSED]
[time 3.00 s, user 2.80 s, sys 0.18 s, maxrss 283864 KB]
[busy 312 jiffies]
[exit 0]
--- c2 case 2 rec 2   load 0.86 0.72 0.67
[TEST C2-MARISA]
Processing dataset...
Done!
Building trie...
trie size: 1.836515 MB
trie size: 4.316792 MB
Done!
build time: 2016.627635 ms (2016.627635 ns per key)
space cost: 16.609414 MB (108.851456% of original size 15.258789 MB)
Querying trie...
Done!
total time: 334.730413 ms, avg latency: 334.730413 ns
topology: 0.607349 MB, link: 2.863268 MB, data: 13.118289 MB
--- Unary Path Analysis (Marisa, cutoff=3) ---
  branches: 1267337  |  single-char: 266306 (21.0%)  short-unary: 1021 (0.1%)  links: 1000010 (78.9%)
  link len: avg=12.96  max=14  total_chars=12963813
  link length distribution (len:count):  3:10  10:6  11:856  12:56569  13:920487  14:22082
  short unary avg len: 2.00
2016.627635,16.609414,334.730413
[PASSED]
[time 3.00 s, user 2.80 s, sys 0.18 s, maxrss 283588 KB]
[busy 315 jiffies]
[exit 0]
--- c2 case 3 rec 0   load 0.87 0.72 0.67
[TEST FST]
Processing dataset...
Done!
Building trie...
Done!
build time: 661.969757 ms (661.969757 ns per key)
space cost: 16.760878 MB (109.844088% of original size 15.258789 MB)
Querying trie...
Done!
total time: 340.619331 ms, avg latency: 340.619331 ns
not implemented
661.969757,16.760878,340.619331
[PASSED]
[time 1.67 s, user 1.58 s, sys 0.09 s, maxrss 147096 KB]
[busy 179 jiffies]
[exit 0]
--- c2 case 4 rec 0   load 0.80 0.71 0.66
[TEST COCO]
Processing dataset...
Done!
Building trie...
num nodes = 4097, average depth = 12.997071
ef = 0.000000, pa = 0.000000, bv = 0.000000, de = 0.000000
efr = 0.000000, par = 0.999756, bvr = 0.000244, der = 0.000000
Done!
build time: 17326.097483 ms (17326.097483 ns per key)
space cost: 10.595579 MB (69.439184% of original size 15.258789 MB)
Querying trie...
Done!
total time: 508.210277 ms, avg latency: 508.210277 ns
not implemented
17326.097483,10.595579,508.210277
[PASSED]
[time 19.32 s, user 14.35 s, sys 4.89 s, maxrss 11388684 KB]
[busy 2001 jiffies]
[exit 0]
--- c2 case 5 rec 0   load 0.84 0.73 0.67
[TEST MARISA]
Processing dataset...
Done!
Building trie...
Done!
build time: 476.150954 ms (476.150954 ns per key)
space cost: 17.200768 MB (112.726950% of original size 15.258789 MB)
Querying trie...
Done!
total time: 460.862861 ms, avg latency: 460.862861 ns
not implemented
476.150954,17.200768,460.862861
[PASSED]
[time 1.58 s, user 1.45 s, sys 0.12 s, maxrss 194988 KB]
[busy 166 jiffies]
[exit 0]
--- c2 case 5 rec 1   load 0.84 0.73 0.67
[TEST MARISA]
Processing dataset...
Done!
Building trie...
Done!
build time: 749.455581 ms (749.455581 ns per key)
space cost: 17.634758 MB (115.571150% of original size 15.258789 MB)
Querying trie...
Done!
total time: 690.960203 ms, avg latency: 690.960203 ns
not implemented
749.455581,17.634758,690.960203
[PASSED]
[time 2.08 s, user 1.93 s, sys 0.14 s, maxrss 185372 KB]
[busy 221 jiffies]
[exit 0]
--- c2 case 5 rec 2   load 0.85 0.73 0.67
[TEST MARISA]
Processing dataset...
Done!
Building trie...
Done!
build time: 951.381798 ms (951.381798 ns per key)
space cost: 17.949429 MB (117.633375% of original size 15.258789 MB)
Querying trie...
Done!
total time: 977.966672 ms, avg latency: 977.966672 ns
not implemented
951.381798,17.949429,977.966672
[PASSED]
[time 2.59 s, user 2.44 s, sys 0.13 s, maxrss 225772 KB]
[busy 272 jiffies]
[exit 0]
--- c2 case 6 rec 0   load 0.78 0.72 0.67
[TEST PDT]
Processing dataset...
Done!
Building trie...
dict size: 177882, stream size: 12826382
Done!
build time: 15649.569162 ms (15649.569162 ns per key)
space cost: 13.677892 MB (89.639431% of original size 15.258789 MB)
Querying trie...
Done!
total time: 597.452812 ms, avg latency: 597.452812 ns
not implemented
15649.569162,13.677892,597.452812
[PASSED]
[time 16.91 s, user 16.63 s, sys 0.21 s, maxrss 361208 KB]
[busy 1752 jiffies]
[exit 0]
--- c2 case 7 rec 0   load 0.83 0.73 0.68
[TEST ART]
Processing dataset...
Done!
Building trie...
Done!
build time: 140.819200 ms (140.819200 ns per key)
space cost: 30.301407 MB (198.583300% of original size 15.258789 MB)
Querying trie...
Done!
total time: 184.335626 ms, avg latency: 184.335626 ns
not implemented
140.819200,30.301407,184.335626
[PASSED]
[time 1.00 s, user 0.90 s, sys 0.08 s, maxrss 178640 KB]
[busy 106 jiffies]
[exit 0]
--- c2 case 8 rec 0   load 0.76 0.72 0.67
[TEST CART]
Processing dataset...
Done!
Building trie...
Done!
build time: 163.467176 ms (163.467176 ns per key)
space cost: 11.383729 MB (74.604406% of original size 15.258789 MB)
Querying trie...
Done!
total time: 232.533721 ms, avg latency: 232.533721 ns
not implemented
163.467176,11.383729,232.533721
[PASSED]
[time 1.06 s, user 0.97 s, sys 0.09 s, maxrss 160852 KB]
[busy 114 jiffies]
[exit 0]
--- xcdat 7   load 0.76 0.72 0.67
build time: 670.261872 ms
space cost: 19.932177 MiB (130.627512% of original size 15.258789 MiB)
avg latency: 224.322289 ns
670.261872,19.932177,224.322289
[time 1.58 s, user 1.46 s, sys 0.11 s, maxrss 173264 KB]
[busy 167 jiffies]
[exit 0]
--- xcdat 8   load 0.76 0.72 0.67
build time: 644.217313 ms
space cost: 18.565336 MiB (121.669787% of original size 15.258789 MiB)
avg latency: 215.312625 ns
644.217313,18.565336,215.312625
[time 1.55 s, user 1.44 s, sys 0.10 s, maxrss 179712 KB]
[busy 164 jiffies]
[exit 0]
--- xcdat 15   load 0.78 0.73 0.67
build time: 665.130958 ms
space cost: 19.094490 MiB (125.137650% of original size 15.258789 MiB)
avg latency: 214.470472 ns
665.130958,19.094490,214.470472
[time 1.58 s, user 1.47 s, sys 0.10 s, maxrss 181068 KB]
[busy 171 jiffies]
[exit 0]
--- xcdat 16   load 0.78 0.73 0.67
build time: 637.532960 ms
space cost: 19.227987 MiB (126.012538% of original size 15.258789 MiB)
avg latency: 210.865678 ns
637.532960,19.227987,210.865678
[time 1.53 s, user 1.42 s, sys 0.10 s, maxrss 179920 KB]
[busy 160 jiffies]
[exit 0]

##### paths-1000000 (1000000 lines, 125978312 bytes)   round 1/3   2026-09-15T15:11:53+03:00
--- lexindex dict32   load 0.80 0.73 0.68
1000000 keys
lexindex DictIndex block 32: build 165 ms, size 16.817 MiB (17.634 B/key), latency cold 757.3 ns, then mean 761.8 / min 755.4 ns
165.062,16.816722,757.278
[time 3.99 s, user 4.51 s, sys 0.26 s, maxrss 395496 KB]
[busy 506 jiffies]
[exit 0]
--- lexindex dict256   load 0.82 0.74 0.68
1000000 keys
lexindex DictIndex block 256: build 166 ms, size 13.993 MiB (14.673 B/key), latency cold 763.6 ns, then mean 761.3 / min 757.3 ns
165.832,13.992836,763.628
[time 4.00 s, user 4.56 s, sys 0.25 s, maxrss 389500 KB]
[busy 513 jiffies]
[exit 0]
--- lexindex dict1024   load 0.83 0.74 0.68
1000000 keys
lexindex DictIndex block 1024: build 185 ms, size 13.674 MiB (14.339 B/key), latency cold 812.0 ns, then mean 814.0 / min 810.6 ns
184.622,13.674500,812.045
[time 4.23 s, user 4.57 s, sys 0.23 s, maxrss 384528 KB]
[busy 509 jiffies]
[exit 0]
--- lexindex string   load 0.85 0.75 0.68
1000000 keys
lexindex StringIndex: build 1509 ms, size 16.673 MiB (17.483 B/key), latency cold 1164.0 ns, then mean 1154.6 / min 1150.0 ns
1509.119,16.673446,1163.958
[time 6.91 s, user 6.69 s, sys 0.19 s, maxrss 362564 KB]
[busy 731 jiffies]
[exit 0]
--- c2 case 0 rec 0   load 0.79 0.74 0.68
[TEST C2-FST]
Processing dataset...
Done!
Building trie...
Done!
build time: 1416.980338 ms (1416.980338 ns per key)
space cost: 14.260756 MB (11.964866% of original size 119.188606 MB)
Querying trie...
Done!
total time: 2474.849692 ms, avg latency: 2474.849692 ns
topology: 1.699890 MB, link: 2.595201 MB, data: 9.965666 MB
--- Unary Path Analysis (FST, cutoff=4) ---
  shared unary steps in main trie: 2658278
  terminal suffixes: inplace=39819 (avg len=2.28)  links=891354 (95.7% of terminal)
  link len: avg=14.94  max=443  total_chars=13318660
  link length distribution (len:count):  4:40001  5:49577  6:45421  7:46380  8:50483  9:55180  10:56608  11:54673  12:51140  13:35047  14:30416  15:36724  16:35248  17:24069  18:19466  19:17073  20:16018  21:15299  22:13878  23:12677  24:11568  25:37816  26:26754  27:6712  28:5420  29:5541  30:5676  31:5365  32:4659  33:5334  34:4520  35:4652  36:5350  37:9255  38:4943  39:11477  40:3024  41:2087  42:2051  43:1854  44:1606  45:1448  46:1135  47:1025  48:963  49:801  50:774  51:907  52:679  53:727  54:589  55:642  56:710  57:689  58:824  59:515  60:781  61:937  62:666  63:360  64:436  65:381  66:289  67:245  68:235  69:250  70:244  71:266  72:444  73:249  74:341  75:214  76:315  77:82  78:131  79:63  80:31  81:46  82:38  83:33  84:32  85:58  86:34  87:20  88:33  89:21  90:5  91:6  92:18  93:7  94:11  95:14  96:12  97:3  98:4  99:4  100:10  101:17  102:11  103:6  104:17  105:9  106:12  107:11  108:7  109:2  110:3  111:1  112:2  113:4  114:3  115:4  116:3  117:4  118:13  119:5  120:1  122:2  123:3  124:38  125:23  126:156  127:15  128:61  129:3  130:1  131:3  132:2  133:1  136:3  137:6  138:1  139:1  142:4  143:1  144:2  145:2  146:2  151:3  152:1  154:2  159:2  160:2  161:2  165:3  167:1  171:1  172:3  173:1  174:1  175:1  182:1  187:3  188:1  190:2  191:1  194:1  195:3  198:1  201:1  202:1  203:1  205:1  206:1  215:1  219:1  233:1  235:1  243:1  247:1  257:1  265:1  444:1
1416.980338,14.260756,2474.849692
[PASSED]
[time 4.90 s, user 4.65 s, sys 0.22 s, maxrss 358472 KB]
[busy 508 jiffies]
[exit 0]
--- c2 case 0 rec 1   load 0.81 0.74 0.68
[TEST C2-FST]
Processing dataset...
Done!
Building trie...
trie size: 2.746100 MB
Done!
build time: 1648.234826 ms (1648.234826 ns per key)
space cost: 12.500864 MB (10.488305% of original size 119.188606 MB)
Querying trie...
Done!
total time: 2668.314115 ms, avg latency: 2668.314115 ns
topology: 1.942371 MB, link: 2.552141 MB, data: 8.006351 MB
--- Unary Path Analysis (FST, cutoff=4) ---
  shared unary steps in main trie: 2658278
  terminal suffixes: inplace=39819 (avg len=2.28)  links=891354 (95.7% of terminal)
  link len: avg=14.94  max=443  total_chars=13318660
  link length distribution (len:count):  4:40001  5:49577  6:45421  7:46380  8:50483  9:55180  10:56608  11:54673  12:51140  13:35047  14:30416  15:36724  16:35248  17:24069  18:19466  19:17073  20:16018  21:15299  22:13878  23:12677  24:11568  25:37816  26:26754  27:6712  28:5420  29:5541  30:5676  31:5365  32:4659  33:5334  34:4520  35:4652  36:5350  37:9255  38:4943  39:11477  40:3024  41:2087  42:2051  43:1854  44:1606  45:1448  46:1135  47:1025  48:963  49:801  50:774  51:907  52:679  53:727  54:589  55:642  56:710  57:689  58:824  59:515  60:781  61:937  62:666  63:360  64:436  65:381  66:289  67:245  68:235  69:250  70:244  71:266  72:444  73:249  74:341  75:214  76:315  77:82  78:131  79:63  80:31  81:46  82:38  83:33  84:32  85:58  86:34  87:20  88:33  89:21  90:5  91:6  92:18  93:7  94:11  95:14  96:12  97:3  98:4  99:4  100:10  101:17  102:11  103:6  104:17  105:9  106:12  107:11  108:7  109:2  110:3  111:1  112:2  113:4  114:3  115:4  116:3  117:4  118:13  119:5  120:1  122:2  123:3  124:38  125:23  126:156  127:15  128:61  129:3  130:1  131:3  132:2  133:1  136:3  137:6  138:1  139:1  142:4  143:1  144:2  145:2  146:2  151:3  152:1  154:2  159:2  160:2  161:2  165:3  167:1  171:1  172:3  173:1  174:1  175:1  182:1  187:3  188:1  190:2  191:1  194:1  195:3  198:1  201:1  202:1  203:1  205:1  206:1  215:1  219:1  233:1  235:1  243:1  247:1  257:1  265:1  444:1
1648.234826,12.500864,2668.314115
[PASSED]
[time 5.32 s, user 5.08 s, sys 0.21 s, maxrss 356620 KB]
[busy 552 jiffies]
[exit 0]
--- c2 case 0 rec 2   load 0.82 0.75 0.68
[TEST C2-FST]
Processing dataset...
Done!
Building trie...
trie size: 2.746100 MB
trie size: 0.687543 MB
Done!
build time: 1787.491148 ms (1787.491148 ns per key)
space cost: 12.500864 MB (10.488305% of original size 119.188606 MB)
Querying trie...
Done!
total time: 2642.745511 ms, avg latency: 2642.745511 ns
topology: 1.942371 MB, link: 2.552141 MB, data: 8.006351 MB
--- Unary Path Analysis (FST, cutoff=4) ---
  shared unary steps in main trie: 2658278
  terminal suffixes: inplace=39819 (avg len=2.28)  links=891354 (95.7% of terminal)
  link len: avg=14.94  max=443  total_chars=13318660
  link length distribution (len:count):  4:40001  5:49577  6:45421  7:46380  8:50483  9:55180  10:56608  11:54673  12:51140  13:35047  14:30416  15:36724  16:35248  17:24069  18:19466  19:17073  20:16018  21:15299  22:13878  23:12677  24:11568  25:37816  26:26754  27:6712  28:5420  29:5541  30:5676  31:5365  32:4659  33:5334  34:4520  35:4652  36:5350  37:9255  38:4943  39:11477  40:3024  41:2087  42:2051  43:1854  44:1606  45:1448  46:1135  47:1025  48:963  49:801  50:774  51:907  52:679  53:727  54:589  55:642  56:710  57:689  58:824  59:515  60:781  61:937  62:666  63:360  64:436  65:381  66:289  67:245  68:235  69:250  70:244  71:266  72:444  73:249  74:341  75:214  76:315  77:82  78:131  79:63  80:31  81:46  82:38  83:33  84:32  85:58  86:34  87:20  88:33  89:21  90:5  91:6  92:18  93:7  94:11  95:14  96:12  97:3  98:4  99:4  100:10  101:17  102:11  103:6  104:17  105:9  106:12  107:11  108:7  109:2  110:3  111:1  112:2  113:4  114:3  115:4  116:3  117:4  118:13  119:5  120:1  122:2  123:3  124:38  125:23  126:156  127:15  128:61  129:3  130:1  131:3  132:2  133:1  136:3  137:6  138:1  139:1  142:4  143:1  144:2  145:2  146:2  151:3  152:1  154:2  159:2  160:2  161:2  165:3  167:1  171:1  172:3  173:1  174:1  175:1  182:1  187:3  188:1  190:2  191:1  194:1  195:3  198:1  201:1  202:1  203:1  205:1  206:1  215:1  219:1  233:1  235:1  243:1  247:1  257:1  265:1  444:1
1787.491148,12.500864,2642.745511
[PASSED]
[time 5.44 s, user 5.20 s, sys 0.22 s, maxrss 356832 KB]
[busy 565 jiffies]
[exit 0]
--- c2 case 1 rec 0   load 0.84 0.75 0.69
[TEST C2-CoCo(LOUDS-Sparse)]
Processing dataset...
Done!
Building trie...
Done!
build time: 5117.202154 ms (5117.202154 ns per key)
space cost: 14.878411 MB (12.483082% of original size 119.188606 MB)
Querying trie...
Done!
total time: 1634.063090 ms, avg latency: 1634.063090 ns
topology: 0.476959 MB, link: 4.004946 MB, data: 10.396506 MB
5117.202154,14.878411,1634.063090
[PASSED]
[time 7.77 s, user 7.39 s, sys 0.34 s, maxrss 595944 KB]
[busy 800 jiffies]
[exit 0]
--- c2 case 1 rec 1   load 0.86 0.76 0.69
[TEST C2-CoCo(LOUDS-Sparse)]
Processing dataset...
Done!
Building trie...
trie size: 2.746100 MB
Done!
build time: 5405.991634 ms (5405.991634 ns per key)
space cost: 13.118518 MB (11.006521% of original size 119.188606 MB)
Querying trie...
Done!
total time: 1802.791084 ms, avg latency: 1802.791084 ns
topology: 0.719440 MB, link: 3.961886 MB, data: 8.437192 MB
5405.991634,13.118518,1802.791084
[PASSED]
[time 8.19 s, user 7.82 s, sys 0.33 s, maxrss 587484 KB]
[busy 857 jiffies]
[exit 0]
--- c2 case 1 rec 2   load 0.88 0.77 0.69
[TEST C2-CoCo(LOUDS-Sparse)]
Processing dataset...
Done!
Building trie...
trie size: 2.746100 MB
trie size: 0.687543 MB
Done!
build time: 5514.175308 ms (5514.175308 ns per key)
space cost: 13.118518 MB (11.006521% of original size 119.188606 MB)
Querying trie...
Done!
total time: 1827.988610 ms, avg latency: 1827.988610 ns
topology: 0.719440 MB, link: 3.961886 MB, data: 8.437192 MB
5514.175308,13.118518,1827.988610
[PASSED]
[time 8.33 s, user 7.96 s, sys 0.33 s, maxrss 591016 KB]
[busy 869 jiffies]
[exit 0]
--- c2 case 2 rec 0   load 0.90 0.78 0.70
[TEST C2-MARISA]
Processing dataset...
Done!
Building trie...
trie size: 2.297644 MB
Done!
build time: 1340.936670 ms (1340.936670 ns per key)
space cost: 11.928165 MB (10.007807% of original size 119.188606 MB)
Querying trie...
Done!
total time: 910.219115 ms, avg latency: 910.219115 ns
topology: 0.761036 MB, link: 3.343996 MB, data: 7.802626 MB
--- Unary Path Analysis (Marisa, cutoff=3) ---
  branches: 1534795  |  single-char: 270841 (17.6%)  short-unary: 45134 (2.9%)  links: 1218820 (79.4%)
  link len: avg=14.88  max=445  total_chars=18132830
  link length distribution (len:count):  3:37127  4:49365  5:75461  6:91989  7:72185  8:66513  9:63973  10:68956  11:73223  12:65790  13:57380  14:41495  15:36762  16:42631  17:41179  18:27817  19:22377  20:18838  21:17845  22:16718  23:15115  24:13613  25:12555  26:39233  27:27982  28:7379  29:6328  30:6087  31:6172  32:5955  33:5265  34:5643  35:4792  36:4909  37:5534  38:9417  39:5190  40:12044  41:4130  42:3423  43:3194  44:2134  45:1772  46:1642  47:1384  48:1261  49:1057  50:900  51:919  52:1030  53:750  54:799  55:667  56:702  57:772  58:823  59:1198  60:1008  61:899  62:972  63:712  64:409  65:454  66:414  67:320  68:269  69:256  70:270  71:258  72:280  73:453  74:258  75:356  76:221  77:315  78:88  79:138  80:65  81:34  82:48  83:40  84:34  85:38  86:63  87:38  88:23  89:36  90:23  91:6  92:6  93:19  94:8  95:11  96:14  97:13  98:3  99:5  100:4  101:12  102:17  103:11  104:6  105:17  106:9  107:12  108:11  109:7  110:2  111:4  112:1  113:2  114:4  115:4  116:4  117:3  118:4  119:14  120:6  121:1  123:2  124:3  125:38  126:23  127:156  128:15  129:61  130:3  131:1  132:3  133:2  134:1  136:1  137:3  138:6  139:1  140:1  143:4  144:2  145:2  146:2  147:2  149:1  152:3  153:1  155:2  157:1  160:2  161:2  162:2  166:3  167:1  168:1  172:1  173:3  174:1  175:1  176:1  183:2  185:1  188:4  189:2  191:2  192:3  195:2  196:3  199:1  202:1  203:1  204:1  206:1  207:2  216:1  220:1  230:1  234:1  236:1  244:1  248:1  258:1  266:1  445:1
  short unary avg len: 2.00
1340.936670,11.928165,910.219115
[PASSED]
[time 3.24 s, user 2.99 s, sys 0.23 s, maxrss 356008 KB]
[busy 341 jiffies]
[exit 0]
--- c2 case 2 rec 1   load 0.91 0.78 0.70
[TEST C2-MARISA]
Processing dataset...
Done!
Building trie...
trie size: 2.297644 MB
trie size: 3.841883 MB
Done!
build time: 1653.984591 ms (1653.984591 ns per key)
space cost: 9.839272 MB (8.255212% of original size 119.188606 MB)
Querying trie...
Done!
total time: 1611.714528 ms, avg latency: 1611.714528 ns
topology: 1.073097 MB, link: 3.403300 MB, data: 5.342366 MB
--- Unary Path Analysis (Marisa, cutoff=3) ---
  branches: 1534795  |  single-char: 270841 (17.6%)  short-unary: 45134 (2.9%)  links: 1218820 (79.4%)
  link len: avg=14.88  max=445  total_chars=18132830
  link length distribution (len:count):  3:37127  4:49365  5:75461  6:91989  7:72185  8:66513  9:63973  10:68956  11:73223  12:65790  13:57380  14:41495  15:36762  16:42631  17:41179  18:27817  19:22377  20:18838  21:17845  22:16718  23:15115  24:13613  25:12555  26:39233  27:27982  28:7379  29:6328  30:6087  31:6172  32:5955  33:5265  34:5643  35:4792  36:4909  37:5534  38:9417  39:5190  40:12044  41:4130  42:3423  43:3194  44:2134  45:1772  46:1642  47:1384  48:1261  49:1057  50:900  51:919  52:1030  53:750  54:799  55:667  56:702  57:772  58:823  59:1198  60:1008  61:899  62:972  63:712  64:409  65:454  66:414  67:320  68:269  69:256  70:270  71:258  72:280  73:453  74:258  75:356  76:221  77:315  78:88  79:138  80:65  81:34  82:48  83:40  84:34  85:38  86:63  87:38  88:23  89:36  90:23  91:6  92:6  93:19  94:8  95:11  96:14  97:13  98:3  99:5  100:4  101:12  102:17  103:11  104:6  105:17  106:9  107:12  108:11  109:7  110:2  111:4  112:1  113:2  114:4  115:4  116:4  117:3  118:4  119:14  120:6  121:1  123:2  124:3  125:38  126:23  127:156  128:15  129:61  130:3  131:1  132:3  133:2  134:1  136:1  137:3  138:6  139:1  140:1  143:4  144:2  145:2  146:2  147:2  149:1  152:3  153:1  155:2  157:1  160:2  161:2  162:2  166:3  167:1  168:1  172:1  173:3  174:1  175:1  176:1  183:2  185:1  188:4  189:2  191:2  192:3  195:2  196:3  199:1  202:1  203:1  204:1  206:1  207:2  216:1  220:1  230:1  234:1  236:1  244:1  248:1  258:1  266:1  445:1
  short unary avg len: 2.00
1653.984591,9.839272,1611.714528
[PASSED]
[time 4.26 s, user 4.01 s, sys 0.23 s, maxrss 354120 KB]
[busy 445 jiffies]
[exit 0]
--- c2 case 2 rec 2   load 0.92 0.78 0.70
[TEST C2-MARISA]
Processing dataset...
Done!
Building trie...
trie size: 2.297644 MB
trie size: 3.841883 MB
trie size: 0.864431 MB
Done!
build time: 1800.367568 ms (1800.367568 ns per key)
space cost: 9.839272 MB (8.255212% of original size 119.188606 MB)
Querying trie...
Done!
total time: 1605.815531 ms, avg latency: 1605.815531 ns
topology: 1.073097 MB, link: 3.403300 MB, data: 5.342366 MB
--- Unary Path Analysis (Marisa, cutoff=3) ---
  branches: 1534795  |  single-char: 270841 (17.6%)  short-unary: 45134 (2.9%)  links: 1218820 (79.4%)
  link len: avg=14.88  max=445  total_chars=18132830
  link length distribution (len:count):  3:37127  4:49365  5:75461  6:91989  7:72185  8:66513  9:63973  10:68956  11:73223  12:65790  13:57380  14:41495  15:36762  16:42631  17:41179  18:27817  19:22377  20:18838  21:17845  22:16718  23:15115  24:13613  25:12555  26:39233  27:27982  28:7379  29:6328  30:6087  31:6172  32:5955  33:5265  34:5643  35:4792  36:4909  37:5534  38:9417  39:5190  40:12044  41:4130  42:3423  43:3194  44:2134  45:1772  46:1642  47:1384  48:1261  49:1057  50:900  51:919  52:1030  53:750  54:799  55:667  56:702  57:772  58:823  59:1198  60:1008  61:899  62:972  63:712  64:409  65:454  66:414  67:320  68:269  69:256  70:270  71:258  72:280  73:453  74:258  75:356  76:221  77:315  78:88  79:138  80:65  81:34  82:48  83:40  84:34  85:38  86:63  87:38  88:23  89:36  90:23  91:6  92:6  93:19  94:8  95:11  96:14  97:13  98:3  99:5  100:4  101:12  102:17  103:11  104:6  105:17  106:9  107:12  108:11  109:7  110:2  111:4  112:1  113:2  114:4  115:4  116:4  117:3  118:4  119:14  120:6  121:1  123:2  124:3  125:38  126:23  127:156  128:15  129:61  130:3  131:1  132:3  133:2  134:1  136:1  137:3  138:6  139:1  140:1  143:4  144:2  145:2  146:2  147:2  149:1  152:3  153:1  155:2  157:1  160:2  161:2  162:2  166:3  167:1  168:1  172:1  173:3  174:1  175:1  176:1  183:2  185:1  188:4  189:2  191:2  192:3  195:2  196:3  199:1  202:1  203:1  204:1  206:1  207:2  216:1  220:1  230:1  234:1  236:1  244:1  248:1  258:1  266:1  445:1
  short unary avg len: 2.00
1800.367568,9.839272,1605.815531
[PASSED]
[time 4.39 s, user 4.13 s, sys 0.24 s, maxrss 353816 KB]
[busy 461 jiffies]
[exit 0]
--- c2 case 3 rec 0   load 0.92 0.79 0.70
[TEST FST]
Processing dataset...
Done!
Building trie...
Done!
build time: 3318.153033 ms (3318.153033 ns per key)
space cost: 14.021067 MB (11.763764% of original size 119.188606 MB)
Querying trie...
Done!
total time: 4592.440811 ms, avg latency: 4592.440811 ns
not implemented
3318.153033,14.021067,4592.440811
[PASSED]
[time 8.92 s, user 8.68 s, sys 0.20 s, maxrss 357560 KB]
[busy 921 jiffies]
[exit 0]
--- c2 case 4 rec 0   load 0.94 0.80 0.71
[TEST COCO]
Processing dataset...
Done!
Building trie...
num nodes = 584148, average depth = 12.594651
ef = 0.000038, pa = 0.103241, bv = 0.000608, de = 0.597184
efr = 0.000176, par = 0.181430, bvr = 0.000135, der = 0.117188
Done!
build time: 45557.373137 ms (45557.373137 ns per key)
space cost: 19.697372 MB (16.526221% of original size 119.188606 MB)
Querying trie...
Done!
total time: 1629.447125 ms, avg latency: 1629.447125 ns
not implemented
45557.373137,19.697372,1629.447125
[PASSED]
[time 49.91 s, user 39.62 s, sys 10.08 s, maxrss 23293124 KB]
[busy 5458 jiffies]
[exit 0]
--- c2 case 5 rec 0   load 1.13 0.86 0.74
[TEST MARISA]
Processing dataset...
Done!
Building trie...
Done!
build time: 1888.811783 ms (1888.811783 ns per key)
space cost: 12.257486 MB (10.284109% of original size 119.188606 MB)
Querying trie...
Done!
total time: 1305.985751 ms, avg latency: 1305.985751 ns
not implemented
1888.811783,12.257486,1305.985751
[PASSED]
[time 4.33 s, user 4.06 s, sys 0.24 s, maxrss 411676 KB]
[busy 725 jiffies]
[exit 0]
--- c2 case 5 rec 1   load 1.28 0.90 0.75
[TEST MARISA]
Processing dataset...
Done!
Building trie...
Done!
build time: 2067.581930 ms (2067.581930 ns per key)
space cost: 9.428862 MB (7.910875% of original size 119.188606 MB)
Querying trie...
Done!
total time: 2264.106494 ms, avg latency: 2264.106494 ns
not implemented
2067.581930,9.428862,2264.106494
[PASSED]
[time 5.48 s, user 5.19 s, sys 0.26 s, maxrss 411656 KB]
[busy 953 jiffies]
[exit 0]
--- c2 case 5 rec 2   load 1.26 0.90 0.75
[TEST MARISA]
Processing dataset...
Done!
Building trie...
Done!
build time: 2122.327650 ms (2122.327650 ns per key)
space cost: 9.029414 MB (7.575736% of original size 119.188606 MB)
Querying trie...
Done!
total time: 2911.384629 ms, avg latency: 2911.384629 ns
not implemented
2122.327650,9.029414,2911.384629
[PASSED]
[time 6.18 s, user 5.90 s, sys 0.24 s, maxrss 411324 KB]
[busy 1073 jiffies]
[exit 0]
--- c2 case 6 rec 0   load 1.37 0.94 0.76
[TEST PDT]
Processing dataset...
Done!
Building trie...
dict size: 153672, stream size: 10323140
Done!
build time: 5463.243114 ms (5463.243114 ns per key)
space cost: 11.267526 MB (9.453526% of original size 119.188606 MB)
Querying trie...
Done!
total time: 1211.724995 ms, avg latency: 1211.724995 ns
not implemented
5463.243114,11.267526,1211.724995
[PASSED]
[time 7.81 s, user 7.46 s, sys 0.31 s, maxrss 389216 KB]
[busy 1254 jiffies]
[exit 0]
--- c2 case 7 rec 0   load 1.31 0.94 0.77
[TEST ART]
Processing dataset...
Done!
Building trie...
Done!
build time: 416.309044 ms (416.309044 ns per key)
space cost: 34.675591 MB (29.093041% of original size 119.188606 MB)
Querying trie...
Done!
total time: 800.425836 ms, avg latency: 800.425836 ns
not implemented
416.309044,34.675591,800.425836
[PASSED]
[time 2.26 s, user 2.01 s, sys 0.24 s, maxrss 505656 KB]
[busy 245 jiffies]
[exit 0]
--- c2 case 8 rec 0   load 1.31 0.94 0.77
[TEST CART]
Processing dataset...
Done!
Building trie...
Done!
build time: 468.830135 ms (468.830135 ns per key)
space cost: 18.620093 MB (15.622377% of original size 119.188606 MB)
Querying trie...
Done!
total time: 868.223857 ms, avg latency: 868.223857 ns
not implemented
468.830135,18.620093,868.223857
[PASSED]
[time 2.38 s, user 2.08 s, sys 0.28 s, maxrss 496360 KB]
[busy 253 jiffies]
[exit 0]
--- xcdat 7   load 1.28 0.94 0.77
build time: 1422.832728 ms
space cost: 18.455355 MiB (15.484160% of original size 119.188606 MiB)
avg latency: 736.231908 ns
1422.832728,18.455355,736.231908
[time 3.17 s, user 2.90 s, sys 0.25 s, maxrss 362252 KB]
[busy 338 jiffies]
[exit 0]
--- xcdat 8   load 1.26 0.94 0.77
build time: 1355.781920 ms
space cost: 18.497238 MiB (15.519301% of original size 119.188606 MiB)
avg latency: 726.358031 ns
1355.781920,18.497238,726.358031
[time 3.09 s, user 2.83 s, sys 0.24 s, maxrss 362276 KB]
[busy 328 jiffies]
[exit 0]
--- xcdat 15   load 1.16 0.93 0.77
build time: 1428.825219 ms
space cost: 23.949356 MiB (20.093662% of original size 119.188606 MiB)
avg latency: 638.234228 ns
1428.825219,23.949356,638.234228
[time 3.08 s, user 2.83 s, sys 0.23 s, maxrss 368192 KB]
[busy 327 jiffies]
[exit 0]
--- xcdat 16   load 1.16 0.93 0.77
build time: 1361.867578 ms
space cost: 25.154240 MiB (21.104567% of original size 119.188606 MiB)
avg latency: 697.586346 ns
1361.867578,25.154240,697.586346
[time 3.06 s, user 2.80 s, sys 0.24 s, maxrss 369172 KB]
[busy 324 jiffies]
[exit 0]

##### pypi-full (889864 lines, 12756399 bytes)   round 1/3   2026-09-15T15:15:10+03:00
--- lexindex dict32   load 1.15 0.93 0.77
889864 keys
lexindex DictIndex block 32: build 92 ms, size 4.542 MiB (5.352 B/key), latency cold 305.0 ns, then mean 291.5 / min 287.7 ns
91.589,4.541866,304.963
[time 1.56 s, user 1.87 s, sys 0.14 s, maxrss 131960 KB]
[busy 218 jiffies]
[exit 0]
--- lexindex dict256   load 1.13 0.93 0.77
889864 keys
lexindex DictIndex block 256: build 94 ms, size 4.166 MiB (4.909 B/key), latency cold 318.3 ns, then mean 321.6 / min 318.2 ns
93.863,4.165751,318.322
[time 1.66 s, user 1.99 s, sys 0.14 s, maxrss 128580 KB]
[busy 227 jiffies]
[exit 0]
--- lexindex dict1024   load 1.13 0.93 0.77
889864 keys
lexindex DictIndex block 1024: build 105 ms, size 4.117 MiB (4.851 B/key), latency cold 361.2 ns, then mean 362.7 / min 359.1 ns
104.934,4.117012,361.215
[time 1.83 s, user 2.05 s, sys 0.09 s, maxrss 136344 KB]
[busy 236 jiffies]
[exit 0]
--- lexindex string   load 1.12 0.93 0.77
889864 keys
lexindex StringIndex: build 487 ms, size 8.484 MiB (9.998 B/key), latency cold 312.7 ns, then mean 305.5 / min 298.4 ns
486.646,8.484477,312.704
[time 1.98 s, user 1.91 s, sys 0.05 s, maxrss 122196 KB]
[busy 213 jiffies]
[exit 0]
--- c2 case 0 rec 0   load 1.12 0.93 0.77
[TEST C2-FST]
Processing dataset...
Done!
Building trie...
Done!
build time: 412.329334 ms (463.362192 ns per key)
space cost: 5.574753 MB (49.260816% of original size 11.316810 MB)
Querying trie...
Done!
total time: 320.741682 ms, avg latency: 360.438991 ns
topology: 0.851089 MB, link: 1.149713 MB, data: 3.573951 MB
--- Unary Path Analysis (FST, cutoff=4) ---
  shared unary steps in main trie: 344931
  terminal suffixes: inplace=288151 (avg len=1.99)  links=405388 (58.5% of terminal)
  link len: avg=7.08  max=176  total_chars=2869854
  link length distribution (len:count):  4:74698  5:65971  6:53798  7:40968  8:33851  9:27326  10:20764  11:16938  12:14649  13:12025  14:9410  15:7294  16:5909  17:4518  18:3598  19:2810  20:2154  21:1673  22:1340  23:1095  24:876  25:726  26:550  27:431  28:361  29:400  30:312  31:173  32:150  33:103  34:106  35:75  36:44  37:52  38:50  39:27  40:24  41:13  42:21  43:16  44:7  45:10  46:6  47:5  48:10  49:1  50:4  51:5  52:2  53:2  54:2  55:1  56:5  57:3  60:2  62:2  63:1  64:3  65:2  67:1  68:3  71:1  75:1  77:2  82:1  86:1  99:2  106:1  113:1  153:1  177:1
412.329334,5.574753,360.438991
[PASSED]
[time 1.13 s, user 1.03 s, sys 0.09 s, maxrss 129572 KB]
[busy 123 jiffies]
[exit 0]
--- c2 case 0 rec 1   load 1.11 0.93 0.77
[TEST C2-FST]
Processing dataset...
Done!
Building trie...
trie size: 1.301167 MB
Done!
build time: 469.094231 ms (527.152723 ns per key)
space cost: 5.131913 MB (45.347703% of original size 11.316810 MB)
Querying trie...
Done!
total time: 362.081457 ms, avg latency: 406.895275 ns
topology: 0.978825 MB, link: 1.146868 MB, data: 3.006221 MB
--- Unary Path Analysis (FST, cutoff=4) ---
  shared unary steps in main trie: 344931
  terminal suffixes: inplace=288151 (avg len=1.99)  links=405388 (58.5% of terminal)
  link len: avg=7.08  max=176  total_chars=2869854
  link length distribution (len:count):  4:74698  5:65971  6:53798  7:40968  8:33851  9:27326  10:20764  11:16938  12:14649  13:12025  14:9410  15:7294  16:5909  17:4518  18:3598  19:2810  20:2154  21:1673  22:1340  23:1095  24:876  25:726  26:550  27:431  28:361  29:400  30:312  31:173  32:150  33:103  34:106  35:75  36:44  37:52  38:50  39:27  40:24  41:13  42:21  43:16  44:7  45:10  46:6  47:5  48:10  49:1  50:4  51:5  52:2  53:2  54:2  55:1  56:5  57:3  60:2  62:2  63:1  64:3  65:2  67:1  68:3  71:1  75:1  77:2  82:1  86:1  99:2  106:1  113:1  153:1  177:1
469.094231,5.131913,406.895275
[PASSED]
[time 1.24 s, user 1.14 s, sys 0.08 s, maxrss 129960 KB]
[busy 131 jiffies]
[exit 0]
--- c2 case 0 rec 2   load 1.11 0.93 0.77
[TEST C2-FST]
Processing dataset...
Done!
Building trie...
trie size: 1.301167 MB
trie size: 0.188086 MB
Done!
build time: 472.079862 ms (530.507878 ns per key)
space cost: 5.131913 MB (45.347703% of original size 11.316810 MB)
Querying trie...
Done!
total time: 359.214669 ms, avg latency: 403.673673 ns
topology: 0.978825 MB, link: 1.146868 MB, data: 3.006221 MB
--- Unary Path Analysis (FST, cutoff=4) ---
  shared unary steps in main trie: 344931
  terminal suffixes: inplace=288151 (avg len=1.99)  links=405388 (58.5% of terminal)
  link len: avg=7.08  max=176  total_chars=2869854
  link length distribution (len:count):  4:74698  5:65971  6:53798  7:40968  8:33851  9:27326  10:20764  11:16938  12:14649  13:12025  14:9410  15:7294  16:5909  17:4518  18:3598  19:2810  20:2154  21:1673  22:1340  23:1095  24:876  25:726  26:550  27:431  28:361  29:400  30:312  31:173  32:150  33:103  34:106  35:75  36:44  37:52  38:50  39:27  40:24  41:13  42:21  43:16  44:7  45:10  46:6  47:5  48:10  49:1  50:4  51:5  52:2  53:2  54:2  55:1  56:5  57:3  60:2  62:2  63:1  64:3  65:2  67:1  68:3  71:1  75:1  77:2  82:1  86:1  99:2  106:1  113:1  153:1  177:1
472.079862,5.131913,403.673673
[PASSED]
[time 1.23 s, user 1.14 s, sys 0.08 s, maxrss 129332 KB]
[busy 136 jiffies]
[exit 0]
--- c2 case 1 rec 0   load 1.10 0.93 0.77
[TEST C2-CoCo(LOUDS-Sparse)]
Processing dataset...
Done!
Building trie...
Done!
build time: 1192.302912 ms (1339.870938 ns per key)
space cost: 5.902932 MB (52.160740% of original size 11.316810 MB)
Querying trie...
Done!
total time: 488.567430 ms, avg latency: 549.036066 ns
topology: 0.365089 MB, link: 1.816309 MB, data: 3.721533 MB
1192.302912,5.902932,549.036066
[PASSED]
[time 2.06 s, user 1.93 s, sys 0.12 s, maxrss 251324 KB]
[busy 220 jiffies]
[exit 0]
--- c2 case 1 rec 1   load 1.10 0.93 0.77
[TEST C2-CoCo(LOUDS-Sparse)]
Processing dataset...
Done!
Building trie...
trie size: 1.301167 MB
Done!
build time: 1252.108803 ms (1407.078838 ns per key)
space cost: 5.460092 MB (48.247627% of original size 11.316810 MB)
Querying trie...
Done!
total time: 514.709521 ms, avg latency: 578.413691 ns
topology: 0.492825 MB, link: 1.813464 MB, data: 3.153803 MB
1252.108803,5.460092,578.413691
[PASSED]
[time 2.15 s, user 2.02 s, sys 0.12 s, maxrss 251612 KB]
[busy 228 jiffies]
[exit 0]
--- c2 case 1 rec 2   load 1.10 0.93 0.77
[TEST C2-CoCo(LOUDS-Sparse)]
Processing dataset...
Done!
Building trie...
trie size: 1.301167 MB
trie size: 0.188086 MB
Done!
build time: 1254.782969 ms (1410.083978 ns per key)
space cost: 5.460092 MB (48.247627% of original size 11.316810 MB)
Querying trie...
Done!
total time: 528.949585 ms, avg latency: 594.416209 ns
topology: 0.492825 MB, link: 1.813464 MB, data: 3.153803 MB
1254.782969,5.460092,594.416209
[PASSED]
[time 2.17 s, user 2.04 s, sys 0.12 s, maxrss 251640 KB]
[busy 231 jiffies]
[exit 0]
--- c2 case 2 rec 0   load 1.01 0.92 0.77
[TEST C2-MARISA]
Processing dataset...
Done!
Building trie...
trie size: 2.034968 MB
Done!
build time: 487.698837 ms (548.059970 ns per key)
space cost: 5.148748 MB (45.496465% of original size 11.316810 MB)
Querying trie...
Done!
total time: 230.827344 ms, avg latency: 259.396204 ns
topology: 0.673512 MB, link: 1.684298 MB, data: 2.770432 MB
--- Unary Path Analysis (Marisa, cutoff=3) ---
  branches: 1290446  |  single-char: 483681 (37.5%)  short-unary: 134846 (10.4%)  links: 671919 (52.1%)
  link len: avg=7.04  max=178  total_chars=4731655
  link length distribution (len:count):  3:128200  4:106194  5:84287  6:72656  7:58516  8:44149  9:36040  10:28839  11:21753  12:17688  13:15308  14:12510  15:9745  16:7525  17:6122  18:4690  19:3698  20:2882  21:2216  22:1721  23:1367  24:1119  25:897  26:746  27:562  28:441  29:368  30:406  31:316  32:177  33:153  34:106  35:106  36:75  37:44  38:54  39:50  40:27  41:25  42:13  43:21  44:16  45:7  46:10  47:6  48:5  49:10  50:2  51:4  52:5  53:2  54:2  55:2  56:1  57:5  58:3  61:2  63:2  64:1  65:3  66:2  68:2  69:3  72:1  76:1  78:2  83:1  87:1  100:2  107:1  114:1  154:1  178:1
  short unary avg len: 2.00
487.698837,5.148748,259.396204
[PASSED]
[time 1.09 s, user 0.99 s, sys 0.09 s, maxrss 158764 KB]
[busy 119 jiffies]
[exit 0]
--- c2 case 2 rec 1   load 1.01 0.92 0.77
[TEST C2-MARISA]
Processing dataset...
Done!
Building trie...
trie size: 2.034968 MB
trie size: 2.021012 MB
Done!
build time: 569.840948 ms (640.368582 ns per key)
space cost: 4.528195 MB (40.013003% of original size 11.316810 MB)
Querying trie...
Done!
total time: 289.192688 ms, avg latency: 324.985265 ns
topology: 0.839943 MB, link: 1.648341 MB, data: 2.019403 MB
--- Unary Path Analysis (Marisa, cutoff=3) ---
  branches: 1290446  |  single-char: 483681 (37.5%)  short-unary: 134846 (10.4%)  links: 671919 (52.1%)
  link len: avg=7.04  max=178  total_chars=4731655
  link length distribution (len:count):  3:128200  4:106194  5:84287  6:72656  7:58516  8:44149  9:36040  10:28839  11:21753  12:17688  13:15308  14:12510  15:9745  16:7525  17:6122  18:4690  19:3698  20:2882  21:2216  22:1721  23:1367  24:1119  25:897  26:746  27:562  28:441  29:368  30:406  31:316  32:177  33:153  34:106  35:106  36:75  37:44  38:54  39:50  40:27  41:25  42:13  43:21  44:16  45:7  46:10  47:6  48:5  49:10  50:2  51:4  52:5  53:2  54:2  55:2  56:1  57:5  58:3  61:2  63:2  64:1  65:3  66:2  68:2  69:3  72:1  76:1  78:2  83:1  87:1  100:2  107:1  114:1  154:1  178:1
  short unary avg len: 2.00
569.840948,4.528195,324.985265
[PASSED]
[time 1.24 s, user 1.14 s, sys 0.09 s, maxrss 158852 KB]
[busy 134 jiffies]
[exit 0]
--- c2 case 2 rec 2   load 0.93 0.90 0.77
[TEST C2-MARISA]
Processing dataset...
Done!
Building trie...
trie size: 2.034968 MB
trie size: 2.021012 MB
trie size: 0.240847 MB
Done!
build time: 589.972373 ms (662.991618 ns per key)
space cost: 4.528195 MB (40.013003% of original size 11.316810 MB)
Querying trie...
Done!
total time: 290.951053 ms, avg latency: 326.961258 ns
topology: 0.839943 MB, link: 1.648341 MB, data: 2.019403 MB
--- Unary Path Analysis (Marisa, cutoff=3) ---
  branches: 1290446  |  single-char: 483681 (37.5%)  short-unary: 134846 (10.4%)  links: 671919 (52.1%)
  link len: avg=7.04  max=178  total_chars=4731655
  link length distribution (len:count):  3:128200  4:106194  5:84287  6:72656  7:58516  8:44149  9:36040  10:28839  11:21753  12:17688  13:15308  14:12510  15:9745  16:7525  17:6122  18:4690  19:3698  20:2882  21:2216  22:1721  23:1367  24:1119  25:897  26:746  27:562  28:441  29:368  30:406  31:316  32:177  33:153  34:106  35:106  36:75  37:44  38:54  39:50  40:27  41:25  42:13  43:21  44:16  45:7  46:10  47:6  48:5  49:10  50:2  51:4  52:5  53:2  54:2  55:2  56:1  57:5  58:3  61:2  63:2  64:1  65:3  66:2  68:2  69:3  72:1  76:1  78:2  83:1  87:1  100:2  107:1  114:1  154:1  178:1
  short unary avg len: 2.00
589.972373,4.528195,326.961258
[PASSED]
[time 1.28 s, user 1.17 s, sys 0.09 s, maxrss 158940 KB]
[busy 135 jiffies]
[exit 0]
--- c2 case 3 rec 0   load 0.93 0.90 0.77
[TEST FST]
Processing dataset...
Done!
Building trie...
Done!
build time: 594.866511 ms (668.491490 ns per key)
space cost: 5.878841 MB (51.947869% of original size 11.316810 MB)
Querying trie...
Done!
total time: 492.661614 ms, avg latency: 553.636976 ns
not implemented
594.866511,5.878841,553.636976
[PASSED]
[time 1.48 s, user 1.42 s, sys 0.05 s, maxrss 86524 KB]
[busy 158 jiffies]
[exit 0]
--- c2 case 4 rec 0   load 0.85 0.89 0.76
[TEST COCO]
Processing dataset...
Done!
Building trie...
num nodes = 375656, average depth = 5.235279
ef = 0.000442, pa = 0.203029, bv = 0.001044, de = 0.703223
efr = 0.002106, par = 0.078420, bvr = 0.000029, der = 0.011708
Done!
build time: 7767.649349 ms (8729.029772 ns per key)
space cost: 7.666221 MB (67.741891% of original size 11.316810 MB)
Querying trie...
Done!
total time: 437.065265 ms, avg latency: 491.159621 ns
not implemented
7767.649349,7.666221,491.159621
[PASSED]
[time 8.95 s, user 6.93 s, sys 1.98 s, maxrss 4347428 KB]
[busy 961 jiffies]
[exit 0]
--- c2 case 5 rec 0   load 0.79 0.87 0.76
[TEST MARISA]
Processing dataset...
Done!
Building trie...
Done!
build time: 384.330513 ms (431.898035 ns per key)
space cost: 5.316237 MB (46.976468% of original size 11.316810 MB)
Querying trie...
Done!
total time: 346.460078 ms, avg latency: 389.340481 ns
not implemented
384.330513,5.316237,389.340481
[PASSED]
[time 1.14 s, user 1.04 s, sys 0.08 s, maxrss 132072 KB]
[busy 122 jiffies]
[exit 0]
--- c2 case 5 rec 1   load 0.79 0.87 0.76
[TEST MARISA]
Processing dataset...
Done!
Building trie...
Done!
build time: 430.260916 ms (483.513117 ns per key)
space cost: 4.038295 MB (35.684039% of original size 11.316810 MB)
Querying trie...
Done!
total time: 457.448483 ms, avg latency: 514.065613 ns
not implemented
430.260916,4.038295,514.065613
[PASSED]
[time 1.28 s, user 1.19 s, sys 0.08 s, maxrss 131832 KB]
[busy 137 jiffies]
[exit 0]
--- c2 case 5 rec 2   load 0.79 0.87 0.76
[TEST MARISA]
Processing dataset...
Done!
Building trie...
Done!
build time: 439.501253 ms (493.897105 ns per key)
space cost: 3.830196 MB (33.845196% of original size 11.316810 MB)
Querying trie...
Done!
total time: 482.217685 ms, avg latency: 541.900431 ns
not implemented
439.501253,3.830196,541.900431
[PASSED]
[time 1.30 s, user 1.21 s, sys 0.08 s, maxrss 132064 KB]
[busy 140 jiffies]
[exit 0]
--- c2 case 6 rec 0   load 0.81 0.88 0.76
[TEST PDT]
Processing dataset...
Done!
Building trie...
dict size: 158766, stream size: 3178838
Done!
build time: 1623.470412 ms (1824.402844 ns per key)
space cost: 4.318639 MB (38.161275% of original size 11.316810 MB)
Querying trie...
Done!
total time: 471.438917 ms, avg latency: 529.787605 ns
not implemented
1623.470412,4.318639,529.787605
[PASSED]
[time 2.51 s, user 2.41 s, sys 0.09 s, maxrss 137364 KB]
[busy 266 jiffies]
[exit 0]
--- c2 case 7 rec 0   load 0.75 0.86 0.76
[TEST ART]
Processing dataset...
Done!
Building trie...
Done!
build time: 97.366484 ms (109.417264 ns per key)
space cost: 28.637695 MB (253.054493% of original size 11.316810 MB)
Querying trie...
Done!
total time: 271.365242 ms, avg latency: 304.951366 ns
not implemented
97.366484,28.637695,304.951366
[PASSED]
[time 0.78 s, user 0.71 s, sys 0.06 s, maxrss 123544 KB]
[busy 87 jiffies]
[exit 0]
--- c2 case 8 rec 0   load 0.75 0.86 0.76
[TEST CART]
Processing dataset...
Done!
Building trie...
Done!
build time: 148.386562 ms (166.751955 ns per key)
space cost: 12.686618 MB (112.104190% of original size 11.316810 MB)
Querying trie...
Done!
total time: 309.142432 ms, avg latency: 347.404134 ns
not implemented
148.386562,12.686618,347.404134
[PASSED]
[time 0.86 s, user 0.79 s, sys 0.06 s, maxrss 120924 KB]
[busy 92 jiffies]
[exit 0]
--- xcdat 7   load 0.75 0.86 0.76
build time: 373.702047 ms
space cost: 7.451407 MiB (65.843711% of original size 11.316810 MiB)
avg latency: 165.930759 ns
373.702047,7.451407,165.930759
[time 0.93 s, user 0.85 s, sys 0.07 s, maxrss 124816 KB]
[busy 101 jiffies]
[exit 0]
--- xcdat 8   load 0.77 0.86 0.76
build time: 354.601470 ms
space cost: 7.063261 MiB (62.413889% of original size 11.316810 MiB)
avg latency: 164.487433 ns
354.601470,7.063261,164.487433
[time 0.91 s, user 0.82 s, sys 0.08 s, maxrss 125000 KB]
[busy 98 jiffies]
[exit 0]
--- xcdat 15   load 0.77 0.86 0.76
build time: 373.253084 ms
space cost: 8.417356 MiB (74.379227% of original size 11.316810 MiB)
avg latency: 132.955384 ns
373.253084,8.417356,132.955384
[time 0.90 s, user 0.81 s, sys 0.08 s, maxrss 125100 KB]
[busy 100 jiffies]
[exit 0]
--- xcdat 16   load 0.77 0.86 0.76
build time: 350.851241 ms
space cost: 8.791730 MiB (77.687354% of original size 11.316810 MiB)
avg latency: 154.427126 ns
350.851241,8.791730,154.427126
[time 0.89 s, user 0.79 s, sys 0.08 s, maxrss 124888 KB]
[busy 96 jiffies]
[exit 0]

##### titles-en-1000000 (1000000 lines, 21984647 bytes)   round 1/3   2026-09-15T15:16:18+03:00
--- lexindex dict32   load 0.79 0.87 0.76
1000000 keys
lexindex DictIndex block 32: build 142 ms, size 9.430 MiB (9.888 B/key), latency cold 381.4 ns, then mean 386.8 / min 383.6 ns
142.227,9.430320,381.387
[time 2.19 s, user 2.94 s, sys 0.20 s, maxrss 185544 KB]
[busy 339 jiffies]
[exit 0]
--- lexindex dict256   load 0.72 0.85 0.75
1000000 keys
lexindex DictIndex block 256: build 138 ms, size 8.940 MiB (9.374 B/key), latency cold 412.4 ns, then mean 410.5 / min 407.8 ns
137.780,8.939933,412.383
[time 2.29 s, user 3.05 s, sys 0.18 s, maxrss 195668 KB]
[busy 346 jiffies]
[exit 0]
--- lexindex dict1024   load 0.72 0.85 0.75
1000000 keys
lexindex DictIndex block 1024: build 149 ms, size 8.882 MiB (9.313 B/key), latency cold 461.6 ns, then mean 464.2 / min 461.6 ns
149.495,8.881789,461.618
[time 2.52 s, user 2.95 s, sys 0.17 s, maxrss 173756 KB]
[busy 343 jiffies]
[exit 0]
--- lexindex string   load 0.75 0.86 0.76
1000000 keys
lexindex StringIndex: build 1016 ms, size 16.482 MiB (17.283 B/key), latency cold 499.8 ns, then mean 492.0 / min 485.1 ns
1016.449,16.482312,499.807
[time 3.49 s, user 3.38 s, sys 0.09 s, maxrss 163372 KB]
[busy 378 jiffies]
[exit 0]
--- c2 case 0 rec 0   load 0.77 0.86 0.76
[TEST C2-FST]
Processing dataset...
Done!
Building trie...
Done!
build time: 1035.951361 ms (1035.951361 ns per key)
space cost: 11.326162 MB (56.595386% of original size 20.012519 MB)
Querying trie...
Done!
total time: 479.407214 ms, avg latency: 479.407214 ns
topology: 1.047974 MB, link: 2.330659 MB, data: 7.947530 MB
--- Unary Path Analysis (FST, cutoff=4) ---
  shared unary steps in main trie: 632648
  terminal suffixes: inplace=148307 (avg len=2.14)  links=794871 (84.3% of terminal)
  link len: avg=12.03  max=232  total_chars=9558452
  link length distribution (len:count):  4:67686  5:69275  6:65423  7:58787  8:51921  9:47544  10:42795  11:38054  12:34227  13:30736  14:30694  15:28260  16:25308  17:22807  18:19264  19:17586  20:15912  21:14224  22:12066  23:10759  24:9477  25:8347  26:7925  27:7112  28:6113  29:5746  30:5072  31:4462  32:3927  33:3658  34:3228  35:2847  36:2644  37:2353  38:2038  39:1870  40:1644  41:1489  42:1315  43:1143  44:928  45:846  46:722  47:679  48:610  49:543  50:459  51:451  52:342  53:339  54:284  55:273  56:239  57:215  58:214  59:177  60:158  61:140  62:127  63:109  64:95  65:79  66:80  67:78  68:75  69:69  70:68  71:54  72:51  73:42  74:46  75:42  76:35  77:41  78:38  79:39  80:21  81:18  82:21  83:19  84:14  85:18  86:14  87:15  88:11  89:14  90:13  91:7  92:5  93:8  94:7  95:5  96:8  97:8  98:5  99:7  100:11  101:5  102:6  103:3  104:3  105:3  106:5  107:4  108:5  109:1  110:2  111:6  112:1  113:1  114:1  115:4  116:1  118:1  119:2  121:2  123:2  125:1  126:1  128:1  129:1  131:1  132:2  134:1  135:1  136:1  137:3  138:1  139:1  141:2  145:1  152:1  154:1  156:1  159:3  165:1  168:1  174:1  175:1  179:1  181:1  199:1  201:1  202:1  204:1  207:1  216:1  217:1  219:1  233:1
1035.951361,11.326162,479.407214
[PASSED]
[time 2.08 s, user 1.96 s, sys 0.11 s, maxrss 185264 KB]
[busy 221 jiffies]
[exit 0]
--- c2 case 0 rec 1   load 0.77 0.86 0.76
[TEST C2-FST]
Processing dataset...
Done!
Building trie...
trie size: 3.096522 MB
Done!
build time: 1346.411870 ms (1346.411870 ns per key)
space cost: 9.522977 MB (47.585099% of original size 20.012519 MB)
Querying trie...
Done!
total time: 603.235530 ms, avg latency: 603.235530 ns
topology: 1.448536 MB, link: 2.515947 MB, data: 5.558494 MB
--- Unary Path Analysis (FST, cutoff=4) ---
  shared unary steps in main trie: 632648
  terminal suffixes: inplace=148307 (avg len=2.14)  links=794871 (84.3% of terminal)
  link len: avg=12.03  max=232  total_chars=9558452
  link length distribution (len:count):  4:67686  5:69275  6:65423  7:58787  8:51921  9:47544  10:42795  11:38054  12:34227  13:30736  14:30694  15:28260  16:25308  17:22807  18:19264  19:17586  20:15912  21:14224  22:12066  23:10759  24:9477  25:8347  26:7925  27:7112  28:6113  29:5746  30:5072  31:4462  32:3927  33:3658  34:3228  35:2847  36:2644  37:2353  38:2038  39:1870  40:1644  41:1489  42:1315  43:1143  44:928  45:846  46:722  47:679  48:610  49:543  50:459  51:451  52:342  53:339  54:284  55:273  56:239  57:215  58:214  59:177  60:158  61:140  62:127  63:109  64:95  65:79  66:80  67:78  68:75  69:69  70:68  71:54  72:51  73:42  74:46  75:42  76:35  77:41  78:38  79:39  80:21  81:18  82:21  83:19  84:14  85:18  86:14  87:15  88:11  89:14  90:13  91:7  92:5  93:8  94:7  95:5  96:8  97:8  98:5  99:7  100:11  101:5  102:6  103:3  104:3  105:3  106:5  107:4  108:5  109:1  110:2  111:6  112:1  113:1  114:1  115:4  116:1  118:1  119:2  121:2  123:2  125:1  126:1  128:1  129:1  131:1  132:2  134:1  135:1  136:1  137:3  138:1  139:1  141:2  145:1  152:1  154:1  156:1  159:3  165:1  168:1  174:1  175:1  179:1  181:1  199:1  201:1  202:1  204:1  207:1  216:1  217:1  219:1  233:1
1346.411870,9.522977,603.235530
[PASSED]
[time 2.53 s, user 2.38 s, sys 0.13 s, maxrss 181044 KB]
[busy 268 jiffies]
[exit 0]
--- c2 case 0 rec 2   load 0.78 0.86 0.76
[TEST C2-FST]
Processing dataset...
Done!
Building trie...
trie size: 3.096522 MB
trie size: 0.887704 MB
Done!
build time: 1470.947536 ms (1470.947536 ns per key)
space cost: 9.522977 MB (47.585099% of original size 20.012519 MB)
Querying trie...
Done!
total time: 610.350792 ms, avg latency: 610.350792 ns
topology: 1.448536 MB, link: 2.515947 MB, data: 5.558494 MB
--- Unary Path Analysis (FST, cutoff=4) ---
  shared unary steps in main trie: 632648
  terminal suffixes: inplace=148307 (avg len=2.14)  links=794871 (84.3% of terminal)
  link len: avg=12.03  max=232  total_chars=9558452
  link length distribution (len:count):  4:67686  5:69275  6:65423  7:58787  8:51921  9:47544  10:42795  11:38054  12:34227  13:30736  14:30694  15:28260  16:25308  17:22807  18:19264  19:17586  20:15912  21:14224  22:12066  23:10759  24:9477  25:8347  26:7925  27:7112  28:6113  29:5746  30:5072  31:4462  32:3927  33:3658  34:3228  35:2847  36:2644  37:2353  38:2038  39:1870  40:1644  41:1489  42:1315  43:1143  44:928  45:846  46:722  47:679  48:610  49:543  50:459  51:451  52:342  53:339  54:284  55:273  56:239  57:215  58:214  59:177  60:158  61:140  62:127  63:109  64:95  65:79  66:80  67:78  68:75  69:69  70:68  71:54  72:51  73:42  74:46  75:42  76:35  77:41  78:38  79:39  80:21  81:18  82:21  83:19  84:14  85:18  86:14  87:15  88:11  89:14  90:13  91:7  92:5  93:8  94:7  95:5  96:8  97:8  98:5  99:7  100:11  101:5  102:6  103:3  104:3  105:3  106:5  107:4  108:5  109:1  110:2  111:6  112:1  113:1  114:1  115:4  116:1  118:1  119:2  121:2  123:2  125:1  126:1  128:1  129:1  131:1  132:2  134:1  135:1  136:1  137:3  138:1  139:1  141:2  145:1  152:1  154:1  156:1  159:3  165:1  168:1  174:1  175:1  179:1  181:1  199:1  201:1  202:1  204:1  207:1  216:1  217:1  219:1  233:1
1470.947536,9.522977,610.350792
[PASSED]
[time 2.65 s, user 2.51 s, sys 0.13 s, maxrss 180848 KB]
[busy 282 jiffies]
[exit 0]
--- c2 case 1 rec 0   load 0.80 0.86 0.76
[TEST C2-CoCo(LOUDS-Sparse)]
Processing dataset...
Done!
Building trie...
Done!
build time: 2137.364090 ms (2137.364090 ns per key)
space cost: 12.265971 MB (61.291488% of original size 20.012519 MB)
Querying trie...
Done!
total time: 754.671724 ms, avg latency: 754.671724 ns
topology: 0.432648 MB, link: 3.282862 MB, data: 8.550461 MB
2137.364090,12.265971,754.671724
[PASSED]
[time 3.46 s, user 3.25 s, sys 0.19 s, maxrss 357868 KB]
[busy 370 jiffies]
[exit 0]
--- c2 case 1 rec 1   load 0.82 0.87 0.76
[TEST C2-CoCo(LOUDS-Sparse)]
Processing dataset...
Done!
Building trie...
trie size: 3.096522 MB
Done!
build time: 2436.191326 ms (2436.191326 ns per key)
space cost: 10.462785 MB (52.281201% of original size 20.012519 MB)
Querying trie...
Done!
total time: 870.556161 ms, avg latency: 870.556161 ns
topology: 0.833210 MB, link: 3.468150 MB, data: 6.161425 MB
2436.191326,10.462785,870.556161
[PASSED]
[time 3.87 s, user 3.67 s, sys 0.18 s, maxrss 344936 KB]
[busy 407 jiffies]
[exit 0]
--- c2 case 1 rec 2   load 0.83 0.87 0.76
[TEST C2-CoCo(LOUDS-Sparse)]
Processing dataset...
Done!
Building trie...
trie size: 3.096522 MB
trie size: 0.887704 MB
Done!
build time: 2555.703521 ms (2555.703521 ns per key)
space cost: 10.462785 MB (52.281201% of original size 20.012519 MB)
Querying trie...
Done!
total time: 886.631584 ms, avg latency: 886.631584 ns
topology: 0.833210 MB, link: 3.468150 MB, data: 6.161425 MB
2555.703521,10.462785,886.631584
[PASSED]
[time 4.01 s, user 3.81 s, sys 0.18 s, maxrss 344896 KB]
[busy 435 jiffies]
[exit 0]
--- c2 case 2 rec 0   load 0.85 0.87 0.76
[TEST C2-MARISA]
Processing dataset...
Done!
Building trie...
trie size: 2.238578 MB
Done!
build time: 1030.651560 ms (1030.651560 ns per key)
space cost: 10.766413 MB (53.798389% of original size 20.012519 MB)
Querying trie...
Done!
total time: 376.552004 ms, avg latency: 376.552004 ns
topology: 0.741383 MB, link: 2.768053 MB, data: 7.236469 MB
--- Unary Path Analysis (Marisa, cutoff=3) ---
  branches: 1523874  |  single-char: 417651 (27.4%)  short-unary: 97461 (6.4%)  links: 1008762 (66.2%)
  link len: avg=12.11  max=234  total_chars=12215333
  link length distribution (len:count):  3:76859  4:82017  5:81216  6:79010  7:72564  8:64127  9:55531  10:50303  11:44703  12:39548  13:35394  14:31778  15:31462  16:28952  17:25995  18:23521  19:19840  20:18044  21:16382  22:14569  23:12399  24:11015  25:9715  26:8556  27:8141  28:7267  29:6255  30:5853  31:5207  32:4578  33:4049  34:3736  35:3293  36:2910  37:2688  38:2423  39:2074  40:1908  41:1670  42:1511  43:1333  44:1158  45:939  46:855  47:728  48:689  49:615  50:544  51:465  52:457  53:344  54:344  55:284  56:276  57:242  58:216  59:216  60:177  61:159  62:140  63:127  64:109  65:95  66:79  67:80  68:79  69:75  70:69  71:69  72:55  73:51  74:42  75:46  76:42  77:35  78:41  79:38  80:39  81:21  82:18  83:21  84:19  85:14  86:18  87:14  88:15  89:11  90:14  91:13  92:7  93:5  94:8  95:7  96:5  97:9  98:8  99:5  100:7  101:11  102:5  103:6  104:3  105:3  106:3  107:5  108:4  109:5  110:1  111:2  112:6  113:1  114:1  115:1  116:4  117:1  119:1  120:2  122:2  124:2  126:1  127:1  129:1  130:1  132:1  133:2  135:1  136:1  137:1  138:3  139:1  140:1  142:2  146:1  153:1  155:1  157:1  160:3  166:1  169:1  175:1  176:1  180:1  182:1  200:1  202:1  203:1  205:1  208:1  217:1  218:1  220:1  234:1
  short unary avg len: 2.00
1030.651560,10.766413,376.552004
[PASSED]
[time 1.97 s, user 1.83 s, sys 0.13 s, maxrss 201744 KB]
[busy 215 jiffies]
[exit 0]
--- c2 case 2 rec 1   load 0.85 0.87 0.76
[TEST C2-MARISA]
Processing dataset...
Done!
Building trie...
trie size: 2.238578 MB
trie size: 3.821277 MB
Done!
build time: 1394.286897 ms (1394.286897 ns per key)
space cost: 8.586061 MB (42.903452% of original size 20.012519 MB)
Querying trie...
Done!
total time: 501.837549 ms, avg latency: 501.837549 ns
topology: 1.213478 MB, link: 2.963206 MB, data: 4.388869 MB
--- Unary Path Analysis (Marisa, cutoff=3) ---
  branches: 1523874  |  single-char: 417651 (27.4%)  short-unary: 97461 (6.4%)  links: 1008762 (66.2%)
  link len: avg=12.11  max=234  total_chars=12215333
  link length distribution (len:count):  3:76859  4:82017  5:81216  6:79010  7:72564  8:64127  9:55531  10:50303  11:44703  12:39548  13:35394  14:31778  15:31462  16:28952  17:25995  18:23521  19:19840  20:18044  21:16382  22:14569  23:12399  24:11015  25:9715  26:8556  27:8141  28:7267  29:6255  30:5853  31:5207  32:4578  33:4049  34:3736  35:3293  36:2910  37:2688  38:2423  39:2074  40:1908  41:1670  42:1511  43:1333  44:1158  45:939  46:855  47:728  48:689  49:615  50:544  51:465  52:457  53:344  54:344  55:284  56:276  57:242  58:216  59:216  60:177  61:159  62:140  63:127  64:109  65:95  66:79  67:80  68:79  69:75  70:69  71:69  72:55  73:51  74:42  75:46  76:42  77:35  78:41  79:38  80:39  81:21  82:18  83:21  84:19  85:14  86:18  87:14  88:15  89:11  90:14  91:13  92:7  93:5  94:8  95:7  96:5  97:9  98:8  99:5  100:7  101:11  102:5  103:6  104:3  105:3  106:3  107:5  108:4  109:5  110:1  111:2  112:6  113:1  114:1  115:1  116:4  117:1  119:1  120:2  122:2  124:2  126:1  127:1  129:1  130:1  132:1  133:2  135:1  136:1  137:1  138:3  139:1  140:1  142:2  146:1  153:1  155:1  157:1  160:3  166:1  169:1  175:1  176:1  180:1  182:1  200:1  202:1  203:1  205:1  208:1  217:1  218:1  220:1  234:1
  short unary avg len: 2.00
1394.286897,8.586061,501.837549
[PASSED]
[time 2.48 s, user 2.30 s, sys 0.16 s, maxrss 197236 KB]
[busy 265 jiffies]
[exit 0]
--- c2 case 2 rec 2   load 0.86 0.87 0.77
[TEST C2-MARISA]
Processing dataset...
Done!
Building trie...
trie size: 2.238578 MB
trie size: 3.821277 MB
trie size: 1.037524 MB
Done!
build time: 1553.852440 ms (1553.852440 ns per key)
space cost: 8.586061 MB (42.903452% of original size 20.012519 MB)
Querying trie...
Done!
total time: 514.353482 ms, avg latency: 514.353482 ns
topology: 1.213478 MB, link: 2.963206 MB, data: 4.388869 MB
--- Unary Path Analysis (Marisa, cutoff=3) ---
  branches: 1523874  |  single-char: 417651 (27.4%)  short-unary: 97461 (6.4%)  links: 1008762 (66.2%)
  link len: avg=12.11  max=234  total_chars=12215333
  link length distribution (len:count):  3:76859  4:82017  5:81216  6:79010  7:72564  8:64127  9:55531  10:50303  11:44703  12:39548  13:35394  14:31778  15:31462  16:28952  17:25995  18:23521  19:19840  20:18044  21:16382  22:14569  23:12399  24:11015  25:9715  26:8556  27:8141  28:7267  29:6255  30:5853  31:5207  32:4578  33:4049  34:3736  35:3293  36:2910  37:2688  38:2423  39:2074  40:1908  41:1670  42:1511  43:1333  44:1158  45:939  46:855  47:728  48:689  49:615  50:544  51:465  52:457  53:344  54:344  55:284  56:276  57:242  58:216  59:216  60:177  61:159  62:140  63:127  64:109  65:95  66:79  67:80  68:79  69:75  70:69  71:69  72:55  73:51  74:42  75:46  76:42  77:35  78:41  79:38  80:39  81:21  82:18  83:21  84:19  85:14  86:18  87:14  88:15  89:11  90:14  91:13  92:7  93:5  94:8  95:7  96:5  97:9  98:8  99:5  100:7  101:11  102:5  103:6  104:3  105:3  106:3  107:5  108:4  109:5  110:1  111:2  112:6  113:1  114:1  115:1  116:4  117:1  119:1  120:2  122:2  124:2  126:1  127:1  129:1  130:1  132:1  133:2  135:1  136:1  137:1  138:3  139:1  140:1  142:2  146:1  153:1  155:1  157:1  160:3  166:1  169:1  175:1  176:1  180:1  182:1  200:1  202:1  203:1  205:1  208:1  217:1  218:1  220:1  234:1
  short unary avg len: 2.00
1553.852440,8.586061,514.353482
[PASSED]
[time 2.66 s, user 2.52 s, sys 0.12 s, maxrss 197308 KB]
[busy 288 jiffies]
[exit 0]
--- c2 case 3 rec 0   load 0.87 0.87 0.77
[TEST FST]
Processing dataset...
Done!
Building trie...
Done!
build time: 798.943861 ms (798.943861 ns per key)
space cost: 12.223534 MB (61.079436% of original size 20.012519 MB)
Querying trie...
Done!
total time: 686.839879 ms, avg latency: 686.839879 ns
not implemented
798.943861,12.223534,686.839879
[PASSED]
[time 2.06 s, user 1.96 s, sys 0.09 s, maxrss 130940 KB]
[busy 218 jiffies]
[exit 0]
--- c2 case 4 rec 0   load 0.87 0.87 0.77
terminate called after throwing an instance of 'std::runtime_error'
  what():  Sequence is not sorted
timeout: the monitored command dumped core
Command terminated by signal 6
[time 22.53 s, user 16.53 s, sys 5.84 s, maxrss 13650276 KB]
[busy 2370 jiffies]
[exit 134]
--- c2 case 5 rec 0   load 0.92 0.89 0.77
[TEST MARISA]
Processing dataset...
Done!
Building trie...
Done!
build time: 596.417866 ms (596.417866 ns per key)
space cost: 12.537066 MB (62.646119% of original size 20.012519 MB)
Querying trie...
Done!
total time: 524.509560 ms, avg latency: 524.509560 ns
not implemented
596.417866,12.537066,524.509560
[PASSED]
[time 1.68 s, user 1.55 s, sys 0.12 s, maxrss 194956 KB]
[busy 183 jiffies]
[exit 0]
--- c2 case 5 rec 1   load 0.84 0.87 0.77
[TEST MARISA]
Processing dataset...
Done!
Building trie...
Done!
build time: 771.311919 ms (771.311919 ns per key)
space cost: 8.680676 MB (43.376231% of original size 20.012519 MB)
Querying trie...
Done!
total time: 777.889861 ms, avg latency: 777.889861 ns
not implemented
771.311919,8.680676,777.889861
[PASSED]
[time 2.11 s, user 1.97 s, sys 0.13 s, maxrss 194936 KB]
[busy 226 jiffies]
[exit 0]
--- c2 case 5 rec 2   load 0.84 0.87 0.77
[TEST MARISA]
Processing dataset...
Done!
Building trie...
Done!
build time: 818.403453 ms (818.403453 ns per key)
space cost: 7.806685 MB (39.009010% of original size 20.012519 MB)
Querying trie...
Done!
total time: 888.363950 ms, avg latency: 888.363950 ns
not implemented
818.403453,7.806685,888.363950
[PASSED]
[time 2.29 s, user 2.15 s, sys 0.13 s, maxrss 195124 KB]
[busy 245 jiffies]
[exit 0]
--- c2 case 6 rec 0   load 0.93 0.89 0.78
[TEST PDT]
Processing dataset...
Done!
Building trie...
dict size: 157446, stream size: 7395682
Done!
build time: 3465.513868 ms (3465.513868 ns per key)
space cost: 8.479283 MB (42.369895% of original size 20.012519 MB)
Querying trie...
Done!
total time: 662.805307 ms, avg latency: 662.805307 ns
not implemented
3465.513868,8.479283,662.805307
[PASSED]
[time 4.71 s, user 4.51 s, sys 0.17 s, maxrss 256652 KB]
[busy 500 jiffies]
[exit 0]
--- c2 case 7 rec 0   load 0.94 0.89 0.78
[TEST ART]
Processing dataset...
Done!
Building trie...
Done!
build time: 163.525825 ms (163.525825 ns per key)
space cost: 32.696541 MB (163.380437% of original size 20.012519 MB)
Querying trie...
Done!
total time: 406.602081 ms, avg latency: 406.602081 ns
not implemented
163.525825,32.696541,406.602081
[PASSED]
[time 1.16 s, user 1.06 s, sys 0.09 s, maxrss 176552 KB]
[busy 127 jiffies]
[exit 0]
--- c2 case 8 rec 0   load 0.94 0.89 0.78
[TEST CART]
Processing dataset...
Done!
Building trie...
Done!
build time: 211.240051 ms (211.240051 ns per key)
space cost: 14.850546 MB (74.206280% of original size 20.012519 MB)
Querying trie...
Done!
total time: 460.444404 ms, avg latency: 460.444404 ns
not implemented
211.240051,14.850546,460.444404
[PASSED]
[time 1.27 s, user 1.17 s, sys 0.08 s, maxrss 163780 KB]
[busy 137 jiffies]
[exit 0]
--- xcdat 7   load 0.86 0.88 0.77
build time: 639.825007 ms
space cost: 14.813288 MiB (74.020106% of original size 20.012519 MiB)
avg latency: 262.267905 ns
639.825007,14.813288,262.267905
[time 1.50 s, user 1.38 s, sys 0.11 s, maxrss 161756 KB]
[busy 160 jiffies]
[exit 0]
--- xcdat 8   load 0.86 0.88 0.77
build time: 606.467455 ms
space cost: 14.333878 MiB (71.624555% of original size 20.012519 MiB)
avg latency: 257.779820 ns
606.467455,14.333878,257.779820
[time 1.45 s, user 1.32 s, sys 0.12 s, maxrss 161288 KB]
[busy 155 jiffies]
[exit 0]
--- xcdat 15   load 0.88 0.88 0.78
build time: 633.996563 ms
space cost: 16.333202 MiB (81.614925% of original size 20.012519 MiB)
avg latency: 245.697061 ns
633.996563,16.333202,245.697061
[time 1.46 s, user 1.35 s, sys 0.10 s, maxrss 163296 KB]
[busy 157 jiffies]
[exit 0]
--- xcdat 16   load 0.88 0.88 0.78
build time: 607.997530 ms
space cost: 16.875467 MiB (84.324554% of original size 20.012519 MiB)
avg latency: 249.072354 ns
607.997530,16.875467,249.072354
[time 1.45 s, user 1.33 s, sys 0.11 s, maxrss 164460 KB]
[busy 156 jiffies]
[exit 0]

##### titles-ru-1000000 (1000000 lines, 36819661 bytes)   round 1/3   2026-09-15T15:18:03+03:00
--- lexindex dict32   load 0.89 0.88 0.78
1000000 keys
lexindex DictIndex block 32: build 125 ms, size 11.654 MiB (12.220 B/key), latency cold 467.7 ns, then mean 472.2 / min 469.4 ns
125.044,11.653975,467.701
[time 2.60 s, user 3.10 s, sys 0.17 s, maxrss 229756 KB]
[busy 353 jiffies]
[exit 0]
--- lexindex dict256   load 0.81 0.87 0.77
1000000 keys
lexindex DictIndex block 256: build 129 ms, size 10.838 MiB (11.364 B/key), latency cold 487.5 ns, then mean 483.6 / min 482.0 ns
129.141,10.837878,487.548
[time 2.67 s, user 3.18 s, sys 0.17 s, maxrss 225728 KB]
[busy 364 jiffies]
[exit 0]
--- lexindex dict1024   load 0.81 0.87 0.77
1000000 keys
lexindex DictIndex block 1024: build 143 ms, size 10.749 MiB (11.271 B/key), latency cold 546.9 ns, then mean 543.6 / min 541.7 ns
143.215,10.748507,546.946
[time 2.91 s, user 3.28 s, sys 0.15 s, maxrss 215832 KB]
[busy 367 jiffies]
[exit 0]
--- lexindex string   load 2.11 1.14 0.86
1000000 keys
lexindex StringIndex: build 1527 ms, size 30.276 MiB (31.746 B/key), latency cold 734.6 ns, then mean 737.1 / min 733.6 ns
1527.124,30.275526,734.590
[time 5.05 s, user 4.90 s, sys 0.12 s, maxrss 212124 KB]
[busy 538 jiffies]
[exit 0]
--- c2 case 0 rec 0   load 2.02 1.13 0.86
[TEST C2-FST]
Processing dataset...
Done!
Building trie...
Done!
build time: 1289.424285 ms (1289.424285 ns per key)
space cost: 13.454716 MB (39.387006% of original size 34.160291 MB)
Querying trie...
Done!
total time: 728.992562 ms, avg latency: 728.992562 ns
topology: 1.316696 MB, link: 2.448647 MB, data: 9.689372 MB
--- Unary Path Analysis (FST, cutoff=4) ---
  shared unary steps in main trie: 1444849
  terminal suffixes: inplace=70261 (avg len=2.02)  links=837902 (92.3% of terminal)
  link len: avg=18.90  max=238  total_chars=15835418
  link length distribution (len:count):  4:38002  5:25136  6:46678  7:25626  8:51081  9:27061  10:49555  11:26346  12:44099  13:24737  14:35638  15:24081  16:29538  17:19279  18:25434  19:16078  20:16463  21:14405  22:12877  23:14367  24:11738  25:15079  26:11391  27:16946  28:11354  29:17411  30:12058  31:16873  32:11600  33:15555  34:11210  35:12790  36:9994  37:10106  38:7923  39:7962  40:6648  41:5829  42:4930  43:4945  44:3895  45:3528  46:3382  47:2749  48:2598  49:2269  50:2117  51:1901  52:1753  53:1665  54:1553  55:1449  56:1305  57:1145  58:1092  59:1004  60:875  61:848  62:788  63:815  64:741  65:605  66:640  67:594  68:554  69:512  70:530  71:482  72:415  73:428  74:424  75:368  76:310  77:349  78:289  79:299  80:274  81:267  82:209  83:198  84:204  85:187  86:188  87:169  88:154  89:148  90:143  91:149  92:108  93:110  94:105  95:111  96:95  97:79  98:91  99:85  100:98  101:68  102:61  103:57  104:50  105:52  106:54  107:61  108:50  109:62  110:44  111:43  112:42  113:44  114:37  115:29  116:42  117:29  118:35  119:28  120:37  121:28  122:24  123:19  124:19  125:31  126:29  127:26  128:15  129:19  130:30  131:11  132:22  133:9  134:11  135:14  136:17  137:15  138:6  139:7  140:14  141:16  142:8  143:9  144:14  145:12  146:8  147:11  148:7  149:9  150:6  151:12  152:9  153:13  154:7  155:5  156:6  157:3  158:8  159:4  160:7  161:11  162:5  163:11  164:3  165:5  166:7  167:4  168:4  169:6  170:3  171:4  172:3  173:9  174:4  175:1  176:4  177:5  178:6  179:4  180:4  181:2  182:6  183:7  184:4  185:2  186:3  187:2  188:2  190:1  191:1  192:3  193:3  194:2  196:2  197:2  198:4  200:1  202:1  205:2  207:2  208:1  210:2  212:2  213:1  217:2  218:2  220:1  222:1  228:2  234:1  239:1
1289.424285,13.454716,728.992562
[PASSED]
[time 2.75 s, user 2.59 s, sys 0.14 s, maxrss 226480 KB]
[busy 292 jiffies]
[exit 0]
--- c2 case 0 rec 1   load 1.94 1.13 0.86
[TEST C2-FST]
Processing dataset...
Done!
Building trie...
trie size: 3.233313 MB
Done!
build time: 1686.046229 ms (1686.046229 ns per key)
space cost: 10.950089 MB (32.055021% of original size 34.160291 MB)
Querying trie...
Done!
total time: 748.971722 ms, avg latency: 748.971722 ns
topology: 1.728611 MB, link: 2.656099 MB, data: 6.565378 MB
--- Unary Path Analysis (FST, cutoff=4) ---
  shared unary steps in main trie: 1444849
  terminal suffixes: inplace=70261 (avg len=2.02)  links=837902 (92.3% of terminal)
  link len: avg=18.90  max=238  total_chars=15835418
  link length distribution (len:count):  4:38002  5:25136  6:46678  7:25626  8:51081  9:27061  10:49555  11:26346  12:44099  13:24737  14:35638  15:24081  16:29538  17:19279  18:25434  19:16078  20:16463  21:14405  22:12877  23:14367  24:11738  25:15079  26:11391  27:16946  28:11354  29:17411  30:12058  31:16873  32:11600  33:15555  34:11210  35:12790  36:9994  37:10106  38:7923  39:7962  40:6648  41:5829  42:4930  43:4945  44:3895  45:3528  46:3382  47:2749  48:2598  49:2269  50:2117  51:1901  52:1753  53:1665  54:1553  55:1449  56:1305  57:1145  58:1092  59:1004  60:875  61:848  62:788  63:815  64:741  65:605  66:640  67:594  68:554  69:512  70:530  71:482  72:415  73:428  74:424  75:368  76:310  77:349  78:289  79:299  80:274  81:267  82:209  83:198  84:204  85:187  86:188  87:169  88:154  89:148  90:143  91:149  92:108  93:110  94:105  95:111  96:95  97:79  98:91  99:85  100:98  101:68  102:61  103:57  104:50  105:52  106:54  107:61  108:50  109:62  110:44  111:43  112:42  113:44  114:37  115:29  116:42  117:29  118:35  119:28  120:37  121:28  122:24  123:19  124:19  125:31  126:29  127:26  128:15  129:19  130:30  131:11  132:22  133:9  134:11  135:14  136:17  137:15  138:6  139:7  140:14  141:16  142:8  143:9  144:14  145:12  146:8  147:11  148:7  149:9  150:6  151:12  152:9  153:13  154:7  155:5  156:6  157:3  158:8  159:4  160:7  161:11  162:5  163:11  164:3  165:5  166:7  167:4  168:4  169:6  170:3  171:4  172:3  173:9  174:4  175:1  176:4  177:5  178:6  179:4  180:4  181:2  182:6  183:7  184:4  185:2  186:3  187:2  188:2  190:1  191:1  192:3  193:3  194:2  196:2  197:2  198:4  200:1  202:1  205:2  207:2  208:1  210:2  212:2  213:1  217:2  218:2  220:1  222:1  228:2  234:1  239:1
1686.046229,10.950089,748.971722
[PASSED]
[time 3.15 s, user 2.97 s, sys 0.16 s, maxrss 215444 KB]
[busy 333 jiffies]
[exit 0]
--- c2 case 0 rec 2   load 1.86 1.13 0.86
[TEST C2-FST]
Processing dataset...
Done!
Building trie...
trie size: 3.233313 MB
trie size: 0.910584 MB
Done!
build time: 1812.399482 ms (1812.399482 ns per key)
space cost: 10.950089 MB (32.055021% of original size 34.160291 MB)
Querying trie...
Done!
total time: 763.179744 ms, avg latency: 763.179744 ns
topology: 1.728611 MB, link: 2.656099 MB, data: 6.565378 MB
--- Unary Path Analysis (FST, cutoff=4) ---
  shared unary steps in main trie: 1444849
  terminal suffixes: inplace=70261 (avg len=2.02)  links=837902 (92.3% of terminal)
  link len: avg=18.90  max=238  total_chars=15835418
  link length distribution (len:count):  4:38002  5:25136  6:46678  7:25626  8:51081  9:27061  10:49555  11:26346  12:44099  13:24737  14:35638  15:24081  16:29538  17:19279  18:25434  19:16078  20:16463  21:14405  22:12877  23:14367  24:11738  25:15079  26:11391  27:16946  28:11354  29:17411  30:12058  31:16873  32:11600  33:15555  34:11210  35:12790  36:9994  37:10106  38:7923  39:7962  40:6648  41:5829  42:4930  43:4945  44:3895  45:3528  46:3382  47:2749  48:2598  49:2269  50:2117  51:1901  52:1753  53:1665  54:1553  55:1449  56:1305  57:1145  58:1092  59:1004  60:875  61:848  62:788  63:815  64:741  65:605  66:640  67:594  68:554  69:512  70:530  71:482  72:415  73:428  74:424  75:368  76:310  77:349  78:289  79:299  80:274  81:267  82:209  83:198  84:204  85:187  86:188  87:169  88:154  89:148  90:143  91:149  92:108  93:110  94:105  95:111  96:95  97:79  98:91  99:85  100:98  101:68  102:61  103:57  104:50  105:52  106:54  107:61  108:50  109:62  110:44  111:43  112:42  113:44  114:37  115:29  116:42  117:29  118:35  119:28  120:37  121:28  122:24  123:19  124:19  125:31  126:29  127:26  128:15  129:19  130:30  131:11  132:22  133:9  134:11  135:14  136:17  137:15  138:6  139:7  140:14  141:16  142:8  143:9  144:14  145:12  146:8  147:11  148:7  149:9  150:6  151:12  152:9  153:13  154:7  155:5  156:6  157:3  158:8  159:4  160:7  161:11  162:5  163:11  164:3  165:5  166:7  167:4  168:4  169:6  170:3  171:4  172:3  173:9  174:4  175:1  176:4  177:5  178:6  179:4  180:4  181:2  182:6  183:7  184:4  185:2  186:3  187:2  188:2  190:1  191:1  192:3  193:3  194:2  196:2  197:2  198:4  200:1  202:1  205:2  207:2  208:1  210:2  212:2  213:1  217:2  218:2  220:1  222:1  228:2  234:1  239:1
1812.399482,10.950089,763.179744
[PASSED]
[time 3.31 s, user 3.13 s, sys 0.15 s, maxrss 215624 KB]
[busy 348 jiffies]
[exit 0]
--- c2 case 1 rec 0   load 1.79 1.13 0.86
[TEST C2-CoCo(LOUDS-Sparse)]
Processing dataset...
Done!
Building trie...
Done!
build time: 3505.102692 ms (3505.102692 ns per key)
space cost: 14.618523 MB (42.793905% of original size 34.160291 MB)
Querying trie...
Done!
total time: 1013.219026 ms, avg latency: 1013.219026 ns
topology: 0.472511 MB, link: 3.816133 MB, data: 10.329878 MB
3505.102692,14.618523,1013.219026
[PASSED]
[time 5.21 s, user 4.96 s, sys 0.22 s, maxrss 445780 KB]
[busy 548 jiffies]
[exit 0]
--- c2 case 1 rec 1   load 1.73 1.12 0.86
[TEST C2-CoCo(LOUDS-Sparse)]
Processing dataset...
Done!
Building trie...
trie size: 3.233313 MB
Done!
build time: 3882.589994 ms (3882.589994 ns per key)
space cost: 12.113895 MB (35.461921% of original size 34.160291 MB)
Querying trie...
Done!
total time: 1059.805542 ms, avg latency: 1059.805542 ns
topology: 0.884426 MB, link: 4.023585 MB, data: 7.205884 MB
3882.589994,12.113895,1059.805542
[PASSED]
[time 5.67 s, user 5.41 s, sys 0.22 s, maxrss 432660 KB]
[busy 597 jiffies]
[exit 0]
--- c2 case 1 rec 2   load 1.67 1.12 0.87
[TEST C2-CoCo(LOUDS-Sparse)]
Processing dataset...
Done!
Building trie...
trie size: 3.233313 MB
trie size: 0.910584 MB
Done!
build time: 4023.844823 ms (4023.844823 ns per key)
space cost: 12.113895 MB (35.461921% of original size 34.160291 MB)
Querying trie...
Done!
total time: 1072.856802 ms, avg latency: 1072.856802 ns
topology: 0.884426 MB, link: 4.023585 MB, data: 7.205884 MB
4023.844823,12.113895,1072.856802
[PASSED]
[time 5.81 s, user 5.56 s, sys 0.23 s, maxrss 432940 KB]
[busy 613 jiffies]
[exit 0]
--- c2 case 2 rec 0   load 1.64 1.13 0.87
[TEST C2-MARISA]
Processing dataset...
Done!
Building trie...
trie size: 2.484302 MB
Done!
build time: 1215.357562 ms (1215.357562 ns per key)
space cost: 12.012337 MB (35.164621% of original size 34.160291 MB)
Querying trie...
Done!
total time: 534.234477 ms, avg latency: 534.234477 ns
topology: 0.823292 MB, link: 2.965906 MB, data: 8.202631 MB
--- Unary Path Analysis (Marisa, cutoff=3) ---
  branches: 1657128  |  single-char: 447774 (27.0%)  short-unary: 128432 (7.8%)  links: 1080922 (65.2%)
  link len: avg=17.77  max=240  total_chars=19212544
  link length distribution (len:count):  3:87321  4:48292  5:58975  6:36358  7:58121  8:33015  9:59626  10:32247  11:55687  12:30072  13:49121  14:27545  15:39628  16:26319  17:32373  18:20972  19:27510  20:17247  21:17760  22:15297  23:13707  24:14933  25:12396  26:15583  27:11863  28:17395  29:11704  30:17896  31:12395  32:17216  33:11862  34:15819  35:11459  36:13046  37:10194  38:10344  39:8104  40:8139  41:6769  42:6000  43:5033  44:5077  45:3963  46:3720  47:3456  48:2871  49:2663  50:2321  51:2168  52:1981  53:1813  54:1693  55:1597  56:1488  57:1344  58:1172  59:1122  60:1025  61:904  62:871  63:814  64:834  65:767  66:626  67:663  68:607  69:568  70:524  71:545  72:489  73:428  74:436  75:441  76:375  77:319  78:357  79:299  80:304  81:282  82:274  83:213  84:203  85:208  86:189  87:193  88:179  89:159  90:153  91:146  92:153  93:110  94:115  95:107  96:113  97:98  98:81  99:92  100:91  101:100  102:69  103:62  104:60  105:53  106:53  107:55  108:63  109:50  110:63  111:44  112:45  113:43  114:49  115:38  116:32  117:45  118:31  119:36  120:28  121:37  122:28  123:24  124:20  125:19  126:32  127:29  128:26  129:15  130:19  131:30  132:11  133:22  134:9  135:11  136:14  137:18  138:15  139:6  140:8  141:14  142:16  143:8  144:10  145:14  146:12  147:8  148:11  149:7  150:9  151:6  152:12  153:9  154:13  155:7  156:5  157:6  158:3  159:8  160:4  161:7  162:11  163:6  164:11  165:3  166:5  167:7  168:4  169:5  170:6  171:3  172:4  173:3  174:9  175:4  176:1  177:4  178:5  179:7  180:4  181:4  182:2  183:6  184:7  185:4  186:2  187:3  188:2  189:2  191:1  192:1  193:3  194:3  195:2  197:2  198:2  199:4  201:1  203:1  206:2  208:2  209:1  211:2  213:2  214:1  218:2  219:2  221:1  223:1  229:2  235:1  240:1
  short unary avg len: 2.00
1215.357562,12.012337,534.234477
[PASSED]
[time 2.45 s, user 2.28 s, sys 0.15 s, maxrss 243552 KB]
[busy 261 jiffies]
[exit 0]
--- c2 case 2 rec 1   load 1.51 1.11 0.87
[TEST C2-MARISA]
Processing dataset...
Done!
Building trie...
trie size: 2.484302 MB
trie size: 4.015308 MB
Done!
build time: 1652.754620 ms (1652.754620 ns per key)
space cost: 9.221785 MB (26.995627% of original size 34.160291 MB)
Querying trie...
Done!
total time: 388.166442 ms, avg latency: 388.166442 ns
topology: 1.302711 MB, link: 3.189349 MB, data: 4.709216 MB
--- Unary Path Analysis (Marisa, cutoff=3) ---
  branches: 1657128  |  single-char: 447774 (27.0%)  short-unary: 128432 (7.8%)  links: 1080922 (65.2%)
  link len: avg=17.77  max=240  total_chars=19212544
  link length distribution (len:count):  3:87321  4:48292  5:58975  6:36358  7:58121  8:33015  9:59626  10:32247  11:55687  12:30072  13:49121  14:27545  15:39628  16:26319  17:32373  18:20972  19:27510  20:17247  21:17760  22:15297  23:13707  24:14933  25:12396  26:15583  27:11863  28:17395  29:11704  30:17896  31:12395  32:17216  33:11862  34:15819  35:11459  36:13046  37:10194  38:10344  39:8104  40:8139  41:6769  42:6000  43:5033  44:5077  45:3963  46:3720  47:3456  48:2871  49:2663  50:2321  51:2168  52:1981  53:1813  54:1693  55:1597  56:1488  57:1344  58:1172  59:1122  60:1025  61:904  62:871  63:814  64:834  65:767  66:626  67:663  68:607  69:568  70:524  71:545  72:489  73:428  74:436  75:441  76:375  77:319  78:357  79:299  80:304  81:282  82:274  83:213  84:203  85:208  86:189  87:193  88:179  89:159  90:153  91:146  92:153  93:110  94:115  95:107  96:113  97:98  98:81  99:92  100:91  101:100  102:69  103:62  104:60  105:53  106:53  107:55  108:63  109:50  110:63  111:44  112:45  113:43  114:49  115:38  116:32  117:45  118:31  119:36  120:28  121:37  122:28  123:24  124:20  125:19  126:32  127:29  128:26  129:15  130:19  131:30  132:11  133:22  134:9  135:11  136:14  137:18  138:15  139:6  140:8  141:14  142:16  143:8  144:10  145:14  146:12  147:8  148:11  149:7  150:9  151:6  152:12  153:9  154:13  155:7  156:5  157:6  158:3  159:8  160:4  161:7  162:11  163:6  164:11  165:3  166:5  167:7  168:4  169:5  170:6  171:3  172:4  173:3  174:9  175:4  176:1  177:4  178:5  179:7  180:4  181:4  182:2  183:6  184:7  185:4  186:2  187:3  188:2  189:2  191:1  192:1  193:3  194:3  195:2  197:2  198:2  199:4  201:1  203:1  206:2  208:2  209:1  211:2  213:2  214:1  218:2  219:2  221:1  223:1  229:2  235:1  240:1
  short unary avg len: 2.00
1652.754620,9.221785,388.166442
[PASSED]
[time 2.77 s, user 2.59 s, sys 0.16 s, maxrss 227404 KB]
[busy 292 jiffies]
[exit 0]
--- c2 case 2 rec 2   load 1.51 1.11 0.87
[TEST C2-MARISA]
Processing dataset...
Done!
Building trie...
trie size: 2.484302 MB
trie size: 4.015308 MB
trie size: 1.015766 MB
Done!
build time: 1757.161966 ms (1757.161966 ns per key)
space cost: 8.714260 MB (25.509912% of original size 34.160291 MB)
Querying trie...
Done!
total time: 409.515236 ms, avg latency: 409.515236 ns
topology: 1.481594 MB, link: 3.266720 MB, data: 3.945438 MB
--- Unary Path Analysis (Marisa, cutoff=3) ---
  branches: 1657128  |  single-char: 447774 (27.0%)  short-unary: 128432 (7.8%)  links: 1080922 (65.2%)
  link len: avg=17.77  max=240  total_chars=19212544
  link length distribution (len:count):  3:87321  4:48292  5:58975  6:36358  7:58121  8:33015  9:59626  10:32247  11:55687  12:30072  13:49121  14:27545  15:39628  16:26319  17:32373  18:20972  19:27510  20:17247  21:17760  22:15297  23:13707  24:14933  25:12396  26:15583  27:11863  28:17395  29:11704  30:17896  31:12395  32:17216  33:11862  34:15819  35:11459  36:13046  37:10194  38:10344  39:8104  40:8139  41:6769  42:6000  43:5033  44:5077  45:3963  46:3720  47:3456  48:2871  49:2663  50:2321  51:2168  52:1981  53:1813  54:1693  55:1597  56:1488  57:1344  58:1172  59:1122  60:1025  61:904  62:871  63:814  64:834  65:767  66:626  67:663  68:607  69:568  70:524  71:545  72:489  73:428  74:436  75:441  76:375  77:319  78:357  79:299  80:304  81:282  82:274  83:213  84:203  85:208  86:189  87:193  88:179  89:159  90:153  91:146  92:153  93:110  94:115  95:107  96:113  97:98  98:81  99:92  100:91  101:100  102:69  103:62  104:60  105:53  106:53  107:55  108:63  109:50  110:63  111:44  112:45  113:43  114:49  115:38  116:32  117:45  118:31  119:36  120:28  121:37  122:28  123:24  124:20  125:19  126:32  127:29  128:26  129:15  130:19  131:30  132:11  133:22  134:9  135:11  136:14  137:18  138:15  139:6  140:8  141:14  142:16  143:8  144:10  145:14  146:12  147:8  148:11  149:7  150:9  151:6  152:12  153:9  154:13  155:7  156:5  157:6  158:3  159:8  160:4  161:7  162:11  163:6  164:11  165:3  166:5  167:7  168:4  169:5  170:6  171:3  172:4  173:3  174:9  175:4  176:1  177:4  178:5  179:7  180:4  181:4  182:2  183:6  184:7  185:4  186:2  187:3  188:2  189:2  191:1  192:1  193:3  194:3  195:2  197:2  198:2  199:4  201:1  203:1  206:2  208:2  209:1  211:2  213:2  214:1  218:2  219:2  221:1  223:1  229:2  235:1  240:1
  short unary avg len: 2.00
1757.161966,8.714260,409.515236
[PASSED]
[time 2.87 s, user 2.72 s, sys 0.14 s, maxrss 226880 KB]
[busy 308 jiffies]
[exit 0]
--- c2 case 3 rec 0   load 1.47 1.11 0.87
[TEST FST]
Processing dataset...
Done!
Building trie...
Done!
build time: 1154.177187 ms (1154.177187 ns per key)
space cost: 15.406425 MB (45.100393% of original size 34.160291 MB)
Querying trie...
Done!
total time: 1220.217095 ms, avg latency: 1220.217095 ns
not implemented
1154.177187,15.406425,1220.217095
[PASSED]
[time 3.10 s, user 2.97 s, sys 0.11 s, maxrss 176900 KB]
[busy 331 jiffies]
[exit 0]
--- c2 case 4 rec 0   load 1.43 1.11 0.87
terminate called after throwing an instance of 'std::runtime_error'
  what():  Sequence is not sorted
timeout: the monitored command dumped core
Command terminated by signal 6
[time 48.79 s, user 35.62 s, sys 12.90 s, maxrss 26676956 KB]
[busy 5577 jiffies]
[exit 134]
--- c2 case 5 rec 0   load 1.47 1.16 0.90
[TEST MARISA]
Processing dataset...
Done!
Building trie...
Done!
build time: 758.961026 ms (758.961026 ns per key)
space cost: 14.925114 MB (43.691413% of original size 34.160291 MB)
Querying trie...
Done!
total time: 715.641359 ms, avg latency: 715.641359 ns
not implemented
758.961026,14.925114,715.641359
[PASSED]
[time 2.19 s, user 2.02 s, sys 0.15 s, maxrss 231228 KB]
[busy 235 jiffies]
[exit 0]
--- c2 case 5 rec 1   load 1.47 1.16 0.90
[TEST MARISA]
Processing dataset...
Done!
Building trie...
Done!
build time: 954.693261 ms (954.693261 ns per key)
space cost: 9.445531 MB (27.650616% of original size 34.160291 MB)
Querying trie...
Done!
total time: 1092.933665 ms, avg latency: 1092.933665 ns
not implemented
954.693261,9.445531,1092.933665
[PASSED]
[time 2.76 s, user 2.60 s, sys 0.14 s, maxrss 231256 KB]
[busy 290 jiffies]
[exit 0]
--- c2 case 5 rec 2   load 1.43 1.15 0.90
[TEST MARISA]
Processing dataset...
Done!
Building trie...
Done!
build time: 1009.337281 ms (1009.337281 ns per key)
space cost: 8.209226 MB (24.031487% of original size 34.160291 MB)
Querying trie...
Done!
total time: 1242.150818 ms, avg latency: 1242.150818 ns
not implemented
1009.337281,8.209226,1242.150818
[PASSED]
[time 2.96 s, user 2.80 s, sys 0.14 s, maxrss 231132 KB]
[busy 314 jiffies]
[exit 0]
--- c2 case 6 rec 0   load 1.39 1.15 0.90
[TEST PDT]
Processing dataset...
Done!
Building trie...
dict size: 149058, stream size: 8676288
Done!
build time: 2778.267906 ms (2778.267906 ns per key)
space cost: 9.692565 MB (28.373778% of original size 34.160291 MB)
Querying trie...
Done!
total time: 774.795125 ms, avg latency: 774.795125 ns
not implemented
2778.267906,9.692565,774.795125
[PASSED]
[time 4.28 s, user 4.06 s, sys 0.19 s, maxrss 238212 KB]
[busy 452 jiffies]
[exit 0]
--- c2 case 7 rec 0   load 1.36 1.15 0.90
[TEST ART]
Processing dataset...
Done!
Building trie...
Done!
build time: 227.642478 ms (227.642478 ns per key)
space cost: 37.032776 MB (108.408843% of original size 34.160291 MB)
Querying trie...
Done!
total time: 599.898097 ms, avg latency: 599.898097 ns
not implemented
227.642478,37.032776,599.898097
[PASSED]
[time 1.57 s, user 1.44 s, sys 0.13 s, maxrss 239248 KB]
[busy 172 jiffies]
[exit 0]
--- c2 case 8 rec 0   load 1.25 1.13 0.90
[TEST CART]
Processing dataset...
Done!
Building trie...
Done!
build time: 298.906855 ms (298.906855 ns per key)
space cost: 17.935776 MB (52.504752% of original size 34.160291 MB)
Querying trie...
Done!
total time: 671.471966 ms, avg latency: 671.471966 ns
not implemented
298.906855,17.935776,671.471966
[PASSED]
[time 1.71 s, user 1.57 s, sys 0.13 s, maxrss 228440 KB]
[busy 183 jiffies]
[exit 0]
--- xcdat 7   load 1.25 1.13 0.90
build time: 833.190555 ms
space cost: 18.793670 MiB (55.016129% of original size 34.160291 MiB)
avg latency: 398.776002 ns
833.190555,18.793670,398.776002
[time 1.94 s, user 1.79 s, sys 0.14 s, maxrss 207240 KB]
[busy 209 jiffies]
[exit 0]
--- xcdat 8   load 1.23 1.13 0.90
build time: 772.748658 ms
space cost: 18.486019 MiB (54.115521% of original size 34.160291 MiB)
avg latency: 373.490510 ns
772.748658,18.486019,373.490510
[time 1.87 s, user 1.71 s, sys 0.15 s, maxrss 207420 KB]
[busy 199 jiffies]
[exit 0]
--- xcdat 15   load 1.23 1.13 0.90
build time: 818.415456 ms
space cost: 22.013930 MiB (64.443041% of original size 34.160291 MiB)
avg latency: 366.264480 ns
818.415456,22.013930,366.264480
[time 1.91 s, user 1.74 s, sys 0.15 s, maxrss 213608 KB]
[busy 209 jiffies]
[exit 0]
--- xcdat 16   load 1.29 1.14 0.91
build time: 779.400130 ms
space cost: 22.860906 MiB (66.922456% of original size 34.160291 MiB)
avg latency: 388.987926 ns
779.400130,22.860906,388.987926
[time 1.88 s, user 1.74 s, sys 0.13 s, maxrss 213620 KB]
[busy 198 jiffies]
[exit 0]

##### titles-zh-1000000 (1000000 lines, 17871822 bytes)   round 1/3   2026-09-15T15:20:31+03:00
--- lexindex dict32   load 1.29 1.14 0.91
1000000 keys
lexindex DictIndex block 32: build 123 ms, size 8.308 MiB (8.712 B/key), latency cold 342.5 ns, then mean 335.1 / min 332.6 ns
122.612,8.308082,342.547
[time 1.99 s, user 2.56 s, sys 0.15 s, maxrss 170012 KB]
[busy 294 jiffies]
[exit 0]
--- lexindex dict256   load 1.27 1.14 0.91
1000000 keys
lexindex DictIndex block 256: build 123 ms, size 7.897 MiB (8.281 B/key), latency cold 379.2 ns, then mean 379.1 / min 372.7 ns
122.824,7.897411,379.227
[time 2.15 s, user 2.70 s, sys 0.16 s, maxrss 172920 KB]
[busy 311 jiffies]
[exit 0]
--- lexindex dict1024   load 1.25 1.14 0.91
1000000 keys
lexindex DictIndex block 1024: build 133 ms, size 7.849 MiB (8.230 B/key), latency cold 425.2 ns, then mean 432.7 / min 431.9 ns
133.269,7.848848,425.183
[time 2.38 s, user 2.75 s, sys 0.11 s, maxrss 170152 KB]
[busy 305 jiffies]
[exit 0]
--- lexindex string   load 1.25 1.14 0.91
1000000 keys
lexindex StringIndex: build 776 ms, size 16.712 MiB (17.523 B/key), latency cold 409.2 ns, then mean 420.3 / min 416.3 ns
775.642,16.711605,409.206
[time 2.94 s, user 2.84 s, sys 0.09 s, maxrss 152024 KB]
[busy 316 jiffies]
[exit 0]
--- c2 case 0 rec 0   load 1.23 1.13 0.91
[TEST C2-FST]
Processing dataset...
Done!
Building trie...
Done!
build time: 683.224814 ms (683.224814 ns per key)
space cost: 9.315402 MB (57.894796% of original size 16.090223 MB)
Querying trie...
Done!
total time: 431.665475 ms, avg latency: 431.665475 ns
topology: 1.013481 MB, link: 1.860200 MB, data: 6.441721 MB
--- Unary Path Analysis (FST, cutoff=4) ---
  shared unary steps in main trie: 533155
  terminal suffixes: inplace=237541 (avg len=1.85)  links=651614 (73.3% of terminal)
  link len: avg=9.49  max=219  total_chars=6184530
  link length distribution (len:count):  4:101787  5:75109  6:33236  7:70197  8:54797  9:28682  10:45020  11:39800  12:18111  13:26128  14:25316  15:13287  16:18412  17:17629  18:7811  19:11663  20:10322  21:4897  22:7909  23:6587  24:3201  25:5027  26:3953  27:2124  28:3009  29:2707  30:1318  31:2090  32:1807  33:932  34:1302  35:1246  36:576  37:856  38:792  39:335  40:596  41:485  42:228  43:398  44:289  45:126  46:187  47:184  48:83  49:123  50:115  51:56  52:76  53:79  54:43  55:73  56:58  57:28  58:35  59:27  60:9  61:32  62:19  63:18  64:20  65:11  66:19  67:16  68:13  69:6  70:14  71:16  72:6  73:9  74:5  75:5  76:7  77:5  78:2  79:17  80:2  81:7  82:8  83:7  84:3  85:7  86:7  87:3  88:3  89:2  90:4  91:3  92:3  93:1  94:1  95:3  96:5  97:1  98:4  101:2  102:1  103:1  104:1  106:2  107:1  112:2  113:1  115:1  116:1  120:1  121:1  122:1  124:1  130:1  138:1  148:1  151:1  155:2  184:1  188:1  204:1  220:1
683.224814,9.315402,431.665475
[PASSED]
[time 1.60 s, user 1.48 s, sys 0.11 s, maxrss 186184 KB]
[busy 172 jiffies]
[exit 0]
--- c2 case 0 rec 1   load 1.21 1.13 0.91
[TEST C2-FST]
Processing dataset...
Done!
Building trie...
trie size: 2.382156 MB
Done!
build time: 846.405372 ms (846.405372 ns per key)
space cost: 7.814046 MB (48.563937% of original size 16.090223 MB)
Querying trie...
Done!
total time: 434.777865 ms, avg latency: 434.777865 ns
topology: 1.289776 MB, link: 2.002253 MB, data: 4.522017 MB
--- Unary Path Analysis (FST, cutoff=4) ---
  shared unary steps in main trie: 533155
  terminal suffixes: inplace=237541 (avg len=1.85)  links=651614 (73.3% of terminal)
  link len: avg=9.49  max=219  total_chars=6184530
  link length distribution (len:count):  4:101787  5:75109  6:33236  7:70197  8:54797  9:28682  10:45020  11:39800  12:18111  13:26128  14:25316  15:13287  16:18412  17:17629  18:7811  19:11663  20:10322  21:4897  22:7909  23:6587  24:3201  25:5027  26:3953  27:2124  28:3009  29:2707  30:1318  31:2090  32:1807  33:932  34:1302  35:1246  36:576  37:856  38:792  39:335  40:596  41:485  42:228  43:398  44:289  45:126  46:187  47:184  48:83  49:123  50:115  51:56  52:76  53:79  54:43  55:73  56:58  57:28  58:35  59:27  60:9  61:32  62:19  63:18  64:20  65:11  66:19  67:16  68:13  69:6  70:14  71:16  72:6  73:9  74:5  75:5  76:7  77:5  78:2  79:17  80:2  81:7  82:8  83:7  84:3  85:7  86:7  87:3  88:3  89:2  90:4  91:3  92:3  93:1  94:1  95:3  96:5  97:1  98:4  101:2  102:1  103:1  104:1  106:2  107:1  112:2  113:1  115:1  116:1  120:1  121:1  122:1  124:1  130:1  138:1  148:1  151:1  155:2  184:1  188:1  204:1  220:1
846.405372,7.814046,434.777865
[PASSED]
[time 1.79 s, user 1.65 s, sys 0.13 s, maxrss 186468 KB]
[busy 189 jiffies]
[exit 0]
--- c2 case 0 rec 2   load 1.21 1.13 0.91
[TEST C2-FST]
Processing dataset...
Done!
Building trie...
trie size: 2.382156 MB
trie size: 0.519189 MB
Done!
build time: 902.571041 ms (902.571041 ns per key)
space cost: 7.814046 MB (48.563937% of original size 16.090223 MB)
Querying trie...
Done!
total time: 444.965352 ms, avg latency: 444.965352 ns
topology: 1.289776 MB, link: 2.002253 MB, data: 4.522017 MB
--- Unary Path Analysis (FST, cutoff=4) ---
  shared unary steps in main trie: 533155
  terminal suffixes: inplace=237541 (avg len=1.85)  links=651614 (73.3% of terminal)
  link len: avg=9.49  max=219  total_chars=6184530
  link length distribution (len:count):  4:101787  5:75109  6:33236  7:70197  8:54797  9:28682  10:45020  11:39800  12:18111  13:26128  14:25316  15:13287  16:18412  17:17629  18:7811  19:11663  20:10322  21:4897  22:7909  23:6587  24:3201  25:5027  26:3953  27:2124  28:3009  29:2707  30:1318  31:2090  32:1807  33:932  34:1302  35:1246  36:576  37:856  38:792  39:335  40:596  41:485  42:228  43:398  44:289  45:126  46:187  47:184  48:83  49:123  50:115  51:56  52:76  53:79  54:43  55:73  56:58  57:28  58:35  59:27  60:9  61:32  62:19  63:18  64:20  65:11  66:19  67:16  68:13  69:6  70:14  71:16  72:6  73:9  74:5  75:5  76:7  77:5  78:2  79:17  80:2  81:7  82:8  83:7  84:3  85:7  86:7  87:3  88:3  89:2  90:4  91:3  92:3  93:1  94:1  95:3  96:5  97:1  98:4  101:2  102:1  103:1  104:1  106:2  107:1  112:2  113:1  115:1  116:1  120:1  121:1  122:1  124:1  130:1  138:1  148:1  151:1  155:2  184:1  188:1  204:1  220:1
902.571041,7.814046,444.965352
[PASSED]
[time 1.85 s, user 1.73 s, sys 0.11 s, maxrss 186024 KB]
[busy 199 jiffies]
[exit 0]
--- c2 case 1 rec 0   load 1.19 1.13 0.91
[TEST C2-CoCo(LOUDS-Sparse)]
Processing dataset...
Done!
Building trie...
Done!
build time: 1635.395916 ms (1635.395916 ns per key)
space cost: 10.076944 MB (62.627748% of original size 16.090223 MB)
Querying trie...
Done!
total time: 646.901617 ms, avg latency: 646.901617 ns
topology: 0.428116 MB, link: 2.771456 MB, data: 6.877373 MB
1635.395916,10.076944,646.901617
[PASSED]
[time 2.76 s, user 2.56 s, sys 0.18 s, maxrss 343644 KB]
[busy 294 jiffies]
[exit 0]
--- c2 case 1 rec 1   load 1.10 1.11 0.91
[TEST C2-CoCo(LOUDS-Sparse)]
Processing dataset...
Done!
Building trie...
trie size: 2.382156 MB
Done!
build time: 1795.207420 ms (1795.207420 ns per key)
space cost: 8.575588 MB (53.296888% of original size 16.090223 MB)
Querying trie...
Done!
total time: 648.428989 ms, avg latency: 648.428989 ns
topology: 0.704411 MB, link: 2.913508 MB, data: 4.957669 MB
1795.207420,8.575588,648.428989
[PASSED]
[time 2.96 s, user 2.76 s, sys 0.18 s, maxrss 343560 KB]
[busy 310 jiffies]
[exit 0]
--- c2 case 1 rec 2   load 1.10 1.11 0.91
[TEST C2-CoCo(LOUDS-Sparse)]
Processing dataset...
Done!
Building trie...
trie size: 2.382156 MB
trie size: 0.519189 MB
Done!
build time: 1862.865800 ms (1862.865800 ns per key)
space cost: 8.575588 MB (53.296888% of original size 16.090223 MB)
Querying trie...
Done!
total time: 643.306511 ms, avg latency: 643.306511 ns
topology: 0.704411 MB, link: 2.913508 MB, data: 4.957669 MB
1862.865800,8.575588,643.306511
[PASSED]
[time 3.01 s, user 2.79 s, sys 0.20 s, maxrss 343620 KB]
[busy 314 jiffies]
[exit 0]
--- c2 case 2 rec 0   load 1.09 1.11 0.91
[TEST C2-MARISA]
Processing dataset...
Done!
Building trie...
trie size: 2.376703 MB
Done!
build time: 736.726648 ms (736.726648 ns per key)
space cost: 9.316646 MB (57.902525% of original size 16.090223 MB)
Querying trie...
Done!
total time: 322.272279 ms, avg latency: 322.272279 ns
topology: 0.787403 MB, link: 2.444094 MB, data: 6.064641 MB
--- Unary Path Analysis (Marisa, cutoff=3) ---
  branches: 1581104  |  single-char: 512959 (32.4%)  short-unary: 177539 (11.2%)  links: 890606 (56.3%)
  link len: avg=9.57  max=221  total_chars=8521548
  link length distribution (len:count):  3:117743  4:70413  5:118917  6:85174  7:37680  8:75877  9:57977  10:30193  11:47337  12:41279  13:18765  14:27062  15:25994  16:13620  17:18901  18:18001  19:8082  20:11948  21:10483  22:5017  23:8072  24:6695  25:3249  26:5099  27:4017  28:2164  29:3054  30:2749  31:1341  32:2116  33:1821  34:942  35:1314  36:1256  37:587  38:865  39:798  40:341  41:600  42:486  43:231  44:401  45:290  46:126  47:187  48:184  49:84  50:123  51:115  52:56  53:77  54:82  55:43  56:74  57:60  58:29  59:35  60:27  61:10  62:32  63:19  64:19  65:20  66:11  67:19  68:16  69:13  70:6  71:14  72:16  73:6  74:9  75:5  76:5  77:7  78:5  79:2  80:17  81:2  82:7  83:8  84:7  85:3  86:7  87:7  88:3  89:3  90:2  91:4  92:3  93:3  94:1  95:1  96:4  97:5  98:1  99:4  102:2  103:1  104:1  105:1  107:2  108:1  113:2  114:1  116:1  117:1  121:1  122:1  123:1  125:1  131:1  139:1  149:1  152:1  156:2  185:1  189:1  205:1  221:1
  short unary avg len: 2.00
736.726648,9.316646,322.272279
[PASSED]
[time 1.55 s, user 1.40 s, sys 0.13 s, maxrss 216364 KB]
[busy 169 jiffies]
[exit 0]
--- c2 case 2 rec 1   load 1.08 1.11 0.91
[TEST C2-MARISA]
Processing dataset...
Done!
Building trie...
trie size: 2.376703 MB
trie size: 3.200656 MB
Done!
build time: 943.953426 ms (943.953426 ns per key)
space cost: 7.215687 MB (44.845163% of original size 16.090223 MB)
Querying trie...
Done!
total time: 285.724280 ms, avg latency: 285.724280 ns
topology: 1.146584 MB, link: 2.476871 MB, data: 3.571725 MB
--- Unary Path Analysis (Marisa, cutoff=3) ---
  branches: 1581104  |  single-char: 512959 (32.4%)  short-unary: 177539 (11.2%)  links: 890606 (56.3%)
  link len: avg=9.57  max=221  total_chars=8521548
  link length distribution (len:count):  3:117743  4:70413  5:118917  6:85174  7:37680  8:75877  9:57977  10:30193  11:47337  12:41279  13:18765  14:27062  15:25994  16:13620  17:18901  18:18001  19:8082  20:11948  21:10483  22:5017  23:8072  24:6695  25:3249  26:5099  27:4017  28:2164  29:3054  30:2749  31:1341  32:2116  33:1821  34:942  35:1314  36:1256  37:587  38:865  39:798  40:341  41:600  42:486  43:231  44:401  45:290  46:126  47:187  48:184  49:84  50:123  51:115  52:56  53:77  54:82  55:43  56:74  57:60  58:29  59:35  60:27  61:10  62:32  63:19  64:19  65:20  66:11  67:19  68:16  69:13  70:6  71:14  72:16  73:6  74:9  75:5  76:5  77:7  78:5  79:2  80:17  81:2  82:7  83:8  84:7  85:3  86:7  87:7  88:3  89:3  90:2  91:4  92:3  93:3  94:1  95:1  96:4  97:5  98:1  99:4  102:2  103:1  104:1  105:1  107:2  108:1  113:2  114:1  116:1  117:1  121:1  122:1  123:1  125:1  131:1  139:1  149:1  152:1  156:2  185:1  189:1  205:1  221:1
  short unary avg len: 2.00
943.953426,7.215687,285.724280
[PASSED]
[time 1.72 s, user 1.58 s, sys 0.13 s, maxrss 216428 KB]
[busy 183 jiffies]
[exit 0]
--- c2 case 2 rec 2   load 1.08 1.11 0.91
[TEST C2-MARISA]
Processing dataset...
Done!
Building trie...
trie size: 2.376703 MB
trie size: 3.200656 MB
trie size: 0.643222 MB
Done!
build time: 1007.942770 ms (1007.942770 ns per key)
space cost: 7.215687 MB (44.845163% of original size 16.090223 MB)
Querying trie...
Done!
total time: 285.971384 ms, avg latency: 285.971384 ns
topology: 1.146584 MB, link: 2.476871 MB, data: 3.571725 MB
--- Unary Path Analysis (Marisa, cutoff=3) ---
  branches: 1581104  |  single-char: 512959 (32.4%)  short-unary: 177539 (11.2%)  links: 890606 (56.3%)
  link len: avg=9.57  max=221  total_chars=8521548
  link length distribution (len:count):  3:117743  4:70413  5:118917  6:85174  7:37680  8:75877  9:57977  10:30193  11:47337  12:41279  13:18765  14:27062  15:25994  16:13620  17:18901  18:18001  19:8082  20:11948  21:10483  22:5017  23:8072  24:6695  25:3249  26:5099  27:4017  28:2164  29:3054  30:2749  31:1341  32:2116  33:1821  34:942  35:1314  36:1256  37:587  38:865  39:798  40:341  41:600  42:486  43:231  44:401  45:290  46:126  47:187  48:184  49:84  50:123  51:115  52:56  53:77  54:82  55:43  56:74  57:60  58:29  59:35  60:27  61:10  62:32  63:19  64:19  65:20  66:11  67:19  68:16  69:13  70:6  71:14  72:16  73:6  74:9  75:5  76:5  77:7  78:5  79:2  80:17  81:2  82:7  83:8  84:7  85:3  86:7  87:7  88:3  89:3  90:2  91:4  92:3  93:3  94:1  95:1  96:4  97:5  98:1  99:4  102:2  103:1  104:1  105:1  107:2  108:1  113:2  114:1  116:1  117:1  121:1  122:1  123:1  125:1  131:1  139:1  149:1  152:1  156:2  185:1  189:1  205:1  221:1
  short unary avg len: 2.00
1007.942770,7.215687,285.971384
[PASSED]
[time 1.81 s, user 1.66 s, sys 0.14 s, maxrss 216432 KB]
[busy 195 jiffies]
[exit 0]
--- c2 case 3 rec 0   load 1.08 1.10 0.91
[TEST FST]
Processing dataset...
Done!
Building trie...
Done!
build time: 665.605391 ms (665.605391 ns per key)
space cost: 9.251146 MB (57.495450% of original size 16.090223 MB)
Querying trie...
Done!
total time: 607.065218 ms, avg latency: 607.065218 ns
not implemented
665.605391,9.251146,607.065218
[PASSED]
[time 1.77 s, user 1.68 s, sys 0.07 s, maxrss 110800 KB]
[busy 188 jiffies]
[exit 0]
--- c2 case 4 rec 0   load 1.08 1.10 0.91
terminate called after throwing an instance of 'std::runtime_error'
  what():  Sequence is not sorted
timeout: the monitored command dumped core
Command terminated by signal 6
[time 13.98 s, user 9.99 s, sys 3.86 s, maxrss 8765336 KB]
[busy 1466 jiffies]
[exit 134]
--- c2 case 5 rec 0   load 1.06 1.10 0.91
[TEST MARISA]
Processing dataset...
Done!
Building trie...
Done!
build time: 527.166233 ms (527.166233 ns per key)
space cost: 9.064179 MB (56.333459% of original size 16.090223 MB)
Querying trie...
Done!
total time: 458.456217 ms, avg latency: 458.456217 ns
not implemented
527.166233,9.064179,458.456217
[PASSED]
[time 1.50 s, user 1.39 s, sys 0.10 s, maxrss 182192 KB]
[busy 160 jiffies]
[exit 0]
--- c2 case 5 rec 1   load 1.05 1.10 0.91
[TEST MARISA]
Processing dataset...
Done!
Building trie...
Done!
build time: 639.313606 ms (639.313606 ns per key)
space cost: 6.703102 MB (41.659472% of original size 16.090223 MB)
Querying trie...
Done!
total time: 682.864908 ms, avg latency: 682.864908 ns
not implemented
639.313606,6.703102,682.864908
[PASSED]
[time 1.82 s, user 1.69 s, sys 0.12 s, maxrss 182252 KB]
[busy 191 jiffies]
[exit 0]
--- c2 case 5 rec 2   load 1.05 1.10 0.91
[TEST MARISA]
Processing dataset...
Done!
Building trie...
Done!
build time: 673.821332 ms (673.821332 ns per key)
space cost: 6.233802 MB (38.742793% of original size 16.090223 MB)
Querying trie...
Done!
total time: 765.609831 ms, avg latency: 765.609831 ns
not implemented
673.821332,6.233802,765.609831
[PASSED]
[time 1.91 s, user 1.80 s, sys 0.10 s, maxrss 182256 KB]
[busy 202 jiffies]
[exit 0]
--- c2 case 6 rec 0   load 1.05 1.09 0.91
[TEST PDT]
Processing dataset...
Done!
Building trie...
dict size: 161960, stream size: 6363323
Done!
build time: 3189.346901 ms (3189.346901 ns per key)
space cost: 7.499054 MB (46.606276% of original size 16.090223 MB)
Querying trie...
Done!
total time: 619.752132 ms, avg latency: 619.752132 ns
not implemented
3189.346901,7.499054,619.752132
[PASSED]
[time 4.30 s, user 4.19 s, sys 0.09 s, maxrss 166752 KB]
[busy 456 jiffies]
[exit 0]
--- c2 case 7 rec 0   load 1.04 1.09 0.91
[TEST ART]
Processing dataset...
Done!
Building trie...
Done!
build time: 132.730568 ms (132.730568 ns per key)
space cost: 33.565483 MB (208.607938% of original size 16.090223 MB)
Querying trie...
Done!
total time: 340.509074 ms, avg latency: 340.509074 ns
not implemented
132.730568,33.565483,340.509074
[PASSED]
[time 0.99 s, user 0.89 s, sys 0.09 s, maxrss 155932 KB]
[busy 108 jiffies]
[exit 0]
--- c2 case 8 rec 0   load 0.96 1.07 0.91
[TEST CART]
Processing dataset...
Done!
Building trie...
Done!
build time: 182.057715 ms (182.057715 ns per key)
space cost: 15.100161 MB (93.846806% of original size 16.090223 MB)
Querying trie...
Done!
total time: 412.809878 ms, avg latency: 412.809878 ns
not implemented
182.057715,15.100161,412.809878
[PASSED]
[time 1.11 s, user 1.03 s, sys 0.07 s, maxrss 146960 KB]
[busy 120 jiffies]
[exit 0]
--- xcdat 7   load 0.96 1.07 0.91
build time: 549.916360 ms
space cost: 11.666194 MiB (72.504860% of original size 16.090223 MiB)
avg latency: 227.738399 ns
549.916360,11.666194,227.738399
[time 1.29 s, user 1.19 s, sys 0.09 s, maxrss 147876 KB]
[busy 139 jiffies]
[exit 0]
--- xcdat 8   load 0.96 1.07 0.91
build time: 507.741345 ms
space cost: 11.129195 MiB (69.167438% of original size 16.090223 MiB)
avg latency: 212.304391 ns
507.741345,11.129195,212.304391
[time 1.23 s, user 1.14 s, sys 0.08 s, maxrss 147896 KB]
[busy 133 jiffies]
[exit 0]
--- xcdat 15   load 0.96 1.07 0.91
build time: 533.762330 ms
space cost: 12.949578 MiB (80.481035% of original size 16.090223 MiB)
avg latency: 187.291772 ns
533.762330,12.949578,187.291772
[time 1.24 s, user 1.15 s, sys 0.08 s, maxrss 148456 KB]
[busy 133 jiffies]
[exit 0]
--- xcdat 16   load 0.96 1.07 0.91
build time: 512.785736 ms
space cost: 13.463712 MiB (83.676351% of original size 16.090223 MiB)
avg latency: 205.392402 ns
512.785736,13.463712,205.392402
[time 1.23 s, user 1.13 s, sys 0.09 s, maxrss 149092 KB]
[busy 134 jiffies]
[exit 0]

##### urls-1000000 (1000000 lines, 53361181 bytes)   round 1/3   2026-09-15T15:21:57+03:00
--- lexindex dict32   load 0.97 1.07 0.91
1000000 keys
lexindex DictIndex block 32: build 145 ms, size 12.002 MiB (12.585 B/key), latency cold 651.1 ns, then mean 648.2 / min 646.9 ns
144.731,12.001742,651.103
[time 3.33 s, user 4.02 s, sys 0.22 s, maxrss 242952 KB]
[busy 455 jiffies]
[exit 0]
--- lexindex dict256   load 0.89 1.05 0.90
1000000 keys
lexindex DictIndex block 256: build 143 ms, size 10.733 MiB (11.254 B/key), latency cold 645.2 ns, then mean 644.0 / min 641.4 ns
143.223,10.732902,645.220
[time 3.32 s, user 4.01 s, sys 0.24 s, maxrss 245488 KB]
[busy 452 jiffies]
[exit 0]
--- lexindex dict1024   load 0.82 1.04 0.90
1000000 keys
lexindex DictIndex block 1024: build 151 ms, size 10.595 MiB (11.110 B/key), latency cold 690.6 ns, then mean 689.6 / min 688.0 ns
150.615,10.595347,690.624
[time 3.50 s, user 3.91 s, sys 0.17 s, maxrss 247380 KB]
[busy 439 jiffies]
[exit 0]
--- lexindex string   load 0.82 1.04 0.90
1000000 keys
lexindex StringIndex: build 1129 ms, size 16.099 MiB (16.881 B/key), latency cold 645.9 ns, then mean 642.1 / min 635.7 ns
1129.256,16.099341,645.919
[time 4.28 s, user 4.15 s, sys 0.11 s, maxrss 219688 KB]
[busy 458 jiffies]
[exit 0]
--- c2 case 0 rec 0   load 0.83 1.03 0.90
[TEST C2-FST]
Processing dataset...
Done!
Building trie...
Done!
build time: 1213.713362 ms (1213.713362 ns per key)
space cost: 11.640069 MB (23.310202% of original size 49.935513 MB)
Querying trie...
Done!
total time: 815.265587 ms, avg latency: 815.265587 ns
topology: 1.074997 MB, link: 2.347375 MB, data: 8.217697 MB
--- Unary Path Analysis (FST, cutoff=4) ---
  shared unary steps in main trie: 711966
  terminal suffixes: inplace=143732 (avg len=2.14)  links=800966 (84.8% of terminal)
  link len: avg=13.15  max=596  total_chars=10531952
  link length distribution (len:count):  4:63058  5:62039  6:59659  7:54131  8:47449  9:44821  10:40952  11:37727  12:34320  13:30594  14:29226  15:26885  16:26206  17:21450  18:19914  19:21120  20:19131  21:16702  22:14529  23:13405  24:12440  25:10970  26:9615  27:8669  28:7752  29:7002  30:6267  31:5704  32:4931  33:4493  34:4087  35:3562  36:3323  37:3007  38:2533  39:2401  40:2145  41:1856  42:1793  43:1565  44:1379  45:1246  46:1005  47:985  48:849  49:826  50:642  51:609  52:482  53:442  54:385  55:389  56:339  57:263  58:263  59:238  60:228  61:217  62:184  63:166  64:151  65:119  66:125  67:156  68:131  69:105  70:94  71:74  72:74  73:77  74:67  75:66  76:74  77:39  78:49  79:44  80:45  81:42  82:48  83:36  84:31  85:34  86:39  87:18  88:23  89:15  90:18  91:31  92:24  93:20  94:16  95:16  96:16  97:12  98:16  99:14  100:17  101:16  102:2  103:18  104:4  105:3  106:10  107:11  108:9  109:19  110:13  111:7  112:6  113:5  114:3  115:8  116:5  117:6  118:7  119:10  120:11  121:9  122:10  123:8  124:9  125:7  126:5  127:7  128:18  129:5  130:4  131:10  132:3  133:4  134:4  135:4  136:3  137:4  139:2  140:3  141:2  142:2  143:4  144:7  145:1  146:5  147:5  148:1  149:4  150:4  152:1  153:6  154:3  155:1  156:2  157:1  158:1  159:1  161:2  162:1  163:2  164:1  165:1  166:1  167:3  168:3  170:1  174:1  177:2  180:3  182:2  183:1  184:2  188:1  189:3  190:1  191:1  192:1  193:1  194:1  195:2  199:1  202:2  204:2  206:1  207:1  209:2  211:1  213:1  215:2  219:1  220:1  222:1  224:1  225:1  226:1  229:1  233:1  236:1  238:2  240:1  241:1  246:1  247:1  249:1  252:1  254:1  256:1  260:1  264:1  271:1  311:1  337:1  383:1  506:1  597:1
1213.713362,11.640069,815.265587
[PASSED]
[time 2.82 s, user 2.64 s, sys 0.16 s, maxrss 231484 KB]
[busy 297 jiffies]
[exit 0]
--- c2 case 0 rec 1   load 0.85 1.03 0.90
[TEST C2-FST]
Processing dataset...
Done!
Building trie...
trie size: 3.124794 MB
Done!
build time: 1570.791015 ms (1570.791015 ns per key)
space cost: 9.773470 MB (19.572183% of original size 49.935513 MB)
Querying trie...
Done!
total time: 970.643899 ms, avg latency: 970.643899 ns
topology: 1.480076 MB, link: 2.557474 MB, data: 5.735920 MB
--- Unary Path Analysis (FST, cutoff=4) ---
  shared unary steps in main trie: 711966
  terminal suffixes: inplace=143732 (avg len=2.14)  links=800966 (84.8% of terminal)
  link len: avg=13.15  max=596  total_chars=10531952
  link length distribution (len:count):  4:63058  5:62039  6:59659  7:54131  8:47449  9:44821  10:40952  11:37727  12:34320  13:30594  14:29226  15:26885  16:26206  17:21450  18:19914  19:21120  20:19131  21:16702  22:14529  23:13405  24:12440  25:10970  26:9615  27:8669  28:7752  29:7002  30:6267  31:5704  32:4931  33:4493  34:4087  35:3562  36:3323  37:3007  38:2533  39:2401  40:2145  41:1856  42:1793  43:1565  44:1379  45:1246  46:1005  47:985  48:849  49:826  50:642  51:609  52:482  53:442  54:385  55:389  56:339  57:263  58:263  59:238  60:228  61:217  62:184  63:166  64:151  65:119  66:125  67:156  68:131  69:105  70:94  71:74  72:74  73:77  74:67  75:66  76:74  77:39  78:49  79:44  80:45  81:42  82:48  83:36  84:31  85:34  86:39  87:18  88:23  89:15  90:18  91:31  92:24  93:20  94:16  95:16  96:16  97:12  98:16  99:14  100:17  101:16  102:2  103:18  104:4  105:3  106:10  107:11  108:9  109:19  110:13  111:7  112:6  113:5  114:3  115:8  116:5  117:6  118:7  119:10  120:11  121:9  122:10  123:8  124:9  125:7  126:5  127:7  128:18  129:5  130:4  131:10  132:3  133:4  134:4  135:4  136:3  137:4  139:2  140:3  141:2  142:2  143:4  144:7  145:1  146:5  147:5  148:1  149:4  150:4  152:1  153:6  154:3  155:1  156:2  157:1  158:1  159:1  161:2  162:1  163:2  164:1  165:1  166:1  167:3  168:3  170:1  174:1  177:2  180:3  182:2  183:1  184:2  188:1  189:3  190:1  191:1  192:1  193:1  194:1  195:2  199:1  202:2  204:2  206:1  207:1  209:2  211:1  213:1  215:2  219:1  220:1  222:1  224:1  225:1  226:1  229:1  233:1  236:1  238:2  240:1  241:1  246:1  247:1  249:1  252:1  254:1  256:1  260:1  264:1  271:1  311:1  337:1  383:1  506:1  597:1
1570.791015,9.773470,970.643899
[PASSED]
[time 3.34 s, user 3.15 s, sys 0.17 s, maxrss 228136 KB]
[busy 355 jiffies]
[exit 0]
--- c2 case 0 rec 2   load 0.86 1.03 0.90
[TEST C2-FST]
Processing dataset...
Done!
Building trie...
trie size: 3.124794 MB
trie size: 0.926831 MB
Done!
build time: 1701.806329 ms (1701.806329 ns per key)
space cost: 9.773470 MB (19.572183% of original size 49.935513 MB)
Querying trie...
Done!
total time: 970.058690 ms, avg latency: 970.058690 ns
topology: 1.480076 MB, link: 2.557474 MB, data: 5.735920 MB
--- Unary Path Analysis (FST, cutoff=4) ---
  shared unary steps in main trie: 711966
  terminal suffixes: inplace=143732 (avg len=2.14)  links=800966 (84.8% of terminal)
  link len: avg=13.15  max=596  total_chars=10531952
  link length distribution (len:count):  4:63058  5:62039  6:59659  7:54131  8:47449  9:44821  10:40952  11:37727  12:34320  13:30594  14:29226  15:26885  16:26206  17:21450  18:19914  19:21120  20:19131  21:16702  22:14529  23:13405  24:12440  25:10970  26:9615  27:8669  28:7752  29:7002  30:6267  31:5704  32:4931  33:4493  34:4087  35:3562  36:3323  37:3007  38:2533  39:2401  40:2145  41:1856  42:1793  43:1565  44:1379  45:1246  46:1005  47:985  48:849  49:826  50:642  51:609  52:482  53:442  54:385  55:389  56:339  57:263  58:263  59:238  60:228  61:217  62:184  63:166  64:151  65:119  66:125  67:156  68:131  69:105  70:94  71:74  72:74  73:77  74:67  75:66  76:74  77:39  78:49  79:44  80:45  81:42  82:48  83:36  84:31  85:34  86:39  87:18  88:23  89:15  90:18  91:31  92:24  93:20  94:16  95:16  96:16  97:12  98:16  99:14  100:17  101:16  102:2  103:18  104:4  105:3  106:10  107:11  108:9  109:19  110:13  111:7  112:6  113:5  114:3  115:8  116:5  117:6  118:7  119:10  120:11  121:9  122:10  123:8  124:9  125:7  126:5  127:7  128:18  129:5  130:4  131:10  132:3  133:4  134:4  135:4  136:3  137:4  139:2  140:3  141:2  142:2  143:4  144:7  145:1  146:5  147:5  148:1  149:4  150:4  152:1  153:6  154:3  155:1  156:2  157:1  158:1  159:1  161:2  162:1  163:2  164:1  165:1  166:1  167:3  168:3  170:1  174:1  177:2  180:3  182:2  183:1  184:2  188:1  189:3  190:1  191:1  192:1  193:1  194:1  195:2  199:1  202:2  204:2  206:1  207:1  209:2  211:1  213:1  215:2  219:1  220:1  222:1  224:1  225:1  226:1  229:1  233:1  236:1  238:2  240:1  241:1  246:1  247:1  249:1  252:1  254:1  256:1  260:1  264:1  271:1  311:1  337:1  383:1  506:1  597:1
1701.806329,9.773470,970.058690
[PASSED]
[time 3.47 s, user 3.28 s, sys 0.17 s, maxrss 228068 KB]
[busy 368 jiffies]
[exit 0]
--- c2 case 1 rec 0   load 0.87 1.03 0.90
[TEST C2-CoCo(LOUDS-Sparse)]
Processing dataset...
Done!
Building trie...
Done!
build time: 2498.501594 ms (2498.501594 ns per key)
space cost: 12.005466 MB (24.041940% of original size 49.935513 MB)
Querying trie...
Done!
total time: 889.161368 ms, avg latency: 889.161368 ns
topology: 0.422745 MB, link: 3.209543 MB, data: 8.373178 MB
2498.501594,12.005466,889.161368
[PASSED]
[time 4.16 s, user 3.94 s, sys 0.20 s, maxrss 407964 KB]
[busy 435 jiffies]
[exit 0]
--- c2 case 1 rec 1   load 0.88 1.03 0.90
[TEST C2-CoCo(LOUDS-Sparse)]
Processing dataset...
Done!
Building trie...
trie size: 3.124794 MB
Done!
build time: 2831.499491 ms (2831.499491 ns per key)
space cost: 10.138867 MB (20.303920% of original size 49.935513 MB)
Querying trie...
Done!
total time: 1037.230504 ms, avg latency: 1037.230504 ns
topology: 0.827824 MB, link: 3.419642 MB, data: 5.891401 MB
2831.499491,10.138867,1037.230504
[PASSED]
[time 4.64 s, user 4.40 s, sys 0.22 s, maxrss 398308 KB]
[busy 489 jiffies]
[exit 0]
--- c2 case 1 rec 2   load 0.89 1.03 0.90
[TEST C2-CoCo(LOUDS-Sparse)]
Processing dataset...
Done!
Building trie...
trie size: 3.124794 MB
trie size: 0.926831 MB
Done!
build time: 2967.953777 ms (2967.953777 ns per key)
space cost: 10.138867 MB (20.303920% of original size 49.935513 MB)
Querying trie...
Done!
total time: 1034.463764 ms, avg latency: 1034.463764 ns
topology: 0.827824 MB, link: 3.419642 MB, data: 5.891401 MB
2967.953777,10.138867,1034.463764
[PASSED]
[time 4.80 s, user 4.55 s, sys 0.23 s, maxrss 398280 KB]
[busy 504 jiffies]
[exit 0]
--- c2 case 2 rec 0   load 0.90 1.03 0.91
[TEST C2-MARISA]
Processing dataset...
Done!
Building trie...
trie size: 2.244002 MB
Done!
build time: 1198.054101 ms (1198.054101 ns per key)
space cost: 10.960715 MB (21.949740% of original size 49.935513 MB)
Querying trie...
Done!
total time: 469.944359 ms, avg latency: 469.944359 ns
topology: 0.743214 MB, link: 2.809175 MB, data: 7.387818 MB
--- Unary Path Analysis (Marisa, cutoff=3) ---
  branches: 1527762  |  single-char: 409800 (26.8%)  short-unary: 94203 (6.2%)  links: 1023759 (67.0%)
  link len: avg=12.97  max=598  total_chars=13282609
  link length distribution (len:count):  3:78091  4:83418  5:77115  6:71727  7:67342  8:60401  9:52007  10:48612  11:43341  12:39688  13:35797  14:31899  15:30173  16:27648  17:26857  18:22212  19:20563  20:21642  21:19617  22:17114  23:14842  24:13684  25:12695  26:11175  27:9829  28:8848  29:7935  30:7132  31:6445  32:5847  33:5055  34:4589  35:4148  36:3637  37:3382  38:3086  39:2567  40:2441  41:2168  42:1886  43:1827  44:1585  45:1405  46:1260  47:1016  48:995  49:861  50:844  51:650  52:616  53:486  54:450  55:392  56:393  57:345  58:266  59:265  60:240  61:230  62:219  63:185  64:166  65:151  66:119  67:125  68:158  69:131  70:105  71:94  72:74  73:75  74:77  75:68  76:66  77:74  78:40  79:49  80:44  81:45  82:43  83:48  84:36  85:31  86:35  87:40  88:19  89:24  90:15  91:18  92:31  93:24  94:20  95:16  96:16  97:16  98:12  99:16  100:14  101:17  102:16  103:2  104:18  105:4  106:3  107:10  108:11  109:9  110:19  111:13  112:7  113:6  114:5  115:3  116:8  117:5  118:6  119:8  120:10  121:11  122:9  123:10  124:8  125:9  126:7  127:5  128:7  129:18  130:5  131:4  132:10  133:3  134:4  135:4  136:4  137:4  138:4  140:2  141:3  142:2  143:2  144:4  145:7  146:1  147:5  148:5  149:1  150:4  151:4  153:1  154:6  155:3  156:1  157:2  158:1  159:1  160:1  162:2  163:1  164:2  165:1  166:1  167:1  168:3  169:3  171:1  175:1  178:2  181:3  183:2  184:1  185:2  189:1  190:3  191:1  192:1  193:1  194:1  195:1  196:2  200:1  203:2  205:2  207:1  208:1  210:2  212:1  214:1  216:2  220:1  221:1  223:1  225:1  226:1  227:1  230:1  234:1  237:1  239:2  241:1  242:1  247:1  248:1  250:1  253:1  255:1  257:1  261:1  265:1  272:1  312:1  338:1  384:1  507:1  598:1
  short unary avg len: 2.00
1198.054101,10.960715,469.944359
[PASSED]
[time 2.46 s, user 2.28 s, sys 0.16 s, maxrss 246880 KB]
[busy 263 jiffies]
[exit 0]
--- c2 case 2 rec 1   load 0.91 1.03 0.91
[TEST C2-MARISA]
Processing dataset...
Done!
Building trie...
trie size: 2.244002 MB
trie size: 3.864603 MB
Done!
build time: 1666.253881 ms (1666.253881 ns per key)
space cost: 8.779989 MB (17.582655% of original size 49.935513 MB)
Querying trie...
Done!
total time: 647.185902 ms, avg latency: 647.185902 ns
topology: 1.217873 MB, link: 3.069385 MB, data: 4.472224 MB
--- Unary Path Analysis (Marisa, cutoff=3) ---
  branches: 1527762  |  single-char: 409800 (26.8%)  short-unary: 94203 (6.2%)  links: 1023759 (67.0%)
  link len: avg=12.97  max=598  total_chars=13282609
  link length distribution (len:count):  3:78091  4:83418  5:77115  6:71727  7:67342  8:60401  9:52007  10:48612  11:43341  12:39688  13:35797  14:31899  15:30173  16:27648  17:26857  18:22212  19:20563  20:21642  21:19617  22:17114  23:14842  24:13684  25:12695  26:11175  27:9829  28:8848  29:7935  30:7132  31:6445  32:5847  33:5055  34:4589  35:4148  36:3637  37:3382  38:3086  39:2567  40:2441  41:2168  42:1886  43:1827  44:1585  45:1405  46:1260  47:1016  48:995  49:861  50:844  51:650  52:616  53:486  54:450  55:392  56:393  57:345  58:266  59:265  60:240  61:230  62:219  63:185  64:166  65:151  66:119  67:125  68:158  69:131  70:105  71:94  72:74  73:75  74:77  75:68  76:66  77:74  78:40  79:49  80:44  81:45  82:43  83:48  84:36  85:31  86:35  87:40  88:19  89:24  90:15  91:18  92:31  93:24  94:20  95:16  96:16  97:16  98:12  99:16  100:14  101:17  102:16  103:2  104:18  105:4  106:3  107:10  108:11  109:9  110:19  111:13  112:7  113:6  114:5  115:3  116:8  117:5  118:6  119:8  120:10  121:11  122:9  123:10  124:8  125:9  126:7  127:5  128:7  129:18  130:5  131:4  132:10  133:3  134:4  135:4  136:4  137:4  138:4  140:2  141:3  142:2  143:2  144:4  145:7  146:1  147:5  148:5  149:1  150:4  151:4  153:1  154:6  155:3  156:1  157:2  158:1  159:1  160:1  162:2  163:1  164:2  165:1  166:1  167:1  168:3  169:3  171:1  175:1  178:2  181:3  183:2  184:1  185:2  189:1  190:3  191:1  192:1  193:1  194:1  195:1  196:2  200:1  203:2  205:2  207:1  208:1  210:2  212:1  214:1  216:2  220:1  221:1  223:1  225:1  226:1  227:1  230:1  234:1  237:1  239:2  241:1  242:1  247:1  248:1  250:1  253:1  255:1  257:1  261:1  265:1  272:1  312:1  338:1  384:1  507:1  598:1
  short unary avg len: 2.00
1666.253881,8.779989,647.185902
[PASSED]
[time 3.12 s, user 2.90 s, sys 0.21 s, maxrss 242248 KB]
[busy 397 jiffies]
[exit 0]
--- c2 case 2 rec 2   load 0.92 1.03 0.91
[TEST C2-MARISA]
Processing dataset...
Done!
Building trie...
trie size: 2.244002 MB
trie size: 3.864603 MB
trie size: 1.068947 MB
Done!
build time: 1736.945040 ms (1736.945040 ns per key)
space cost: 8.365690 MB (16.752987% of original size 49.935513 MB)
Querying trie...
Done!
total time: 727.088043 ms, avg latency: 727.088043 ns
topology: 1.410183 MB, link: 3.158367 MB, data: 3.776632 MB
--- Unary Path Analysis (Marisa, cutoff=3) ---
  branches: 1527762  |  single-char: 409800 (26.8%)  short-unary: 94203 (6.2%)  links: 1023759 (67.0%)
  link len: avg=12.97  max=598  total_chars=13282609
  link length distribution (len:count):  3:78091  4:83418  5:77115  6:71727  7:67342  8:60401  9:52007  10:48612  11:43341  12:39688  13:35797  14:31899  15:30173  16:27648  17:26857  18:22212  19:20563  20:21642  21:19617  22:17114  23:14842  24:13684  25:12695  26:11175  27:9829  28:8848  29:7935  30:7132  31:6445  32:5847  33:5055  34:4589  35:4148  36:3637  37:3382  38:3086  39:2567  40:2441  41:2168  42:1886  43:1827  44:1585  45:1405  46:1260  47:1016  48:995  49:861  50:844  51:650  52:616  53:486  54:450  55:392  56:393  57:345  58:266  59:265  60:240  61:230  62:219  63:185  64:166  65:151  66:119  67:125  68:158  69:131  70:105  71:94  72:74  73:75  74:77  75:68  76:66  77:74  78:40  79:49  80:44  81:45  82:43  83:48  84:36  85:31  86:35  87:40  88:19  89:24  90:15  91:18  92:31  93:24  94:20  95:16  96:16  97:16  98:12  99:16  100:14  101:17  102:16  103:2  104:18  105:4  106:3  107:10  108:11  109:9  110:19  111:13  112:7  113:6  114:5  115:3  116:8  117:5  118:6  119:8  120:10  121:11  122:9  123:10  124:8  125:9  126:7  127:5  128:7  129:18  130:5  131:4  132:10  133:3  134:4  135:4  136:4  137:4  138:4  140:2  141:3  142:2  143:2  144:4  145:7  146:1  147:5  148:5  149:1  150:4  151:4  153:1  154:6  155:3  156:1  157:2  158:1  159:1  160:1  162:2  163:1  164:2  165:1  166:1  167:1  168:3  169:3  171:1  175:1  178:2  181:3  183:2  184:1  185:2  189:1  190:3  191:1  192:1  193:1  194:1  195:1  196:2  200:1  203:2  205:2  207:1  208:1  210:2  212:1  214:1  216:2  220:1  221:1  223:1  225:1  226:1  227:1  230:1  234:1  237:1  239:2  241:1  242:1  247:1  248:1  250:1  253:1  255:1  257:1  261:1  265:1  272:1  312:1  338:1  384:1  507:1  598:1
  short unary avg len: 2.00
1736.945040,8.365690,727.088043
[PASSED]
[time 3.27 s, user 3.07 s, sys 0.18 s, maxrss 242240 KB]
[busy 346 jiffies]
[exit 0]
--- c2 case 3 rec 0   load 0.92 1.03 0.91
[TEST FST]
Processing dataset...
Done!
Building trie...
Done!
build time: 1426.852212 ms (1426.852212 ns per key)
space cost: 12.952020 MB (25.937492% of original size 49.935513 MB)
Querying trie...
Done!
total time: 1225.595804 ms, avg latency: 1225.595804 ns
not implemented
1426.852212,12.952020,1225.595804
[PASSED]
[time 3.44 s, user 3.30 s, sys 0.12 s, maxrss 215468 KB]
[busy 364 jiffies]
[exit 0]
--- c2 case 4 rec 0   load 0.85 1.01 0.90
[TEST COCO]
Processing dataset...
Done!
Building trie...
num nodes = 618926, average depth = 10.757375
ef = 0.000126, pa = 0.112513, bv = 0.000294, de = 0.664175
efr = 0.000805, par = 0.102747, bvr = 0.000005, der = 0.119336
Done!
build time: 30864.319621 ms (30864.319621 ns per key)
space cost: 17.219774 MB (34.484023% of original size 49.935513 MB)
Querying trie...
Done!
total time: 1374.809541 ms, avg latency: 1374.809541 ns
not implemented
30864.319621,17.219774,1374.809541
[PASSED]
[time 34.14 s, user 27.25 s, sys 6.75 s, maxrss 15528380 KB]
[busy 3578 jiffies]
[exit 0]
--- c2 case 5 rec 0   load 0.84 0.99 0.90
[TEST MARISA]
Processing dataset...
Done!
Building trie...
Done!
build time: 992.237583 ms (992.237583 ns per key)
space cost: 13.234698 MB (26.503579% of original size 49.935513 MB)
Querying trie...
Done!
total time: 586.155640 ms, avg latency: 586.155640 ns
not implemented
992.237583,13.234698,586.155640
[PASSED]
[time 2.34 s, user 2.17 s, sys 0.15 s, maxrss 268084 KB]
[busy 248 jiffies]
[exit 0]
--- c2 case 5 rec 1   load 0.84 0.99 0.90
[TEST MARISA]
Processing dataset...
Done!
Building trie...
Done!
build time: 1177.016873 ms (1177.016873 ns per key)
space cost: 8.973619 MB (17.970414% of original size 49.935513 MB)
Querying trie...
Done!
total time: 887.160458 ms, avg latency: 887.160458 ns
not implemented
1177.016873,8.973619,887.160458
[PASSED]
[time 2.84 s, user 2.65 s, sys 0.17 s, maxrss 268072 KB]
[busy 302 jiffies]
[exit 0]
--- c2 case 5 rec 2   load 0.85 0.99 0.90
[TEST MARISA]
Processing dataset...
Done!
Building trie...
Done!
build time: 1235.487776 ms (1235.487776 ns per key)
space cost: 8.005336 MB (16.031348% of original size 49.935513 MB)
Querying trie...
Done!
total time: 1005.262633 ms, avg latency: 1005.262633 ns
not implemented
1235.487776,8.005336,1005.262633
[PASSED]
[time 3.00 s, user 2.83 s, sys 0.15 s, maxrss 268120 KB]
[busy 321 jiffies]
[exit 0]
--- c2 case 6 rec 0   load 0.86 0.99 0.91
[TEST PDT]
Processing dataset...
Done!
Building trie...
dict size: 156062, stream size: 7596722
Done!
build time: 3551.569293 ms (3551.569293 ns per key)
space cost: 8.669690 MB (17.361772% of original size 49.935513 MB)
Querying trie...
Done!
total time: 737.518106 ms, avg latency: 737.518106 ns
not implemented
3551.569293,8.669690,737.518106
[PASSED]
[time 5.08 s, user 4.86 s, sys 0.20 s, maxrss 299136 KB]
[busy 539 jiffies]
[exit 0]
--- c2 case 7 rec 0   load 0.87 0.99 0.91
[TEST ART]
Processing dataset...
Done!
Building trie...
Done!
build time: 312.767155 ms (312.767155 ns per key)
space cost: 32.934517 MB (65.954097% of original size 49.935513 MB)
Querying trie...
Done!
total time: 647.553372 ms, avg latency: 647.553372 ns
not implemented
312.767155,32.934517,647.553372
[PASSED]
[time 1.78 s, user 1.61 s, sys 0.16 s, maxrss 291024 KB]
[busy 193 jiffies]
[exit 0]
--- c2 case 8 rec 0   load 0.80 0.97 0.90
[TEST CART]
Processing dataset...
Done!
Building trie...
Done!
build time: 363.201202 ms (363.201202 ns per key)
space cost: 15.060642 MB (30.160183% of original size 49.935513 MB)
Querying trie...
Done!
total time: 664.509841 ms, avg latency: 664.509841 ns
not implemented
363.201202,15.060642,664.509841
[PASSED]
[time 1.85 s, user 1.70 s, sys 0.14 s, maxrss 278484 KB]
[busy 198 jiffies]
[exit 0]
--- xcdat 7   load 0.80 0.97 0.90
build time: 1163.670089 ms
space cost: 15.639350 MiB (31.319093% of original size 49.935513 MiB)
avg latency: 399.379506 ns
1163.670089,15.639350,399.379506
[time 2.35 s, user 2.18 s, sys 0.15 s, maxrss 231192 KB]
[busy 251 jiffies]
[exit 0]
--- xcdat 8   load 0.82 0.98 0.90
build time: 1135.514353 ms
space cost: 15.165496 MiB (30.370161% of original size 49.935513 MiB)
avg latency: 382.938688 ns
1135.514353,15.165496,382.938688
[time 2.32 s, user 2.14 s, sys 0.17 s, maxrss 231320 KB]
[busy 250 jiffies]
[exit 0]
--- xcdat 15   load 0.75 0.96 0.90
build time: 1154.761175 ms
space cost: 17.302892 MiB (34.650473% of original size 49.935513 MiB)
avg latency: 368.091653 ns
1154.761175,17.302892,368.091653
[time 2.32 s, user 2.12 s, sys 0.18 s, maxrss 231332 KB]
[busy 244 jiffies]
[exit 0]
--- xcdat 16   load 0.75 0.96 0.90
build time: 1135.397583 ms
space cost: 17.859698 MiB (35.765524% of original size 49.935513 MiB)
avg latency: 387.445677 ns
1135.397583,17.859698,387.445677
[time 2.31 s, user 2.14 s, sys 0.16 s, maxrss 231316 KB]
[busy 249 jiffies]
[exit 0]

##### uuid-1000000 (1000000 lines, 37000000 bytes)   round 1/3   2026-09-15T15:24:13+03:00
--- lexindex dict32   load 0.77 0.96 0.90
1000000 keys
lexindex DictIndex block 32: build 292 ms, size 20.132 MiB (21.110 B/key), latency cold 493.3 ns, then mean 494.8 / min 491.1 ns
291.784,20.131772,493.350
[time 2.79 s, user 4.96 s, sys 0.42 s, maxrss 227604 KB]
[busy 572 jiffies]
[exit 0]
--- lexindex dict256   load 0.87 0.98 0.91
1000000 keys
lexindex DictIndex block 256: build 293 ms, size 19.507 MiB (20.454 B/key), latency cold 493.0 ns, then mean 494.1 / min 492.4 ns
293.251,19.506618,493.005
[time 2.78 s, user 5.00 s, sys 0.39 s, maxrss 232208 KB]
[busy 569 jiffies]
[exit 0]
--- lexindex dict1024   load 0.87 0.98 0.91
1000000 keys
lexindex DictIndex block 1024: build 309 ms, size 19.428 MiB (20.372 B/key), latency cold 549.4 ns, then mean 551.9 / min 549.5 ns
308.573,19.428408,549.415
[time 3.02 s, user 4.11 s, sys 0.33 s, maxrss 215648 KB]
[busy 473 jiffies]
[exit 0]
--- lexindex string   load 0.88 0.98 0.91
1000000 keys
lexindex StringIndex: build 2471 ms, size 35.389 MiB (37.108 B/key), latency cold 601.3 ns, then mean 595.0 / min 590.5 ns
2471.132,35.389391,601.339
[time 5.36 s, user 5.20 s, sys 0.13 s, maxrss 198712 KB]
[busy 572 jiffies]
[exit 0]
--- c2 case 0 rec 0   load 0.82 0.96 0.90
[TEST C2-FST]
Processing dataset...
Done!
Building trie...
Done!
build time: 1110.097342 ms (1110.097342 ns per key)
space cost: 22.510774 MB (65.567381% of original size 34.332275 MB)
Querying trie...
Done!
total time: 442.679947 ms, avg latency: 442.679947 ns
topology: 0.773712 MB, link: 3.131501 MB, data: 18.605560 MB
--- Unary Path Analysis (FST, cutoff=4) ---
  shared unary steps in main trie: 13682
  terminal suffixes: inplace=0 (avg len=0.00)  links=1000000 (100.0% of terminal)
  link len: avg=29.32  max=30  total_chars=29323284
  link length distribution (len:count):  24:2  25:10  26:206  28:3376  29:54458  30:556568  31:385380
1110.097342,22.510774,442.679947
[PASSED]
[time 2.25 s, user 2.09 s, sys 0.15 s, maxrss 312132 KB]
[busy 236 jiffies]
[exit 0]
--- c2 case 0 rec 1   load 0.82 0.96 0.90
[TEST C2-FST]
Processing dataset...
Done!
Building trie...
trie size: 4.445807 MB
Done!
build time: 2059.310294 ms (2059.310294 ns per key)
space cost: 22.510774 MB (65.567381% of original size 34.332275 MB)
Querying trie...
Done!
total time: 448.982282 ms, avg latency: 448.982282 ns
topology: 0.773712 MB, link: 3.131501 MB, data: 18.605560 MB
--- Unary Path Analysis (FST, cutoff=4) ---
  shared unary steps in main trie: 13682
  terminal suffixes: inplace=0 (avg len=0.00)  links=1000000 (100.0% of terminal)
  link len: avg=29.32  max=30  total_chars=29323284
  link length distribution (len:count):  24:2  25:10  26:206  28:3376  29:54458  30:556568  31:385380
2059.310294,22.510774,448.982282
[PASSED]
[time 3.19 s, user 3.00 s, sys 0.17 s, maxrss 361748 KB]
[busy 340 jiffies]
[exit 0]
--- c2 case 0 rec 2   load 0.83 0.96 0.90
[TEST C2-FST]
Processing dataset...
Done!
Building trie...
trie size: 4.445807 MB
Done!
build time: 2055.353027 ms (2055.353027 ns per key)
space cost: 22.510774 MB (65.567381% of original size 34.332275 MB)
Querying trie...
Done!
total time: 447.170567 ms, avg latency: 447.170567 ns
topology: 0.773712 MB, link: 3.131501 MB, data: 18.605560 MB
--- Unary Path Analysis (FST, cutoff=4) ---
  shared unary steps in main trie: 13682
  terminal suffixes: inplace=0 (avg len=0.00)  links=1000000 (100.0% of terminal)
  link len: avg=29.32  max=30  total_chars=29323284
  link length distribution (len:count):  24:2  25:10  26:206  28:3376  29:54458  30:556568  31:385380
2055.353027,22.510774,447.170567
[PASSED]
[time 3.19 s, user 2.98 s, sys 0.19 s, maxrss 361960 KB]
[busy 339 jiffies]
[exit 0]
--- c2 case 1 rec 0   load 0.85 0.96 0.90
[TEST C2-CoCo(LOUDS-Sparse)]
Processing dataset...
Done!
Building trie...
Done!
build time: 1464.222587 ms (1464.222587 ns per key)
space cost: 21.333610 MB (62.138642% of original size 34.332275 MB)
Querying trie...
Done!
total time: 507.278816 ms, avg latency: 507.278816 ns
topology: 0.346375 MB, link: 3.293192 MB, data: 17.694043 MB
1464.222587,21.333610,507.278816
[PASSED]
[time 2.66 s, user 2.42 s, sys 0.22 s, maxrss 430844 KB]
[busy 284 jiffies]
[exit 0]
--- c2 case 1 rec 1   load 0.78 0.95 0.90
[TEST C2-CoCo(LOUDS-Sparse)]
Processing dataset...
Done!
Building trie...
trie size: 4.445807 MB
Done!
build time: 2396.029705 ms (2396.029705 ns per key)
space cost: 21.333610 MB (62.138642% of original size 34.332275 MB)
Querying trie...
Done!
total time: 503.823081 ms, avg latency: 503.823081 ns
topology: 0.346375 MB, link: 3.293192 MB, data: 17.694043 MB
2396.029705,21.333610,503.823081
[PASSED]
[time 3.59 s, user 3.34 s, sys 0.22 s, maxrss 474900 KB]
[busy 378 jiffies]
[exit 0]
--- c2 case 1 rec 2   load 0.72 0.93 0.89
[TEST C2-CoCo(LOUDS-Sparse)]
Processing dataset...
Done!
Building trie...
trie size: 4.445807 MB
Done!
build time: 2409.040347 ms (2409.040347 ns per key)
space cost: 21.333610 MB (62.138642% of original size 34.332275 MB)
Querying trie...
Done!
total time: 513.644100 ms, avg latency: 513.644100 ns
topology: 0.346375 MB, link: 3.293192 MB, data: 17.694043 MB
2409.040347,21.333610,513.644100
[PASSED]
[time 3.60 s, user 3.35 s, sys 0.23 s, maxrss 474972 KB]
[busy 380 jiffies]
[exit 0]
--- c2 case 2 rec 0   load 0.72 0.93 0.89
[TEST C2-MARISA]
Processing dataset...
Done!
Building trie...
trie size: 1.966455 MB
Done!
build time: 1024.424697 ms (1024.424697 ns per key)
space cost: 21.883573 MB (63.740525% of original size 34.332275 MB)
Querying trie...
Done!
total time: 368.590701 ms, avg latency: 368.590701 ns
topology: 0.650684 MB, link: 2.984713 MB, data: 18.227668 MB
--- Unary Path Analysis (Marisa, cutoff=3) ---
  branches: 1358149  |  single-char: 345387 (25.4%)  short-unary: 12003 (0.9%)  links: 1000759 (73.7%)
  link len: avg=31.30  max=32  total_chars=31325722
  link length distribution (len:count):  3:655  4:51  5:49  6:4  25:2  26:10  27:206  29:3376  30:54458  31:556568  32:385380
  short unary avg len: 2.00
1024.424697,21.883573,368.590701
[PASSED]
[time 2.08 s, user 1.89 s, sys 0.17 s, maxrss 313316 KB]
[busy 221 jiffies]
[exit 0]
--- c2 case 2 rec 1   load 0.74 0.93 0.90
[TEST C2-MARISA]
Processing dataset...
Done!
Building trie...
trie size: 1.966455 MB
trie size: 4.448333 MB
Done!
build time: 1967.648842 ms (1967.648842 ns per key)
space cost: 21.883573 MB (63.740525% of original size 34.332275 MB)
Querying trie...
Done!
total time: 371.042459 ms, avg latency: 371.042459 ns
topology: 0.650684 MB, link: 2.984713 MB, data: 18.227668 MB
--- Unary Path Analysis (Marisa, cutoff=3) ---
  branches: 1358149  |  single-char: 345387 (25.4%)  short-unary: 12003 (0.9%)  links: 1000759 (73.7%)
  link len: avg=31.30  max=32  total_chars=31325722
  link length distribution (len:count):  3:655  4:51  5:49  6:4  25:2  26:10  27:206  29:3376  30:54458  31:556568  32:385380
  short unary avg len: 2.00
1967.648842,21.883573,371.042459
[PASSED]
[time 3.02 s, user 2.81 s, sys 0.20 s, maxrss 361752 KB]
[busy 323 jiffies]
[exit 0]
--- c2 case 2 rec 2   load 0.76 0.93 0.90
[TEST C2-MARISA]
Processing dataset...
Done!
Building trie...
trie size: 1.966455 MB
trie size: 4.448333 MB
Done!
build time: 1969.021832 ms (1969.021832 ns per key)
space cost: 21.883573 MB (63.740525% of original size 34.332275 MB)
Querying trie...
Done!
total time: 371.170018 ms, avg latency: 371.170018 ns
topology: 0.650684 MB, link: 2.984713 MB, data: 18.227668 MB
--- Unary Path Analysis (Marisa, cutoff=3) ---
  branches: 1358149  |  single-char: 345387 (25.4%)  short-unary: 12003 (0.9%)  links: 1000759 (73.7%)
  link len: avg=31.30  max=32  total_chars=31325722
  link length distribution (len:count):  3:655  4:51  5:49  6:4  25:2  26:10  27:206  29:3376  30:54458  31:556568  32:385380
  short unary avg len: 2.00
1969.021832,21.883573,371.170018
[PASSED]
[time 3.03 s, user 2.81 s, sys 0.20 s, maxrss 361680 KB]
[busy 322 jiffies]
[exit 0]
--- c2 case 3 rec 0   load 0.78 0.94 0.90
[TEST FST]
Processing dataset...
Done!
Building trie...
Done!
build time: 857.073111 ms (857.073111 ns per key)
space cost: 34.505507 MB (100.504572% of original size 34.332275 MB)
Querying trie...
Done!
total time: 465.042495 ms, avg latency: 465.042495 ns
not implemented
857.073111,34.505507,465.042495
[PASSED]
[time 2.02 s, user 1.88 s, sys 0.13 s, maxrss 207932 KB]
[busy 217 jiffies]
[exit 0]
--- c2 case 4 rec 0   load 0.78 0.94 0.90
terminate called after throwing an instance of 'std::bad_alloc'
  what():  std::bad_alloc
timeout: the monitored command dumped core
Command terminated by signal 6
[time 41.96 s, user 29.57 s, sys 12.15 s, maxrss 27994600 KB]
[busy 4923 jiffies]
[exit 134]
--- c2 case 5 rec 0   load 0.98 0.96 0.91
[TEST MARISA]
Processing dataset...
Done!
Building trie...
Done!
build time: 679.586801 ms (679.586801 ns per key)
space cost: 34.975940 MB (101.874808% of original size 34.332275 MB)
Querying trie...
Done!
total time: 537.769022 ms, avg latency: 537.769022 ns
not implemented
679.586801,34.975940,537.769022
[PASSED]
[time 1.90 s, user 1.71 s, sys 0.17 s, maxrss 282292 KB]
[busy 199 jiffies]
[exit 0]
--- c2 case 5 rec 1   load 0.90 0.95 0.91
[TEST MARISA]
Processing dataset...
Done!
Building trie...
Done!
build time: 1041.764740 ms (1041.764740 ns per key)
space cost: 33.974524 MB (98.957975% of original size 34.332275 MB)
Querying trie...
Done!
total time: 809.536941 ms, avg latency: 809.536941 ns
not implemented
1041.764740,33.974524,809.536941
[PASSED]
[time 2.53 s, user 2.36 s, sys 0.16 s, maxrss 251992 KB]
[busy 271 jiffies]
[exit 0]
--- c2 case 5 rec 2   load 0.90 0.95 0.91
[TEST MARISA]
Processing dataset...
Done!
Building trie...
Done!
build time: 1319.639975 ms (1319.639975 ns per key)
space cost: 32.972683 MB (96.039900% of original size 34.332275 MB)
Querying trie...
Done!
total time: 1152.207142 ms, avg latency: 1152.207142 ns
not implemented
1319.639975,32.972683,1152.207142
[PASSED]
[time 3.16 s, user 2.96 s, sys 0.18 s, maxrss 273248 KB]
[busy 335 jiffies]
[exit 0]
--- c2 case 6 rec 0   load 0.91 0.95 0.91
[TEST PDT]
Processing dataset...
Done!
Building trie...
dict size: 166618, stream size: 19935113
Done!
build time: 17305.057411 ms (17305.057411 ns per key)
space cost: 20.446564 MB (59.554933% of original size 34.332275 MB)
Querying trie...
Done!
total time: 746.638849 ms, avg latency: 746.638849 ns
not implemented
17305.057411,20.446564,746.638849
[PASSED]
[time 18.78 s, user 18.10 s, sys 0.44 s, maxrss 648740 KB]
[busy 2121 jiffies]
[exit 0]
--- c2 case 7 rec 0   load 1.07 0.98 0.92
[TEST ART]
Processing dataset...
Done!
Building trie...
Done!
build time: 191.099835 ms (191.099835 ns per key)
space cost: 25.565071 MB (74.463667% of original size 34.332275 MB)
Querying trie...
Done!
total time: 375.840091 ms, avg latency: 375.840091 ns
not implemented
191.099835,25.565071,375.840091
[PASSED]
[time 1.30 s, user 1.17 s, sys 0.11 s, maxrss 225048 KB]
[busy 142 jiffies]
[exit 0]
--- c2 case 8 rec 0   load 1.07 0.98 0.92
[TEST CART]
Processing dataset...
Done!
Building trie...
Done!
build time: 229.650096 ms (229.650096 ns per key)
space cost: 12.300360 MB (35.827394% of original size 34.332275 MB)
Querying trie...
Done!
total time: 405.206494 ms, avg latency: 405.206494 ns
not implemented
229.650096,12.300360,405.206494
[PASSED]
[time 1.36 s, user 1.24 s, sys 0.11 s, maxrss 214664 KB]
[busy 155 jiffies]
[exit 0]
--- xcdat 7   load 1.06 0.98 0.92
build time: 866.774626 ms
space cost: 36.820305 MiB (107.246911% of original size 34.332275 MiB)
avg latency: 344.696739 ns
866.774626,36.820305,344.696739
[time 1.90 s, user 1.75 s, sys 0.14 s, maxrss 231608 KB]
[busy 199 jiffies]
[exit 0]
--- xcdat 8   load 0.98 0.97 0.92
build time: 794.370281 ms
space cost: 36.200803 MiB (105.442481% of original size 34.332275 MiB)
avg latency: 351.741768 ns
794.370281,36.200803,351.741768
[time 1.85 s, user 1.69 s, sys 0.15 s, maxrss 231116 KB]
[busy 193 jiffies]
[exit 0]
--- xcdat 15   load 0.98 0.97 0.92
build time: 810.829259 ms
space cost: 37.074831 MiB (107.988272% of original size 34.332275 MiB)
avg latency: 333.150032 ns
810.829259,37.074831,333.150032
[time 1.84 s, user 1.70 s, sys 0.13 s, maxrss 230924 KB]
[busy 195 jiffies]
[exit 0]
--- xcdat 16   load 0.90 0.95 0.91
build time: 791.480351 ms
space cost: 37.473558 MiB (109.149650% of original size 34.332275 MiB)
avg latency: 342.900093 ns
791.480351,37.473558,342.900093
[time 1.82 s, user 1.67 s, sys 0.14 s, maxrss 231168 KB]
[busy 190 jiffies]
[exit 0]

##### uuid-1000000 (1000000 lines, 37000000 bytes)   round 2/3   2026-09-15T15:26:40+03:00
--- xcdat 16   load 0.90 0.95 0.91
build time: 792.467185 ms
space cost: 37.473558 MiB (109.149650% of original size 34.332275 MiB)
avg latency: 347.065530 ns
792.467185,37.473558,347.065530
[time 1.82 s, user 1.68 s, sys 0.12 s, maxrss 230916 KB]
[busy 191 jiffies]
[exit 0]
--- xcdat 15   load 0.91 0.95 0.91
build time: 812.418766 ms
space cost: 37.074831 MiB (107.988272% of original size 34.332275 MiB)
avg latency: 332.199587 ns
812.418766,37.074831,332.199587
[time 1.84 s, user 1.69 s, sys 0.15 s, maxrss 231140 KB]
[busy 195 jiffies]
[exit 0]
--- xcdat 8   load 0.91 0.95 0.91
build time: 787.036330 ms
space cost: 36.200803 MiB (105.442481% of original size 34.332275 MiB)
avg latency: 347.218719 ns
787.036330,36.200803,347.218719
[time 1.82 s, user 1.67 s, sys 0.14 s, maxrss 231032 KB]
[busy 187 jiffies]
[exit 0]
--- xcdat 7   load 0.92 0.95 0.91
build time: 866.125296 ms
space cost: 36.820305 MiB (107.246911% of original size 34.332275 MiB)
avg latency: 349.687908 ns
866.125296,36.820305,349.687908
[time 1.90 s, user 1.76 s, sys 0.12 s, maxrss 231568 KB]
[busy 199 jiffies]
[exit 0]
--- c2 case 8 rec 0   load 0.84 0.94 0.91
[TEST CART]
Processing dataset...
Done!
Building trie...
Done!
build time: 222.547810 ms (222.547810 ns per key)
space cost: 12.300360 MB (35.827394% of original size 34.332275 MB)
Querying trie...
Done!
total time: 371.197417 ms, avg latency: 371.197417 ns
not implemented
222.547810,12.300360,371.197417
[PASSED]
[time 1.29 s, user 1.17 s, sys 0.11 s, maxrss 214532 KB]
[busy 134 jiffies]
[exit 0]
--- c2 case 7 rec 0   load 0.84 0.94 0.91
[TEST ART]
Processing dataset...
Done!
Building trie...
Done!
build time: 190.522681 ms (190.522681 ns per key)
space cost: 25.565071 MB (74.463667% of original size 34.332275 MB)
Querying trie...
Done!
total time: 376.137490 ms, avg latency: 376.137490 ns
not implemented
190.522681,25.565071,376.137490
[PASSED]
[time 1.27 s, user 1.14 s, sys 0.12 s, maxrss 225120 KB]
[busy 133 jiffies]
[exit 0]
--- c2 case 6 rec 0   load 0.84 0.94 0.91
[TEST PDT]
Processing dataset...
Done!
Building trie...
dict size: 166618, stream size: 19935113
Done!
build time: 16611.259695 ms (16611.259695 ns per key)
space cost: 20.446564 MB (59.554933% of original size 34.332275 MB)
Querying trie...
Done!
total time: 742.069302 ms, avg latency: 742.069302 ns
not implemented
16611.259695,20.446564,742.069302
[PASSED]
[time 18.05 s, user 17.55 s, sys 0.43 s, maxrss 648432 KB]
[busy 1891 jiffies]
[exit 0]
--- c2 case 5 rec 2   load 0.89 0.94 0.91
[TEST MARISA]
Processing dataset...
Done!
Building trie...
Done!
build time: 1405.682468 ms (1405.682468 ns per key)
space cost: 32.972683 MB (96.039900% of original size 34.332275 MB)
Querying trie...
Done!
total time: 1382.265485 ms, avg latency: 1382.265485 ns
not implemented
1405.682468,32.972683,1382.265485
[PASSED]
[time 3.54 s, user 3.33 s, sys 0.18 s, maxrss 273256 KB]
[busy 758 jiffies]
[exit 0]
--- c2 case 5 rec 1   load 0.98 0.96 0.92
[TEST MARISA]
Processing dataset...
Done!
Building trie...
Done!
build time: 1059.322553 ms (1059.322553 ns per key)
space cost: 33.974524 MB (98.957975% of original size 34.332275 MB)
Querying trie...
Done!
total time: 848.227615 ms, avg latency: 848.227615 ns
not implemented
1059.322553,33.974524,848.227615
[PASSED]
[time 2.63 s, user 2.47 s, sys 0.14 s, maxrss 251864 KB]
[busy 310 jiffies]
[exit 0]
--- c2 case 5 rec 0   load 0.98 0.96 0.92
[TEST MARISA]
Processing dataset...
Done!
Building trie...
Done!
build time: 664.223743 ms (664.223743 ns per key)
space cost: 34.975940 MB (101.874808% of original size 34.332275 MB)
Querying trie...
Done!
total time: 538.941475 ms, avg latency: 538.941475 ns
not implemented
664.223743,34.975940,538.941475
[PASSED]
[time 1.89 s, user 1.72 s, sys 0.16 s, maxrss 282284 KB]
[busy 200 jiffies]
[exit 0]
--- c2 case 4 rec 0   skipped: exit 134 in round 1
--- c2 case 3 rec 0   load 0.98 0.96 0.92
[TEST FST]
Processing dataset...
Done!
Building trie...
Done!
build time: 859.555320 ms (859.555320 ns per key)
space cost: 34.505507 MB (100.504572% of original size 34.332275 MB)
Querying trie...
Done!
total time: 484.055899 ms, avg latency: 484.055899 ns
not implemented
859.555320,34.505507,484.055899
[PASSED]
[time 2.06 s, user 1.93 s, sys 0.12 s, maxrss 207700 KB]
[busy 229 jiffies]
[exit 0]
--- c2 case 2 rec 2   load 0.98 0.96 0.92
[TEST C2-MARISA]
Processing dataset...
Done!
Building trie...
trie size: 1.966455 MB
trie size: 4.448333 MB
Done!
build time: 2063.058783 ms (2063.058783 ns per key)
space cost: 21.883573 MB (63.740525% of original size 34.332275 MB)
Querying trie...
Done!
total time: 400.272622 ms, avg latency: 400.272622 ns
topology: 0.650684 MB, link: 2.984713 MB, data: 18.227668 MB
--- Unary Path Analysis (Marisa, cutoff=3) ---
  branches: 1358149  |  single-char: 345387 (25.4%)  short-unary: 12003 (0.9%)  links: 1000759 (73.7%)
  link len: avg=31.30  max=32  total_chars=31325722
  link length distribution (len:count):  3:655  4:51  5:49  6:4  25:2  26:10  27:206  29:3376  30:54458  31:556568  32:385380
  short unary avg len: 2.00
2063.058783,21.883573,400.272622
[PASSED]
[time 3.17 s, user 2.97 s, sys 0.19 s, maxrss 361836 KB]
[busy 384 jiffies]
[exit 0]
--- c2 case 2 rec 1   load 0.98 0.96 0.92
[TEST C2-MARISA]
Processing dataset...
Done!
Building trie...
trie size: 1.966455 MB
trie size: 4.448333 MB
Done!
build time: 2110.893880 ms (2110.893880 ns per key)
space cost: 21.883573 MB (63.740525% of original size 34.332275 MB)
Querying trie...
Done!
total time: 417.667258 ms, avg latency: 417.667258 ns
topology: 0.650684 MB, link: 2.984713 MB, data: 18.227668 MB
--- Unary Path Analysis (Marisa, cutoff=3) ---
  branches: 1358149  |  single-char: 345387 (25.4%)  short-unary: 12003 (0.9%)  links: 1000759 (73.7%)
  link len: avg=31.30  max=32  total_chars=31325722
  link length distribution (len:count):  3:655  4:51  5:49  6:4  25:2  26:10  27:206  29:3376  30:54458  31:556568  32:385380
  short unary avg len: 2.00
2110.893880,21.883573,417.667258
[PASSED]
[time 3.27 s, user 3.05 s, sys 0.20 s, maxrss 361600 KB]
[busy 439 jiffies]
[exit 0]
--- c2 case 2 rec 0   load 0.98 0.96 0.92
[TEST C2-MARISA]
Processing dataset...
Done!
Building trie...
trie size: 1.966455 MB
Done!
build time: 1048.102870 ms (1048.102870 ns per key)
space cost: 21.883573 MB (63.740525% of original size 34.332275 MB)
Querying trie...
Done!
total time: 377.748748 ms, avg latency: 377.748748 ns
topology: 0.650684 MB, link: 2.984713 MB, data: 18.227668 MB
--- Unary Path Analysis (Marisa, cutoff=3) ---
  branches: 1358149  |  single-char: 345387 (25.4%)  short-unary: 12003 (0.9%)  links: 1000759 (73.7%)
  link len: avg=31.30  max=32  total_chars=31325722
  link length distribution (len:count):  3:655  4:51  5:49  6:4  25:2  26:10  27:206  29:3376  30:54458  31:556568  32:385380
  short unary avg len: 2.00
1048.102870,21.883573,377.748748
[PASSED]
[time 2.14 s, user 1.98 s, sys 0.14 s, maxrss 313208 KB]
[busy 266 jiffies]
[exit 0]
--- c2 case 1 rec 2   load 0.98 0.96 0.92
[TEST C2-CoCo(LOUDS-Sparse)]
Processing dataset...
Done!
Building trie...
trie size: 4.445807 MB
Done!
build time: 2484.468474 ms (2484.468474 ns per key)
space cost: 21.333610 MB (62.138642% of original size 34.332275 MB)
Querying trie...
Done!
total time: 560.878026 ms, avg latency: 560.878026 ns
topology: 0.346375 MB, link: 3.293192 MB, data: 17.694043 MB
2484.468474,21.333610,560.878026
[PASSED]
[time 3.75 s, user 3.51 s, sys 0.22 s, maxrss 474876 KB]
[busy 467 jiffies]
[exit 0]
--- c2 case 1 rec 1   load 0.99 0.97 0.92
[TEST C2-CoCo(LOUDS-Sparse)]
Processing dataset...
Done!
Building trie...
trie size: 4.445807 MB
Done!
build time: 2842.467119 ms (2842.467119 ns per key)
space cost: 21.333610 MB (62.138642% of original size 34.332275 MB)
Querying trie...
Done!
total time: 651.589782 ms, avg latency: 651.589782 ns
topology: 0.346375 MB, link: 3.293192 MB, data: 17.694043 MB
2842.467119,21.333610,651.589782
[PASSED]
[time 4.28 s, user 4.00 s, sys 0.23 s, maxrss 475152 KB]
[busy 731 jiffies]
[exit 0]
--- c2 case 1 rec 0   load 1.15 1.00 0.93
[TEST C2-CoCo(LOUDS-Sparse)]
Processing dataset...
Done!
Building trie...
Done!
build time: 1717.623386 ms (1717.623386 ns per key)
space cost: 21.333610 MB (62.138642% of original size 34.332275 MB)
Querying trie...
Done!
total time: 625.059429 ms, avg latency: 625.059429 ns
topology: 0.346375 MB, link: 3.293192 MB, data: 17.694043 MB
1717.623386,21.333610,625.059429
[PASSED]
[time 3.17 s, user 2.93 s, sys 0.22 s, maxrss 431188 KB]
[busy 566 jiffies]
[exit 0]
--- c2 case 0 rec 2   load 1.22 1.02 0.93
[TEST C2-FST]
Processing dataset...
Done!
Building trie...
trie size: 4.445807 MB
Done!
build time: 2472.671135 ms (2472.671135 ns per key)
space cost: 22.510774 MB (65.567381% of original size 34.332275 MB)
Querying trie...
Done!
total time: 547.464260 ms, avg latency: 547.464260 ns
topology: 0.773712 MB, link: 3.131501 MB, data: 18.605560 MB
--- Unary Path Analysis (FST, cutoff=4) ---
  shared unary steps in main trie: 13682
  terminal suffixes: inplace=0 (avg len=0.00)  links=1000000 (100.0% of terminal)
  link len: avg=29.32  max=30  total_chars=29323284
  link length distribution (len:count):  24:2  25:10  26:206  28:3376  29:54458  30:556568  31:385380
2472.671135,22.510774,547.464260
[PASSED]
[time 3.85 s, user 3.63 s, sys 0.19 s, maxrss 361716 KB]
[busy 719 jiffies]
[exit 0]
--- c2 case 0 rec 1   load 1.28 1.03 0.94
[TEST C2-FST]
Processing dataset...
Done!
Building trie...
trie size: 4.445807 MB
Done!
build time: 2444.579630 ms (2444.579630 ns per key)
space cost: 22.510774 MB (65.567381% of original size 34.332275 MB)
Querying trie...
Done!
total time: 546.052617 ms, avg latency: 546.052617 ns
topology: 0.773712 MB, link: 3.131501 MB, data: 18.605560 MB
--- Unary Path Analysis (FST, cutoff=4) ---
  shared unary steps in main trie: 13682
  terminal suffixes: inplace=0 (avg len=0.00)  links=1000000 (100.0% of terminal)
  link len: avg=29.32  max=30  total_chars=29323284
  link length distribution (len:count):  24:2  25:10  26:206  28:3376  29:54458  30:556568  31:385380
2444.579630,22.510774,546.052617
[PASSED]
[time 3.81 s, user 3.58 s, sys 0.20 s, maxrss 362100 KB]
[busy 654 jiffies]
[exit 0]
--- c2 case 0 rec 0   load 1.26 1.03 0.94
[TEST C2-FST]
Processing dataset...
Done!
Building trie...
Done!
build time: 1293.486240 ms (1293.486240 ns per key)
space cost: 22.510774 MB (65.567381% of original size 34.332275 MB)
Querying trie...
Done!
total time: 543.318390 ms, avg latency: 543.318390 ns
topology: 0.773712 MB, link: 3.131501 MB, data: 18.605560 MB
--- Unary Path Analysis (FST, cutoff=4) ---
  shared unary steps in main trie: 13682
  terminal suffixes: inplace=0 (avg len=0.00)  links=1000000 (100.0% of terminal)
  link len: avg=29.32  max=30  total_chars=29323284
  link length distribution (len:count):  24:2  25:10  26:206  28:3376  29:54458  30:556568  31:385380
1293.486240,22.510774,543.318390
[PASSED]
[time 2.68 s, user 2.50 s, sys 0.16 s, maxrss 311956 KB]
[busy 458 jiffies]
[exit 0]
--- lexindex string   load 1.24 1.03 0.94
1000000 keys
lexindex StringIndex: build 2749 ms, size 35.389 MiB (37.108 B/key), latency cold 737.0 ns, then mean 726.5 / min 725.0 ns
2748.609,35.389391,737.022
[time 6.23 s, user 6.07 s, sys 0.13 s, maxrss 198452 KB]
[busy 1051 jiffies]
[exit 0]
--- lexindex dict1024   load 1.30 1.05 0.95
1000000 keys
lexindex DictIndex block 1024: build 343 ms, size 19.428 MiB (20.372 B/key), latency cold 644.7 ns, then mean 641.3 / min 639.8 ns
343.215,19.428408,644.691
[time 3.50 s, user 4.76 s, sys 0.32 s, maxrss 215936 KB]
[busy 771 jiffies]
[exit 0]
--- lexindex dict256   load 1.27 1.05 0.95
1000000 keys
lexindex DictIndex block 256: build 328 ms, size 19.507 MiB (20.454 B/key), latency cold 628.4 ns, then mean 633.1 / min 628.1 ns
328.426,19.506618,628.388
[time 3.47 s, user 5.81 s, sys 0.40 s, maxrss 231396 KB]
[busy 876 jiffies]
[exit 0]
--- lexindex dict32   load 1.25 1.05 0.95
1000000 keys
lexindex DictIndex block 32: build 320 ms, size 20.132 MiB (21.110 B/key), latency cold 617.6 ns, then mean 620.1 / min 615.3 ns
319.871,20.131772,617.604
[time 3.41 s, user 5.64 s, sys 0.38 s, maxrss 233676 KB]
[busy 868 jiffies]
[exit 0]

##### urls-1000000 (1000000 lines, 53361181 bytes)   round 2/3   2026-09-15T15:28:29+03:00
--- xcdat 16   load 1.31 1.06 0.95
build time: 1338.167681 ms
space cost: 17.859698 MiB (35.765524% of original size 49.935513 MiB)
avg latency: 553.767394 ns
1338.167681,17.859698,553.767394
[time 2.84 s, user 2.64 s, sys 0.19 s, maxrss 231132 KB]
[busy 499 jiffies]
[exit 0]
--- xcdat 15   load 1.37 1.08 0.96
build time: 1384.137342 ms
space cost: 17.302892 MiB (34.650473% of original size 49.935513 MiB)
avg latency: 524.704222 ns
1384.137342,17.302892,524.704222
[time 2.84 s, user 2.65 s, sys 0.17 s, maxrss 231256 KB]
[busy 483 jiffies]
[exit 0]
--- xcdat 8   load 1.26 1.06 0.95
build time: 1350.401268 ms
space cost: 15.165496 MiB (30.370161% of original size 49.935513 MiB)
avg latency: 539.786282 ns
1350.401268,15.165496,539.786282
[time 2.83 s, user 2.66 s, sys 0.15 s, maxrss 231232 KB]
[busy 480 jiffies]
[exit 0]
--- xcdat 7   load 1.26 1.06 0.95
build time: 1389.788712 ms
space cost: 15.639350 MiB (31.319093% of original size 49.935513 MiB)
avg latency: 584.273979 ns
1389.788712,15.639350,584.273979
[time 2.91 s, user 2.72 s, sys 0.18 s, maxrss 231048 KB]
[busy 507 jiffies]
[exit 0]
--- c2 case 8 rec 0   load 1.24 1.06 0.96
[TEST CART]
Processing dataset...
Done!
Building trie...
Done!
build time: 410.137649 ms (410.137649 ns per key)
space cost: 15.060642 MB (30.160183% of original size 49.935513 MB)
Querying trie...
Done!
total time: 766.475865 ms, avg latency: 766.475865 ns
not implemented
410.137649,15.060642,766.475865
[PASSED]
[time 2.12 s, user 1.95 s, sys 0.16 s, maxrss 278408 KB]
[busy 363 jiffies]
[exit 0]
--- c2 case 7 rec 0   load 1.22 1.06 0.96
[TEST ART]
Processing dataset...
Done!
Building trie...
Done!
build time: 354.007966 ms (354.007966 ns per key)
space cost: 32.934517 MB (65.954097% of original size 49.935513 MB)
Querying trie...
Done!
total time: 742.533845 ms, avg latency: 742.533845 ns
not implemented
354.007966,32.934517,742.533845
[PASSED]
[time 2.06 s, user 1.88 s, sys 0.17 s, maxrss 290968 KB]
[busy 352 jiffies]
[exit 0]
--- c2 case 6 rec 0   load 1.22 1.06 0.96
[TEST PDT]
Processing dataset...
Done!
Building trie...
dict size: 156062, stream size: 7596722
Done!
build time: 4208.672656 ms (4208.672656 ns per key)
space cost: 8.669690 MB (17.361772% of original size 49.935513 MB)
Querying trie...
Done!
total time: 882.342720 ms, avg latency: 882.342720 ns
not implemented
4208.672656,8.669690,882.342720
[PASSED]
[time 6.02 s, user 5.78 s, sys 0.21 s, maxrss 299032 KB]
[busy 1003 jiffies]
[exit 0]
--- c2 case 5 rec 2   load 1.33 1.09 0.97
[TEST MARISA]
Processing dataset...
Done!
Building trie...
Done!
build time: 1476.004249 ms (1476.004249 ns per key)
space cost: 8.005336 MB (16.031348% of original size 49.935513 MB)
Querying trie...
Done!
total time: 1360.506879 ms, avg latency: 1360.506879 ns
not implemented
1476.004249,8.005336,1360.506879
[PASSED]
[time 3.76 s, user 3.57 s, sys 0.16 s, maxrss 267988 KB]
[busy 662 jiffies]
[exit 0]
--- c2 case 5 rec 1   load 1.46 1.12 0.98
[TEST MARISA]
Processing dataset...
Done!
Building trie...
Done!
build time: 1448.804178 ms (1448.804178 ns per key)
space cost: 8.973619 MB (17.970414% of original size 49.935513 MB)
Querying trie...
Done!
total time: 1477.094368 ms, avg latency: 1477.094368 ns
not implemented
1448.804178,8.973619,1477.094368
[PASSED]
[time 3.88 s, user 3.69 s, sys 0.16 s, maxrss 268004 KB]
[busy 951 jiffies]
[exit 0]
--- c2 case 5 rec 0   load 1.43 1.12 0.98
[TEST MARISA]
Processing dataset...
Done!
Building trie...
Done!
build time: 1180.375403 ms (1180.375403 ns per key)
space cost: 13.234698 MB (26.503579% of original size 49.935513 MB)
Querying trie...
Done!
total time: 743.607773 ms, avg latency: 743.607773 ns
not implemented
1180.375403,13.234698,743.607773
[PASSED]
[time 2.85 s, user 2.67 s, sys 0.16 s, maxrss 268024 KB]
[busy 484 jiffies]
[exit 0]
--- c2 case 4 rec 0   load 1.31 1.10 0.97
[TEST COCO]
Processing dataset...
Done!
Building trie...
num nodes = 618926, average depth = 10.757375
ef = 0.000126, pa = 0.112513, bv = 0.000294, de = 0.664175
efr = 0.000805, par = 0.102747, bvr = 0.000005, der = 0.119336
Done!
build time: 33751.300443 ms (33751.300443 ns per key)
space cost: 17.219774 MB (34.484023% of original size 49.935513 MB)
Querying trie...
Done!
total time: 1749.689241 ms, avg latency: 1749.689241 ns
not implemented
33751.300443,17.219774,1749.689241
[PASSED]
[time 37.58 s, user 30.27 s, sys 7.13 s, maxrss 15528072 KB]
[busy 6240 jiffies]
[exit 0]
--- c2 case 3 rec 0   load 1.44 1.15 1.00
[TEST FST]
Processing dataset...
Done!
Building trie...
Done!
build time: 1415.892002 ms (1415.892002 ns per key)
space cost: 12.952020 MB (25.937492% of original size 49.935513 MB)
Querying trie...
Done!
total time: 1198.880937 ms, avg latency: 1198.880937 ns
not implemented
1415.892002,12.952020,1198.880937
[PASSED]
[time 3.42 s, user 3.28 s, sys 0.12 s, maxrss 215372 KB]
[busy 370 jiffies]
[exit 0]
--- c2 case 2 rec 2   load 1.41 1.15 1.00
[TEST C2-MARISA]
Processing dataset...
Done!
Building trie...
trie size: 2.244002 MB
trie size: 3.864603 MB
trie size: 1.068947 MB
Done!
build time: 1733.727166 ms (1733.727166 ns per key)
space cost: 8.365690 MB (16.752987% of original size 49.935513 MB)
Querying trie...
Done!
total time: 692.964569 ms, avg latency: 692.964569 ns
topology: 1.410183 MB, link: 3.158367 MB, data: 3.776632 MB
--- Unary Path Analysis (Marisa, cutoff=3) ---
  branches: 1527762  |  single-char: 409800 (26.8%)  short-unary: 94203 (6.2%)  links: 1023759 (67.0%)
  link len: avg=12.97  max=598  total_chars=13282609
  link length distribution (len:count):  3:78091  4:83418  5:77115  6:71727  7:67342  8:60401  9:52007  10:48612  11:43341  12:39688  13:35797  14:31899  15:30173  16:27648  17:26857  18:22212  19:20563  20:21642  21:19617  22:17114  23:14842  24:13684  25:12695  26:11175  27:9829  28:8848  29:7935  30:7132  31:6445  32:5847  33:5055  34:4589  35:4148  36:3637  37:3382  38:3086  39:2567  40:2441  41:2168  42:1886  43:1827  44:1585  45:1405  46:1260  47:1016  48:995  49:861  50:844  51:650  52:616  53:486  54:450  55:392  56:393  57:345  58:266  59:265  60:240  61:230  62:219  63:185  64:166  65:151  66:119  67:125  68:158  69:131  70:105  71:94  72:74  73:75  74:77  75:68  76:66  77:74  78:40  79:49  80:44  81:45  82:43  83:48  84:36  85:31  86:35  87:40  88:19  89:24  90:15  91:18  92:31  93:24  94:20  95:16  96:16  97:16  98:12  99:16  100:14  101:17  102:16  103:2  104:18  105:4  106:3  107:10  108:11  109:9  110:19  111:13  112:7  113:6  114:5  115:3  116:8  117:5  118:6  119:8  120:10  121:11  122:9  123:10  124:8  125:9  126:7  127:5  128:7  129:18  130:5  131:4  132:10  133:3  134:4  135:4  136:4  137:4  138:4  140:2  141:3  142:2  143:2  144:4  145:7  146:1  147:5  148:5  149:1  150:4  151:4  153:1  154:6  155:3  156:1  157:2  158:1  159:1  160:1  162:2  163:1  164:2  165:1  166:1  167:1  168:3  169:3  171:1  175:1  178:2  181:3  183:2  184:1  185:2  189:1  190:3  191:1  192:1  193:1  194:1  195:1  196:2  200:1  203:2  205:2  207:1  208:1  210:2  212:1  214:1  216:2  220:1  221:1  223:1  225:1  226:1  227:1  230:1  234:1  237:1  239:2  241:1  242:1  247:1  248:1  250:1  253:1  255:1  257:1  261:1  265:1  272:1  312:1  338:1  384:1  507:1  598:1
  short unary avg len: 2.00
1733.727166,8.365690,692.964569
[PASSED]
[time 3.22 s, user 3.01 s, sys 0.18 s, maxrss 241960 KB]
[busy 337 jiffies]
[exit 0]
--- c2 case 2 rec 1   load 1.37 1.15 1.00
[TEST C2-MARISA]
Processing dataset...
Done!
Building trie...
trie size: 2.244002 MB
trie size: 3.864603 MB
Done!
build time: 1591.139029 ms (1591.139029 ns per key)
space cost: 8.779989 MB (17.582655% of original size 49.935513 MB)
Querying trie...
Done!
total time: 637.454451 ms, avg latency: 637.454451 ns
topology: 1.217873 MB, link: 3.069385 MB, data: 4.472224 MB
--- Unary Path Analysis (Marisa, cutoff=3) ---
  branches: 1527762  |  single-char: 409800 (26.8%)  short-unary: 94203 (6.2%)  links: 1023759 (67.0%)
  link len: avg=12.97  max=598  total_chars=13282609
  link length distribution (len:count):  3:78091  4:83418  5:77115  6:71727  7:67342  8:60401  9:52007  10:48612  11:43341  12:39688  13:35797  14:31899  15:30173  16:27648  17:26857  18:22212  19:20563  20:21642  21:19617  22:17114  23:14842  24:13684  25:12695  26:11175  27:9829  28:8848  29:7935  30:7132  31:6445  32:5847  33:5055  34:4589  35:4148  36:3637  37:3382  38:3086  39:2567  40:2441  41:2168  42:1886  43:1827  44:1585  45:1405  46:1260  47:1016  48:995  49:861  50:844  51:650  52:616  53:486  54:450  55:392  56:393  57:345  58:266  59:265  60:240  61:230  62:219  63:185  64:166  65:151  66:119  67:125  68:158  69:131  70:105  71:94  72:74  73:75  74:77  75:68  76:66  77:74  78:40  79:49  80:44  81:45  82:43  83:48  84:36  85:31  86:35  87:40  88:19  89:24  90:15  91:18  92:31  93:24  94:20  95:16  96:16  97:16  98:12  99:16  100:14  101:17  102:16  103:2  104:18  105:4  106:3  107:10  108:11  109:9  110:19  111:13  112:7  113:6  114:5  115:3  116:8  117:5  118:6  119:8  120:10  121:11  122:9  123:10  124:8  125:9  126:7  127:5  128:7  129:18  130:5  131:4  132:10  133:3  134:4  135:4  136:4  137:4  138:4  140:2  141:3  142:2  143:2  144:4  145:7  146:1  147:5  148:5  149:1  150:4  151:4  153:1  154:6  155:3  156:1  157:2  158:1  159:1  160:1  162:2  163:1  164:2  165:1  166:1  167:1  168:3  169:3  171:1  175:1  178:2  181:3  183:2  184:1  185:2  189:1  190:3  191:1  192:1  193:1  194:1  195:1  196:2  200:1  203:2  205:2  207:1  208:1  210:2  212:1  214:1  216:2  220:1  221:1  223:1  225:1  226:1  227:1  230:1  234:1  237:1  239:2  241:1  242:1  247:1  248:1  250:1  253:1  255:1  257:1  261:1  265:1  272:1  312:1  338:1  384:1  507:1  598:1
  short unary avg len: 2.00
1591.139029,8.779989,637.454451
[PASSED]
[time 3.03 s, user 2.82 s, sys 0.19 s, maxrss 242004 KB]
[busy 316 jiffies]
[exit 0]
--- c2 case 2 rec 0   load 1.34 1.14 1.00
[TEST C2-MARISA]
Processing dataset...
Done!
Building trie...
trie size: 2.244002 MB
Done!
build time: 1190.872388 ms (1190.872388 ns per key)
space cost: 10.960715 MB (21.949740% of original size 49.935513 MB)
Querying trie...
Done!
total time: 456.908967 ms, avg latency: 456.908967 ns
topology: 0.743214 MB, link: 2.809175 MB, data: 7.387818 MB
--- Unary Path Analysis (Marisa, cutoff=3) ---
  branches: 1527762  |  single-char: 409800 (26.8%)  short-unary: 94203 (6.2%)  links: 1023759 (67.0%)
  link len: avg=12.97  max=598  total_chars=13282609
  link length distribution (len:count):  3:78091  4:83418  5:77115  6:71727  7:67342  8:60401  9:52007  10:48612  11:43341  12:39688  13:35797  14:31899  15:30173  16:27648  17:26857  18:22212  19:20563  20:21642  21:19617  22:17114  23:14842  24:13684  25:12695  26:11175  27:9829  28:8848  29:7935  30:7132  31:6445  32:5847  33:5055  34:4589  35:4148  36:3637  37:3382  38:3086  39:2567  40:2441  41:2168  42:1886  43:1827  44:1585  45:1405  46:1260  47:1016  48:995  49:861  50:844  51:650  52:616  53:486  54:450  55:392  56:393  57:345  58:266  59:265  60:240  61:230  62:219  63:185  64:166  65:151  66:119  67:125  68:158  69:131  70:105  71:94  72:74  73:75  74:77  75:68  76:66  77:74  78:40  79:49  80:44  81:45  82:43  83:48  84:36  85:31  86:35  87:40  88:19  89:24  90:15  91:18  92:31  93:24  94:20  95:16  96:16  97:16  98:12  99:16  100:14  101:17  102:16  103:2  104:18  105:4  106:3  107:10  108:11  109:9  110:19  111:13  112:7  113:6  114:5  115:3  116:8  117:5  118:6  119:8  120:10  121:11  122:9  123:10  124:8  125:9  126:7  127:5  128:7  129:18  130:5  131:4  132:10  133:3  134:4  135:4  136:4  137:4  138:4  140:2  141:3  142:2  143:2  144:4  145:7  146:1  147:5  148:5  149:1  150:4  151:4  153:1  154:6  155:3  156:1  157:2  158:1  159:1  160:1  162:2  163:1  164:2  165:1  166:1  167:1  168:3  169:3  171:1  175:1  178:2  181:3  183:2  184:1  185:2  189:1  190:3  191:1  192:1  193:1  194:1  195:1  196:2  200:1  203:2  205:2  207:1  208:1  210:2  212:1  214:1  216:2  220:1  221:1  223:1  225:1  226:1  227:1  230:1  234:1  237:1  239:2  241:1  242:1  247:1  248:1  250:1  253:1  255:1  257:1  261:1  265:1  272:1  312:1  338:1  384:1  507:1  598:1
  short unary avg len: 2.00
1190.872388,10.960715,456.908967
[PASSED]
[time 2.42 s, user 2.24 s, sys 0.17 s, maxrss 246944 KB]
[busy 255 jiffies]
[exit 0]
--- c2 case 1 rec 2   load 1.24 1.12 0.99
[TEST C2-CoCo(LOUDS-Sparse)]
Processing dataset...
Done!
Building trie...
trie size: 3.124794 MB
trie size: 0.926831 MB
Done!
build time: 2944.118473 ms (2944.118473 ns per key)
space cost: 10.138867 MB (20.303920% of original size 49.935513 MB)
Querying trie...
Done!
total time: 1026.111225 ms, avg latency: 1026.111225 ns
topology: 0.827824 MB, link: 3.419642 MB, data: 5.891401 MB
2944.118473,10.138867,1026.111225
[PASSED]
[time 4.76 s, user 4.52 s, sys 0.21 s, maxrss 398372 KB]
[busy 490 jiffies]
[exit 0]
--- c2 case 1 rec 1   load 1.14 1.11 0.99
[TEST C2-CoCo(LOUDS-Sparse)]
Processing dataset...
Done!
Building trie...
trie size: 3.124794 MB
Done!
build time: 2790.336711 ms (2790.336711 ns per key)
space cost: 10.138867 MB (20.303920% of original size 49.935513 MB)
Querying trie...
Done!
total time: 1011.293100 ms, avg latency: 1011.293100 ns
topology: 0.827824 MB, link: 3.419642 MB, data: 5.891401 MB
2790.336711,10.138867,1011.293100
[PASSED]
[time 4.58 s, user 4.33 s, sys 0.22 s, maxrss 397880 KB]
[busy 475 jiffies]
[exit 0]
--- c2 case 1 rec 0   load 1.12 1.10 0.99
[TEST C2-CoCo(LOUDS-Sparse)]
Processing dataset...
Done!
Building trie...
Done!
build time: 2473.526132 ms (2473.526132 ns per key)
space cost: 12.005466 MB (24.041940% of original size 49.935513 MB)
Querying trie...
Done!
total time: 886.549364 ms, avg latency: 886.549364 ns
topology: 0.422745 MB, link: 3.209543 MB, data: 8.373178 MB
2473.526132,12.005466,886.549364
[PASSED]
[time 4.12 s, user 3.92 s, sys 0.18 s, maxrss 408068 KB]
[busy 431 jiffies]
[exit 0]
--- c2 case 0 rec 2   load 1.11 1.10 0.99
[TEST C2-FST]
Processing dataset...
Done!
Building trie...
trie size: 3.124794 MB
trie size: 0.926831 MB
Done!
build time: 1671.323183 ms (1671.323183 ns per key)
space cost: 9.773470 MB (19.572183% of original size 49.935513 MB)
Querying trie...
Done!
total time: 953.383482 ms, avg latency: 953.383482 ns
topology: 1.480076 MB, link: 2.557474 MB, data: 5.735920 MB
--- Unary Path Analysis (FST, cutoff=4) ---
  shared unary steps in main trie: 711966
  terminal suffixes: inplace=143732 (avg len=2.14)  links=800966 (84.8% of terminal)
  link len: avg=13.15  max=596  total_chars=10531952
  link length distribution (len:count):  4:63058  5:62039  6:59659  7:54131  8:47449  9:44821  10:40952  11:37727  12:34320  13:30594  14:29226  15:26885  16:26206  17:21450  18:19914  19:21120  20:19131  21:16702  22:14529  23:13405  24:12440  25:10970  26:9615  27:8669  28:7752  29:7002  30:6267  31:5704  32:4931  33:4493  34:4087  35:3562  36:3323  37:3007  38:2533  39:2401  40:2145  41:1856  42:1793  43:1565  44:1379  45:1246  46:1005  47:985  48:849  49:826  50:642  51:609  52:482  53:442  54:385  55:389  56:339  57:263  58:263  59:238  60:228  61:217  62:184  63:166  64:151  65:119  66:125  67:156  68:131  69:105  70:94  71:74  72:74  73:77  74:67  75:66  76:74  77:39  78:49  79:44  80:45  81:42  82:48  83:36  84:31  85:34  86:39  87:18  88:23  89:15  90:18  91:31  92:24  93:20  94:16  95:16  96:16  97:12  98:16  99:14  100:17  101:16  102:2  103:18  104:4  105:3  106:10  107:11  108:9  109:19  110:13  111:7  112:6  113:5  114:3  115:8  116:5  117:6  118:7  119:10  120:11  121:9  122:10  123:8  124:9  125:7  126:5  127:7  128:18  129:5  130:4  131:10  132:3  133:4  134:4  135:4  136:3  137:4  139:2  140:3  141:2  142:2  143:4  144:7  145:1  146:5  147:5  148:1  149:4  150:4  152:1  153:6  154:3  155:1  156:2  157:1  158:1  159:1  161:2  162:1  163:2  164:1  165:1  166:1  167:3  168:3  170:1  174:1  177:2  180:3  182:2  183:1  184:2  188:1  189:3  190:1  191:1  192:1  193:1  194:1  195:2  199:1  202:2  204:2  206:1  207:1  209:2  211:1  213:1  215:2  219:1  220:1  222:1  224:1  225:1  226:1  229:1  233:1  236:1  238:2  240:1  241:1  246:1  247:1  249:1  252:1  254:1  256:1  260:1  264:1  271:1  311:1  337:1  383:1  506:1  597:1
1671.323183,9.773470,953.383482
[PASSED]
[time 3.41 s, user 3.26 s, sys 0.13 s, maxrss 228188 KB]
[busy 353 jiffies]
[exit 0]
--- c2 case 0 rec 1   load 1.11 1.10 0.99
[TEST C2-FST]
Processing dataset...
Done!
Building trie...
trie size: 3.124794 MB
Done!
build time: 1566.680138 ms (1566.680138 ns per key)
space cost: 9.773470 MB (19.572183% of original size 49.935513 MB)
Querying trie...
Done!
total time: 1036.767730 ms, avg latency: 1036.767730 ns
topology: 1.480076 MB, link: 2.557474 MB, data: 5.735920 MB
--- Unary Path Analysis (FST, cutoff=4) ---
  shared unary steps in main trie: 711966
  terminal suffixes: inplace=143732 (avg len=2.14)  links=800966 (84.8% of terminal)
  link len: avg=13.15  max=596  total_chars=10531952
  link length distribution (len:count):  4:63058  5:62039  6:59659  7:54131  8:47449  9:44821  10:40952  11:37727  12:34320  13:30594  14:29226  15:26885  16:26206  17:21450  18:19914  19:21120  20:19131  21:16702  22:14529  23:13405  24:12440  25:10970  26:9615  27:8669  28:7752  29:7002  30:6267  31:5704  32:4931  33:4493  34:4087  35:3562  36:3323  37:3007  38:2533  39:2401  40:2145  41:1856  42:1793  43:1565  44:1379  45:1246  46:1005  47:985  48:849  49:826  50:642  51:609  52:482  53:442  54:385  55:389  56:339  57:263  58:263  59:238  60:228  61:217  62:184  63:166  64:151  65:119  66:125  67:156  68:131  69:105  70:94  71:74  72:74  73:77  74:67  75:66  76:74  77:39  78:49  79:44  80:45  81:42  82:48  83:36  84:31  85:34  86:39  87:18  88:23  89:15  90:18  91:31  92:24  93:20  94:16  95:16  96:16  97:12  98:16  99:14  100:17  101:16  102:2  103:18  104:4  105:3  106:10  107:11  108:9  109:19  110:13  111:7  112:6  113:5  114:3  115:8  116:5  117:6  118:7  119:10  120:11  121:9  122:10  123:8  124:9  125:7  126:5  127:7  128:18  129:5  130:4  131:10  132:3  133:4  134:4  135:4  136:3  137:4  139:2  140:3  141:2  142:2  143:4  144:7  145:1  146:5  147:5  148:1  149:4  150:4  152:1  153:6  154:3  155:1  156:2  157:1  158:1  159:1  161:2  162:1  163:2  164:1  165:1  166:1  167:3  168:3  170:1  174:1  177:2  180:3  182:2  183:1  184:2  188:1  189:3  190:1  191:1  192:1  193:1  194:1  195:2  199:1  202:2  204:2  206:1  207:1  209:2  211:1  213:1  215:2  219:1  220:1  222:1  224:1  225:1  226:1  229:1  233:1  236:1  238:2  240:1  241:1  246:1  247:1  249:1  252:1  254:1  256:1  260:1  264:1  271:1  311:1  337:1  383:1  506:1  597:1
1566.680138,9.773470,1036.767730
[PASSED]
[time 3.41 s, user 3.21 s, sys 0.18 s, maxrss 228316 KB]
[busy 369 jiffies]
[exit 0]
--- c2 case 0 rec 0   load 1.02 1.08 0.99
[TEST C2-FST]
Processing dataset...
Done!
Building trie...
Done!
build time: 1195.014181 ms (1195.014181 ns per key)
space cost: 11.640069 MB (23.310202% of original size 49.935513 MB)
Querying trie...
Done!
total time: 803.375563 ms, avg latency: 803.375563 ns
topology: 1.074997 MB, link: 2.347375 MB, data: 8.217697 MB
--- Unary Path Analysis (FST, cutoff=4) ---
  shared unary steps in main trie: 711966
  terminal suffixes: inplace=143732 (avg len=2.14)  links=800966 (84.8% of terminal)
  link len: avg=13.15  max=596  total_chars=10531952
  link length distribution (len:count):  4:63058  5:62039  6:59659  7:54131  8:47449  9:44821  10:40952  11:37727  12:34320  13:30594  14:29226  15:26885  16:26206  17:21450  18:19914  19:21120  20:19131  21:16702  22:14529  23:13405  24:12440  25:10970  26:9615  27:8669  28:7752  29:7002  30:6267  31:5704  32:4931  33:4493  34:4087  35:3562  36:3323  37:3007  38:2533  39:2401  40:2145  41:1856  42:1793  43:1565  44:1379  45:1246  46:1005  47:985  48:849  49:826  50:642  51:609  52:482  53:442  54:385  55:389  56:339  57:263  58:263  59:238  60:228  61:217  62:184  63:166  64:151  65:119  66:125  67:156  68:131  69:105  70:94  71:74  72:74  73:77  74:67  75:66  76:74  77:39  78:49  79:44  80:45  81:42  82:48  83:36  84:31  85:34  86:39  87:18  88:23  89:15  90:18  91:31  92:24  93:20  94:16  95:16  96:16  97:12  98:16  99:14  100:17  101:16  102:2  103:18  104:4  105:3  106:10  107:11  108:9  109:19  110:13  111:7  112:6  113:5  114:3  115:8  116:5  117:6  118:7  119:10  120:11  121:9  122:10  123:8  124:9  125:7  126:5  127:7  128:18  129:5  130:4  131:10  132:3  133:4  134:4  135:4  136:3  137:4  139:2  140:3  141:2  142:2  143:4  144:7  145:1  146:5  147:5  148:1  149:4  150:4  152:1  153:6  154:3  155:1  156:2  157:1  158:1  159:1  161:2  162:1  163:2  164:1  165:1  166:1  167:3  168:3  170:1  174:1  177:2  180:3  182:2  183:1  184:2  188:1  189:3  190:1  191:1  192:1  193:1  194:1  195:2  199:1  202:2  204:2  206:1  207:1  209:2  211:1  213:1  215:2  219:1  220:1  222:1  224:1  225:1  226:1  229:1  233:1  236:1  238:2  240:1  241:1  246:1  247:1  249:1  252:1  254:1  256:1  260:1  264:1  271:1  311:1  337:1  383:1  506:1  597:1
1195.014181,11.640069,803.375563
[PASSED]
[time 2.79 s, user 2.60 s, sys 0.17 s, maxrss 231712 KB]
[busy 301 jiffies]
[exit 0]
--- lexindex string   load 1.02 1.08 0.99
1000000 keys
lexindex StringIndex: build 1146 ms, size 16.099 MiB (16.881 B/key), latency cold 633.8 ns, then mean 679.0 / min 654.7 ns
1146.333,16.099341,633.778
[time 4.42 s, user 4.27 s, sys 0.13 s, maxrss 219388 KB]
[busy 497 jiffies]
[exit 0]
--- lexindex dict1024   load 1.10 1.10 0.99
1000000 keys
lexindex DictIndex block 1024: build 150 ms, size 10.595 MiB (11.110 B/key), latency cold 684.6 ns, then mean 745.1 / min 682.5 ns
149.861,10.595347,684.578
[time 3.71 s, user 4.13 s, sys 0.16 s, maxrss 247336 KB]
[busy 529 jiffies]
[exit 0]
--- lexindex dict256   load 1.09 1.09 0.99
1000000 keys
lexindex DictIndex block 256: build 148 ms, size 10.733 MiB (11.254 B/key), latency cold 670.3 ns, then mean 667.1 / min 640.7 ns
147.944,10.732902,670.291
[time 3.43 s, user 4.13 s, sys 0.22 s, maxrss 245288 KB]
[busy 491 jiffies]
[exit 0]
--- lexindex dict32   load 2.36 1.36 1.08
1000000 keys
lexindex DictIndex block 32: build 147 ms, size 12.002 MiB (12.585 B/key), latency cold 643.9 ns, then mean 641.3 / min 639.6 ns
146.761,12.001742,643.858
[time 3.31 s, user 3.99 s, sys 0.25 s, maxrss 243100 KB]
[busy 448 jiffies]
[exit 0]

##### titles-zh-1000000 (1000000 lines, 17871822 bytes)   round 2/3   2026-09-15T15:30:54+03:00
--- xcdat 16   load 2.25 1.35 1.08
build time: 506.600382 ms
space cost: 13.463712 MiB (83.676351% of original size 16.090223 MiB)
avg latency: 201.382858 ns
506.600382,13.463712,201.382858
[time 1.22 s, user 1.11 s, sys 0.11 s, maxrss 149356 KB]
[busy 131 jiffies]
[exit 0]
--- xcdat 15   load 2.07 1.33 1.07
build time: 530.403380 ms
space cost: 12.949578 MiB (80.481035% of original size 16.090223 MiB)
avg latency: 189.110558 ns
530.403380,12.949578,189.110558
[time 1.23 s, user 1.12 s, sys 0.10 s, maxrss 148740 KB]
[busy 129 jiffies]
[exit 0]
--- xcdat 8   load 2.07 1.33 1.07
build time: 507.497488 ms
space cost: 11.129195 MiB (69.167438% of original size 16.090223 MiB)
avg latency: 209.298322 ns
507.497488,11.129195,209.298322
[time 1.23 s, user 1.13 s, sys 0.09 s, maxrss 147948 KB]
[busy 133 jiffies]
[exit 0]
--- xcdat 7   load 1.91 1.31 1.07
build time: 541.246667 ms
space cost: 11.666194 MiB (72.504860% of original size 16.090223 MiB)
avg latency: 222.382589 ns
541.246667,11.666194,222.382589
[time 1.28 s, user 1.18 s, sys 0.09 s, maxrss 148124 KB]
[busy 135 jiffies]
[exit 0]
--- c2 case 8 rec 0   load 1.91 1.31 1.07
[TEST CART]
Processing dataset...
Done!
Building trie...
Done!
build time: 185.243621 ms (185.243621 ns per key)
space cost: 15.100161 MB (93.846806% of original size 16.090223 MB)
Querying trie...
Done!
total time: 425.840176 ms, avg latency: 425.840176 ns
not implemented
185.243621,15.100161,425.840176
[PASSED]
[time 1.12 s, user 1.04 s, sys 0.07 s, maxrss 146924 KB]
[busy 119 jiffies]
[exit 0]
--- c2 case 7 rec 0   load 1.91 1.31 1.07
[TEST ART]
Processing dataset...
Done!
Building trie...
Done!
build time: 131.236126 ms (131.236126 ns per key)
space cost: 33.565483 MB (208.607938% of original size 16.090223 MB)
Querying trie...
Done!
total time: 338.824675 ms, avg latency: 338.824675 ns
not implemented
131.236126,33.565483,338.824675
[PASSED]
[time 0.97 s, user 0.89 s, sys 0.07 s, maxrss 155980 KB]
[busy 104 jiffies]
[exit 0]
--- c2 case 6 rec 0   load 1.83 1.30 1.07
[TEST PDT]
Processing dataset...
Done!
Building trie...
dict size: 161960, stream size: 6363323
Done!
build time: 3100.619785 ms (3100.619785 ns per key)
space cost: 7.499054 MB (46.606276% of original size 16.090223 MB)
Querying trie...
Done!
total time: 616.285783 ms, avg latency: 616.285783 ns
not implemented
3100.619785,7.499054,616.285783
[PASSED]
[time 4.21 s, user 4.09 s, sys 0.09 s, maxrss 166752 KB]
[busy 435 jiffies]
[exit 0]
--- c2 case 5 rec 2   load 1.77 1.30 1.06
[TEST MARISA]
Processing dataset...
Done!
Building trie...
Done!
build time: 665.048182 ms (665.048182 ns per key)
space cost: 6.233802 MB (38.742793% of original size 16.090223 MB)
Querying trie...
Done!
total time: 751.984885 ms, avg latency: 751.984885 ns
not implemented
665.048182,6.233802,751.984885
[PASSED]
[time 1.90 s, user 1.79 s, sys 0.10 s, maxrss 182204 KB]
[busy 199 jiffies]
[exit 0]
--- c2 case 5 rec 1   load 1.77 1.30 1.06
[TEST MARISA]
Processing dataset...
Done!
Building trie...
Done!
build time: 636.725651 ms (636.725651 ns per key)
space cost: 6.703102 MB (41.659472% of original size 16.090223 MB)
Querying trie...
Done!
total time: 680.604063 ms, avg latency: 680.604063 ns
not implemented
636.725651,6.703102,680.604063
[PASSED]
[time 1.81 s, user 1.67 s, sys 0.13 s, maxrss 182248 KB]
[busy 187 jiffies]
[exit 0]
--- c2 case 5 rec 0   load 1.70 1.29 1.06
[TEST MARISA]
Processing dataset...
Done!
Building trie...
Done!
build time: 524.093634 ms (524.093634 ns per key)
space cost: 9.064179 MB (56.333459% of original size 16.090223 MB)
Querying trie...
Done!
total time: 455.060374 ms, avg latency: 455.060374 ns
not implemented
524.093634,9.064179,455.060374
[PASSED]
[time 1.48 s, user 1.35 s, sys 0.11 s, maxrss 182312 KB]
[busy 155 jiffies]
[exit 0]
--- c2 case 4 rec 0   skipped: exit 134 in round 1
--- c2 case 3 rec 0   load 1.57 1.27 1.06
[TEST FST]
Processing dataset...
Done!
Building trie...
Done!
build time: 659.322083 ms (659.322083 ns per key)
space cost: 9.251146 MB (57.495450% of original size 16.090223 MB)
Querying trie...
Done!
total time: 599.513165 ms, avg latency: 599.513165 ns
not implemented
659.322083,9.251146,599.513165
[PASSED]
[time 1.75 s, user 1.68 s, sys 0.06 s, maxrss 110580 KB]
[busy 183 jiffies]
[exit 0]
--- c2 case 2 rec 2   load 1.57 1.27 1.06
[TEST C2-MARISA]
Processing dataset...
Done!
Building trie...
trie size: 2.376703 MB
trie size: 3.200656 MB
trie size: 0.643222 MB
Done!
build time: 1000.345630 ms (1000.345630 ns per key)
space cost: 7.215687 MB (44.845163% of original size 16.090223 MB)
Querying trie...
Done!
total time: 288.308991 ms, avg latency: 288.308991 ns
topology: 1.146584 MB, link: 2.476871 MB, data: 3.571725 MB
--- Unary Path Analysis (Marisa, cutoff=3) ---
  branches: 1581104  |  single-char: 512959 (32.4%)  short-unary: 177539 (11.2%)  links: 890606 (56.3%)
  link len: avg=9.57  max=221  total_chars=8521548
  link length distribution (len:count):  3:117743  4:70413  5:118917  6:85174  7:37680  8:75877  9:57977  10:30193  11:47337  12:41279  13:18765  14:27062  15:25994  16:13620  17:18901  18:18001  19:8082  20:11948  21:10483  22:5017  23:8072  24:6695  25:3249  26:5099  27:4017  28:2164  29:3054  30:2749  31:1341  32:2116  33:1821  34:942  35:1314  36:1256  37:587  38:865  39:798  40:341  41:600  42:486  43:231  44:401  45:290  46:126  47:187  48:184  49:84  50:123  51:115  52:56  53:77  54:82  55:43  56:74  57:60  58:29  59:35  60:27  61:10  62:32  63:19  64:19  65:20  66:11  67:19  68:16  69:13  70:6  71:14  72:16  73:6  74:9  75:5  76:5  77:7  78:5  79:2  80:17  81:2  82:7  83:8  84:7  85:3  86:7  87:7  88:3  89:3  90:2  91:4  92:3  93:3  94:1  95:1  96:4  97:5  98:1  99:4  102:2  103:1  104:1  105:1  107:2  108:1  113:2  114:1  116:1  117:1  121:1  122:1  123:1  125:1  131:1  139:1  149:1  152:1  156:2  185:1  189:1  205:1  221:1
  short unary avg len: 2.00
1000.345630,7.215687,288.308991
[PASSED]
[time 1.78 s, user 1.62 s, sys 0.14 s, maxrss 216496 KB]
[busy 191 jiffies]
[exit 0]
--- c2 case 2 rec 1   load 1.44 1.25 1.05
[TEST C2-MARISA]
Processing dataset...
Done!
Building trie...
trie size: 2.376703 MB
trie size: 3.200656 MB
Done!
build time: 941.457472 ms (941.457472 ns per key)
space cost: 7.215687 MB (44.845163% of original size 16.090223 MB)
Querying trie...
Done!
total time: 279.458751 ms, avg latency: 279.458751 ns
topology: 1.146584 MB, link: 2.476871 MB, data: 3.571725 MB
--- Unary Path Analysis (Marisa, cutoff=3) ---
  branches: 1581104  |  single-char: 512959 (32.4%)  short-unary: 177539 (11.2%)  links: 890606 (56.3%)
  link len: avg=9.57  max=221  total_chars=8521548
  link length distribution (len:count):  3:117743  4:70413  5:118917  6:85174  7:37680  8:75877  9:57977  10:30193  11:47337  12:41279  13:18765  14:27062  15:25994  16:13620  17:18901  18:18001  19:8082  20:11948  21:10483  22:5017  23:8072  24:6695  25:3249  26:5099  27:4017  28:2164  29:3054  30:2749  31:1341  32:2116  33:1821  34:942  35:1314  36:1256  37:587  38:865  39:798  40:341  41:600  42:486  43:231  44:401  45:290  46:126  47:187  48:184  49:84  50:123  51:115  52:56  53:77  54:82  55:43  56:74  57:60  58:29  59:35  60:27  61:10  62:32  63:19  64:19  65:20  66:11  67:19  68:16  69:13  70:6  71:14  72:16  73:6  74:9  75:5  76:5  77:7  78:5  79:2  80:17  81:2  82:7  83:8  84:7  85:3  86:7  87:7  88:3  89:3  90:2  91:4  92:3  93:3  94:1  95:1  96:4  97:5  98:1  99:4  102:2  103:1  104:1  105:1  107:2  108:1  113:2  114:1  116:1  117:1  121:1  122:1  123:1  125:1  131:1  139:1  149:1  152:1  156:2  185:1  189:1  205:1  221:1
  short unary avg len: 2.00
941.457472,7.215687,279.458751
[PASSED]
[time 1.71 s, user 1.56 s, sys 0.14 s, maxrss 216508 KB]
[busy 192 jiffies]
[exit 0]
--- c2 case 2 rec 0   load 1.44 1.25 1.05
[TEST C2-MARISA]
Processing dataset...
Done!
Building trie...
trie size: 2.376703 MB
Done!
build time: 716.950712 ms (716.950712 ns per key)
space cost: 9.316646 MB (57.902525% of original size 16.090223 MB)
Querying trie...
Done!
total time: 321.071876 ms, avg latency: 321.071876 ns
topology: 0.787403 MB, link: 2.444094 MB, data: 6.064641 MB
--- Unary Path Analysis (Marisa, cutoff=3) ---
  branches: 1581104  |  single-char: 512959 (32.4%)  short-unary: 177539 (11.2%)  links: 890606 (56.3%)
  link len: avg=9.57  max=221  total_chars=8521548
  link length distribution (len:count):  3:117743  4:70413  5:118917  6:85174  7:37680  8:75877  9:57977  10:30193  11:47337  12:41279  13:18765  14:27062  15:25994  16:13620  17:18901  18:18001  19:8082  20:11948  21:10483  22:5017  23:8072  24:6695  25:3249  26:5099  27:4017  28:2164  29:3054  30:2749  31:1341  32:2116  33:1821  34:942  35:1314  36:1256  37:587  38:865  39:798  40:341  41:600  42:486  43:231  44:401  45:290  46:126  47:187  48:184  49:84  50:123  51:115  52:56  53:77  54:82  55:43  56:74  57:60  58:29  59:35  60:27  61:10  62:32  63:19  64:19  65:20  66:11  67:19  68:16  69:13  70:6  71:14  72:16  73:6  74:9  75:5  76:5  77:7  78:5  79:2  80:17  81:2  82:7  83:8  84:7  85:3  86:7  87:7  88:3  89:3  90:2  91:4  92:3  93:3  94:1  95:1  96:4  97:5  98:1  99:4  102:2  103:1  104:1  105:1  107:2  108:1  113:2  114:1  116:1  117:1  121:1  122:1  123:1  125:1  131:1  139:1  149:1  152:1  156:2  185:1  189:1  205:1  221:1
  short unary avg len: 2.00
716.950712,9.316646,321.071876
[PASSED]
[time 1.52 s, user 1.39 s, sys 0.12 s, maxrss 216324 KB]
[busy 160 jiffies]
[exit 0]
--- c2 case 1 rec 2   load 1.33 1.23 1.05
[TEST C2-CoCo(LOUDS-Sparse)]
Processing dataset...
Done!
Building trie...
trie size: 2.382156 MB
trie size: 0.519189 MB
Done!
build time: 1830.948355 ms (1830.948355 ns per key)
space cost: 8.575588 MB (53.296888% of original size 16.090223 MB)
Querying trie...
Done!
total time: 623.370025 ms, avg latency: 623.370025 ns
topology: 0.704411 MB, link: 2.913508 MB, data: 4.957669 MB
1830.948355,8.575588,623.370025
[PASSED]
[time 2.95 s, user 2.76 s, sys 0.18 s, maxrss 343708 KB]
[busy 306 jiffies]
[exit 0]
--- c2 case 1 rec 1   load 1.33 1.23 1.05
[TEST C2-CoCo(LOUDS-Sparse)]
Processing dataset...
Done!
Building trie...
trie size: 2.382156 MB
Done!
build time: 1768.589567 ms (1768.589567 ns per key)
space cost: 8.575588 MB (53.296888% of original size 16.090223 MB)
Querying trie...
Done!
total time: 627.329344 ms, avg latency: 627.329344 ns
topology: 0.704411 MB, link: 2.913508 MB, data: 4.957669 MB
1768.589567,8.575588,627.329344
[PASSED]
[time 2.89 s, user 2.70 s, sys 0.17 s, maxrss 343656 KB]
[busy 299 jiffies]
[exit 0]
--- c2 case 1 rec 0   load 1.30 1.22 1.05
[TEST C2-CoCo(LOUDS-Sparse)]
Processing dataset...
Done!
Building trie...
Done!
build time: 1617.578131 ms (1617.578131 ns per key)
space cost: 10.076944 MB (62.627748% of original size 16.090223 MB)
Querying trie...
Done!
total time: 616.408393 ms, avg latency: 616.408393 ns
topology: 0.428116 MB, link: 2.771456 MB, data: 6.877373 MB
1617.578131,10.076944,616.408393
[PASSED]
[time 2.72 s, user 2.55 s, sys 0.16 s, maxrss 343692 KB]
[busy 283 jiffies]
[exit 0]
--- c2 case 0 rec 2   load 1.28 1.22 1.05
[TEST C2-FST]
Processing dataset...
Done!
Building trie...
trie size: 2.382156 MB
trie size: 0.519189 MB
Done!
build time: 882.869490 ms (882.869490 ns per key)
space cost: 7.814046 MB (48.563937% of original size 16.090223 MB)
Querying trie...
Done!
total time: 432.343186 ms, avg latency: 432.343186 ns
topology: 1.289776 MB, link: 2.002253 MB, data: 4.522017 MB
--- Unary Path Analysis (FST, cutoff=4) ---
  shared unary steps in main trie: 533155
  terminal suffixes: inplace=237541 (avg len=1.85)  links=651614 (73.3% of terminal)
  link len: avg=9.49  max=219  total_chars=6184530
  link length distribution (len:count):  4:101787  5:75109  6:33236  7:70197  8:54797  9:28682  10:45020  11:39800  12:18111  13:26128  14:25316  15:13287  16:18412  17:17629  18:7811  19:11663  20:10322  21:4897  22:7909  23:6587  24:3201  25:5027  26:3953  27:2124  28:3009  29:2707  30:1318  31:2090  32:1807  33:932  34:1302  35:1246  36:576  37:856  38:792  39:335  40:596  41:485  42:228  43:398  44:289  45:126  46:187  47:184  48:83  49:123  50:115  51:56  52:76  53:79  54:43  55:73  56:58  57:28  58:35  59:27  60:9  61:32  62:19  63:18  64:20  65:11  66:19  67:16  68:13  69:6  70:14  71:16  72:6  73:9  74:5  75:5  76:7  77:5  78:2  79:17  80:2  81:7  82:8  83:7  84:3  85:7  86:7  87:3  88:3  89:2  90:4  91:3  92:3  93:1  94:1  95:3  96:5  97:1  98:4  101:2  102:1  103:1  104:1  106:2  107:1  112:2  113:1  115:1  116:1  120:1  121:1  122:1  124:1  130:1  138:1  148:1  151:1  155:2  184:1  188:1  204:1  220:1
882.869490,7.814046,432.343186
[PASSED]
[time 1.81 s, user 1.70 s, sys 0.10 s, maxrss 186404 KB]
[busy 195 jiffies]
[exit 0]
--- c2 case 0 rec 1   load 1.17 1.20 1.04
[TEST C2-FST]
Processing dataset...
Done!
Building trie...
trie size: 2.382156 MB
Done!
build time: 832.144953 ms (832.144953 ns per key)
space cost: 7.814046 MB (48.563937% of original size 16.090223 MB)
Querying trie...
Done!
total time: 423.841470 ms, avg latency: 423.841470 ns
topology: 1.289776 MB, link: 2.002253 MB, data: 4.522017 MB
--- Unary Path Analysis (FST, cutoff=4) ---
  shared unary steps in main trie: 533155
  terminal suffixes: inplace=237541 (avg len=1.85)  links=651614 (73.3% of terminal)
  link len: avg=9.49  max=219  total_chars=6184530
  link length distribution (len:count):  4:101787  5:75109  6:33236  7:70197  8:54797  9:28682  10:45020  11:39800  12:18111  13:26128  14:25316  15:13287  16:18412  17:17629  18:7811  19:11663  20:10322  21:4897  22:7909  23:6587  24:3201  25:5027  26:3953  27:2124  28:3009  29:2707  30:1318  31:2090  32:1807  33:932  34:1302  35:1246  36:576  37:856  38:792  39:335  40:596  41:485  42:228  43:398  44:289  45:126  46:187  47:184  48:83  49:123  50:115  51:56  52:76  53:79  54:43  55:73  56:58  57:28  58:35  59:27  60:9  61:32  62:19  63:18  64:20  65:11  66:19  67:16  68:13  69:6  70:14  71:16  72:6  73:9  74:5  75:5  76:7  77:5  78:2  79:17  80:2  81:7  82:8  83:7  84:3  85:7  86:7  87:3  88:3  89:2  90:4  91:3  92:3  93:1  94:1  95:3  96:5  97:1  98:4  101:2  102:1  103:1  104:1  106:2  107:1  112:2  113:1  115:1  116:1  120:1  121:1  122:1  124:1  130:1  138:1  148:1  151:1  155:2  184:1  188:1  204:1  220:1
832.144953,7.814046,423.841470
[PASSED]
[time 1.76 s, user 1.64 s, sys 0.11 s, maxrss 186528 KB]
[busy 185 jiffies]
[exit 0]
--- c2 case 0 rec 0   load 1.17 1.20 1.04
[TEST C2-FST]
Processing dataset...
Done!
Building trie...
Done!
build time: 658.931057 ms (658.931057 ns per key)
space cost: 9.315402 MB (57.894796% of original size 16.090223 MB)
Querying trie...
Done!
total time: 420.615248 ms, avg latency: 420.615248 ns
topology: 1.013481 MB, link: 1.860200 MB, data: 6.441721 MB
--- Unary Path Analysis (FST, cutoff=4) ---
  shared unary steps in main trie: 533155
  terminal suffixes: inplace=237541 (avg len=1.85)  links=651614 (73.3% of terminal)
  link len: avg=9.49  max=219  total_chars=6184530
  link length distribution (len:count):  4:101787  5:75109  6:33236  7:70197  8:54797  9:28682  10:45020  11:39800  12:18111  13:26128  14:25316  15:13287  16:18412  17:17629  18:7811  19:11663  20:10322  21:4897  22:7909  23:6587  24:3201  25:5027  26:3953  27:2124  28:3009  29:2707  30:1318  31:2090  32:1807  33:932  34:1302  35:1246  36:576  37:856  38:792  39:335  40:596  41:485  42:228  43:398  44:289  45:126  46:187  47:184  48:83  49:123  50:115  51:56  52:76  53:79  54:43  55:73  56:58  57:28  58:35  59:27  60:9  61:32  62:19  63:18  64:20  65:11  66:19  67:16  68:13  69:6  70:14  71:16  72:6  73:9  74:5  75:5  76:7  77:5  78:2  79:17  80:2  81:7  82:8  83:7  84:3  85:7  86:7  87:3  88:3  89:2  90:4  91:3  92:3  93:1  94:1  95:3  96:5  97:1  98:4  101:2  102:1  103:1  104:1  106:2  107:1  112:2  113:1  115:1  116:1  120:1  121:1  122:1  124:1  130:1  138:1  148:1  151:1  155:2  184:1  188:1  204:1  220:1
658.931057,9.315402,420.615248
[PASSED]
[time 1.58 s, user 1.47 s, sys 0.09 s, maxrss 186232 KB]
[busy 169 jiffies]
[exit 0]
--- lexindex string   load 1.08 1.18 1.03
1000000 keys
lexindex StringIndex: build 782 ms, size 16.712 MiB (17.523 B/key), latency cold 418.0 ns, then mean 404.6 / min 402.0 ns
781.648,16.711605,417.989
[time 2.90 s, user 2.82 s, sys 0.07 s, maxrss 151828 KB]
[busy 305 jiffies]
[exit 0]
--- lexindex dict1024   load 1.08 1.18 1.03
1000000 keys
lexindex DictIndex block 1024: build 129 ms, size 7.849 MiB (8.230 B/key), latency cold 428.0 ns, then mean 429.0 / min 426.1 ns
129.227,7.848848,427.951
[time 2.36 s, user 2.72 s, sys 0.12 s, maxrss 171316 KB]
[busy 302 jiffies]
[exit 0]
--- lexindex dict256   load 1.63 1.29 1.07
1000000 keys
lexindex DictIndex block 256: build 127 ms, size 7.897 MiB (8.281 B/key), latency cold 374.2 ns, then mean 375.4 / min 373.2 ns
127.234,7.897411,374.239
[time 2.14 s, user 2.71 s, sys 0.14 s, maxrss 169316 KB]
[busy 303 jiffies]
[exit 0]
--- lexindex dict32   load 1.58 1.29 1.07
1000000 keys
lexindex DictIndex block 32: build 120 ms, size 8.308 MiB (8.712 B/key), latency cold 336.8 ns, then mean 333.8 / min 332.2 ns
120.456,8.308082,336.811
[time 1.97 s, user 2.53 s, sys 0.15 s, maxrss 168380 KB]
[busy 289 jiffies]
[exit 0]

##### titles-ru-1000000 (1000000 lines, 36819661 bytes)   round 2/3   2026-09-15T15:32:05+03:00
--- xcdat 16   load 1.58 1.29 1.07
build time: 772.169143 ms
space cost: 22.860906 MiB (66.922456% of original size 34.160291 MiB)
avg latency: 370.135452 ns
772.169143,22.860906,370.135452
[time 1.86 s, user 1.70 s, sys 0.15 s, maxrss 213340 KB]
[busy 195 jiffies]
[exit 0]
--- xcdat 15   load 1.54 1.28 1.07
build time: 815.574085 ms
space cost: 22.013930 MiB (64.443041% of original size 34.160291 MiB)
avg latency: 363.981477 ns
815.574085,22.013930,363.981477
[time 1.89 s, user 1.73 s, sys 0.15 s, maxrss 213416 KB]
[busy 198 jiffies]
[exit 0]
--- xcdat 8   load 1.54 1.28 1.07
build time: 768.030966 ms
space cost: 18.486019 MiB (54.115521% of original size 34.160291 MiB)
avg latency: 366.907997 ns
768.030966,18.486019,366.907997
[time 1.85 s, user 1.68 s, sys 0.15 s, maxrss 207236 KB]
[busy 194 jiffies]
[exit 0]
--- xcdat 7   load 1.49 1.28 1.07
build time: 819.352344 ms
space cost: 18.793670 MiB (55.016129% of original size 34.160291 MiB)
avg latency: 390.970382 ns
819.352344,18.793670,390.970382
[time 1.93 s, user 1.75 s, sys 0.16 s, maxrss 207284 KB]
[busy 204 jiffies]
[exit 0]
--- c2 case 8 rec 0   load 1.37 1.26 1.06
[TEST CART]
Processing dataset...
Done!
Building trie...
Done!
build time: 295.471330 ms (295.471330 ns per key)
space cost: 17.935776 MB (52.504752% of original size 34.160291 MB)
Querying trie...
Done!
total time: 637.036425 ms, avg latency: 637.036425 ns
not implemented
295.471330,17.935776,637.036425
[PASSED]
[time 1.65 s, user 1.51 s, sys 0.13 s, maxrss 228340 KB]
[busy 172 jiffies]
[exit 0]
--- c2 case 7 rec 0   load 1.37 1.26 1.06
[TEST ART]
Processing dataset...
Done!
Building trie...
Done!
build time: 230.591584 ms (230.591584 ns per key)
space cost: 37.032776 MB (108.408843% of original size 34.160291 MB)
Querying trie...
Done!
total time: 583.530913 ms, avg latency: 583.530913 ns
not implemented
230.591584,37.032776,583.530913
[PASSED]
[time 1.54 s, user 1.41 s, sys 0.13 s, maxrss 239272 KB]
[busy 163 jiffies]
[exit 0]
--- c2 case 6 rec 0   load 1.34 1.25 1.06
[TEST PDT]
Processing dataset...
Done!
Building trie...
dict size: 149058, stream size: 8676288
Done!
build time: 2742.730134 ms (2742.730134 ns per key)
space cost: 9.692565 MB (28.373778% of original size 34.160291 MB)
Querying trie...
Done!
total time: 765.316967 ms, avg latency: 765.316967 ns
not implemented
2742.730134,9.692565,765.316967
[PASSED]
[time 4.23 s, user 4.02 s, sys 0.19 s, maxrss 238384 KB]
[busy 447 jiffies]
[exit 0]
--- c2 case 5 rec 2   load 1.32 1.25 1.06
[TEST MARISA]
Processing dataset...
Done!
Building trie...
Done!
build time: 993.973445 ms (993.973445 ns per key)
space cost: 8.209226 MB (24.031487% of original size 34.160291 MB)
Querying trie...
Done!
total time: 1229.058734 ms, avg latency: 1229.058734 ns
not implemented
993.973445,8.209226,1229.058734
[PASSED]
[time 2.92 s, user 2.76 s, sys 0.15 s, maxrss 231324 KB]
[busy 307 jiffies]
[exit 0]
--- c2 case 5 rec 1   load 1.21 1.23 1.06
[TEST MARISA]
Processing dataset...
Done!
Building trie...
Done!
build time: 944.337465 ms (944.337465 ns per key)
space cost: 9.445531 MB (27.650616% of original size 34.160291 MB)
Querying trie...
Done!
total time: 1067.892476 ms, avg latency: 1067.892476 ns
not implemented
944.337465,9.445531,1067.892476
[PASSED]
[time 2.71 s, user 2.57 s, sys 0.13 s, maxrss 230952 KB]
[busy 281 jiffies]
[exit 0]
--- c2 case 5 rec 0   load 1.21 1.23 1.06
[TEST MARISA]
Processing dataset...
Done!
Building trie...
Done!
build time: 749.547544 ms (749.547544 ns per key)
space cost: 14.925114 MB (43.691413% of original size 34.160291 MB)
Querying trie...
Done!
total time: 687.882751 ms, avg latency: 687.882751 ns
not implemented
749.547544,14.925114,687.882751
[PASSED]
[time 2.14 s, user 1.98 s, sys 0.14 s, maxrss 231216 KB]
[busy 228 jiffies]
[exit 0]
--- c2 case 4 rec 0   skipped: exit 134 in round 1
--- c2 case 3 rec 0   load 1.19 1.22 1.06
[TEST FST]
Processing dataset...
Done!
Building trie...
Done!
build time: 1152.727961 ms (1152.727961 ns per key)
space cost: 15.406425 MB (45.100393% of original size 34.160291 MB)
Querying trie...
Done!
total time: 1206.896138 ms, avg latency: 1206.896138 ns
not implemented
1152.727961,15.406425,1206.896138
[PASSED]
[time 3.07 s, user 2.95 s, sys 0.10 s, maxrss 177128 KB]
[busy 319 jiffies]
[exit 0]
--- c2 case 2 rec 2   load 1.18 1.22 1.06
[TEST C2-MARISA]
Processing dataset...
Done!
Building trie...
trie size: 2.484302 MB
trie size: 4.015308 MB
trie size: 1.015766 MB
Done!
build time: 1747.182771 ms (1747.182771 ns per key)
space cost: 8.714260 MB (25.509912% of original size 34.160291 MB)
Querying trie...
Done!
total time: 393.925034 ms, avg latency: 393.925034 ns
topology: 1.481594 MB, link: 3.266720 MB, data: 3.945438 MB
--- Unary Path Analysis (Marisa, cutoff=3) ---
  branches: 1657128  |  single-char: 447774 (27.0%)  short-unary: 128432 (7.8%)  links: 1080922 (65.2%)
  link len: avg=17.77  max=240  total_chars=19212544
  link length distribution (len:count):  3:87321  4:48292  5:58975  6:36358  7:58121  8:33015  9:59626  10:32247  11:55687  12:30072  13:49121  14:27545  15:39628  16:26319  17:32373  18:20972  19:27510  20:17247  21:17760  22:15297  23:13707  24:14933  25:12396  26:15583  27:11863  28:17395  29:11704  30:17896  31:12395  32:17216  33:11862  34:15819  35:11459  36:13046  37:10194  38:10344  39:8104  40:8139  41:6769  42:6000  43:5033  44:5077  45:3963  46:3720  47:3456  48:2871  49:2663  50:2321  51:2168  52:1981  53:1813  54:1693  55:1597  56:1488  57:1344  58:1172  59:1122  60:1025  61:904  62:871  63:814  64:834  65:767  66:626  67:663  68:607  69:568  70:524  71:545  72:489  73:428  74:436  75:441  76:375  77:319  78:357  79:299  80:304  81:282  82:274  83:213  84:203  85:208  86:189  87:193  88:179  89:159  90:153  91:146  92:153  93:110  94:115  95:107  96:113  97:98  98:81  99:92  100:91  101:100  102:69  103:62  104:60  105:53  106:53  107:55  108:63  109:50  110:63  111:44  112:45  113:43  114:49  115:38  116:32  117:45  118:31  119:36  120:28  121:37  122:28  123:24  124:20  125:19  126:32  127:29  128:26  129:15  130:19  131:30  132:11  133:22  134:9  135:11  136:14  137:18  138:15  139:6  140:8  141:14  142:16  143:8  144:10  145:14  146:12  147:8  148:11  149:7  150:9  151:6  152:12  153:9  154:13  155:7  156:5  157:6  158:3  159:8  160:4  161:7  162:11  163:6  164:11  165:3  166:5  167:7  168:4  169:5  170:6  171:3  172:4  173:3  174:9  175:4  176:1  177:4  178:5  179:7  180:4  181:4  182:2  183:6  184:7  185:4  186:2  187:3  188:2  189:2  191:1  192:1  193:3  194:3  195:2  197:2  198:2  199:4  201:1  203:1  206:2  208:2  209:1  211:2  213:2  214:1  218:2  219:2  221:1  223:1  229:2  235:1  240:1
  short unary avg len: 2.00
1747.182771,8.714260,393.925034
[PASSED]
[time 2.85 s, user 2.70 s, sys 0.13 s, maxrss 227352 KB]
[busy 295 jiffies]
[exit 0]
--- c2 case 2 rec 1   load 1.08 1.20 1.05
[TEST C2-MARISA]
Processing dataset...
Done!
Building trie...
trie size: 2.484302 MB
trie size: 4.015308 MB
Done!
build time: 1665.518185 ms (1665.518185 ns per key)
space cost: 9.221785 MB (26.995627% of original size 34.160291 MB)
Querying trie...
Done!
total time: 392.625923 ms, avg latency: 392.625923 ns
topology: 1.302711 MB, link: 3.189349 MB, data: 4.709216 MB
--- Unary Path Analysis (Marisa, cutoff=3) ---
  branches: 1657128  |  single-char: 447774 (27.0%)  short-unary: 128432 (7.8%)  links: 1080922 (65.2%)
  link len: avg=17.77  max=240  total_chars=19212544
  link length distribution (len:count):  3:87321  4:48292  5:58975  6:36358  7:58121  8:33015  9:59626  10:32247  11:55687  12:30072  13:49121  14:27545  15:39628  16:26319  17:32373  18:20972  19:27510  20:17247  21:17760  22:15297  23:13707  24:14933  25:12396  26:15583  27:11863  28:17395  29:11704  30:17896  31:12395  32:17216  33:11862  34:15819  35:11459  36:13046  37:10194  38:10344  39:8104  40:8139  41:6769  42:6000  43:5033  44:5077  45:3963  46:3720  47:3456  48:2871  49:2663  50:2321  51:2168  52:1981  53:1813  54:1693  55:1597  56:1488  57:1344  58:1172  59:1122  60:1025  61:904  62:871  63:814  64:834  65:767  66:626  67:663  68:607  69:568  70:524  71:545  72:489  73:428  74:436  75:441  76:375  77:319  78:357  79:299  80:304  81:282  82:274  83:213  84:203  85:208  86:189  87:193  88:179  89:159  90:153  91:146  92:153  93:110  94:115  95:107  96:113  97:98  98:81  99:92  100:91  101:100  102:69  103:62  104:60  105:53  106:53  107:55  108:63  109:50  110:63  111:44  112:45  113:43  114:49  115:38  116:32  117:45  118:31  119:36  120:28  121:37  122:28  123:24  124:20  125:19  126:32  127:29  128:26  129:15  130:19  131:30  132:11  133:22  134:9  135:11  136:14  137:18  138:15  139:6  140:8  141:14  142:16  143:8  144:10  145:14  146:12  147:8  148:11  149:7  150:9  151:6  152:12  153:9  154:13  155:7  156:5  157:6  158:3  159:8  160:4  161:7  162:11  163:6  164:11  165:3  166:5  167:7  168:4  169:5  170:6  171:3  172:4  173:3  174:9  175:4  176:1  177:4  178:5  179:7  180:4  181:4  182:2  183:6  184:7  185:4  186:2  187:3  188:2  189:2  191:1  192:1  193:3  194:3  195:2  197:2  198:2  199:4  201:1  203:1  206:2  208:2  209:1  211:2  213:2  214:1  218:2  219:2  221:1  223:1  229:2  235:1  240:1
  short unary avg len: 2.00
1665.518185,9.221785,392.625923
[PASSED]
[time 2.78 s, user 2.60 s, sys 0.16 s, maxrss 227056 KB]
[busy 291 jiffies]
[exit 0]
--- c2 case 2 rec 0   load 1.08 1.20 1.05
[TEST C2-MARISA]
Processing dataset...
Done!
Building trie...
trie size: 2.484302 MB
Done!
build time: 1224.727625 ms (1224.727625 ns per key)
space cost: 12.012337 MB (35.164621% of original size 34.160291 MB)
Querying trie...
Done!
total time: 521.980383 ms, avg latency: 521.980383 ns
topology: 0.823292 MB, link: 2.965906 MB, data: 8.202631 MB
--- Unary Path Analysis (Marisa, cutoff=3) ---
  branches: 1657128  |  single-char: 447774 (27.0%)  short-unary: 128432 (7.8%)  links: 1080922 (65.2%)
  link len: avg=17.77  max=240  total_chars=19212544
  link length distribution (len:count):  3:87321  4:48292  5:58975  6:36358  7:58121  8:33015  9:59626  10:32247  11:55687  12:30072  13:49121  14:27545  15:39628  16:26319  17:32373  18:20972  19:27510  20:17247  21:17760  22:15297  23:13707  24:14933  25:12396  26:15583  27:11863  28:17395  29:11704  30:17896  31:12395  32:17216  33:11862  34:15819  35:11459  36:13046  37:10194  38:10344  39:8104  40:8139  41:6769  42:6000  43:5033  44:5077  45:3963  46:3720  47:3456  48:2871  49:2663  50:2321  51:2168  52:1981  53:1813  54:1693  55:1597  56:1488  57:1344  58:1172  59:1122  60:1025  61:904  62:871  63:814  64:834  65:767  66:626  67:663  68:607  69:568  70:524  71:545  72:489  73:428  74:436  75:441  76:375  77:319  78:357  79:299  80:304  81:282  82:274  83:213  84:203  85:208  86:189  87:193  88:179  89:159  90:153  91:146  92:153  93:110  94:115  95:107  96:113  97:98  98:81  99:92  100:91  101:100  102:69  103:62  104:60  105:53  106:53  107:55  108:63  109:50  110:63  111:44  112:45  113:43  114:49  115:38  116:32  117:45  118:31  119:36  120:28  121:37  122:28  123:24  124:20  125:19  126:32  127:29  128:26  129:15  130:19  131:30  132:11  133:22  134:9  135:11  136:14  137:18  138:15  139:6  140:8  141:14  142:16  143:8  144:10  145:14  146:12  147:8  148:11  149:7  150:9  151:6  152:12  153:9  154:13  155:7  156:5  157:6  158:3  159:8  160:4  161:7  162:11  163:6  164:11  165:3  166:5  167:7  168:4  169:5  170:6  171:3  172:4  173:3  174:9  175:4  176:1  177:4  178:5  179:7  180:4  181:4  182:2  183:6  184:7  185:4  186:2  187:3  188:2  189:2  191:1  192:1  193:3  194:3  195:2  197:2  198:2  199:4  201:1  203:1  206:2  208:2  209:1  211:2  213:2  214:1  218:2  219:2  221:1  223:1  229:2  235:1  240:1
  short unary avg len: 2.00
1224.727625,12.012337,521.980383
[PASSED]
[time 2.46 s, user 2.29 s, sys 0.16 s, maxrss 243664 KB]
[busy 260 jiffies]
[exit 0]
--- c2 case 1 rec 2   load 1.08 1.19 1.05
[TEST C2-CoCo(LOUDS-Sparse)]
Processing dataset...
Done!
Building trie...
trie size: 3.233313 MB
trie size: 0.910584 MB
Done!
build time: 3981.726762 ms (3981.726762 ns per key)
space cost: 12.113895 MB (35.461921% of original size 34.160291 MB)
Querying trie...
Done!
total time: 1017.781313 ms, avg latency: 1017.781313 ns
topology: 0.884426 MB, link: 4.023585 MB, data: 7.205884 MB
3981.726762,12.113895,1017.781313
[PASSED]
[time 5.71 s, user 5.46 s, sys 0.22 s, maxrss 432816 KB]
[busy 591 jiffies]
[exit 0]
--- c2 case 1 rec 1   load 1.07 1.19 1.05
[TEST C2-CoCo(LOUDS-Sparse)]
Processing dataset...
Done!
Building trie...
trie size: 3.233313 MB
Done!
build time: 3854.918607 ms (3854.918607 ns per key)
space cost: 12.113895 MB (35.461921% of original size 34.160291 MB)
Querying trie...
Done!
total time: 1025.590838 ms, avg latency: 1025.590838 ns
topology: 0.884426 MB, link: 4.023585 MB, data: 7.205884 MB
3854.918607,12.113895,1025.590838
[PASSED]
[time 5.58 s, user 5.33 s, sys 0.23 s, maxrss 432472 KB]
[busy 578 jiffies]
[exit 0]
--- c2 case 1 rec 0   load 1.05 1.18 1.05
[TEST C2-CoCo(LOUDS-Sparse)]
Processing dataset...
Done!
Building trie...
Done!
build time: 3473.935542 ms (3473.935542 ns per key)
space cost: 14.618523 MB (42.793905% of original size 34.160291 MB)
Querying trie...
Done!
total time: 1006.457274 ms, avg latency: 1006.457274 ns
topology: 0.472511 MB, link: 3.816133 MB, data: 10.329878 MB
3473.935542,14.618523,1006.457274
[PASSED]
[time 5.17 s, user 4.93 s, sys 0.21 s, maxrss 445720 KB]
[busy 534 jiffies]
[exit 0]
--- c2 case 0 rec 2   load 1.05 1.18 1.05
[TEST C2-FST]
Processing dataset...
Done!
Building trie...
trie size: 3.233313 MB
trie size: 0.910584 MB
Done!
build time: 1797.058181 ms (1797.058181 ns per key)
space cost: 10.950089 MB (32.055021% of original size 34.160291 MB)
Querying trie...
Done!
total time: 745.146886 ms, avg latency: 745.146886 ns
topology: 1.728611 MB, link: 2.656099 MB, data: 6.565378 MB
--- Unary Path Analysis (FST, cutoff=4) ---
  shared unary steps in main trie: 1444849
  terminal suffixes: inplace=70261 (avg len=2.02)  links=837902 (92.3% of terminal)
  link len: avg=18.90  max=238  total_chars=15835418
  link length distribution (len:count):  4:38002  5:25136  6:46678  7:25626  8:51081  9:27061  10:49555  11:26346  12:44099  13:24737  14:35638  15:24081  16:29538  17:19279  18:25434  19:16078  20:16463  21:14405  22:12877  23:14367  24:11738  25:15079  26:11391  27:16946  28:11354  29:17411  30:12058  31:16873  32:11600  33:15555  34:11210  35:12790  36:9994  37:10106  38:7923  39:7962  40:6648  41:5829  42:4930  43:4945  44:3895  45:3528  46:3382  47:2749  48:2598  49:2269  50:2117  51:1901  52:1753  53:1665  54:1553  55:1449  56:1305  57:1145  58:1092  59:1004  60:875  61:848  62:788  63:815  64:741  65:605  66:640  67:594  68:554  69:512  70:530  71:482  72:415  73:428  74:424  75:368  76:310  77:349  78:289  79:299  80:274  81:267  82:209  83:198  84:204  85:187  86:188  87:169  88:154  89:148  90:143  91:149  92:108  93:110  94:105  95:111  96:95  97:79  98:91  99:85  100:98  101:68  102:61  103:57  104:50  105:52  106:54  107:61  108:50  109:62  110:44  111:43  112:42  113:44  114:37  115:29  116:42  117:29  118:35  119:28  120:37  121:28  122:24  123:19  124:19  125:31  126:29  127:26  128:15  129:19  130:30  131:11  132:22  133:9  134:11  135:14  136:17  137:15  138:6  139:7  140:14  141:16  142:8  143:9  144:14  145:12  146:8  147:11  148:7  149:9  150:6  151:12  152:9  153:13  154:7  155:5  156:6  157:3  158:8  159:4  160:7  161:11  162:5  163:11  164:3  165:5  166:7  167:4  168:4  169:6  170:3  171:4  172:3  173:9  174:4  175:1  176:4  177:5  178:6  179:4  180:4  181:2  182:6  183:7  184:4  185:2  186:3  187:2  188:2  190:1  191:1  192:3  193:3  194:2  196:2  197:2  198:4  200:1  202:1  205:2  207:2  208:1  210:2  212:2  213:1  217:2  218:2  220:1  222:1  228:2  234:1  239:1
1797.058181,10.950089,745.146886
[PASSED]
[time 3.26 s, user 3.10 s, sys 0.14 s, maxrss 215308 KB]
[busy 342 jiffies]
[exit 0]
--- c2 case 0 rec 1   load 1.04 1.18 1.05
[TEST C2-FST]
Processing dataset...
Done!
Building trie...
trie size: 3.233313 MB
Done!
build time: 1648.189723 ms (1648.189723 ns per key)
space cost: 10.950089 MB (32.055021% of original size 34.160291 MB)
Querying trie...
Done!
total time: 740.271725 ms, avg latency: 740.271725 ns
topology: 1.728611 MB, link: 2.656099 MB, data: 6.565378 MB
--- Unary Path Analysis (FST, cutoff=4) ---
  shared unary steps in main trie: 1444849
  terminal suffixes: inplace=70261 (avg len=2.02)  links=837902 (92.3% of terminal)
  link len: avg=18.90  max=238  total_chars=15835418
  link length distribution (len:count):  4:38002  5:25136  6:46678  7:25626  8:51081  9:27061  10:49555  11:26346  12:44099  13:24737  14:35638  15:24081  16:29538  17:19279  18:25434  19:16078  20:16463  21:14405  22:12877  23:14367  24:11738  25:15079  26:11391  27:16946  28:11354  29:17411  30:12058  31:16873  32:11600  33:15555  34:11210  35:12790  36:9994  37:10106  38:7923  39:7962  40:6648  41:5829  42:4930  43:4945  44:3895  45:3528  46:3382  47:2749  48:2598  49:2269  50:2117  51:1901  52:1753  53:1665  54:1553  55:1449  56:1305  57:1145  58:1092  59:1004  60:875  61:848  62:788  63:815  64:741  65:605  66:640  67:594  68:554  69:512  70:530  71:482  72:415  73:428  74:424  75:368  76:310  77:349  78:289  79:299  80:274  81:267  82:209  83:198  84:204  85:187  86:188  87:169  88:154  89:148  90:143  91:149  92:108  93:110  94:105  95:111  96:95  97:79  98:91  99:85  100:98  101:68  102:61  103:57  104:50  105:52  106:54  107:61  108:50  109:62  110:44  111:43  112:42  113:44  114:37  115:29  116:42  117:29  118:35  119:28  120:37  121:28  122:24  123:19  124:19  125:31  126:29  127:26  128:15  129:19  130:30  131:11  132:22  133:9  134:11  135:14  136:17  137:15  138:6  139:7  140:14  141:16  142:8  143:9  144:14  145:12  146:8  147:11  148:7  149:9  150:6  151:12  152:9  153:13  154:7  155:5  156:6  157:3  158:8  159:4  160:7  161:11  162:5  163:11  164:3  165:5  166:7  167:4  168:4  169:6  170:3  171:4  172:3  173:9  174:4  175:1  176:4  177:5  178:6  179:4  180:4  181:2  182:6  183:7  184:4  185:2  186:3  187:2  188:2  190:1  191:1  192:3  193:3  194:2  196:2  197:2  198:4  200:1  202:1  205:2  207:2  208:1  210:2  212:2  213:1  217:2  218:2  220:1  222:1  228:2  234:1  239:1
1648.189723,10.950089,740.271725
[PASSED]
[time 3.11 s, user 2.97 s, sys 0.12 s, maxrss 215508 KB]
[busy 325 jiffies]
[exit 0]
--- c2 case 0 rec 0   load 0.96 1.16 1.04
[TEST C2-FST]
Processing dataset...
Done!
Building trie...
Done!
build time: 1249.084214 ms (1249.084214 ns per key)
space cost: 13.454716 MB (39.387006% of original size 34.160291 MB)
Querying trie...
Done!
total time: 721.690468 ms, avg latency: 721.690468 ns
topology: 1.316696 MB, link: 2.448647 MB, data: 9.689372 MB
--- Unary Path Analysis (FST, cutoff=4) ---
  shared unary steps in main trie: 1444849
  terminal suffixes: inplace=70261 (avg len=2.02)  links=837902 (92.3% of terminal)
  link len: avg=18.90  max=238  total_chars=15835418
  link length distribution (len:count):  4:38002  5:25136  6:46678  7:25626  8:51081  9:27061  10:49555  11:26346  12:44099  13:24737  14:35638  15:24081  16:29538  17:19279  18:25434  19:16078  20:16463  21:14405  22:12877  23:14367  24:11738  25:15079  26:11391  27:16946  28:11354  29:17411  30:12058  31:16873  32:11600  33:15555  34:11210  35:12790  36:9994  37:10106  38:7923  39:7962  40:6648  41:5829  42:4930  43:4945  44:3895  45:3528  46:3382  47:2749  48:2598  49:2269  50:2117  51:1901  52:1753  53:1665  54:1553  55:1449  56:1305  57:1145  58:1092  59:1004  60:875  61:848  62:788  63:815  64:741  65:605  66:640  67:594  68:554  69:512  70:530  71:482  72:415  73:428  74:424  75:368  76:310  77:349  78:289  79:299  80:274  81:267  82:209  83:198  84:204  85:187  86:188  87:169  88:154  89:148  90:143  91:149  92:108  93:110  94:105  95:111  96:95  97:79  98:91  99:85  100:98  101:68  102:61  103:57  104:50  105:52  106:54  107:61  108:50  109:62  110:44  111:43  112:42  113:44  114:37  115:29  116:42  117:29  118:35  119:28  120:37  121:28  122:24  123:19  124:19  125:31  126:29  127:26  128:15  129:19  130:30  131:11  132:22  133:9  134:11  135:14  136:17  137:15  138:6  139:7  140:14  141:16  142:8  143:9  144:14  145:12  146:8  147:11  148:7  149:9  150:6  151:12  152:9  153:13  154:7  155:5  156:6  157:3  158:8  159:4  160:7  161:11  162:5  163:11  164:3  165:5  166:7  167:4  168:4  169:6  170:3  171:4  172:3  173:9  174:4  175:1  176:4  177:5  178:6  179:4  180:4  181:2  182:6  183:7  184:4  185:2  186:3  187:2  188:2  190:1  191:1  192:3  193:3  194:2  196:2  197:2  198:4  200:1  202:1  205:2  207:2  208:1  210:2  212:2  213:1  217:2  218:2  220:1  222:1  228:2  234:1  239:1
1249.084214,13.454716,721.690468
[PASSED]
[time 2.68 s, user 2.55 s, sys 0.11 s, maxrss 226832 KB]
[busy 278 jiffies]
[exit 0]
--- lexindex string   load 0.96 1.16 1.04
1000000 keys
lexindex StringIndex: build 1523 ms, size 30.276 MiB (31.746 B/key), latency cold 730.0 ns, then mean 728.3 / min 726.0 ns
1523.209,30.275526,730.046
[time 5.01 s, user 4.87 s, sys 0.12 s, maxrss 212108 KB]
[busy 526 jiffies]
[exit 0]
--- lexindex dict1024   load 0.89 1.14 1.04
1000000 keys
lexindex DictIndex block 1024: build 138 ms, size 10.749 MiB (11.271 B/key), latency cold 541.5 ns, then mean 540.0 / min 538.4 ns
138.370,10.748507,541.524
[time 2.89 s, user 3.26 s, sys 0.14 s, maxrss 222264 KB]
[busy 359 jiffies]
[exit 0]
--- lexindex dict256   load 0.89 1.14 1.04
1000000 keys
lexindex DictIndex block 256: build 126 ms, size 10.838 MiB (11.364 B/key), latency cold 481.6 ns, then mean 480.0 / min 478.9 ns
126.362,10.837878,481.628
[time 2.64 s, user 3.15 s, sys 0.18 s, maxrss 225752 KB]
[busy 358 jiffies]
[exit 0]
--- lexindex dict32   load 0.90 1.13 1.04
1000000 keys
lexindex DictIndex block 32: build 128 ms, size 11.654 MiB (12.220 B/key), latency cold 468.6 ns, then mean 464.1 / min 462.1 ns
128.344,11.653975,468.611
[time 2.58 s, user 3.11 s, sys 0.15 s, maxrss 228992 KB]
[busy 350 jiffies]
[exit 0]

##### titles-en-1000000 (1000000 lines, 21984647 bytes)   round 2/3   2026-09-15T15:33:42+03:00
--- xcdat 16   load 0.90 1.13 1.04
build time: 600.218621 ms
space cost: 16.875467 MiB (84.324554% of original size 20.012519 MiB)
avg latency: 251.566388 ns
600.218621,16.875467,251.566388
[time 1.44 s, user 1.32 s, sys 0.11 s, maxrss 164636 KB]
[busy 151 jiffies]
[exit 0]
--- xcdat 15   load 0.90 1.13 1.04
build time: 635.238747 ms
space cost: 16.333202 MiB (81.614925% of original size 20.012519 MiB)
avg latency: 241.142871 ns
635.238747,16.333202,241.142871
[time 1.47 s, user 1.37 s, sys 0.09 s, maxrss 163396 KB]
[busy 160 jiffies]
[exit 0]
--- xcdat 8   load 0.91 1.13 1.03
build time: 606.147843 ms
space cost: 14.333878 MiB (71.624555% of original size 20.012519 MiB)
avg latency: 256.636996 ns
606.147843,14.333878,256.636996
[time 1.44 s, user 1.33 s, sys 0.10 s, maxrss 161052 KB]
[busy 152 jiffies]
[exit 0]
--- xcdat 7   load 0.91 1.13 1.03
build time: 638.596998 ms
space cost: 14.813288 MiB (74.020106% of original size 20.012519 MiB)
avg latency: 267.366518 ns
638.596998,14.813288,267.366518
[time 1.49 s, user 1.37 s, sys 0.10 s, maxrss 161096 KB]
[busy 159 jiffies]
[exit 0]
--- c2 case 8 rec 0   load 0.92 1.13 1.03
[TEST CART]
Processing dataset...
Done!
Building trie...
Done!
build time: 212.877679 ms (212.877679 ns per key)
space cost: 14.850546 MB (74.206280% of original size 20.012519 MB)
Querying trie...
Done!
total time: 464.092256 ms, avg latency: 464.092256 ns
not implemented
212.877679,14.850546,464.092256
[PASSED]
[time 1.27 s, user 1.16 s, sys 0.09 s, maxrss 163668 KB]
[busy 136 jiffies]
[exit 0]
--- c2 case 7 rec 0   load 0.92 1.13 1.03
[TEST ART]
Processing dataset...
Done!
Building trie...
Done!
build time: 163.101013 ms (163.101013 ns per key)
space cost: 32.696541 MB (163.380437% of original size 20.012519 MB)
Querying trie...
Done!
total time: 411.895663 ms, avg latency: 411.895663 ns
not implemented
163.101013,32.696541,411.895663
[PASSED]
[time 1.15 s, user 1.04 s, sys 0.09 s, maxrss 176336 KB]
[busy 124 jiffies]
[exit 0]
--- c2 case 6 rec 0   load 0.85 1.11 1.03
[TEST PDT]
Processing dataset...
Done!
Building trie...
dict size: 157446, stream size: 7395682
Done!
build time: 3410.351992 ms (3410.351992 ns per key)
space cost: 8.479283 MB (42.369895% of original size 20.012519 MB)
Querying trie...
Done!
total time: 651.184371 ms, avg latency: 651.184371 ns
not implemented
3410.351992,8.479283,651.184371
[PASSED]
[time 4.65 s, user 4.48 s, sys 0.15 s, maxrss 256600 KB]
[busy 482 jiffies]
[exit 0]
--- c2 case 5 rec 2   load 0.86 1.10 1.03
[TEST MARISA]
Processing dataset...
Done!
Building trie...
Done!
build time: 811.558870 ms (811.558870 ns per key)
space cost: 7.806685 MB (39.009010% of original size 20.012519 MB)
Querying trie...
Done!
total time: 878.471385 ms, avg latency: 878.471385 ns
not implemented
811.558870,7.806685,878.471385
[PASSED]
[time 2.26 s, user 2.12 s, sys 0.13 s, maxrss 195244 KB]
[busy 233 jiffies]
[exit 0]
--- c2 case 5 rec 1   load 0.86 1.10 1.03
[TEST MARISA]
Processing dataset...
Done!
Building trie...
Done!
build time: 767.300454 ms (767.300454 ns per key)
space cost: 8.680676 MB (43.376231% of original size 20.012519 MB)
Querying trie...
Done!
total time: 788.463482 ms, avg latency: 788.463482 ns
not implemented
767.300454,8.680676,788.463482
[PASSED]
[time 2.17 s, user 2.01 s, sys 0.14 s, maxrss 195104 KB]
[busy 224 jiffies]
[exit 0]
--- c2 case 5 rec 0   load 0.87 1.10 1.03
[TEST MARISA]
Processing dataset...
Done!
Building trie...
Done!
build time: 598.849638 ms (598.849638 ns per key)
space cost: 12.537066 MB (62.646119% of original size 20.012519 MB)
Querying trie...
Done!
total time: 510.970365 ms, avg latency: 510.970365 ns
not implemented
598.849638,12.537066,510.970365
[PASSED]
[time 1.68 s, user 1.55 s, sys 0.12 s, maxrss 195288 KB]
[busy 178 jiffies]
[exit 0]
--- c2 case 4 rec 0   skipped: exit 134 in round 1
--- c2 case 3 rec 0   load 0.80 1.08 1.02
[TEST FST]
Processing dataset...
Done!
Building trie...
Done!
build time: 790.725332 ms (790.725332 ns per key)
space cost: 12.223534 MB (61.079436% of original size 20.012519 MB)
Querying trie...
Done!
total time: 677.767573 ms, avg latency: 677.767573 ns
not implemented
790.725332,12.223534,677.767573
[PASSED]
[time 2.05 s, user 1.96 s, sys 0.07 s, maxrss 131020 KB]
[busy 213 jiffies]
[exit 0]
--- c2 case 2 rec 2   load 0.80 1.08 1.02
[TEST C2-MARISA]
Processing dataset...
Done!
Building trie...
trie size: 2.238578 MB
trie size: 3.821277 MB
trie size: 1.037524 MB
Done!
build time: 1535.940105 ms (1535.940105 ns per key)
space cost: 8.586061 MB (42.903452% of original size 20.012519 MB)
Querying trie...
Done!
total time: 496.241317 ms, avg latency: 496.241317 ns
topology: 1.213478 MB, link: 2.963206 MB, data: 4.388869 MB
--- Unary Path Analysis (Marisa, cutoff=3) ---
  branches: 1523874  |  single-char: 417651 (27.4%)  short-unary: 97461 (6.4%)  links: 1008762 (66.2%)
  link len: avg=12.11  max=234  total_chars=12215333
  link length distribution (len:count):  3:76859  4:82017  5:81216  6:79010  7:72564  8:64127  9:55531  10:50303  11:44703  12:39548  13:35394  14:31778  15:31462  16:28952  17:25995  18:23521  19:19840  20:18044  21:16382  22:14569  23:12399  24:11015  25:9715  26:8556  27:8141  28:7267  29:6255  30:5853  31:5207  32:4578  33:4049  34:3736  35:3293  36:2910  37:2688  38:2423  39:2074  40:1908  41:1670  42:1511  43:1333  44:1158  45:939  46:855  47:728  48:689  49:615  50:544  51:465  52:457  53:344  54:344  55:284  56:276  57:242  58:216  59:216  60:177  61:159  62:140  63:127  64:109  65:95  66:79  67:80  68:79  69:75  70:69  71:69  72:55  73:51  74:42  75:46  76:42  77:35  78:41  79:38  80:39  81:21  82:18  83:21  84:19  85:14  86:18  87:14  88:15  89:11  90:14  91:13  92:7  93:5  94:8  95:7  96:5  97:9  98:8  99:5  100:7  101:11  102:5  103:6  104:3  105:3  106:3  107:5  108:4  109:5  110:1  111:2  112:6  113:1  114:1  115:1  116:4  117:1  119:1  120:2  122:2  124:2  126:1  127:1  129:1  130:1  132:1  133:2  135:1  136:1  137:1  138:3  139:1  140:1  142:2  146:1  153:1  155:1  157:1  160:3  166:1  169:1  175:1  176:1  180:1  182:1  200:1  202:1  203:1  205:1  208:1  217:1  218:1  220:1  234:1
  short unary avg len: 2.00
1535.940105,8.586061,496.241317
[PASSED]
[time 2.60 s, user 2.44 s, sys 0.14 s, maxrss 197212 KB]
[busy 271 jiffies]
[exit 0]
--- c2 case 2 rec 1   load 0.82 1.08 1.02
[TEST C2-MARISA]
Processing dataset...
Done!
Building trie...
trie size: 2.238578 MB
trie size: 3.821277 MB
Done!
build time: 1385.574663 ms (1385.574663 ns per key)
space cost: 8.586061 MB (42.903452% of original size 20.012519 MB)
Querying trie...
Done!
total time: 495.524159 ms, avg latency: 495.524159 ns
topology: 1.213478 MB, link: 2.963206 MB, data: 4.388869 MB
--- Unary Path Analysis (Marisa, cutoff=3) ---
  branches: 1523874  |  single-char: 417651 (27.4%)  short-unary: 97461 (6.4%)  links: 1008762 (66.2%)
  link len: avg=12.11  max=234  total_chars=12215333
  link length distribution (len:count):  3:76859  4:82017  5:81216  6:79010  7:72564  8:64127  9:55531  10:50303  11:44703  12:39548  13:35394  14:31778  15:31462  16:28952  17:25995  18:23521  19:19840  20:18044  21:16382  22:14569  23:12399  24:11015  25:9715  26:8556  27:8141  28:7267  29:6255  30:5853  31:5207  32:4578  33:4049  34:3736  35:3293  36:2910  37:2688  38:2423  39:2074  40:1908  41:1670  42:1511  43:1333  44:1158  45:939  46:855  47:728  48:689  49:615  50:544  51:465  52:457  53:344  54:344  55:284  56:276  57:242  58:216  59:216  60:177  61:159  62:140  63:127  64:109  65:95  66:79  67:80  68:79  69:75  70:69  71:69  72:55  73:51  74:42  75:46  76:42  77:35  78:41  79:38  80:39  81:21  82:18  83:21  84:19  85:14  86:18  87:14  88:15  89:11  90:14  91:13  92:7  93:5  94:8  95:7  96:5  97:9  98:8  99:5  100:7  101:11  102:5  103:6  104:3  105:3  106:3  107:5  108:4  109:5  110:1  111:2  112:6  113:1  114:1  115:1  116:4  117:1  119:1  120:2  122:2  124:2  126:1  127:1  129:1  130:1  132:1  133:2  135:1  136:1  137:1  138:3  139:1  140:1  142:2  146:1  153:1  155:1  157:1  160:3  166:1  169:1  175:1  176:1  180:1  182:1  200:1  202:1  203:1  205:1  208:1  217:1  218:1  220:1  234:1
  short unary avg len: 2.00
1385.574663,8.586061,495.524159
[PASSED]
[time 2.45 s, user 2.29 s, sys 0.15 s, maxrss 197008 KB]
[busy 259 jiffies]
[exit 0]
--- c2 case 2 rec 0   load 0.75 1.06 1.02
[TEST C2-MARISA]
Processing dataset...
Done!
Building trie...
trie size: 2.238578 MB
Done!
build time: 1022.428716 ms (1022.428716 ns per key)
space cost: 10.766413 MB (53.798389% of original size 20.012519 MB)
Querying trie...
Done!
total time: 369.005809 ms, avg latency: 369.005809 ns
topology: 0.741383 MB, link: 2.768053 MB, data: 7.236469 MB
--- Unary Path Analysis (Marisa, cutoff=3) ---
  branches: 1523874  |  single-char: 417651 (27.4%)  short-unary: 97461 (6.4%)  links: 1008762 (66.2%)
  link len: avg=12.11  max=234  total_chars=12215333
  link length distribution (len:count):  3:76859  4:82017  5:81216  6:79010  7:72564  8:64127  9:55531  10:50303  11:44703  12:39548  13:35394  14:31778  15:31462  16:28952  17:25995  18:23521  19:19840  20:18044  21:16382  22:14569  23:12399  24:11015  25:9715  26:8556  27:8141  28:7267  29:6255  30:5853  31:5207  32:4578  33:4049  34:3736  35:3293  36:2910  37:2688  38:2423  39:2074  40:1908  41:1670  42:1511  43:1333  44:1158  45:939  46:855  47:728  48:689  49:615  50:544  51:465  52:457  53:344  54:344  55:284  56:276  57:242  58:216  59:216  60:177  61:159  62:140  63:127  64:109  65:95  66:79  67:80  68:79  69:75  70:69  71:69  72:55  73:51  74:42  75:46  76:42  77:35  78:41  79:38  80:39  81:21  82:18  83:21  84:19  85:14  86:18  87:14  88:15  89:11  90:14  91:13  92:7  93:5  94:8  95:7  96:5  97:9  98:8  99:5  100:7  101:11  102:5  103:6  104:3  105:3  106:3  107:5  108:4  109:5  110:1  111:2  112:6  113:1  114:1  115:1  116:4  117:1  119:1  120:2  122:2  124:2  126:1  127:1  129:1  130:1  132:1  133:2  135:1  136:1  137:1  138:3  139:1  140:1  142:2  146:1  153:1  155:1  157:1  160:3  166:1  169:1  175:1  176:1  180:1  182:1  200:1  202:1  203:1  205:1  208:1  217:1  218:1  220:1  234:1
  short unary avg len: 2.00
1022.428716,10.766413,369.005809
[PASSED]
[time 1.95 s, user 1.82 s, sys 0.12 s, maxrss 201604 KB]
[busy 203 jiffies]
[exit 0]
--- c2 case 1 rec 2   load 0.75 1.06 1.02
[TEST C2-CoCo(LOUDS-Sparse)]
Processing dataset...
Done!
Building trie...
trie size: 3.096522 MB
trie size: 0.887704 MB
Done!
build time: 2532.480955 ms (2532.480955 ns per key)
space cost: 10.462785 MB (52.281201% of original size 20.012519 MB)
Querying trie...
Done!
total time: 842.697403 ms, avg latency: 842.697403 ns
topology: 0.833210 MB, link: 3.468150 MB, data: 6.161425 MB
2532.480955,10.462785,842.697403
[PASSED]
[time 3.94 s, user 3.74 s, sys 0.18 s, maxrss 344856 KB]
[busy 413 jiffies]
[exit 0]
--- c2 case 1 rec 1   load 0.77 1.06 1.01
[TEST C2-CoCo(LOUDS-Sparse)]
Processing dataset...
Done!
Building trie...
trie size: 3.096522 MB
Done!
build time: 2413.758664 ms (2413.758664 ns per key)
space cost: 10.462785 MB (52.281201% of original size 20.012519 MB)
Querying trie...
Done!
total time: 853.401056 ms, avg latency: 853.401056 ns
topology: 0.833210 MB, link: 3.468150 MB, data: 6.161425 MB
2413.758664,10.462785,853.401056
[PASSED]
[time 3.83 s, user 3.64 s, sys 0.17 s, maxrss 344944 KB]
[busy 399 jiffies]
[exit 0]
--- c2 case 1 rec 0   load 0.79 1.06 1.01
[TEST C2-CoCo(LOUDS-Sparse)]
Processing dataset...
Done!
Building trie...
Done!
build time: 2118.772044 ms (2118.772044 ns per key)
space cost: 12.265971 MB (61.291488% of original size 20.012519 MB)
Querying trie...
Done!
total time: 733.924096 ms, avg latency: 733.924096 ns
topology: 0.432648 MB, link: 3.282862 MB, data: 8.550461 MB
2118.772044,12.265971,733.924096
[PASSED]
[time 3.41 s, user 3.21 s, sys 0.19 s, maxrss 357920 KB]
[busy 356 jiffies]
[exit 0]
--- c2 case 0 rec 2   load 0.81 1.06 1.01
[TEST C2-FST]
Processing dataset...
Done!
Building trie...
trie size: 3.096522 MB
trie size: 0.887704 MB
Done!
build time: 1450.276865 ms (1450.276865 ns per key)
space cost: 9.522977 MB (47.585099% of original size 20.012519 MB)
Querying trie...
Done!
total time: 596.139075 ms, avg latency: 596.139075 ns
topology: 1.448536 MB, link: 2.515947 MB, data: 5.558494 MB
--- Unary Path Analysis (FST, cutoff=4) ---
  shared unary steps in main trie: 632648
  terminal suffixes: inplace=148307 (avg len=2.14)  links=794871 (84.3% of terminal)
  link len: avg=12.03  max=232  total_chars=9558452
  link length distribution (len:count):  4:67686  5:69275  6:65423  7:58787  8:51921  9:47544  10:42795  11:38054  12:34227  13:30736  14:30694  15:28260  16:25308  17:22807  18:19264  19:17586  20:15912  21:14224  22:12066  23:10759  24:9477  25:8347  26:7925  27:7112  28:6113  29:5746  30:5072  31:4462  32:3927  33:3658  34:3228  35:2847  36:2644  37:2353  38:2038  39:1870  40:1644  41:1489  42:1315  43:1143  44:928  45:846  46:722  47:679  48:610  49:543  50:459  51:451  52:342  53:339  54:284  55:273  56:239  57:215  58:214  59:177  60:158  61:140  62:127  63:109  64:95  65:79  66:80  67:78  68:75  69:69  70:68  71:54  72:51  73:42  74:46  75:42  76:35  77:41  78:38  79:39  80:21  81:18  82:21  83:19  84:14  85:18  86:14  87:15  88:11  89:14  90:13  91:7  92:5  93:8  94:7  95:5  96:8  97:8  98:5  99:7  100:11  101:5  102:6  103:3  104:3  105:3  106:5  107:4  108:5  109:1  110:2  111:6  112:1  113:1  114:1  115:4  116:1  118:1  119:2  121:2  123:2  125:1  126:1  128:1  129:1  131:1  132:2  134:1  135:1  136:1  137:3  138:1  139:1  141:2  145:1  152:1  154:1  156:1  159:3  165:1  168:1  174:1  175:1  179:1  181:1  199:1  201:1  202:1  204:1  207:1  216:1  217:1  219:1  233:1
1450.276865,9.522977,596.139075
[PASSED]
[time 2.62 s, user 2.47 s, sys 0.13 s, maxrss 180672 KB]
[busy 274 jiffies]
[exit 0]
--- c2 case 0 rec 1   load 0.82 1.06 1.01
[TEST C2-FST]
Processing dataset...
Done!
Building trie...
trie size: 3.096522 MB
Done!
build time: 1327.355794 ms (1327.355794 ns per key)
space cost: 9.522977 MB (47.585099% of original size 20.012519 MB)
Querying trie...
Done!
total time: 590.403647 ms, avg latency: 590.403647 ns
topology: 1.448536 MB, link: 2.515947 MB, data: 5.558494 MB
--- Unary Path Analysis (FST, cutoff=4) ---
  shared unary steps in main trie: 632648
  terminal suffixes: inplace=148307 (avg len=2.14)  links=794871 (84.3% of terminal)
  link len: avg=12.03  max=232  total_chars=9558452
  link length distribution (len:count):  4:67686  5:69275  6:65423  7:58787  8:51921  9:47544  10:42795  11:38054  12:34227  13:30736  14:30694  15:28260  16:25308  17:22807  18:19264  19:17586  20:15912  21:14224  22:12066  23:10759  24:9477  25:8347  26:7925  27:7112  28:6113  29:5746  30:5072  31:4462  32:3927  33:3658  34:3228  35:2847  36:2644  37:2353  38:2038  39:1870  40:1644  41:1489  42:1315  43:1143  44:928  45:846  46:722  47:679  48:610  49:543  50:459  51:451  52:342  53:339  54:284  55:273  56:239  57:215  58:214  59:177  60:158  61:140  62:127  63:109  64:95  65:79  66:80  67:78  68:75  69:69  70:68  71:54  72:51  73:42  74:46  75:42  76:35  77:41  78:38  79:39  80:21  81:18  82:21  83:19  84:14  85:18  86:14  87:15  88:11  89:14  90:13  91:7  92:5  93:8  94:7  95:5  96:8  97:8  98:5  99:7  100:11  101:5  102:6  103:3  104:3  105:3  106:5  107:4  108:5  109:1  110:2  111:6  112:1  113:1  114:1  115:4  116:1  118:1  119:2  121:2  123:2  125:1  126:1  128:1  129:1  131:1  132:2  134:1  135:1  136:1  137:3  138:1  139:1  141:2  145:1  152:1  154:1  156:1  159:3  165:1  168:1  174:1  175:1  179:1  181:1  199:1  201:1  202:1  204:1  207:1  216:1  217:1  219:1  233:1
1327.355794,9.522977,590.403647
[PASSED]
[time 2.49 s, user 2.34 s, sys 0.13 s, maxrss 181088 KB]
[busy 259 jiffies]
[exit 0]
--- c2 case 0 rec 0   load 0.76 1.04 1.01
[TEST C2-FST]
Processing dataset...
Done!
Building trie...
Done!
build time: 1024.637857 ms (1024.637857 ns per key)
space cost: 11.326162 MB (56.595386% of original size 20.012519 MB)
Querying trie...
Done!
total time: 468.058749 ms, avg latency: 468.058749 ns
topology: 1.047974 MB, link: 2.330659 MB, data: 7.947530 MB
--- Unary Path Analysis (FST, cutoff=4) ---
  shared unary steps in main trie: 632648
  terminal suffixes: inplace=148307 (avg len=2.14)  links=794871 (84.3% of terminal)
  link len: avg=12.03  max=232  total_chars=9558452
  link length distribution (len:count):  4:67686  5:69275  6:65423  7:58787  8:51921  9:47544  10:42795  11:38054  12:34227  13:30736  14:30694  15:28260  16:25308  17:22807  18:19264  19:17586  20:15912  21:14224  22:12066  23:10759  24:9477  25:8347  26:7925  27:7112  28:6113  29:5746  30:5072  31:4462  32:3927  33:3658  34:3228  35:2847  36:2644  37:2353  38:2038  39:1870  40:1644  41:1489  42:1315  43:1143  44:928  45:846  46:722  47:679  48:610  49:543  50:459  51:451  52:342  53:339  54:284  55:273  56:239  57:215  58:214  59:177  60:158  61:140  62:127  63:109  64:95  65:79  66:80  67:78  68:75  69:69  70:68  71:54  72:51  73:42  74:46  75:42  76:35  77:41  78:38  79:39  80:21  81:18  82:21  83:19  84:14  85:18  86:14  87:15  88:11  89:14  90:13  91:7  92:5  93:8  94:7  95:5  96:8  97:8  98:5  99:7  100:11  101:5  102:6  103:3  104:3  105:3  106:5  107:4  108:5  109:1  110:2  111:6  112:1  113:1  114:1  115:4  116:1  118:1  119:2  121:2  123:2  125:1  126:1  128:1  129:1  131:1  132:2  134:1  135:1  136:1  137:3  138:1  139:1  141:2  145:1  152:1  154:1  156:1  159:3  165:1  168:1  174:1  175:1  179:1  181:1  199:1  201:1  202:1  204:1  207:1  216:1  217:1  219:1  233:1
1024.637857,11.326162,468.058749
[PASSED]
[time 2.06 s, user 1.94 s, sys 0.10 s, maxrss 185016 KB]
[busy 214 jiffies]
[exit 0]
--- lexindex string   load 0.76 1.04 1.01
1000000 keys
lexindex StringIndex: build 1014 ms, size 16.482 MiB (17.283 B/key), latency cold 479.5 ns, then mean 472.1 / min 470.3 ns
1013.998,16.482312,479.502
[time 3.40 s, user 3.30 s, sys 0.08 s, maxrss 163420 KB]
[busy 363 jiffies]
[exit 0]
--- lexindex dict1024   load 0.78 1.04 1.01
1000000 keys
lexindex DictIndex block 1024: build 152 ms, size 8.882 MiB (9.313 B/key), latency cold 459.8 ns, then mean 462.0 / min 459.0 ns
152.127,8.881789,459.843
[time 2.50 s, user 2.95 s, sys 0.18 s, maxrss 170924 KB]
[busy 334 jiffies]
[exit 0]
--- lexindex dict256   load 0.79 1.04 1.01
1000000 keys
lexindex DictIndex block 256: build 145 ms, size 8.940 MiB (9.374 B/key), latency cold 409.9 ns, then mean 406.1 / min 403.1 ns
144.654,8.939933,409.935
[time 2.28 s, user 3.04 s, sys 0.19 s, maxrss 190780 KB]
[busy 343 jiffies]
[exit 0]
--- lexindex dict32   load 0.79 1.04 1.01
1000000 keys
lexindex DictIndex block 32: build 143 ms, size 9.430 MiB (9.888 B/key), latency cold 379.5 ns, then mean 375.6 / min 374.3 ns
143.239,9.430320,379.528
[time 2.15 s, user 2.92 s, sys 0.19 s, maxrss 188104 KB]
[busy 326 jiffies]
[exit 0]

##### pypi-full (889864 lines, 12756399 bytes)   round 2/3   2026-09-15T15:35:04+03:00
--- xcdat 16   load 0.81 1.04 1.01
build time: 349.624369 ms
space cost: 8.791730 MiB (77.687354% of original size 11.316810 MiB)
avg latency: 141.412430 ns
349.624369,8.791730,141.412430
[time 0.87 s, user 0.78 s, sys 0.08 s, maxrss 124980 KB]
[busy 93 jiffies]
[exit 0]
--- xcdat 15   load 0.81 1.04 1.01
build time: 367.122760 ms
space cost: 8.417356 MiB (74.379227% of original size 11.316810 MiB)
avg latency: 138.394638 ns
367.122760,8.417356,138.394638
[time 0.90 s, user 0.81 s, sys 0.08 s, maxrss 125120 KB]
[busy 94 jiffies]
[exit 0]
--- xcdat 8   load 0.83 1.04 1.01
build time: 348.953088 ms
space cost: 7.063261 MiB (62.413889% of original size 11.316810 MiB)
avg latency: 166.850786 ns
348.953088,7.063261,166.850786
[time 0.90 s, user 0.81 s, sys 0.08 s, maxrss 125000 KB]
[busy 96 jiffies]
[exit 0]
--- xcdat 7   load 0.83 1.04 1.01
build time: 371.513601 ms
space cost: 7.451407 MiB (65.843711% of original size 11.316810 MiB)
avg latency: 179.182683 ns
371.513601,7.451407,179.182683
[time 0.94 s, user 0.85 s, sys 0.08 s, maxrss 125272 KB]
[busy 104 jiffies]
[exit 0]
--- c2 case 8 rec 0   load 0.76 1.02 1.00
[TEST CART]
Processing dataset...
Done!
Building trie...
Done!
build time: 139.993452 ms (157.320053 ns per key)
space cost: 12.686618 MB (112.104190% of original size 11.316810 MB)
Querying trie...
Done!
total time: 317.299387 ms, avg latency: 356.570652 ns
not implemented
139.993452,12.686618,356.570652
[PASSED]
[time 0.87 s, user 0.79 s, sys 0.07 s, maxrss 121224 KB]
[busy 93 jiffies]
[exit 0]
--- c2 case 7 rec 0   load 0.76 1.02 1.00
[TEST ART]
Processing dataset...
Done!
Building trie...
Done!
build time: 99.673787 ms (112.010135 ns per key)
space cost: 28.637695 MB (253.054493% of original size 11.316810 MB)
Querying trie...
Done!
total time: 259.217656 ms, avg latency: 291.300307 ns
not implemented
99.673787,28.637695,291.300307
[PASSED]
[time 0.75 s, user 0.67 s, sys 0.07 s, maxrss 123816 KB]
[busy 80 jiffies]
[exit 0]
--- c2 case 6 rec 0   load 0.76 1.02 1.00
[TEST PDT]
Processing dataset...
Done!
Building trie...
dict size: 158766, stream size: 3178838
Done!
build time: 1613.262431 ms (1812.931449 ns per key)
space cost: 4.318639 MB (38.161275% of original size 11.316810 MB)
Querying trie...
Done!
total time: 464.152529 ms, avg latency: 521.599401 ns
not implemented
1613.262431,4.318639,521.599401
[PASSED]
[time 2.48 s, user 2.38 s, sys 0.09 s, maxrss 137316 KB]
[busy 260 jiffies]
[exit 0]
--- c2 case 5 rec 2   load 0.78 1.02 1.00
[TEST MARISA]
Processing dataset...
Done!
Building trie...
Done!
build time: 436.643216 ms (490.685336 ns per key)
space cost: 3.830196 MB (33.845196% of original size 11.316810 MB)
Querying trie...
Done!
total time: 476.459685 ms, avg latency: 535.429779 ns
not implemented
436.643216,3.830196,535.429779
[PASSED]
[time 1.29 s, user 1.20 s, sys 0.08 s, maxrss 131972 KB]
[busy 138 jiffies]
[exit 0]
--- c2 case 5 rec 1   load 0.78 1.02 1.00
[TEST MARISA]
Processing dataset...
Done!
Building trie...
Done!
build time: 425.823905 ms (478.526949 ns per key)
space cost: 4.038295 MB (35.684039% of original size 11.316810 MB)
Querying trie...
Done!
total time: 445.744659 ms, avg latency: 500.913240 ns
not implemented
425.823905,4.038295,500.913240
[PASSED]
[time 1.25 s, user 1.16 s, sys 0.09 s, maxrss 132112 KB]
[busy 132 jiffies]
[exit 0]
--- c2 case 5 rec 0   load 0.80 1.02 1.00
[TEST MARISA]
Processing dataset...
Done!
Building trie...
Done!
build time: 377.468892 ms (424.187170 ns per key)
space cost: 5.316237 MB (46.976468% of original size 11.316810 MB)
Querying trie...
Done!
total time: 335.783982 ms, avg latency: 377.343034 ns
not implemented
377.468892,5.316237,377.343034
[PASSED]
[time 1.11 s, user 1.02 s, sys 0.08 s, maxrss 132136 KB]
[busy 118 jiffies]
[exit 0]
--- c2 case 4 rec 0   load 0.80 1.02 1.00
[TEST COCO]
Processing dataset...
Done!
Building trie...
num nodes = 375656, average depth = 5.235279
ef = 0.000442, pa = 0.203029, bv = 0.001044, de = 0.703223
efr = 0.002106, par = 0.078420, bvr = 0.000029, der = 0.011708
Done!
build time: 7619.707842 ms (8562.777955 ns per key)
space cost: 7.666221 MB (67.741891% of original size 11.316810 MB)
Querying trie...
Done!
total time: 427.118127 ms, avg latency: 479.981353 ns
not implemented
7619.707842,7.666221,479.981353
[PASSED]
[time 8.76 s, user 6.87 s, sys 1.85 s, maxrss 4347372 KB]
[busy 907 jiffies]
[exit 0]
--- c2 case 3 rec 0   load 0.83 1.02 1.00
[TEST FST]
Processing dataset...
Done!
Building trie...
Done!
build time: 508.247007 ms (571.151330 ns per key)
space cost: 5.878841 MB (51.947869% of original size 11.316810 MB)
Querying trie...
Done!
total time: 484.305609 ms, avg latency: 544.246771 ns
not implemented
508.247007,5.878841,544.246771
[PASSED]
[time 1.38 s, user 1.31 s, sys 0.06 s, maxrss 86764 KB]
[busy 150 jiffies]
[exit 0]
--- c2 case 2 rec 2   load 0.84 1.02 1.00
[TEST C2-MARISA]
Processing dataset...
Done!
Building trie...
trie size: 2.034968 MB
trie size: 2.021012 MB
trie size: 0.240847 MB
Done!
build time: 583.303516 ms (655.497375 ns per key)
space cost: 4.528195 MB (40.013003% of original size 11.316810 MB)
Querying trie...
Done!
total time: 288.667495 ms, avg latency: 324.395070 ns
topology: 0.839943 MB, link: 1.648341 MB, data: 2.019403 MB
--- Unary Path Analysis (Marisa, cutoff=3) ---
  branches: 1290446  |  single-char: 483681 (37.5%)  short-unary: 134846 (10.4%)  links: 671919 (52.1%)
  link len: avg=7.04  max=178  total_chars=4731655
  link length distribution (len:count):  3:128200  4:106194  5:84287  6:72656  7:58516  8:44149  9:36040  10:28839  11:21753  12:17688  13:15308  14:12510  15:9745  16:7525  17:6122  18:4690  19:3698  20:2882  21:2216  22:1721  23:1367  24:1119  25:897  26:746  27:562  28:441  29:368  30:406  31:316  32:177  33:153  34:106  35:106  36:75  37:44  38:54  39:50  40:27  41:25  42:13  43:21  44:16  45:7  46:10  47:6  48:5  49:10  50:2  51:4  52:5  53:2  54:2  55:2  56:1  57:5  58:3  61:2  63:2  64:1  65:3  66:2  68:2  69:3  72:1  76:1  78:2  83:1  87:1  100:2  107:1  114:1  154:1  178:1
  short unary avg len: 2.00
583.303516,4.528195,324.395070
[PASSED]
[time 1.26 s, user 1.17 s, sys 0.09 s, maxrss 158992 KB]
[busy 134 jiffies]
[exit 0]
--- c2 case 2 rec 1   load 0.84 1.02 1.00
[TEST C2-MARISA]
Processing dataset...
Done!
Building trie...
trie size: 2.034968 MB
trie size: 2.021012 MB
Done!
build time: 558.760868 ms (627.917151 ns per key)
space cost: 4.528195 MB (40.013003% of original size 11.316810 MB)
Querying trie...
Done!
total time: 284.872995 ms, avg latency: 320.130936 ns
topology: 0.839943 MB, link: 1.648341 MB, data: 2.019403 MB
--- Unary Path Analysis (Marisa, cutoff=3) ---
  branches: 1290446  |  single-char: 483681 (37.5%)  short-unary: 134846 (10.4%)  links: 671919 (52.1%)
  link len: avg=7.04  max=178  total_chars=4731655
  link length distribution (len:count):  3:128200  4:106194  5:84287  6:72656  7:58516  8:44149  9:36040  10:28839  11:21753  12:17688  13:15308  14:12510  15:9745  16:7525  17:6122  18:4690  19:3698  20:2882  21:2216  22:1721  23:1367  24:1119  25:897  26:746  27:562  28:441  29:368  30:406  31:316  32:177  33:153  34:106  35:106  36:75  37:44  38:54  39:50  40:27  41:25  42:13  43:21  44:16  45:7  46:10  47:6  48:5  49:10  50:2  51:4  52:5  53:2  54:2  55:2  56:1  57:5  58:3  61:2  63:2  64:1  65:3  66:2  68:2  69:3  72:1  76:1  78:2  83:1  87:1  100:2  107:1  114:1  154:1  178:1
  short unary avg len: 2.00
558.760868,4.528195,320.130936
[PASSED]
[time 1.22 s, user 1.12 s, sys 0.09 s, maxrss 158928 KB]
[busy 131 jiffies]
[exit 0]
--- c2 case 2 rec 0   load 0.78 1.00 0.99
[TEST C2-MARISA]
Processing dataset...
Done!
Building trie...
trie size: 2.034968 MB
Done!
build time: 481.055091 ms (540.593946 ns per key)
space cost: 5.148748 MB (45.496465% of original size 11.316810 MB)
Querying trie...
Done!
total time: 234.770437 ms, avg latency: 263.827323 ns
topology: 0.673512 MB, link: 1.684298 MB, data: 2.770432 MB
--- Unary Path Analysis (Marisa, cutoff=3) ---
  branches: 1290446  |  single-char: 483681 (37.5%)  short-unary: 134846 (10.4%)  links: 671919 (52.1%)
  link len: avg=7.04  max=178  total_chars=4731655
  link length distribution (len:count):  3:128200  4:106194  5:84287  6:72656  7:58516  8:44149  9:36040  10:28839  11:21753  12:17688  13:15308  14:12510  15:9745  16:7525  17:6122  18:4690  19:3698  20:2882  21:2216  22:1721  23:1367  24:1119  25:897  26:746  27:562  28:441  29:368  30:406  31:316  32:177  33:153  34:106  35:106  36:75  37:44  38:54  39:50  40:27  41:25  42:13  43:21  44:16  45:7  46:10  47:6  48:5  49:10  50:2  51:4  52:5  53:2  54:2  55:2  56:1  57:5  58:3  61:2  63:2  64:1  65:3  66:2  68:2  69:3  72:1  76:1  78:2  83:1  87:1  100:2  107:1  114:1  154:1  178:1
  short unary avg len: 2.00
481.055091,5.148748,263.827323
[PASSED]
[time 1.09 s, user 1.01 s, sys 0.07 s, maxrss 159208 KB]
[busy 114 jiffies]
[exit 0]
--- c2 case 1 rec 2   load 0.78 1.00 0.99
[TEST C2-CoCo(LOUDS-Sparse)]
Processing dataset...
Done!
Building trie...
trie size: 1.301167 MB
trie size: 0.188086 MB
Done!
build time: 1255.490753 ms (1410.879362 ns per key)
space cost: 5.460092 MB (48.247627% of original size 11.316810 MB)
Querying trie...
Done!
total time: 517.482952 ms, avg latency: 581.530382 ns
topology: 0.492825 MB, link: 1.813464 MB, data: 3.153803 MB
1255.490753,5.460092,581.530382
[PASSED]
[time 2.16 s, user 2.03 s, sys 0.11 s, maxrss 251528 KB]
[busy 227 jiffies]
[exit 0]
--- c2 case 1 rec 1   load 0.79 1.00 1.00
[TEST C2-CoCo(LOUDS-Sparse)]
Processing dataset...
Done!
Building trie...
trie size: 1.301167 MB
Done!
build time: 1236.417191 ms (1389.445119 ns per key)
space cost: 5.460092 MB (48.247627% of original size 11.316810 MB)
Querying trie...
Done!
total time: 511.171853 ms, avg latency: 574.438176 ns
topology: 0.492825 MB, link: 1.813464 MB, data: 3.153803 MB
1236.417191,5.460092,574.438176
[PASSED]
[time 2.12 s, user 1.99 s, sys 0.12 s, maxrss 251788 KB]
[busy 222 jiffies]
[exit 0]
--- c2 case 1 rec 0   load 0.79 1.00 1.00
[TEST C2-CoCo(LOUDS-Sparse)]
Processing dataset...
Done!
Building trie...
Done!
build time: 1184.091205 ms (1330.642890 ns per key)
space cost: 5.902932 MB (52.160740% of original size 11.316810 MB)
Querying trie...
Done!
total time: 476.833568 ms, avg latency: 535.849937 ns
topology: 0.365089 MB, link: 1.816309 MB, data: 3.721533 MB
1184.091205,5.902932,535.849937
[PASSED]
[time 2.04 s, user 1.91 s, sys 0.12 s, maxrss 251580 KB]
[busy 213 jiffies]
[exit 0]
--- c2 case 0 rec 2   load 0.81 1.00 1.00
[TEST C2-FST]
Processing dataset...
Done!
Building trie...
trie size: 1.301167 MB
trie size: 0.188086 MB
Done!
build time: 467.255109 ms (525.085978 ns per key)
space cost: 5.131913 MB (45.347703% of original size 11.316810 MB)
Querying trie...
Done!
total time: 358.776738 ms, avg latency: 403.181540 ns
topology: 0.978825 MB, link: 1.146868 MB, data: 3.006221 MB
--- Unary Path Analysis (FST, cutoff=4) ---
  shared unary steps in main trie: 344931
  terminal suffixes: inplace=288151 (avg len=1.99)  links=405388 (58.5% of terminal)
  link len: avg=7.08  max=176  total_chars=2869854
  link length distribution (len:count):  4:74698  5:65971  6:53798  7:40968  8:33851  9:27326  10:20764  11:16938  12:14649  13:12025  14:9410  15:7294  16:5909  17:4518  18:3598  19:2810  20:2154  21:1673  22:1340  23:1095  24:876  25:726  26:550  27:431  28:361  29:400  30:312  31:173  32:150  33:103  34:106  35:75  36:44  37:52  38:50  39:27  40:24  41:13  42:21  43:16  44:7  45:10  46:6  47:5  48:10  49:1  50:4  51:5  52:2  53:2  54:2  55:1  56:5  57:3  60:2  62:2  63:1  64:3  65:2  67:1  68:3  71:1  75:1  77:2  82:1  86:1  99:2  106:1  113:1  153:1  177:1
467.255109,5.131913,403.181540
[PASSED]
[time 1.23 s, user 1.14 s, sys 0.07 s, maxrss 129696 KB]
[busy 131 jiffies]
[exit 0]
--- c2 case 0 rec 1   load 0.81 1.00 1.00
[TEST C2-FST]
Processing dataset...
Done!
Building trie...
trie size: 1.301167 MB
Done!
build time: 452.714676 ms (508.745916 ns per key)
space cost: 5.131913 MB (45.347703% of original size 11.316810 MB)
Querying trie...
Done!
total time: 355.016873 ms, avg latency: 398.956327 ns
topology: 0.978825 MB, link: 1.146868 MB, data: 3.006221 MB
--- Unary Path Analysis (FST, cutoff=4) ---
  shared unary steps in main trie: 344931
  terminal suffixes: inplace=288151 (avg len=1.99)  links=405388 (58.5% of terminal)
  link len: avg=7.08  max=176  total_chars=2869854
  link length distribution (len:count):  4:74698  5:65971  6:53798  7:40968  8:33851  9:27326  10:20764  11:16938  12:14649  13:12025  14:9410  15:7294  16:5909  17:4518  18:3598  19:2810  20:2154  21:1673  22:1340  23:1095  24:876  25:726  26:550  27:431  28:361  29:400  30:312  31:173  32:150  33:103  34:106  35:75  36:44  37:52  38:50  39:27  40:24  41:13  42:21  43:16  44:7  45:10  46:6  47:5  48:10  49:1  50:4  51:5  52:2  53:2  54:2  55:1  56:5  57:3  60:2  62:2  63:1  64:3  65:2  67:1  68:3  71:1  75:1  77:2  82:1  86:1  99:2  106:1  113:1  153:1  177:1
452.714676,5.131913,398.956327
[PASSED]
[time 1.20 s, user 1.11 s, sys 0.07 s, maxrss 129760 KB]
[busy 125 jiffies]
[exit 0]
--- c2 case 0 rec 0   load 0.83 1.00 1.00
[TEST C2-FST]
Processing dataset...
Done!
Building trie...
Done!
build time: 399.038363 ms (448.426235 ns per key)
space cost: 5.574753 MB (49.260816% of original size 11.316810 MB)
Querying trie...
Done!
total time: 317.572912 ms, avg latency: 356.878031 ns
topology: 0.851089 MB, link: 1.149713 MB, data: 3.573951 MB
--- Unary Path Analysis (FST, cutoff=4) ---
  shared unary steps in main trie: 344931
  terminal suffixes: inplace=288151 (avg len=1.99)  links=405388 (58.5% of terminal)
  link len: avg=7.08  max=176  total_chars=2869854
  link length distribution (len:count):  4:74698  5:65971  6:53798  7:40968  8:33851  9:27326  10:20764  11:16938  12:14649  13:12025  14:9410  15:7294  16:5909  17:4518  18:3598  19:2810  20:2154  21:1673  22:1340  23:1095  24:876  25:726  26:550  27:431  28:361  29:400  30:312  31:173  32:150  33:103  34:106  35:75  36:44  37:52  38:50  39:27  40:24  41:13  42:21  43:16  44:7  45:10  46:6  47:5  48:10  49:1  50:4  51:5  52:2  53:2  54:2  55:1  56:5  57:3  60:2  62:2  63:1  64:3  65:2  67:1  68:3  71:1  75:1  77:2  82:1  86:1  99:2  106:1  113:1  153:1  177:1
399.038363,5.574753,356.878031
[PASSED]
[time 1.10 s, user 1.02 s, sys 0.08 s, maxrss 129744 KB]
[busy 117 jiffies]
[exit 0]
--- lexindex string   load 0.83 1.00 1.00
889864 keys
lexindex StringIndex: build 483 ms, size 8.484 MiB (9.998 B/key), latency cold 309.1 ns, then mean 299.2 / min 294.0 ns
482.803,8.484477,309.089
[time 1.97 s, user 1.90 s, sys 0.06 s, maxrss 122044 KB]
[busy 214 jiffies]
[exit 0]
--- lexindex dict1024   load 0.84 1.00 1.00
889864 keys
lexindex DictIndex block 1024: build 101 ms, size 4.117 MiB (4.851 B/key), latency cold 361.7 ns, then mean 356.3 / min 355.6 ns
101.337,4.117012,361.725
[time 1.80 s, user 1.99 s, sys 0.11 s, maxrss 136276 KB]
[busy 222 jiffies]
[exit 0]
--- lexindex dict256   load 0.84 1.00 1.00
889864 keys
lexindex DictIndex block 256: build 94 ms, size 4.166 MiB (4.909 B/key), latency cold 315.2 ns, then mean 309.2 / min 307.5 ns
94.184,4.165751,315.221
[time 1.63 s, user 1.94 s, sys 0.15 s, maxrss 130060 KB]
[busy 222 jiffies]
[exit 0]
--- lexindex dict32   load 0.85 1.00 1.00
889864 keys
lexindex DictIndex block 32: build 91 ms, size 4.542 MiB (5.352 B/key), latency cold 287.9 ns, then mean 284.3 / min 281.3 ns
90.744,4.541866,287.938
[time 1.53 s, user 1.86 s, sys 0.12 s, maxrss 138172 KB]
[busy 210 jiffies]
[exit 0]

##### paths-1000000 (1000000 lines, 125978312 bytes)   round 2/3   2026-09-15T15:36:11+03:00
--- xcdat 16   load 0.85 1.00 1.00
build time: 1351.560557 ms
space cost: 25.154240 MiB (21.104567% of original size 119.188606 MiB)
avg latency: 690.487605 ns
1351.560557,25.154240,690.487605
[time 3.06 s, user 2.81 s, sys 0.23 s, maxrss 369248 KB]
[busy 321 jiffies]
[exit 0]
--- xcdat 15   load 0.87 1.00 1.00
build time: 1421.899110 ms
space cost: 23.949356 MiB (20.093662% of original size 119.188606 MiB)
avg latency: 636.742874 ns
1421.899110,23.949356,636.742874
[time 3.06 s, user 2.82 s, sys 0.23 s, maxrss 367708 KB]
[busy 320 jiffies]
[exit 0]
--- xcdat 8   load 0.88 1.00 1.00
build time: 1354.023596 ms
space cost: 18.497238 MiB (15.519301% of original size 119.188606 MiB)
avg latency: 709.599198 ns
1354.023596,18.497238,709.599198
[time 3.06 s, user 2.82 s, sys 0.23 s, maxrss 362076 KB]
[busy 319 jiffies]
[exit 0]
--- xcdat 7   load 0.89 1.00 1.00
build time: 1419.405806 ms
space cost: 18.455355 MiB (15.484160% of original size 119.188606 MiB)
avg latency: 702.467206 ns
1419.405806,18.455355,702.467206
[time 3.13 s, user 2.89 s, sys 0.22 s, maxrss 362376 KB]
[busy 326 jiffies]
[exit 0]
--- c2 case 8 rec 0   load 0.90 1.00 1.00
[TEST CART]
Processing dataset...
Done!
Building trie...
Done!
build time: 465.685319 ms (465.685319 ns per key)
space cost: 18.620093 MB (15.622377% of original size 119.188606 MB)
Querying trie...
Done!
total time: 860.142504 ms, avg latency: 860.142504 ns
not implemented
465.685319,18.620093,860.142504
[PASSED]
[time 2.35 s, user 2.09 s, sys 0.25 s, maxrss 496424 KB]
[busy 243 jiffies]
[exit 0]
--- c2 case 7 rec 0   load 0.90 1.00 1.00
[TEST ART]
Processing dataset...
Done!
Building trie...
Done!
build time: 412.335730 ms (412.335730 ns per key)
space cost: 34.675591 MB (29.093041% of original size 119.188606 MB)
Querying trie...
Done!
total time: 789.293511 ms, avg latency: 789.293511 ns
not implemented
412.335730,34.675591,789.293511
[PASSED]
[time 2.23 s, user 1.96 s, sys 0.26 s, maxrss 505356 KB]
[busy 232 jiffies]
[exit 0]
--- c2 case 6 rec 0   load 0.90 1.00 1.00
[TEST PDT]
Processing dataset...
Done!
Building trie...
dict size: 153672, stream size: 10323140
Done!
build time: 4795.108748 ms (4795.108748 ns per key)
space cost: 11.267526 MB (9.453526% of original size 119.188606 MB)
Querying trie...
Done!
total time: 1070.354573 ms, avg latency: 1070.354573 ns
not implemented
4795.108748,11.267526,1070.354573
[PASSED]
[time 6.90 s, user 6.56 s, sys 0.30 s, maxrss 389184 KB]
[busy 716 jiffies]
[exit 0]
--- c2 case 5 rec 2   load 0.92 1.00 1.00
[TEST MARISA]
Processing dataset...
Done!
Building trie...
Done!
build time: 1787.980905 ms (1787.980905 ns per key)
space cost: 9.029414 MB (7.575736% of original size 119.188606 MB)
Querying trie...
Done!
total time: 2150.762828 ms, avg latency: 2150.762828 ns
not implemented
1787.980905,9.029414,2150.762828
[PASSED]
[time 4.88 s, user 4.61 s, sys 0.24 s, maxrss 411652 KB]
[busy 506 jiffies]
[exit 0]
--- c2 case 5 rec 1   load 0.93 1.00 1.00
[TEST MARISA]
Processing dataset...
Done!
Building trie...
Done!
build time: 1758.088143 ms (1758.088143 ns per key)
space cost: 9.428862 MB (7.910875% of original size 119.188606 MB)
Querying trie...
Done!
total time: 1771.780412 ms, avg latency: 1771.780412 ns
not implemented
1758.088143,9.428862,1771.780412
[PASSED]
[time 4.47 s, user 4.22 s, sys 0.23 s, maxrss 411784 KB]
[busy 466 jiffies]
[exit 0]
--- c2 case 5 rec 0   load 0.93 1.00 1.00
[TEST MARISA]
Processing dataset...
Done!
Building trie...
Done!
build time: 1616.875320 ms (1616.875320 ns per key)
space cost: 12.257486 MB (10.284109% of original size 119.188606 MB)
Querying trie...
Done!
total time: 974.253420 ms, avg latency: 974.253420 ns
not implemented
1616.875320,12.257486,974.253420
[PASSED]
[time 3.54 s, user 3.29 s, sys 0.22 s, maxrss 411712 KB]
[busy 368 jiffies]
[exit 0]
--- c2 case 4 rec 0   load 0.94 1.00 1.00
[TEST COCO]
Processing dataset...
Done!
Building trie...
num nodes = 584148, average depth = 12.594651
ef = 0.000038, pa = 0.103241, bv = 0.000608, de = 0.597184
efr = 0.000176, par = 0.181430, bvr = 0.000135, der = 0.117188
Done!
build time: 44853.305418 ms (44853.305418 ns per key)
space cost: 19.697372 MB (16.526221% of original size 119.188606 MB)
Querying trie...
Done!
total time: 1401.706496 ms, avg latency: 1401.706496 ns
not implemented
44853.305418,19.697372,1401.706496
[PASSED]
[time 48.78 s, user 38.54 s, sys 10.05 s, maxrss 23293048 KB]
[busy 5018 jiffies]
[exit 0]
--- c2 case 3 rec 0   load 0.97 1.00 1.00
[TEST FST]
Processing dataset...
Done!
Building trie...
Done!
build time: 3329.215688 ms (3329.215688 ns per key)
space cost: 14.021067 MB (11.763764% of original size 119.188606 MB)
Querying trie...
Done!
total time: 4550.912228 ms, avg latency: 4550.912228 ns
not implemented
3329.215688,14.021067,4550.912228
[PASSED]
[time 8.88 s, user 8.64 s, sys 0.20 s, maxrss 357712 KB]
[busy 911 jiffies]
[exit 0]
--- c2 case 2 rec 2   load 0.98 1.00 1.00
[TEST C2-MARISA]
Processing dataset...
Done!
Building trie...
trie size: 2.297644 MB
trie size: 3.841883 MB
trie size: 0.864431 MB
Done!
build time: 1805.191204 ms (1805.191204 ns per key)
space cost: 9.839272 MB (8.255212% of original size 119.188606 MB)
Querying trie...
Done!
total time: 1598.121620 ms, avg latency: 1598.121620 ns
topology: 1.073097 MB, link: 3.403300 MB, data: 5.342366 MB
--- Unary Path Analysis (Marisa, cutoff=3) ---
  branches: 1534795  |  single-char: 270841 (17.6%)  short-unary: 45134 (2.9%)  links: 1218820 (79.4%)
  link len: avg=14.88  max=445  total_chars=18132830
  link length distribution (len:count):  3:37127  4:49365  5:75461  6:91989  7:72185  8:66513  9:63973  10:68956  11:73223  12:65790  13:57380  14:41495  15:36762  16:42631  17:41179  18:27817  19:22377  20:18838  21:17845  22:16718  23:15115  24:13613  25:12555  26:39233  27:27982  28:7379  29:6328  30:6087  31:6172  32:5955  33:5265  34:5643  35:4792  36:4909  37:5534  38:9417  39:5190  40:12044  41:4130  42:3423  43:3194  44:2134  45:1772  46:1642  47:1384  48:1261  49:1057  50:900  51:919  52:1030  53:750  54:799  55:667  56:702  57:772  58:823  59:1198  60:1008  61:899  62:972  63:712  64:409  65:454  66:414  67:320  68:269  69:256  70:270  71:258  72:280  73:453  74:258  75:356  76:221  77:315  78:88  79:138  80:65  81:34  82:48  83:40  84:34  85:38  86:63  87:38  88:23  89:36  90:23  91:6  92:6  93:19  94:8  95:11  96:14  97:13  98:3  99:5  100:4  101:12  102:17  103:11  104:6  105:17  106:9  107:12  108:11  109:7  110:2  111:4  112:1  113:2  114:4  115:4  116:4  117:3  118:4  119:14  120:6  121:1  123:2  124:3  125:38  126:23  127:156  128:15  129:61  130:3  131:1  132:3  133:2  134:1  136:1  137:3  138:6  139:1  140:1  143:4  144:2  145:2  146:2  147:2  149:1  152:3  153:1  155:2  157:1  160:2  161:2  162:2  166:3  167:1  168:1  172:1  173:3  174:1  175:1  176:1  183:2  185:1  188:4  189:2  191:2  192:3  195:2  196:3  199:1  202:1  203:1  204:1  206:1  207:2  216:1  220:1  230:1  234:1  236:1  244:1  248:1  258:1  266:1  445:1
  short unary avg len: 2.00
1805.191204,9.839272,1598.121620
[PASSED]
[time 4.40 s, user 4.14 s, sys 0.23 s, maxrss 354092 KB]
[busy 453 jiffies]
[exit 0]
--- c2 case 2 rec 1   load 0.98 1.00 1.00
[TEST C2-MARISA]
Processing dataset...
Done!
Building trie...
trie size: 2.297644 MB
trie size: 3.841883 MB
Done!
build time: 1655.015028 ms (1655.015028 ns per key)
space cost: 9.839272 MB (8.255212% of original size 119.188606 MB)
Querying trie...
Done!
total time: 1596.927326 ms, avg latency: 1596.927326 ns
topology: 1.073097 MB, link: 3.403300 MB, data: 5.342366 MB
--- Unary Path Analysis (Marisa, cutoff=3) ---
  branches: 1534795  |  single-char: 270841 (17.6%)  short-unary: 45134 (2.9%)  links: 1218820 (79.4%)
  link len: avg=14.88  max=445  total_chars=18132830
  link length distribution (len:count):  3:37127  4:49365  5:75461  6:91989  7:72185  8:66513  9:63973  10:68956  11:73223  12:65790  13:57380  14:41495  15:36762  16:42631  17:41179  18:27817  19:22377  20:18838  21:17845  22:16718  23:15115  24:13613  25:12555  26:39233  27:27982  28:7379  29:6328  30:6087  31:6172  32:5955  33:5265  34:5643  35:4792  36:4909  37:5534  38:9417  39:5190  40:12044  41:4130  42:3423  43:3194  44:2134  45:1772  46:1642  47:1384  48:1261  49:1057  50:900  51:919  52:1030  53:750  54:799  55:667  56:702  57:772  58:823  59:1198  60:1008  61:899  62:972  63:712  64:409  65:454  66:414  67:320  68:269  69:256  70:270  71:258  72:280  73:453  74:258  75:356  76:221  77:315  78:88  79:138  80:65  81:34  82:48  83:40  84:34  85:38  86:63  87:38  88:23  89:36  90:23  91:6  92:6  93:19  94:8  95:11  96:14  97:13  98:3  99:5  100:4  101:12  102:17  103:11  104:6  105:17  106:9  107:12  108:11  109:7  110:2  111:4  112:1  113:2  114:4  115:4  116:4  117:3  118:4  119:14  120:6  121:1  123:2  124:3  125:38  126:23  127:156  128:15  129:61  130:3  131:1  132:3  133:2  134:1  136:1  137:3  138:6  139:1  140:1  143:4  144:2  145:2  146:2  147:2  149:1  152:3  153:1  155:2  157:1  160:2  161:2  162:2  166:3  167:1  168:1  172:1  173:3  174:1  175:1  176:1  183:2  185:1  188:4  189:2  191:2  192:3  195:2  196:3  199:1  202:1  203:1  204:1  206:1  207:2  216:1  220:1  230:1  234:1  236:1  244:1  248:1  258:1  266:1  445:1
  short unary avg len: 2.00
1655.015028,9.839272,1596.927326
[PASSED]
[time 4.24 s, user 3.99 s, sys 0.23 s, maxrss 353900 KB]
[busy 444 jiffies]
[exit 0]
--- c2 case 2 rec 0   load 0.98 1.00 1.00
[TEST C2-MARISA]
Processing dataset...
Done!
Building trie...
trie size: 2.297644 MB
Done!
build time: 1340.187796 ms (1340.187796 ns per key)
space cost: 11.928165 MB (10.007807% of original size 119.188606 MB)
Querying trie...
Done!
total time: 873.770542 ms, avg latency: 873.770542 ns
topology: 0.761036 MB, link: 3.343996 MB, data: 7.802626 MB
--- Unary Path Analysis (Marisa, cutoff=3) ---
  branches: 1534795  |  single-char: 270841 (17.6%)  short-unary: 45134 (2.9%)  links: 1218820 (79.4%)
  link len: avg=14.88  max=445  total_chars=18132830
  link length distribution (len:count):  3:37127  4:49365  5:75461  6:91989  7:72185  8:66513  9:63973  10:68956  11:73223  12:65790  13:57380  14:41495  15:36762  16:42631  17:41179  18:27817  19:22377  20:18838  21:17845  22:16718  23:15115  24:13613  25:12555  26:39233  27:27982  28:7379  29:6328  30:6087  31:6172  32:5955  33:5265  34:5643  35:4792  36:4909  37:5534  38:9417  39:5190  40:12044  41:4130  42:3423  43:3194  44:2134  45:1772  46:1642  47:1384  48:1261  49:1057  50:900  51:919  52:1030  53:750  54:799  55:667  56:702  57:772  58:823  59:1198  60:1008  61:899  62:972  63:712  64:409  65:454  66:414  67:320  68:269  69:256  70:270  71:258  72:280  73:453  74:258  75:356  76:221  77:315  78:88  79:138  80:65  81:34  82:48  83:40  84:34  85:38  86:63  87:38  88:23  89:36  90:23  91:6  92:6  93:19  94:8  95:11  96:14  97:13  98:3  99:5  100:4  101:12  102:17  103:11  104:6  105:17  106:9  107:12  108:11  109:7  110:2  111:4  112:1  113:2  114:4  115:4  116:4  117:3  118:4  119:14  120:6  121:1  123:2  124:3  125:38  126:23  127:156  128:15  129:61  130:3  131:1  132:3  133:2  134:1  136:1  137:3  138:6  139:1  140:1  143:4  144:2  145:2  146:2  147:2  149:1  152:3  153:1  155:2  157:1  160:2  161:2  162:2  166:3  167:1  168:1  172:1  173:3  174:1  175:1  176:1  183:2  185:1  188:4  189:2  191:2  192:3  195:2  196:3  199:1  202:1  203:1  204:1  206:1  207:2  216:1  220:1  230:1  234:1  236:1  244:1  248:1  258:1  266:1  445:1
  short unary avg len: 2.00
1340.187796,11.928165,873.770542
[PASSED]
[time 3.20 s, user 2.97 s, sys 0.22 s, maxrss 356212 KB]
[busy 337 jiffies]
[exit 0]
--- c2 case 1 rec 2   load 0.98 1.00 1.00
[TEST C2-CoCo(LOUDS-Sparse)]
Processing dataset...
Done!
Building trie...
trie size: 2.746100 MB
trie size: 0.687543 MB
Done!
build time: 5393.634818 ms (5393.634818 ns per key)
space cost: 13.118518 MB (11.006521% of original size 119.188606 MB)
Querying trie...
Done!
total time: 1800.893508 ms, avg latency: 1800.893508 ns
topology: 0.719440 MB, link: 3.961886 MB, data: 8.437192 MB
5393.634818,13.118518,1800.893508
[PASSED]
[time 8.16 s, user 7.81 s, sys 0.31 s, maxrss 591080 KB]
[busy 843 jiffies]
[exit 0]
--- c2 case 1 rec 1   load 0.91 0.98 0.99
[TEST C2-CoCo(LOUDS-Sparse)]
Processing dataset...
Done!
Building trie...
trie size: 2.746100 MB
Done!
build time: 5360.384758 ms (5360.384758 ns per key)
space cost: 13.118518 MB (11.006521% of original size 119.188606 MB)
Querying trie...
Done!
total time: 1808.451020 ms, avg latency: 1808.451020 ns
topology: 0.719440 MB, link: 3.961886 MB, data: 8.437192 MB
5360.384758,13.118518,1808.451020
[PASSED]
[time 8.15 s, user 7.79 s, sys 0.32 s, maxrss 588156 KB]
[busy 839 jiffies]
[exit 0]
--- c2 case 1 rec 0   load 0.91 0.98 1.00
[TEST C2-CoCo(LOUDS-Sparse)]
Processing dataset...
Done!
Building trie...
Done!
build time: 5092.103952 ms (5092.103952 ns per key)
space cost: 14.878411 MB (12.483082% of original size 119.188606 MB)
Querying trie...
Done!
total time: 1599.884733 ms, avg latency: 1599.884733 ns
topology: 0.476959 MB, link: 4.004946 MB, data: 10.396506 MB
5092.103952,14.878411,1599.884733
[PASSED]
[time 7.69 s, user 7.30 s, sys 0.35 s, maxrss 595500 KB]
[busy 792 jiffies]
[exit 0]
--- c2 case 0 rec 2   load 0.93 0.98 1.00
[TEST C2-FST]
Processing dataset...
Done!
Building trie...
trie size: 2.746100 MB
trie size: 0.687543 MB
Done!
build time: 1787.414911 ms (1787.414911 ns per key)
space cost: 12.500864 MB (10.488305% of original size 119.188606 MB)
Querying trie...
Done!
total time: 2601.367258 ms, avg latency: 2601.367258 ns
topology: 1.942371 MB, link: 2.552141 MB, data: 8.006351 MB
--- Unary Path Analysis (FST, cutoff=4) ---
  shared unary steps in main trie: 2658278
  terminal suffixes: inplace=39819 (avg len=2.28)  links=891354 (95.7% of terminal)
  link len: avg=14.94  max=443  total_chars=13318660
  link length distribution (len:count):  4:40001  5:49577  6:45421  7:46380  8:50483  9:55180  10:56608  11:54673  12:51140  13:35047  14:30416  15:36724  16:35248  17:24069  18:19466  19:17073  20:16018  21:15299  22:13878  23:12677  24:11568  25:37816  26:26754  27:6712  28:5420  29:5541  30:5676  31:5365  32:4659  33:5334  34:4520  35:4652  36:5350  37:9255  38:4943  39:11477  40:3024  41:2087  42:2051  43:1854  44:1606  45:1448  46:1135  47:1025  48:963  49:801  50:774  51:907  52:679  53:727  54:589  55:642  56:710  57:689  58:824  59:515  60:781  61:937  62:666  63:360  64:436  65:381  66:289  67:245  68:235  69:250  70:244  71:266  72:444  73:249  74:341  75:214  76:315  77:82  78:131  79:63  80:31  81:46  82:38  83:33  84:32  85:58  86:34  87:20  88:33  89:21  90:5  91:6  92:18  93:7  94:11  95:14  96:12  97:3  98:4  99:4  100:10  101:17  102:11  103:6  104:17  105:9  106:12  107:11  108:7  109:2  110:3  111:1  112:2  113:4  114:3  115:4  116:3  117:4  118:13  119:5  120:1  122:2  123:3  124:38  125:23  126:156  127:15  128:61  129:3  130:1  131:3  132:2  133:1  136:3  137:6  138:1  139:1  142:4  143:1  144:2  145:2  146:2  151:3  152:1  154:2  159:2  160:2  161:2  165:3  167:1  171:1  172:3  173:1  174:1  175:1  182:1  187:3  188:1  190:2  191:1  194:1  195:3  198:1  201:1  202:1  203:1  205:1  206:1  215:1  219:1  233:1  235:1  243:1  247:1  257:1  265:1  444:1
1787.414911,12.500864,2601.367258
[PASSED]
[time 5.37 s, user 5.14 s, sys 0.20 s, maxrss 356664 KB]
[busy 556 jiffies]
[exit 0]
--- c2 case 0 rec 1   load 0.93 0.99 1.00
[TEST C2-FST]
Processing dataset...
Done!
Building trie...
trie size: 2.746100 MB
Done!
build time: 1677.444496 ms (1677.444496 ns per key)
space cost: 12.500864 MB (10.488305% of original size 119.188606 MB)
Querying trie...
Done!
total time: 2617.293055 ms, avg latency: 2617.293055 ns
topology: 1.942371 MB, link: 2.552141 MB, data: 8.006351 MB
--- Unary Path Analysis (FST, cutoff=4) ---
  shared unary steps in main trie: 2658278
  terminal suffixes: inplace=39819 (avg len=2.28)  links=891354 (95.7% of terminal)
  link len: avg=14.94  max=443  total_chars=13318660
  link length distribution (len:count):  4:40001  5:49577  6:45421  7:46380  8:50483  9:55180  10:56608  11:54673  12:51140  13:35047  14:30416  15:36724  16:35248  17:24069  18:19466  19:17073  20:16018  21:15299  22:13878  23:12677  24:11568  25:37816  26:26754  27:6712  28:5420  29:5541  30:5676  31:5365  32:4659  33:5334  34:4520  35:4652  36:5350  37:9255  38:4943  39:11477  40:3024  41:2087  42:2051  43:1854  44:1606  45:1448  46:1135  47:1025  48:963  49:801  50:774  51:907  52:679  53:727  54:589  55:642  56:710  57:689  58:824  59:515  60:781  61:937  62:666  63:360  64:436  65:381  66:289  67:245  68:235  69:250  70:244  71:266  72:444  73:249  74:341  75:214  76:315  77:82  78:131  79:63  80:31  81:46  82:38  83:33  84:32  85:58  86:34  87:20  88:33  89:21  90:5  91:6  92:18  93:7  94:11  95:14  96:12  97:3  98:4  99:4  100:10  101:17  102:11  103:6  104:17  105:9  106:12  107:11  108:7  109:2  110:3  111:1  112:2  113:4  114:3  115:4  116:3  117:4  118:13  119:5  120:1  122:2  123:3  124:38  125:23  126:156  127:15  128:61  129:3  130:1  131:3  132:2  133:1  136:3  137:6  138:1  139:1  142:4  143:1  144:2  145:2  146:2  151:3  152:1  154:2  159:2  160:2  161:2  165:3  167:1  171:1  172:3  173:1  174:1  175:1  182:1  187:3  188:1  190:2  191:1  194:1  195:3  198:1  201:1  202:1  203:1  205:1  206:1  215:1  219:1  233:1  235:1  243:1  247:1  257:1  265:1  444:1
1677.444496,12.500864,2617.293055
[PASSED]
[time 5.30 s, user 5.05 s, sys 0.22 s, maxrss 356696 KB]
[busy 550 jiffies]
[exit 0]
--- c2 case 0 rec 0   load 0.94 0.99 1.00
[TEST C2-FST]
Processing dataset...
Done!
Building trie...
Done!
build time: 1429.065937 ms (1429.065937 ns per key)
space cost: 14.260756 MB (11.964866% of original size 119.188606 MB)
Querying trie...
Done!
total time: 2448.988675 ms, avg latency: 2448.988675 ns
topology: 1.699890 MB, link: 2.595201 MB, data: 9.965666 MB
--- Unary Path Analysis (FST, cutoff=4) ---
  shared unary steps in main trie: 2658278
  terminal suffixes: inplace=39819 (avg len=2.28)  links=891354 (95.7% of terminal)
  link len: avg=14.94  max=443  total_chars=13318660
  link length distribution (len:count):  4:40001  5:49577  6:45421  7:46380  8:50483  9:55180  10:56608  11:54673  12:51140  13:35047  14:30416  15:36724  16:35248  17:24069  18:19466  19:17073  20:16018  21:15299  22:13878  23:12677  24:11568  25:37816  26:26754  27:6712  28:5420  29:5541  30:5676  31:5365  32:4659  33:5334  34:4520  35:4652  36:5350  37:9255  38:4943  39:11477  40:3024  41:2087  42:2051  43:1854  44:1606  45:1448  46:1135  47:1025  48:963  49:801  50:774  51:907  52:679  53:727  54:589  55:642  56:710  57:689  58:824  59:515  60:781  61:937  62:666  63:360  64:436  65:381  66:289  67:245  68:235  69:250  70:244  71:266  72:444  73:249  74:341  75:214  76:315  77:82  78:131  79:63  80:31  81:46  82:38  83:33  84:32  85:58  86:34  87:20  88:33  89:21  90:5  91:6  92:18  93:7  94:11  95:14  96:12  97:3  98:4  99:4  100:10  101:17  102:11  103:6  104:17  105:9  106:12  107:11  108:7  109:2  110:3  111:1  112:2  113:4  114:3  115:4  116:3  117:4  118:13  119:5  120:1  122:2  123:3  124:38  125:23  126:156  127:15  128:61  129:3  130:1  131:3  132:2  133:1  136:3  137:6  138:1  139:1  142:4  143:1  144:2  145:2  146:2  151:3  152:1  154:2  159:2  160:2  161:2  165:3  167:1  171:1  172:3  173:1  174:1  175:1  182:1  187:3  188:1  190:2  191:1  194:1  195:3  198:1  201:1  202:1  203:1  205:1  206:1  215:1  219:1  233:1  235:1  243:1  247:1  257:1  265:1  444:1
1429.065937,14.260756,2448.988675
[PASSED]
[time 4.87 s, user 4.64 s, sys 0.20 s, maxrss 358916 KB]
[busy 505 jiffies]
[exit 0]
--- lexindex string   load 0.95 0.99 1.00
1000000 keys
lexindex StringIndex: build 1513 ms, size 16.673 MiB (17.483 B/key), latency cold 1161.2 ns, then mean 1147.1 / min 1144.7 ns
1512.556,16.673446,1161.221
[time 6.89 s, user 6.68 s, sys 0.18 s, maxrss 362648 KB]
[busy 717 jiffies]
[exit 0]
--- lexindex dict1024   load 0.88 0.97 0.99
1000000 keys
lexindex DictIndex block 1024: build 186 ms, size 13.674 MiB (14.339 B/key), latency cold 810.9 ns, then mean 809.1 / min 808.7 ns
185.556,13.674500,810.885
[time 4.21 s, user 4.55 s, sys 0.24 s, maxrss 384260 KB]
[busy 505 jiffies]
[exit 0]
--- lexindex dict256   load 0.81 0.95 0.99
1000000 keys
lexindex DictIndex block 256: build 165 ms, size 13.993 MiB (14.673 B/key), latency cold 757.6 ns, then mean 756.5 / min 754.8 ns
164.966,13.992836,757.610
[time 3.98 s, user 4.53 s, sys 0.26 s, maxrss 391528 KB]
[busy 503 jiffies]
[exit 0]
--- lexindex dict32   load 0.74 0.94 0.98
1000000 keys
lexindex DictIndex block 32: build 167 ms, size 16.817 MiB (17.634 B/key), latency cold 758.0 ns, then mean 755.0 / min 751.9 ns
166.952,16.816722,757.997
[time 3.97 s, user 4.53 s, sys 0.25 s, maxrss 395720 KB]
[busy 500 jiffies]
[exit 0]

##### opaque-1000000 (1000000 lines, 17000000 bytes)   round 2/3   2026-09-15T15:39:21+03:00
--- xcdat 16   load 0.68 0.92 0.98
build time: 637.756388 ms
space cost: 19.227987 MiB (126.012538% of original size 15.258789 MiB)
avg latency: 207.689369 ns
637.756388,19.227987,207.689369
[time 1.52 s, user 1.40 s, sys 0.11 s, maxrss 179860 KB]
[busy 158 jiffies]
[exit 0]
--- xcdat 15   load 0.68 0.92 0.98
build time: 655.622931 ms
space cost: 19.094490 MiB (125.137650% of original size 15.258789 MiB)
avg latency: 210.486856 ns
655.622931,19.094490,210.486856
[time 1.54 s, user 1.43 s, sys 0.10 s, maxrss 181136 KB]
[busy 161 jiffies]
[exit 0]
--- xcdat 8   load 0.63 0.91 0.97
build time: 642.833138 ms
space cost: 18.565336 MiB (121.669787% of original size 15.258789 MiB)
avg latency: 214.839625 ns
642.833138,18.565336,214.839625
[time 1.54 s, user 1.42 s, sys 0.10 s, maxrss 179636 KB]
[busy 165 jiffies]
[exit 0]
--- xcdat 7   load 0.63 0.91 0.97
build time: 670.053668 ms
space cost: 19.932177 MiB (130.627512% of original size 15.258789 MiB)
avg latency: 222.969312 ns
670.053668,19.932177,222.969312
[time 1.59 s, user 1.47 s, sys 0.11 s, maxrss 172912 KB]
[busy 169 jiffies]
[exit 0]
--- c2 case 8 rec 0   load 0.58 0.89 0.97
[TEST CART]
Processing dataset...
Done!
Building trie...
Done!
build time: 165.640034 ms (165.640034 ns per key)
space cost: 11.383729 MB (74.604406% of original size 15.258789 MB)
Querying trie...
Done!
total time: 229.837367 ms, avg latency: 229.837367 ns
not implemented
165.640034,11.383729,229.837367
[PASSED]
[time 1.07 s, user 0.98 s, sys 0.08 s, maxrss 161212 KB]
[busy 113 jiffies]
[exit 0]
--- c2 case 7 rec 0   load 0.58 0.89 0.97
[TEST ART]
Processing dataset...
Done!
Building trie...
Done!
build time: 137.048348 ms (137.048348 ns per key)
space cost: 30.301407 MB (198.583300% of original size 15.258789 MB)
Querying trie...
Done!
total time: 181.843903 ms, avg latency: 181.843903 ns
not implemented
137.048348,30.301407,181.843903
[PASSED]
[time 1.00 s, user 0.90 s, sys 0.08 s, maxrss 178540 KB]
[busy 106 jiffies]
[exit 0]
--- c2 case 6 rec 0   load 0.58 0.89 0.97
[TEST PDT]
Processing dataset...
Done!
Building trie...
dict size: 177882, stream size: 12826382
Done!
build time: 16161.965687 ms (16161.965687 ns per key)
space cost: 13.677892 MB (89.639431% of original size 15.258789 MB)
Querying trie...
Done!
total time: 589.147727 ms, avg latency: 589.147727 ns
not implemented
16161.965687,13.677892,589.147727
[PASSED]
[time 17.40 s, user 17.12 s, sys 0.20 s, maxrss 361036 KB]
[busy 1789 jiffies]
[exit 0]
--- c2 case 5 rec 2   load 0.70 0.90 0.97
[TEST MARISA]
Processing dataset...
Done!
Building trie...
Done!
build time: 948.558567 ms (948.558567 ns per key)
space cost: 17.949429 MB (117.633375% of original size 15.258789 MB)
Querying trie...
Done!
total time: 969.709070 ms, avg latency: 969.709070 ns
not implemented
948.558567,17.949429,969.709070
[PASSED]
[time 2.58 s, user 2.42 s, sys 0.14 s, maxrss 225540 KB]
[busy 270 jiffies]
[exit 0]
--- c2 case 5 rec 1   load 0.72 0.90 0.97
[TEST MARISA]
Processing dataset...
Done!
Building trie...
Done!
build time: 736.166400 ms (736.166400 ns per key)
space cost: 17.634758 MB (115.571150% of original size 15.258789 MB)
Querying trie...
Done!
total time: 692.550611 ms, avg latency: 692.550611 ns
not implemented
736.166400,17.634758,692.550611
[PASSED]
[time 2.07 s, user 1.93 s, sys 0.12 s, maxrss 185500 KB]
[busy 221 jiffies]
[exit 0]
--- c2 case 5 rec 0   load 0.72 0.90 0.97
[TEST MARISA]
Processing dataset...
Done!
Building trie...
Done!
build time: 470.016488 ms (470.016488 ns per key)
space cost: 17.200768 MB (112.726950% of original size 15.258789 MB)
Querying trie...
Done!
total time: 452.309645 ms, avg latency: 452.309645 ns
not implemented
470.016488,17.200768,452.309645
[PASSED]
[time 1.57 s, user 1.44 s, sys 0.11 s, maxrss 194912 KB]
[busy 165 jiffies]
[exit 0]
--- c2 case 4 rec 0   load 0.74 0.90 0.97
[TEST COCO]
Processing dataset...
Done!
Building trie...
num nodes = 4097, average depth = 12.997071
ef = 0.000000, pa = 0.000000, bv = 0.000000, de = 0.000000
efr = 0.000000, par = 0.999756, bvr = 0.000244, der = 0.000000
Done!
build time: 17192.720588 ms (17192.720588 ns per key)
space cost: 10.595579 MB (69.439184% of original size 15.258789 MB)
Querying trie...
Done!
total time: 503.999765 ms, avg latency: 503.999765 ns
not implemented
17192.720588,10.595579,503.999765
[PASSED]
[time 19.14 s, user 14.41 s, sys 4.64 s, maxrss 11388448 KB]
[busy 1980 jiffies]
[exit 0]
--- c2 case 3 rec 0   load 1.00 0.96 0.99
[TEST FST]
Processing dataset...
Done!
Building trie...
Done!
build time: 664.712732 ms (664.712732 ns per key)
space cost: 16.760878 MB (109.844088% of original size 15.258789 MB)
Querying trie...
Done!
total time: 342.396708 ms, avg latency: 342.396708 ns
not implemented
664.712732,16.760878,342.396708
[PASSED]
[time 1.66 s, user 1.56 s, sys 0.10 s, maxrss 147052 KB]
[busy 177 jiffies]
[exit 0]
--- c2 case 2 rec 2   load 0.92 0.94 0.98
[TEST C2-MARISA]
Processing dataset...
Done!
Building trie...
trie size: 1.836515 MB
trie size: 4.316792 MB
Done!
build time: 1999.062328 ms (1999.062328 ns per key)
space cost: 16.609414 MB (108.851456% of original size 15.258789 MB)
Querying trie...
Done!
total time: 325.854473 ms, avg latency: 325.854473 ns
topology: 0.607349 MB, link: 2.863268 MB, data: 13.118289 MB
--- Unary Path Analysis (Marisa, cutoff=3) ---
  branches: 1267337  |  single-char: 266306 (21.0%)  short-unary: 1021 (0.1%)  links: 1000010 (78.9%)
  link len: avg=12.96  max=14  total_chars=12963813
  link length distribution (len:count):  3:10  10:6  11:856  12:56569  13:920487  14:22082
  short unary avg len: 2.00
1999.062328,16.609414,325.854473
[PASSED]
[time 2.97 s, user 2.79 s, sys 0.16 s, maxrss 283844 KB]
[busy 307 jiffies]
[exit 0]
--- c2 case 2 rec 1   load 0.92 0.94 0.98
[TEST C2-MARISA]
Processing dataset...
Done!
Building trie...
trie size: 1.836515 MB
trie size: 4.316792 MB
Done!
build time: 1986.359437 ms (1986.359437 ns per key)
space cost: 16.609414 MB (108.851456% of original size 15.258789 MB)
Querying trie...
Done!
total time: 316.539359 ms, avg latency: 316.539359 ns
topology: 0.607349 MB, link: 2.863268 MB, data: 13.118289 MB
--- Unary Path Analysis (Marisa, cutoff=3) ---
  branches: 1267337  |  single-char: 266306 (21.0%)  short-unary: 1021 (0.1%)  links: 1000010 (78.9%)
  link len: avg=12.96  max=14  total_chars=12963813
  link length distribution (len:count):  3:10  10:6  11:856  12:56569  13:920487  14:22082
  short unary avg len: 2.00
1986.359437,16.609414,316.539359
[PASSED]
[time 2.94 s, user 2.76 s, sys 0.17 s, maxrss 283668 KB]
[busy 307 jiffies]
[exit 0]
--- c2 case 2 rec 0   load 1.01 0.96 0.99
[TEST C2-MARISA]
Processing dataset...
Done!
Building trie...
trie size: 1.836515 MB
Done!
build time: 974.819874 ms (974.819874 ns per key)
space cost: 16.609414 MB (108.851456% of original size 15.258789 MB)
Querying trie...
Done!
total time: 318.947535 ms, avg latency: 318.947535 ns
topology: 0.607349 MB, link: 2.863268 MB, data: 13.118289 MB
--- Unary Path Analysis (Marisa, cutoff=3) ---
  branches: 1267337  |  single-char: 266306 (21.0%)  short-unary: 1021 (0.1%)  links: 1000010 (78.9%)
  link len: avg=12.96  max=14  total_chars=12963813
  link length distribution (len:count):  3:10  10:6  11:856  12:56569  13:920487  14:22082
  short unary avg len: 2.00
974.819874,16.609414,318.947535
[PASSED]
[time 1.94 s, user 1.78 s, sys 0.14 s, maxrss 236912 KB]
[busy 206 jiffies]
[exit 0]
--- c2 case 1 rec 2   load 1.01 0.96 0.99
[TEST C2-CoCo(LOUDS-Sparse)]
Processing dataset...
Done!
Building trie...
trie size: 4.316751 MB
Done!
build time: 2214.271868 ms (2214.271868 ns per key)
space cost: 16.089285 MB (105.442735% of original size 15.258789 MB)
Querying trie...
Done!
total time: 527.840415 ms, avg latency: 527.840415 ns
topology: 0.346626 MB, link: 3.175570 MB, data: 12.567089 MB
2214.271868,16.089285,527.840415
[PASSED]
[time 3.40 s, user 3.17 s, sys 0.21 s, maxrss 419112 KB]
[busy 356 jiffies]
[exit 0]
--- c2 case 1 rec 1   load 0.93 0.94 0.98
[TEST C2-CoCo(LOUDS-Sparse)]
Processing dataset...
Done!
Building trie...
trie size: 4.316751 MB
Done!
build time: 2203.088173 ms (2203.088173 ns per key)
space cost: 16.089285 MB (105.442735% of original size 15.258789 MB)
Querying trie...
Done!
total time: 532.924308 ms, avg latency: 532.924308 ns
topology: 0.346626 MB, link: 3.175570 MB, data: 12.567089 MB
2203.088173,16.089285,532.924308
[PASSED]
[time 3.39 s, user 3.14 s, sys 0.23 s, maxrss 418692 KB]
[busy 351 jiffies]
[exit 0]
--- c2 case 1 rec 0   load 0.93 0.94 0.98
[TEST C2-CoCo(LOUDS-Sparse)]
Processing dataset...
Done!
Building trie...
Done!
build time: 1343.176052 ms (1343.176052 ns per key)
space cost: 16.089285 MB (105.442735% of original size 15.258789 MB)
Querying trie...
Done!
total time: 532.248588 ms, avg latency: 532.248588 ns
topology: 0.346626 MB, link: 3.175570 MB, data: 12.567089 MB
1343.176052,16.089285,532.248588
[PASSED]
[time 2.51 s, user 2.33 s, sys 0.17 s, maxrss 357080 KB]
[busy 263 jiffies]
[exit 0]
--- c2 case 0 rec 2   load 0.93 0.95 0.98
[TEST C2-FST]
Processing dataset...
Done!
Building trie...
trie size: 4.316751 MB
Done!
build time: 1961.262288 ms (1961.262288 ns per key)
space cost: 16.922257 MB (110.901706% of original size 15.258789 MB)
Querying trie...
Done!
total time: 396.606122 ms, avg latency: 396.606122 ns
topology: 0.743332 MB, link: 3.012292 MB, data: 13.166634 MB
--- Unary Path Analysis (FST, cutoff=4) ---
  shared unary steps in main trie: 1041
  terminal suffixes: inplace=0 (avg len=0.00)  links=1000000 (100.0% of terminal)
  link len: avg=10.96  max=12  total_chars=10963783
  link length distribution (len:count):  9:6  10:856  11:56569  12:920487  13:22082
1961.262288,16.922257,396.606122
[PASSED]
[time 3.00 s, user 2.79 s, sys 0.19 s, maxrss 311468 KB]
[busy 315 jiffies]
[exit 0]
--- c2 case 0 rec 1   load 0.94 0.95 0.98
[TEST C2-FST]
Processing dataset...
Done!
Building trie...
trie size: 4.316751 MB
Done!
build time: 1962.323992 ms (1962.323992 ns per key)
space cost: 16.922257 MB (110.901706% of original size 15.258789 MB)
Querying trie...
Done!
total time: 399.718251 ms, avg latency: 399.718251 ns
topology: 0.743332 MB, link: 3.012292 MB, data: 13.166634 MB
--- Unary Path Analysis (FST, cutoff=4) ---
  shared unary steps in main trie: 1041
  terminal suffixes: inplace=0 (avg len=0.00)  links=1000000 (100.0% of terminal)
  link len: avg=10.96  max=12  total_chars=10963783
  link length distribution (len:count):  9:6  10:856  11:56569  12:920487  13:22082
1962.323992,16.922257,399.718251
[PASSED]
[time 3.00 s, user 2.77 s, sys 0.21 s, maxrss 311520 KB]
[busy 309 jiffies]
[exit 0]
--- c2 case 0 rec 0   load 0.94 0.95 0.98
[TEST C2-FST]
Processing dataset...
Done!
Building trie...
Done!
build time: 1076.154803 ms (1076.154803 ns per key)
space cost: 16.922257 MB (110.901706% of original size 15.258789 MB)
Querying trie...
Done!
total time: 395.393223 ms, avg latency: 395.393223 ns
topology: 0.743332 MB, link: 3.012292 MB, data: 13.166634 MB
--- Unary Path Analysis (FST, cutoff=4) ---
  shared unary steps in main trie: 1041
  terminal suffixes: inplace=0 (avg len=0.00)  links=1000000 (100.0% of terminal)
  link len: avg=10.96  max=12  total_chars=10963783
  link length distribution (len:count):  9:6  10:856  11:56569  12:920487  13:22082
1076.154803,16.922257,395.393223
[PASSED]
[time 2.12 s, user 1.97 s, sys 0.14 s, maxrss 250156 KB]
[busy 220 jiffies]
[exit 0]
--- lexindex string   load 0.94 0.95 0.98
1000000 keys
lexindex StringIndex: build 1100 ms, size 20.443 MiB (21.436 B/key), latency cold 391.5 ns, then mean 384.9 / min 384.3 ns
1099.779,20.442799,391.496
[time 3.09 s, user 2.99 s, sys 0.08 s, maxrss 151776 KB]
[busy 326 jiffies]
[exit 0]
--- lexindex dict1024   load 0.95 0.95 0.98
1000000 keys
lexindex DictIndex block 1024: build 168 ms, size 13.123 MiB (13.760 B/key), latency cold 430.2 ns, then mean 425.8 / min 424.7 ns
167.821,13.122862,430.218
[time 2.33 s, user 2.78 s, sys 0.17 s, maxrss 167612 KB]
[busy 317 jiffies]
[exit 0]
--- lexindex dict256   load 0.95 0.95 0.99
1000000 keys
lexindex DictIndex block 256: build 157 ms, size 13.159 MiB (13.799 B/key), latency cold 412.5 ns, then mean 411.6 / min 409.7 ns
157.408,13.159279,412.462
[time 2.26 s, user 3.02 s, sys 0.23 s, maxrss 169676 KB]
[busy 349 jiffies]
[exit 0]
--- lexindex dict32   load 0.88 0.93 0.98
1000000 keys
lexindex DictIndex block 32: build 156 ms, size 13.431 MiB (14.083 B/key), latency cold 393.9 ns, then mean 389.1 / min 385.9 ns
155.978,13.430968,393.926
[time 2.16 s, user 2.94 s, sys 0.19 s, maxrss 169384 KB]
[busy 330 jiffies]
[exit 0]

##### numeric-1000000 (1000000 lines, 6888890 bytes)   round 2/3   2026-09-15T15:41:15+03:00
--- xcdat 16   load 0.88 0.93 0.98
build time: 177.614826 ms
space cost: 7.181439 MiB (127.872740% of original size 5.616083 MiB)
avg latency: 69.942438 ns
177.614826,7.181439,69.942438
[time 0.57 s, user 0.51 s, sys 0.05 s, maxrss 90204 KB]
[busy 62 jiffies]
[exit 0]
--- xcdat 15   load 0.81 0.92 0.97
build time: 202.051956 ms
space cost: 6.727912 MiB (119.797228% of original size 5.616083 MiB)
avg latency: 53.018127 ns
202.051956,6.727912,53.018127
[time 0.59 s, user 0.51 s, sys 0.07 s, maxrss 90412 KB]
[busy 63 jiffies]
[exit 0]
--- xcdat 8   load 0.81 0.92 0.97
build time: 184.477632 ms
space cost: 4.607934 MiB (82.048892% of original size 5.616083 MiB)
avg latency: 94.487101 ns
184.477632,4.607934,94.487101
[time 0.61 s, user 0.54 s, sys 0.06 s, maxrss 90096 KB]
[busy 67 jiffies]
[exit 0]
--- xcdat 7   load 0.81 0.92 0.97
build time: 269.966233 ms
space cost: 5.285287 MiB (94.109841% of original size 5.616083 MiB)
avg latency: 89.070222 ns
269.966233,5.285287,89.070222
[time 0.70 s, user 0.63 s, sys 0.06 s, maxrss 90348 KB]
[busy 77 jiffies]
[exit 0]
--- c2 case 8 rec 0   load 0.74 0.90 0.97
[TEST CART]
Processing dataset...
Done!
Building trie...
Done!
build time: 69.785063 ms (69.785063 ns per key)
space cost: 11.262885 MB (200.546979% of original size 5.616083 MB)
Querying trie...
Done!
total time: 84.914232 ms, avg latency: 84.914232 ns
not implemented
69.785063,11.262885,84.914232
[PASSED]
[time 0.50 s, user 0.44 s, sys 0.05 s, maxrss 104832 KB]
[busy 57 jiffies]
[exit 0]
--- c2 case 7 rec 0   load 0.74 0.90 0.97
[TEST ART]
Processing dataset...
Done!
Building trie...
Done!
build time: 55.117822 ms (55.117822 ns per key)
space cost: 20.065308 MB (357.282951% of original size 5.616083 MB)
Querying trie...
Done!
total time: 74.212273 ms, avg latency: 74.212273 ns
not implemented
55.117822,20.065308,74.212273
[PASSED]
[time 0.46 s, user 0.39 s, sys 0.07 s, maxrss 103232 KB]
[busy 53 jiffies]
[exit 0]
--- c2 case 6 rec 0   load 0.74 0.90 0.97
[TEST PDT]
Processing dataset...
Done!
Building trie...
dict size: 92, stream size: 296698
Done!
build time: 105.192427 ms (105.192427 ns per key)
space cost: 1.559100 MB (27.761344% of original size 5.616083 MB)
Querying trie...
Done!
total time: 388.933785 ms, avg latency: 388.933785 ns
not implemented
105.192427,1.559100,388.933785
[PASSED]
[time 0.81 s, user 0.75 s, sys 0.05 s, maxrss 89912 KB]
[busy 89 jiffies]
[exit 0]
--- c2 case 5 rec 2   load 0.74 0.90 0.97
[TEST MARISA]
Processing dataset...
Done!
Building trie...
Done!
build time: 145.042749 ms (145.042749 ns per key)
space cost: 1.565816 MB (27.880925% of original size 5.616083 MB)
Querying trie...
Done!
total time: 186.105000 ms, avg latency: 186.105000 ns
not implemented
145.042749,1.565816,186.105000
[PASSED]
[time 0.66 s, user 0.59 s, sys 0.06 s, maxrss 107940 KB]
[busy 73 jiffies]
[exit 0]
--- c2 case 5 rec 1   load 0.76 0.90 0.97
[TEST MARISA]
Processing dataset...
Done!
Building trie...
Done!
build time: 143.531730 ms (143.531730 ns per key)
space cost: 1.565816 MB (27.880925% of original size 5.616083 MB)
Querying trie...
Done!
total time: 185.692835 ms, avg latency: 185.692835 ns
not implemented
143.531730,1.565816,185.692835
[PASSED]
[time 0.65 s, user 0.59 s, sys 0.06 s, maxrss 108052 KB]
[busy 71 jiffies]
[exit 0]
--- c2 case 5 rec 0   load 0.76 0.90 0.97
[TEST MARISA]
Processing dataset...
Done!
Building trie...
Done!
build time: 144.821735 ms (144.821735 ns per key)
space cost: 1.565816 MB (27.880925% of original size 5.616083 MB)
Querying trie...
Done!
total time: 186.999842 ms, avg latency: 186.999842 ns
not implemented
144.821735,1.565816,186.999842
[PASSED]
[time 0.67 s, user 0.60 s, sys 0.06 s, maxrss 108188 KB]
[busy 72 jiffies]
[exit 0]
--- c2 case 4 rec 0   load 0.70 0.89 0.96
[TEST COCO]
Processing dataset...
Done!
Building trie...
num nodes = 9001, average depth = 1.000222
ef = 0.000000, pa = 0.000000, bv = 0.000111, de = 0.999889
efr = 0.000000, par = 0.000000, bvr = 0.000000, der = 0.000000
Done!
build time: 683.594161 ms (683.594161 ns per key)
space cost: 0.497188 MB (8.852927% of original size 5.616083 MB)
Querying trie...
Done!
total time: 232.379354 ms, avg latency: 232.379354 ns
not implemented
683.594161,0.497188,232.379354
[PASSED]
[time 1.27 s, user 1.03 s, sys 0.23 s, maxrss 494904 KB]
[busy 136 jiffies]
[exit 0]
--- c2 case 3 rec 0   load 0.70 0.89 0.96
[TEST FST]
Processing dataset...
Done!
Building trie...
Done!
build time: 216.905317 ms (216.905317 ns per key)
space cost: 1.445107 MB (25.731589% of original size 5.616083 MB)
Querying trie...
Done!
total time: 243.778605 ms, avg latency: 243.778605 ns
not implemented
216.905317,1.445107,243.778605
[PASSED]
[time 0.78 s, user 0.72 s, sys 0.06 s, maxrss 73792 KB]
[busy 83 jiffies]
[exit 0]
--- c2 case 2 rec 2   skipped: exit 139 in round 1
--- c2 case 2 rec 1   skipped: exit 139 in round 1
--- c2 case 2 rec 0   skipped: exit 139 in round 1
--- c2 case 1 rec 2   skipped: exit 139 in round 1
--- c2 case 1 rec 1   skipped: exit 139 in round 1
--- c2 case 1 rec 0   skipped: exit 139 in round 1
--- c2 case 0 rec 2   skipped: exit 139 in round 1
--- c2 case 0 rec 1   skipped: exit 139 in round 1
--- c2 case 0 rec 0   skipped: exit 139 in round 1
--- lexindex string   load 0.70 0.89 0.96
1000000 keys
lexindex StringIndex: build 163 ms, size 0.000 MiB (0.000 B/key), latency cold 110.3 ns, then mean 111.1 / min 110.9 ns
163.068,0.000287,110.299
[time 1.03 s, user 0.96 s, sys 0.06 s, maxrss 114488 KB]
[busy 115 jiffies]
[exit 0]
--- lexindex dict1024   load 0.73 0.89 0.96
1000000 keys
lexindex DictIndex block 1024: build 76 ms, size 1.986 MiB (2.082 B/key), latency cold 213.9 ns, then mean 212.2 / min 212.0 ns
76.256,1.985999,213.919
[time 1.36 s, user 1.41 s, sys 0.07 s, maxrss 130500 KB]
[busy 158 jiffies]
[exit 0]
--- lexindex dict256   load 0.73 0.89 0.96
1000000 keys
lexindex DictIndex block 256: build 76 ms, size 2.027 MiB (2.126 B/key), latency cold 193.3 ns, then mean 189.8 / min 189.3 ns
76.326,2.027405,193.335
[time 1.26 s, user 1.35 s, sys 0.10 s, maxrss 130492 KB]
[busy 157 jiffies]
[exit 0]
--- lexindex dict32   load 0.67 0.88 0.96
1000000 keys
lexindex DictIndex block 32: build 73 ms, size 2.348 MiB (2.462 B/key), latency cold 168.2 ns, then mean 167.2 / min 166.1 ns
73.094,2.347814,168.177
[time 1.17 s, user 1.25 s, sys 0.08 s, maxrss 128100 KB]
[busy 144 jiffies]
[exit 0]

##### idents-1000000 (1000000 lines, 18283976 bytes)   round 2/3   2026-09-15T15:41:44+03:00
--- xcdat 16   load 0.67 0.88 0.96
build time: 460.314386 ms
space cost: 13.736038 MiB (83.333140% of original size 16.483284 MiB)
avg latency: 218.109068 ns
460.314386,13.736038,218.109068
[time 1.20 s, user 1.09 s, sys 0.10 s, maxrss 180068 KB]
[busy 128 jiffies]
[exit 0]
--- xcdat 15   load 0.61 0.86 0.95
build time: 491.270175 ms
space cost: 13.141485 MiB (79.726135% of original size 16.483284 MiB)
avg latency: 197.088589 ns
491.270175,13.141485,197.088589
[time 1.21 s, user 1.09 s, sys 0.11 s, maxrss 180032 KB]
[busy 129 jiffies]
[exit 0]
--- xcdat 8   load 0.61 0.86 0.95
build time: 459.160248 ms
space cost: 10.584354 MiB (64.212656% of original size 16.483284 MiB)
avg latency: 210.963611 ns
459.160248,10.584354,210.963611
[time 1.20 s, user 1.08 s, sys 0.10 s, maxrss 180136 KB]
[busy 127 jiffies]
[exit 0]
--- xcdat 7   load 0.61 0.86 0.95
build time: 499.967569 ms
space cost: 11.013126 MiB (66.813909% of original size 16.483284 MiB)
avg latency: 223.378580 ns
499.967569,11.013126,223.378580
[time 1.25 s, user 1.14 s, sys 0.10 s, maxrss 180280 KB]
[busy 132 jiffies]
[exit 0]
--- c2 case 8 rec 0   load 0.64 0.86 0.95
[TEST CART]
Processing dataset...
Done!
Building trie...
Done!
build time: 204.491140 ms (204.491140 ns per key)
space cost: 15.673315 MB (95.086119% of original size 16.483284 MB)
Querying trie...
Done!
total time: 472.086327 ms, avg latency: 472.086327 ns
not implemented
204.491140,15.673315,472.086327
[PASSED]
[time 1.21 s, user 1.13 s, sys 0.07 s, maxrss 149240 KB]
[busy 128 jiffies]
[exit 0]
--- c2 case 7 rec 0   load 0.64 0.86 0.95
[TEST ART]
Processing dataset...
Done!
Building trie...
Done!
build time: 149.406209 ms (149.406209 ns per key)
space cost: 32.931778 MB (199.788937% of original size 16.483284 MB)
Querying trie...
Done!
total time: 391.792597 ms, avg latency: 391.792597 ns
not implemented
149.406209,32.931778,391.792597
[PASSED]
[time 1.06 s, user 0.97 s, sys 0.08 s, maxrss 160716 KB]
[busy 113 jiffies]
[exit 0]
--- c2 case 6 rec 0   load 0.67 0.87 0.95
[TEST PDT]
Processing dataset...
Done!
Building trie...
dict size: 158636, stream size: 5032831
Done!
build time: 2594.375390 ms (2594.375390 ns per key)
space cost: 6.227028 MB (37.777835% of original size 16.483284 MB)
Querying trie...
Done!
total time: 577.586784 ms, avg latency: 577.586784 ns
not implemented
2594.375390,6.227028,577.586784
[PASSED]
[time 3.68 s, user 3.57 s, sys 0.09 s, maxrss 168172 KB]
[busy 382 jiffies]
[exit 0]
--- c2 case 5 rec 2   load 0.70 0.87 0.96
[TEST MARISA]
Processing dataset...
Done!
Building trie...
Done!
build time: 560.762488 ms (560.762488 ns per key)
space cost: 5.354378 MB (32.483683% of original size 16.483284 MB)
Querying trie...
Done!
total time: 717.280582 ms, avg latency: 717.280582 ns
not implemented
560.762488,5.354378,717.280582
[PASSED]
[time 1.79 s, user 1.67 s, sys 0.11 s, maxrss 165356 KB]
[busy 187 jiffies]
[exit 0]
--- c2 case 5 rec 1   load 0.70 0.87 0.96
[TEST MARISA]
Processing dataset...
Done!
Building trie...
Done!
build time: 548.976512 ms (548.976512 ns per key)
space cost: 5.655286 MB (34.309218% of original size 16.483284 MB)
Querying trie...
Done!
total time: 659.936266 ms, avg latency: 659.936266 ns
not implemented
548.976512,5.655286,659.936266
[PASSED]
[time 1.71 s, user 1.61 s, sys 0.09 s, maxrss 157512 KB]
[busy 181 jiffies]
[exit 0]
--- c2 case 5 rec 0   load 0.72 0.87 0.96
[TEST MARISA]
Processing dataset...
Done!
Building trie...
Done!
build time: 462.896028 ms (462.896028 ns per key)
space cost: 7.279773 MB (44.164578% of original size 16.483284 MB)
Querying trie...
Done!
total time: 458.733376 ms, avg latency: 458.733376 ns
not implemented
462.896028,7.279773,458.733376
[PASSED]
[time 1.43 s, user 1.33 s, sys 0.09 s, maxrss 157724 KB]
[busy 151 jiffies]
[exit 0]
--- c2 case 4 rec 0   load 0.72 0.87 0.96
[TEST COCO]
Processing dataset...
Done!
Building trie...
num nodes = 412937, average depth = 8.208172
ef = 0.000455, pa = 0.242352, bv = 0.003325, de = 0.563989
efr = 0.002477, par = 0.125714, bvr = 0.000545, der = 0.061142
Done!
build time: 14083.784938 ms (14083.784938 ns per key)
space cost: 9.974920 MB (60.515370% of original size 16.483284 MB)
Querying trie...
Done!
total time: 505.027186 ms, avg latency: 505.027186 ns
not implemented
14083.784938,9.974920,505.027186
[PASSED]
[time 15.64 s, user 12.31 s, sys 3.27 s, maxrss 7730700 KB]
[busy 1616 jiffies]
[exit 0]
--- c2 case 3 rec 0   load 0.72 0.86 0.95
[TEST FST]
Processing dataset...
Done!
Building trie...
Done!
build time: 675.980024 ms (675.980024 ns per key)
space cost: 8.563316 MB (51.951519% of original size 16.483284 MB)
Querying trie...
Done!
total time: 744.572235 ms, avg latency: 744.572235 ns
not implemented
675.980024,8.563316,744.572235
[PASSED]
[time 1.93 s, user 1.86 s, sys 0.06 s, maxrss 114412 KB]
[busy 205 jiffies]
[exit 0]
--- c2 case 2 rec 2   load 0.72 0.86 0.95
[TEST C2-MARISA]
Processing dataset...
Done!
Building trie...
trie size: 2.268721 MB
trie size: 2.569425 MB
trie size: 0.468599 MB
Done!
build time: 879.098413 ms (879.098413 ns per key)
space cost: 6.231204 MB (37.803171% of original size 16.483284 MB)
Querying trie...
Done!
total time: 425.511328 ms, avg latency: 425.511328 ns
topology: 0.985817 MB, link: 2.134608 MB, data: 3.090271 MB
--- Unary Path Analysis (Marisa, cutoff=3) ---
  branches: 1404624  |  single-char: 479529 (34.1%)  short-unary: 101093 (7.2%)  links: 824002 (58.7%)
  link len: avg=8.83  max=511  total_chars=7275589
  link length distribution (len:count):  3:96296  4:151575  5:100673  6:68854  7:57858  8:46664  9:40166  10:34974  11:30498  12:41963  13:23674  14:17279  15:14913  16:12650  17:10496  18:9162  19:7137  20:6187  21:5166  22:4219  23:3575  24:2970  25:2515  26:2033  27:1786  28:3448  29:3574  30:1146  31:1929  32:12598  33:2418  34:520  35:464  36:440  37:386  38:271  39:250  40:221  41:206  42:160  43:154  44:139  45:143  46:95  47:113  48:108  49:103  50:87  51:72  52:78  53:68  54:62  55:80  56:76  57:60  58:86  59:123  60:137  61:260  62:340  63:18  64:12  65:14  66:12  67:15  68:15  69:13  70:15  71:7  72:12  73:10  74:22  75:26  76:36  77:15  78:1  79:2  80:2  81:3  82:3  83:1  84:2  85:2  86:2  87:2  89:2  90:2  91:2  92:4  93:1  95:2  96:1  97:3  105:1  107:1  108:1  110:1  111:1  117:1  118:3  121:1  122:2  123:1  124:1  125:1  130:1  136:1  137:1  192:1  258:1  337:1  367:1  425:1  509:1  511:1
  short unary avg len: 2.00
879.098413,6.231204,425.511328
[PASSED]
[time 1.81 s, user 1.66 s, sys 0.14 s, maxrss 204764 KB]
[busy 192 jiffies]
[exit 0]
--- c2 case 2 rec 1   load 0.75 0.87 0.95
[TEST C2-MARISA]
Processing dataset...
Done!
Building trie...
trie size: 2.268721 MB
trie size: 2.569425 MB
Done!
build time: 809.684628 ms (809.684628 ns per key)
space cost: 6.231204 MB (37.803171% of original size 16.483284 MB)
Querying trie...
Done!
total time: 425.628999 ms, avg latency: 425.628999 ns
topology: 0.985817 MB, link: 2.134608 MB, data: 3.090271 MB
--- Unary Path Analysis (Marisa, cutoff=3) ---
  branches: 1404624  |  single-char: 479529 (34.1%)  short-unary: 101093 (7.2%)  links: 824002 (58.7%)
  link len: avg=8.83  max=511  total_chars=7275589
  link length distribution (len:count):  3:96296  4:151575  5:100673  6:68854  7:57858  8:46664  9:40166  10:34974  11:30498  12:41963  13:23674  14:17279  15:14913  16:12650  17:10496  18:9162  19:7137  20:6187  21:5166  22:4219  23:3575  24:2970  25:2515  26:2033  27:1786  28:3448  29:3574  30:1146  31:1929  32:12598  33:2418  34:520  35:464  36:440  37:386  38:271  39:250  40:221  41:206  42:160  43:154  44:139  45:143  46:95  47:113  48:108  49:103  50:87  51:72  52:78  53:68  54:62  55:80  56:76  57:60  58:86  59:123  60:137  61:260  62:340  63:18  64:12  65:14  66:12  67:15  68:15  69:13  70:15  71:7  72:12  73:10  74:22  75:26  76:36  77:15  78:1  79:2  80:2  81:3  82:3  83:1  84:2  85:2  86:2  87:2  89:2  90:2  91:2  92:4  93:1  95:2  96:1  97:3  105:1  107:1  108:1  110:1  111:1  117:1  118:3  121:1  122:2  123:1  124:1  125:1  130:1  136:1  137:1  192:1  258:1  337:1  367:1  425:1  509:1  511:1
  short unary avg len: 2.00
809.684628,6.231204,425.628999
[PASSED]
[time 1.74 s, user 1.61 s, sys 0.12 s, maxrss 204832 KB]
[busy 185 jiffies]
[exit 0]
--- c2 case 2 rec 0   load 0.75 0.87 0.95
[TEST C2-MARISA]
Processing dataset...
Done!
Building trie...
trie size: 2.268721 MB
Done!
build time: 656.543280 ms (656.543280 ns per key)
space cost: 7.402753 MB (44.910668% of original size 16.483284 MB)
Querying trie...
Done!
total time: 334.605177 ms, avg latency: 334.605177 ns
topology: 0.751392 MB, link: 2.163248 MB, data: 4.467605 MB
--- Unary Path Analysis (Marisa, cutoff=3) ---
  branches: 1404624  |  single-char: 479529 (34.1%)  short-unary: 101093 (7.2%)  links: 824002 (58.7%)
  link len: avg=8.83  max=511  total_chars=7275589
  link length distribution (len:count):  3:96296  4:151575  5:100673  6:68854  7:57858  8:46664  9:40166  10:34974  11:30498  12:41963  13:23674  14:17279  15:14913  16:12650  17:10496  18:9162  19:7137  20:6187  21:5166  22:4219  23:3575  24:2970  25:2515  26:2033  27:1786  28:3448  29:3574  30:1146  31:1929  32:12598  33:2418  34:520  35:464  36:440  37:386  38:271  39:250  40:221  41:206  42:160  43:154  44:139  45:143  46:95  47:113  48:108  49:103  50:87  51:72  52:78  53:68  54:62  55:80  56:76  57:60  58:86  59:123  60:137  61:260  62:340  63:18  64:12  65:14  66:12  67:15  68:15  69:13  70:15  71:7  72:12  73:10  74:22  75:26  76:36  77:15  78:1  79:2  80:2  81:3  82:3  83:1  84:2  85:2  86:2  87:2  89:2  90:2  91:2  92:4  93:1  95:2  96:1  97:3  105:1  107:1  108:1  110:1  111:1  117:1  118:3  121:1  122:2  123:1  124:1  125:1  130:1  136:1  137:1  192:1  258:1  337:1  367:1  425:1  509:1  511:1
  short unary avg len: 2.00
656.543280,7.402753,334.605177
[PASSED]
[time 1.49 s, user 1.37 s, sys 0.11 s, maxrss 204756 KB]
[busy 157 jiffies]
[exit 0]
--- c2 case 1 rec 2   load 0.77 0.87 0.95
[TEST C2-CoCo(LOUDS-Sparse)]
Processing dataset...
Done!
Building trie...
trie size: 1.626037 MB
trie size: 0.392475 MB
Done!
build time: 2288.605829 ms (2288.605829 ns per key)
space cost: 7.511661 MB (45.571388% of original size 16.483284 MB)
Querying trie...
Done!
total time: 629.693097 ms, avg latency: 629.693097 ns
topology: 0.599392 MB, link: 2.257739 MB, data: 4.654530 MB
2288.605829,7.511661,629.693097
[PASSED]
[time 3.43 s, user 3.23 s, sys 0.18 s, maxrss 336008 KB]
[busy 358 jiffies]
[exit 0]
--- c2 case 1 rec 1   load 0.79 0.87 0.95
[TEST C2-CoCo(LOUDS-Sparse)]
Processing dataset...
Done!
Building trie...
trie size: 1.626037 MB
Done!
build time: 2236.719750 ms (2236.719750 ns per key)
space cost: 7.511661 MB (45.571388% of original size 16.483284 MB)
Querying trie...
Done!
total time: 631.204816 ms, avg latency: 631.204816 ns
topology: 0.599392 MB, link: 2.257739 MB, data: 4.654530 MB
2236.719750,7.511661,631.204816
[PASSED]
[time 3.38 s, user 3.20 s, sys 0.17 s, maxrss 335904 KB]
[busy 350 jiffies]
[exit 0]
--- c2 case 1 rec 0   load 0.72 0.86 0.95
[TEST C2-CoCo(LOUDS-Sparse)]
Processing dataset...
Done!
Building trie...
Done!
build time: 2135.804630 ms (2135.804630 ns per key)
space cost: 8.350286 MB (50.659118% of original size 16.483284 MB)
Querying trie...
Done!
total time: 564.726687 ms, avg latency: 564.726687 ns
topology: 0.418800 MB, link: 2.233477 MB, data: 5.698009 MB
2135.804630,8.350286,564.726687
[PASSED]
[time 3.22 s, user 3.02 s, sys 0.19 s, maxrss 335872 KB]
[busy 333 jiffies]
[exit 0]
--- c2 case 0 rec 2   load 0.72 0.86 0.95
[TEST C2-FST]
Processing dataset...
Done!
Building trie...
trie size: 1.626037 MB
trie size: 0.392475 MB
Done!
build time: 755.339548 ms (755.339548 ns per key)
space cost: 7.389305 MB (44.829083% of original size 16.483284 MB)
Querying trie...
Done!
total time: 517.078472 ms, avg latency: 517.078472 ns
topology: 1.316097 MB, link: 1.431170 MB, data: 4.642038 MB
--- Unary Path Analysis (FST, cutoff=4) ---
  shared unary steps in main trie: 971668
  terminal suffixes: inplace=238747 (avg len=2.28)  links=478774 (66.7% of terminal)
  link len: avg=9.52  max=507  total_chars=4557473
  link length distribution (len:count):  4:79167  5:52258  6:44526  7:37562  8:33071  9:28872  10:26062  11:38559  12:20998  13:14985  14:12840  15:11027  16:9190  17:7956  18:6288  19:5522  20:4616  21:3760  22:3224  23:2642  24:2265  25:1817  26:1599  27:3319  28:3490  29:1071  30:1819  31:12530  32:2370  33:475  34:427  35:414  36:360  37:260  38:234  39:210  40:195  41:157  42:148  43:129  44:137  45:91  46:113  47:107  48:101  49:86  50:71  51:74  52:68  53:61  54:79  55:76  56:60  57:86  58:122  59:137  60:259  61:339  62:18  63:12  64:12  65:12  66:15  67:15  68:13  69:15  70:7  71:11  72:10  73:21  74:26  75:36  76:15  77:1  78:2  79:2  80:3  81:3  83:1  84:2  85:2  86:1  88:2  89:2  90:2  91:4  92:1  94:2  95:1  96:3  104:1  106:1  107:1  109:1  110:1  116:1  117:3  120:1  121:2  122:1  123:1  124:1  129:1  191:1  257:1  366:1  424:1  508:1
755.339548,7.389305,517.078472
[PASSED]
[time 1.79 s, user 1.68 s, sys 0.10 s, maxrss 163120 KB]
[busy 188 jiffies]
[exit 0]
--- c2 case 0 rec 1   load 0.82 0.87 0.95
[TEST C2-FST]
Processing dataset...
Done!
Building trie...
trie size: 1.626037 MB
Done!
build time: 722.129433 ms (722.129433 ns per key)
space cost: 7.389305 MB (44.829083% of original size 16.483284 MB)
Querying trie...
Done!
total time: 528.233764 ms, avg latency: 528.233764 ns
topology: 1.316097 MB, link: 1.431170 MB, data: 4.642038 MB
--- Unary Path Analysis (FST, cutoff=4) ---
  shared unary steps in main trie: 971668
  terminal suffixes: inplace=238747 (avg len=2.28)  links=478774 (66.7% of terminal)
  link len: avg=9.52  max=507  total_chars=4557473
  link length distribution (len:count):  4:79167  5:52258  6:44526  7:37562  8:33071  9:28872  10:26062  11:38559  12:20998  13:14985  14:12840  15:11027  16:9190  17:7956  18:6288  19:5522  20:4616  21:3760  22:3224  23:2642  24:2265  25:1817  26:1599  27:3319  28:3490  29:1071  30:1819  31:12530  32:2370  33:475  34:427  35:414  36:360  37:260  38:234  39:210  40:195  41:157  42:148  43:129  44:137  45:91  46:113  47:107  48:101  49:86  50:71  51:74  52:68  53:61  54:79  55:76  56:60  57:86  58:122  59:137  60:259  61:339  62:18  63:12  64:12  65:12  66:15  67:15  68:13  69:15  70:7  71:11  72:10  73:21  74:26  75:36  76:15  77:1  78:2  79:2  80:3  81:3  83:1  84:2  85:2  86:1  88:2  89:2  90:2  91:4  92:1  94:2  95:1  96:3  104:1  106:1  107:1  109:1  110:1  116:1  117:3  120:1  121:2  122:1  123:1  124:1  129:1  191:1  257:1  366:1  424:1  508:1
722.129433,7.389305,528.233764
[PASSED]
[time 1.77 s, user 1.65 s, sys 0.11 s, maxrss 163088 KB]
[busy 186 jiffies]
[exit 0]
--- c2 case 0 rec 0   load 0.76 0.86 0.95
[TEST C2-FST]
Processing dataset...
Done!
Building trie...
Done!
build time: 603.576180 ms (603.576180 ns per key)
space cost: 8.227930 MB (49.916813% of original size 16.483284 MB)
Querying trie...
Done!
total time: 463.599921 ms, avg latency: 463.599921 ns
topology: 1.135506 MB, link: 1.406907 MB, data: 5.685517 MB
--- Unary Path Analysis (FST, cutoff=4) ---
  shared unary steps in main trie: 971668
  terminal suffixes: inplace=238747 (avg len=2.28)  links=478774 (66.7% of terminal)
  link len: avg=9.52  max=507  total_chars=4557473
  link length distribution (len:count):  4:79167  5:52258  6:44526  7:37562  8:33071  9:28872  10:26062  11:38559  12:20998  13:14985  14:12840  15:11027  16:9190  17:7956  18:6288  19:5522  20:4616  21:3760  22:3224  23:2642  24:2265  25:1817  26:1599  27:3319  28:3490  29:1071  30:1819  31:12530  32:2370  33:475  34:427  35:414  36:360  37:260  38:234  39:210  40:195  41:157  42:148  43:129  44:137  45:91  46:113  47:107  48:101  49:86  50:71  51:74  52:68  53:61  54:79  55:76  56:60  57:86  58:122  59:137  60:259  61:339  62:18  63:12  64:12  65:12  66:15  67:15  68:13  69:15  70:7  71:11  72:10  73:21  74:26  75:36  76:15  77:1  78:2  79:2  80:3  81:3  83:1  84:2  85:2  86:1  88:2  89:2  90:2  91:4  92:1  94:2  95:1  96:3  104:1  106:1  107:1  109:1  110:1  116:1  117:3  120:1  121:2  122:1  123:1  124:1  129:1  191:1  257:1  366:1  424:1  508:1
603.576180,8.227930,463.599921
[PASSED]
[time 1.58 s, user 1.47 s, sys 0.10 s, maxrss 163020 KB]
[busy 163 jiffies]
[exit 0]
--- lexindex string   load 0.76 0.86 0.95
1000000 keys
lexindex StringIndex: build 648 ms, size 10.063 MiB (10.552 B/key), latency cold 366.7 ns, then mean 359.7 / min 356.0 ns
647.657,10.063018,366.724
[time 2.59 s, user 2.49 s, sys 0.08 s, maxrss 148360 KB]
[busy 277 jiffies]
[exit 0]
--- lexindex dict1024   load 0.78 0.86 0.95
1000000 keys
lexindex DictIndex block 1024: build 144 ms, size 6.295 MiB (6.600 B/key), latency cold 438.2 ns, then mean 434.1 / min 432.2 ns
144.055,6.294722,438.242
[time 2.39 s, user 2.70 s, sys 0.11 s, maxrss 173296 KB]
[busy 302 jiffies]
[exit 0]
--- lexindex dict256   load 0.72 0.85 0.94
1000000 keys
lexindex DictIndex block 256: build 129 ms, size 6.350 MiB (6.658 B/key), latency cold 379.4 ns, then mean 377.4 / min 375.9 ns
129.277,6.349891,379.391
[time 2.15 s, user 2.62 s, sys 0.14 s, maxrss 190412 KB]
[busy 291 jiffies]
[exit 0]
--- lexindex dict32   load 0.72 0.85 0.94
1000000 keys
lexindex DictIndex block 32: build 132 ms, size 6.789 MiB (7.119 B/key), latency cold 348.1 ns, then mean 345.1 / min 343.6 ns
132.460,6.789144,348.115
[time 2.01 s, user 2.48 s, sys 0.14 s, maxrss 190344 KB]
[busy 280 jiffies]
[exit 0]

##### domains-1000000 (1000000 lines, 14782044 bytes)   round 2/3   2026-09-15T15:43:13+03:00
--- xcdat 16   load 0.74 0.85 0.94
build time: 487.358993 ms
space cost: 10.260450 MiB (78.064342% of original size 13.143581 MiB)
avg latency: 150.702727 ns
487.358993,10.260450,150.702727
[time 1.09 s, user 1.00 s, sys 0.08 s, maxrss 139724 KB]
[busy 114 jiffies]
[exit 0]
--- xcdat 15   load 0.74 0.85 0.94
build time: 511.743017 ms
space cost: 9.847433 MiB (74.921993% of original size 13.143581 MiB)
avg latency: 143.981029 ns
511.743017,9.847433,143.981029
[time 1.10 s, user 1.01 s, sys 0.08 s, maxrss 139620 KB]
[busy 117 jiffies]
[exit 0]
--- xcdat 8   load 0.68 0.84 0.94
build time: 490.294599 ms
space cost: 8.488643 MiB (64.583940% of original size 13.143581 MiB)
avg latency: 175.739888 ns
490.294599,8.488643,175.739888
[time 1.11 s, user 1.02 s, sys 0.08 s, maxrss 139952 KB]
[busy 118 jiffies]
[exit 0]
--- xcdat 7   load 0.68 0.84 0.94
build time: 518.797962 ms
space cost: 9.017626 MiB (68.608590% of original size 13.143581 MiB)
avg latency: 174.888849 ns
518.797962,9.017626,174.888849
[time 1.14 s, user 1.04 s, sys 0.09 s, maxrss 139776 KB]
[busy 122 jiffies]
[exit 0]
--- c2 case 8 rec 0   load 0.68 0.84 0.94
[TEST CART]
Processing dataset...
Done!
Building trie...
Done!
build time: 163.117223 ms (163.117223 ns per key)
space cost: 13.831998 MB (105.237663% of original size 13.143581 MB)
Querying trie...
Done!
total time: 311.932844 ms, avg latency: 311.932844 ns
not implemented
163.117223,13.831998,311.932844
[PASSED]
[time 0.92 s, user 0.83 s, sys 0.09 s, maxrss 134272 KB]
[busy 98 jiffies]
[exit 0]
--- c2 case 7 rec 0   load 0.70 0.84 0.94
[TEST ART]
Processing dataset...
Done!
Building trie...
Done!
build time: 116.596097 ms (116.596097 ns per key)
space cost: 31.580688 MB (240.274607% of original size 13.143581 MB)
Querying trie...
Done!
total time: 251.885514 ms, avg latency: 251.885514 ns
not implemented
116.596097,31.580688,251.885514
[PASSED]
[time 0.80 s, user 0.72 s, sys 0.07 s, maxrss 136000 KB]
[busy 86 jiffies]
[exit 0]
--- c2 case 6 rec 0   load 0.70 0.84 0.94
[TEST PDT]
Processing dataset...
Done!
Building trie...
dict size: 155466, stream size: 4016746
Done!
build time: 1915.329492 ms (1915.329492 ns per key)
space cost: 5.254991 MB (39.981421% of original size 13.143581 MB)
Querying trie...
Done!
total time: 516.592909 ms, avg latency: 516.592909 ns
not implemented
1915.329492,5.254991,516.592909
[PASSED]
[time 2.87 s, user 2.74 s, sys 0.11 s, maxrss 152692 KB]
[busy 298 jiffies]
[exit 0]
--- c2 case 5 rec 2   load 0.73 0.84 0.94
[TEST MARISA]
Processing dataset...
Done!
Building trie...
Done!
build time: 563.769527 ms (563.769527 ns per key)
space cost: 4.647946 MB (35.362861% of original size 13.143581 MB)
Querying trie...
Done!
total time: 542.434572 ms, avg latency: 542.434572 ns
not implemented
563.769527,4.647946,542.434572
[PASSED]
[time 1.54 s, user 1.42 s, sys 0.11 s, maxrss 172288 KB]
[busy 163 jiffies]
[exit 0]
--- c2 case 5 rec 1   load 0.67 0.83 0.93
[TEST MARISA]
Processing dataset...
Done!
Building trie...
Done!
build time: 546.924868 ms (546.924868 ns per key)
space cost: 4.826345 MB (36.720170% of original size 13.143581 MB)
Querying trie...
Done!
total time: 510.432194 ms, avg latency: 510.432194 ns
not implemented
546.924868,4.826345,510.432194
[PASSED]
[time 1.48 s, user 1.37 s, sys 0.10 s, maxrss 172480 KB]
[busy 159 jiffies]
[exit 0]
--- c2 case 5 rec 0   load 0.67 0.83 0.93
[TEST MARISA]
Processing dataset...
Done!
Building trie...
Done!
build time: 477.555915 ms (477.555915 ns per key)
space cost: 6.885828 MB (52.389283% of original size 13.143581 MB)
Querying trie...
Done!
total time: 381.892047 ms, avg latency: 381.892047 ns
not implemented
477.555915,6.885828,381.892047
[PASSED]
[time 1.29 s, user 1.18 s, sys 0.10 s, maxrss 172448 KB]
[busy 136 jiffies]
[exit 0]
--- c2 case 4 rec 0   load 0.67 0.83 0.93
[TEST COCO]
Processing dataset...
Done!
Building trie...
num nodes = 310886, average depth = 6.283062
ef = 0.001168, pa = 0.211653, bv = 0.000885, de = 0.651638
efr = 0.002046, par = 0.129141, bvr = 0.000006, der = 0.003464
Done!
build time: 10105.826786 ms (10105.826786 ns per key)
space cost: 9.668336 MB (73.559374% of original size 13.143581 MB)
Querying trie...
Done!
total time: 412.636431 ms, avg latency: 412.636431 ns
not implemented
10105.826786,9.668336,412.636431
[PASSED]
[time 11.37 s, user 8.76 s, sys 2.56 s, maxrss 6137940 KB]
[busy 1172 jiffies]
[exit 0]
--- c2 case 3 rec 0   load 0.74 0.84 0.94
[TEST FST]
Processing dataset...
Done!
Building trie...
Done!
build time: 612.387783 ms (612.387783 ns per key)
space cost: 6.751218 MB (51.365131% of original size 13.143581 MB)
Querying trie...
Done!
total time: 446.973005 ms, avg latency: 446.973005 ns
not implemented
612.387783,6.751218,446.973005
[PASSED]
[time 1.48 s, user 1.40 s, sys 0.06 s, maxrss 95092 KB]
[busy 154 jiffies]
[exit 0]
--- c2 case 2 rec 2   load 0.74 0.84 0.94
[TEST C2-MARISA]
Processing dataset...
Done!
Building trie...
trie size: 2.220281 MB
trie size: 2.823213 MB
trie size: 0.214430 MB
Done!
build time: 798.505219 ms (798.505219 ns per key)
space cost: 5.413679 MB (41.188767% of original size 13.143581 MB)
Querying trie...
Done!
total time: 332.927851 ms, avg latency: 332.927851 ns
topology: 0.947487 MB, link: 2.305346 MB, data: 2.140338 MB
--- Unary Path Analysis (Marisa, cutoff=3) ---
  branches: 1529804  |  single-char: 445053 (29.1%)  short-unary: 119280 (7.8%)  links: 965471 (63.1%)
  link len: avg=7.67  max=65  total_chars=7409785
  link length distribution (len:count):  3:106346  4:81524  5:100388  6:117171  7:118183  8:106006  9:86378  10:68801  11:51930  12:37786  13:27091  14:19390  15:13458  16:9322  17:6753  18:4616  19:3149  20:2153  21:1566  22:983  23:724  24:512  25:321  26:290  27:155  28:98  29:77  30:70  31:40  32:24  33:35  34:24  35:16  36:9  37:12  38:9  39:5  40:5  41:5  42:8  43:4  44:7  46:3  47:1  49:1  51:1  53:4  55:2  56:1  57:5  58:4  60:2  64:2  65:1
  short unary avg len: 2.00
798.505219,5.413679,332.927851
[PASSED]
[time 1.58 s, user 1.43 s, sys 0.13 s, maxrss 206188 KB]
[busy 165 jiffies]
[exit 0]
--- c2 case 2 rec 1   load 0.76 0.84 0.94
[TEST C2-MARISA]
Processing dataset...
Done!
Building trie...
trie size: 2.220281 MB
trie size: 2.823213 MB
Done!
build time: 777.302252 ms (777.302252 ns per key)
space cost: 5.413679 MB (41.188767% of original size 13.143581 MB)
Querying trie...
Done!
total time: 323.758903 ms, avg latency: 323.758903 ns
topology: 0.947487 MB, link: 2.305346 MB, data: 2.140338 MB
--- Unary Path Analysis (Marisa, cutoff=3) ---
  branches: 1529804  |  single-char: 445053 (29.1%)  short-unary: 119280 (7.8%)  links: 965471 (63.1%)
  link len: avg=7.67  max=65  total_chars=7409785
  link length distribution (len:count):  3:106346  4:81524  5:100388  6:117171  7:118183  8:106006  9:86378  10:68801  11:51930  12:37786  13:27091  14:19390  15:13458  16:9322  17:6753  18:4616  19:3149  20:2153  21:1566  22:983  23:724  24:512  25:321  26:290  27:155  28:98  29:77  30:70  31:40  32:24  33:35  34:24  35:16  36:9  37:12  38:9  39:5  40:5  41:5  42:8  43:4  44:7  46:3  47:1  49:1  51:1  53:4  55:2  56:1  57:5  58:4  60:2  64:2  65:1
  short unary avg len: 2.00
777.302252,5.413679,323.758903
[PASSED]
[time 1.53 s, user 1.42 s, sys 0.10 s, maxrss 206164 KB]
[busy 158 jiffies]
[exit 0]
--- c2 case 2 rec 0   load 0.76 0.84 0.94
[TEST C2-MARISA]
Processing dataset...
Done!
Building trie...
trie size: 2.220281 MB
Done!
build time: 682.217642 ms (682.217642 ns per key)
space cost: 6.286226 MB (47.827347% of original size 13.143581 MB)
Querying trie...
Done!
total time: 262.009816 ms, avg latency: 262.009816 ns
topology: 0.735279 MB, link: 2.419176 MB, data: 3.111263 MB
--- Unary Path Analysis (Marisa, cutoff=3) ---
  branches: 1529804  |  single-char: 445053 (29.1%)  short-unary: 119280 (7.8%)  links: 965471 (63.1%)
  link len: avg=7.67  max=65  total_chars=7409785
  link length distribution (len:count):  3:106346  4:81524  5:100388  6:117171  7:118183  8:106006  9:86378  10:68801  11:51930  12:37786  13:27091  14:19390  15:13458  16:9322  17:6753  18:4616  19:3149  20:2153  21:1566  22:983  23:724  24:512  25:321  26:290  27:155  28:98  29:77  30:70  31:40  32:24  33:35  34:24  35:16  36:9  37:12  38:9  39:5  40:5  41:5  42:8  43:4  44:7  46:3  47:1  49:1  51:1  53:4  55:2  56:1  57:5  58:4  60:2  64:2  65:1
  short unary avg len: 2.00
682.217642,6.286226,262.009816
[PASSED]
[time 1.37 s, user 1.24 s, sys 0.12 s, maxrss 206104 KB]
[busy 147 jiffies]
[exit 0]
--- c2 case 1 rec 2   load 0.78 0.84 0.94
[TEST C2-CoCo(LOUDS-Sparse)]
Processing dataset...
Done!
Building trie...
trie size: 2.171301 MB
trie size: 0.145336 MB
Done!
build time: 1421.235424 ms (1421.235424 ns per key)
space cost: 6.299446 MB (47.927923% of original size 13.143581 MB)
Querying trie...
Done!
total time: 535.353688 ms, avg latency: 535.353688 ns
topology: 0.558979 MB, link: 2.635554 MB, data: 3.104912 MB
1421.235424,6.299446,535.353688
[PASSED]
[time 2.40 s, user 2.22 s, sys 0.16 s, maxrss 326592 KB]
[busy 250 jiffies]
[exit 0]
--- c2 case 1 rec 1   load 0.72 0.83 0.93
[TEST C2-CoCo(LOUDS-Sparse)]
Processing dataset...
Done!
Building trie...
trie size: 2.171301 MB
Done!
build time: 1418.906258 ms (1418.906258 ns per key)
space cost: 6.299446 MB (47.927923% of original size 13.143581 MB)
Querying trie...
Done!
total time: 525.605633 ms, avg latency: 525.605633 ns
topology: 0.558979 MB, link: 2.635554 MB, data: 3.104912 MB
1418.906258,6.299446,525.605633
[PASSED]
[time 2.38 s, user 2.19 s, sys 0.17 s, maxrss 327068 KB]
[busy 249 jiffies]
[exit 0]
--- c2 case 1 rec 0   load 0.72 0.83 0.93
[TEST C2-CoCo(LOUDS-Sparse)]
Processing dataset...
Done!
Building trie...
Done!
build time: 1330.632726 ms (1330.632726 ns per key)
space cost: 6.955368 MB (52.918365% of original size 13.143581 MB)
Querying trie...
Done!
total time: 484.251615 ms, avg latency: 484.251615 ns
topology: 0.405121 MB, link: 2.743303 MB, data: 3.806944 MB
1330.632726,6.955368,484.251615
[PASSED]
[time 2.24 s, user 2.04 s, sys 0.18 s, maxrss 326800 KB]
[busy 233 jiffies]
[exit 0]
--- c2 case 0 rec 2   load 0.74 0.83 0.93
[TEST C2-FST]
Processing dataset...
Done!
Building trie...
trie size: 2.171301 MB
trie size: 0.145336 MB
Done!
build time: 698.964958 ms (698.964958 ns per key)
space cost: 6.261899 MB (47.642258% of original size 13.143581 MB)
Querying trie...
Done!
total time: 388.734382 ms, avg latency: 388.734382 ns
topology: 1.096256 MB, link: 1.933458 MB, data: 3.232184 MB
--- Unary Path Analysis (FST, cutoff=4) ---
  shared unary steps in main trie: 268333
  terminal suffixes: inplace=220500 (avg len=1.97)  links=754948 (77.4% of terminal)
  link len: avg=6.76  max=63  total_chars=5105329
  link length distribution (len:count):  4:91687  5:111663  6:114934  7:103953  8:85177  9:68086  10:51456  11:37502  12:26935  13:19286  14:13392  15:9281  16:6718  17:4599  18:3138  19:2143  20:1561  21:980  22:717  23:511  24:315  25:289  26:154  27:98  28:76  29:70  30:38  31:24  32:35  33:24  34:15  35:9  36:12  37:9  38:5  39:5  40:5  41:8  42:4  43:7  45:3  46:1  48:1  50:1  52:4  54:2  55:1  56:5  57:4  59:2  63:2  64:1
698.964958,6.261899,388.734382
[PASSED]
[time 1.52 s, user 1.41 s, sys 0.10 s, maxrss 183156 KB]
[busy 161 jiffies]
[exit 0]
--- c2 case 0 rec 1   load 0.74 0.83 0.93
[TEST C2-FST]
Processing dataset...
Done!
Building trie...
trie size: 2.171301 MB
Done!
build time: 690.138024 ms (690.138024 ns per key)
space cost: 6.261899 MB (47.642258% of original size 13.143581 MB)
Querying trie...
Done!
total time: 386.694781 ms, avg latency: 386.694781 ns
topology: 1.096256 MB, link: 1.933458 MB, data: 3.232184 MB
--- Unary Path Analysis (FST, cutoff=4) ---
  shared unary steps in main trie: 268333
  terminal suffixes: inplace=220500 (avg len=1.97)  links=754948 (77.4% of terminal)
  link len: avg=6.76  max=63  total_chars=5105329
  link length distribution (len:count):  4:91687  5:111663  6:114934  7:103953  8:85177  9:68086  10:51456  11:37502  12:26935  13:19286  14:13392  15:9281  16:6718  17:4599  18:3138  19:2143  20:1561  21:980  22:717  23:511  24:315  25:289  26:154  27:98  28:76  29:70  30:38  31:24  32:35  33:24  34:15  35:9  36:12  37:9  38:5  39:5  40:5  41:8  42:4  43:7  45:3  46:1  48:1  50:1  52:4  54:2  55:1  56:5  57:4  59:2  63:2  64:1
690.138024,6.261899,386.694781
[PASSED]
[time 1.51 s, user 1.40 s, sys 0.11 s, maxrss 183208 KB]
[busy 158 jiffies]
[exit 0]
--- c2 case 0 rec 0   load 0.76 0.83 0.93
[TEST C2-FST]
Processing dataset...
Done!
Building trie...
Done!
build time: 628.990327 ms (628.990327 ns per key)
space cost: 6.917822 MB (52.632701% of original size 13.143581 MB)
Querying trie...
Done!
total time: 332.588714 ms, avg latency: 332.588714 ns
topology: 0.942398 MB, link: 2.041207 MB, data: 3.934216 MB
--- Unary Path Analysis (FST, cutoff=4) ---
  shared unary steps in main trie: 268333
  terminal suffixes: inplace=220500 (avg len=1.97)  links=754948 (77.4% of terminal)
  link len: avg=6.76  max=63  total_chars=5105329
  link length distribution (len:count):  4:91687  5:111663  6:114934  7:103953  8:85177  9:68086  10:51456  11:37502  12:26935  13:19286  14:13392  15:9281  16:6718  17:4599  18:3138  19:2143  20:1561  21:980  22:717  23:511  24:315  25:289  26:154  27:98  28:76  29:70  30:38  31:24  32:35  33:24  34:15  35:9  36:12  37:9  38:5  39:5  40:5  41:8  42:4  43:7  45:3  46:1  48:1  50:1  52:4  54:2  55:1  56:5  57:4  59:2  63:2  64:1
628.990327,6.917822,332.588714
[PASSED]
[time 1.39 s, user 1.29 s, sys 0.09 s, maxrss 183356 KB]
[busy 146 jiffies]
[exit 0]
--- lexindex string   load 0.76 0.83 0.93
1000000 keys
lexindex StringIndex: build 590 ms, size 10.017 MiB (10.504 B/key), latency cold 310.5 ns, then mean 298.2 / min 296.9 ns
589.769,10.017015,310.471
[time 2.25 s, user 2.17 s, sys 0.07 s, maxrss 135316 KB]
[busy 237 jiffies]
[exit 0]
--- lexindex dict1024   load 0.78 0.84 0.93
1000000 keys
lexindex DictIndex block 1024: build 110 ms, size 4.779 MiB (5.012 B/key), latency cold 341.1 ns, then mean 340.6 / min 338.2 ns
110.233,4.779478,341.147
[time 1.94 s, user 2.22 s, sys 0.13 s, maxrss 141392 KB]
[busy 250 jiffies]
[exit 0]
--- lexindex dict256   load 0.80 0.84 0.93
1000000 keys
lexindex DictIndex block 256: build 108 ms, size 4.832 MiB (5.066 B/key), latency cold 306.0 ns, then mean 299.9 / min 297.6 ns
107.787,4.831614,306.023
[time 1.80 s, user 2.22 s, sys 0.15 s, maxrss 162840 KB]
[busy 255 jiffies]
[exit 0]
--- lexindex dict32   load 0.80 0.84 0.93
1000000 keys
lexindex DictIndex block 32: build 103 ms, size 5.262 MiB (5.518 B/key), latency cold 276.7 ns, then mean 270.2 / min 269.2 ns
103.055,5.262175,276.714
[time 1.67 s, user 2.13 s, sys 0.12 s, maxrss 164528 KB]
[busy 239 jiffies]
[exit 0]

##### dna-1000000 (1000000 lines, 25000000 bytes)   round 2/3   2026-09-15T15:44:28+03:00
--- xcdat 16   load 0.82 0.84 0.93
build time: 794.766134 ms
space cost: 21.935129 MiB (95.836042% of original size 22.888184 MiB)
avg latency: 300.503400 ns
794.766134,21.935129,300.503400
[time 1.80 s, user 1.67 s, sys 0.12 s, maxrss 182416 KB]
[busy 192 jiffies]
[exit 0]
--- xcdat 15   load 0.82 0.84 0.93
build time: 819.205863 ms
space cost: 21.414997 MiB (93.563550% of original size 22.888184 MiB)
avg latency: 277.034837 ns
819.205863,21.414997,277.034837
[time 1.80 s, user 1.68 s, sys 0.11 s, maxrss 182156 KB]
[busy 191 jiffies]
[exit 0]
--- xcdat 8   load 0.83 0.85 0.93
build time: 795.266655 ms
space cost: 19.685819 MiB (86.008654% of original size 22.888184 MiB)
avg latency: 298.229708 ns
795.266655,19.685819,298.229708
[time 1.80 s, user 1.66 s, sys 0.13 s, maxrss 180380 KB]
[busy 189 jiffies]
[exit 0]
--- xcdat 7   load 0.77 0.83 0.93
build time: 827.732673 ms
space cost: 19.789600 MiB (86.462083% of original size 22.888184 MiB)
avg latency: 297.613491 ns
827.732673,19.789600,297.613491
[time 1.82 s, user 1.69 s, sys 0.12 s, maxrss 180456 KB]
[busy 189 jiffies]
[exit 0]
--- c2 case 8 rec 0   load 0.77 0.83 0.93
[TEST CART]
Processing dataset...
Done!
Building trie...
Done!
build time: 243.888559 ms (243.888559 ns per key)
space cost: 15.643999 MB (68.349675% of original size 22.888184 MB)
Querying trie...
Done!
total time: 457.343298 ms, avg latency: 457.343298 ns
not implemented
243.888559,15.643999,457.343298
[PASSED]
[time 1.44 s, user 1.32 s, sys 0.11 s, maxrss 214524 KB]
[busy 153 jiffies]
[exit 0]
--- c2 case 7 rec 0   load 0.70 0.82 0.92
[TEST ART]
Processing dataset...
Done!
Building trie...
Done!
build time: 191.695457 ms (191.695457 ns per key)
space cost: 33.278465 MB (145.395833% of original size 22.888184 MB)
Querying trie...
Done!
total time: 417.160441 ms, avg latency: 417.160441 ns
not implemented
191.695457,33.278465,417.160441
[PASSED]
[time 1.34 s, user 1.22 s, sys 0.11 s, maxrss 223256 KB]
[busy 142 jiffies]
[exit 0]
--- c2 case 6 rec 0   load 0.70 0.82 0.92
[TEST PDT]
Processing dataset...
Done!
Building trie...
dict size: 151324, stream size: 6218209
Done!
build time: 2881.705825 ms (2881.705825 ns per key)
space cost: 7.350519 MB (32.114908% of original size 22.888184 MB)
Querying trie...
Done!
total time: 766.032568 ms, avg latency: 766.032568 ns
not implemented
2881.705825,7.350519,766.032568
[PASSED]
[time 4.34 s, user 4.16 s, sys 0.16 s, maxrss 212988 KB]
[busy 446 jiffies]
[exit 0]
--- c2 case 5 rec 2   load 0.73 0.82 0.92
[TEST MARISA]
Processing dataset...
Done!
Building trie...
Done!
build time: 953.971207 ms (953.971207 ns per key)
space cost: 7.210847 MB (31.504671% of original size 22.888184 MB)
Querying trie...
Done!
total time: 781.490100 ms, avg latency: 781.490100 ns
not implemented
953.971207,7.210847,781.490100
[PASSED]
[time 2.45 s, user 2.31 s, sys 0.12 s, maxrss 222112 KB]
[busy 255 jiffies]
[exit 0]
--- c2 case 5 rec 1   load 0.75 0.83 0.92
[TEST MARISA]
Processing dataset...
Done!
Building trie...
Done!
build time: 950.523669 ms (950.523669 ns per key)
space cost: 7.640043 MB (33.379858% of original size 22.888184 MB)
Querying trie...
Done!
total time: 731.689644 ms, avg latency: 731.689644 ns
not implemented
950.523669,7.640043,731.689644
[PASSED]
[time 2.39 s, user 2.23 s, sys 0.14 s, maxrss 221768 KB]
[busy 248 jiffies]
[exit 0]
--- c2 case 5 rec 0   load 0.69 0.81 0.92
[TEST MARISA]
Processing dataset...
Done!
Building trie...
Done!
build time: 681.981860 ms (681.981860 ns per key)
space cost: 18.867507 MB (82.433396% of original size 22.888184 MB)
Querying trie...
Done!
total time: 539.945465 ms, avg latency: 539.945465 ns
not implemented
681.981860,18.867507,539.945465
[PASSED]
[time 1.91 s, user 1.77 s, sys 0.13 s, maxrss 222760 KB]
[busy 199 jiffies]
[exit 0]
--- c2 case 4 rec 0   load 0.69 0.81 0.92
[TEST COCO]
Processing dataset...
Done!
Building trie...
num nodes = 65537, average depth = 14.999878
ef = 0.000000, pa = 0.000000, bv = 0.000000, de = 0.000015
efr = 0.000015, par = 0.999969, bvr = 0.000000, der = 0.000000
Done!
build time: 22095.560135 ms (22095.560135 ns per key)
space cost: 5.857979 MB (25.593899% of original size 22.888184 MB)
Querying trie...
Done!
total time: 354.091734 ms, avg latency: 354.091734 ns
not implemented
22095.560135,5.857979,354.091734
[PASSED]
[time 24.08 s, user 18.24 s, sys 5.74 s, maxrss 13623584 KB]
[busy 2482 jiffies]
[exit 0]
--- c2 case 3 rec 0   load 0.80 0.83 0.92
[TEST FST]
Processing dataset...
Done!
Building trie...
Done!
build time: 944.294695 ms (944.294695 ns per key)
space cost: 18.082896 MB (79.005379% of original size 22.888184 MB)
Querying trie...
Done!
total time: 548.855586 ms, avg latency: 548.855586 ns
not implemented
944.294695,18.082896,548.855586
[PASSED]
[time 2.20 s, user 2.08 s, sys 0.11 s, maxrss 179148 KB]
[busy 230 jiffies]
[exit 0]
--- c2 case 2 rec 2   load 0.81 0.83 0.92
[TEST C2-MARISA]
Processing dataset...
Done!
Building trie...
trie size: 2.428399 MB
trie size: 5.162292 MB
Done!
build time: 2218.431705 ms (2218.431705 ns per key)
space cost: 10.748939 MB (46.962829% of original size 22.888184 MB)
Querying trie...
Done!
total time: 383.653756 ms, avg latency: 383.653756 ns
topology: 0.804615 MB, link: 2.791285 MB, data: 7.132531 MB
--- Unary Path Analysis (Marisa, cutoff=3) ---
  branches: 1681124  |  single-char: 605889 (36.0%)  short-unary: 58000 (3.5%)  links: 1017235 (60.5%)
  link len: avg=13.94  max=17  total_chars=14175392
  link length distribution (len:count):  3:13001  4:3156  5:812  6:209  7:97  8:186  9:733  10:2730  11:11261  12:42928  13:153933  14:402475  15:363824  16:21889  17:1
  short unary avg len: 2.00
2218.431705,10.748939,383.653756
[PASSED]
[time 3.33 s, user 3.10 s, sys 0.21 s, maxrss 285324 KB]
[busy 345 jiffies]
[exit 0]
--- c2 case 2 rec 1   load 0.75 0.82 0.92
[TEST C2-MARISA]
Processing dataset...
Done!
Building trie...
trie size: 2.428399 MB
trie size: 5.162292 MB
Done!
build time: 2224.466583 ms (2224.466583 ns per key)
space cost: 10.748939 MB (46.962829% of original size 22.888184 MB)
Querying trie...
Done!
total time: 390.740893 ms, avg latency: 390.740893 ns
topology: 0.804615 MB, link: 2.791285 MB, data: 7.132531 MB
--- Unary Path Analysis (Marisa, cutoff=3) ---
  branches: 1681124  |  single-char: 605889 (36.0%)  short-unary: 58000 (3.5%)  links: 1017235 (60.5%)
  link len: avg=13.94  max=17  total_chars=14175392
  link length distribution (len:count):  3:13001  4:3156  5:812  6:209  7:97  8:186  9:733  10:2730  11:11261  12:42928  13:153933  14:402475  15:363824  16:21889  17:1
  short unary avg len: 2.00
2224.466583,10.748939,390.740893
[PASSED]
[time 3.34 s, user 3.11 s, sys 0.21 s, maxrss 285384 KB]
[busy 351 jiffies]
[exit 0]
--- c2 case 2 rec 0   load 0.69 0.80 0.91
[TEST C2-MARISA]
Processing dataset...
Done!
Building trie...
trie size: 2.428399 MB
Done!
build time: 1316.009120 ms (1316.009120 ns per key)
space cost: 10.748939 MB (46.962829% of original size 22.888184 MB)
Querying trie...
Done!
total time: 383.721635 ms, avg latency: 383.721635 ns
topology: 0.804615 MB, link: 2.791285 MB, data: 7.132531 MB
--- Unary Path Analysis (Marisa, cutoff=3) ---
  branches: 1681124  |  single-char: 605889 (36.0%)  short-unary: 58000 (3.5%)  links: 1017235 (60.5%)
  link len: avg=13.94  max=17  total_chars=14175392
  link length distribution (len:count):  3:13001  4:3156  5:812  6:209  7:97  8:186  9:733  10:2730  11:11261  12:42928  13:153933  14:402475  15:363824  16:21889  17:1
  short unary avg len: 2.00
1316.009120,10.748939,383.721635
[PASSED]
[time 2.40 s, user 2.23 s, sys 0.15 s, maxrss 252416 KB]
[busy 247 jiffies]
[exit 0]
--- c2 case 1 rec 2   load 0.69 0.80 0.91
[TEST C2-CoCo(LOUDS-Sparse)]
Processing dataset...
Done!
Building trie...
trie size: 5.258043 MB
Done!
build time: 2705.513476 ms (2705.513476 ns per key)
space cost: 9.777104 MB (42.716818% of original size 22.888184 MB)
Querying trie...
Done!
total time: 459.631868 ms, avg latency: 459.631868 ns
topology: 0.343521 MB, link: 3.029230 MB, data: 6.404353 MB
2705.513476,9.777104,459.631868
[PASSED]
[time 3.87 s, user 3.65 s, sys 0.19 s, maxrss 414152 KB]
[busy 405 jiffies]
[exit 0]
--- c2 case 1 rec 1   load 0.71 0.81 0.91
[TEST C2-CoCo(LOUDS-Sparse)]
Processing dataset...
Done!
Building trie...
trie size: 5.258043 MB
Done!
build time: 2687.728972 ms (2687.728972 ns per key)
space cost: 9.777104 MB (42.716818% of original size 22.888184 MB)
Querying trie...
Done!
total time: 449.648390 ms, avg latency: 449.648390 ns
topology: 0.343521 MB, link: 3.029230 MB, data: 6.404353 MB
2687.728972,9.777104,449.648390
[PASSED]
[time 3.84 s, user 3.63 s, sys 0.19 s, maxrss 414184 KB]
[busy 397 jiffies]
[exit 0]
--- c2 case 1 rec 0   load 0.74 0.81 0.91
[TEST C2-CoCo(LOUDS-Sparse)]
Processing dataset...
Done!
Building trie...
Done!
build time: 1992.129527 ms (1992.129527 ns per key)
space cost: 9.777104 MB (42.716818% of original size 22.888184 MB)
Querying trie...
Done!
total time: 443.852501 ms, avg latency: 443.852501 ns
topology: 0.343521 MB, link: 3.029230 MB, data: 6.404353 MB
1992.129527,9.777104,443.852501
[PASSED]
[time 3.14 s, user 2.95 s, sys 0.18 s, maxrss 385888 KB]
[busy 325 jiffies]
[exit 0]
--- c2 case 0 rec 2   load 0.76 0.81 0.91
[TEST C2-FST]
Processing dataset...
Done!
Building trie...
trie size: 5.258043 MB
Done!
build time: 2124.955107 ms (2124.955107 ns per key)
space cost: 11.502727 MB (50.256179% of original size 22.888184 MB)
Querying trie...
Done!
total time: 409.130584 ms, avg latency: 409.130584 ns
topology: 0.892128 MB, link: 2.893083 MB, data: 7.717516 MB
--- Unary Path Analysis (FST, cutoff=4) ---
  shared unary steps in main trie: 98146
  terminal suffixes: inplace=2 (avg len=3.00)  links=999998 (100.0% of terminal)
  link len: avg=12.12  max=15  total_chars=12118007
  link length distribution (len:count):  4:2  5:10  6:40  7:176  8:732  9:2727  10:11261  11:42928  12:153933  13:402475  14:363824  15:21889  16:1
2124.955107,11.502727,409.130584
[PASSED]
[time 3.23 s, user 3.05 s, sys 0.16 s, maxrss 283992 KB]
[busy 338 jiffies]
[exit 0]
--- c2 case 0 rec 1   load 0.78 0.82 0.91
[TEST C2-FST]
Processing dataset...
Done!
Building trie...
trie size: 5.258043 MB
Done!
build time: 2146.423953 ms (2146.423953 ns per key)
space cost: 11.502727 MB (50.256179% of original size 22.888184 MB)
Querying trie...
Done!
total time: 416.028995 ms, avg latency: 416.028995 ns
topology: 0.892128 MB, link: 2.893083 MB, data: 7.717516 MB
--- Unary Path Analysis (FST, cutoff=4) ---
  shared unary steps in main trie: 98146
  terminal suffixes: inplace=2 (avg len=3.00)  links=999998 (100.0% of terminal)
  link len: avg=12.12  max=15  total_chars=12118007
  link length distribution (len:count):  4:2  5:10  6:40  7:176  8:732  9:2727  10:11261  11:42928  12:153933  13:402475  14:363824  15:21889  16:1
2146.423953,11.502727,416.028995
[PASSED]
[time 3.25 s, user 3.06 s, sys 0.18 s, maxrss 284332 KB]
[busy 341 jiffies]
[exit 0]
--- c2 case 0 rec 0   load 0.71 0.80 0.91
[TEST C2-FST]
Processing dataset...
Done!
Building trie...
Done!
build time: 1413.371840 ms (1413.371840 ns per key)
space cost: 11.502727 MB (50.256179% of original size 22.888184 MB)
Querying trie...
Done!
total time: 407.664800 ms, avg latency: 407.664800 ns
topology: 0.892128 MB, link: 2.893083 MB, data: 7.717516 MB
--- Unary Path Analysis (FST, cutoff=4) ---
  shared unary steps in main trie: 98146
  terminal suffixes: inplace=2 (avg len=3.00)  links=999998 (100.0% of terminal)
  link len: avg=12.12  max=15  total_chars=12118007
  link length distribution (len:count):  4:2  5:10  6:40  7:176  8:732  9:2727  10:11261  11:42928  12:153933  13:402475  14:363824  15:21889  16:1
1413.371840,11.502727,407.664800
[PASSED]
[time 2.53 s, user 2.36 s, sys 0.15 s, maxrss 255804 KB]
[busy 264 jiffies]
[exit 0]
--- lexindex string   load 0.71 0.80 0.91
1000000 keys
lexindex StringIndex: build 1130 ms, size 16.920 MiB (17.741 B/key), latency cold 551.1 ns, then mean 541.2 / min 539.7 ns
1129.854,16.919603,551.138
[time 3.79 s, user 3.69 s, sys 0.08 s, maxrss 163980 KB]
[busy 398 jiffies]
[exit 0]
--- lexindex dict1024   load 0.74 0.81 0.91
1000000 keys
lexindex DictIndex block 1024: build 109 ms, size 7.268 MiB (7.621 B/key), latency cold 344.4 ns, then mean 341.6 / min 341.0 ns
108.693,7.267743,344.376
[time 1.98 s, user 2.18 s, sys 0.10 s, maxrss 169292 KB]
[busy 250 jiffies]
[exit 0]
--- lexindex dict256   load 0.76 0.81 0.91
1000000 keys
lexindex DictIndex block 256: build 101 ms, size 7.343 MiB (7.700 B/key), latency cold 336.1 ns, then mean 336.9 / min 332.9 ns
100.806,7.343242,336.074
[time 1.94 s, user 2.24 s, sys 0.10 s, maxrss 173888 KB]
[busy 251 jiffies]
[exit 0]
--- lexindex dict32   load 0.70 0.80 0.90
1000000 keys
lexindex DictIndex block 32: build 100 ms, size 7.982 MiB (8.369 B/key), latency cold 325.9 ns, then mean 323.3 / min 320.6 ns
100.453,7.981682,325.899
[time 1.90 s, user 2.17 s, sys 0.13 s, maxrss 175492 KB]
[busy 246 jiffies]
[exit 0]

##### words-full (479823 lines, 4953557 bytes)   round 2/3   2026-09-15T15:46:19+03:00
--- xcdat 16   load 0.70 0.80 0.90
build time: 98.642915 ms
space cost: 3.550420 MiB (83.216503% of original size 4.266485 MiB)
avg latency: 85.082526 ns
98.642915,3.550420,85.082526
[time 0.31 s, user 0.28 s, sys 0.03 s, maxrss 58096 KB]
[busy 36 jiffies]
[exit 0]
--- xcdat 15   load 0.70 0.80 0.90
build time: 106.582332 ms
space cost: 3.340850 MiB (78.304499% of original size 4.266485 MiB)
avg latency: 77.274189 ns
106.582332,3.340850,77.274189
[time 0.32 s, user 0.28 s, sys 0.03 s, maxrss 58168 KB]
[busy 37 jiffies]
[exit 0]
--- xcdat 8   load 0.64 0.78 0.90
build time: 97.801313 ms
space cost: 2.597720 MiB (60.886655% of original size 4.266485 MiB)
avg latency: 108.213124 ns
97.801313,2.597720,108.213124
[time 0.32 s, user 0.29 s, sys 0.03 s, maxrss 52132 KB]
[busy 37 jiffies]
[exit 0]
--- xcdat 7   load 0.64 0.78 0.90
build time: 107.211734 ms
space cost: 2.721505 MiB (63.787990% of original size 4.266485 MiB)
avg latency: 106.367644 ns
107.211734,2.721505,106.367644
[time 0.33 s, user 0.29 s, sys 0.03 s, maxrss 51840 KB]
[busy 37 jiffies]
[exit 0]
--- c2 case 8 rec 0   load 0.64 0.78 0.90
[TEST CART]
Processing dataset...
Done!
Building trie...
Done!
build time: 68.332927 ms (142.412779 ns per key)
space cost: 7.328448 MB (171.767812% of original size 4.266485 MB)
Querying trie...
Done!
total time: 106.230921 ms, avg latency: 221.396059 ns
not implemented
68.332927,7.328448,221.396059
[PASSED]
[time 0.35 s, user 0.31 s, sys 0.03 s, maxrss 62172 KB]
[busy 39 jiffies]
[exit 0]
--- c2 case 7 rec 0   load 0.64 0.78 0.90
[TEST ART]
Processing dataset...
Done!
Building trie...
Done!
build time: 47.122275 ms (98.207620 ns per key)
space cost: 16.425407 MB (384.986859% of original size 4.266485 MB)
Querying trie...
Done!
total time: 82.823793 ms, avg latency: 172.613220 ns
not implemented
47.122275,16.425407,172.613220
[PASSED]
[time 0.30 s, user 0.27 s, sys 0.03 s, maxrss 61880 KB]
[busy 36 jiffies]
[exit 0]
--- c2 case 6 rec 0   load 0.67 0.79 0.90
[TEST PDT]
Processing dataset...
Done!
Building trie...
dict size: 35774, stream size: 975943
Done!
build time: 334.216041 ms (696.540268 ns per key)
space cost: 1.577207 MB (36.967352% of original size 4.266485 MB)
Querying trie...
Done!
total time: 206.921955 ms, avg latency: 431.246428 ns
not implemented
334.216041,1.577207,431.246428
[PASSED]
[time 0.71 s, user 0.67 s, sys 0.03 s, maxrss 52880 KB]
[busy 75 jiffies]
[exit 0]
--- c2 case 5 rec 2   load 0.67 0.79 0.90
[TEST MARISA]
Processing dataset...
Done!
Building trie...
Done!
build time: 155.514378 ms (324.107802 ns per key)
space cost: 1.362252 MB (31.929145% of original size 4.266485 MB)
Querying trie...
Done!
total time: 168.443620 ms, avg latency: 351.053659 ns
not implemented
155.514378,1.362252,351.053659
[PASSED]
[time 0.50 s, user 0.46 s, sys 0.03 s, maxrss 63284 KB]
[busy 55 jiffies]
[exit 0]
--- c2 case 5 rec 1   load 0.67 0.79 0.90
[TEST MARISA]
Processing dataset...
Done!
Building trie...
Done!
build time: 153.015193 ms (318.899246 ns per key)
space cost: 1.371034 MB (32.134968% of original size 4.266485 MB)
Querying trie...
Done!
total time: 163.236617 ms, avg latency: 340.201735 ns
not implemented
153.015193,1.371034,340.201735
[PASSED]
[time 0.49 s, user 0.44 s, sys 0.04 s, maxrss 63184 KB]
[busy 55 jiffies]
[exit 0]
--- c2 case 5 rec 0   load 0.62 0.77 0.90
[TEST MARISA]
Processing dataset...
Done!
Building trie...
Done!
build time: 152.674212 ms (318.188607 ns per key)
space cost: 1.546566 MB (36.249182% of original size 4.266485 MB)
Querying trie...
Done!
total time: 146.099148 ms, avg latency: 304.485504 ns
not implemented
152.674212,1.546566,304.485504
[PASSED]
[time 0.47 s, user 0.43 s, sys 0.04 s, maxrss 63176 KB]
[busy 56 jiffies]
[exit 0]
--- c2 case 4 rec 0   load 0.62 0.77 0.90
[TEST COCO]
Processing dataset...
Done!
Building trie...
num nodes = 100870, average depth = 2.907644
ef = 0.002379, pa = 0.381531, bv = 0.002558, de = 0.468484
efr = 0.010370, par = 0.134639, bvr = 0.000020, der = 0.000020
Done!
build time: 1559.899122 ms (3250.988640 ns per key)
space cost: 2.485874 MB (58.265159% of original size 4.266485 MB)
Querying trie...
Done!
total time: 170.331497 ms, avg latency: 354.988187 ns
not implemented
1559.899122,2.485874,354.988187
[PASSED]
[time 1.96 s, user 1.54 s, sys 0.41 s, maxrss 920248 KB]
[busy 207 jiffies]
[exit 0]
--- c2 case 3 rec 0   load 0.57 0.76 0.89
[TEST FST]
Processing dataset...
Done!
Building trie...
Done!
build time: 179.703776 ms (374.520971 ns per key)
space cost: 2.144493 MB (50.263695% of original size 4.266485 MB)
Querying trie...
Done!
total time: 200.930758 ms, avg latency: 418.760164 ns
not implemented
179.703776,2.144493,418.760164
[PASSED]
[time 0.55 s, user 0.52 s, sys 0.03 s, maxrss 41588 KB]
[busy 60 jiffies]
[exit 0]
--- c2 case 2 rec 2   load 0.57 0.76 0.89
[TEST C2-MARISA]
Processing dataset...
Done!
Building trie...
trie size: 1.224291 MB
trie size: 0.455650 MB
trie size: 0.007228 MB
Done!
build time: 112.418056 ms (234.290678 ns per key)
space cost: 1.692706 MB (39.674487% of original size 4.266485 MB)
Querying trie...
Done!
total time: 103.970334 ms, avg latency: 216.684765 ns
topology: 0.426247 MB, link: 0.398585 MB, data: 0.857620 MB
--- Unary Path Analysis (Marisa, cutoff=3) ---
  branches: 742737  |  single-char: 411656 (55.4%)  short-unary: 124451 (16.8%)  links: 206630 (27.8%)
  link len: avg=4.35  max=37  total_chars=898820
  link length distribution (len:count):  3:81252  4:55503  5:30038  6:18037  7:10646  8:5519  9:2885  10:1442  11:688  12:346  13:146  14:66  15:26  16:12  17:9  18:7  19:2  20:3  21:1  22:1  37:1
  short unary avg len: 2.00
112.418056,1.692706,216.684765
[PASSED]
[time 0.39 s, user 0.34 s, sys 0.04 s, maxrss 62660 KB]
[busy 43 jiffies]
[exit 0]
--- c2 case 2 rec 1   load 0.57 0.76 0.89
[TEST C2-MARISA]
Processing dataset...
Done!
Building trie...
trie size: 1.224291 MB
trie size: 0.455650 MB
Done!
build time: 110.969374 ms (231.271477 ns per key)
space cost: 1.692706 MB (39.674487% of original size 4.266485 MB)
Querying trie...
Done!
total time: 104.729280 ms, avg latency: 218.266486 ns
topology: 0.426247 MB, link: 0.398585 MB, data: 0.857620 MB
--- Unary Path Analysis (Marisa, cutoff=3) ---
  branches: 742737  |  single-char: 411656 (55.4%)  short-unary: 124451 (16.8%)  links: 206630 (27.8%)
  link len: avg=4.35  max=37  total_chars=898820
  link length distribution (len:count):  3:81252  4:55503  5:30038  6:18037  7:10646  8:5519  9:2885  10:1442  11:688  12:346  13:146  14:66  15:26  16:12  17:9  18:7  19:2  20:3  21:1  22:1  37:1
  short unary avg len: 2.00
110.969374,1.692706,218.266486
[PASSED]
[time 0.38 s, user 0.35 s, sys 0.03 s, maxrss 62884 KB]
[busy 42 jiffies]
[exit 0]
--- c2 case 2 rec 0   load 0.57 0.76 0.89
[TEST C2-MARISA]
Processing dataset...
Done!
Building trie...
trie size: 1.224291 MB
Done!
build time: 112.124445 ms (233.678763 ns per key)
space cost: 1.753984 MB (41.110759% of original size 4.266485 MB)
Querying trie...
Done!
total time: 99.864861 ms, avg latency: 208.128541 ns
topology: 0.405689 MB, link: 0.420969 MB, data: 0.917072 MB
--- Unary Path Analysis (Marisa, cutoff=3) ---
  branches: 742737  |  single-char: 411656 (55.4%)  short-unary: 124451 (16.8%)  links: 206630 (27.8%)
  link len: avg=4.35  max=37  total_chars=898820
  link length distribution (len:count):  3:81252  4:55503  5:30038  6:18037  7:10646  8:5519  9:2885  10:1442  11:688  12:346  13:146  14:66  15:26  16:12  17:9  18:7  19:2  20:3  21:1  22:1  37:1
  short unary avg len: 2.00
112.124445,1.753984,208.128541
[PASSED]
[time 0.39 s, user 0.35 s, sys 0.03 s, maxrss 62688 KB]
[busy 45 jiffies]
[exit 0]
--- c2 case 1 rec 2   load 0.60 0.76 0.89
[TEST C2-CoCo(LOUDS-Sparse)]
Processing dataset...
Done!
Building trie...
trie size: 0.142362 MB
Done!
build time: 413.503710 ms (861.783845 ns per key)
space cost: 2.136750 MB (50.082199% of original size 4.266485 MB)
Querying trie...
Done!
total time: 195.614120 ms, avg latency: 407.679749 ns
topology: 0.195229 MB, link: 0.520357 MB, data: 1.421164 MB
413.503710,2.136750,407.679749
[PASSED]
[time 0.79 s, user 0.73 s, sys 0.05 s, maxrss 97816 KB]
[busy 82 jiffies]
[exit 0]
--- c2 case 1 rec 1   load 0.60 0.76 0.89
[TEST C2-CoCo(LOUDS-Sparse)]
Processing dataset...
Done!
Building trie...
trie size: 0.142362 MB
Done!
build time: 420.047826 ms (875.422450 ns per key)
space cost: 2.136750 MB (50.082199% of original size 4.266485 MB)
Querying trie...
Done!
total time: 196.324143 ms, avg latency: 409.159509 ns
topology: 0.195229 MB, link: 0.520357 MB, data: 1.421164 MB
420.047826,2.136750,409.159509
[PASSED]
[time 0.79 s, user 0.73 s, sys 0.05 s, maxrss 98044 KB]
[busy 91 jiffies]
[exit 0]
--- c2 case 1 rec 0   load 0.60 0.76 0.89
[TEST C2-CoCo(LOUDS-Sparse)]
Processing dataset...
Done!
Building trie...
Done!
build time: 413.994282 ms (862.806247 ns per key)
space cost: 2.136750 MB (50.082199% of original size 4.266485 MB)
Querying trie...
Done!
total time: 196.953175 ms, avg latency: 410.470476 ns
topology: 0.195229 MB, link: 0.520357 MB, data: 1.421164 MB
413.994282,2.136750,410.470476
[PASSED]
[time 0.78 s, user 0.72 s, sys 0.05 s, maxrss 97788 KB]
[busy 84 jiffies]
[exit 0]
--- c2 case 0 rec 2   load 0.63 0.77 0.89
[TEST C2-FST]
Processing dataset...
Done!
Building trie...
trie size: 0.142362 MB
Done!
build time: 73.010366 ms (152.161039 ns per key)
space cost: 1.889297 MB (44.282271% of original size 4.266485 MB)
Querying trie...
Done!
total time: 122.619763 ms, avg latency: 255.552074 ns
topology: 0.420059 MB, link: 0.189988 MB, data: 1.279249 MB
--- Unary Path Analysis (FST, cutoff=4) ---
  shared unary steps in main trie: 150595
  terminal suffixes: inplace=193950 (avg len=1.79)  links=60939 (23.9% of terminal)
  link len: avg=4.24  max=35  total_chars=258586
  link length distribution (len:count):  4:25346  5:15798  6:9608  7:4976  8:2612  9:1355  10:653  11:330  12:137  13:65  14:25  15:11  16:9  17:6  18:2  19:3  20:1  21:1  36:1
73.010366,1.889297,255.552074
[PASSED]
[time 0.37 s, user 0.34 s, sys 0.03 s, maxrss 48756 KB]
[busy 42 jiffies]
[exit 0]
--- c2 case 0 rec 1   load 0.63 0.77 0.89
[TEST C2-FST]
Processing dataset...
Done!
Building trie...
trie size: 0.142362 MB
Done!
build time: 73.726911 ms (153.654391 ns per key)
space cost: 1.889297 MB (44.282271% of original size 4.266485 MB)
Querying trie...
Done!
total time: 122.569259 ms, avg latency: 255.446819 ns
topology: 0.420059 MB, link: 0.189988 MB, data: 1.279249 MB
--- Unary Path Analysis (FST, cutoff=4) ---
  shared unary steps in main trie: 150595
  terminal suffixes: inplace=193950 (avg len=1.79)  links=60939 (23.9% of terminal)
  link len: avg=4.24  max=35  total_chars=258586
  link length distribution (len:count):  4:25346  5:15798  6:9608  7:4976  8:2612  9:1355  10:653  11:330  12:137  13:65  14:25  15:11  16:9  17:6  18:2  19:3  20:1  21:1  36:1
73.726911,1.889297,255.446819
[PASSED]
[time 0.37 s, user 0.34 s, sys 0.03 s, maxrss 48420 KB]
[busy 45 jiffies]
[exit 0]
--- c2 case 0 rec 0   load 0.63 0.77 0.89
[TEST C2-FST]
Processing dataset...
Done!
Building trie...
Done!
build time: 70.590899 ms (147.118623 ns per key)
space cost: 1.889297 MB (44.282271% of original size 4.266485 MB)
Querying trie...
Done!
total time: 123.401533 ms, avg latency: 257.181363 ns
topology: 0.420059 MB, link: 0.189988 MB, data: 1.279249 MB
--- Unary Path Analysis (FST, cutoff=4) ---
  shared unary steps in main trie: 150595
  terminal suffixes: inplace=193950 (avg len=1.79)  links=60939 (23.9% of terminal)
  link len: avg=4.24  max=35  total_chars=258586
  link length distribution (len:count):  4:25346  5:15798  6:9608  7:4976  8:2612  9:1355  10:653  11:330  12:137  13:65  14:25  15:11  16:9  17:6  18:2  19:3  20:1  21:1  36:1
70.590899,1.889297,257.181363
[PASSED]
[time 0.37 s, user 0.34 s, sys 0.02 s, maxrss 48700 KB]
[busy 46 jiffies]
[exit 0]
--- lexindex string   load 0.58 0.76 0.89
479823 keys
lexindex StringIndex: build 155 ms, size 2.724 MiB (5.953 B/key), latency cold 218.3 ns, then mean 214.3 / min 213.9 ns
154.963,2.724010,218.296
[time 0.74 s, user 0.70 s, sys 0.03 s, maxrss 63548 KB]
[busy 80 jiffies]
[exit 0]
--- lexindex dict1024   load 0.58 0.76 0.89
479823 keys
lexindex DictIndex block 1024: build 54 ms, size 1.277 MiB (2.790 B/key), latency cold 294.7 ns, then mean 295.4 / min 294.7 ns
53.598,1.276532,294.703
[time 0.80 s, user 0.83 s, sys 0.03 s, maxrss 67872 KB]
[busy 94 jiffies]
[exit 0]
--- lexindex dict256   load 0.58 0.76 0.89
479823 keys
lexindex DictIndex block 256: build 49 ms, size 1.299 MiB (2.838 B/key), latency cold 251.6 ns, then mean 250.4 / min 250.3 ns
49.104,1.298729,251.609
[time 0.70 s, user 0.76 s, sys 0.06 s, maxrss 75736 KB]
[busy 90 jiffies]
[exit 0]
--- lexindex dict32   load 0.62 0.76 0.89
479823 keys
lexindex DictIndex block 32: build 47 ms, size 1.476 MiB (3.225 B/key), latency cold 218.5 ns, then mean 201.3 / min 200.2 ns
47.487,1.475963,218.454
[time 0.62 s, user 0.67 s, sys 0.05 s, maxrss 75668 KB]
[busy 86 jiffies]
[exit 0]

##### words-full (479823 lines, 4953557 bytes)   round 3/3   2026-09-15T15:46:59+03:00
--- lexindex dict32   load 0.62 0.76 0.89
479823 keys
lexindex DictIndex block 32: build 48 ms, size 1.476 MiB (3.225 B/key), latency cold 207.1 ns, then mean 201.2 / min 200.9 ns
47.568,1.475963,207.123
[time 0.61 s, user 0.68 s, sys 0.05 s, maxrss 75588 KB]
[busy 79 jiffies]
[exit 0]
--- lexindex dict256   load 0.62 0.76 0.89
479823 keys
lexindex DictIndex block 256: build 50 ms, size 1.299 MiB (2.838 B/key), latency cold 249.9 ns, then mean 248.9 / min 247.2 ns
50.039,1.298729,249.917
[time 0.71 s, user 0.76 s, sys 0.06 s, maxrss 75716 KB]
[busy 92 jiffies]
[exit 0]
--- lexindex dict1024   load 0.73 0.78 0.89
479823 keys
lexindex DictIndex block 1024: build 54 ms, size 1.277 MiB (2.790 B/key), latency cold 292.4 ns, then mean 291.8 / min 290.3 ns
53.524,1.276532,292.436
[time 0.79 s, user 0.82 s, sys 0.04 s, maxrss 67748 KB]
[busy 93 jiffies]
[exit 0]
--- lexindex string   load 0.73 0.78 0.89
479823 keys
lexindex StringIndex: build 156 ms, size 2.724 MiB (5.953 B/key), latency cold 217.6 ns, then mean 215.3 / min 215.3 ns
155.677,2.724010,217.556
[time 0.74 s, user 0.70 s, sys 0.03 s, maxrss 63724 KB]
[busy 79 jiffies]
[exit 0]
--- c2 case 0 rec 0   load 0.73 0.78 0.89
[TEST C2-FST]
Processing dataset...
Done!
Building trie...
Done!
build time: 69.290146 ms (144.407721 ns per key)
space cost: 1.889297 MB (44.282271% of original size 4.266485 MB)
Querying trie...
Done!
total time: 123.235571 ms, avg latency: 256.835481 ns
topology: 0.420059 MB, link: 0.189988 MB, data: 1.279249 MB
--- Unary Path Analysis (FST, cutoff=4) ---
  shared unary steps in main trie: 150595
  terminal suffixes: inplace=193950 (avg len=1.79)  links=60939 (23.9% of terminal)
  link len: avg=4.24  max=35  total_chars=258586
  link length distribution (len:count):  4:25346  5:15798  6:9608  7:4976  8:2612  9:1355  10:653  11:330  12:137  13:65  14:25  15:11  16:9  17:6  18:2  19:3  20:1  21:1  36:1
69.290146,1.889297,256.835481
[PASSED]
[time 0.37 s, user 0.33 s, sys 0.03 s, maxrss 48356 KB]
[busy 42 jiffies]
[exit 0]
--- c2 case 0 rec 1   load 0.75 0.78 0.90
[TEST C2-FST]
Processing dataset...
Done!
Building trie...
trie size: 0.142362 MB
Done!
build time: 72.793177 ms (151.708395 ns per key)
space cost: 1.889297 MB (44.282271% of original size 4.266485 MB)
Querying trie...
Done!
total time: 122.977556 ms, avg latency: 256.297751 ns
topology: 0.420059 MB, link: 0.189988 MB, data: 1.279249 MB
--- Unary Path Analysis (FST, cutoff=4) ---
  shared unary steps in main trie: 150595
  terminal suffixes: inplace=193950 (avg len=1.79)  links=60939 (23.9% of terminal)
  link len: avg=4.24  max=35  total_chars=258586
  link length distribution (len:count):  4:25346  5:15798  6:9608  7:4976  8:2612  9:1355  10:653  11:330  12:137  13:65  14:25  15:11  16:9  17:6  18:2  19:3  20:1  21:1  36:1
72.793177,1.889297,256.297751
[PASSED]
[time 0.37 s, user 0.34 s, sys 0.02 s, maxrss 48672 KB]
[busy 42 jiffies]
[exit 0]
--- c2 case 0 rec 2   load 0.75 0.78 0.90
[TEST C2-FST]
Processing dataset...
Done!
Building trie...
trie size: 0.142362 MB
Done!
build time: 72.544480 ms (151.190085 ns per key)
space cost: 1.889297 MB (44.282271% of original size 4.266485 MB)
Querying trie...
Done!
total time: 123.412764 ms, avg latency: 257.204769 ns
topology: 0.420059 MB, link: 0.189988 MB, data: 1.279249 MB
--- Unary Path Analysis (FST, cutoff=4) ---
  shared unary steps in main trie: 150595
  terminal suffixes: inplace=193950 (avg len=1.79)  links=60939 (23.9% of terminal)
  link len: avg=4.24  max=35  total_chars=258586
  link length distribution (len:count):  4:25346  5:15798  6:9608  7:4976  8:2612  9:1355  10:653  11:330  12:137  13:65  14:25  15:11  16:9  17:6  18:2  19:3  20:1  21:1  36:1
72.544480,1.889297,257.204769
[PASSED]
[time 0.37 s, user 0.33 s, sys 0.03 s, maxrss 48672 KB]
[busy 43 jiffies]
[exit 0]
--- c2 case 1 rec 0   load 0.75 0.78 0.90
[TEST C2-CoCo(LOUDS-Sparse)]
Processing dataset...
Done!
Building trie...
Done!
build time: 414.267305 ms (863.375255 ns per key)
space cost: 2.136750 MB (50.082199% of original size 4.266485 MB)
Querying trie...
Done!
total time: 197.414752 ms, avg latency: 411.432449 ns
topology: 0.195229 MB, link: 0.520357 MB, data: 1.421164 MB
414.267305,2.136750,411.432449
[PASSED]
[time 0.79 s, user 0.73 s, sys 0.05 s, maxrss 97960 KB]
[busy 88 jiffies]
[exit 0]
--- c2 case 1 rec 1   load 0.69 0.77 0.89
[TEST C2-CoCo(LOUDS-Sparse)]
Processing dataset...
Done!
Building trie...
trie size: 0.142362 MB
Done!
build time: 418.783721 ms (872.787926 ns per key)
space cost: 2.136750 MB (50.082199% of original size 4.266485 MB)
Querying trie...
Done!
total time: 197.412388 ms, avg latency: 411.427522 ns
topology: 0.195229 MB, link: 0.520357 MB, data: 1.421164 MB
418.783721,2.136750,411.427522
[PASSED]
[time 0.79 s, user 0.73 s, sys 0.05 s, maxrss 97760 KB]
[busy 85 jiffies]
[exit 0]
--- c2 case 1 rec 2   load 0.69 0.77 0.89
[TEST C2-CoCo(LOUDS-Sparse)]
Processing dataset...
Done!
Building trie...
trie size: 0.142362 MB
Done!
build time: 417.844887 ms (870.831300 ns per key)
space cost: 2.136750 MB (50.082199% of original size 4.266485 MB)
Querying trie...
Done!
total time: 197.763638 ms, avg latency: 412.159563 ns
topology: 0.195229 MB, link: 0.520357 MB, data: 1.421164 MB
417.844887,2.136750,412.159563
[PASSED]
[time 0.79 s, user 0.72 s, sys 0.06 s, maxrss 97728 KB]
[busy 85 jiffies]
[exit 0]
--- c2 case 2 rec 0   load 0.69 0.77 0.89
[TEST C2-MARISA]
Processing dataset...
Done!
Building trie...
trie size: 1.224291 MB
Done!
build time: 113.062988 ms (235.634782 ns per key)
space cost: 1.753984 MB (41.110759% of original size 4.266485 MB)
Querying trie...
Done!
total time: 99.453638 ms, avg latency: 207.271511 ns
topology: 0.405689 MB, link: 0.420969 MB, data: 0.917072 MB
--- Unary Path Analysis (Marisa, cutoff=3) ---
  branches: 742737  |  single-char: 411656 (55.4%)  short-unary: 124451 (16.8%)  links: 206630 (27.8%)
  link len: avg=4.35  max=37  total_chars=898820
  link length distribution (len:count):  3:81252  4:55503  5:30038  6:18037  7:10646  8:5519  9:2885  10:1442  11:688  12:346  13:146  14:66  15:26  16:12  17:9  18:7  19:2  20:3  21:1  22:1  37:1
  short unary avg len: 2.00
113.062988,1.753984,207.271511
[PASSED]
[time 0.39 s, user 0.34 s, sys 0.04 s, maxrss 63020 KB]
[busy 42 jiffies]
[exit 0]
--- c2 case 2 rec 1   load 0.63 0.76 0.89
[TEST C2-MARISA]
Processing dataset...
Done!
Building trie...
trie size: 1.224291 MB
trie size: 0.455650 MB
Done!
build time: 112.399512 ms (234.252030 ns per key)
space cost: 1.692706 MB (39.674487% of original size 4.266485 MB)
Querying trie...
Done!
total time: 105.897505 ms, avg latency: 220.701186 ns
topology: 0.426247 MB, link: 0.398585 MB, data: 0.857620 MB
--- Unary Path Analysis (Marisa, cutoff=3) ---
  branches: 742737  |  single-char: 411656 (55.4%)  short-unary: 124451 (16.8%)  links: 206630 (27.8%)
  link len: avg=4.35  max=37  total_chars=898820
  link length distribution (len:count):  3:81252  4:55503  5:30038  6:18037  7:10646  8:5519  9:2885  10:1442  11:688  12:346  13:146  14:66  15:26  16:12  17:9  18:7  19:2  20:3  21:1  22:1  37:1
  short unary avg len: 2.00
112.399512,1.692706,220.701186
[PASSED]
[time 0.39 s, user 0.34 s, sys 0.04 s, maxrss 62820 KB]
[busy 45 jiffies]
[exit 0]
--- c2 case 2 rec 2   load 0.63 0.76 0.89
[TEST C2-MARISA]
Processing dataset...
Done!
Building trie...
trie size: 1.224291 MB
trie size: 0.455650 MB
trie size: 0.007228 MB
Done!
build time: 112.975444 ms (235.452331 ns per key)
space cost: 1.692706 MB (39.674487% of original size 4.266485 MB)
Querying trie...
Done!
total time: 103.586242 ms, avg latency: 215.884278 ns
topology: 0.426247 MB, link: 0.398585 MB, data: 0.857620 MB
--- Unary Path Analysis (Marisa, cutoff=3) ---
  branches: 742737  |  single-char: 411656 (55.4%)  short-unary: 124451 (16.8%)  links: 206630 (27.8%)
  link len: avg=4.35  max=37  total_chars=898820
  link length distribution (len:count):  3:81252  4:55503  5:30038  6:18037  7:10646  8:5519  9:2885  10:1442  11:688  12:346  13:146  14:66  15:26  16:12  17:9  18:7  19:2  20:3  21:1  22:1  37:1
  short unary avg len: 2.00
112.975444,1.692706,215.884278
[PASSED]
[time 0.39 s, user 0.35 s, sys 0.04 s, maxrss 62916 KB]
[busy 45 jiffies]
[exit 0]
--- c2 case 3 rec 0   load 0.63 0.76 0.89
[TEST FST]
Processing dataset...
Done!
Building trie...
Done!
build time: 181.688736 ms (378.657830 ns per key)
space cost: 2.144493 MB (50.263695% of original size 4.266485 MB)
Querying trie...
Done!
total time: 202.015987 ms, avg latency: 421.021891 ns
not implemented
181.688736,2.144493,421.021891
[PASSED]
[time 0.55 s, user 0.52 s, sys 0.02 s, maxrss 41636 KB]
[busy 63 jiffies]
[exit 0]
--- c2 case 4 rec 0   load 0.58 0.75 0.88
[TEST COCO]
Processing dataset...
Done!
Building trie...
num nodes = 100870, average depth = 2.907644
ef = 0.002379, pa = 0.381531, bv = 0.002558, de = 0.468484
efr = 0.010370, par = 0.134639, bvr = 0.000020, der = 0.000020
Done!
build time: 1564.105175 ms (3259.754482 ns per key)
space cost: 2.485874 MB (58.265159% of original size 4.266485 MB)
Querying trie...
Done!
total time: 168.546163 ms, avg latency: 351.267369 ns
not implemented
1564.105175,2.485874,351.267369
[PASSED]
[time 1.97 s, user 1.58 s, sys 0.38 s, maxrss 920248 KB]
[busy 207 jiffies]
[exit 0]
--- c2 case 5 rec 0   load 0.58 0.75 0.88
[TEST MARISA]
Processing dataset...
Done!
Building trie...
Done!
build time: 150.831419 ms (314.348039 ns per key)
space cost: 1.546566 MB (36.249182% of original size 4.266485 MB)
Querying trie...
Done!
total time: 146.157538 ms, avg latency: 304.607195 ns
not implemented
150.831419,1.546566,304.607195
[PASSED]
[time 0.47 s, user 0.43 s, sys 0.04 s, maxrss 62892 KB]
[busy 51 jiffies]
[exit 0]
--- c2 case 5 rec 1   load 0.58 0.75 0.88
[TEST MARISA]
Processing dataset...
Done!
Building trie...
Done!
build time: 154.648140 ms (322.302474 ns per key)
space cost: 1.371034 MB (32.134968% of original size 4.266485 MB)
Querying trie...
Done!
total time: 162.980225 ms, avg latency: 339.667388 ns
not implemented
154.648140,1.371034,339.667388
[PASSED]
[time 0.49 s, user 0.44 s, sys 0.04 s, maxrss 63256 KB]
[busy 55 jiffies]
[exit 0]
--- c2 case 5 rec 2   load 0.62 0.75 0.88
[TEST MARISA]
Processing dataset...
Done!
Building trie...
Done!
build time: 154.111873 ms (321.184839 ns per key)
space cost: 1.362252 MB (31.929145% of original size 4.266485 MB)
Querying trie...
Done!
total time: 165.843575 ms, avg latency: 345.634901 ns
not implemented
154.111873,1.362252,345.634901
[PASSED]
[time 0.49 s, user 0.45 s, sys 0.04 s, maxrss 63420 KB]
[busy 56 jiffies]
[exit 0]
--- c2 case 6 rec 0   load 0.62 0.75 0.88
[TEST PDT]
Processing dataset...
Done!
Building trie...
dict size: 35774, stream size: 975943
Done!
build time: 334.570668 ms (697.279347 ns per key)
space cost: 1.577207 MB (36.967352% of original size 4.266485 MB)
Querying trie...
Done!
total time: 206.640676 ms, avg latency: 430.660214 ns
not implemented
334.570668,1.577207,430.660214
[PASSED]
[time 0.71 s, user 0.69 s, sys 0.02 s, maxrss 53044 KB]
[busy 77 jiffies]
[exit 0]
--- c2 case 7 rec 0   load 0.62 0.75 0.88
[TEST ART]
Processing dataset...
Done!
Building trie...
Done!
build time: 46.451255 ms (96.809146 ns per key)
space cost: 16.425407 MB (384.986859% of original size 4.266485 MB)
Querying trie...
Done!
total time: 82.814486 ms, avg latency: 172.593823 ns
not implemented
46.451255,16.425407,172.593823
[PASSED]
[time 0.30 s, user 0.26 s, sys 0.03 s, maxrss 61740 KB]
[busy 34 jiffies]
[exit 0]
--- c2 case 8 rec 0   load 0.57 0.74 0.88
[TEST CART]
Processing dataset...
Done!
Building trie...
Done!
build time: 66.470407 ms (138.531098 ns per key)
space cost: 7.328448 MB (171.767812% of original size 4.266485 MB)
Querying trie...
Done!
total time: 103.621159 ms, avg latency: 215.957049 ns
not implemented
66.470407,7.328448,215.957049
[PASSED]
[time 0.34 s, user 0.31 s, sys 0.03 s, maxrss 62224 KB]
[busy 39 jiffies]
[exit 0]
--- xcdat 7   load 0.57 0.74 0.88
build time: 105.906893 ms
space cost: 2.721505 MiB (63.787990% of original size 4.266485 MiB)
avg latency: 107.674101 ns
105.906893,2.721505,107.674101
[time 0.32 s, user 0.29 s, sys 0.02 s, maxrss 52260 KB]
[busy 39 jiffies]
[exit 0]
--- xcdat 8   load 0.57 0.74 0.88
build time: 96.225463 ms
space cost: 2.597720 MiB (60.886655% of original size 4.266485 MiB)
avg latency: 108.613691 ns
96.225463,2.597720,108.613691
[time 0.32 s, user 0.28 s, sys 0.03 s, maxrss 51896 KB]
[busy 37 jiffies]
[exit 0]
--- xcdat 15   load 0.57 0.74 0.88
build time: 106.930857 ms
space cost: 3.340850 MiB (78.304499% of original size 4.266485 MiB)
avg latency: 80.949429 ns
106.930857,3.340850,80.949429
[time 0.32 s, user 0.28 s, sys 0.03 s, maxrss 58272 KB]
[busy 38 jiffies]
[exit 0]
--- xcdat 16   load 0.60 0.74 0.88
build time: 97.128369 ms
space cost: 3.550420 MiB (83.216503% of original size 4.266485 MiB)
avg latency: 84.299433 ns
97.128369,3.550420,84.299433
[time 0.31 s, user 0.27 s, sys 0.03 s, maxrss 58504 KB]
[busy 36 jiffies]
[exit 0]

##### dna-1000000 (1000000 lines, 25000000 bytes)   round 3/3   2026-09-15T15:47:39+03:00
--- lexindex dict32   load 0.60 0.74 0.88
1000000 keys
lexindex DictIndex block 32: build 100 ms, size 7.982 MiB (8.369 B/key), latency cold 327.3 ns, then mean 322.5 / min 315.7 ns
100.330,7.981682,327.298
[time 1.90 s, user 2.17 s, sys 0.11 s, maxrss 174480 KB]
[busy 247 jiffies]
[exit 0]
--- lexindex dict256   load 0.55 0.73 0.87
1000000 keys
lexindex DictIndex block 256: build 101 ms, size 7.343 MiB (7.700 B/key), latency cold 337.8 ns, then mean 332.7 / min 327.7 ns
100.831,7.343242,337.785
[time 1.94 s, user 2.23 s, sys 0.11 s, maxrss 173588 KB]
[busy 253 jiffies]
[exit 0]
--- lexindex dict1024   load 0.55 0.73 0.87
1000000 keys
lexindex DictIndex block 1024: build 107 ms, size 7.268 MiB (7.621 B/key), latency cold 348.2 ns, then mean 343.1 / min 341.4 ns
107.401,7.267743,348.222
[time 1.99 s, user 2.18 s, sys 0.09 s, maxrss 169500 KB]
[busy 245 jiffies]
[exit 0]
--- lexindex string   load 0.59 0.73 0.87
1000000 keys
lexindex StringIndex: build 1132 ms, size 16.920 MiB (17.741 B/key), latency cold 555.9 ns, then mean 542.6 / min 538.1 ns
1131.513,16.919603,555.902
[time 3.79 s, user 3.68 s, sys 0.09 s, maxrss 164004 KB]
[busy 398 jiffies]
[exit 0]
--- c2 case 0 rec 0   load 0.62 0.74 0.88
[TEST C2-FST]
Processing dataset...
Done!
Building trie...
Done!
build time: 1420.601464 ms (1420.601464 ns per key)
space cost: 11.502727 MB (50.256179% of original size 22.888184 MB)
Querying trie...
Done!
total time: 409.978066 ms, avg latency: 409.978066 ns
topology: 0.892128 MB, link: 2.893083 MB, data: 7.717516 MB
--- Unary Path Analysis (FST, cutoff=4) ---
  shared unary steps in main trie: 98146
  terminal suffixes: inplace=2 (avg len=3.00)  links=999998 (100.0% of terminal)
  link len: avg=12.12  max=15  total_chars=12118007
  link length distribution (len:count):  4:2  5:10  6:40  7:176  8:732  9:2727  10:11261  11:42928  12:153933  13:402475  14:363824  15:21889  16:1
1420.601464,11.502727,409.978066
[PASSED]
[time 2.53 s, user 2.37 s, sys 0.14 s, maxrss 255648 KB]
[busy 263 jiffies]
[exit 0]
--- c2 case 0 rec 1   load 0.62 0.74 0.88
[TEST C2-FST]
Processing dataset...
Done!
Building trie...
trie size: 5.258043 MB
Done!
build time: 2108.745531 ms (2108.745531 ns per key)
space cost: 11.502727 MB (50.256179% of original size 22.888184 MB)
Querying trie...
Done!
total time: 410.502131 ms, avg latency: 410.502131 ns
topology: 0.892128 MB, link: 2.893083 MB, data: 7.717516 MB
--- Unary Path Analysis (FST, cutoff=4) ---
  shared unary steps in main trie: 98146
  terminal suffixes: inplace=2 (avg len=3.00)  links=999998 (100.0% of terminal)
  link len: avg=12.12  max=15  total_chars=12118007
  link length distribution (len:count):  4:2  5:10  6:40  7:176  8:732  9:2727  10:11261  11:42928  12:153933  13:402475  14:363824  15:21889  16:1
2108.745531,11.502727,410.502131
[PASSED]
[time 3.21 s, user 3.01 s, sys 0.17 s, maxrss 284388 KB]
[busy 329 jiffies]
[exit 0]
--- c2 case 0 rec 2   load 0.65 0.74 0.88
[TEST C2-FST]
Processing dataset...
Done!
Building trie...
trie size: 5.258043 MB
Done!
build time: 2115.476477 ms (2115.476477 ns per key)
space cost: 11.502727 MB (50.256179% of original size 22.888184 MB)
Querying trie...
Done!
total time: 407.203643 ms, avg latency: 407.203643 ns
topology: 0.892128 MB, link: 2.893083 MB, data: 7.717516 MB
--- Unary Path Analysis (FST, cutoff=4) ---
  shared unary steps in main trie: 98146
  terminal suffixes: inplace=2 (avg len=3.00)  links=999998 (100.0% of terminal)
  link len: avg=12.12  max=15  total_chars=12118007
  link length distribution (len:count):  4:2  5:10  6:40  7:176  8:732  9:2727  10:11261  11:42928  12:153933  13:402475  14:363824  15:21889  16:1
2115.476477,11.502727,407.203643
[PASSED]
[time 3.20 s, user 3.02 s, sys 0.17 s, maxrss 284504 KB]
[busy 334 jiffies]
[exit 0]
--- c2 case 1 rec 0   load 0.68 0.75 0.88
[TEST C2-CoCo(LOUDS-Sparse)]
Processing dataset...
Done!
Building trie...
Done!
build time: 1995.074270 ms (1995.074270 ns per key)
space cost: 9.777104 MB (42.716818% of original size 22.888184 MB)
Querying trie...
Done!
total time: 458.156647 ms, avg latency: 458.156647 ns
topology: 0.343521 MB, link: 3.029230 MB, data: 6.404353 MB
1995.074270,9.777104,458.156647
[PASSED]
[time 3.14 s, user 2.94 s, sys 0.19 s, maxrss 385628 KB]
[busy 329 jiffies]
[exit 0]
--- c2 case 1 rec 1   load 0.71 0.75 0.88
[TEST C2-CoCo(LOUDS-Sparse)]
Processing dataset...
Done!
Building trie...
trie size: 5.258043 MB
Done!
build time: 2690.908697 ms (2690.908697 ns per key)
space cost: 9.777104 MB (42.716818% of original size 22.888184 MB)
Querying trie...
Done!
total time: 447.920033 ms, avg latency: 447.920033 ns
topology: 0.343521 MB, link: 3.029230 MB, data: 6.404353 MB
2690.908697,9.777104,447.920033
[PASSED]
[time 3.84 s, user 3.63 s, sys 0.20 s, maxrss 413944 KB]
[busy 398 jiffies]
[exit 0]
--- c2 case 1 rec 2   load 0.73 0.76 0.88
[TEST C2-CoCo(LOUDS-Sparse)]
Processing dataset...
Done!
Building trie...
trie size: 5.258043 MB
Done!
build time: 2678.302562 ms (2678.302562 ns per key)
space cost: 9.777104 MB (42.716818% of original size 22.888184 MB)
Querying trie...
Done!
total time: 447.261266 ms, avg latency: 447.261266 ns
topology: 0.343521 MB, link: 3.029230 MB, data: 6.404353 MB
2678.302562,9.777104,447.261266
[PASSED]
[time 3.83 s, user 3.62 s, sys 0.19 s, maxrss 414036 KB]
[busy 397 jiffies]
[exit 0]
--- c2 case 2 rec 0   load 0.75 0.76 0.88
[TEST C2-MARISA]
Processing dataset...
Done!
Building trie...
trie size: 2.428399 MB
Done!
build time: 1316.022475 ms (1316.022475 ns per key)
space cost: 10.748939 MB (46.962829% of original size 22.888184 MB)
Querying trie...
Done!
total time: 392.385362 ms, avg latency: 392.385362 ns
topology: 0.804615 MB, link: 2.791285 MB, data: 7.132531 MB
--- Unary Path Analysis (Marisa, cutoff=3) ---
  branches: 1681124  |  single-char: 605889 (36.0%)  short-unary: 58000 (3.5%)  links: 1017235 (60.5%)
  link len: avg=13.94  max=17  total_chars=14175392
  link length distribution (len:count):  3:13001  4:3156  5:812  6:209  7:97  8:186  9:733  10:2730  11:11261  12:42928  13:153933  14:402475  15:363824  16:21889  17:1
  short unary avg len: 2.00
1316.022475,10.748939,392.385362
[PASSED]
[time 2.41 s, user 2.24 s, sys 0.15 s, maxrss 252240 KB]
[busy 252 jiffies]
[exit 0]
--- c2 case 2 rec 1   load 0.69 0.75 0.88
[TEST C2-MARISA]
Processing dataset...
Done!
Building trie...
trie size: 2.428399 MB
trie size: 5.162292 MB
Done!
build time: 2218.292173 ms (2218.292173 ns per key)
space cost: 10.748939 MB (46.962829% of original size 22.888184 MB)
Querying trie...
Done!
total time: 385.527156 ms, avg latency: 385.527156 ns
topology: 0.804615 MB, link: 2.791285 MB, data: 7.132531 MB
--- Unary Path Analysis (Marisa, cutoff=3) ---
  branches: 1681124  |  single-char: 605889 (36.0%)  short-unary: 58000 (3.5%)  links: 1017235 (60.5%)
  link len: avg=13.94  max=17  total_chars=14175392
  link length distribution (len:count):  3:13001  4:3156  5:812  6:209  7:97  8:186  9:733  10:2730  11:11261  12:42928  13:153933  14:402475  15:363824  16:21889  17:1
  short unary avg len: 2.00
2218.292173,10.748939,385.527156
[PASSED]
[time 3.32 s, user 3.10 s, sys 0.21 s, maxrss 285092 KB]
[busy 345 jiffies]
[exit 0]
--- c2 case 2 rec 2   load 0.69 0.75 0.88
[TEST C2-MARISA]
Processing dataset...
Done!
Building trie...
trie size: 2.428399 MB
trie size: 5.162292 MB
Done!
build time: 2214.809279 ms (2214.809279 ns per key)
space cost: 10.748939 MB (46.962829% of original size 22.888184 MB)
Querying trie...
Done!
total time: 384.301263 ms, avg latency: 384.301263 ns
topology: 0.804615 MB, link: 2.791285 MB, data: 7.132531 MB
--- Unary Path Analysis (Marisa, cutoff=3) ---
  branches: 1681124  |  single-char: 605889 (36.0%)  short-unary: 58000 (3.5%)  links: 1017235 (60.5%)
  link len: avg=13.94  max=17  total_chars=14175392
  link length distribution (len:count):  3:13001  4:3156  5:812  6:209  7:97  8:186  9:733  10:2730  11:11261  12:42928  13:153933  14:402475  15:363824  16:21889  17:1
  short unary avg len: 2.00
2214.809279,10.748939,384.301263
[PASSED]
[time 3.33 s, user 3.13 s, sys 0.18 s, maxrss 285324 KB]
[busy 347 jiffies]
[exit 0]
--- c2 case 3 rec 0   load 0.72 0.75 0.88
[TEST FST]
Processing dataset...
Done!
Building trie...
Done!
build time: 943.828870 ms (943.828870 ns per key)
space cost: 18.082896 MB (79.005379% of original size 22.888184 MB)
Querying trie...
Done!
total time: 551.073072 ms, avg latency: 551.073072 ns
not implemented
943.828870,18.082896,551.073072
[PASSED]
[time 2.21 s, user 2.09 s, sys 0.10 s, maxrss 179156 KB]
[busy 231 jiffies]
[exit 0]
--- c2 case 4 rec 0   load 0.74 0.76 0.88
[TEST COCO]
Processing dataset...
Done!
Building trie...
num nodes = 65537, average depth = 14.999878
ef = 0.000000, pa = 0.000000, bv = 0.000000, de = 0.000015
efr = 0.000015, par = 0.999969, bvr = 0.000000, der = 0.000000
Done!
build time: 22050.321932 ms (22050.321932 ns per key)
space cost: 5.857979 MB (25.593899% of original size 22.888184 MB)
Querying trie...
Done!
total time: 357.127748 ms, avg latency: 357.127748 ns
not implemented
22050.321932,5.857979,357.127748
[PASSED]
[time 24.05 s, user 18.32 s, sys 5.63 s, maxrss 13623432 KB]
[busy 2482 jiffies]
[exit 0]
--- c2 case 5 rec 0   load 0.83 0.78 0.88
[TEST MARISA]
Processing dataset...
Done!
Building trie...
Done!
build time: 678.453210 ms (678.453210 ns per key)
space cost: 18.867507 MB (82.433396% of original size 22.888184 MB)
Querying trie...
Done!
total time: 544.277906 ms, avg latency: 544.277906 ns
not implemented
678.453210,18.867507,544.277906
[PASSED]
[time 1.93 s, user 1.79 s, sys 0.12 s, maxrss 222880 KB]
[busy 204 jiffies]
[exit 0]
--- c2 case 5 rec 1   load 0.76 0.76 0.88
[TEST MARISA]
Processing dataset...
Done!
Building trie...
Done!
build time: 938.971184 ms (938.971184 ns per key)
space cost: 7.640043 MB (33.379858% of original size 22.888184 MB)
Querying trie...
Done!
total time: 735.655655 ms, avg latency: 735.655655 ns
not implemented
938.971184,7.640043,735.655655
[PASSED]
[time 2.38 s, user 2.22 s, sys 0.14 s, maxrss 221648 KB]
[busy 245 jiffies]
[exit 0]
--- c2 case 5 rec 2   load 0.76 0.76 0.88
[TEST MARISA]
Processing dataset...
Done!
Building trie...
Done!
build time: 944.123444 ms (944.123444 ns per key)
space cost: 7.210847 MB (31.504671% of original size 22.888184 MB)
Querying trie...
Done!
total time: 768.942175 ms, avg latency: 768.942175 ns
not implemented
944.123444,7.210847,768.942175
[PASSED]
[time 2.42 s, user 2.27 s, sys 0.14 s, maxrss 221904 KB]
[busy 257 jiffies]
[exit 0]
--- c2 case 6 rec 0   load 0.78 0.77 0.88
[TEST PDT]
Processing dataset...
Done!
Building trie...
dict size: 151324, stream size: 6218209
Done!
build time: 2907.122290 ms (2907.122290 ns per key)
space cost: 7.350519 MB (32.114908% of original size 22.888184 MB)
Querying trie...
Done!
total time: 773.317425 ms, avg latency: 773.317425 ns
not implemented
2907.122290,7.350519,773.317425
[PASSED]
[time 4.38 s, user 4.21 s, sys 0.14 s, maxrss 213032 KB]
[busy 452 jiffies]
[exit 0]
--- c2 case 7 rec 0   load 0.80 0.77 0.88
[TEST ART]
Processing dataset...
Done!
Building trie...
Done!
build time: 192.292057 ms (192.292057 ns per key)
space cost: 33.278465 MB (145.395833% of original size 22.888184 MB)
Querying trie...
Done!
total time: 411.912020 ms, avg latency: 411.912020 ns
not implemented
192.292057,33.278465,411.912020
[PASSED]
[time 1.34 s, user 1.22 s, sys 0.11 s, maxrss 223288 KB]
[busy 141 jiffies]
[exit 0]
--- c2 case 8 rec 0   load 0.74 0.76 0.87
[TEST CART]
Processing dataset...
Done!
Building trie...
Done!
build time: 243.304091 ms (243.304091 ns per key)
space cost: 15.643999 MB (68.349675% of original size 22.888184 MB)
Querying trie...
Done!
total time: 454.422871 ms, avg latency: 454.422871 ns
not implemented
243.304091,15.643999,454.422871
[PASSED]
[time 1.43 s, user 1.31 s, sys 0.10 s, maxrss 214544 KB]
[busy 150 jiffies]
[exit 0]
--- xcdat 7   load 0.74 0.76 0.87
build time: 830.748710 ms
space cost: 19.789600 MiB (86.462083% of original size 22.888184 MiB)
avg latency: 303.141326 ns
830.748710,19.789600,303.141326
[time 1.84 s, user 1.70 s, sys 0.12 s, maxrss 180224 KB]
[busy 195 jiffies]
[exit 0]
--- xcdat 8   load 0.68 0.75 0.87
build time: 789.280969 ms
space cost: 19.685819 MiB (86.008654% of original size 22.888184 MiB)
avg latency: 295.905722 ns
789.280969,19.685819,295.905722
[time 1.81 s, user 1.68 s, sys 0.11 s, maxrss 180268 KB]
[busy 187 jiffies]
[exit 0]
--- xcdat 15   load 0.68 0.75 0.87
build time: 815.553561 ms
space cost: 21.414997 MiB (93.563550% of original size 22.888184 MiB)
avg latency: 276.590501 ns
815.553561,21.414997,276.590501
[time 1.80 s, user 1.69 s, sys 0.10 s, maxrss 182080 KB]
[busy 191 jiffies]
[exit 0]
--- xcdat 16   load 0.70 0.75 0.87
build time: 795.499793 ms
space cost: 21.935129 MiB (95.836042% of original size 22.888184 MiB)
avg latency: 288.561563 ns
795.499793,21.935129,288.561563
[time 1.80 s, user 1.67 s, sys 0.12 s, maxrss 182504 KB]
[busy 190 jiffies]
[exit 0]

##### domains-1000000 (1000000 lines, 14782044 bytes)   round 3/3   2026-09-15T15:49:30+03:00
--- lexindex dict32   load 0.70 0.75 0.87
1000000 keys
lexindex DictIndex block 32: build 106 ms, size 5.262 MiB (5.518 B/key), latency cold 275.4 ns, then mean 269.5 / min 266.4 ns
105.590,5.262175,275.404
[time 1.66 s, user 2.12 s, sys 0.13 s, maxrss 164512 KB]
[busy 241 jiffies]
[exit 0]
--- lexindex dict256   load 0.73 0.76 0.87
1000000 keys
lexindex DictIndex block 256: build 105 ms, size 4.832 MiB (5.066 B/key), latency cold 307.4 ns, then mean 298.8 / min 297.4 ns
105.163,4.831614,307.432
[time 1.78 s, user 2.23 s, sys 0.15 s, maxrss 154784 KB]
[busy 254 jiffies]
[exit 0]
--- lexindex dict1024   load 0.73 0.76 0.87
1000000 keys
lexindex DictIndex block 1024: build 125 ms, size 4.779 MiB (5.012 B/key), latency cold 344.7 ns, then mean 338.6 / min 334.8 ns
124.732,4.779478,344.662
[time 1.96 s, user 2.27 s, sys 0.11 s, maxrss 145748 KB]
[busy 255 jiffies]
[exit 0]
--- lexindex string   load 0.75 0.76 0.87
1000000 keys
lexindex StringIndex: build 590 ms, size 10.017 MiB (10.504 B/key), latency cold 310.7 ns, then mean 305.2 / min 298.7 ns
589.528,10.017015,310.723
[time 2.28 s, user 2.20 s, sys 0.07 s, maxrss 135304 KB]
[busy 243 jiffies]
[exit 0]
--- c2 case 0 rec 0   load 0.69 0.75 0.87
[TEST C2-FST]
Processing dataset...
Done!
Building trie...
Done!
build time: 623.218853 ms (623.218853 ns per key)
space cost: 6.917822 MB (52.632701% of original size 13.143581 MB)
Querying trie...
Done!
total time: 331.473498 ms, avg latency: 331.473498 ns
topology: 0.942398 MB, link: 2.041207 MB, data: 3.934216 MB
--- Unary Path Analysis (FST, cutoff=4) ---
  shared unary steps in main trie: 268333
  terminal suffixes: inplace=220500 (avg len=1.97)  links=754948 (77.4% of terminal)
  link len: avg=6.76  max=63  total_chars=5105329
  link length distribution (len:count):  4:91687  5:111663  6:114934  7:103953  8:85177  9:68086  10:51456  11:37502  12:26935  13:19286  14:13392  15:9281  16:6718  17:4599  18:3138  19:2143  20:1561  21:980  22:717  23:511  24:315  25:289  26:154  27:98  28:76  29:70  30:38  31:24  32:35  33:24  34:15  35:9  36:12  37:9  38:5  39:5  40:5  41:8  42:4  43:7  45:3  46:1  48:1  50:1  52:4  54:2  55:1  56:5  57:4  59:2  63:2  64:1
623.218853,6.917822,331.473498
[PASSED]
[time 1.37 s, user 1.25 s, sys 0.11 s, maxrss 183168 KB]
[busy 144 jiffies]
[exit 0]
--- c2 case 0 rec 1   load 0.69 0.75 0.87
[TEST C2-FST]
Processing dataset...
Done!
Building trie...
trie size: 2.171301 MB
Done!
build time: 692.301209 ms (692.301209 ns per key)
space cost: 6.261899 MB (47.642258% of original size 13.143581 MB)
Querying trie...
Done!
total time: 392.333765 ms, avg latency: 392.333765 ns
topology: 1.096256 MB, link: 1.933458 MB, data: 3.232184 MB
--- Unary Path Analysis (FST, cutoff=4) ---
  shared unary steps in main trie: 268333
  terminal suffixes: inplace=220500 (avg len=1.97)  links=754948 (77.4% of terminal)
  link len: avg=6.76  max=63  total_chars=5105329
  link length distribution (len:count):  4:91687  5:111663  6:114934  7:103953  8:85177  9:68086  10:51456  11:37502  12:26935  13:19286  14:13392  15:9281  16:6718  17:4599  18:3138  19:2143  20:1561  21:980  22:717  23:511  24:315  25:289  26:154  27:98  28:76  29:70  30:38  31:24  32:35  33:24  34:15  35:9  36:12  37:9  38:5  39:5  40:5  41:8  42:4  43:7  45:3  46:1  48:1  50:1  52:4  54:2  55:1  56:5  57:4  59:2  63:2  64:1
692.301209,6.261899,392.333765
[PASSED]
[time 1.52 s, user 1.39 s, sys 0.12 s, maxrss 183364 KB]
[busy 164 jiffies]
[exit 0]
--- c2 case 0 rec 2   load 0.63 0.73 0.86
[TEST C2-FST]
Processing dataset...
Done!
Building trie...
trie size: 2.171301 MB
trie size: 0.145336 MB
Done!
build time: 708.799196 ms (708.799196 ns per key)
space cost: 6.261899 MB (47.642258% of original size 13.143581 MB)
Querying trie...
Done!
total time: 388.294165 ms, avg latency: 388.294165 ns
topology: 1.096256 MB, link: 1.933458 MB, data: 3.232184 MB
--- Unary Path Analysis (FST, cutoff=4) ---
  shared unary steps in main trie: 268333
  terminal suffixes: inplace=220500 (avg len=1.97)  links=754948 (77.4% of terminal)
  link len: avg=6.76  max=63  total_chars=5105329
  link length distribution (len:count):  4:91687  5:111663  6:114934  7:103953  8:85177  9:68086  10:51456  11:37502  12:26935  13:19286  14:13392  15:9281  16:6718  17:4599  18:3138  19:2143  20:1561  21:980  22:717  23:511  24:315  25:289  26:154  27:98  28:76  29:70  30:38  31:24  32:35  33:24  34:15  35:9  36:12  37:9  38:5  39:5  40:5  41:8  42:4  43:7  45:3  46:1  48:1  50:1  52:4  54:2  55:1  56:5  57:4  59:2  63:2  64:1
708.799196,6.261899,388.294165
[PASSED]
[time 1.54 s, user 1.41 s, sys 0.12 s, maxrss 183268 KB]
[busy 161 jiffies]
[exit 0]
--- c2 case 1 rec 0   load 0.63 0.73 0.86
[TEST C2-CoCo(LOUDS-Sparse)]
Processing dataset...
Done!
Building trie...
Done!
build time: 1333.752247 ms (1333.752247 ns per key)
space cost: 6.955368 MB (52.918365% of original size 13.143581 MB)
Querying trie...
Done!
total time: 485.058651 ms, avg latency: 485.058651 ns
topology: 0.405121 MB, link: 2.743303 MB, data: 3.806944 MB
1333.752247,6.955368,485.058651
[PASSED]
[time 2.25 s, user 2.06 s, sys 0.18 s, maxrss 327144 KB]
[busy 239 jiffies]
[exit 0]
--- c2 case 1 rec 1   load 0.74 0.76 0.87
[TEST C2-CoCo(LOUDS-Sparse)]
Processing dataset...
Done!
Building trie...
trie size: 2.171301 MB
Done!
build time: 1406.528021 ms (1406.528021 ns per key)
space cost: 6.299446 MB (47.927923% of original size 13.143581 MB)
Querying trie...
Done!
total time: 523.211836 ms, avg latency: 523.211836 ns
topology: 0.558979 MB, link: 2.635554 MB, data: 3.104912 MB
1406.528021,6.299446,523.211836
[PASSED]
[time 2.36 s, user 2.19 s, sys 0.16 s, maxrss 326976 KB]
[busy 245 jiffies]
[exit 0]
--- c2 case 1 rec 2   load 0.74 0.76 0.87
[TEST C2-CoCo(LOUDS-Sparse)]
Processing dataset...
Done!
Building trie...
trie size: 2.171301 MB
trie size: 0.145336 MB
Done!
build time: 1419.378987 ms (1419.378987 ns per key)
space cost: 6.299446 MB (47.927923% of original size 13.143581 MB)
Querying trie...
Done!
total time: 533.036394 ms, avg latency: 533.036394 ns
topology: 0.558979 MB, link: 2.635554 MB, data: 3.104912 MB
1419.378987,6.299446,533.036394
[PASSED]
[time 2.39 s, user 2.20 s, sys 0.18 s, maxrss 326728 KB]
[busy 252 jiffies]
[exit 0]
--- c2 case 2 rec 0   load 0.76 0.76 0.87
[TEST C2-MARISA]
Processing dataset...
Done!
Building trie...
trie size: 2.220281 MB
Done!
build time: 681.838530 ms (681.838530 ns per key)
space cost: 6.286226 MB (47.827347% of original size 13.143581 MB)
Querying trie...
Done!
total time: 257.040210 ms, avg latency: 257.040210 ns
topology: 0.735279 MB, link: 2.419176 MB, data: 3.111263 MB
--- Unary Path Analysis (Marisa, cutoff=3) ---
  branches: 1529804  |  single-char: 445053 (29.1%)  short-unary: 119280 (7.8%)  links: 965471 (63.1%)
  link len: avg=7.67  max=65  total_chars=7409785
  link length distribution (len:count):  3:106346  4:81524  5:100388  6:117171  7:118183  8:106006  9:86378  10:68801  11:51930  12:37786  13:27091  14:19390  15:13458  16:9322  17:6753  18:4616  19:3149  20:2153  21:1566  22:983  23:724  24:512  25:321  26:290  27:155  28:98  29:77  30:70  31:40  32:24  33:35  34:24  35:16  36:9  37:12  38:9  39:5  40:5  41:5  42:8  43:4  44:7  46:3  47:1  49:1  51:1  53:4  55:2  56:1  57:5  58:4  60:2  64:2  65:1
  short unary avg len: 2.00
681.838530,6.286226,257.040210
[PASSED]
[time 1.36 s, user 1.24 s, sys 0.11 s, maxrss 205956 KB]
[busy 145 jiffies]
[exit 0]
--- c2 case 2 rec 1   load 0.70 0.75 0.87
[TEST C2-MARISA]
Processing dataset...
Done!
Building trie...
trie size: 2.220281 MB
trie size: 2.823213 MB
Done!
build time: 775.191917 ms (775.191917 ns per key)
space cost: 5.413679 MB (41.188767% of original size 13.143581 MB)
Querying trie...
Done!
total time: 325.125622 ms, avg latency: 325.125622 ns
topology: 0.947487 MB, link: 2.305346 MB, data: 2.140338 MB
--- Unary Path Analysis (Marisa, cutoff=3) ---
  branches: 1529804  |  single-char: 445053 (29.1%)  short-unary: 119280 (7.8%)  links: 965471 (63.1%)
  link len: avg=7.67  max=65  total_chars=7409785
  link length distribution (len:count):  3:106346  4:81524  5:100388  6:117171  7:118183  8:106006  9:86378  10:68801  11:51930  12:37786  13:27091  14:19390  15:13458  16:9322  17:6753  18:4616  19:3149  20:2153  21:1566  22:983  23:724  24:512  25:321  26:290  27:155  28:98  29:77  30:70  31:40  32:24  33:35  34:24  35:16  36:9  37:12  38:9  39:5  40:5  41:5  42:8  43:4  44:7  46:3  47:1  49:1  51:1  53:4  55:2  56:1  57:5  58:4  60:2  64:2  65:1
  short unary avg len: 2.00
775.191917,5.413679,325.125622
[PASSED]
[time 1.53 s, user 1.42 s, sys 0.11 s, maxrss 206028 KB]
[busy 161 jiffies]
[exit 0]
--- c2 case 2 rec 2   load 0.70 0.75 0.87
[TEST C2-MARISA]
Processing dataset...
Done!
Building trie...
trie size: 2.220281 MB
trie size: 2.823213 MB
trie size: 0.214430 MB
Done!
build time: 801.082592 ms (801.082592 ns per key)
space cost: 5.413679 MB (41.188767% of original size 13.143581 MB)
Querying trie...
Done!
total time: 328.678988 ms, avg latency: 328.678988 ns
topology: 0.947487 MB, link: 2.305346 MB, data: 2.140338 MB
--- Unary Path Analysis (Marisa, cutoff=3) ---
  branches: 1529804  |  single-char: 445053 (29.1%)  short-unary: 119280 (7.8%)  links: 965471 (63.1%)
  link len: avg=7.67  max=65  total_chars=7409785
  link length distribution (len:count):  3:106346  4:81524  5:100388  6:117171  7:118183  8:106006  9:86378  10:68801  11:51930  12:37786  13:27091  14:19390  15:13458  16:9322  17:6753  18:4616  19:3149  20:2153  21:1566  22:983  23:724  24:512  25:321  26:290  27:155  28:98  29:77  30:70  31:40  32:24  33:35  34:24  35:16  36:9  37:12  38:9  39:5  40:5  41:5  42:8  43:4  44:7  46:3  47:1  49:1  51:1  53:4  55:2  56:1  57:5  58:4  60:2  64:2  65:1
  short unary avg len: 2.00
801.082592,5.413679,328.678988
[PASSED]
[time 1.57 s, user 1.44 s, sys 0.12 s, maxrss 205800 KB]
[busy 166 jiffies]
[exit 0]
--- c2 case 3 rec 0   load 0.65 0.73 0.86
[TEST FST]
Processing dataset...
Done!
Building trie...
Done!
build time: 601.834946 ms (601.834946 ns per key)
space cost: 6.751218 MB (51.365131% of original size 13.143581 MB)
Querying trie...
Done!
total time: 445.857639 ms, avg latency: 445.857639 ns
not implemented
601.834946,6.751218,445.857639
[PASSED]
[time 1.48 s, user 1.40 s, sys 0.07 s, maxrss 95296 KB]
[busy 156 jiffies]
[exit 0]
--- c2 case 4 rec 0   load 0.65 0.73 0.86
[TEST COCO]
Processing dataset...
Done!
Building trie...
num nodes = 310886, average depth = 6.283062
ef = 0.001168, pa = 0.211653, bv = 0.000885, de = 0.651638
efr = 0.002046, par = 0.129141, bvr = 0.000006, der = 0.003464
Done!
build time: 10207.271365 ms (10207.271365 ns per key)
space cost: 9.668336 MB (73.559374% of original size 13.143581 MB)
Querying trie...
Done!
total time: 436.777979 ms, avg latency: 436.777979 ns
not implemented
10207.271365,9.668336,436.777979
[PASSED]
[time 11.51 s, user 8.93 s, sys 2.53 s, maxrss 6138136 KB]
[busy 1190 jiffies]
[exit 0]
--- c2 case 5 rec 0   load 0.64 0.73 0.86
[TEST MARISA]
Processing dataset...
Done!
Building trie...
Done!
build time: 482.245847 ms (482.245847 ns per key)
space cost: 6.885828 MB (52.389283% of original size 13.143581 MB)
Querying trie...
Done!
total time: 379.889745 ms, avg latency: 379.889745 ns
not implemented
482.245847,6.885828,379.889745
[PASSED]
[time 1.29 s, user 1.17 s, sys 0.11 s, maxrss 172284 KB]
[busy 135 jiffies]
[exit 0]
--- c2 case 5 rec 1   load 0.64 0.73 0.86
[TEST MARISA]
Processing dataset...
Done!
Building trie...
Done!
build time: 549.107329 ms (549.107329 ns per key)
space cost: 4.826345 MB (36.720170% of original size 13.143581 MB)
Querying trie...
Done!
total time: 516.204109 ms, avg latency: 516.204109 ns
not implemented
549.107329,4.826345,516.204109
[PASSED]
[time 1.50 s, user 1.37 s, sys 0.11 s, maxrss 172640 KB]
[busy 158 jiffies]
[exit 0]
--- c2 case 5 rec 2   load 0.59 0.72 0.85
[TEST MARISA]
Processing dataset...
Done!
Building trie...
Done!
build time: 558.723727 ms (558.723727 ns per key)
space cost: 4.647946 MB (35.362861% of original size 13.143581 MB)
Querying trie...
Done!
total time: 533.618688 ms, avg latency: 533.618688 ns
not implemented
558.723727,4.647946,533.618688
[PASSED]
[time 1.53 s, user 1.40 s, sys 0.11 s, maxrss 172656 KB]
[busy 159 jiffies]
[exit 0]
--- c2 case 6 rec 0   load 0.59 0.72 0.85
[TEST PDT]
Processing dataset...
Done!
Building trie...
dict size: 155466, stream size: 4016746
Done!
build time: 1905.311069 ms (1905.311069 ns per key)
space cost: 5.254991 MB (39.981421% of original size 13.143581 MB)
Querying trie...
Done!
total time: 510.770210 ms, avg latency: 510.770210 ns
not implemented
1905.311069,5.254991,510.770210
[PASSED]
[time 2.85 s, user 2.74 s, sys 0.10 s, maxrss 152684 KB]
[busy 298 jiffies]
[exit 0]
--- c2 case 7 rec 0   load 0.63 0.72 0.85
[TEST ART]
Processing dataset...
Done!
Building trie...
Done!
build time: 114.477526 ms (114.477526 ns per key)
space cost: 31.580688 MB (240.274607% of original size 13.143581 MB)
Querying trie...
Done!
total time: 254.225480 ms, avg latency: 254.225480 ns
not implemented
114.477526,31.580688,254.225480
[PASSED]
[time 0.80 s, user 0.72 s, sys 0.08 s, maxrss 136108 KB]
[busy 86 jiffies]
[exit 0]
--- c2 case 8 rec 0   load 0.63 0.72 0.85
[TEST CART]
Processing dataset...
Done!
Building trie...
Done!
build time: 162.696633 ms (162.696633 ns per key)
space cost: 13.831998 MB (105.237663% of original size 13.143581 MB)
Querying trie...
Done!
total time: 313.531518 ms, avg latency: 313.531518 ns
not implemented
162.696633,13.831998,313.531518
[PASSED]
[time 0.93 s, user 0.85 s, sys 0.07 s, maxrss 133936 KB]
[busy 102 jiffies]
[exit 0]
--- xcdat 7   load 0.58 0.71 0.85
build time: 517.338720 ms
space cost: 9.017626 MiB (68.608590% of original size 13.143581 MiB)
avg latency: 171.229474 ns
517.338720,9.017626,171.229474
[time 1.14 s, user 1.04 s, sys 0.09 s, maxrss 139760 KB]
[busy 119 jiffies]
[exit 0]
--- xcdat 8   load 0.58 0.71 0.85
build time: 487.495931 ms
space cost: 8.488643 MiB (64.583940% of original size 13.143581 MiB)
avg latency: 179.556499 ns
487.495931,8.488643,179.556499
[time 1.11 s, user 1.01 s, sys 0.09 s, maxrss 139868 KB]
[busy 118 jiffies]
[exit 0]
--- xcdat 15   load 0.53 0.70 0.84
build time: 508.378315 ms
space cost: 9.847433 MiB (74.921993% of original size 13.143581 MiB)
avg latency: 147.979621 ns
508.378315,9.847433,147.979621
[time 1.10 s, user 1.00 s, sys 0.10 s, maxrss 139708 KB]
[busy 116 jiffies]
[exit 0]
--- xcdat 16   load 0.53 0.70 0.84
build time: 489.677600 ms
space cost: 10.260450 MiB (78.064342% of original size 13.143581 MiB)
avg latency: 155.811015 ns
489.677600,10.260450,155.811015
[time 1.09 s, user 0.99 s, sys 0.09 s, maxrss 139716 KB]
[busy 116 jiffies]
[exit 0]

##### idents-1000000 (1000000 lines, 18283976 bytes)   round 3/3   2026-09-15T15:50:46+03:00
--- lexindex dict32   load 0.53 0.70 0.84
1000000 keys
lexindex DictIndex block 32: build 133 ms, size 6.789 MiB (7.119 B/key), latency cold 344.8 ns, then mean 341.2 / min 339.4 ns
133.409,6.789144,344.815
[time 2.01 s, user 2.47 s, sys 0.16 s, maxrss 191008 KB]
[busy 281 jiffies]
[exit 0]
--- lexindex dict256   load 0.57 0.70 0.84
1000000 keys
lexindex DictIndex block 256: build 136 ms, size 6.350 MiB (6.658 B/key), latency cold 384.7 ns, then mean 376.0 / min 375.1 ns
136.490,6.349891,384.708
[time 2.15 s, user 2.63 s, sys 0.15 s, maxrss 190112 KB]
[busy 299 jiffies]
[exit 0]
--- lexindex dict1024   load 0.52 0.69 0.84
1000000 keys
lexindex DictIndex block 1024: build 141 ms, size 6.295 MiB (6.600 B/key), latency cold 435.7 ns, then mean 435.8 / min 433.6 ns
141.273,6.294722,435.734
[time 2.40 s, user 2.69 s, sys 0.13 s, maxrss 172904 KB]
[busy 298 jiffies]
[exit 0]
--- lexindex string   load 0.52 0.69 0.84
1000000 keys
lexindex StringIndex: build 661 ms, size 10.063 MiB (10.552 B/key), latency cold 364.0 ns, then mean 355.2 / min 352.6 ns
661.355,10.063018,364.026
[time 2.58 s, user 2.48 s, sys 0.08 s, maxrss 148296 KB]
[busy 275 jiffies]
[exit 0]
--- c2 case 0 rec 0   load 0.56 0.70 0.84
[TEST C2-FST]
Processing dataset...
Done!
Building trie...
Done!
build time: 597.679178 ms (597.679178 ns per key)
space cost: 8.227930 MB (49.916813% of original size 16.483284 MB)
Querying trie...
Done!
total time: 469.455835 ms, avg latency: 469.455835 ns
topology: 1.135506 MB, link: 1.406907 MB, data: 5.685517 MB
--- Unary Path Analysis (FST, cutoff=4) ---
  shared unary steps in main trie: 971668
  terminal suffixes: inplace=238747 (avg len=2.28)  links=478774 (66.7% of terminal)
  link len: avg=9.52  max=507  total_chars=4557473
  link length distribution (len:count):  4:79167  5:52258  6:44526  7:37562  8:33071  9:28872  10:26062  11:38559  12:20998  13:14985  14:12840  15:11027  16:9190  17:7956  18:6288  19:5522  20:4616  21:3760  22:3224  23:2642  24:2265  25:1817  26:1599  27:3319  28:3490  29:1071  30:1819  31:12530  32:2370  33:475  34:427  35:414  36:360  37:260  38:234  39:210  40:195  41:157  42:148  43:129  44:137  45:91  46:113  47:107  48:101  49:86  50:71  51:74  52:68  53:61  54:79  55:76  56:60  57:86  58:122  59:137  60:259  61:339  62:18  63:12  64:12  65:12  66:15  67:15  68:13  69:15  70:7  71:11  72:10  73:21  74:26  75:36  76:15  77:1  78:2  79:2  80:3  81:3  83:1  84:2  85:2  86:1  88:2  89:2  90:2  91:4  92:1  94:2  95:1  96:3  104:1  106:1  107:1  109:1  110:1  116:1  117:3  120:1  121:2  122:1  123:1  124:1  129:1  191:1  257:1  366:1  424:1  508:1
597.679178,8.227930,469.455835
[PASSED]
[time 1.57 s, user 1.45 s, sys 0.11 s, maxrss 163100 KB]
[busy 168 jiffies]
[exit 0]
--- c2 case 0 rec 1   load 0.52 0.69 0.84
[TEST C2-FST]
Processing dataset...
Done!
Building trie...
trie size: 1.626037 MB
Done!
build time: 701.892288 ms (701.892288 ns per key)
space cost: 7.389305 MB (44.829083% of original size 16.483284 MB)
Querying trie...
Done!
total time: 504.518573 ms, avg latency: 504.518573 ns
topology: 1.316097 MB, link: 1.431170 MB, data: 4.642038 MB
--- Unary Path Analysis (FST, cutoff=4) ---
  shared unary steps in main trie: 971668
  terminal suffixes: inplace=238747 (avg len=2.28)  links=478774 (66.7% of terminal)
  link len: avg=9.52  max=507  total_chars=4557473
  link length distribution (len:count):  4:79167  5:52258  6:44526  7:37562  8:33071  9:28872  10:26062  11:38559  12:20998  13:14985  14:12840  15:11027  16:9190  17:7956  18:6288  19:5522  20:4616  21:3760  22:3224  23:2642  24:2265  25:1817  26:1599  27:3319  28:3490  29:1071  30:1819  31:12530  32:2370  33:475  34:427  35:414  36:360  37:260  38:234  39:210  40:195  41:157  42:148  43:129  44:137  45:91  46:113  47:107  48:101  49:86  50:71  51:74  52:68  53:61  54:79  55:76  56:60  57:86  58:122  59:137  60:259  61:339  62:18  63:12  64:12  65:12  66:15  67:15  68:13  69:15  70:7  71:11  72:10  73:21  74:26  75:36  76:15  77:1  78:2  79:2  80:3  81:3  83:1  84:2  85:2  86:1  88:2  89:2  90:2  91:4  92:1  94:2  95:1  96:3  104:1  106:1  107:1  109:1  110:1  116:1  117:3  120:1  121:2  122:1  123:1  124:1  129:1  191:1  257:1  366:1  424:1  508:1
701.892288,7.389305,504.518573
[PASSED]
[time 1.72 s, user 1.60 s, sys 0.10 s, maxrss 162996 KB]
[busy 182 jiffies]
[exit 0]
--- c2 case 0 rec 2   load 0.52 0.69 0.84
[TEST C2-FST]
Processing dataset...
Done!
Building trie...
trie size: 1.626037 MB
trie size: 0.392475 MB
Done!
build time: 751.685262 ms (751.685262 ns per key)
space cost: 7.389305 MB (44.829083% of original size 16.483284 MB)
Querying trie...
Done!
total time: 521.197571 ms, avg latency: 521.197571 ns
topology: 1.316097 MB, link: 1.431170 MB, data: 4.642038 MB
--- Unary Path Analysis (FST, cutoff=4) ---
  shared unary steps in main trie: 971668
  terminal suffixes: inplace=238747 (avg len=2.28)  links=478774 (66.7% of terminal)
  link len: avg=9.52  max=507  total_chars=4557473
  link length distribution (len:count):  4:79167  5:52258  6:44526  7:37562  8:33071  9:28872  10:26062  11:38559  12:20998  13:14985  14:12840  15:11027  16:9190  17:7956  18:6288  19:5522  20:4616  21:3760  22:3224  23:2642  24:2265  25:1817  26:1599  27:3319  28:3490  29:1071  30:1819  31:12530  32:2370  33:475  34:427  35:414  36:360  37:260  38:234  39:210  40:195  41:157  42:148  43:129  44:137  45:91  46:113  47:107  48:101  49:86  50:71  51:74  52:68  53:61  54:79  55:76  56:60  57:86  58:122  59:137  60:259  61:339  62:18  63:12  64:12  65:12  66:15  67:15  68:13  69:15  70:7  71:11  72:10  73:21  74:26  75:36  76:15  77:1  78:2  79:2  80:3  81:3  83:1  84:2  85:2  86:1  88:2  89:2  90:2  91:4  92:1  94:2  95:1  96:3  104:1  106:1  107:1  109:1  110:1  116:1  117:3  120:1  121:2  122:1  123:1  124:1  129:1  191:1  257:1  366:1  424:1  508:1
751.685262,7.389305,521.197571
[PASSED]
[time 1.79 s, user 1.68 s, sys 0.10 s, maxrss 162996 KB]
[busy 190 jiffies]
[exit 0]
--- c2 case 1 rec 0   load 0.47 0.68 0.83
[TEST C2-CoCo(LOUDS-Sparse)]
Processing dataset...
Done!
Building trie...
Done!
build time: 2134.568999 ms (2134.568999 ns per key)
space cost: 8.350286 MB (50.659118% of original size 16.483284 MB)
Querying trie...
Done!
total time: 564.775648 ms, avg latency: 564.775648 ns
topology: 0.418800 MB, link: 2.233477 MB, data: 5.698009 MB
2134.568999,8.350286,564.775648
[PASSED]
[time 3.22 s, user 3.01 s, sys 0.19 s, maxrss 335828 KB]
[busy 335 jiffies]
[exit 0]
--- c2 case 1 rec 1   load 0.47 0.68 0.83
[TEST C2-CoCo(LOUDS-Sparse)]
Processing dataset...
Done!
Building trie...
trie size: 1.626037 MB
Done!
build time: 2236.997597 ms (2236.997597 ns per key)
space cost: 7.511661 MB (45.571388% of original size 16.483284 MB)
Querying trie...
Done!
total time: 631.341504 ms, avg latency: 631.341504 ns
topology: 0.599392 MB, link: 2.257739 MB, data: 4.654530 MB
2236.997597,7.511661,631.341504
[PASSED]
[time 3.39 s, user 3.20 s, sys 0.18 s, maxrss 335988 KB]
[busy 350 jiffies]
[exit 0]
--- c2 case 1 rec 2   load 0.52 0.68 0.83
[TEST C2-CoCo(LOUDS-Sparse)]
Processing dataset...
Done!
Building trie...
trie size: 1.626037 MB
trie size: 0.392475 MB
Done!
build time: 2282.528402 ms (2282.528402 ns per key)
space cost: 7.511661 MB (45.571388% of original size 16.483284 MB)
Querying trie...
Done!
total time: 618.751940 ms, avg latency: 618.751940 ns
topology: 0.599392 MB, link: 2.257739 MB, data: 4.654530 MB
2282.528402,7.511661,618.751940
[PASSED]
[time 3.42 s, user 3.24 s, sys 0.16 s, maxrss 335848 KB]
[busy 353 jiffies]
[exit 0]
--- c2 case 2 rec 0   load 0.56 0.69 0.83
[TEST C2-MARISA]
Processing dataset...
Done!
Building trie...
trie size: 2.268721 MB
Done!
build time: 653.415839 ms (653.415839 ns per key)
space cost: 7.402753 MB (44.910668% of original size 16.483284 MB)
Querying trie...
Done!
total time: 336.438246 ms, avg latency: 336.438246 ns
topology: 0.751392 MB, link: 2.163248 MB, data: 4.467605 MB
--- Unary Path Analysis (Marisa, cutoff=3) ---
  branches: 1404624  |  single-char: 479529 (34.1%)  short-unary: 101093 (7.2%)  links: 824002 (58.7%)
  link len: avg=8.83  max=511  total_chars=7275589
  link length distribution (len:count):  3:96296  4:151575  5:100673  6:68854  7:57858  8:46664  9:40166  10:34974  11:30498  12:41963  13:23674  14:17279  15:14913  16:12650  17:10496  18:9162  19:7137  20:6187  21:5166  22:4219  23:3575  24:2970  25:2515  26:2033  27:1786  28:3448  29:3574  30:1146  31:1929  32:12598  33:2418  34:520  35:464  36:440  37:386  38:271  39:250  40:221  41:206  42:160  43:154  44:139  45:143  46:95  47:113  48:108  49:103  50:87  51:72  52:78  53:68  54:62  55:80  56:76  57:60  58:86  59:123  60:137  61:260  62:340  63:18  64:12  65:14  66:12  67:15  68:15  69:13  70:15  71:7  72:12  73:10  74:22  75:26  76:36  77:15  78:1  79:2  80:2  81:3  82:3  83:1  84:2  85:2  86:2  87:2  89:2  90:2  91:2  92:4  93:1  95:2  96:1  97:3  105:1  107:1  108:1  110:1  111:1  117:1  118:3  121:1  122:2  123:1  124:1  125:1  130:1  136:1  137:1  192:1  258:1  337:1  367:1  425:1  509:1  511:1
  short unary avg len: 2.00
653.415839,7.402753,336.438246
[PASSED]
[time 1.50 s, user 1.37 s, sys 0.12 s, maxrss 204748 KB]
[busy 159 jiffies]
[exit 0]
--- c2 case 2 rec 1   load 0.59 0.69 0.83
[TEST C2-MARISA]
Processing dataset...
Done!
Building trie...
trie size: 2.268721 MB
trie size: 2.569425 MB
Done!
build time: 808.320291 ms (808.320291 ns per key)
space cost: 6.231204 MB (37.803171% of original size 16.483284 MB)
Querying trie...
Done!
total time: 433.742706 ms, avg latency: 433.742706 ns
topology: 0.985817 MB, link: 2.134608 MB, data: 3.090271 MB
--- Unary Path Analysis (Marisa, cutoff=3) ---
  branches: 1404624  |  single-char: 479529 (34.1%)  short-unary: 101093 (7.2%)  links: 824002 (58.7%)
  link len: avg=8.83  max=511  total_chars=7275589
  link length distribution (len:count):  3:96296  4:151575  5:100673  6:68854  7:57858  8:46664  9:40166  10:34974  11:30498  12:41963  13:23674  14:17279  15:14913  16:12650  17:10496  18:9162  19:7137  20:6187  21:5166  22:4219  23:3575  24:2970  25:2515  26:2033  27:1786  28:3448  29:3574  30:1146  31:1929  32:12598  33:2418  34:520  35:464  36:440  37:386  38:271  39:250  40:221  41:206  42:160  43:154  44:139  45:143  46:95  47:113  48:108  49:103  50:87  51:72  52:78  53:68  54:62  55:80  56:76  57:60  58:86  59:123  60:137  61:260  62:340  63:18  64:12  65:14  66:12  67:15  68:15  69:13  70:15  71:7  72:12  73:10  74:22  75:26  76:36  77:15  78:1  79:2  80:2  81:3  82:3  83:1  84:2  85:2  86:2  87:2  89:2  90:2  91:2  92:4  93:1  95:2  96:1  97:3  105:1  107:1  108:1  110:1  111:1  117:1  118:3  121:1  122:2  123:1  124:1  125:1  130:1  136:1  137:1  192:1  258:1  337:1  367:1  425:1  509:1  511:1
  short unary avg len: 2.00
808.320291,6.231204,433.742706
[PASSED]
[time 1.75 s, user 1.61 s, sys 0.13 s, maxrss 204656 KB]
[busy 182 jiffies]
[exit 0]
--- c2 case 2 rec 2   load 0.59 0.69 0.83
[TEST C2-MARISA]
Processing dataset...
Done!
Building trie...
trie size: 2.268721 MB
trie size: 2.569425 MB
trie size: 0.468599 MB
Done!
build time: 861.251460 ms (861.251460 ns per key)
space cost: 6.231204 MB (37.803171% of original size 16.483284 MB)
Querying trie...
Done!
total time: 422.290269 ms, avg latency: 422.290269 ns
topology: 0.985817 MB, link: 2.134608 MB, data: 3.090271 MB
--- Unary Path Analysis (Marisa, cutoff=3) ---
  branches: 1404624  |  single-char: 479529 (34.1%)  short-unary: 101093 (7.2%)  links: 824002 (58.7%)
  link len: avg=8.83  max=511  total_chars=7275589
  link length distribution (len:count):  3:96296  4:151575  5:100673  6:68854  7:57858  8:46664  9:40166  10:34974  11:30498  12:41963  13:23674  14:17279  15:14913  16:12650  17:10496  18:9162  19:7137  20:6187  21:5166  22:4219  23:3575  24:2970  25:2515  26:2033  27:1786  28:3448  29:3574  30:1146  31:1929  32:12598  33:2418  34:520  35:464  36:440  37:386  38:271  39:250  40:221  41:206  42:160  43:154  44:139  45:143  46:95  47:113  48:108  49:103  50:87  51:72  52:78  53:68  54:62  55:80  56:76  57:60  58:86  59:123  60:137  61:260  62:340  63:18  64:12  65:14  66:12  67:15  68:15  69:13  70:15  71:7  72:12  73:10  74:22  75:26  76:36  77:15  78:1  79:2  80:2  81:3  82:3  83:1  84:2  85:2  86:2  87:2  89:2  90:2  91:2  92:4  93:1  95:2  96:1  97:3  105:1  107:1  108:1  110:1  111:1  117:1  118:3  121:1  122:2  123:1  124:1  125:1  130:1  136:1  137:1  192:1  258:1  337:1  367:1  425:1  509:1  511:1
  short unary avg len: 2.00
861.251460,6.231204,422.290269
[PASSED]
[time 1.80 s, user 1.66 s, sys 0.12 s, maxrss 204784 KB]
[busy 188 jiffies]
[exit 0]
--- c2 case 3 rec 0   load 0.62 0.70 0.83
[TEST FST]
Processing dataset...
Done!
Building trie...
Done!
build time: 679.708228 ms (679.708228 ns per key)
space cost: 8.563316 MB (51.951519% of original size 16.483284 MB)
Querying trie...
Done!
total time: 743.552752 ms, avg latency: 743.552752 ns
not implemented
679.708228,8.563316,743.552752
[PASSED]
[time 1.94 s, user 1.86 s, sys 0.06 s, maxrss 114608 KB]
[busy 200 jiffies]
[exit 0]
--- c2 case 4 rec 0   load 0.62 0.70 0.83
[TEST COCO]
Processing dataset...
Done!
Building trie...
num nodes = 412937, average depth = 8.208172
ef = 0.000455, pa = 0.242352, bv = 0.003325, de = 0.563989
efr = 0.002477, par = 0.125714, bvr = 0.000545, der = 0.061142
Done!
build time: 14048.104735 ms (14048.104735 ns per key)
space cost: 9.974920 MB (60.515370% of original size 16.483284 MB)
Querying trie...
Done!
total time: 506.303958 ms, avg latency: 506.303958 ns
not implemented
14048.104735,9.974920,506.303958
[PASSED]
[time 15.60 s, user 12.33 s, sys 3.20 s, maxrss 7730500 KB]
[busy 1606 jiffies]
[exit 0]
--- c2 case 5 rec 0   load 0.73 0.72 0.84
[TEST MARISA]
Processing dataset...
Done!
Building trie...
Done!
build time: 464.470028 ms (464.470028 ns per key)
space cost: 7.279773 MB (44.164578% of original size 16.483284 MB)
Querying trie...
Done!
total time: 461.963128 ms, avg latency: 461.963128 ns
not implemented
464.470028,7.279773,461.963128
[PASSED]
[time 1.44 s, user 1.33 s, sys 0.10 s, maxrss 157868 KB]
[busy 152 jiffies]
[exit 0]
--- c2 case 5 rec 1   load 0.73 0.72 0.84
[TEST MARISA]
Processing dataset...
Done!
Building trie...
Done!
build time: 543.372033 ms (543.372033 ns per key)
space cost: 5.655286 MB (34.309218% of original size 16.483284 MB)
Querying trie...
Done!
total time: 660.983528 ms, avg latency: 660.983528 ns
not implemented
543.372033,5.655286,660.983528
[PASSED]
[time 1.71 s, user 1.61 s, sys 0.09 s, maxrss 157928 KB]
[busy 179 jiffies]
[exit 0]
--- c2 case 5 rec 2   load 0.75 0.72 0.84
[TEST MARISA]
Processing dataset...
Done!
Building trie...
Done!
build time: 565.513403 ms (565.513403 ns per key)
space cost: 5.354378 MB (32.483683% of original size 16.483284 MB)
Querying trie...
Done!
total time: 713.742293 ms, avg latency: 713.742293 ns
not implemented
565.513403,5.354378,713.742293
[PASSED]
[time 1.79 s, user 1.67 s, sys 0.11 s, maxrss 165624 KB]
[busy 190 jiffies]
[exit 0]
--- c2 case 6 rec 0   load 0.75 0.72 0.84
[TEST PDT]
Processing dataset...
Done!
Building trie...
dict size: 158636, stream size: 5032831
Done!
build time: 2582.232882 ms (2582.232882 ns per key)
space cost: 6.227028 MB (37.777835% of original size 16.483284 MB)
Querying trie...
Done!
total time: 582.079799 ms, avg latency: 582.079799 ns
not implemented
2582.232882,6.227028,582.079799
[PASSED]
[time 3.66 s, user 3.54 s, sys 0.10 s, maxrss 168320 KB]
[busy 379 jiffies]
[exit 0]
--- c2 case 7 rec 0   load 0.77 0.73 0.84
[TEST ART]
Processing dataset...
Done!
Building trie...
Done!
build time: 150.334726 ms (150.334726 ns per key)
space cost: 32.931778 MB (199.788937% of original size 16.483284 MB)
Querying trie...
Done!
total time: 397.845882 ms, avg latency: 397.845882 ns
not implemented
150.334726,32.931778,397.845882
[PASSED]
[time 1.07 s, user 0.96 s, sys 0.09 s, maxrss 160484 KB]
[busy 113 jiffies]
[exit 0]
--- c2 case 8 rec 0   load 0.79 0.73 0.84
[TEST CART]
Processing dataset...
Done!
Building trie...
Done!
build time: 205.089381 ms (205.089381 ns per key)
space cost: 15.673315 MB (95.086119% of original size 16.483284 MB)
Querying trie...
Done!
total time: 465.158291 ms, avg latency: 465.158291 ns
not implemented
205.089381,15.673315,465.158291
[PASSED]
[time 1.20 s, user 1.10 s, sys 0.08 s, maxrss 148988 KB]
[busy 126 jiffies]
[exit 0]
--- xcdat 7   load 0.79 0.73 0.84
build time: 507.918241 ms
space cost: 11.013126 MiB (66.813909% of original size 16.483284 MiB)
avg latency: 220.079235 ns
507.918241,11.013126,220.079235
[time 1.26 s, user 1.14 s, sys 0.10 s, maxrss 180168 KB]
[busy 134 jiffies]
[exit 0]
--- xcdat 8   load 0.73 0.72 0.84
build time: 459.221577 ms
space cost: 10.584354 MiB (64.212656% of original size 16.483284 MiB)
avg latency: 213.449539 ns
459.221577,10.584354,213.449539
[time 1.20 s, user 1.08 s, sys 0.11 s, maxrss 180132 KB]
[busy 125 jiffies]
[exit 0]
--- xcdat 15   load 0.73 0.72 0.84
build time: 494.442041 ms
space cost: 13.141485 MiB (79.726135% of original size 16.483284 MiB)
avg latency: 196.230107 ns
494.442041,13.141485,196.230107
[time 1.22 s, user 1.10 s, sys 0.12 s, maxrss 179832 KB]
[busy 131 jiffies]
[exit 0]
--- xcdat 16   load 0.67 0.71 0.83
build time: 459.090581 ms
space cost: 13.736038 MiB (83.333140% of original size 16.483284 MiB)
avg latency: 204.148514 ns
459.090581,13.736038,204.148514
[time 1.19 s, user 1.07 s, sys 0.11 s, maxrss 179724 KB]
[busy 124 jiffies]
[exit 0]

##### numeric-1000000 (1000000 lines, 6888890 bytes)   round 3/3   2026-09-15T15:52:14+03:00
--- lexindex dict32   load 0.67 0.71 0.83
1000000 keys
lexindex DictIndex block 32: build 73 ms, size 2.348 MiB (2.462 B/key), latency cold 167.9 ns, then mean 166.8 / min 165.9 ns
72.820,2.347814,167.856
[time 1.17 s, user 1.24 s, sys 0.09 s, maxrss 127788 KB]
[busy 146 jiffies]
[exit 0]
--- lexindex dict256   load 0.67 0.71 0.83
1000000 keys
lexindex DictIndex block 256: build 77 ms, size 2.027 MiB (2.126 B/key), latency cold 192.5 ns, then mean 192.6 / min 192.1 ns
77.100,2.027405,192.458
[time 1.28 s, user 1.37 s, sys 0.10 s, maxrss 131332 KB]
[busy 158 jiffies]
[exit 0]
--- lexindex dict1024   load 1.50 0.88 0.89
1000000 keys
lexindex DictIndex block 1024: build 78 ms, size 1.986 MiB (2.082 B/key), latency cold 212.9 ns, then mean 212.0 / min 211.3 ns
77.892,1.985999,212.907
[time 1.36 s, user 1.40 s, sys 0.08 s, maxrss 130384 KB]
[busy 160 jiffies]
[exit 0]
--- lexindex string   load 1.50 0.88 0.89
1000000 keys
lexindex StringIndex: build 161 ms, size 0.000 MiB (0.000 B/key), latency cold 110.5 ns, then mean 111.1 / min 110.6 ns
160.996,0.000287,110.503
[time 1.02 s, user 0.96 s, sys 0.06 s, maxrss 114580 KB]
[busy 113 jiffies]
[exit 0]
--- c2 case 0 rec 0   skipped: exit 139 in round 1
--- c2 case 0 rec 1   skipped: exit 139 in round 1
--- c2 case 0 rec 2   skipped: exit 139 in round 1
--- c2 case 1 rec 0   skipped: exit 139 in round 1
--- c2 case 1 rec 1   skipped: exit 139 in round 1
--- c2 case 1 rec 2   skipped: exit 139 in round 1
--- c2 case 2 rec 0   skipped: exit 139 in round 1
--- c2 case 2 rec 1   skipped: exit 139 in round 1
--- c2 case 2 rec 2   skipped: exit 139 in round 1
--- c2 case 3 rec 0   load 1.46 0.88 0.89
[TEST FST]
Processing dataset...
Done!
Building trie...
Done!
build time: 219.570149 ms (219.570149 ns per key)
space cost: 1.445107 MB (25.731589% of original size 5.616083 MB)
Querying trie...
Done!
total time: 247.524321 ms, avg latency: 247.524321 ns
not implemented
219.570149,1.445107,247.524321
[PASSED]
[time 0.79 s, user 0.73 s, sys 0.05 s, maxrss 74040 KB]
[busy 84 jiffies]
[exit 0]
--- c2 case 4 rec 0   load 1.46 0.88 0.89
[TEST COCO]
Processing dataset...
Done!
Building trie...
num nodes = 9001, average depth = 1.000222
ef = 0.000000, pa = 0.000000, bv = 0.000111, de = 0.999889
efr = 0.000000, par = 0.000000, bvr = 0.000000, der = 0.000000
Done!
build time: 681.028829 ms (681.028829 ns per key)
space cost: 0.497188 MB (8.852927% of original size 5.616083 MB)
Querying trie...
Done!
total time: 225.344968 ms, avg latency: 225.344968 ns
not implemented
681.028829,0.497188,225.344968
[PASSED]
[time 1.25 s, user 1.01 s, sys 0.23 s, maxrss 494716 KB]
[busy 133 jiffies]
[exit 0]
--- c2 case 5 rec 0   load 1.34 0.87 0.88
[TEST MARISA]
Processing dataset...
Done!
Building trie...
Done!
build time: 144.958926 ms (144.958926 ns per key)
space cost: 1.565816 MB (27.880925% of original size 5.616083 MB)
Querying trie...
Done!
total time: 188.815936 ms, avg latency: 188.815936 ns
not implemented
144.958926,1.565816,188.815936
[PASSED]
[time 0.66 s, user 0.59 s, sys 0.06 s, maxrss 108248 KB]
[busy 72 jiffies]
[exit 0]
--- c2 case 5 rec 1   load 1.34 0.87 0.88
[TEST MARISA]
Processing dataset...
Done!
Building trie...
Done!
build time: 142.826098 ms (142.826098 ns per key)
space cost: 1.565816 MB (27.880925% of original size 5.616083 MB)
Querying trie...
Done!
total time: 189.843006 ms, avg latency: 189.843006 ns
not implemented
142.826098,1.565816,189.843006
[PASSED]
[time 0.66 s, user 0.58 s, sys 0.07 s, maxrss 108196 KB]
[busy 72 jiffies]
[exit 0]
--- c2 case 5 rec 2   load 1.34 0.87 0.88
[TEST MARISA]
Processing dataset...
Done!
Building trie...
Done!
build time: 148.753134 ms (148.753134 ns per key)
space cost: 1.565816 MB (27.880925% of original size 5.616083 MB)
Querying trie...
Done!
total time: 187.655105 ms, avg latency: 187.655105 ns
not implemented
148.753134,1.565816,187.655105
[PASSED]
[time 0.67 s, user 0.59 s, sys 0.07 s, maxrss 108228 KB]
[busy 72 jiffies]
[exit 0]
--- c2 case 6 rec 0   load 1.23 0.85 0.88
[TEST PDT]
Processing dataset...
Done!
Building trie...
dict size: 92, stream size: 296698
Done!
build time: 106.090669 ms (106.090669 ns per key)
space cost: 1.559100 MB (27.761344% of original size 5.616083 MB)
Querying trie...
Done!
total time: 392.346079 ms, avg latency: 392.346079 ns
not implemented
106.090669,1.559100,392.346079
[PASSED]
[time 0.82 s, user 0.77 s, sys 0.04 s, maxrss 89992 KB]
[busy 90 jiffies]
[exit 0]
--- c2 case 7 rec 0   load 1.23 0.85 0.88
[TEST ART]
Processing dataset...
Done!
Building trie...
Done!
build time: 55.057224 ms (55.057224 ns per key)
space cost: 20.065308 MB (357.282951% of original size 5.616083 MB)
Querying trie...
Done!
total time: 71.569057 ms, avg latency: 71.569057 ns
not implemented
55.057224,20.065308,71.569057
[PASSED]
[time 0.45 s, user 0.39 s, sys 0.05 s, maxrss 103324 KB]
[busy 51 jiffies]
[exit 0]
--- c2 case 8 rec 0   load 1.23 0.85 0.88
[TEST CART]
Processing dataset...
Done!
Building trie...
Done!
build time: 69.715776 ms (69.715776 ns per key)
space cost: 11.262885 MB (200.546979% of original size 5.616083 MB)
Querying trie...
Done!
total time: 85.734963 ms, avg latency: 85.734963 ns
not implemented
69.715776,11.262885,85.734963
[PASSED]
[time 0.48 s, user 0.41 s, sys 0.06 s, maxrss 104716 KB]
[busy 57 jiffies]
[exit 0]
--- xcdat 7   load 1.13 0.84 0.87
build time: 277.754168 ms
space cost: 5.285287 MiB (94.109841% of original size 5.616083 MiB)
avg latency: 84.226178 ns
277.754168,5.285287,84.226178
[time 0.68 s, user 0.61 s, sys 0.07 s, maxrss 90328 KB]
[busy 74 jiffies]
[exit 0]
--- xcdat 8   load 1.13 0.84 0.87
build time: 178.662059 ms
space cost: 4.607934 MiB (82.048892% of original size 5.616083 MiB)
avg latency: 94.368754 ns
178.662059,4.607934,94.368754
[time 0.60 s, user 0.53 s, sys 0.07 s, maxrss 90208 KB]
[busy 68 jiffies]
[exit 0]
--- xcdat 15   load 1.13 0.84 0.87
build time: 203.291203 ms
space cost: 6.727912 MiB (119.797228% of original size 5.616083 MiB)
avg latency: 53.906141 ns
203.291203,6.727912,53.906141
[time 0.58 s, user 0.51 s, sys 0.06 s, maxrss 90344 KB]
[busy 66 jiffies]
[exit 0]
--- xcdat 16   load 1.04 0.82 0.87
build time: 177.284951 ms
space cost: 7.181439 MiB (127.872740% of original size 5.616083 MiB)
avg latency: 67.912046 ns
177.284951,7.181439,67.912046
[time 0.58 s, user 0.49 s, sys 0.08 s, maxrss 90296 KB]
[busy 63 jiffies]
[exit 0]

##### opaque-1000000 (1000000 lines, 17000000 bytes)   round 3/3   2026-09-15T15:52:43+03:00
--- lexindex dict32   load 1.04 0.82 0.87
1000000 keys
lexindex DictIndex block 32: build 157 ms, size 13.431 MiB (14.083 B/key), latency cold 389.5 ns, then mean 389.8 / min 387.1 ns
157.112,13.430968,389.539
[time 2.17 s, user 2.94 s, sys 0.21 s, maxrss 169328 KB]
[busy 337 jiffies]
[exit 0]
--- lexindex dict256   load 0.96 0.81 0.86
1000000 keys
lexindex DictIndex block 256: build 159 ms, size 13.159 MiB (13.799 B/key), latency cold 410.8 ns, then mean 410.5 / min 409.2 ns
159.410,13.159279,410.763
[time 2.25 s, user 3.04 s, sys 0.21 s, maxrss 169444 KB]
[busy 345 jiffies]
[exit 0]
--- lexindex dict1024   load 0.96 0.81 0.86
1000000 keys
lexindex DictIndex block 1024: build 164 ms, size 13.123 MiB (13.760 B/key), latency cold 431.3 ns, then mean 423.6 / min 422.4 ns
163.988,13.122862,431.315
[time 2.31 s, user 2.78 s, sys 0.17 s, maxrss 165440 KB]
[busy 313 jiffies]
[exit 0]
--- lexindex string   load 0.96 0.81 0.86
1000000 keys
lexindex StringIndex: build 1099 ms, size 20.443 MiB (21.436 B/key), latency cold 389.8 ns, then mean 388.8 / min 383.0 ns
1099.399,20.442799,389.811
[time 3.10 s, user 3.01 s, sys 0.08 s, maxrss 151900 KB]
[busy 326 jiffies]
[exit 0]
--- c2 case 0 rec 0   load 0.89 0.80 0.86
[TEST C2-FST]
Processing dataset...
Done!
Building trie...
Done!
build time: 1066.683064 ms (1066.683064 ns per key)
space cost: 16.922257 MB (110.901706% of original size 15.258789 MB)
Querying trie...
Done!
total time: 389.233531 ms, avg latency: 389.233531 ns
topology: 0.743332 MB, link: 3.012292 MB, data: 13.166634 MB
--- Unary Path Analysis (FST, cutoff=4) ---
  shared unary steps in main trie: 1041
  terminal suffixes: inplace=0 (avg len=0.00)  links=1000000 (100.0% of terminal)
  link len: avg=10.96  max=12  total_chars=10963783
  link length distribution (len:count):  9:6  10:856  11:56569  12:920487  13:22082
1066.683064,16.922257,389.233531
[PASSED]
[time 2.09 s, user 1.94 s, sys 0.14 s, maxrss 250236 KB]
[busy 221 jiffies]
[exit 0]
--- c2 case 0 rec 1   load 0.89 0.80 0.86
[TEST C2-FST]
Processing dataset...
Done!
Building trie...
trie size: 4.316751 MB
Done!
build time: 1947.316010 ms (1947.316010 ns per key)
space cost: 16.922257 MB (110.901706% of original size 15.258789 MB)
Querying trie...
Done!
total time: 388.462141 ms, avg latency: 388.462141 ns
topology: 0.743332 MB, link: 3.012292 MB, data: 13.166634 MB
--- Unary Path Analysis (FST, cutoff=4) ---
  shared unary steps in main trie: 1041
  terminal suffixes: inplace=0 (avg len=0.00)  links=1000000 (100.0% of terminal)
  link len: avg=10.96  max=12  total_chars=10963783
  link length distribution (len:count):  9:6  10:856  11:56569  12:920487  13:22082
1947.316010,16.922257,388.462141
[PASSED]
[time 2.97 s, user 2.75 s, sys 0.20 s, maxrss 311364 KB]
[busy 306 jiffies]
[exit 0]
--- c2 case 0 rec 2   load 0.89 0.80 0.86
[TEST C2-FST]
Processing dataset...
Done!
Building trie...
trie size: 4.316751 MB
Done!
build time: 1954.410569 ms (1954.410569 ns per key)
space cost: 16.922257 MB (110.901706% of original size 15.258789 MB)
Querying trie...
Done!
total time: 383.679324 ms, avg latency: 383.679324 ns
topology: 0.743332 MB, link: 3.012292 MB, data: 13.166634 MB
--- Unary Path Analysis (FST, cutoff=4) ---
  shared unary steps in main trie: 1041
  terminal suffixes: inplace=0 (avg len=0.00)  links=1000000 (100.0% of terminal)
  link len: avg=10.96  max=12  total_chars=10963783
  link length distribution (len:count):  9:6  10:856  11:56569  12:920487  13:22082
1954.410569,16.922257,383.679324
[PASSED]
[time 3.00 s, user 2.80 s, sys 0.18 s, maxrss 311236 KB]
[busy 314 jiffies]
[exit 0]
--- c2 case 1 rec 0   load 0.90 0.81 0.86
[TEST C2-CoCo(LOUDS-Sparse)]
Processing dataset...
Done!
Building trie...
Done!
build time: 1322.723375 ms (1322.723375 ns per key)
space cost: 16.089285 MB (105.442735% of original size 15.258789 MB)
Querying trie...
Done!
total time: 534.244364 ms, avg latency: 534.244364 ns
topology: 0.346626 MB, link: 3.175570 MB, data: 12.567089 MB
1322.723375,16.089285,534.244364
[PASSED]
[time 2.49 s, user 2.31 s, sys 0.17 s, maxrss 357080 KB]
[busy 259 jiffies]
[exit 0]
--- c2 case 1 rec 1   load 0.83 0.79 0.86
[TEST C2-CoCo(LOUDS-Sparse)]
Processing dataset...
Done!
Building trie...
trie size: 4.316751 MB
Done!
build time: 2193.776611 ms (2193.776611 ns per key)
space cost: 16.089285 MB (105.442735% of original size 15.258789 MB)
Querying trie...
Done!
total time: 529.941299 ms, avg latency: 529.941299 ns
topology: 0.346626 MB, link: 3.175570 MB, data: 12.567089 MB
2193.776611,16.089285,529.941299
[PASSED]
[time 3.37 s, user 3.15 s, sys 0.20 s, maxrss 418768 KB]
[busy 352 jiffies]
[exit 0]
--- c2 case 1 rec 2   load 0.83 0.79 0.86
[TEST C2-CoCo(LOUDS-Sparse)]
Processing dataset...
Done!
Building trie...
trie size: 4.316751 MB
Done!
build time: 2224.596366 ms (2224.596366 ns per key)
space cost: 16.089285 MB (105.442735% of original size 15.258789 MB)
Querying trie...
Done!
total time: 530.888749 ms, avg latency: 530.888749 ns
topology: 0.346626 MB, link: 3.175570 MB, data: 12.567089 MB
2224.596366,16.089285,530.888749
[PASSED]
[time 3.41 s, user 3.18 s, sys 0.22 s, maxrss 418836 KB]
[busy 355 jiffies]
[exit 0]
--- c2 case 2 rec 0   load 0.84 0.80 0.86
[TEST C2-MARISA]
Processing dataset...
Done!
Building trie...
trie size: 1.836515 MB
Done!
build time: 969.985605 ms (969.985605 ns per key)
space cost: 16.609414 MB (108.851456% of original size 15.258789 MB)
Querying trie...
Done!
total time: 322.569489 ms, avg latency: 322.569489 ns
topology: 0.607349 MB, link: 2.863268 MB, data: 13.118289 MB
--- Unary Path Analysis (Marisa, cutoff=3) ---
  branches: 1267337  |  single-char: 266306 (21.0%)  short-unary: 1021 (0.1%)  links: 1000010 (78.9%)
  link len: avg=12.96  max=14  total_chars=12963813
  link length distribution (len:count):  3:10  10:6  11:856  12:56569  13:920487  14:22082
  short unary avg len: 2.00
969.985605,16.609414,322.569489
[PASSED]
[time 1.93 s, user 1.78 s, sys 0.14 s, maxrss 236700 KB]
[busy 202 jiffies]
[exit 0]
--- c2 case 2 rec 1   load 0.86 0.80 0.86
[TEST C2-MARISA]
Processing dataset...
Done!
Building trie...
trie size: 1.836515 MB
trie size: 4.316792 MB
Done!
build time: 1994.705817 ms (1994.705817 ns per key)
space cost: 16.609414 MB (108.851456% of original size 15.258789 MB)
Querying trie...
Done!
total time: 317.012558 ms, avg latency: 317.012558 ns
topology: 0.607349 MB, link: 2.863268 MB, data: 13.118289 MB
--- Unary Path Analysis (Marisa, cutoff=3) ---
  branches: 1267337  |  single-char: 266306 (21.0%)  short-unary: 1021 (0.1%)  links: 1000010 (78.9%)
  link len: avg=12.96  max=14  total_chars=12963813
  link length distribution (len:count):  3:10  10:6  11:856  12:56569  13:920487  14:22082
  short unary avg len: 2.00
1994.705817,16.609414,317.012558
[PASSED]
[time 2.97 s, user 2.76 s, sys 0.19 s, maxrss 283792 KB]
[busy 307 jiffies]
[exit 0]
--- c2 case 2 rec 2   load 0.87 0.80 0.86
[TEST C2-MARISA]
Processing dataset...
Done!
Building trie...
trie size: 1.836515 MB
trie size: 4.316792 MB
Done!
build time: 2002.248099 ms (2002.248099 ns per key)
space cost: 16.609414 MB (108.851456% of original size 15.258789 MB)
Querying trie...
Done!
total time: 336.037433 ms, avg latency: 336.037433 ns
topology: 0.607349 MB, link: 2.863268 MB, data: 13.118289 MB
--- Unary Path Analysis (Marisa, cutoff=3) ---
  branches: 1267337  |  single-char: 266306 (21.0%)  short-unary: 1021 (0.1%)  links: 1000010 (78.9%)
  link len: avg=12.96  max=14  total_chars=12963813
  link length distribution (len:count):  3:10  10:6  11:856  12:56569  13:920487  14:22082
  short unary avg len: 2.00
2002.248099,16.609414,336.037433
[PASSED]
[time 2.98 s, user 2.79 s, sys 0.18 s, maxrss 283772 KB]
[busy 310 jiffies]
[exit 0]
--- c2 case 3 rec 0   load 0.80 0.79 0.85
[TEST FST]
Processing dataset...
Done!
Building trie...
Done!
build time: 653.020025 ms (653.020025 ns per key)
space cost: 16.760878 MB (109.844088% of original size 15.258789 MB)
Querying trie...
Done!
total time: 339.973688 ms, avg latency: 339.973688 ns
not implemented
653.020025,16.760878,339.973688
[PASSED]
[time 1.64 s, user 1.55 s, sys 0.08 s, maxrss 147160 KB]
[busy 171 jiffies]
[exit 0]
--- c2 case 4 rec 0   load 0.80 0.79 0.85
[TEST COCO]
Processing dataset...
Done!
Building trie...
num nodes = 4097, average depth = 12.997071
ef = 0.000000, pa = 0.000000, bv = 0.000000, de = 0.000000
efr = 0.000000, par = 0.999756, bvr = 0.000244, der = 0.000000
Done!
build time: 17124.043937 ms (17124.043937 ns per key)
space cost: 10.595579 MB (69.439184% of original size 15.258789 MB)
Querying trie...
Done!
total time: 511.557228 ms, avg latency: 511.557228 ns
not implemented
17124.043937,10.595579,511.557228
[PASSED]
[time 19.09 s, user 14.30 s, sys 4.71 s, maxrss 11388656 KB]
[busy 1971 jiffies]
[exit 0]
--- c2 case 5 rec 0   load 0.86 0.80 0.86
[TEST MARISA]
Processing dataset...
Done!
Building trie...
Done!
build time: 465.371753 ms (465.371753 ns per key)
space cost: 17.200768 MB (112.726950% of original size 15.258789 MB)
Querying trie...
Done!
total time: 456.319916 ms, avg latency: 456.319916 ns
not implemented
465.371753,17.200768,456.319916
[PASSED]
[time 1.59 s, user 1.47 s, sys 0.10 s, maxrss 195028 KB]
[busy 167 jiffies]
[exit 0]
--- c2 case 5 rec 1   load 0.79 0.79 0.85
[TEST MARISA]
Processing dataset...
Done!
Building trie...
Done!
build time: 740.325178 ms (740.325178 ns per key)
space cost: 17.634758 MB (115.571150% of original size 15.258789 MB)
Querying trie...
Done!
total time: 681.069586 ms, avg latency: 681.069586 ns
not implemented
740.325178,17.634758,681.069586
[PASSED]
[time 2.07 s, user 1.93 s, sys 0.13 s, maxrss 185588 KB]
[busy 216 jiffies]
[exit 0]
--- c2 case 5 rec 2   load 0.79 0.79 0.85
[TEST MARISA]
Processing dataset...
Done!
Building trie...
Done!
build time: 937.766921 ms (937.766921 ns per key)
space cost: 17.949429 MB (117.633375% of original size 15.258789 MB)
Querying trie...
Done!
total time: 948.443361 ms, avg latency: 948.443361 ns
not implemented
937.766921,17.949429,948.443361
[PASSED]
[time 2.56 s, user 2.42 s, sys 0.13 s, maxrss 225744 KB]
[busy 271 jiffies]
[exit 0]
--- c2 case 6 rec 0   load 0.80 0.79 0.85
[TEST PDT]
Processing dataset...
Done!
Building trie...
dict size: 177882, stream size: 12826382
Done!
build time: 15785.911418 ms (15785.911418 ns per key)
space cost: 13.677892 MB (89.639431% of original size 15.258789 MB)
Querying trie...
Done!
total time: 596.591605 ms, avg latency: 596.591605 ns
not implemented
15785.911418,13.677892,596.591605
[PASSED]
[time 17.03 s, user 16.76 s, sys 0.20 s, maxrss 360832 KB]
[busy 1755 jiffies]
[exit 0]
--- c2 case 7 rec 0   load 0.78 0.79 0.85
[TEST ART]
Processing dataset...
Done!
Building trie...
Done!
build time: 141.625313 ms (141.625313 ns per key)
space cost: 30.301407 MB (198.583300% of original size 15.258789 MB)
Querying trie...
Done!
total time: 184.143718 ms, avg latency: 184.143718 ns
not implemented
141.625313,30.301407,184.143718
[PASSED]
[time 0.99 s, user 0.89 s, sys 0.09 s, maxrss 178628 KB]
[busy 105 jiffies]
[exit 0]
--- c2 case 8 rec 0   load 0.78 0.79 0.85
[TEST CART]
Processing dataset...
Done!
Building trie...
Done!
build time: 157.915549 ms (157.915549 ns per key)
space cost: 11.383729 MB (74.604406% of original size 15.258789 MB)
Querying trie...
Done!
total time: 243.609645 ms, avg latency: 243.609645 ns
not implemented
157.915549,11.383729,243.609645
[PASSED]
[time 1.08 s, user 1.00 s, sys 0.08 s, maxrss 160880 KB]
[busy 115 jiffies]
[exit 0]
--- xcdat 7   load 0.78 0.79 0.85
build time: 665.841725 ms
space cost: 19.932177 MiB (130.627512% of original size 15.258789 MiB)
avg latency: 223.752857 ns
665.841725,19.932177,223.752857
[time 1.57 s, user 1.47 s, sys 0.09 s, maxrss 173104 KB]
[busy 166 jiffies]
[exit 0]
--- xcdat 8   load 0.80 0.79 0.85
build time: 640.751083 ms
space cost: 18.565336 MiB (121.669787% of original size 15.258789 MiB)
avg latency: 214.917818 ns
640.751083,18.565336,214.917818
[time 1.54 s, user 1.42 s, sys 0.11 s, maxrss 179944 KB]
[busy 162 jiffies]
[exit 0]
--- xcdat 15   load 0.80 0.79 0.85
build time: 661.843974 ms
space cost: 19.094490 MiB (125.137650% of original size 15.258789 MiB)
avg latency: 205.339502 ns
661.843974,19.094490,205.339502
[time 1.56 s, user 1.44 s, sys 0.11 s, maxrss 180960 KB]
[busy 163 jiffies]
[exit 0]
--- xcdat 16   load 0.81 0.80 0.85
build time: 641.125387 ms
space cost: 19.227987 MiB (126.012538% of original size 15.258789 MiB)
avg latency: 208.679317 ns
641.125387,19.227987,208.679317
[time 1.54 s, user 1.42 s, sys 0.11 s, maxrss 179764 KB]
[busy 162 jiffies]
[exit 0]

##### paths-1000000 (1000000 lines, 125978312 bytes)   round 3/3   2026-09-15T15:54:36+03:00
--- lexindex dict32   load 0.81 0.80 0.85
1000000 keys
lexindex DictIndex block 32: build 171 ms, size 16.817 MiB (17.634 B/key), latency cold 753.1 ns, then mean 749.8 / min 748.1 ns
171.431,16.816722,753.140
[time 3.95 s, user 4.48 s, sys 0.26 s, maxrss 397376 KB]
[busy 497 jiffies]
[exit 0]
--- lexindex dict256   load 0.83 0.80 0.86
1000000 keys
lexindex DictIndex block 256: build 167 ms, size 13.993 MiB (14.673 B/key), latency cold 758.6 ns, then mean 756.5 / min 751.6 ns
167.398,13.992836,758.564
[time 3.99 s, user 4.54 s, sys 0.24 s, maxrss 392332 KB]
[busy 500 jiffies]
[exit 0]
--- lexindex dict1024   load 0.84 0.81 0.86
1000000 keys
lexindex DictIndex block 1024: build 185 ms, size 13.674 MiB (14.339 B/key), latency cold 812.0 ns, then mean 803.1 / min 801.8 ns
185.139,13.674500,812.010
[time 4.19 s, user 4.53 s, sys 0.23 s, maxrss 384268 KB]
[busy 504 jiffies]
[exit 0]
--- lexindex string   load 0.86 0.81 0.86
1000000 keys
lexindex StringIndex: build 1495 ms, size 16.673 MiB (17.483 B/key), latency cold 1160.9 ns, then mean 1149.4 / min 1143.7 ns
1494.696,16.673446,1160.934
[time 6.87 s, user 6.66 s, sys 0.18 s, maxrss 362304 KB]
[busy 715 jiffies]
[exit 0]
--- c2 case 0 rec 0   load 0.88 0.82 0.86
[TEST C2-FST]
Processing dataset...
Done!
Building trie...
Done!
build time: 1425.871515 ms (1425.871515 ns per key)
space cost: 14.260756 MB (11.964866% of original size 119.188606 MB)
Querying trie...
Done!
total time: 2409.960819 ms, avg latency: 2409.960819 ns
topology: 1.699890 MB, link: 2.595201 MB, data: 9.965666 MB
--- Unary Path Analysis (FST, cutoff=4) ---
  shared unary steps in main trie: 2658278
  terminal suffixes: inplace=39819 (avg len=2.28)  links=891354 (95.7% of terminal)
  link len: avg=14.94  max=443  total_chars=13318660
  link length distribution (len:count):  4:40001  5:49577  6:45421  7:46380  8:50483  9:55180  10:56608  11:54673  12:51140  13:35047  14:30416  15:36724  16:35248  17:24069  18:19466  19:17073  20:16018  21:15299  22:13878  23:12677  24:11568  25:37816  26:26754  27:6712  28:5420  29:5541  30:5676  31:5365  32:4659  33:5334  34:4520  35:4652  36:5350  37:9255  38:4943  39:11477  40:3024  41:2087  42:2051  43:1854  44:1606  45:1448  46:1135  47:1025  48:963  49:801  50:774  51:907  52:679  53:727  54:589  55:642  56:710  57:689  58:824  59:515  60:781  61:937  62:666  63:360  64:436  65:381  66:289  67:245  68:235  69:250  70:244  71:266  72:444  73:249  74:341  75:214  76:315  77:82  78:131  79:63  80:31  81:46  82:38  83:33  84:32  85:58  86:34  87:20  88:33  89:21  90:5  91:6  92:18  93:7  94:11  95:14  96:12  97:3  98:4  99:4  100:10  101:17  102:11  103:6  104:17  105:9  106:12  107:11  108:7  109:2  110:3  111:1  112:2  113:4  114:3  115:4  116:3  117:4  118:13  119:5  120:1  122:2  123:3  124:38  125:23  126:156  127:15  128:61  129:3  130:1  131:3  132:2  133:1  136:3  137:6  138:1  139:1  142:4  143:1  144:2  145:2  146:2  151:3  152:1  154:2  159:2  160:2  161:2  165:3  167:1  171:1  172:3  173:1  174:1  175:1  182:1  187:3  188:1  190:2  191:1  194:1  195:3  198:1  201:1  202:1  203:1  205:1  206:1  215:1  219:1  233:1  235:1  243:1  247:1  257:1  265:1  444:1
1425.871515,14.260756,2409.960819
[PASSED]
[time 4.84 s, user 4.61 s, sys 0.20 s, maxrss 358372 KB]
[busy 501 jiffies]
[exit 0]
--- c2 case 0 rec 1   load 0.89 0.82 0.86
[TEST C2-FST]
Processing dataset...
Done!
Building trie...
trie size: 2.746100 MB
Done!
build time: 1641.686389 ms (1641.686389 ns per key)
space cost: 12.500864 MB (10.488305% of original size 119.188606 MB)
Querying trie...
Done!
total time: 2611.367861 ms, avg latency: 2611.367861 ns
topology: 1.942371 MB, link: 2.552141 MB, data: 8.006351 MB
--- Unary Path Analysis (FST, cutoff=4) ---
  shared unary steps in main trie: 2658278
  terminal suffixes: inplace=39819 (avg len=2.28)  links=891354 (95.7% of terminal)
  link len: avg=14.94  max=443  total_chars=13318660
  link length distribution (len:count):  4:40001  5:49577  6:45421  7:46380  8:50483  9:55180  10:56608  11:54673  12:51140  13:35047  14:30416  15:36724  16:35248  17:24069  18:19466  19:17073  20:16018  21:15299  22:13878  23:12677  24:11568  25:37816  26:26754  27:6712  28:5420  29:5541  30:5676  31:5365  32:4659  33:5334  34:4520  35:4652  36:5350  37:9255  38:4943  39:11477  40:3024  41:2087  42:2051  43:1854  44:1606  45:1448  46:1135  47:1025  48:963  49:801  50:774  51:907  52:679  53:727  54:589  55:642  56:710  57:689  58:824  59:515  60:781  61:937  62:666  63:360  64:436  65:381  66:289  67:245  68:235  69:250  70:244  71:266  72:444  73:249  74:341  75:214  76:315  77:82  78:131  79:63  80:31  81:46  82:38  83:33  84:32  85:58  86:34  87:20  88:33  89:21  90:5  91:6  92:18  93:7  94:11  95:14  96:12  97:3  98:4  99:4  100:10  101:17  102:11  103:6  104:17  105:9  106:12  107:11  108:7  109:2  110:3  111:1  112:2  113:4  114:3  115:4  116:3  117:4  118:13  119:5  120:1  122:2  123:3  124:38  125:23  126:156  127:15  128:61  129:3  130:1  131:3  132:2  133:1  136:3  137:6  138:1  139:1  142:4  143:1  144:2  145:2  146:2  151:3  152:1  154:2  159:2  160:2  161:2  165:3  167:1  171:1  172:3  173:1  174:1  175:1  182:1  187:3  188:1  190:2  191:1  194:1  195:3  198:1  201:1  202:1  203:1  205:1  206:1  215:1  219:1  233:1  235:1  243:1  247:1  257:1  265:1  444:1
1641.686389,12.500864,2611.367861
[PASSED]
[time 5.25 s, user 5.01 s, sys 0.21 s, maxrss 356632 KB]
[busy 546 jiffies]
[exit 0]
--- c2 case 0 rec 2   load 0.90 0.82 0.86
[TEST C2-FST]
Processing dataset...
Done!
Building trie...
trie size: 2.746100 MB
trie size: 0.687543 MB
Done!
build time: 1787.707389 ms (1787.707389 ns per key)
space cost: 12.500864 MB (10.488305% of original size 119.188606 MB)
Querying trie...
Done!
total time: 2630.886664 ms, avg latency: 2630.886664 ns
topology: 1.942371 MB, link: 2.552141 MB, data: 8.006351 MB
--- Unary Path Analysis (FST, cutoff=4) ---
  shared unary steps in main trie: 2658278
  terminal suffixes: inplace=39819 (avg len=2.28)  links=891354 (95.7% of terminal)
  link len: avg=14.94  max=443  total_chars=13318660
  link length distribution (len:count):  4:40001  5:49577  6:45421  7:46380  8:50483  9:55180  10:56608  11:54673  12:51140  13:35047  14:30416  15:36724  16:35248  17:24069  18:19466  19:17073  20:16018  21:15299  22:13878  23:12677  24:11568  25:37816  26:26754  27:6712  28:5420  29:5541  30:5676  31:5365  32:4659  33:5334  34:4520  35:4652  36:5350  37:9255  38:4943  39:11477  40:3024  41:2087  42:2051  43:1854  44:1606  45:1448  46:1135  47:1025  48:963  49:801  50:774  51:907  52:679  53:727  54:589  55:642  56:710  57:689  58:824  59:515  60:781  61:937  62:666  63:360  64:436  65:381  66:289  67:245  68:235  69:250  70:244  71:266  72:444  73:249  74:341  75:214  76:315  77:82  78:131  79:63  80:31  81:46  82:38  83:33  84:32  85:58  86:34  87:20  88:33  89:21  90:5  91:6  92:18  93:7  94:11  95:14  96:12  97:3  98:4  99:4  100:10  101:17  102:11  103:6  104:17  105:9  106:12  107:11  108:7  109:2  110:3  111:1  112:2  113:4  114:3  115:4  116:3  117:4  118:13  119:5  120:1  122:2  123:3  124:38  125:23  126:156  127:15  128:61  129:3  130:1  131:3  132:2  133:1  136:3  137:6  138:1  139:1  142:4  143:1  144:2  145:2  146:2  151:3  152:1  154:2  159:2  160:2  161:2  165:3  167:1  171:1  172:3  173:1  174:1  175:1  182:1  187:3  188:1  190:2  191:1  194:1  195:3  198:1  201:1  202:1  203:1  205:1  206:1  215:1  219:1  233:1  235:1  243:1  247:1  257:1  265:1  444:1
1787.707389,12.500864,2630.886664
[PASSED]
[time 5.41 s, user 5.18 s, sys 0.20 s, maxrss 356668 KB]
[busy 560 jiffies]
[exit 0]
--- c2 case 1 rec 0   load 0.99 0.85 0.87
[TEST C2-CoCo(LOUDS-Sparse)]
Processing dataset...
Done!
Building trie...
Done!
build time: 5090.926343 ms (5090.926343 ns per key)
space cost: 14.878411 MB (12.483082% of original size 119.188606 MB)
Querying trie...
Done!
total time: 1599.081950 ms, avg latency: 1599.081950 ns
topology: 0.476959 MB, link: 4.004946 MB, data: 10.396506 MB
5090.926343,14.878411,1599.081950
[PASSED]
[time 7.69 s, user 7.32 s, sys 0.34 s, maxrss 595732 KB]
[busy 791 jiffies]
[exit 0]
--- c2 case 1 rec 1   load 0.91 0.83 0.86
[TEST C2-CoCo(LOUDS-Sparse)]
Processing dataset...
Done!
Building trie...
trie size: 2.746100 MB
Done!
build time: 5354.546025 ms (5354.546025 ns per key)
space cost: 13.118518 MB (11.006521% of original size 119.188606 MB)
Querying trie...
Done!
total time: 1793.931554 ms, avg latency: 1793.931554 ns
topology: 0.719440 MB, link: 3.961886 MB, data: 8.437192 MB
5354.546025,13.118518,1793.931554
[PASSED]
[time 8.13 s, user 7.76 s, sys 0.33 s, maxrss 587780 KB]
[busy 835 jiffies]
[exit 0]
--- c2 case 1 rec 2   load 0.92 0.84 0.87
[TEST C2-CoCo(LOUDS-Sparse)]
Processing dataset...
Done!
Building trie...
trie size: 2.746100 MB
trie size: 0.687543 MB
Done!
build time: 5420.257316 ms (5420.257316 ns per key)
space cost: 13.118518 MB (11.006521% of original size 119.188606 MB)
Querying trie...
Done!
total time: 1773.591007 ms, avg latency: 1773.591007 ns
topology: 0.719440 MB, link: 3.961886 MB, data: 8.437192 MB
5420.257316,13.118518,1773.591007
[PASSED]
[time 8.16 s, user 7.80 s, sys 0.32 s, maxrss 590992 KB]
[busy 839 jiffies]
[exit 0]
--- c2 case 2 rec 0   load 0.93 0.84 0.87
[TEST C2-MARISA]
Processing dataset...
Done!
Building trie...
trie size: 2.297644 MB
Done!
build time: 1318.448554 ms (1318.448554 ns per key)
space cost: 11.928165 MB (10.007807% of original size 119.188606 MB)
Querying trie...
Done!
total time: 902.170049 ms, avg latency: 902.170049 ns
topology: 0.761036 MB, link: 3.343996 MB, data: 7.802626 MB
--- Unary Path Analysis (Marisa, cutoff=3) ---
  branches: 1534795  |  single-char: 270841 (17.6%)  short-unary: 45134 (2.9%)  links: 1218820 (79.4%)
  link len: avg=14.88  max=445  total_chars=18132830
  link length distribution (len:count):  3:37127  4:49365  5:75461  6:91989  7:72185  8:66513  9:63973  10:68956  11:73223  12:65790  13:57380  14:41495  15:36762  16:42631  17:41179  18:27817  19:22377  20:18838  21:17845  22:16718  23:15115  24:13613  25:12555  26:39233  27:27982  28:7379  29:6328  30:6087  31:6172  32:5955  33:5265  34:5643  35:4792  36:4909  37:5534  38:9417  39:5190  40:12044  41:4130  42:3423  43:3194  44:2134  45:1772  46:1642  47:1384  48:1261  49:1057  50:900  51:919  52:1030  53:750  54:799  55:667  56:702  57:772  58:823  59:1198  60:1008  61:899  62:972  63:712  64:409  65:454  66:414  67:320  68:269  69:256  70:270  71:258  72:280  73:453  74:258  75:356  76:221  77:315  78:88  79:138  80:65  81:34  82:48  83:40  84:34  85:38  86:63  87:38  88:23  89:36  90:23  91:6  92:6  93:19  94:8  95:11  96:14  97:13  98:3  99:5  100:4  101:12  102:17  103:11  104:6  105:17  106:9  107:12  108:11  109:7  110:2  111:4  112:1  113:2  114:4  115:4  116:4  117:3  118:4  119:14  120:6  121:1  123:2  124:3  125:38  126:23  127:156  128:15  129:61  130:3  131:1  132:3  133:2  134:1  136:1  137:3  138:6  139:1  140:1  143:4  144:2  145:2  146:2  147:2  149:1  152:3  153:1  155:2  157:1  160:2  161:2  162:2  166:3  167:1  168:1  172:1  173:3  174:1  175:1  176:1  183:2  185:1  188:4  189:2  191:2  192:3  195:2  196:3  199:1  202:1  203:1  204:1  206:1  207:2  216:1  220:1  230:1  234:1  236:1  244:1  248:1  258:1  266:1  445:1
  short unary avg len: 2.00
1318.448554,11.928165,902.170049
[PASSED]
[time 3.22 s, user 2.97 s, sys 0.23 s, maxrss 356004 KB]
[busy 337 jiffies]
[exit 0]
--- c2 case 2 rec 1   load 0.94 0.85 0.87
[TEST C2-MARISA]
Processing dataset...
Done!
Building trie...
trie size: 2.297644 MB
trie size: 3.841883 MB
Done!
build time: 1640.441629 ms (1640.441629 ns per key)
space cost: 9.839272 MB (8.255212% of original size 119.188606 MB)
Querying trie...
Done!
total time: 1570.846742 ms, avg latency: 1570.846742 ns
topology: 1.073097 MB, link: 3.403300 MB, data: 5.342366 MB
--- Unary Path Analysis (Marisa, cutoff=3) ---
  branches: 1534795  |  single-char: 270841 (17.6%)  short-unary: 45134 (2.9%)  links: 1218820 (79.4%)
  link len: avg=14.88  max=445  total_chars=18132830
  link length distribution (len:count):  3:37127  4:49365  5:75461  6:91989  7:72185  8:66513  9:63973  10:68956  11:73223  12:65790  13:57380  14:41495  15:36762  16:42631  17:41179  18:27817  19:22377  20:18838  21:17845  22:16718  23:15115  24:13613  25:12555  26:39233  27:27982  28:7379  29:6328  30:6087  31:6172  32:5955  33:5265  34:5643  35:4792  36:4909  37:5534  38:9417  39:5190  40:12044  41:4130  42:3423  43:3194  44:2134  45:1772  46:1642  47:1384  48:1261  49:1057  50:900  51:919  52:1030  53:750  54:799  55:667  56:702  57:772  58:823  59:1198  60:1008  61:899  62:972  63:712  64:409  65:454  66:414  67:320  68:269  69:256  70:270  71:258  72:280  73:453  74:258  75:356  76:221  77:315  78:88  79:138  80:65  81:34  82:48  83:40  84:34  85:38  86:63  87:38  88:23  89:36  90:23  91:6  92:6  93:19  94:8  95:11  96:14  97:13  98:3  99:5  100:4  101:12  102:17  103:11  104:6  105:17  106:9  107:12  108:11  109:7  110:2  111:4  112:1  113:2  114:4  115:4  116:4  117:3  118:4  119:14  120:6  121:1  123:2  124:3  125:38  126:23  127:156  128:15  129:61  130:3  131:1  132:3  133:2  134:1  136:1  137:3  138:6  139:1  140:1  143:4  144:2  145:2  146:2  147:2  149:1  152:3  153:1  155:2  157:1  160:2  161:2  162:2  166:3  167:1  168:1  172:1  173:3  174:1  175:1  176:1  183:2  185:1  188:4  189:2  191:2  192:3  195:2  196:3  199:1  202:1  203:1  204:1  206:1  207:2  216:1  220:1  230:1  234:1  236:1  244:1  248:1  258:1  266:1  445:1
  short unary avg len: 2.00
1640.441629,9.839272,1570.846742
[PASSED]
[time 4.21 s, user 3.94 s, sys 0.24 s, maxrss 354088 KB]
[busy 437 jiffies]
[exit 0]
--- c2 case 2 rec 2   load 0.94 0.85 0.87
[TEST C2-MARISA]
Processing dataset...
Done!
Building trie...
trie size: 2.297644 MB
trie size: 3.841883 MB
trie size: 0.864431 MB
Done!
build time: 1782.543677 ms (1782.543677 ns per key)
space cost: 9.839272 MB (8.255212% of original size 119.188606 MB)
Querying trie...
Done!
total time: 1575.882723 ms, avg latency: 1575.882723 ns
topology: 1.073097 MB, link: 3.403300 MB, data: 5.342366 MB
--- Unary Path Analysis (Marisa, cutoff=3) ---
  branches: 1534795  |  single-char: 270841 (17.6%)  short-unary: 45134 (2.9%)  links: 1218820 (79.4%)
  link len: avg=14.88  max=445  total_chars=18132830
  link length distribution (len:count):  3:37127  4:49365  5:75461  6:91989  7:72185  8:66513  9:63973  10:68956  11:73223  12:65790  13:57380  14:41495  15:36762  16:42631  17:41179  18:27817  19:22377  20:18838  21:17845  22:16718  23:15115  24:13613  25:12555  26:39233  27:27982  28:7379  29:6328  30:6087  31:6172  32:5955  33:5265  34:5643  35:4792  36:4909  37:5534  38:9417  39:5190  40:12044  41:4130  42:3423  43:3194  44:2134  45:1772  46:1642  47:1384  48:1261  49:1057  50:900  51:919  52:1030  53:750  54:799  55:667  56:702  57:772  58:823  59:1198  60:1008  61:899  62:972  63:712  64:409  65:454  66:414  67:320  68:269  69:256  70:270  71:258  72:280  73:453  74:258  75:356  76:221  77:315  78:88  79:138  80:65  81:34  82:48  83:40  84:34  85:38  86:63  87:38  88:23  89:36  90:23  91:6  92:6  93:19  94:8  95:11  96:14  97:13  98:3  99:5  100:4  101:12  102:17  103:11  104:6  105:17  106:9  107:12  108:11  109:7  110:2  111:4  112:1  113:2  114:4  115:4  116:4  117:3  118:4  119:14  120:6  121:1  123:2  124:3  125:38  126:23  127:156  128:15  129:61  130:3  131:1  132:3  133:2  134:1  136:1  137:3  138:6  139:1  140:1  143:4  144:2  145:2  146:2  147:2  149:1  152:3  153:1  155:2  157:1  160:2  161:2  162:2  166:3  167:1  168:1  172:1  173:3  174:1  175:1  176:1  183:2  185:1  188:4  189:2  191:2  192:3  195:2  196:3  199:1  202:1  203:1  204:1  206:1  207:2  216:1  220:1  230:1  234:1  236:1  244:1  248:1  258:1  266:1  445:1
  short unary avg len: 2.00
1782.543677,9.839272,1575.882723
[PASSED]
[time 4.35 s, user 4.09 s, sys 0.23 s, maxrss 353736 KB]
[busy 450 jiffies]
[exit 0]
--- c2 case 3 rec 0   load 0.95 0.85 0.87
[TEST FST]
Processing dataset...
Done!
Building trie...
Done!
build time: 3291.625772 ms (3291.625772 ns per key)
space cost: 14.021067 MB (11.763764% of original size 119.188606 MB)
Querying trie...
Done!
total time: 4571.246374 ms, avg latency: 4571.246374 ns
not implemented
3291.625772,14.021067,4571.246374
[PASSED]
[time 8.86 s, user 8.64 s, sys 0.19 s, maxrss 357952 KB]
[busy 910 jiffies]
[exit 0]
--- c2 case 4 rec 0   load 1.03 0.87 0.88
[TEST COCO]
Processing dataset...
Done!
Building trie...
num nodes = 584148, average depth = 12.594651
ef = 0.000038, pa = 0.103241, bv = 0.000608, de = 0.597184
efr = 0.000176, par = 0.181430, bvr = 0.000135, der = 0.117188
Done!
build time: 44645.209545 ms (44645.209545 ns per key)
space cost: 19.697372 MB (16.526221% of original size 119.188606 MB)
Querying trie...
Done!
total time: 1411.707914 ms, avg latency: 1411.707914 ns
not implemented
44645.209545,19.697372,1411.707914
[PASSED]
[time 48.59 s, user 38.52 s, sys 9.88 s, maxrss 23292928 KB]
[busy 4998 jiffies]
[exit 0]
--- c2 case 5 rec 0   load 1.01 0.89 0.89
[TEST MARISA]
Processing dataset...
Done!
Building trie...
Done!
build time: 1620.598367 ms (1620.598367 ns per key)
space cost: 12.257486 MB (10.284109% of original size 119.188606 MB)
Querying trie...
Done!
total time: 977.794717 ms, avg latency: 977.794717 ns
not implemented
1620.598367,12.257486,977.794717
[PASSED]
[time 3.55 s, user 3.31 s, sys 0.22 s, maxrss 411736 KB]
[busy 373 jiffies]
[exit 0]
--- c2 case 5 rec 1   load 1.01 0.90 0.89
[TEST MARISA]
Processing dataset...
Done!
Building trie...
Done!
build time: 1735.716045 ms (1735.716045 ns per key)
space cost: 9.428862 MB (7.910875% of original size 119.188606 MB)
Querying trie...
Done!
total time: 1731.406669 ms, avg latency: 1731.406669 ns
not implemented
1735.716045,9.428862,1731.406669
[PASSED]
[time 4.41 s, user 4.20 s, sys 0.19 s, maxrss 411704 KB]
[busy 456 jiffies]
[exit 0]
--- c2 case 5 rec 2   load 1.01 0.90 0.89
[TEST MARISA]
Processing dataset...
Done!
Building trie...
Done!
build time: 1800.505054 ms (1800.505054 ns per key)
space cost: 9.029414 MB (7.575736% of original size 119.188606 MB)
Querying trie...
Done!
total time: 2219.398671 ms, avg latency: 2219.398671 ns
not implemented
1800.505054,9.029414,2219.398671
[PASSED]
[time 4.96 s, user 4.73 s, sys 0.21 s, maxrss 411664 KB]
[busy 512 jiffies]
[exit 0]
--- c2 case 6 rec 0   load 1.01 0.90 0.89
[TEST PDT]
Processing dataset...
Done!
Building trie...
dict size: 153672, stream size: 10323140
Done!
build time: 4699.981157 ms (4699.981157 ns per key)
space cost: 11.267526 MB (9.453526% of original size 119.188606 MB)
Querying trie...
Done!
total time: 1058.889783 ms, avg latency: 1058.889783 ns
not implemented
4699.981157,11.267526,1058.889783
[PASSED]
[time 6.76 s, user 6.44 s, sys 0.29 s, maxrss 389200 KB]
[busy 702 jiffies]
[exit 0]
--- c2 case 7 rec 0   load 1.01 0.90 0.89
[TEST ART]
Processing dataset...
Done!
Building trie...
Done!
build time: 406.832607 ms (406.832607 ns per key)
space cost: 34.675591 MB (29.093041% of original size 119.188606 MB)
Querying trie...
Done!
total time: 770.100281 ms, avg latency: 770.100281 ns
not implemented
406.832607,34.675591,770.100281
[PASSED]
[time 2.20 s, user 1.94 s, sys 0.24 s, maxrss 505844 KB]
[busy 228 jiffies]
[exit 0]
--- c2 case 8 rec 0   load 1.01 0.90 0.89
[TEST CART]
Processing dataset...
Done!
Building trie...
Done!
build time: 469.139331 ms (469.139331 ns per key)
space cost: 18.620093 MB (15.622377% of original size 119.188606 MB)
Querying trie...
Done!
total time: 835.716363 ms, avg latency: 835.716363 ns
not implemented
469.139331,18.620093,835.716363
[PASSED]
[time 2.32 s, user 2.06 s, sys 0.25 s, maxrss 496376 KB]
[busy 243 jiffies]
[exit 0]
--- xcdat 7   load 1.00 0.91 0.89
build time: 1418.020955 ms
space cost: 18.455355 MiB (15.484160% of original size 119.188606 MiB)
avg latency: 699.878435 ns
1418.020955,18.455355,699.878435
[time 3.13 s, user 2.88 s, sys 0.23 s, maxrss 362208 KB]
[busy 322 jiffies]
[exit 0]
--- xcdat 8   load 1.00 0.91 0.89
build time: 1363.752723 ms
space cost: 18.497238 MiB (15.519301% of original size 119.188606 MiB)
avg latency: 708.028989 ns
1363.752723,18.497238,708.028989
[time 3.07 s, user 2.78 s, sys 0.27 s, maxrss 362412 KB]
[busy 329 jiffies]
[exit 0]
--- xcdat 15   load 1.00 0.91 0.90
build time: 1438.667006 ms
space cost: 23.949356 MiB (20.093662% of original size 119.188606 MiB)
avg latency: 634.941719 ns
1438.667006,23.949356,634.941719
[time 3.07 s, user 2.81 s, sys 0.24 s, maxrss 368256 KB]
[busy 320 jiffies]
[exit 0]
--- xcdat 16   load 0.92 0.90 0.89
build time: 1348.837088 ms
space cost: 25.154240 MiB (21.104567% of original size 119.188606 MiB)
avg latency: 679.995207 ns
1348.837088,25.154240,679.995207
[time 3.04 s, user 2.79 s, sys 0.23 s, maxrss 368956 KB]
[busy 314 jiffies]
[exit 0]

##### pypi-full (889864 lines, 12756399 bytes)   round 3/3   2026-09-15T15:57:46+03:00
--- lexindex dict32   load 0.92 0.90 0.89
889864 keys
lexindex DictIndex block 32: build 90 ms, size 4.542 MiB (5.352 B/key), latency cold 287.0 ns, then mean 281.3 / min 280.3 ns
90.000,4.541866,286.954
[time 1.52 s, user 1.86 s, sys 0.11 s, maxrss 149680 KB]
[busy 209 jiffies]
[exit 0]
--- lexindex dict256   load 0.93 0.90 0.89
889864 keys
lexindex DictIndex block 256: build 93 ms, size 4.166 MiB (4.909 B/key), latency cold 317.7 ns, then mean 316.2 / min 312.2 ns
92.680,4.165751,317.704
[time 1.64 s, user 1.98 s, sys 0.14 s, maxrss 128316 KB]
[busy 225 jiffies]
[exit 0]
--- lexindex dict1024   load 0.93 0.90 0.89
889864 keys
lexindex DictIndex block 1024: build 103 ms, size 4.117 MiB (4.851 B/key), latency cold 364.0 ns, then mean 359.1 / min 358.5 ns
102.696,4.117012,364.010
[time 1.81 s, user 2.01 s, sys 0.10 s, maxrss 133912 KB]
[busy 224 jiffies]
[exit 0]
--- lexindex string   load 1.42 1.00 0.92
889864 keys
lexindex StringIndex: build 483 ms, size 8.484 MiB (9.998 B/key), latency cold 301.1 ns, then mean 301.2 / min 299.5 ns
483.289,8.484477,301.102
[time 1.96 s, user 1.88 s, sys 0.07 s, maxrss 121720 KB]
[busy 206 jiffies]
[exit 0]
--- c2 case 0 rec 0   load 1.30 0.98 0.92
[TEST C2-FST]
Processing dataset...
Done!
Building trie...
Done!
build time: 402.203129 ms (451.982695 ns per key)
space cost: 5.574753 MB (49.260816% of original size 11.316810 MB)
Querying trie...
Done!
total time: 317.769240 ms, avg latency: 357.098658 ns
topology: 0.851089 MB, link: 1.149713 MB, data: 3.573951 MB
--- Unary Path Analysis (FST, cutoff=4) ---
  shared unary steps in main trie: 344931
  terminal suffixes: inplace=288151 (avg len=1.99)  links=405388 (58.5% of terminal)
  link len: avg=7.08  max=176  total_chars=2869854
  link length distribution (len:count):  4:74698  5:65971  6:53798  7:40968  8:33851  9:27326  10:20764  11:16938  12:14649  13:12025  14:9410  15:7294  16:5909  17:4518  18:3598  19:2810  20:2154  21:1673  22:1340  23:1095  24:876  25:726  26:550  27:431  28:361  29:400  30:312  31:173  32:150  33:103  34:106  35:75  36:44  37:52  38:50  39:27  40:24  41:13  42:21  43:16  44:7  45:10  46:6  47:5  48:10  49:1  50:4  51:5  52:2  53:2  54:2  55:1  56:5  57:3  60:2  62:2  63:1  64:3  65:2  67:1  68:3  71:1  75:1  77:2  82:1  86:1  99:2  106:1  113:1  153:1  177:1
402.203129,5.574753,357.098658
[PASSED]
[time 1.10 s, user 1.02 s, sys 0.08 s, maxrss 129364 KB]
[busy 117 jiffies]
[exit 0]
--- c2 case 0 rec 1   load 1.30 0.98 0.92
[TEST C2-FST]
Processing dataset...
Done!
Building trie...
trie size: 1.301167 MB
Done!
build time: 463.051383 ms (520.361969 ns per key)
space cost: 5.131913 MB (45.347703% of original size 11.316810 MB)
Querying trie...
Done!
total time: 357.241973 ms, avg latency: 401.456821 ns
topology: 0.978825 MB, link: 1.146868 MB, data: 3.006221 MB
--- Unary Path Analysis (FST, cutoff=4) ---
  shared unary steps in main trie: 344931
  terminal suffixes: inplace=288151 (avg len=1.99)  links=405388 (58.5% of terminal)
  link len: avg=7.08  max=176  total_chars=2869854
  link length distribution (len:count):  4:74698  5:65971  6:53798  7:40968  8:33851  9:27326  10:20764  11:16938  12:14649  13:12025  14:9410  15:7294  16:5909  17:4518  18:3598  19:2810  20:2154  21:1673  22:1340  23:1095  24:876  25:726  26:550  27:431  28:361  29:400  30:312  31:173  32:150  33:103  34:106  35:75  36:44  37:52  38:50  39:27  40:24  41:13  42:21  43:16  44:7  45:10  46:6  47:5  48:10  49:1  50:4  51:5  52:2  53:2  54:2  55:1  56:5  57:3  60:2  62:2  63:1  64:3  65:2  67:1  68:3  71:1  75:1  77:2  82:1  86:1  99:2  106:1  113:1  153:1  177:1
463.051383,5.131913,401.456821
[PASSED]
[time 1.22 s, user 1.13 s, sys 0.07 s, maxrss 129704 KB]
[busy 129 jiffies]
[exit 0]
--- c2 case 0 rec 2   load 1.30 0.98 0.92
[TEST C2-FST]
Processing dataset...
Done!
Building trie...
trie size: 1.301167 MB
trie size: 0.188086 MB
Done!
build time: 466.865989 ms (524.648698 ns per key)
space cost: 5.131913 MB (45.347703% of original size 11.316810 MB)
Querying trie...
Done!
total time: 354.739772 ms, avg latency: 398.644930 ns
topology: 0.978825 MB, link: 1.146868 MB, data: 3.006221 MB
--- Unary Path Analysis (FST, cutoff=4) ---
  shared unary steps in main trie: 344931
  terminal suffixes: inplace=288151 (avg len=1.99)  links=405388 (58.5% of terminal)
  link len: avg=7.08  max=176  total_chars=2869854
  link length distribution (len:count):  4:74698  5:65971  6:53798  7:40968  8:33851  9:27326  10:20764  11:16938  12:14649  13:12025  14:9410  15:7294  16:5909  17:4518  18:3598  19:2810  20:2154  21:1673  22:1340  23:1095  24:876  25:726  26:550  27:431  28:361  29:400  30:312  31:173  32:150  33:103  34:106  35:75  36:44  37:52  38:50  39:27  40:24  41:13  42:21  43:16  44:7  45:10  46:6  47:5  48:10  49:1  50:4  51:5  52:2  53:2  54:2  55:1  56:5  57:3  60:2  62:2  63:1  64:3  65:2  67:1  68:3  71:1  75:1  77:2  82:1  86:1  99:2  106:1  113:1  153:1  177:1
466.865989,5.131913,398.644930
[PASSED]
[time 1.21 s, user 1.13 s, sys 0.07 s, maxrss 129608 KB]
[busy 125 jiffies]
[exit 0]
--- c2 case 1 rec 0   load 1.28 0.98 0.92
[TEST C2-CoCo(LOUDS-Sparse)]
Processing dataset...
Done!
Building trie...
Done!
build time: 1180.743166 ms (1326.880474 ns per key)
space cost: 5.902932 MB (52.160740% of original size 11.316810 MB)
Querying trie...
Done!
total time: 484.087998 ms, avg latency: 544.002227 ns
topology: 0.365089 MB, link: 1.816309 MB, data: 3.721533 MB
1180.743166,5.902932,544.002227
[PASSED]
[time 2.05 s, user 1.92 s, sys 0.12 s, maxrss 251576 KB]
[busy 217 jiffies]
[exit 0]
--- c2 case 1 rec 1   load 1.18 0.97 0.91
[TEST C2-CoCo(LOUDS-Sparse)]
Processing dataset...
Done!
Building trie...
trie size: 1.301167 MB
Done!
build time: 1235.621434 ms (1388.550873 ns per key)
space cost: 5.460092 MB (48.247627% of original size 11.316810 MB)
Querying trie...
Done!
total time: 507.590035 ms, avg latency: 570.413046 ns
topology: 0.492825 MB, link: 1.813464 MB, data: 3.153803 MB
1235.621434,5.460092,570.413046
[PASSED]
[time 2.11 s, user 1.98 s, sys 0.12 s, maxrss 251748 KB]
[busy 218 jiffies]
[exit 0]
--- c2 case 1 rec 2   load 1.18 0.97 0.91
[TEST C2-CoCo(LOUDS-Sparse)]
Processing dataset...
Done!
Building trie...
trie size: 1.301167 MB
trie size: 0.188086 MB
Done!
build time: 1253.092209 ms (1408.183957 ns per key)
space cost: 5.460092 MB (48.247627% of original size 11.316810 MB)
Querying trie...
Done!
total time: 511.216318 ms, avg latency: 574.488144 ns
topology: 0.492825 MB, link: 1.813464 MB, data: 3.153803 MB
1253.092209,5.460092,574.488144
[PASSED]
[time 2.14 s, user 2.01 s, sys 0.12 s, maxrss 251788 KB]
[busy 224 jiffies]
[exit 0]
--- c2 case 2 rec 0   load 1.16 0.97 0.91
[TEST C2-MARISA]
Processing dataset...
Done!
Building trie...
trie size: 2.034968 MB
Done!
build time: 493.949476 ms (555.084233 ns per key)
space cost: 5.148748 MB (45.496465% of original size 11.316810 MB)
Querying trie...
Done!
total time: 236.702979 ms, avg latency: 265.999050 ns
topology: 0.673512 MB, link: 1.684298 MB, data: 2.770432 MB
--- Unary Path Analysis (Marisa, cutoff=3) ---
  branches: 1290446  |  single-char: 483681 (37.5%)  short-unary: 134846 (10.4%)  links: 671919 (52.1%)
  link len: avg=7.04  max=178  total_chars=4731655
  link length distribution (len:count):  3:128200  4:106194  5:84287  6:72656  7:58516  8:44149  9:36040  10:28839  11:21753  12:17688  13:15308  14:12510  15:9745  16:7525  17:6122  18:4690  19:3698  20:2882  21:2216  22:1721  23:1367  24:1119  25:897  26:746  27:562  28:441  29:368  30:406  31:316  32:177  33:153  34:106  35:106  36:75  37:44  38:54  39:50  40:27  41:25  42:13  43:21  44:16  45:7  46:10  47:6  48:5  49:10  50:2  51:4  52:5  53:2  54:2  55:2  56:1  57:5  58:3  61:2  63:2  64:1  65:3  66:2  68:2  69:3  72:1  76:1  78:2  83:1  87:1  100:2  107:1  114:1  154:1  178:1
  short unary avg len: 2.00
493.949476,5.148748,265.999050
[PASSED]
[time 1.10 s, user 1.01 s, sys 0.08 s, maxrss 159048 KB]
[busy 119 jiffies]
[exit 0]
--- c2 case 2 rec 1   load 1.16 0.97 0.91
[TEST C2-MARISA]
Processing dataset...
Done!
Building trie...
trie size: 2.034968 MB
trie size: 2.021012 MB
Done!
build time: 560.782535 ms (630.189035 ns per key)
space cost: 4.528195 MB (40.013003% of original size 11.316810 MB)
Querying trie...
Done!
total time: 287.581532 ms, avg latency: 323.174701 ns
topology: 0.839943 MB, link: 1.648341 MB, data: 2.019403 MB
--- Unary Path Analysis (Marisa, cutoff=3) ---
  branches: 1290446  |  single-char: 483681 (37.5%)  short-unary: 134846 (10.4%)  links: 671919 (52.1%)
  link len: avg=7.04  max=178  total_chars=4731655
  link length distribution (len:count):  3:128200  4:106194  5:84287  6:72656  7:58516  8:44149  9:36040  10:28839  11:21753  12:17688  13:15308  14:12510  15:9745  16:7525  17:6122  18:4690  19:3698  20:2882  21:2216  22:1721  23:1367  24:1119  25:897  26:746  27:562  28:441  29:368  30:406  31:316  32:177  33:153  34:106  35:106  36:75  37:44  38:54  39:50  40:27  41:25  42:13  43:21  44:16  45:7  46:10  47:6  48:5  49:10  50:2  51:4  52:5  53:2  54:2  55:2  56:1  57:5  58:3  61:2  63:2  64:1  65:3  66:2  68:2  69:3  72:1  76:1  78:2  83:1  87:1  100:2  107:1  114:1  154:1  178:1
  short unary avg len: 2.00
560.782535,4.528195,323.174701
[PASSED]
[time 1.25 s, user 1.14 s, sys 0.09 s, maxrss 158984 KB]
[busy 132 jiffies]
[exit 0]
--- c2 case 2 rec 2   load 1.15 0.97 0.92
[TEST C2-MARISA]
Processing dataset...
Done!
Building trie...
trie size: 2.034968 MB
trie size: 2.021012 MB
trie size: 0.240847 MB
Done!
build time: 576.744776 ms (648.126878 ns per key)
space cost: 4.528195 MB (40.013003% of original size 11.316810 MB)
Querying trie...
Done!
total time: 290.047525 ms, avg latency: 325.945903 ns
topology: 0.839943 MB, link: 1.648341 MB, data: 2.019403 MB
--- Unary Path Analysis (Marisa, cutoff=3) ---
  branches: 1290446  |  single-char: 483681 (37.5%)  short-unary: 134846 (10.4%)  links: 671919 (52.1%)
  link len: avg=7.04  max=178  total_chars=4731655
  link length distribution (len:count):  3:128200  4:106194  5:84287  6:72656  7:58516  8:44149  9:36040  10:28839  11:21753  12:17688  13:15308  14:12510  15:9745  16:7525  17:6122  18:4690  19:3698  20:2882  21:2216  22:1721  23:1367  24:1119  25:897  26:746  27:562  28:441  29:368  30:406  31:316  32:177  33:153  34:106  35:106  36:75  37:44  38:54  39:50  40:27  41:25  42:13  43:21  44:16  45:7  46:10  47:6  48:5  49:10  50:2  51:4  52:5  53:2  54:2  55:2  56:1  57:5  58:3  61:2  63:2  64:1  65:3  66:2  68:2  69:3  72:1  76:1  78:2  83:1  87:1  100:2  107:1  114:1  154:1  178:1
  short unary avg len: 2.00
576.744776,4.528195,325.945903
[PASSED]
[time 1.26 s, user 1.14 s, sys 0.11 s, maxrss 158792 KB]
[busy 134 jiffies]
[exit 0]
--- c2 case 3 rec 0   load 1.15 0.97 0.92
[TEST FST]
Processing dataset...
Done!
Building trie...
Done!
build time: 505.491952 ms (568.055289 ns per key)
space cost: 5.878841 MB (51.947869% of original size 11.316810 MB)
Querying trie...
Done!
total time: 486.720584 ms, avg latency: 546.960641 ns
not implemented
505.491952,5.878841,546.960641
[PASSED]
[time 1.39 s, user 1.32 s, sys 0.06 s, maxrss 86732 KB]
[busy 148 jiffies]
[exit 0]
--- c2 case 4 rec 0   load 1.06 0.95 0.91
[TEST COCO]
Processing dataset...
Done!
Building trie...
num nodes = 375656, average depth = 5.235279
ef = 0.000442, pa = 0.203029, bv = 0.001044, de = 0.703223
efr = 0.002106, par = 0.078420, bvr = 0.000029, der = 0.011708
Done!
build time: 7601.371907 ms (8542.172632 ns per key)
space cost: 7.666221 MB (67.741891% of original size 11.316810 MB)
Querying trie...
Done!
total time: 439.647000 ms, avg latency: 494.060890 ns
not implemented
7601.371907,7.666221,494.060890
[PASSED]
[time 8.74 s, user 6.83 s, sys 1.87 s, maxrss 4347384 KB]
[busy 902 jiffies]
[exit 0]
--- c2 case 5 rec 0   load 0.97 0.94 0.91
[TEST MARISA]
Processing dataset...
Done!
Building trie...
Done!
build time: 371.437504 ms (417.409294 ns per key)
space cost: 5.316237 MB (46.976468% of original size 11.316810 MB)
Querying trie...
Done!
total time: 340.945454 ms, avg latency: 383.143328 ns
not implemented
371.437504,5.316237,383.143328
[PASSED]
[time 1.11 s, user 1.02 s, sys 0.08 s, maxrss 132000 KB]
[busy 120 jiffies]
[exit 0]
--- c2 case 5 rec 1   load 0.97 0.94 0.91
[TEST MARISA]
Processing dataset...
Done!
Building trie...
Done!
build time: 423.692644 ms (476.131908 ns per key)
space cost: 4.038295 MB (35.684039% of original size 11.316810 MB)
Querying trie...
Done!
total time: 446.761286 ms, avg latency: 502.055692 ns
not implemented
423.692644,4.038295,502.055692
[PASSED]
[time 1.25 s, user 1.17 s, sys 0.07 s, maxrss 132148 KB]
[busy 132 jiffies]
[exit 0]
--- c2 case 5 rec 2   load 0.97 0.94 0.91
[TEST MARISA]
Processing dataset...
Done!
Building trie...
Done!
build time: 430.480427 ms (483.759796 ns per key)
space cost: 3.830196 MB (33.845196% of original size 11.316810 MB)
Querying trie...
Done!
total time: 470.816372 ms, avg latency: 529.088009 ns
not implemented
430.480427,3.830196,529.088009
[PASSED]
[time 1.28 s, user 1.19 s, sys 0.08 s, maxrss 132116 KB]
[busy 134 jiffies]
[exit 0]
--- c2 case 6 rec 0   load 0.97 0.94 0.91
[TEST PDT]
Processing dataset...
Done!
Building trie...
dict size: 158766, stream size: 3178838
Done!
build time: 1638.011313 ms (1840.743432 ns per key)
space cost: 4.318639 MB (38.161275% of original size 11.316810 MB)
Querying trie...
Done!
total time: 459.178496 ms, avg latency: 516.009745 ns
not implemented
1638.011313,4.318639,516.009745
[PASSED]
[time 2.50 s, user 2.40 s, sys 0.09 s, maxrss 137408 KB]
[busy 262 jiffies]
[exit 0]
--- c2 case 7 rec 0   load 0.89 0.92 0.90
[TEST ART]
Processing dataset...
Done!
Building trie...
Done!
build time: 96.565692 ms (108.517360 ns per key)
space cost: 28.637695 MB (253.054493% of original size 11.316810 MB)
Querying trie...
Done!
total time: 254.592510 ms, avg latency: 286.102719 ns
not implemented
96.565692,28.637695,286.102719
[PASSED]
[time 0.74 s, user 0.66 s, sys 0.07 s, maxrss 123816 KB]
[busy 79 jiffies]
[exit 0]
--- c2 case 8 rec 0   load 0.89 0.92 0.90
[TEST CART]
Processing dataset...
Done!
Building trie...
Done!
build time: 141.953209 ms (159.522364 ns per key)
space cost: 12.686618 MB (112.104190% of original size 11.316810 MB)
Querying trie...
Done!
total time: 311.975254 ms, avg latency: 350.587566 ns
not implemented
141.953209,12.686618,350.587566
[PASSED]
[time 0.86 s, user 0.78 s, sys 0.06 s, maxrss 120732 KB]
[busy 91 jiffies]
[exit 0]
--- xcdat 7   load 0.89 0.92 0.90
build time: 370.949238 ms
space cost: 7.451407 MiB (65.843711% of original size 11.316810 MiB)
avg latency: 163.848308 ns
370.949238,7.451407,163.848308
[time 0.92 s, user 0.83 s, sys 0.08 s, maxrss 124736 KB]
[busy 98 jiffies]
[exit 0]
--- xcdat 8   load 0.90 0.92 0.90
build time: 350.986140 ms
space cost: 7.063261 MiB (62.413889% of original size 11.316810 MiB)
avg latency: 167.055779 ns
350.986140,7.063261,167.055779
[time 0.90 s, user 0.81 s, sys 0.08 s, maxrss 125104 KB]
[busy 95 jiffies]
[exit 0]
--- xcdat 15   load 0.90 0.92 0.90
build time: 366.176790 ms
space cost: 8.417356 MiB (74.379227% of original size 11.316810 MiB)
avg latency: 143.215406 ns
366.176790,8.417356,143.215406
[time 0.89 s, user 0.81 s, sys 0.07 s, maxrss 125100 KB]
[busy 95 jiffies]
[exit 0]
--- xcdat 16   load 0.83 0.91 0.90
build time: 348.975552 ms
space cost: 8.791730 MiB (77.687354% of original size 11.316810 MiB)
avg latency: 141.465875 ns
348.975552,8.791730,141.465875
[time 0.87 s, user 0.79 s, sys 0.07 s, maxrss 125180 KB]
[busy 94 jiffies]
[exit 0]

##### titles-en-1000000 (1000000 lines, 21984647 bytes)   round 3/3   2026-09-15T15:58:53+03:00
--- lexindex dict32   load 0.83 0.91 0.90
1000000 keys
lexindex DictIndex block 32: build 142 ms, size 9.430 MiB (9.888 B/key), latency cold 377.4 ns, then mean 377.9 / min 375.1 ns
141.854,9.430320,377.426
[time 2.17 s, user 2.93 s, sys 0.20 s, maxrss 186168 KB]
[busy 333 jiffies]
[exit 0]
--- lexindex dict256   load 0.84 0.91 0.90
1000000 keys
lexindex DictIndex block 256: build 149 ms, size 8.940 MiB (9.374 B/key), latency cold 407.9 ns, then mean 411.1 / min 408.1 ns
148.611,8.939933,407.859
[time 2.30 s, user 3.06 s, sys 0.19 s, maxrss 194552 KB]
[busy 348 jiffies]
[exit 0]
--- lexindex dict1024   load 0.84 0.91 0.90
1000000 keys
lexindex DictIndex block 1024: build 154 ms, size 8.882 MiB (9.313 B/key), latency cold 462.4 ns, then mean 460.2 / min 459.1 ns
153.911,8.881789,462.364
[time 2.49 s, user 2.91 s, sys 0.16 s, maxrss 179808 KB]
[busy 327 jiffies]
[exit 0]
--- lexindex string   load 0.93 0.93 0.90
1000000 keys
lexindex StringIndex: build 1009 ms, size 16.482 MiB (17.283 B/key), latency cold 478.7 ns, then mean 479.9 / min 471.4 ns
1009.227,16.482312,478.707
[time 3.42 s, user 3.31 s, sys 0.09 s, maxrss 163448 KB]
[busy 363 jiffies]
[exit 0]
--- c2 case 0 rec 0   load 1.02 0.95 0.91
[TEST C2-FST]
Processing dataset...
Done!
Building trie...
Done!
build time: 1025.679154 ms (1025.679154 ns per key)
space cost: 11.326162 MB (56.595386% of original size 20.012519 MB)
Querying trie...
Done!
total time: 470.953971 ms, avg latency: 470.953971 ns
topology: 1.047974 MB, link: 2.330659 MB, data: 7.947530 MB
--- Unary Path Analysis (FST, cutoff=4) ---
  shared unary steps in main trie: 632648
  terminal suffixes: inplace=148307 (avg len=2.14)  links=794871 (84.3% of terminal)
  link len: avg=12.03  max=232  total_chars=9558452
  link length distribution (len:count):  4:67686  5:69275  6:65423  7:58787  8:51921  9:47544  10:42795  11:38054  12:34227  13:30736  14:30694  15:28260  16:25308  17:22807  18:19264  19:17586  20:15912  21:14224  22:12066  23:10759  24:9477  25:8347  26:7925  27:7112  28:6113  29:5746  30:5072  31:4462  32:3927  33:3658  34:3228  35:2847  36:2644  37:2353  38:2038  39:1870  40:1644  41:1489  42:1315  43:1143  44:928  45:846  46:722  47:679  48:610  49:543  50:459  51:451  52:342  53:339  54:284  55:273  56:239  57:215  58:214  59:177  60:158  61:140  62:127  63:109  64:95  65:79  66:80  67:78  68:75  69:69  70:68  71:54  72:51  73:42  74:46  75:42  76:35  77:41  78:38  79:39  80:21  81:18  82:21  83:19  84:14  85:18  86:14  87:15  88:11  89:14  90:13  91:7  92:5  93:8  94:7  95:5  96:8  97:8  98:5  99:7  100:11  101:5  102:6  103:3  104:3  105:3  106:5  107:4  108:5  109:1  110:2  111:6  112:1  113:1  114:1  115:4  116:1  118:1  119:2  121:2  123:2  125:1  126:1  128:1  129:1  131:1  132:2  134:1  135:1  136:1  137:3  138:1  139:1  141:2  145:1  152:1  154:1  156:1  159:3  165:1  168:1  174:1  175:1  179:1  181:1  199:1  201:1  202:1  204:1  207:1  216:1  217:1  219:1  233:1
1025.679154,11.326162,470.953971
[PASSED]
[time 2.06 s, user 1.94 s, sys 0.11 s, maxrss 185372 KB]
[busy 216 jiffies]
[exit 0]
--- c2 case 0 rec 1   load 1.02 0.95 0.91
[TEST C2-FST]
Processing dataset...
Done!
Building trie...
trie size: 3.096522 MB
Done!
build time: 1325.642520 ms (1325.642520 ns per key)
space cost: 9.522977 MB (47.585099% of original size 20.012519 MB)
Querying trie...
Done!
total time: 589.248579 ms, avg latency: 589.248579 ns
topology: 1.448536 MB, link: 2.515947 MB, data: 5.558494 MB
--- Unary Path Analysis (FST, cutoff=4) ---
  shared unary steps in main trie: 632648
  terminal suffixes: inplace=148307 (avg len=2.14)  links=794871 (84.3% of terminal)
  link len: avg=12.03  max=232  total_chars=9558452
  link length distribution (len:count):  4:67686  5:69275  6:65423  7:58787  8:51921  9:47544  10:42795  11:38054  12:34227  13:30736  14:30694  15:28260  16:25308  17:22807  18:19264  19:17586  20:15912  21:14224  22:12066  23:10759  24:9477  25:8347  26:7925  27:7112  28:6113  29:5746  30:5072  31:4462  32:3927  33:3658  34:3228  35:2847  36:2644  37:2353  38:2038  39:1870  40:1644  41:1489  42:1315  43:1143  44:928  45:846  46:722  47:679  48:610  49:543  50:459  51:451  52:342  53:339  54:284  55:273  56:239  57:215  58:214  59:177  60:158  61:140  62:127  63:109  64:95  65:79  66:80  67:78  68:75  69:69  70:68  71:54  72:51  73:42  74:46  75:42  76:35  77:41  78:38  79:39  80:21  81:18  82:21  83:19  84:14  85:18  86:14  87:15  88:11  89:14  90:13  91:7  92:5  93:8  94:7  95:5  96:8  97:8  98:5  99:7  100:11  101:5  102:6  103:3  104:3  105:3  106:5  107:4  108:5  109:1  110:2  111:6  112:1  113:1  114:1  115:4  116:1  118:1  119:2  121:2  123:2  125:1  126:1  128:1  129:1  131:1  132:2  134:1  135:1  136:1  137:3  138:1  139:1  141:2  145:1  152:1  154:1  156:1  159:3  165:1  168:1  174:1  175:1  179:1  181:1  199:1  201:1  202:1  204:1  207:1  216:1  217:1  219:1  233:1
1325.642520,9.522977,589.248579
[PASSED]
[time 2.49 s, user 2.34 s, sys 0.13 s, maxrss 180960 KB]
[busy 260 jiffies]
[exit 0]
--- c2 case 0 rec 2   load 1.02 0.95 0.91
[TEST C2-FST]
Processing dataset...
Done!
Building trie...
trie size: 3.096522 MB
trie size: 0.887704 MB
Done!
build time: 1457.041038 ms (1457.041038 ns per key)
space cost: 9.522977 MB (47.585099% of original size 20.012519 MB)
Querying trie...
Done!
total time: 590.478068 ms, avg latency: 590.478068 ns
topology: 1.448536 MB, link: 2.515947 MB, data: 5.558494 MB
--- Unary Path Analysis (FST, cutoff=4) ---
  shared unary steps in main trie: 632648
  terminal suffixes: inplace=148307 (avg len=2.14)  links=794871 (84.3% of terminal)
  link len: avg=12.03  max=232  total_chars=9558452
  link length distribution (len:count):  4:67686  5:69275  6:65423  7:58787  8:51921  9:47544  10:42795  11:38054  12:34227  13:30736  14:30694  15:28260  16:25308  17:22807  18:19264  19:17586  20:15912  21:14224  22:12066  23:10759  24:9477  25:8347  26:7925  27:7112  28:6113  29:5746  30:5072  31:4462  32:3927  33:3658  34:3228  35:2847  36:2644  37:2353  38:2038  39:1870  40:1644  41:1489  42:1315  43:1143  44:928  45:846  46:722  47:679  48:610  49:543  50:459  51:451  52:342  53:339  54:284  55:273  56:239  57:215  58:214  59:177  60:158  61:140  62:127  63:109  64:95  65:79  66:80  67:78  68:75  69:69  70:68  71:54  72:51  73:42  74:46  75:42  76:35  77:41  78:38  79:39  80:21  81:18  82:21  83:19  84:14  85:18  86:14  87:15  88:11  89:14  90:13  91:7  92:5  93:8  94:7  95:5  96:8  97:8  98:5  99:7  100:11  101:5  102:6  103:3  104:3  105:3  106:5  107:4  108:5  109:1  110:2  111:6  112:1  113:1  114:1  115:4  116:1  118:1  119:2  121:2  123:2  125:1  126:1  128:1  129:1  131:1  132:2  134:1  135:1  136:1  137:3  138:1  139:1  141:2  145:1  152:1  154:1  156:1  159:3  165:1  168:1  174:1  175:1  179:1  181:1  199:1  201:1  202:1  204:1  207:1  216:1  217:1  219:1  233:1
1457.041038,9.522977,590.478068
[PASSED]
[time 2.62 s, user 2.47 s, sys 0.14 s, maxrss 181036 KB]
[busy 273 jiffies]
[exit 0]
--- c2 case 1 rec 0   load 1.10 0.97 0.92
[TEST C2-CoCo(LOUDS-Sparse)]
Processing dataset...
Done!
Building trie...
Done!
build time: 2101.069449 ms (2101.069449 ns per key)
space cost: 12.265971 MB (61.291488% of original size 20.012519 MB)
Querying trie...
Done!
total time: 722.651081 ms, avg latency: 722.651081 ns
topology: 0.432648 MB, link: 3.282862 MB, data: 8.550461 MB
2101.069449,12.265971,722.651081
[PASSED]
[time 3.38 s, user 3.20 s, sys 0.17 s, maxrss 358424 KB]
[busy 350 jiffies]
[exit 0]
--- c2 case 1 rec 1   load 1.17 0.98 0.92
[TEST C2-CoCo(LOUDS-Sparse)]
Processing dataset...
Done!
Building trie...
trie size: 3.096522 MB
Done!
build time: 2398.400759 ms (2398.400759 ns per key)
space cost: 10.462785 MB (52.281201% of original size 20.012519 MB)
Querying trie...
Done!
total time: 851.413166 ms, avg latency: 851.413166 ns
topology: 0.833210 MB, link: 3.468150 MB, data: 6.161425 MB
2398.400759,10.462785,851.413166
[PASSED]
[time 3.81 s, user 3.61 s, sys 0.19 s, maxrss 344876 KB]
[busy 397 jiffies]
[exit 0]
--- c2 case 1 rec 2   load 1.16 0.98 0.92
[TEST C2-CoCo(LOUDS-Sparse)]
Processing dataset...
Done!
Building trie...
trie size: 3.096522 MB
trie size: 0.887704 MB
Done!
build time: 2518.986801 ms (2518.986801 ns per key)
space cost: 10.462785 MB (52.281201% of original size 20.012519 MB)
Querying trie...
Done!
total time: 844.526396 ms, avg latency: 844.526396 ns
topology: 0.833210 MB, link: 3.468150 MB, data: 6.161425 MB
2518.986801,10.462785,844.526396
[PASSED]
[time 3.94 s, user 3.74 s, sys 0.18 s, maxrss 345056 KB]
[busy 409 jiffies]
[exit 0]
--- c2 case 2 rec 0   load 1.06 0.97 0.92
[TEST C2-MARISA]
Processing dataset...
Done!
Building trie...
trie size: 2.238578 MB
Done!
build time: 1024.309631 ms (1024.309631 ns per key)
space cost: 10.766413 MB (53.798389% of original size 20.012519 MB)
Querying trie...
Done!
total time: 365.354666 ms, avg latency: 365.354666 ns
topology: 0.741383 MB, link: 2.768053 MB, data: 7.236469 MB
--- Unary Path Analysis (Marisa, cutoff=3) ---
  branches: 1523874  |  single-char: 417651 (27.4%)  short-unary: 97461 (6.4%)  links: 1008762 (66.2%)
  link len: avg=12.11  max=234  total_chars=12215333
  link length distribution (len:count):  3:76859  4:82017  5:81216  6:79010  7:72564  8:64127  9:55531  10:50303  11:44703  12:39548  13:35394  14:31778  15:31462  16:28952  17:25995  18:23521  19:19840  20:18044  21:16382  22:14569  23:12399  24:11015  25:9715  26:8556  27:8141  28:7267  29:6255  30:5853  31:5207  32:4578  33:4049  34:3736  35:3293  36:2910  37:2688  38:2423  39:2074  40:1908  41:1670  42:1511  43:1333  44:1158  45:939  46:855  47:728  48:689  49:615  50:544  51:465  52:457  53:344  54:344  55:284  56:276  57:242  58:216  59:216  60:177  61:159  62:140  63:127  64:109  65:95  66:79  67:80  68:79  69:75  70:69  71:69  72:55  73:51  74:42  75:46  76:42  77:35  78:41  79:38  80:39  81:21  82:18  83:21  84:19  85:14  86:18  87:14  88:15  89:11  90:14  91:13  92:7  93:5  94:8  95:7  96:5  97:9  98:8  99:5  100:7  101:11  102:5  103:6  104:3  105:3  106:3  107:5  108:4  109:5  110:1  111:2  112:6  113:1  114:1  115:1  116:4  117:1  119:1  120:2  122:2  124:2  126:1  127:1  129:1  130:1  132:1  133:2  135:1  136:1  137:1  138:3  139:1  140:1  142:2  146:1  153:1  155:1  157:1  160:3  166:1  169:1  175:1  176:1  180:1  182:1  200:1  202:1  203:1  205:1  208:1  217:1  218:1  220:1  234:1
  short unary avg len: 2.00
1024.309631,10.766413,365.354666
[PASSED]
[time 1.95 s, user 1.81 s, sys 0.13 s, maxrss 201584 KB]
[busy 202 jiffies]
[exit 0]
--- c2 case 2 rec 1   load 1.06 0.97 0.92
[TEST C2-MARISA]
Processing dataset...
Done!
Building trie...
trie size: 2.238578 MB
trie size: 3.821277 MB
Done!
build time: 1383.858058 ms (1383.858058 ns per key)
space cost: 8.586061 MB (42.903452% of original size 20.012519 MB)
Querying trie...
Done!
total time: 490.692476 ms, avg latency: 490.692476 ns
topology: 1.213478 MB, link: 2.963206 MB, data: 4.388869 MB
--- Unary Path Analysis (Marisa, cutoff=3) ---
  branches: 1523874  |  single-char: 417651 (27.4%)  short-unary: 97461 (6.4%)  links: 1008762 (66.2%)
  link len: avg=12.11  max=234  total_chars=12215333
  link length distribution (len:count):  3:76859  4:82017  5:81216  6:79010  7:72564  8:64127  9:55531  10:50303  11:44703  12:39548  13:35394  14:31778  15:31462  16:28952  17:25995  18:23521  19:19840  20:18044  21:16382  22:14569  23:12399  24:11015  25:9715  26:8556  27:8141  28:7267  29:6255  30:5853  31:5207  32:4578  33:4049  34:3736  35:3293  36:2910  37:2688  38:2423  39:2074  40:1908  41:1670  42:1511  43:1333  44:1158  45:939  46:855  47:728  48:689  49:615  50:544  51:465  52:457  53:344  54:344  55:284  56:276  57:242  58:216  59:216  60:177  61:159  62:140  63:127  64:109  65:95  66:79  67:80  68:79  69:75  70:69  71:69  72:55  73:51  74:42  75:46  76:42  77:35  78:41  79:38  80:39  81:21  82:18  83:21  84:19  85:14  86:18  87:14  88:15  89:11  90:14  91:13  92:7  93:5  94:8  95:7  96:5  97:9  98:8  99:5  100:7  101:11  102:5  103:6  104:3  105:3  106:3  107:5  108:4  109:5  110:1  111:2  112:6  113:1  114:1  115:1  116:4  117:1  119:1  120:2  122:2  124:2  126:1  127:1  129:1  130:1  132:1  133:2  135:1  136:1  137:1  138:3  139:1  140:1  142:2  146:1  153:1  155:1  157:1  160:3  166:1  169:1  175:1  176:1  180:1  182:1  200:1  202:1  203:1  205:1  208:1  217:1  218:1  220:1  234:1
  short unary avg len: 2.00
1383.858058,8.586061,490.692476
[PASSED]
[time 2.45 s, user 2.29 s, sys 0.15 s, maxrss 196932 KB]
[busy 260 jiffies]
[exit 0]
--- c2 case 2 rec 2   load 1.06 0.97 0.92
[TEST C2-MARISA]
Processing dataset...
Done!
Building trie...
trie size: 2.238578 MB
trie size: 3.821277 MB
trie size: 1.037524 MB
Done!
build time: 1533.060277 ms (1533.060277 ns per key)
space cost: 8.586061 MB (42.903452% of original size 20.012519 MB)
Querying trie...
Done!
total time: 494.197332 ms, avg latency: 494.197332 ns
topology: 1.213478 MB, link: 2.963206 MB, data: 4.388869 MB
--- Unary Path Analysis (Marisa, cutoff=3) ---
  branches: 1523874  |  single-char: 417651 (27.4%)  short-unary: 97461 (6.4%)  links: 1008762 (66.2%)
  link len: avg=12.11  max=234  total_chars=12215333
  link length distribution (len:count):  3:76859  4:82017  5:81216  6:79010  7:72564  8:64127  9:55531  10:50303  11:44703  12:39548  13:35394  14:31778  15:31462  16:28952  17:25995  18:23521  19:19840  20:18044  21:16382  22:14569  23:12399  24:11015  25:9715  26:8556  27:8141  28:7267  29:6255  30:5853  31:5207  32:4578  33:4049  34:3736  35:3293  36:2910  37:2688  38:2423  39:2074  40:1908  41:1670  42:1511  43:1333  44:1158  45:939  46:855  47:728  48:689  49:615  50:544  51:465  52:457  53:344  54:344  55:284  56:276  57:242  58:216  59:216  60:177  61:159  62:140  63:127  64:109  65:95  66:79  67:80  68:79  69:75  70:69  71:69  72:55  73:51  74:42  75:46  76:42  77:35  78:41  79:38  80:39  81:21  82:18  83:21  84:19  85:14  86:18  87:14  88:15  89:11  90:14  91:13  92:7  93:5  94:8  95:7  96:5  97:9  98:8  99:5  100:7  101:11  102:5  103:6  104:3  105:3  106:3  107:5  108:4  109:5  110:1  111:2  112:6  113:1  114:1  115:1  116:4  117:1  119:1  120:2  122:2  124:2  126:1  127:1  129:1  130:1  132:1  133:2  135:1  136:1  137:1  138:3  139:1  140:1  142:2  146:1  153:1  155:1  157:1  160:3  166:1  169:1  175:1  176:1  180:1  182:1  200:1  202:1  203:1  205:1  208:1  217:1  218:1  220:1  234:1
  short unary avg len: 2.00
1533.060277,8.586061,494.197332
[PASSED]
[time 2.60 s, user 2.45 s, sys 0.14 s, maxrss 197008 KB]
[busy 269 jiffies]
[exit 0]
--- c2 case 3 rec 0   load 1.05 0.97 0.92
[TEST FST]
Processing dataset...
Done!
Building trie...
Done!
build time: 789.687923 ms (789.687923 ns per key)
space cost: 12.223534 MB (61.079436% of original size 20.012519 MB)
Querying trie...
Done!
total time: 670.082834 ms, avg latency: 670.082834 ns
not implemented
789.687923,12.223534,670.082834
[PASSED]
[time 2.04 s, user 1.95 s, sys 0.07 s, maxrss 131088 KB]
[busy 212 jiffies]
[exit 0]
--- c2 case 4 rec 0   skipped: exit 134 in round 1
--- c2 case 5 rec 0   load 1.05 0.97 0.92
[TEST MARISA]
Processing dataset...
Done!
Building trie...
Done!
build time: 597.553582 ms (597.553582 ns per key)
space cost: 12.537066 MB (62.646119% of original size 20.012519 MB)
Querying trie...
Done!
total time: 502.921182 ms, avg latency: 502.921182 ns
not implemented
597.553582,12.537066,502.921182
[PASSED]
[time 1.67 s, user 1.53 s, sys 0.13 s, maxrss 194812 KB]
[busy 176 jiffies]
[exit 0]
--- c2 case 5 rec 1   load 1.05 0.97 0.92
[TEST MARISA]
Processing dataset...
Done!
Building trie...
Done!
build time: 758.855052 ms (758.855052 ns per key)
space cost: 8.680676 MB (43.376231% of original size 20.012519 MB)
Querying trie...
Done!
total time: 780.045607 ms, avg latency: 780.045607 ns
not implemented
758.855052,8.680676,780.045607
[PASSED]
[time 2.11 s, user 1.96 s, sys 0.14 s, maxrss 195128 KB]
[busy 225 jiffies]
[exit 0]
--- c2 case 5 rec 2   load 1.05 0.97 0.92
[TEST MARISA]
Processing dataset...
Done!
Building trie...
Done!
build time: 807.009959 ms (807.009959 ns per key)
space cost: 7.806685 MB (39.009010% of original size 20.012519 MB)
Querying trie...
Done!
total time: 874.078210 ms, avg latency: 874.078210 ns
not implemented
807.009959,7.806685,874.078210
[PASSED]
[time 2.26 s, user 2.12 s, sys 0.12 s, maxrss 195172 KB]
[busy 236 jiffies]
[exit 0]
--- c2 case 6 rec 0   load 1.04 0.97 0.92
[TEST PDT]
Processing dataset...
Done!
Building trie...
dict size: 157446, stream size: 7395682
Done!
build time: 3401.374914 ms (3401.374914 ns per key)
space cost: 8.479283 MB (42.369895% of original size 20.012519 MB)
Querying trie...
Done!
total time: 642.621247 ms, avg latency: 642.621247 ns
not implemented
3401.374914,8.479283,642.621247
[PASSED]
[time 4.62 s, user 4.43 s, sys 0.17 s, maxrss 256692 KB]
[busy 482 jiffies]
[exit 0]
--- c2 case 7 rec 0   load 1.04 0.97 0.92
[TEST ART]
Processing dataset...
Done!
Building trie...
Done!
build time: 161.972091 ms (161.972091 ns per key)
space cost: 32.696541 MB (163.380437% of original size 20.012519 MB)
Querying trie...
Done!
total time: 386.649546 ms, avg latency: 386.649546 ns
not implemented
161.972091,32.696541,386.649546
[PASSED]
[time 1.13 s, user 1.02 s, sys 0.10 s, maxrss 176088 KB]
[busy 121 jiffies]
[exit 0]
--- c2 case 8 rec 0   load 0.96 0.95 0.92
[TEST CART]
Processing dataset...
Done!
Building trie...
Done!
build time: 208.967528 ms (208.967528 ns per key)
space cost: 14.850546 MB (74.206280% of original size 20.012519 MB)
Querying trie...
Done!
total time: 454.563115 ms, avg latency: 454.563115 ns
not implemented
208.967528,14.850546,454.563115
[PASSED]
[time 1.25 s, user 1.15 s, sys 0.09 s, maxrss 163532 KB]
[busy 134 jiffies]
[exit 0]
--- xcdat 7   load 0.96 0.95 0.92
build time: 636.092330 ms
space cost: 14.813288 MiB (74.020106% of original size 20.012519 MiB)
avg latency: 261.441428 ns
636.092330,14.813288,261.441428
[time 1.49 s, user 1.37 s, sys 0.10 s, maxrss 161600 KB]
[busy 160 jiffies]
[exit 0]
--- xcdat 8   load 0.88 0.94 0.91
build time: 601.976672 ms
space cost: 14.333878 MiB (71.624555% of original size 20.012519 MiB)
avg latency: 250.570574 ns
601.976672,14.333878,250.570574
[time 1.44 s, user 1.32 s, sys 0.11 s, maxrss 161180 KB]
[busy 151 jiffies]
[exit 0]
--- xcdat 15   load 0.88 0.94 0.91
build time: 635.517300 ms
space cost: 16.333202 MiB (81.614925% of original size 20.012519 MiB)
avg latency: 244.387326 ns
635.517300,16.333202,244.387326
[time 1.47 s, user 1.36 s, sys 0.10 s, maxrss 163732 KB]
[busy 158 jiffies]
[exit 0]
--- xcdat 16   load 0.81 0.92 0.90
build time: 602.261277 ms
space cost: 16.875467 MiB (84.324554% of original size 20.012519 MiB)
avg latency: 250.921543 ns
602.261277,16.875467,250.921543
[time 1.44 s, user 1.32 s, sys 0.11 s, maxrss 164664 KB]
[busy 152 jiffies]
[exit 0]

##### titles-ru-1000000 (1000000 lines, 36819661 bytes)   round 3/3   2026-09-15T16:00:15+03:00
--- lexindex dict32   load 0.81 0.92 0.90
1000000 keys
lexindex DictIndex block 32: build 126 ms, size 11.654 MiB (12.220 B/key), latency cold 472.3 ns, then mean 463.3 / min 460.5 ns
125.727,11.653975,472.307
[time 2.58 s, user 3.10 s, sys 0.16 s, maxrss 229376 KB]
[busy 350 jiffies]
[exit 0]
--- lexindex dict256   load 0.83 0.92 0.91
1000000 keys
lexindex DictIndex block 256: build 130 ms, size 10.838 MiB (11.364 B/key), latency cold 481.0 ns, then mean 480.9 / min 479.1 ns
129.736,10.837878,480.952
[time 2.64 s, user 3.17 s, sys 0.16 s, maxrss 225968 KB]
[busy 355 jiffies]
[exit 0]
--- lexindex dict1024   load 0.76 0.91 0.90
1000000 keys
lexindex DictIndex block 1024: build 140 ms, size 10.749 MiB (11.271 B/key), latency cold 540.3 ns, then mean 541.4 / min 539.3 ns
140.002,10.748507,540.301
[time 2.90 s, user 3.28 s, sys 0.14 s, maxrss 217640 KB]
[busy 364 jiffies]
[exit 0]
--- lexindex string   load 0.76 0.91 0.90
1000000 keys
lexindex StringIndex: build 1475 ms, size 30.276 MiB (31.746 B/key), latency cold 733.3 ns, then mean 715.2 / min 713.9 ns
1475.252,30.275526,733.298
[time 4.92 s, user 4.79 s, sys 0.11 s, maxrss 212368 KB]
[busy 514 jiffies]
[exit 0]
--- c2 case 0 rec 0   load 0.72 0.90 0.90
[TEST C2-FST]
Processing dataset...
Done!
Building trie...
Done!
build time: 1288.326961 ms (1288.326961 ns per key)
space cost: 13.454716 MB (39.387006% of original size 34.160291 MB)
Querying trie...
Done!
total time: 743.702060 ms, avg latency: 743.702060 ns
topology: 1.316696 MB, link: 2.448647 MB, data: 9.689372 MB
--- Unary Path Analysis (FST, cutoff=4) ---
  shared unary steps in main trie: 1444849
  terminal suffixes: inplace=70261 (avg len=2.02)  links=837902 (92.3% of terminal)
  link len: avg=18.90  max=238  total_chars=15835418
  link length distribution (len:count):  4:38002  5:25136  6:46678  7:25626  8:51081  9:27061  10:49555  11:26346  12:44099  13:24737  14:35638  15:24081  16:29538  17:19279  18:25434  19:16078  20:16463  21:14405  22:12877  23:14367  24:11738  25:15079  26:11391  27:16946  28:11354  29:17411  30:12058  31:16873  32:11600  33:15555  34:11210  35:12790  36:9994  37:10106  38:7923  39:7962  40:6648  41:5829  42:4930  43:4945  44:3895  45:3528  46:3382  47:2749  48:2598  49:2269  50:2117  51:1901  52:1753  53:1665  54:1553  55:1449  56:1305  57:1145  58:1092  59:1004  60:875  61:848  62:788  63:815  64:741  65:605  66:640  67:594  68:554  69:512  70:530  71:482  72:415  73:428  74:424  75:368  76:310  77:349  78:289  79:299  80:274  81:267  82:209  83:198  84:204  85:187  86:188  87:169  88:154  89:148  90:143  91:149  92:108  93:110  94:105  95:111  96:95  97:79  98:91  99:85  100:98  101:68  102:61  103:57  104:50  105:52  106:54  107:61  108:50  109:62  110:44  111:43  112:42  113:44  114:37  115:29  116:42  117:29  118:35  119:28  120:37  121:28  122:24  123:19  124:19  125:31  126:29  127:26  128:15  129:19  130:30  131:11  132:22  133:9  134:11  135:14  136:17  137:15  138:6  139:7  140:14  141:16  142:8  143:9  144:14  145:12  146:8  147:11  148:7  149:9  150:6  151:12  152:9  153:13  154:7  155:5  156:6  157:3  158:8  159:4  160:7  161:11  162:5  163:11  164:3  165:5  166:7  167:4  168:4  169:6  170:3  171:4  172:3  173:9  174:4  175:1  176:4  177:5  178:6  179:4  180:4  181:2  182:6  183:7  184:4  185:2  186:3  187:2  188:2  190:1  191:1  192:3  193:3  194:2  196:2  197:2  198:4  200:1  202:1  205:2  207:2  208:1  210:2  212:2  213:1  217:2  218:2  220:1  222:1  228:2  234:1  239:1
1288.326961,13.454716,743.702060
[PASSED]
[time 2.72 s, user 2.57 s, sys 0.13 s, maxrss 226752 KB]
[busy 282 jiffies]
[exit 0]
--- c2 case 0 rec 1   load 0.72 0.90 0.90
[TEST C2-FST]
Processing dataset...
Done!
Building trie...
trie size: 3.233313 MB
Done!
build time: 1669.787061 ms (1669.787061 ns per key)
space cost: 10.950089 MB (32.055021% of original size 34.160291 MB)
Querying trie...
Done!
total time: 725.633320 ms, avg latency: 725.633320 ns
topology: 1.728611 MB, link: 2.656099 MB, data: 6.565378 MB
--- Unary Path Analysis (FST, cutoff=4) ---
  shared unary steps in main trie: 1444849
  terminal suffixes: inplace=70261 (avg len=2.02)  links=837902 (92.3% of terminal)
  link len: avg=18.90  max=238  total_chars=15835418
  link length distribution (len:count):  4:38002  5:25136  6:46678  7:25626  8:51081  9:27061  10:49555  11:26346  12:44099  13:24737  14:35638  15:24081  16:29538  17:19279  18:25434  19:16078  20:16463  21:14405  22:12877  23:14367  24:11738  25:15079  26:11391  27:16946  28:11354  29:17411  30:12058  31:16873  32:11600  33:15555  34:11210  35:12790  36:9994  37:10106  38:7923  39:7962  40:6648  41:5829  42:4930  43:4945  44:3895  45:3528  46:3382  47:2749  48:2598  49:2269  50:2117  51:1901  52:1753  53:1665  54:1553  55:1449  56:1305  57:1145  58:1092  59:1004  60:875  61:848  62:788  63:815  64:741  65:605  66:640  67:594  68:554  69:512  70:530  71:482  72:415  73:428  74:424  75:368  76:310  77:349  78:289  79:299  80:274  81:267  82:209  83:198  84:204  85:187  86:188  87:169  88:154  89:148  90:143  91:149  92:108  93:110  94:105  95:111  96:95  97:79  98:91  99:85  100:98  101:68  102:61  103:57  104:50  105:52  106:54  107:61  108:50  109:62  110:44  111:43  112:42  113:44  114:37  115:29  116:42  117:29  118:35  119:28  120:37  121:28  122:24  123:19  124:19  125:31  126:29  127:26  128:15  129:19  130:30  131:11  132:22  133:9  134:11  135:14  136:17  137:15  138:6  139:7  140:14  141:16  142:8  143:9  144:14  145:12  146:8  147:11  148:7  149:9  150:6  151:12  152:9  153:13  154:7  155:5  156:6  157:3  158:8  159:4  160:7  161:11  162:5  163:11  164:3  165:5  166:7  167:4  168:4  169:6  170:3  171:4  172:3  173:9  174:4  175:1  176:4  177:5  178:6  179:4  180:4  181:2  182:6  183:7  184:4  185:2  186:3  187:2  188:2  190:1  191:1  192:3  193:3  194:2  196:2  197:2  198:4  200:1  202:1  205:2  207:2  208:1  210:2  212:2  213:1  217:2  218:2  220:1  222:1  228:2  234:1  239:1
1669.787061,10.950089,725.633320
[PASSED]
[time 3.12 s, user 2.97 s, sys 0.13 s, maxrss 215436 KB]
[busy 322 jiffies]
[exit 0]
--- c2 case 0 rec 2   load 0.74 0.90 0.90
[TEST C2-FST]
Processing dataset...
Done!
Building trie...
trie size: 3.233313 MB
trie size: 0.910584 MB
Done!
build time: 1792.853621 ms (1792.853621 ns per key)
space cost: 10.950089 MB (32.055021% of original size 34.160291 MB)
Querying trie...
Done!
total time: 740.589363 ms, avg latency: 740.589363 ns
topology: 1.728611 MB, link: 2.656099 MB, data: 6.565378 MB
--- Unary Path Analysis (FST, cutoff=4) ---
  shared unary steps in main trie: 1444849
  terminal suffixes: inplace=70261 (avg len=2.02)  links=837902 (92.3% of terminal)
  link len: avg=18.90  max=238  total_chars=15835418
  link length distribution (len:count):  4:38002  5:25136  6:46678  7:25626  8:51081  9:27061  10:49555  11:26346  12:44099  13:24737  14:35638  15:24081  16:29538  17:19279  18:25434  19:16078  20:16463  21:14405  22:12877  23:14367  24:11738  25:15079  26:11391  27:16946  28:11354  29:17411  30:12058  31:16873  32:11600  33:15555  34:11210  35:12790  36:9994  37:10106  38:7923  39:7962  40:6648  41:5829  42:4930  43:4945  44:3895  45:3528  46:3382  47:2749  48:2598  49:2269  50:2117  51:1901  52:1753  53:1665  54:1553  55:1449  56:1305  57:1145  58:1092  59:1004  60:875  61:848  62:788  63:815  64:741  65:605  66:640  67:594  68:554  69:512  70:530  71:482  72:415  73:428  74:424  75:368  76:310  77:349  78:289  79:299  80:274  81:267  82:209  83:198  84:204  85:187  86:188  87:169  88:154  89:148  90:143  91:149  92:108  93:110  94:105  95:111  96:95  97:79  98:91  99:85  100:98  101:68  102:61  103:57  104:50  105:52  106:54  107:61  108:50  109:62  110:44  111:43  112:42  113:44  114:37  115:29  116:42  117:29  118:35  119:28  120:37  121:28  122:24  123:19  124:19  125:31  126:29  127:26  128:15  129:19  130:30  131:11  132:22  133:9  134:11  135:14  136:17  137:15  138:6  139:7  140:14  141:16  142:8  143:9  144:14  145:12  146:8  147:11  148:7  149:9  150:6  151:12  152:9  153:13  154:7  155:5  156:6  157:3  158:8  159:4  160:7  161:11  162:5  163:11  164:3  165:5  166:7  167:4  168:4  169:6  170:3  171:4  172:3  173:9  174:4  175:1  176:4  177:5  178:6  179:4  180:4  181:2  182:6  183:7  184:4  185:2  186:3  187:2  188:2  190:1  191:1  192:3  193:3  194:2  196:2  197:2  198:4  200:1  202:1  205:2  207:2  208:1  210:2  212:2  213:1  217:2  218:2  220:1  222:1  228:2  234:1  239:1
1792.853621,10.950089,740.589363
[PASSED]
[time 3.26 s, user 3.11 s, sys 0.13 s, maxrss 215216 KB]
[busy 338 jiffies]
[exit 0]
--- c2 case 1 rec 0   load 0.76 0.90 0.90
[TEST C2-CoCo(LOUDS-Sparse)]
Processing dataset...
Done!
Building trie...
Done!
build time: 3431.853751 ms (3431.853751 ns per key)
space cost: 14.618523 MB (42.793905% of original size 34.160291 MB)
Querying trie...
Done!
total time: 990.339216 ms, avg latency: 990.339216 ns
topology: 0.472511 MB, link: 3.816133 MB, data: 10.329878 MB
3431.853751,14.618523,990.339216
[PASSED]
[time 5.12 s, user 4.88 s, sys 0.22 s, maxrss 445604 KB]
[busy 535 jiffies]
[exit 0]
--- c2 case 1 rec 1   load 0.78 0.90 0.90
[TEST C2-CoCo(LOUDS-Sparse)]
Processing dataset...
Done!
Building trie...
trie size: 3.233313 MB
Done!
build time: 3847.941886 ms (3847.941886 ns per key)
space cost: 12.113895 MB (35.461921% of original size 34.160291 MB)
Querying trie...
Done!
total time: 1041.575660 ms, avg latency: 1041.575660 ns
topology: 0.884426 MB, link: 4.023585 MB, data: 7.205884 MB
3847.941886,12.113895,1041.575660
[PASSED]
[time 5.59 s, user 5.34 s, sys 0.23 s, maxrss 432568 KB]
[busy 580 jiffies]
[exit 0]
--- c2 case 1 rec 2   load 0.73 0.89 0.90
[TEST C2-CoCo(LOUDS-Sparse)]
Processing dataset...
Done!
Building trie...
trie size: 3.233313 MB
trie size: 0.910584 MB
Done!
build time: 3997.789372 ms (3997.789372 ns per key)
space cost: 12.113895 MB (35.461921% of original size 34.160291 MB)
Querying trie...
Done!
total time: 1020.679508 ms, avg latency: 1020.679508 ns
topology: 0.884426 MB, link: 4.023585 MB, data: 7.205884 MB
3997.789372,12.113895,1020.679508
[PASSED]
[time 5.73 s, user 5.46 s, sys 0.24 s, maxrss 432516 KB]
[busy 593 jiffies]
[exit 0]
--- c2 case 2 rec 0   load 0.75 0.89 0.90
[TEST C2-MARISA]
Processing dataset...
Done!
Building trie...
trie size: 2.484302 MB
Done!
build time: 1206.461974 ms (1206.461974 ns per key)
space cost: 12.012337 MB (35.164621% of original size 34.160291 MB)
Querying trie...
Done!
total time: 536.116820 ms, avg latency: 536.116820 ns
topology: 0.823292 MB, link: 2.965906 MB, data: 8.202631 MB
--- Unary Path Analysis (Marisa, cutoff=3) ---
  branches: 1657128  |  single-char: 447774 (27.0%)  short-unary: 128432 (7.8%)  links: 1080922 (65.2%)
  link len: avg=17.77  max=240  total_chars=19212544
  link length distribution (len:count):  3:87321  4:48292  5:58975  6:36358  7:58121  8:33015  9:59626  10:32247  11:55687  12:30072  13:49121  14:27545  15:39628  16:26319  17:32373  18:20972  19:27510  20:17247  21:17760  22:15297  23:13707  24:14933  25:12396  26:15583  27:11863  28:17395  29:11704  30:17896  31:12395  32:17216  33:11862  34:15819  35:11459  36:13046  37:10194  38:10344  39:8104  40:8139  41:6769  42:6000  43:5033  44:5077  45:3963  46:3720  47:3456  48:2871  49:2663  50:2321  51:2168  52:1981  53:1813  54:1693  55:1597  56:1488  57:1344  58:1172  59:1122  60:1025  61:904  62:871  63:814  64:834  65:767  66:626  67:663  68:607  69:568  70:524  71:545  72:489  73:428  74:436  75:441  76:375  77:319  78:357  79:299  80:304  81:282  82:274  83:213  84:203  85:208  86:189  87:193  88:179  89:159  90:153  91:146  92:153  93:110  94:115  95:107  96:113  97:98  98:81  99:92  100:91  101:100  102:69  103:62  104:60  105:53  106:53  107:55  108:63  109:50  110:63  111:44  112:45  113:43  114:49  115:38  116:32  117:45  118:31  119:36  120:28  121:37  122:28  123:24  124:20  125:19  126:32  127:29  128:26  129:15  130:19  131:30  132:11  133:22  134:9  135:11  136:14  137:18  138:15  139:6  140:8  141:14  142:16  143:8  144:10  145:14  146:12  147:8  148:11  149:7  150:9  151:6  152:12  153:9  154:13  155:7  156:5  157:6  158:3  159:8  160:4  161:7  162:11  163:6  164:11  165:3  166:5  167:7  168:4  169:5  170:6  171:3  172:4  173:3  174:9  175:4  176:1  177:4  178:5  179:7  180:4  181:4  182:2  183:6  184:7  185:4  186:2  187:3  188:2  189:2  191:1  192:1  193:3  194:3  195:2  197:2  198:2  199:4  201:1  203:1  206:2  208:2  209:1  211:2  213:2  214:1  218:2  219:2  221:1  223:1  229:2  235:1  240:1
  short unary avg len: 2.00
1206.461974,12.012337,536.116820
[PASSED]
[time 2.45 s, user 2.30 s, sys 0.14 s, maxrss 243224 KB]
[busy 258 jiffies]
[exit 0]
--- c2 case 2 rec 1   load 0.69 0.88 0.89
[TEST C2-MARISA]
Processing dataset...
Done!
Building trie...
trie size: 2.484302 MB
trie size: 4.015308 MB
Done!
build time: 1641.364000 ms (1641.364000 ns per key)
space cost: 9.221785 MB (26.995627% of original size 34.160291 MB)
Querying trie...
Done!
total time: 382.765321 ms, avg latency: 382.765321 ns
topology: 1.302711 MB, link: 3.189349 MB, data: 4.709216 MB
--- Unary Path Analysis (Marisa, cutoff=3) ---
  branches: 1657128  |  single-char: 447774 (27.0%)  short-unary: 128432 (7.8%)  links: 1080922 (65.2%)
  link len: avg=17.77  max=240  total_chars=19212544
  link length distribution (len:count):  3:87321  4:48292  5:58975  6:36358  7:58121  8:33015  9:59626  10:32247  11:55687  12:30072  13:49121  14:27545  15:39628  16:26319  17:32373  18:20972  19:27510  20:17247  21:17760  22:15297  23:13707  24:14933  25:12396  26:15583  27:11863  28:17395  29:11704  30:17896  31:12395  32:17216  33:11862  34:15819  35:11459  36:13046  37:10194  38:10344  39:8104  40:8139  41:6769  42:6000  43:5033  44:5077  45:3963  46:3720  47:3456  48:2871  49:2663  50:2321  51:2168  52:1981  53:1813  54:1693  55:1597  56:1488  57:1344  58:1172  59:1122  60:1025  61:904  62:871  63:814  64:834  65:767  66:626  67:663  68:607  69:568  70:524  71:545  72:489  73:428  74:436  75:441  76:375  77:319  78:357  79:299  80:304  81:282  82:274  83:213  84:203  85:208  86:189  87:193  88:179  89:159  90:153  91:146  92:153  93:110  94:115  95:107  96:113  97:98  98:81  99:92  100:91  101:100  102:69  103:62  104:60  105:53  106:53  107:55  108:63  109:50  110:63  111:44  112:45  113:43  114:49  115:38  116:32  117:45  118:31  119:36  120:28  121:37  122:28  123:24  124:20  125:19  126:32  127:29  128:26  129:15  130:19  131:30  132:11  133:22  134:9  135:11  136:14  137:18  138:15  139:6  140:8  141:14  142:16  143:8  144:10  145:14  146:12  147:8  148:11  149:7  150:9  151:6  152:12  153:9  154:13  155:7  156:5  157:6  158:3  159:8  160:4  161:7  162:11  163:6  164:11  165:3  166:5  167:7  168:4  169:5  170:6  171:3  172:4  173:3  174:9  175:4  176:1  177:4  178:5  179:7  180:4  181:4  182:2  183:6  184:7  185:4  186:2  187:3  188:2  189:2  191:1  192:1  193:3  194:3  195:2  197:2  198:2  199:4  201:1  203:1  206:2  208:2  209:1  211:2  213:2  214:1  218:2  219:2  221:1  223:1  229:2  235:1  240:1
  short unary avg len: 2.00
1641.364000,9.221785,382.765321
[PASSED]
[time 2.74 s, user 2.57 s, sys 0.15 s, maxrss 227272 KB]
[busy 282 jiffies]
[exit 0]
--- c2 case 2 rec 2   load 0.69 0.88 0.89
[TEST C2-MARISA]
Processing dataset...
Done!
Building trie...
trie size: 2.484302 MB
trie size: 4.015308 MB
trie size: 1.015766 MB
Done!
build time: 1771.128251 ms (1771.128251 ns per key)
space cost: 8.714260 MB (25.509912% of original size 34.160291 MB)
Querying trie...
Done!
total time: 396.020550 ms, avg latency: 396.020550 ns
topology: 1.481594 MB, link: 3.266720 MB, data: 3.945438 MB
--- Unary Path Analysis (Marisa, cutoff=3) ---
  branches: 1657128  |  single-char: 447774 (27.0%)  short-unary: 128432 (7.8%)  links: 1080922 (65.2%)
  link len: avg=17.77  max=240  total_chars=19212544
  link length distribution (len:count):  3:87321  4:48292  5:58975  6:36358  7:58121  8:33015  9:59626  10:32247  11:55687  12:30072  13:49121  14:27545  15:39628  16:26319  17:32373  18:20972  19:27510  20:17247  21:17760  22:15297  23:13707  24:14933  25:12396  26:15583  27:11863  28:17395  29:11704  30:17896  31:12395  32:17216  33:11862  34:15819  35:11459  36:13046  37:10194  38:10344  39:8104  40:8139  41:6769  42:6000  43:5033  44:5077  45:3963  46:3720  47:3456  48:2871  49:2663  50:2321  51:2168  52:1981  53:1813  54:1693  55:1597  56:1488  57:1344  58:1172  59:1122  60:1025  61:904  62:871  63:814  64:834  65:767  66:626  67:663  68:607  69:568  70:524  71:545  72:489  73:428  74:436  75:441  76:375  77:319  78:357  79:299  80:304  81:282  82:274  83:213  84:203  85:208  86:189  87:193  88:179  89:159  90:153  91:146  92:153  93:110  94:115  95:107  96:113  97:98  98:81  99:92  100:91  101:100  102:69  103:62  104:60  105:53  106:53  107:55  108:63  109:50  110:63  111:44  112:45  113:43  114:49  115:38  116:32  117:45  118:31  119:36  120:28  121:37  122:28  123:24  124:20  125:19  126:32  127:29  128:26  129:15  130:19  131:30  132:11  133:22  134:9  135:11  136:14  137:18  138:15  139:6  140:8  141:14  142:16  143:8  144:10  145:14  146:12  147:8  148:11  149:7  150:9  151:6  152:12  153:9  154:13  155:7  156:5  157:6  158:3  159:8  160:4  161:7  162:11  163:6  164:11  165:3  166:5  167:7  168:4  169:5  170:6  171:3  172:4  173:3  174:9  175:4  176:1  177:4  178:5  179:7  180:4  181:4  182:2  183:6  184:7  185:4  186:2  187:3  188:2  189:2  191:1  192:1  193:3  194:3  195:2  197:2  198:2  199:4  201:1  203:1  206:2  208:2  209:1  211:2  213:2  214:1  218:2  219:2  221:1  223:1  229:2  235:1  240:1
  short unary avg len: 2.00
1771.128251,8.714260,396.020550
[PASSED]
[time 2.89 s, user 2.74 s, sys 0.13 s, maxrss 227124 KB]
[busy 301 jiffies]
[exit 0]
--- c2 case 3 rec 0   load 0.72 0.88 0.89
[TEST FST]
Processing dataset...
Done!
Building trie...
Done!
build time: 1145.035540 ms (1145.035540 ns per key)
space cost: 15.406425 MB (45.100393% of original size 34.160291 MB)
Querying trie...
Done!
total time: 1191.021671 ms, avg latency: 1191.021671 ns
not implemented
1145.035540,15.406425,1191.021671
[PASSED]
[time 3.05 s, user 2.93 s, sys 0.10 s, maxrss 177236 KB]
[busy 318 jiffies]
[exit 0]
--- c2 case 4 rec 0   skipped: exit 134 in round 1
--- c2 case 5 rec 0   load 0.74 0.88 0.89
[TEST MARISA]
Processing dataset...
Done!
Building trie...
Done!
build time: 750.366549 ms (750.366549 ns per key)
space cost: 14.925114 MB (43.691413% of original size 34.160291 MB)
Querying trie...
Done!
total time: 695.423553 ms, avg latency: 695.423553 ns
not implemented
750.366549,14.925114,695.423553
[PASSED]
[time 2.14 s, user 1.99 s, sys 0.14 s, maxrss 231020 KB]
[busy 227 jiffies]
[exit 0]
--- c2 case 5 rec 1   load 0.68 0.87 0.89
[TEST MARISA]
Processing dataset...
Done!
Building trie...
Done!
build time: 938.397388 ms (938.397388 ns per key)
space cost: 9.445531 MB (27.650616% of original size 34.160291 MB)
Querying trie...
Done!
total time: 1045.835491 ms, avg latency: 1045.835491 ns
not implemented
938.397388,9.445531,1045.835491
[PASSED]
[time 2.68 s, user 2.52 s, sys 0.15 s, maxrss 231344 KB]
[busy 277 jiffies]
[exit 0]
--- c2 case 5 rec 2   load 0.68 0.87 0.89
[TEST MARISA]
Processing dataset...
Done!
Building trie...
Done!
build time: 990.689655 ms (990.689655 ns per key)
space cost: 8.209226 MB (24.031487% of original size 34.160291 MB)
Querying trie...
Done!
total time: 1212.961233 ms, avg latency: 1212.961233 ns
not implemented
990.689655,8.209226,1212.961233
[PASSED]
[time 2.89 s, user 2.73 s, sys 0.14 s, maxrss 231372 KB]
[busy 302 jiffies]
[exit 0]
--- c2 case 6 rec 0   load 0.71 0.87 0.89
[TEST PDT]
Processing dataset...
Done!
Building trie...
dict size: 149058, stream size: 8676288
Done!
build time: 2732.281535 ms (2732.281535 ns per key)
space cost: 9.692565 MB (28.373778% of original size 34.160291 MB)
Querying trie...
Done!
total time: 765.076280 ms, avg latency: 765.076280 ns
not implemented
2732.281535,9.692565,765.076280
[PASSED]
[time 4.21 s, user 3.99 s, sys 0.20 s, maxrss 238456 KB]
[busy 436 jiffies]
[exit 0]
--- c2 case 7 rec 0   load 0.73 0.87 0.89
[TEST ART]
Processing dataset...
Done!
Building trie...
Done!
build time: 231.945560 ms (231.945560 ns per key)
space cost: 37.032776 MB (108.408843% of original size 34.160291 MB)
Querying trie...
Done!
total time: 577.619819 ms, avg latency: 577.619819 ns
not implemented
231.945560,37.032776,577.619819
[PASSED]
[time 1.55 s, user 1.40 s, sys 0.13 s, maxrss 239088 KB]
[busy 166 jiffies]
[exit 0]
--- c2 case 8 rec 0   load 0.67 0.86 0.89
[TEST CART]
Processing dataset...
Done!
Building trie...
Done!
build time: 293.293898 ms (293.293898 ns per key)
space cost: 17.935776 MB (52.504752% of original size 34.160291 MB)
Querying trie...
Done!
total time: 646.046933 ms, avg latency: 646.046933 ns
not implemented
293.293898,17.935776,646.046933
[PASSED]
[time 1.67 s, user 1.55 s, sys 0.11 s, maxrss 228436 KB]
[busy 173 jiffies]
[exit 0]
--- xcdat 7   load 0.67 0.86 0.89
build time: 823.969746 ms
space cost: 18.793670 MiB (55.016129% of original size 34.160291 MiB)
avg latency: 387.974797 ns
823.969746,18.793670,387.974797
[time 1.92 s, user 1.77 s, sys 0.14 s, maxrss 207212 KB]
[busy 204 jiffies]
[exit 0]
--- xcdat 8   load 0.70 0.86 0.89
build time: 771.707996 ms
space cost: 18.486019 MiB (54.115521% of original size 34.160291 MiB)
avg latency: 364.641828 ns
771.707996,18.486019,364.641828
[time 1.84 s, user 1.69 s, sys 0.14 s, maxrss 206880 KB]
[busy 192 jiffies]
[exit 0]
--- xcdat 15   load 0.70 0.86 0.89
build time: 813.006913 ms
space cost: 22.013930 MiB (64.443041% of original size 34.160291 MiB)
avg latency: 355.279953 ns
813.006913,22.013930,355.279953
[time 1.89 s, user 1.73 s, sys 0.15 s, maxrss 213480 KB]
[busy 197 jiffies]
[exit 0]
--- xcdat 16   load 0.72 0.86 0.89
build time: 770.195315 ms
space cost: 22.860906 MiB (66.922456% of original size 34.160291 MiB)
avg latency: 377.672095 ns
770.195315,22.860906,377.672095
[time 1.86 s, user 1.70 s, sys 0.15 s, maxrss 212984 KB]
[busy 196 jiffies]
[exit 0]

##### titles-zh-1000000 (1000000 lines, 17871822 bytes)   round 3/3   2026-09-15T16:01:51+03:00
--- lexindex dict32   load 0.72 0.86 0.89
1000000 keys
lexindex DictIndex block 32: build 120 ms, size 8.308 MiB (8.712 B/key), latency cold 340.5 ns, then mean 330.8 / min 329.9 ns
119.518,8.308082,340.506
[time 1.97 s, user 2.54 s, sys 0.15 s, maxrss 168216 KB]
[busy 282 jiffies]
[exit 0]
--- lexindex dict256   load 0.67 0.85 0.88
1000000 keys
lexindex DictIndex block 256: build 123 ms, size 7.897 MiB (8.281 B/key), latency cold 373.8 ns, then mean 367.5 / min 365.9 ns
123.198,7.897411,373.785
[time 2.12 s, user 2.70 s, sys 0.15 s, maxrss 172864 KB]
[busy 305 jiffies]
[exit 0]
--- lexindex dict1024   load 0.69 0.85 0.88
1000000 keys
lexindex DictIndex block 1024: build 129 ms, size 7.849 MiB (8.230 B/key), latency cold 431.3 ns, then mean 427.3 / min 425.9 ns
128.786,7.848848,431.326
[time 2.35 s, user 2.72 s, sys 0.11 s, maxrss 167196 KB]
[busy 303 jiffies]
[exit 0]
--- lexindex string   load 0.69 0.85 0.88
1000000 keys
lexindex StringIndex: build 769 ms, size 16.712 MiB (17.523 B/key), latency cold 409.1 ns, then mean 404.7 / min 397.1 ns
768.876,16.711605,409.130
[time 2.88 s, user 2.78 s, sys 0.09 s, maxrss 152020 KB]
[busy 303 jiffies]
[exit 0]
--- c2 case 0 rec 0   load 0.72 0.85 0.89
[TEST C2-FST]
Processing dataset...
Done!
Building trie...
Done!
build time: 669.490631 ms (669.490631 ns per key)
space cost: 9.315402 MB (57.894796% of original size 16.090223 MB)
Querying trie...
Done!
total time: 417.300753 ms, avg latency: 417.300753 ns
topology: 1.013481 MB, link: 1.860200 MB, data: 6.441721 MB
--- Unary Path Analysis (FST, cutoff=4) ---
  shared unary steps in main trie: 533155
  terminal suffixes: inplace=237541 (avg len=1.85)  links=651614 (73.3% of terminal)
  link len: avg=9.49  max=219  total_chars=6184530
  link length distribution (len:count):  4:101787  5:75109  6:33236  7:70197  8:54797  9:28682  10:45020  11:39800  12:18111  13:26128  14:25316  15:13287  16:18412  17:17629  18:7811  19:11663  20:10322  21:4897  22:7909  23:6587  24:3201  25:5027  26:3953  27:2124  28:3009  29:2707  30:1318  31:2090  32:1807  33:932  34:1302  35:1246  36:576  37:856  38:792  39:335  40:596  41:485  42:228  43:398  44:289  45:126  46:187  47:184  48:83  49:123  50:115  51:56  52:76  53:79  54:43  55:73  56:58  57:28  58:35  59:27  60:9  61:32  62:19  63:18  64:20  65:11  66:19  67:16  68:13  69:6  70:14  71:16  72:6  73:9  74:5  75:5  76:7  77:5  78:2  79:17  80:2  81:7  82:8  83:7  84:3  85:7  86:7  87:3  88:3  89:2  90:4  91:3  92:3  93:1  94:1  95:3  96:5  97:1  98:4  101:2  102:1  103:1  104:1  106:2  107:1  112:2  113:1  115:1  116:1  120:1  121:1  122:1  124:1  130:1  138:1  148:1  151:1  155:2  184:1  188:1  204:1  220:1
669.490631,9.315402,417.300753
[PASSED]
[time 1.57 s, user 1.44 s, sys 0.12 s, maxrss 186104 KB]
[busy 166 jiffies]
[exit 0]
--- c2 case 0 rec 1   load 0.66 0.84 0.88
[TEST C2-FST]
Processing dataset...
Done!
Building trie...
trie size: 2.382156 MB
Done!
build time: 833.456076 ms (833.456076 ns per key)
space cost: 7.814046 MB (48.563937% of original size 16.090223 MB)
Querying trie...
Done!
total time: 424.798196 ms, avg latency: 424.798196 ns
topology: 1.289776 MB, link: 2.002253 MB, data: 4.522017 MB
--- Unary Path Analysis (FST, cutoff=4) ---
  shared unary steps in main trie: 533155
  terminal suffixes: inplace=237541 (avg len=1.85)  links=651614 (73.3% of terminal)
  link len: avg=9.49  max=219  total_chars=6184530
  link length distribution (len:count):  4:101787  5:75109  6:33236  7:70197  8:54797  9:28682  10:45020  11:39800  12:18111  13:26128  14:25316  15:13287  16:18412  17:17629  18:7811  19:11663  20:10322  21:4897  22:7909  23:6587  24:3201  25:5027  26:3953  27:2124  28:3009  29:2707  30:1318  31:2090  32:1807  33:932  34:1302  35:1246  36:576  37:856  38:792  39:335  40:596  41:485  42:228  43:398  44:289  45:126  46:187  47:184  48:83  49:123  50:115  51:56  52:76  53:79  54:43  55:73  56:58  57:28  58:35  59:27  60:9  61:32  62:19  63:18  64:20  65:11  66:19  67:16  68:13  69:6  70:14  71:16  72:6  73:9  74:5  75:5  76:7  77:5  78:2  79:17  80:2  81:7  82:8  83:7  84:3  85:7  86:7  87:3  88:3  89:2  90:4  91:3  92:3  93:1  94:1  95:3  96:5  97:1  98:4  101:2  102:1  103:1  104:1  106:2  107:1  112:2  113:1  115:1  116:1  120:1  121:1  122:1  124:1  130:1  138:1  148:1  151:1  155:2  184:1  188:1  204:1  220:1
833.456076,7.814046,424.798196
[PASSED]
[time 1.75 s, user 1.63 s, sys 0.11 s, maxrss 186484 KB]
[busy 182 jiffies]
[exit 0]
--- c2 case 0 rec 2   load 0.66 0.84 0.88
[TEST C2-FST]
Processing dataset...
Done!
Building trie...
trie size: 2.382156 MB
trie size: 0.519189 MB
Done!
build time: 879.035101 ms (879.035101 ns per key)
space cost: 7.814046 MB (48.563937% of original size 16.090223 MB)
Querying trie...
Done!
total time: 432.799316 ms, avg latency: 432.799316 ns
topology: 1.289776 MB, link: 2.002253 MB, data: 4.522017 MB
--- Unary Path Analysis (FST, cutoff=4) ---
  shared unary steps in main trie: 533155
  terminal suffixes: inplace=237541 (avg len=1.85)  links=651614 (73.3% of terminal)
  link len: avg=9.49  max=219  total_chars=6184530
  link length distribution (len:count):  4:101787  5:75109  6:33236  7:70197  8:54797  9:28682  10:45020  11:39800  12:18111  13:26128  14:25316  15:13287  16:18412  17:17629  18:7811  19:11663  20:10322  21:4897  22:7909  23:6587  24:3201  25:5027  26:3953  27:2124  28:3009  29:2707  30:1318  31:2090  32:1807  33:932  34:1302  35:1246  36:576  37:856  38:792  39:335  40:596  41:485  42:228  43:398  44:289  45:126  46:187  47:184  48:83  49:123  50:115  51:56  52:76  53:79  54:43  55:73  56:58  57:28  58:35  59:27  60:9  61:32  62:19  63:18  64:20  65:11  66:19  67:16  68:13  69:6  70:14  71:16  72:6  73:9  74:5  75:5  76:7  77:5  78:2  79:17  80:2  81:7  82:8  83:7  84:3  85:7  86:7  87:3  88:3  89:2  90:4  91:3  92:3  93:1  94:1  95:3  96:5  97:1  98:4  101:2  102:1  103:1  104:1  106:2  107:1  112:2  113:1  115:1  116:1  120:1  121:1  122:1  124:1  130:1  138:1  148:1  151:1  155:2  184:1  188:1  204:1  220:1
879.035101,7.814046,432.799316
[PASSED]
[time 1.80 s, user 1.67 s, sys 0.12 s, maxrss 186284 KB]
[busy 193 jiffies]
[exit 0]
--- c2 case 1 rec 0   load 0.69 0.84 0.88
[TEST C2-CoCo(LOUDS-Sparse)]
Processing dataset...
Done!
Building trie...
Done!
build time: 1614.794152 ms (1614.794152 ns per key)
space cost: 10.076944 MB (62.627748% of original size 16.090223 MB)
Querying trie...
Done!
total time: 625.714952 ms, avg latency: 625.714952 ns
topology: 0.428116 MB, link: 2.771456 MB, data: 6.877373 MB
1614.794152,10.076944,625.714952
[PASSED]
[time 2.73 s, user 2.54 s, sys 0.17 s, maxrss 343768 KB]
[busy 285 jiffies]
[exit 0]
--- c2 case 1 rec 1   load 0.63 0.83 0.88
[TEST C2-CoCo(LOUDS-Sparse)]
Processing dataset...
Done!
Building trie...
trie size: 2.382156 MB
Done!
build time: 1774.637894 ms (1774.637894 ns per key)
space cost: 8.575588 MB (53.296888% of original size 16.090223 MB)
Querying trie...
Done!
total time: 639.835796 ms, avg latency: 639.835796 ns
topology: 0.704411 MB, link: 2.913508 MB, data: 4.957669 MB
1774.637894,8.575588,639.835796
[PASSED]
[time 2.92 s, user 2.72 s, sys 0.18 s, maxrss 343556 KB]
[busy 302 jiffies]
[exit 0]
--- c2 case 1 rec 2   load 0.63 0.83 0.88
[TEST C2-CoCo(LOUDS-Sparse)]
Processing dataset...
Done!
Building trie...
trie size: 2.382156 MB
trie size: 0.519189 MB
Done!
build time: 1830.250017 ms (1830.250017 ns per key)
space cost: 8.575588 MB (53.296888% of original size 16.090223 MB)
Querying trie...
Done!
total time: 627.301441 ms, avg latency: 627.301441 ns
topology: 0.704411 MB, link: 2.913508 MB, data: 4.957669 MB
1830.250017,8.575588,627.301441
[PASSED]
[time 2.96 s, user 2.76 s, sys 0.18 s, maxrss 343644 KB]
[busy 305 jiffies]
[exit 0]
--- c2 case 2 rec 0   load 0.66 0.83 0.88
[TEST C2-MARISA]
Processing dataset...
Done!
Building trie...
trie size: 2.376703 MB
Done!
build time: 728.851084 ms (728.851084 ns per key)
space cost: 9.316646 MB (57.902525% of original size 16.090223 MB)
Querying trie...
Done!
total time: 325.132423 ms, avg latency: 325.132423 ns
topology: 0.787403 MB, link: 2.444094 MB, data: 6.064641 MB
--- Unary Path Analysis (Marisa, cutoff=3) ---
  branches: 1581104  |  single-char: 512959 (32.4%)  short-unary: 177539 (11.2%)  links: 890606 (56.3%)
  link len: avg=9.57  max=221  total_chars=8521548
  link length distribution (len:count):  3:117743  4:70413  5:118917  6:85174  7:37680  8:75877  9:57977  10:30193  11:47337  12:41279  13:18765  14:27062  15:25994  16:13620  17:18901  18:18001  19:8082  20:11948  21:10483  22:5017  23:8072  24:6695  25:3249  26:5099  27:4017  28:2164  29:3054  30:2749  31:1341  32:2116  33:1821  34:942  35:1314  36:1256  37:587  38:865  39:798  40:341  41:600  42:486  43:231  44:401  45:290  46:126  47:187  48:184  49:84  50:123  51:115  52:56  53:77  54:82  55:43  56:74  57:60  58:29  59:35  60:27  61:10  62:32  63:19  64:19  65:20  66:11  67:19  68:16  69:13  70:6  71:14  72:16  73:6  74:9  75:5  76:5  77:7  78:5  79:2  80:17  81:2  82:7  83:8  84:7  85:3  86:7  87:7  88:3  89:3  90:2  91:4  92:3  93:3  94:1  95:1  96:4  97:5  98:1  99:4  102:2  103:1  104:1  105:1  107:2  108:1  113:2  114:1  116:1  117:1  121:1  122:1  123:1  125:1  131:1  139:1  149:1  152:1  156:2  185:1  189:1  205:1  221:1
  short unary avg len: 2.00
728.851084,9.316646,325.132423
[PASSED]
[time 1.54 s, user 1.39 s, sys 0.14 s, maxrss 216340 KB]
[busy 163 jiffies]
[exit 0]
--- c2 case 2 rec 1   load 0.61 0.82 0.87
[TEST C2-MARISA]
Processing dataset...
Done!
Building trie...
trie size: 2.376703 MB
trie size: 3.200656 MB
Done!
build time: 920.428004 ms (920.428004 ns per key)
space cost: 7.215687 MB (44.845163% of original size 16.090223 MB)
Querying trie...
Done!
total time: 284.561655 ms, avg latency: 284.561655 ns
topology: 1.146584 MB, link: 2.476871 MB, data: 3.571725 MB
--- Unary Path Analysis (Marisa, cutoff=3) ---
  branches: 1581104  |  single-char: 512959 (32.4%)  short-unary: 177539 (11.2%)  links: 890606 (56.3%)
  link len: avg=9.57  max=221  total_chars=8521548
  link length distribution (len:count):  3:117743  4:70413  5:118917  6:85174  7:37680  8:75877  9:57977  10:30193  11:47337  12:41279  13:18765  14:27062  15:25994  16:13620  17:18901  18:18001  19:8082  20:11948  21:10483  22:5017  23:8072  24:6695  25:3249  26:5099  27:4017  28:2164  29:3054  30:2749  31:1341  32:2116  33:1821  34:942  35:1314  36:1256  37:587  38:865  39:798  40:341  41:600  42:486  43:231  44:401  45:290  46:126  47:187  48:184  49:84  50:123  51:115  52:56  53:77  54:82  55:43  56:74  57:60  58:29  59:35  60:27  61:10  62:32  63:19  64:19  65:20  66:11  67:19  68:16  69:13  70:6  71:14  72:16  73:6  74:9  75:5  76:5  77:7  78:5  79:2  80:17  81:2  82:7  83:8  84:7  85:3  86:7  87:7  88:3  89:3  90:2  91:4  92:3  93:3  94:1  95:1  96:4  97:5  98:1  99:4  102:2  103:1  104:1  105:1  107:2  108:1  113:2  114:1  116:1  117:1  121:1  122:1  123:1  125:1  131:1  139:1  149:1  152:1  156:2  185:1  189:1  205:1  221:1
  short unary avg len: 2.00
920.428004,7.215687,284.561655
[PASSED]
[time 1.70 s, user 1.56 s, sys 0.13 s, maxrss 216292 KB]
[busy 176 jiffies]
[exit 0]
--- c2 case 2 rec 2   load 0.61 0.82 0.87
[TEST C2-MARISA]
Processing dataset...
Done!
Building trie...
trie size: 2.376703 MB
trie size: 3.200656 MB
trie size: 0.643222 MB
Done!
build time: 1004.100355 ms (1004.100355 ns per key)
space cost: 7.215687 MB (44.845163% of original size 16.090223 MB)
Querying trie...
Done!
total time: 281.769490 ms, avg latency: 281.769490 ns
topology: 1.146584 MB, link: 2.476871 MB, data: 3.571725 MB
--- Unary Path Analysis (Marisa, cutoff=3) ---
  branches: 1581104  |  single-char: 512959 (32.4%)  short-unary: 177539 (11.2%)  links: 890606 (56.3%)
  link len: avg=9.57  max=221  total_chars=8521548
  link length distribution (len:count):  3:117743  4:70413  5:118917  6:85174  7:37680  8:75877  9:57977  10:30193  11:47337  12:41279  13:18765  14:27062  15:25994  16:13620  17:18901  18:18001  19:8082  20:11948  21:10483  22:5017  23:8072  24:6695  25:3249  26:5099  27:4017  28:2164  29:3054  30:2749  31:1341  32:2116  33:1821  34:942  35:1314  36:1256  37:587  38:865  39:798  40:341  41:600  42:486  43:231  44:401  45:290  46:126  47:187  48:184  49:84  50:123  51:115  52:56  53:77  54:82  55:43  56:74  57:60  58:29  59:35  60:27  61:10  62:32  63:19  64:19  65:20  66:11  67:19  68:16  69:13  70:6  71:14  72:16  73:6  74:9  75:5  76:5  77:7  78:5  79:2  80:17  81:2  82:7  83:8  84:7  85:3  86:7  87:7  88:3  89:3  90:2  91:4  92:3  93:3  94:1  95:1  96:4  97:5  98:1  99:4  102:2  103:1  104:1  105:1  107:2  108:1  113:2  114:1  116:1  117:1  121:1  122:1  123:1  125:1  131:1  139:1  149:1  152:1  156:2  185:1  189:1  205:1  221:1
  short unary avg len: 2.00
1004.100355,7.215687,281.769490
[PASSED]
[time 1.79 s, user 1.64 s, sys 0.13 s, maxrss 216476 KB]
[busy 186 jiffies]
[exit 0]
--- c2 case 3 rec 0   load 0.64 0.82 0.87
[TEST FST]
Processing dataset...
Done!
Building trie...
Done!
build time: 661.083438 ms (661.083438 ns per key)
space cost: 9.251146 MB (57.495450% of original size 16.090223 MB)
Querying trie...
Done!
total time: 597.405746 ms, avg latency: 597.405746 ns
not implemented
661.083438,9.251146,597.405746
[PASSED]
[time 1.75 s, user 1.67 s, sys 0.06 s, maxrss 110616 KB]
[busy 181 jiffies]
[exit 0]
--- c2 case 4 rec 0   skipped: exit 134 in round 1
--- c2 case 5 rec 0   load 0.64 0.82 0.87
[TEST MARISA]
Processing dataset...
Done!
Building trie...
Done!
build time: 526.636431 ms (526.636431 ns per key)
space cost: 9.064179 MB (56.333459% of original size 16.090223 MB)
Querying trie...
Done!
total time: 460.828015 ms, avg latency: 460.828015 ns
not implemented
526.636431,9.064179,460.828015
[PASSED]
[time 1.48 s, user 1.37 s, sys 0.10 s, maxrss 182232 KB]
[busy 160 jiffies]
[exit 0]
--- c2 case 5 rec 1   load 0.67 0.82 0.87
[TEST MARISA]
Processing dataset...
Done!
Building trie...
Done!
build time: 637.058340 ms (637.058340 ns per key)
space cost: 6.703102 MB (41.659472% of original size 16.090223 MB)
Querying trie...
Done!
total time: 678.686273 ms, avg latency: 678.686273 ns
not implemented
637.058340,6.703102,678.686273
[PASSED]
[time 1.81 s, user 1.68 s, sys 0.12 s, maxrss 181988 KB]
[busy 189 jiffies]
[exit 0]
--- c2 case 5 rec 2   load 0.67 0.82 0.87
[TEST MARISA]
Processing dataset...
Done!
Building trie...
Done!
build time: 668.294874 ms (668.294874 ns per key)
space cost: 6.233802 MB (38.742793% of original size 16.090223 MB)
Querying trie...
Done!
total time: 746.009484 ms, avg latency: 746.009484 ns
not implemented
668.294874,6.233802,746.009484
[PASSED]
[time 1.90 s, user 1.78 s, sys 0.11 s, maxrss 182284 KB]
[busy 196 jiffies]
[exit 0]
--- c2 case 6 rec 0   load 0.70 0.83 0.88
[TEST PDT]
Processing dataset...
Done!
Building trie...
dict size: 161960, stream size: 6363323
Done!
build time: 3153.656752 ms (3153.656752 ns per key)
space cost: 7.499054 MB (46.606276% of original size 16.090223 MB)
Querying trie...
Done!
total time: 610.803201 ms, avg latency: 610.803201 ns
not implemented
3153.656752,7.499054,610.803201
[PASSED]
[time 4.26 s, user 4.14 s, sys 0.10 s, maxrss 166804 KB]
[busy 440 jiffies]
[exit 0]
--- c2 case 7 rec 0   load 0.72 0.83 0.88
[TEST ART]
Processing dataset...
Done!
Building trie...
Done!
build time: 135.369390 ms (135.369390 ns per key)
space cost: 33.565483 MB (208.607938% of original size 16.090223 MB)
Querying trie...
Done!
total time: 352.747696 ms, avg latency: 352.747696 ns
not implemented
135.369390,33.565483,352.747696
[PASSED]
[time 0.99 s, user 0.90 s, sys 0.08 s, maxrss 155600 KB]
[busy 106 jiffies]
[exit 0]
--- c2 case 8 rec 0   load 0.72 0.83 0.88
[TEST CART]
Processing dataset...
Done!
Building trie...
Done!
build time: 184.330459 ms (184.330459 ns per key)
space cost: 15.100161 MB (93.846806% of original size 16.090223 MB)
Querying trie...
Done!
total time: 414.080625 ms, avg latency: 414.080625 ns
not implemented
184.330459,15.100161,414.080625
[PASSED]
[time 1.11 s, user 1.03 s, sys 0.07 s, maxrss 146968 KB]
[busy 117 jiffies]
[exit 0]
--- xcdat 7   load 0.74 0.83 0.88
build time: 546.732810 ms
space cost: 11.666194 MiB (72.504860% of original size 16.090223 MiB)
avg latency: 220.424849 ns
546.732810,11.666194,220.424849
[time 1.27 s, user 1.16 s, sys 0.11 s, maxrss 148192 KB]
[busy 134 jiffies]
[exit 0]
--- xcdat 8   load 0.74 0.83 0.88
build time: 507.250717 ms
space cost: 11.129195 MiB (69.167438% of original size 16.090223 MiB)
avg latency: 213.313911 ns
507.250717,11.129195,213.313911
[time 1.23 s, user 1.12 s, sys 0.10 s, maxrss 147940 KB]
[busy 133 jiffies]
[exit 0]
--- xcdat 15   load 0.76 0.83 0.88
build time: 528.466589 ms
space cost: 12.949578 MiB (80.481035% of original size 16.090223 MiB)
avg latency: 185.962495 ns
528.466589,12.949578,185.962495
[time 1.22 s, user 1.12 s, sys 0.09 s, maxrss 148756 KB]
[busy 127 jiffies]
[exit 0]
--- xcdat 16   load 0.76 0.83 0.88
build time: 504.545615 ms
space cost: 13.463712 MiB (83.676351% of original size 16.090223 MiB)
avg latency: 200.580092 ns
504.545615,13.463712,200.580092
[time 1.22 s, user 1.12 s, sys 0.09 s, maxrss 149496 KB]
[busy 129 jiffies]
[exit 0]

##### urls-1000000 (1000000 lines, 53361181 bytes)   round 3/3   2026-09-15T16:03:02+03:00
--- lexindex dict32   load 0.70 0.82 0.87
1000000 keys
lexindex DictIndex block 32: build 147 ms, size 12.002 MiB (12.585 B/key), latency cold 638.5 ns, then mean 642.5 / min 640.2 ns
147.350,12.001742,638.464
[time 3.30 s, user 4.02 s, sys 0.24 s, maxrss 242984 KB]
[busy 455 jiffies]
[exit 0]
--- lexindex dict256   load 0.73 0.82 0.87
1000000 keys
lexindex DictIndex block 256: build 146 ms, size 10.733 MiB (11.254 B/key), latency cold 641.6 ns, then mean 638.5 / min 638.4 ns
146.486,10.732902,641.620
[time 3.30 s, user 4.01 s, sys 0.23 s, maxrss 245216 KB]
[busy 446 jiffies]
[exit 0]
--- lexindex dict1024   load 0.73 0.82 0.87
1000000 keys
lexindex DictIndex block 1024: build 151 ms, size 10.595 MiB (11.110 B/key), latency cold 684.4 ns, then mean 681.2 / min 680.3 ns
150.976,10.595347,684.414
[time 3.47 s, user 3.91 s, sys 0.18 s, maxrss 236016 KB]
[busy 428 jiffies]
[exit 0]
--- lexindex string   load 0.75 0.83 0.88
1000000 keys
lexindex StringIndex: build 1137 ms, size 16.099 MiB (16.881 B/key), latency cold 629.9 ns, then mean 622.4 / min 620.7 ns
1137.400,16.099341,629.900
[time 4.21 s, user 4.08 s, sys 0.12 s, maxrss 219620 KB]
[busy 441 jiffies]
[exit 0]
--- c2 case 0 rec 0   load 0.77 0.83 0.88
[TEST C2-FST]
Processing dataset...
Done!
Building trie...
Done!
build time: 1212.856556 ms (1212.856556 ns per key)
space cost: 11.640069 MB (23.310202% of original size 49.935513 MB)
Querying trie...
Done!
total time: 808.658215 ms, avg latency: 808.658215 ns
topology: 1.074997 MB, link: 2.347375 MB, data: 8.217697 MB
--- Unary Path Analysis (FST, cutoff=4) ---
  shared unary steps in main trie: 711966
  terminal suffixes: inplace=143732 (avg len=2.14)  links=800966 (84.8% of terminal)
  link len: avg=13.15  max=596  total_chars=10531952
  link length distribution (len:count):  4:63058  5:62039  6:59659  7:54131  8:47449  9:44821  10:40952  11:37727  12:34320  13:30594  14:29226  15:26885  16:26206  17:21450  18:19914  19:21120  20:19131  21:16702  22:14529  23:13405  24:12440  25:10970  26:9615  27:8669  28:7752  29:7002  30:6267  31:5704  32:4931  33:4493  34:4087  35:3562  36:3323  37:3007  38:2533  39:2401  40:2145  41:1856  42:1793  43:1565  44:1379  45:1246  46:1005  47:985  48:849  49:826  50:642  51:609  52:482  53:442  54:385  55:389  56:339  57:263  58:263  59:238  60:228  61:217  62:184  63:166  64:151  65:119  66:125  67:156  68:131  69:105  70:94  71:74  72:74  73:77  74:67  75:66  76:74  77:39  78:49  79:44  80:45  81:42  82:48  83:36  84:31  85:34  86:39  87:18  88:23  89:15  90:18  91:31  92:24  93:20  94:16  95:16  96:16  97:12  98:16  99:14  100:17  101:16  102:2  103:18  104:4  105:3  106:10  107:11  108:9  109:19  110:13  111:7  112:6  113:5  114:3  115:8  116:5  117:6  118:7  119:10  120:11  121:9  122:10  123:8  124:9  125:7  126:5  127:7  128:18  129:5  130:4  131:10  132:3  133:4  134:4  135:4  136:3  137:4  139:2  140:3  141:2  142:2  143:4  144:7  145:1  146:5  147:5  148:1  149:4  150:4  152:1  153:6  154:3  155:1  156:2  157:1  158:1  159:1  161:2  162:1  163:2  164:1  165:1  166:1  167:3  168:3  170:1  174:1  177:2  180:3  182:2  183:1  184:2  188:1  189:3  190:1  191:1  192:1  193:1  194:1  195:2  199:1  202:2  204:2  206:1  207:1  209:2  211:1  213:1  215:2  219:1  220:1  222:1  224:1  225:1  226:1  229:1  233:1  236:1  238:2  240:1  241:1  246:1  247:1  249:1  252:1  254:1  256:1  260:1  264:1  271:1  311:1  337:1  383:1  506:1  597:1
1212.856556,11.640069,808.658215
[PASSED]
[time 2.80 s, user 2.63 s, sys 0.16 s, maxrss 231468 KB]
[busy 292 jiffies]
[exit 0]
--- c2 case 0 rec 1   load 0.79 0.83 0.88
[TEST C2-FST]
Processing dataset...
Done!
Building trie...
trie size: 3.124794 MB
Done!
build time: 1538.069631 ms (1538.069631 ns per key)
space cost: 9.773470 MB (19.572183% of original size 49.935513 MB)
Querying trie...
Done!
total time: 939.384713 ms, avg latency: 939.384713 ns
topology: 1.480076 MB, link: 2.557474 MB, data: 5.735920 MB
--- Unary Path Analysis (FST, cutoff=4) ---
  shared unary steps in main trie: 711966
  terminal suffixes: inplace=143732 (avg len=2.14)  links=800966 (84.8% of terminal)
  link len: avg=13.15  max=596  total_chars=10531952
  link length distribution (len:count):  4:63058  5:62039  6:59659  7:54131  8:47449  9:44821  10:40952  11:37727  12:34320  13:30594  14:29226  15:26885  16:26206  17:21450  18:19914  19:21120  20:19131  21:16702  22:14529  23:13405  24:12440  25:10970  26:9615  27:8669  28:7752  29:7002  30:6267  31:5704  32:4931  33:4493  34:4087  35:3562  36:3323  37:3007  38:2533  39:2401  40:2145  41:1856  42:1793  43:1565  44:1379  45:1246  46:1005  47:985  48:849  49:826  50:642  51:609  52:482  53:442  54:385  55:389  56:339  57:263  58:263  59:238  60:228  61:217  62:184  63:166  64:151  65:119  66:125  67:156  68:131  69:105  70:94  71:74  72:74  73:77  74:67  75:66  76:74  77:39  78:49  79:44  80:45  81:42  82:48  83:36  84:31  85:34  86:39  87:18  88:23  89:15  90:18  91:31  92:24  93:20  94:16  95:16  96:16  97:12  98:16  99:14  100:17  101:16  102:2  103:18  104:4  105:3  106:10  107:11  108:9  109:19  110:13  111:7  112:6  113:5  114:3  115:8  116:5  117:6  118:7  119:10  120:11  121:9  122:10  123:8  124:9  125:7  126:5  127:7  128:18  129:5  130:4  131:10  132:3  133:4  134:4  135:4  136:3  137:4  139:2  140:3  141:2  142:2  143:4  144:7  145:1  146:5  147:5  148:1  149:4  150:4  152:1  153:6  154:3  155:1  156:2  157:1  158:1  159:1  161:2  162:1  163:2  164:1  165:1  166:1  167:3  168:3  170:1  174:1  177:2  180:3  182:2  183:1  184:2  188:1  189:3  190:1  191:1  192:1  193:1  194:1  195:2  199:1  202:2  204:2  206:1  207:1  209:2  211:1  213:1  215:2  219:1  220:1  222:1  224:1  225:1  226:1  229:1  233:1  236:1  238:2  240:1  241:1  246:1  247:1  249:1  252:1  254:1  256:1  260:1  264:1  271:1  311:1  337:1  383:1  506:1  597:1
1538.069631,9.773470,939.384713
[PASSED]
[time 3.28 s, user 3.11 s, sys 0.14 s, maxrss 228388 KB]
[busy 340 jiffies]
[exit 0]
--- c2 case 0 rec 2   load 0.80 0.84 0.88
[TEST C2-FST]
Processing dataset...
Done!
Building trie...
trie size: 3.124794 MB
trie size: 0.926831 MB
Done!
build time: 1708.269697 ms (1708.269697 ns per key)
space cost: 9.773470 MB (19.572183% of original size 49.935513 MB)
Querying trie...
Done!
total time: 958.523283 ms, avg latency: 958.523283 ns
topology: 1.480076 MB, link: 2.557474 MB, data: 5.735920 MB
--- Unary Path Analysis (FST, cutoff=4) ---
  shared unary steps in main trie: 711966
  terminal suffixes: inplace=143732 (avg len=2.14)  links=800966 (84.8% of terminal)
  link len: avg=13.15  max=596  total_chars=10531952
  link length distribution (len:count):  4:63058  5:62039  6:59659  7:54131  8:47449  9:44821  10:40952  11:37727  12:34320  13:30594  14:29226  15:26885  16:26206  17:21450  18:19914  19:21120  20:19131  21:16702  22:14529  23:13405  24:12440  25:10970  26:9615  27:8669  28:7752  29:7002  30:6267  31:5704  32:4931  33:4493  34:4087  35:3562  36:3323  37:3007  38:2533  39:2401  40:2145  41:1856  42:1793  43:1565  44:1379  45:1246  46:1005  47:985  48:849  49:826  50:642  51:609  52:482  53:442  54:385  55:389  56:339  57:263  58:263  59:238  60:228  61:217  62:184  63:166  64:151  65:119  66:125  67:156  68:131  69:105  70:94  71:74  72:74  73:77  74:67  75:66  76:74  77:39  78:49  79:44  80:45  81:42  82:48  83:36  84:31  85:34  86:39  87:18  88:23  89:15  90:18  91:31  92:24  93:20  94:16  95:16  96:16  97:12  98:16  99:14  100:17  101:16  102:2  103:18  104:4  105:3  106:10  107:11  108:9  109:19  110:13  111:7  112:6  113:5  114:3  115:8  116:5  117:6  118:7  119:10  120:11  121:9  122:10  123:8  124:9  125:7  126:5  127:7  128:18  129:5  130:4  131:10  132:3  133:4  134:4  135:4  136:3  137:4  139:2  140:3  141:2  142:2  143:4  144:7  145:1  146:5  147:5  148:1  149:4  150:4  152:1  153:6  154:3  155:1  156:2  157:1  158:1  159:1  161:2  162:1  163:2  164:1  165:1  166:1  167:3  168:3  170:1  174:1  177:2  180:3  182:2  183:1  184:2  188:1  189:3  190:1  191:1  192:1  193:1  194:1  195:2  199:1  202:2  204:2  206:1  207:1  209:2  211:1  213:1  215:2  219:1  220:1  222:1  224:1  225:1  226:1  229:1  233:1  236:1  238:2  240:1  241:1  246:1  247:1  249:1  252:1  254:1  256:1  260:1  264:1  271:1  311:1  337:1  383:1  506:1  597:1
1708.269697,9.773470,958.523283
[PASSED]
[time 3.46 s, user 3.28 s, sys 0.16 s, maxrss 228468 KB]
[busy 359 jiffies]
[exit 0]
--- c2 case 1 rec 0   load 0.82 0.84 0.88
[TEST C2-CoCo(LOUDS-Sparse)]
Processing dataset...
Done!
Building trie...
Done!
build time: 2468.952855 ms (2468.952855 ns per key)
space cost: 12.005466 MB (24.041940% of original size 49.935513 MB)
Querying trie...
Done!
total time: 867.316539 ms, avg latency: 867.316539 ns
topology: 0.422745 MB, link: 3.209543 MB, data: 8.373178 MB
2468.952855,12.005466,867.316539
[PASSED]
[time 4.11 s, user 3.88 s, sys 0.21 s, maxrss 407856 KB]
[busy 429 jiffies]
[exit 0]
--- c2 case 1 rec 1   load 0.84 0.84 0.88
[TEST C2-CoCo(LOUDS-Sparse)]
Processing dataset...
Done!
Building trie...
trie size: 3.124794 MB
Done!
build time: 2807.548287 ms (2807.548287 ns per key)
space cost: 10.138867 MB (20.303920% of original size 49.935513 MB)
Querying trie...
Done!
total time: 1015.485972 ms, avg latency: 1015.485972 ns
topology: 0.827824 MB, link: 3.419642 MB, data: 5.891401 MB
2807.548287,10.138867,1015.485972
[PASSED]
[time 4.60 s, user 4.37 s, sys 0.21 s, maxrss 398120 KB]
[busy 478 jiffies]
[exit 0]
--- c2 case 1 rec 2   load 0.85 0.84 0.88
[TEST C2-CoCo(LOUDS-Sparse)]
Processing dataset...
Done!
Building trie...
trie size: 3.124794 MB
trie size: 0.926831 MB
Done!
build time: 2930.141086 ms (2930.141086 ns per key)
space cost: 10.138867 MB (20.303920% of original size 49.935513 MB)
Querying trie...
Done!
total time: 1013.352485 ms, avg latency: 1013.352485 ns
topology: 0.827824 MB, link: 3.419642 MB, data: 5.891401 MB
2930.141086,10.138867,1013.352485
[PASSED]
[time 4.72 s, user 4.48 s, sys 0.22 s, maxrss 398028 KB]
[busy 490 jiffies]
[exit 0]
--- c2 case 2 rec 0   load 0.86 0.85 0.88
[TEST C2-MARISA]
Processing dataset...
Done!
Building trie...
trie size: 2.244002 MB
Done!
build time: 1182.937597 ms (1182.937597 ns per key)
space cost: 10.960715 MB (21.949740% of original size 49.935513 MB)
Querying trie...
Done!
total time: 460.267863 ms, avg latency: 460.267863 ns
topology: 0.743214 MB, link: 2.809175 MB, data: 7.387818 MB
--- Unary Path Analysis (Marisa, cutoff=3) ---
  branches: 1527762  |  single-char: 409800 (26.8%)  short-unary: 94203 (6.2%)  links: 1023759 (67.0%)
  link len: avg=12.97  max=598  total_chars=13282609
  link length distribution (len:count):  3:78091  4:83418  5:77115  6:71727  7:67342  8:60401  9:52007  10:48612  11:43341  12:39688  13:35797  14:31899  15:30173  16:27648  17:26857  18:22212  19:20563  20:21642  21:19617  22:17114  23:14842  24:13684  25:12695  26:11175  27:9829  28:8848  29:7935  30:7132  31:6445  32:5847  33:5055  34:4589  35:4148  36:3637  37:3382  38:3086  39:2567  40:2441  41:2168  42:1886  43:1827  44:1585  45:1405  46:1260  47:1016  48:995  49:861  50:844  51:650  52:616  53:486  54:450  55:392  56:393  57:345  58:266  59:265  60:240  61:230  62:219  63:185  64:166  65:151  66:119  67:125  68:158  69:131  70:105  71:94  72:74  73:75  74:77  75:68  76:66  77:74  78:40  79:49  80:44  81:45  82:43  83:48  84:36  85:31  86:35  87:40  88:19  89:24  90:15  91:18  92:31  93:24  94:20  95:16  96:16  97:16  98:12  99:16  100:14  101:17  102:16  103:2  104:18  105:4  106:3  107:10  108:11  109:9  110:19  111:13  112:7  113:6  114:5  115:3  116:8  117:5  118:6  119:8  120:10  121:11  122:9  123:10  124:8  125:9  126:7  127:5  128:7  129:18  130:5  131:4  132:10  133:3  134:4  135:4  136:4  137:4  138:4  140:2  141:3  142:2  143:2  144:4  145:7  146:1  147:5  148:5  149:1  150:4  151:4  153:1  154:6  155:3  156:1  157:2  158:1  159:1  160:1  162:2  163:1  164:2  165:1  166:1  167:1  168:3  169:3  171:1  175:1  178:2  181:3  183:2  184:1  185:2  189:1  190:3  191:1  192:1  193:1  194:1  195:1  196:2  200:1  203:2  205:2  207:1  208:1  210:2  212:1  214:1  216:2  220:1  221:1  223:1  225:1  226:1  227:1  230:1  234:1  237:1  239:2  241:1  242:1  247:1  248:1  250:1  253:1  255:1  257:1  261:1  265:1  272:1  312:1  338:1  384:1  507:1  598:1
  short unary avg len: 2.00
1182.937597,10.960715,460.267863
[PASSED]
[time 2.42 s, user 2.24 s, sys 0.17 s, maxrss 246976 KB]
[busy 250 jiffies]
[exit 0]
--- c2 case 2 rec 1   load 0.87 0.85 0.88
[TEST C2-MARISA]
Processing dataset...
Done!
Building trie...
trie size: 2.244002 MB
trie size: 3.864603 MB
Done!
build time: 1598.263089 ms (1598.263089 ns per key)
space cost: 8.779989 MB (17.582655% of original size 49.935513 MB)
Querying trie...
Done!
total time: 615.960729 ms, avg latency: 615.960729 ns
topology: 1.217873 MB, link: 3.069385 MB, data: 4.472224 MB
--- Unary Path Analysis (Marisa, cutoff=3) ---
  branches: 1527762  |  single-char: 409800 (26.8%)  short-unary: 94203 (6.2%)  links: 1023759 (67.0%)
  link len: avg=12.97  max=598  total_chars=13282609
  link length distribution (len:count):  3:78091  4:83418  5:77115  6:71727  7:67342  8:60401  9:52007  10:48612  11:43341  12:39688  13:35797  14:31899  15:30173  16:27648  17:26857  18:22212  19:20563  20:21642  21:19617  22:17114  23:14842  24:13684  25:12695  26:11175  27:9829  28:8848  29:7935  30:7132  31:6445  32:5847  33:5055  34:4589  35:4148  36:3637  37:3382  38:3086  39:2567  40:2441  41:2168  42:1886  43:1827  44:1585  45:1405  46:1260  47:1016  48:995  49:861  50:844  51:650  52:616  53:486  54:450  55:392  56:393  57:345  58:266  59:265  60:240  61:230  62:219  63:185  64:166  65:151  66:119  67:125  68:158  69:131  70:105  71:94  72:74  73:75  74:77  75:68  76:66  77:74  78:40  79:49  80:44  81:45  82:43  83:48  84:36  85:31  86:35  87:40  88:19  89:24  90:15  91:18  92:31  93:24  94:20  95:16  96:16  97:16  98:12  99:16  100:14  101:17  102:16  103:2  104:18  105:4  106:3  107:10  108:11  109:9  110:19  111:13  112:7  113:6  114:5  115:3  116:8  117:5  118:6  119:8  120:10  121:11  122:9  123:10  124:8  125:9  126:7  127:5  128:7  129:18  130:5  131:4  132:10  133:3  134:4  135:4  136:4  137:4  138:4  140:2  141:3  142:2  143:2  144:4  145:7  146:1  147:5  148:5  149:1  150:4  151:4  153:1  154:6  155:3  156:1  157:2  158:1  159:1  160:1  162:2  163:1  164:2  165:1  166:1  167:1  168:3  169:3  171:1  175:1  178:2  181:3  183:2  184:1  185:2  189:1  190:3  191:1  192:1  193:1  194:1  195:1  196:2  200:1  203:2  205:2  207:1  208:1  210:2  212:1  214:1  216:2  220:1  221:1  223:1  225:1  226:1  227:1  230:1  234:1  237:1  239:2  241:1  242:1  247:1  248:1  250:1  253:1  255:1  257:1  261:1  265:1  272:1  312:1  338:1  384:1  507:1  598:1
  short unary avg len: 2.00
1598.263089,8.779989,615.960729
[PASSED]
[time 3.02 s, user 2.81 s, sys 0.19 s, maxrss 241816 KB]
[busy 315 jiffies]
[exit 0]
--- c2 case 2 rec 2   load 0.80 0.84 0.88
[TEST C2-MARISA]
Processing dataset...
Done!
Building trie...
trie size: 2.244002 MB
trie size: 3.864603 MB
trie size: 1.068947 MB
Done!
build time: 1737.933769 ms (1737.933769 ns per key)
space cost: 8.365690 MB (16.752987% of original size 49.935513 MB)
Querying trie...
Done!
total time: 703.677758 ms, avg latency: 703.677758 ns
topology: 1.410183 MB, link: 3.158367 MB, data: 3.776632 MB
--- Unary Path Analysis (Marisa, cutoff=3) ---
  branches: 1527762  |  single-char: 409800 (26.8%)  short-unary: 94203 (6.2%)  links: 1023759 (67.0%)
  link len: avg=12.97  max=598  total_chars=13282609
  link length distribution (len:count):  3:78091  4:83418  5:77115  6:71727  7:67342  8:60401  9:52007  10:48612  11:43341  12:39688  13:35797  14:31899  15:30173  16:27648  17:26857  18:22212  19:20563  20:21642  21:19617  22:17114  23:14842  24:13684  25:12695  26:11175  27:9829  28:8848  29:7935  30:7132  31:6445  32:5847  33:5055  34:4589  35:4148  36:3637  37:3382  38:3086  39:2567  40:2441  41:2168  42:1886  43:1827  44:1585  45:1405  46:1260  47:1016  48:995  49:861  50:844  51:650  52:616  53:486  54:450  55:392  56:393  57:345  58:266  59:265  60:240  61:230  62:219  63:185  64:166  65:151  66:119  67:125  68:158  69:131  70:105  71:94  72:74  73:75  74:77  75:68  76:66  77:74  78:40  79:49  80:44  81:45  82:43  83:48  84:36  85:31  86:35  87:40  88:19  89:24  90:15  91:18  92:31  93:24  94:20  95:16  96:16  97:16  98:12  99:16  100:14  101:17  102:16  103:2  104:18  105:4  106:3  107:10  108:11  109:9  110:19  111:13  112:7  113:6  114:5  115:3  116:8  117:5  118:6  119:8  120:10  121:11  122:9  123:10  124:8  125:9  126:7  127:5  128:7  129:18  130:5  131:4  132:10  133:3  134:4  135:4  136:4  137:4  138:4  140:2  141:3  142:2  143:2  144:4  145:7  146:1  147:5  148:5  149:1  150:4  151:4  153:1  154:6  155:3  156:1  157:2  158:1  159:1  160:1  162:2  163:1  164:2  165:1  166:1  167:1  168:3  169:3  171:1  175:1  178:2  181:3  183:2  184:1  185:2  189:1  190:3  191:1  192:1  193:1  194:1  195:1  196:2  200:1  203:2  205:2  207:1  208:1  210:2  212:1  214:1  216:2  220:1  221:1  223:1  225:1  226:1  227:1  230:1  234:1  237:1  239:2  241:1  242:1  247:1  248:1  250:1  253:1  255:1  257:1  261:1  265:1  272:1  312:1  338:1  384:1  507:1  598:1
  short unary avg len: 2.00
1737.933769,8.365690,703.677758
[PASSED]
[time 3.23 s, user 3.04 s, sys 0.18 s, maxrss 242224 KB]
[busy 339 jiffies]
[exit 0]
--- c2 case 3 rec 0   load 0.74 0.82 0.87
[TEST FST]
Processing dataset...
Done!
Building trie...
Done!
build time: 1416.143073 ms (1416.143073 ns per key)
space cost: 12.952020 MB (25.937492% of original size 49.935513 MB)
Querying trie...
Done!
total time: 1191.368142 ms, avg latency: 1191.368142 ns
not implemented
1416.143073,12.952020,1191.368142
[PASSED]
[time 3.39 s, user 3.26 s, sys 0.12 s, maxrss 214880 KB]
[busy 350 jiffies]
[exit 0]
--- c2 case 4 rec 0   load 0.74 0.82 0.87
[TEST COCO]
Processing dataset...
Done!
Building trie...
num nodes = 618926, average depth = 10.757375
ef = 0.000126, pa = 0.112513, bv = 0.000294, de = 0.664175
efr = 0.000805, par = 0.102747, bvr = 0.000005, der = 0.119336
Done!
build time: 30515.552980 ms (30515.552980 ns per key)
space cost: 17.219774 MB (34.484023% of original size 49.935513 MB)
Querying trie...
Done!
total time: 1341.548954 ms, avg latency: 1341.548954 ns
not implemented
30515.552980,17.219774,1341.548954
[PASSED]
[time 33.69 s, user 27.02 s, sys 6.52 s, maxrss 15528180 KB]
[busy 3461 jiffies]
[exit 0]
--- c2 case 5 rec 0   load 0.85 0.84 0.88
[TEST MARISA]
Processing dataset...
Done!
Building trie...
Done!
build time: 986.601166 ms (986.601166 ns per key)
space cost: 13.234698 MB (26.503579% of original size 49.935513 MB)
Querying trie...
Done!
total time: 580.181291 ms, avg latency: 580.181291 ns
not implemented
986.601166,13.234698,580.181291
[PASSED]
[time 2.33 s, user 2.16 s, sys 0.15 s, maxrss 268100 KB]
[busy 244 jiffies]
[exit 0]
--- c2 case 5 rec 1   load 0.87 0.85 0.88
[TEST MARISA]
Processing dataset...
Done!
Building trie...
Done!
build time: 1169.587448 ms (1169.587448 ns per key)
space cost: 8.973619 MB (17.970414% of original size 49.935513 MB)
Querying trie...
Done!
total time: 860.459259 ms, avg latency: 860.459259 ns
not implemented
1169.587448,8.973619,860.459259
[PASSED]
[time 2.79 s, user 2.61 s, sys 0.16 s, maxrss 268160 KB]
[busy 295 jiffies]
[exit 0]
--- c2 case 5 rec 2   load 0.88 0.85 0.88
[TEST MARISA]
Processing dataset...
Done!
Building trie...
Done!
build time: 1211.203301 ms (1211.203301 ns per key)
space cost: 8.005336 MB (16.031348% of original size 49.935513 MB)
Querying trie...
Done!
total time: 998.456725 ms, avg latency: 998.456725 ns
not implemented
1211.203301,8.005336,998.456725
[PASSED]
[time 2.96 s, user 2.79 s, sys 0.15 s, maxrss 267736 KB]
[busy 308 jiffies]
[exit 0]
--- c2 case 6 rec 0   load 0.81 0.83 0.88
[TEST PDT]
Processing dataset...
Done!
Building trie...
dict size: 156062, stream size: 7596722
Done!
build time: 3520.274792 ms (3520.274792 ns per key)
space cost: 8.669690 MB (17.361772% of original size 49.935513 MB)
Querying trie...
Done!
total time: 723.549976 ms, avg latency: 723.549976 ns
not implemented
3520.274792,8.669690,723.549976
[PASSED]
[time 5.02 s, user 4.82 s, sys 0.18 s, maxrss 298940 KB]
[busy 521 jiffies]
[exit 0]
--- c2 case 7 rec 0   load 0.82 0.84 0.88
[TEST ART]
Processing dataset...
Done!
Building trie...
Done!
build time: 310.897534 ms (310.897534 ns per key)
space cost: 32.934517 MB (65.954097% of original size 49.935513 MB)
Querying trie...
Done!
total time: 629.508247 ms, avg latency: 629.508247 ns
not implemented
310.897534,32.934517,629.508247
[PASSED]
[time 1.75 s, user 1.60 s, sys 0.14 s, maxrss 290996 KB]
[busy 184 jiffies]
[exit 0]
--- c2 case 8 rec 0   load 0.82 0.84 0.88
[TEST CART]
Processing dataset...
Done!
Building trie...
Done!
build time: 354.055793 ms (354.055793 ns per key)
space cost: 15.060642 MB (30.160183% of original size 49.935513 MB)
Querying trie...
Done!
total time: 656.411182 ms, avg latency: 656.411182 ns
not implemented
354.055793,15.060642,656.411182
[PASSED]
[time 1.82 s, user 1.67 s, sys 0.14 s, maxrss 278388 KB]
[busy 190 jiffies]
[exit 0]
--- xcdat 7   load 0.84 0.84 0.88
build time: 1156.558766 ms
space cost: 15.639350 MiB (31.319093% of original size 49.935513 MiB)
avg latency: 405.473948 ns
1156.558766,15.639350,405.473948
[time 2.34 s, user 2.18 s, sys 0.15 s, maxrss 231344 KB]
[busy 248 jiffies]
[exit 0]
--- xcdat 8   load 0.77 0.83 0.87
build time: 1127.355290 ms
space cost: 15.165496 MiB (30.370161% of original size 49.935513 MiB)
avg latency: 377.885986 ns
1127.355290,15.165496,377.885986
[time 2.29 s, user 2.13 s, sys 0.15 s, maxrss 231308 KB]
[busy 237 jiffies]
[exit 0]
--- xcdat 15   load 0.77 0.83 0.87
build time: 1143.054379 ms
space cost: 17.302892 MiB (34.650473% of original size 49.935513 MiB)
avg latency: 353.748596 ns
1143.054379,17.302892,353.748596
[time 2.28 s, user 2.12 s, sys 0.15 s, maxrss 230736 KB]
[busy 244 jiffies]
[exit 0]
--- xcdat 16   load 0.79 0.83 0.88
build time: 1118.782807 ms
space cost: 17.859698 MiB (35.765524% of original size 49.935513 MiB)
avg latency: 386.161521 ns
1118.782807,17.859698,386.161521
[time 2.29 s, user 2.13 s, sys 0.15 s, maxrss 230904 KB]
[busy 240 jiffies]
[exit 0]

##### uuid-1000000 (1000000 lines, 37000000 bytes)   round 3/3   2026-09-15T16:05:17+03:00
--- lexindex dict32   load 0.72 0.81 0.87
1000000 keys
lexindex DictIndex block 32: build 295 ms, size 20.132 MiB (21.110 B/key), latency cold 485.4 ns, then mean 481.0 / min 480.1 ns
294.514,20.131772,485.366
[time 2.72 s, user 4.97 s, sys 0.42 s, maxrss 227732 KB]
[busy 570 jiffies]
[exit 0]
--- lexindex dict256   load 0.72 0.81 0.87
1000000 keys
lexindex DictIndex block 256: build 297 ms, size 19.507 MiB (20.454 B/key), latency cold 499.4 ns, then mean 497.0 / min 495.5 ns
296.909,19.506618,499.378
[time 2.80 s, user 5.10 s, sys 0.39 s, maxrss 227476 KB]
[busy 571 jiffies]
[exit 0]
--- lexindex dict1024   load 0.75 0.82 0.87
1000000 keys
lexindex DictIndex block 1024: build 307 ms, size 19.428 MiB (20.372 B/key), latency cold 551.4 ns, then mean 553.8 / min 551.8 ns
306.577,19.428408,551.383
[time 3.03 s, user 4.13 s, sys 0.33 s, maxrss 216148 KB]
[busy 470 jiffies]
[exit 0]
--- lexindex string   load 0.77 0.82 0.87
1000000 keys
lexindex StringIndex: build 2442 ms, size 35.389 MiB (37.108 B/key), latency cold 591.4 ns, then mean 582.1 / min 579.1 ns
2441.731,35.389391,591.379
[time 5.27 s, user 5.13 s, sys 0.12 s, maxrss 198572 KB]
[busy 554 jiffies]
[exit 0]
--- c2 case 0 rec 0   load 0.79 0.83 0.87
[TEST C2-FST]
Processing dataset...
Done!
Building trie...
Done!
build time: 1107.633063 ms (1107.633063 ns per key)
space cost: 22.510774 MB (65.567381% of original size 34.332275 MB)
Querying trie...
Done!
total time: 439.343519 ms, avg latency: 439.343519 ns
topology: 0.773712 MB, link: 3.131501 MB, data: 18.605560 MB
--- Unary Path Analysis (FST, cutoff=4) ---
  shared unary steps in main trie: 13682
  terminal suffixes: inplace=0 (avg len=0.00)  links=1000000 (100.0% of terminal)
  link len: avg=29.32  max=30  total_chars=29323284
  link length distribution (len:count):  24:2  25:10  26:206  28:3376  29:54458  30:556568  31:385380
1107.633063,22.510774,439.343519
[PASSED]
[time 2.24 s, user 2.05 s, sys 0.17 s, maxrss 312072 KB]
[busy 240 jiffies]
[exit 0]
--- c2 case 0 rec 1   load 0.80 0.83 0.87
[TEST C2-FST]
Processing dataset...
Done!
Building trie...
trie size: 4.445807 MB
Done!
build time: 2026.715309 ms (2026.715309 ns per key)
space cost: 22.510774 MB (65.567381% of original size 34.332275 MB)
Querying trie...
Done!
total time: 444.459239 ms, avg latency: 444.459239 ns
topology: 0.773712 MB, link: 3.131501 MB, data: 18.605560 MB
--- Unary Path Analysis (FST, cutoff=4) ---
  shared unary steps in main trie: 13682
  terminal suffixes: inplace=0 (avg len=0.00)  links=1000000 (100.0% of terminal)
  link len: avg=29.32  max=30  total_chars=29323284
  link length distribution (len:count):  24:2  25:10  26:206  28:3376  29:54458  30:556568  31:385380
2026.715309,22.510774,444.459239
[PASSED]
[time 3.14 s, user 2.94 s, sys 0.19 s, maxrss 361724 KB]
[busy 329 jiffies]
[exit 0]
--- c2 case 0 rec 2   load 0.74 0.81 0.87
[TEST C2-FST]
Processing dataset...
Done!
Building trie...
trie size: 4.445807 MB
Done!
build time: 2028.867973 ms (2028.867973 ns per key)
space cost: 22.510774 MB (65.567381% of original size 34.332275 MB)
Querying trie...
Done!
total time: 439.302803 ms, avg latency: 439.302803 ns
topology: 0.773712 MB, link: 3.131501 MB, data: 18.605560 MB
--- Unary Path Analysis (FST, cutoff=4) ---
  shared unary steps in main trie: 13682
  terminal suffixes: inplace=0 (avg len=0.00)  links=1000000 (100.0% of terminal)
  link len: avg=29.32  max=30  total_chars=29323284
  link length distribution (len:count):  24:2  25:10  26:206  28:3376  29:54458  30:556568  31:385380
2028.867973,22.510774,439.302803
[PASSED]
[time 3.14 s, user 2.96 s, sys 0.16 s, maxrss 361664 KB]
[busy 329 jiffies]
[exit 0]
--- c2 case 1 rec 0   load 0.74 0.81 0.87
[TEST C2-CoCo(LOUDS-Sparse)]
Processing dataset...
Done!
Building trie...
Done!
build time: 1442.514680 ms (1442.514680 ns per key)
space cost: 21.333610 MB (62.138642% of original size 34.332275 MB)
Querying trie...
Done!
total time: 492.241573 ms, avg latency: 492.241573 ns
topology: 0.346375 MB, link: 3.293192 MB, data: 17.694043 MB
1442.514680,21.333610,492.241573
[PASSED]
[time 2.62 s, user 2.41 s, sys 0.19 s, maxrss 431260 KB]
[busy 272 jiffies]
[exit 0]
--- c2 case 1 rec 1   load 0.76 0.82 0.87
[TEST C2-CoCo(LOUDS-Sparse)]
Processing dataset...
Done!
Building trie...
trie size: 4.445807 MB
Done!
build time: 2379.615532 ms (2379.615532 ns per key)
space cost: 21.333610 MB (62.138642% of original size 34.332275 MB)
Querying trie...
Done!
total time: 495.056772 ms, avg latency: 495.056772 ns
topology: 0.346375 MB, link: 3.293192 MB, data: 17.694043 MB
2379.615532,21.333610,495.056772
[PASSED]
[time 3.56 s, user 3.33 s, sys 0.22 s, maxrss 474916 KB]
[busy 372 jiffies]
[exit 0]
--- c2 case 1 rec 2   load 0.78 0.82 0.87
[TEST C2-CoCo(LOUDS-Sparse)]
Processing dataset...
Done!
Building trie...
trie size: 4.445807 MB
Done!
build time: 2396.680998 ms (2396.680998 ns per key)
space cost: 21.333610 MB (62.138642% of original size 34.332275 MB)
Querying trie...
Done!
total time: 499.720872 ms, avg latency: 499.720872 ns
topology: 0.346375 MB, link: 3.293192 MB, data: 17.694043 MB
2396.680998,21.333610,499.720872
[PASSED]
[time 3.58 s, user 3.33 s, sys 0.23 s, maxrss 474904 KB]
[busy 371 jiffies]
[exit 0]
--- c2 case 2 rec 0   load 0.80 0.82 0.87
[TEST C2-MARISA]
Processing dataset...
Done!
Building trie...
trie size: 1.966455 MB
Done!
build time: 1025.489253 ms (1025.489253 ns per key)
space cost: 21.883573 MB (63.740525% of original size 34.332275 MB)
Querying trie...
Done!
total time: 370.236106 ms, avg latency: 370.236106 ns
topology: 0.650684 MB, link: 2.984713 MB, data: 18.227668 MB
--- Unary Path Analysis (Marisa, cutoff=3) ---
  branches: 1358149  |  single-char: 345387 (25.4%)  short-unary: 12003 (0.9%)  links: 1000759 (73.7%)
  link len: avg=31.30  max=32  total_chars=31325722
  link length distribution (len:count):  3:655  4:51  5:49  6:4  25:2  26:10  27:206  29:3376  30:54458  31:556568  32:385380
  short unary avg len: 2.00
1025.489253,21.883573,370.236106
[PASSED]
[time 2.08 s, user 1.91 s, sys 0.16 s, maxrss 313140 KB]
[busy 218 jiffies]
[exit 0]
--- c2 case 2 rec 1   load 0.73 0.81 0.87
[TEST C2-MARISA]
Processing dataset...
Done!
Building trie...
trie size: 1.966455 MB
trie size: 4.448333 MB
Done!
build time: 1935.101541 ms (1935.101541 ns per key)
space cost: 21.883573 MB (63.740525% of original size 34.332275 MB)
Querying trie...
Done!
total time: 365.665502 ms, avg latency: 365.665502 ns
topology: 0.650684 MB, link: 2.984713 MB, data: 18.227668 MB
--- Unary Path Analysis (Marisa, cutoff=3) ---
  branches: 1358149  |  single-char: 345387 (25.4%)  short-unary: 12003 (0.9%)  links: 1000759 (73.7%)
  link len: avg=31.30  max=32  total_chars=31325722
  link length distribution (len:count):  3:655  4:51  5:49  6:4  25:2  26:10  27:206  29:3376  30:54458  31:556568  32:385380
  short unary avg len: 2.00
1935.101541,21.883573,365.665502
[PASSED]
[time 2.99 s, user 2.79 s, sys 0.18 s, maxrss 361568 KB]
[busy 310 jiffies]
[exit 0]
--- c2 case 2 rec 2   load 0.73 0.81 0.87
[TEST C2-MARISA]
Processing dataset...
Done!
Building trie...
trie size: 1.966455 MB
trie size: 4.448333 MB
Done!
build time: 1933.339421 ms (1933.339421 ns per key)
space cost: 21.883573 MB (63.740525% of original size 34.332275 MB)
Querying trie...
Done!
total time: 364.704005 ms, avg latency: 364.704005 ns
topology: 0.650684 MB, link: 2.984713 MB, data: 18.227668 MB
--- Unary Path Analysis (Marisa, cutoff=3) ---
  branches: 1358149  |  single-char: 345387 (25.4%)  short-unary: 12003 (0.9%)  links: 1000759 (73.7%)
  link len: avg=31.30  max=32  total_chars=31325722
  link length distribution (len:count):  3:655  4:51  5:49  6:4  25:2  26:10  27:206  29:3376  30:54458  31:556568  32:385380
  short unary avg len: 2.00
1933.339421,21.883573,364.704005
[PASSED]
[time 2.99 s, user 2.79 s, sys 0.18 s, maxrss 361732 KB]
[busy 310 jiffies]
[exit 0]
--- c2 case 3 rec 0   load 0.76 0.81 0.87
[TEST FST]
Processing dataset...
Done!
Building trie...
Done!
build time: 848.444861 ms (848.444861 ns per key)
space cost: 34.505507 MB (100.504572% of original size 34.332275 MB)
Querying trie...
Done!
total time: 458.189960 ms, avg latency: 458.189960 ns
not implemented
848.444861,34.505507,458.189960
[PASSED]
[time 2.00 s, user 1.86 s, sys 0.13 s, maxrss 207816 KB]
[busy 212 jiffies]
[exit 0]
--- c2 case 4 rec 0   skipped: exit 134 in round 1
--- c2 case 5 rec 0   load 0.78 0.82 0.87
[TEST MARISA]
Processing dataset...
Done!
Building trie...
Done!
build time: 666.571036 ms (666.571036 ns per key)
space cost: 34.975940 MB (101.874808% of original size 34.332275 MB)
Querying trie...
Done!
total time: 533.561209 ms, avg latency: 533.561209 ns
not implemented
666.571036,34.975940,533.561209
[PASSED]
[time 1.88 s, user 1.71 s, sys 0.16 s, maxrss 282288 KB]
[busy 198 jiffies]
[exit 0]
--- c2 case 5 rec 1   load 0.78 0.82 0.87
[TEST MARISA]
Processing dataset...
Done!
Building trie...
Done!
build time: 1032.064715 ms (1032.064715 ns per key)
space cost: 33.974524 MB (98.957975% of original size 34.332275 MB)
Querying trie...
Done!
total time: 793.339018 ms, avg latency: 793.339018 ns
not implemented
1032.064715,33.974524,793.339018
[PASSED]
[time 2.51 s, user 2.32 s, sys 0.17 s, maxrss 251896 KB]
[busy 260 jiffies]
[exit 0]
--- c2 case 5 rec 2   load 0.79 0.82 0.87
[TEST MARISA]
Processing dataset...
Done!
Building trie...
Done!
build time: 1307.721462 ms (1307.721462 ns per key)
space cost: 32.972683 MB (96.039900% of original size 34.332275 MB)
Querying trie...
Done!
total time: 1113.957152 ms, avg latency: 1113.957152 ns
not implemented
1307.721462,32.972683,1113.957152
[PASSED]
[time 3.10 s, user 2.91 s, sys 0.18 s, maxrss 273056 KB]
[busy 324 jiffies]
[exit 0]
--- c2 case 6 rec 0   load 0.81 0.82 0.87
[TEST PDT]
Processing dataset...
Done!
Building trie...
dict size: 166618, stream size: 19935113
Done!
build time: 16488.224876 ms (16488.224876 ns per key)
space cost: 20.446564 MB (59.554933% of original size 34.332275 MB)
Querying trie...
Done!
total time: 725.066034 ms, avg latency: 725.066034 ns
not implemented
16488.224876,20.446564,725.066034
[PASSED]
[time 17.92 s, user 17.43 s, sys 0.41 s, maxrss 648644 KB]
[busy 1842 jiffies]
[exit 0]
--- c2 case 7 rec 0   load 0.87 0.84 0.88
[TEST ART]
Processing dataset...
Done!
Building trie...
Done!
build time: 190.874140 ms (190.874140 ns per key)
space cost: 25.565071 MB (74.463667% of original size 34.332275 MB)
Querying trie...
Done!
total time: 375.859369 ms, avg latency: 375.859369 ns
not implemented
190.874140,25.565071,375.859369
[PASSED]
[time 1.29 s, user 1.16 s, sys 0.12 s, maxrss 225344 KB]
[busy 137 jiffies]
[exit 0]
--- c2 case 8 rec 0   load 0.87 0.84 0.88
[TEST CART]
Processing dataset...
Done!
Building trie...
Done!
build time: 221.869192 ms (221.869192 ns per key)
space cost: 12.300360 MB (35.827394% of original size 34.332275 MB)
Querying trie...
Done!
total time: 362.596255 ms, avg latency: 362.596255 ns
not implemented
221.869192,12.300360,362.596255
[PASSED]
[time 1.30 s, user 1.18 s, sys 0.11 s, maxrss 214764 KB]
[busy 139 jiffies]
[exit 0]
--- xcdat 7   load 0.96 0.85 0.88
build time: 857.149382 ms
space cost: 36.820305 MiB (107.246911% of original size 34.332275 MiB)
avg latency: 350.580045 ns
857.149382,36.820305,350.580045
[time 1.89 s, user 1.75 s, sys 0.12 s, maxrss 231536 KB]
[busy 199 jiffies]
[exit 0]
--- xcdat 8   load 0.96 0.85 0.88
build time: 792.068543 ms
space cost: 36.200803 MiB (105.442481% of original size 34.332275 MiB)
avg latency: 347.732685 ns
792.068543,36.200803,347.732685
[time 1.82 s, user 1.68 s, sys 0.13 s, maxrss 231116 KB]
[busy 190 jiffies]
[exit 0]
--- xcdat 15   load 1.04 0.87 0.89
build time: 812.669439 ms
space cost: 37.074831 MiB (107.988272% of original size 34.332275 MiB)
avg latency: 336.153796 ns
812.669439,37.074831,336.153796
[time 1.84 s, user 1.69 s, sys 0.13 s, maxrss 231168 KB]
[busy 194 jiffies]
[exit 0]
--- xcdat 16   load 1.04 0.87 0.89
build time: 785.786472 ms
space cost: 37.473558 MiB (109.149650% of original size 34.332275 MiB)
avg latency: 339.437774 ns
785.786472,37.473558,339.437774
[time 1.81 s, user 1.66 s, sys 0.14 s, maxrss 231052 KB]
[busy 188 jiffies]
[exit 0]

campaign done 2026-09-15T16:06:59+03:00, load 1.04 0.88 0.89
