frontier campaign
date: 2026-09-23T21:03:08+03:00
host: arz
commit: 8dc8b73
table: frontier-1m
lexindex: 4.3.1
kernel: Linux 7.2.7-200.fc44.x86_64 x86_64
cpu: AMD Ryzen 7 5800HS with Radeon Graphics
cores/threads: 8 / 16
caches: L2 512 KiB, L3 16384 KiB
governor: powersave
transparent hugepages: always [madvise] never
compiler: c++ (GCC) 16.2.1 20260819 (Red Hat 16.2.1-2)
rustc: rustc 1.98.1 (48a229cea 2026-09-01)
load at start: 0.30 0.80 0.62
rounds: 3, even rounds in the reverse order
quiet before each process: under 1.0 busy CPUs for 1 s
clock ticks: 100
address space cap: 28000000 KB
timeout: 1800 s a process
pin c2: 92c1b861456b https://github.com/alexztc/C2
pin c2/lib/sdsl-lite: 4312ea9c9370 https://github.com/vgteam/sdsl-lite
pin c2/lib/ds2i: 4f46606cc077 https://github.com/aboffa/ds2i (modified: compact_elias_fano.hpp,succinct)
pin c2/lib/sux: 5944f6b5c1c7 https://github.com/vigna/sux (modified: sux/util/Vector.hpp)
pin c2/lib/fsst: e638d4cf8c26 https://github.com/cwida/fsst
pin c2/baseline_marisa/marisa: e54f296bb52d https://github.com/s-yata/marisa-trie
pin c2/baseline_ctriepp/ctriepp: 52d2c16a7bb6 https://gitlab.com/ofek.gila1/ctriepp
pin xcdat: 2451441dcc09 https://github.com/kampersanda/xcdat
pin c2/lib/ds2i/succinct: ea74747a8b1c (gitlink)
pin c2/lib/sdsl-lite/external/googletest: 71815bbf7de6 (gitlink)
pin c2/lib/sdsl-lite/external/libdivsufsort: 0f24acd8de20 (gitlink)
pin coco adapted headers: ee860d4b1e62 https://github.com/aboffa/CoCo-trie (by sha256)

##### words-full (479823 lines, 4953557 bytes)   round 1/3   2026-09-23T21:03:08+03:00
--- lexindex dict32   load 0.28 0.78 0.62
479823 keys
lexindex DictIndex block 32: build 73 ms, size 1.304 MiB (2.850 B/key), latency cold 252.1 ns, then mean 245.1 / min 243.7 ns
73.266,1.304057,252.086
[time 0.73 s, user 0.80 s, sys 0.05 s, maxrss 82320 KB]
[busy 98 jiffies]
[exit 0]
--- lexindex dict256   load 0.28 0.78 0.62
479823 keys
lexindex DictIndex block 256: build 72 ms, size 1.206 MiB (2.635 B/key), latency cold 292.1 ns, then mean 286.1 / min 285.7 ns
71.663,1.205790,292.144
[time 0.79 s, user 0.86 s, sys 0.06 s, maxrss 85032 KB]
[busy 99 jiffies]
[exit 0]
--- lexindex dict1024   load 0.28 0.78 0.62
479823 keys
lexindex DictIndex block 1024: build 80 ms, size 1.150 MiB (2.513 B/key), latency cold 361.5 ns, then mean 362.8 / min 361.0 ns
79.574,1.150117,361.524
[time 0.95 s, user 0.99 s, sys 0.03 s, maxrss 78560 KB]
[busy 109 jiffies]
[exit 0]
--- lexindex string   load 0.26 0.77 0.61
479823 keys
lexindex StringIndex: build 158 ms, size 2.724 MiB (5.953 B/key), latency cold 147.6 ns, then mean 145.9 / min 144.3 ns
157.772,2.724010,147.595
[time 0.61 s, user 0.57 s, sys 0.03 s, maxrss 64660 KB]
[busy 71 jiffies]
[exit 0]
--- lexindex hashed0   load 0.26 0.77 0.61
479823 keys
lexindex HashedDictIndex closed: build 113 ms, size 2.403 MiB (5.252 B/key), latency cold 14.4 ns, then mean 12.0 / min 11.7 ns
112.581,2.403296,14.417
[time 0.31 s, user 0.38 s, sys 0.06 s, maxrss 85364 KB]
[busy 56 jiffies]
[exit 0]
--- lexindex hashed8   load 0.26 0.77 0.61
479823 keys
lexindex HashedDictIndex fp=8: build 115 ms, size 2.861 MiB (6.252 B/key), latency cold 17.4 ns, then mean 14.7 / min 14.6 ns
114.779,2.860890,17.350
[time 0.32 s, user 0.40 s, sys 0.06 s, maxrss 92440 KB]
[busy 55 jiffies]
[exit 0]
--- lexindex hashed16   load 0.26 0.77 0.61
479823 keys
lexindex HashedDictIndex fp=16: build 114 ms, size 3.318 MiB (7.252 B/key), latency cold 18.8 ns, then mean 15.0 / min 14.8 ns
114.294,3.318485,18.750
[time 0.32 s, user 0.40 s, sys 0.06 s, maxrss 91372 KB]
[busy 55 jiffies]
[exit 0]
--- c2 case 0 rec 0   load 0.32 0.77 0.62
[TEST C2-FST]
Processing dataset...
Done!
Building trie...
Done!
build time: 74.896767 ms (156.092490 ns per key)
space cost: 1.889297 MB (44.282271% of original size 4.266485 MB)
Querying trie...
Done!
total time: 123.651885 ms, avg latency: 257.703122 ns
topology: 0.420059 MB, link: 0.189988 MB, data: 1.279249 MB
--- Unary Path Analysis (FST, cutoff=4) ---
  shared unary steps in main trie: 150595
  terminal suffixes: inplace=193950 (avg len=1.79)  links=60939 (23.9% of terminal)
  link len: avg=4.24  max=35  total_chars=258586
  link length distribution (len:count):  4:25346  5:15798  6:9608  7:4976  8:2612  9:1355  10:653  11:330  12:137  13:65  14:25  15:11  16:9  17:6  18:2  19:3  20:1  21:1  36:1
74.896767,1.889297,257.703122
[PASSED]
[time 0.38 s, user 0.34 s, sys 0.03 s, maxrss 48804 KB]
[busy 45 jiffies]
[exit 0]
--- c2 case 0 rec 1   load 0.32 0.77 0.62
[TEST C2-FST]
Processing dataset...
Done!
Building trie...
trie size: 0.142362 MB
Done!
build time: 73.119036 ms (152.387518 ns per key)
space cost: 1.889297 MB (44.282271% of original size 4.266485 MB)
Querying trie...
Done!
total time: 122.449716 ms, avg latency: 255.197679 ns
topology: 0.420059 MB, link: 0.189988 MB, data: 1.279249 MB
--- Unary Path Analysis (FST, cutoff=4) ---
  shared unary steps in main trie: 150595
  terminal suffixes: inplace=193950 (avg len=1.79)  links=60939 (23.9% of terminal)
  link len: avg=4.24  max=35  total_chars=258586
  link length distribution (len:count):  4:25346  5:15798  6:9608  7:4976  8:2612  9:1355  10:653  11:330  12:137  13:65  14:25  15:11  16:9  17:6  18:2  19:3  20:1  21:1  36:1
73.119036,1.889297,255.197679
[PASSED]
[time 0.37 s, user 0.34 s, sys 0.03 s, maxrss 49020 KB]
[busy 43 jiffies]
[exit 0]
--- c2 case 0 rec 2   load 0.32 0.77 0.62
[TEST C2-FST]
Processing dataset...
Done!
Building trie...
trie size: 0.142362 MB
Done!
build time: 72.760322 ms (151.639921 ns per key)
space cost: 1.889297 MB (44.282271% of original size 4.266485 MB)
Querying trie...
Done!
total time: 125.005980 ms, avg latency: 260.525194 ns
topology: 0.420059 MB, link: 0.189988 MB, data: 1.279249 MB
--- Unary Path Analysis (FST, cutoff=4) ---
  shared unary steps in main trie: 150595
  terminal suffixes: inplace=193950 (avg len=1.79)  links=60939 (23.9% of terminal)
  link len: avg=4.24  max=35  total_chars=258586
  link length distribution (len:count):  4:25346  5:15798  6:9608  7:4976  8:2612  9:1355  10:653  11:330  12:137  13:65  14:25  15:11  16:9  17:6  18:2  19:3  20:1  21:1  36:1
72.760322,1.889297,260.525194
[PASSED]
[time 0.37 s, user 0.34 s, sys 0.03 s, maxrss 48916 KB]
[busy 44 jiffies]
[exit 0]
--- c2 case 1 rec 0   load 0.29 0.76 0.61
[TEST C2-CoCo(LOUDS-Sparse)]
Processing dataset...
Done!
Building trie...
Done!
build time: 415.961036 ms (866.905163 ns per key)
space cost: 2.136750 MB (50.082199% of original size 4.266485 MB)
Querying trie...
Done!
total time: 197.038063 ms, avg latency: 410.647391 ns
topology: 0.195229 MB, link: 0.520357 MB, data: 1.421164 MB
415.961036,2.136750,410.647391
[PASSED]
[time 0.79 s, user 0.73 s, sys 0.05 s, maxrss 97896 KB]
[busy 90 jiffies]
[exit 0]
--- c2 case 1 rec 1   load 0.29 0.76 0.61
[TEST C2-CoCo(LOUDS-Sparse)]
Processing dataset...
Done!
Building trie...
trie size: 0.142362 MB
Done!
build time: 422.256957 ms (880.026504 ns per key)
space cost: 2.136750 MB (50.082199% of original size 4.266485 MB)
Querying trie...
Done!
total time: 203.268241 ms, avg latency: 423.631716 ns
topology: 0.195229 MB, link: 0.520357 MB, data: 1.421164 MB
422.256957,2.136750,423.631716
[PASSED]
[time 0.81 s, user 0.74 s, sys 0.05 s, maxrss 98168 KB]
[busy 89 jiffies]
[exit 0]
--- c2 case 1 rec 2   load 0.29 0.76 0.61
[TEST C2-CoCo(LOUDS-Sparse)]
Processing dataset...
Done!
Building trie...
trie size: 0.142362 MB
Done!
build time: 420.359762 ms (876.072556 ns per key)
space cost: 2.136750 MB (50.082199% of original size 4.266485 MB)
Querying trie...
Done!
total time: 200.045204 ms, avg latency: 416.914579 ns
topology: 0.195229 MB, link: 0.520357 MB, data: 1.421164 MB
420.359762,2.136750,416.914579
[PASSED]
[time 0.80 s, user 0.73 s, sys 0.06 s, maxrss 98148 KB]
[busy 90 jiffies]
[exit 0]
--- c2 case 2 rec 0   load 0.27 0.75 0.61
[TEST C2-MARISA]
Processing dataset...
Done!
Building trie...
trie size: 1.224291 MB
Done!
build time: 114.958337 ms (239.584882 ns per key)
space cost: 1.753984 MB (41.110759% of original size 4.266485 MB)
Querying trie...
Done!
total time: 98.660868 ms, avg latency: 205.619297 ns
topology: 0.405689 MB, link: 0.420969 MB, data: 0.917072 MB
--- Unary Path Analysis (Marisa, cutoff=3) ---
  branches: 742737  |  single-char: 411656 (55.4%)  short-unary: 124451 (16.8%)  links: 206630 (27.8%)
  link len: avg=4.35  max=37  total_chars=898820
  link length distribution (len:count):  3:81252  4:55503  5:30038  6:18037  7:10646  8:5519  9:2885  10:1442  11:688  12:346  13:146  14:66  15:26  16:12  17:9  18:7  19:2  20:3  21:1  22:1  37:1
  short unary avg len: 2.00
114.958337,1.753984,205.619297
[PASSED]
[time 0.39 s, user 0.34 s, sys 0.04 s, maxrss 62856 KB]
[busy 49 jiffies]
[exit 0]
--- c2 case 2 rec 1   load 0.27 0.75 0.61
[TEST C2-MARISA]
Processing dataset...
Done!
Building trie...
trie size: 1.224291 MB
trie size: 0.455650 MB
Done!
build time: 119.014690 ms (248.038735 ns per key)
space cost: 1.692706 MB (39.674487% of original size 4.266485 MB)
Querying trie...
Done!
total time: 104.107684 ms, avg latency: 216.971016 ns
topology: 0.426247 MB, link: 0.398585 MB, data: 0.857620 MB
--- Unary Path Analysis (Marisa, cutoff=3) ---
  branches: 742737  |  single-char: 411656 (55.4%)  short-unary: 124451 (16.8%)  links: 206630 (27.8%)
  link len: avg=4.35  max=37  total_chars=898820
  link length distribution (len:count):  3:81252  4:55503  5:30038  6:18037  7:10646  8:5519  9:2885  10:1442  11:688  12:346  13:146  14:66  15:26  16:12  17:9  18:7  19:2  20:3  21:1  22:1  37:1
  short unary avg len: 2.00
119.014690,1.692706,216.971016
[PASSED]
[time 0.40 s, user 0.35 s, sys 0.04 s, maxrss 62912 KB]
[busy 47 jiffies]
[exit 0]
--- c2 case 2 rec 2   load 0.27 0.75 0.61
[TEST C2-MARISA]
Processing dataset...
Done!
Building trie...
trie size: 1.224291 MB
trie size: 0.455650 MB
trie size: 0.007228 MB
Done!
build time: 112.924945 ms (235.347086 ns per key)
space cost: 1.692706 MB (39.674487% of original size 4.266485 MB)
Querying trie...
Done!
total time: 106.781520 ms, avg latency: 222.543563 ns
topology: 0.426247 MB, link: 0.398585 MB, data: 0.857620 MB
--- Unary Path Analysis (Marisa, cutoff=3) ---
  branches: 742737  |  single-char: 411656 (55.4%)  short-unary: 124451 (16.8%)  links: 206630 (27.8%)
  link len: avg=4.35  max=37  total_chars=898820
  link length distribution (len:count):  3:81252  4:55503  5:30038  6:18037  7:10646  8:5519  9:2885  10:1442  11:688  12:346  13:146  14:66  15:26  16:12  17:9  18:7  19:2  20:3  21:1  22:1  37:1
  short unary avg len: 2.00
112.924945,1.692706,222.543563
[PASSED]
[time 0.39 s, user 0.34 s, sys 0.04 s, maxrss 62788 KB]
[busy 45 jiffies]
[exit 0]
--- c2 case 3 rec 0   load 0.25 0.74 0.61
[TEST FST]
Processing dataset...
Done!
Building trie...
Done!
build time: 186.620344 ms (388.935803 ns per key)
space cost: 2.144493 MB (50.263695% of original size 4.266485 MB)
Querying trie...
Done!
total time: 207.749754 ms, avg latency: 432.971646 ns
not implemented
186.620344,2.144493,432.971646
[PASSED]
[time 0.56 s, user 0.53 s, sys 0.02 s, maxrss 41468 KB]
[busy 63 jiffies]
[exit 0]
--- c2 case 4 rec 0   load 0.25 0.74 0.61
[TEST COCO]
Processing dataset...
Done!
Building trie...
num nodes = 100870, average depth = 2.907644
ef = 0.002379, pa = 0.381531, bv = 0.002558, de = 0.468484
efr = 0.010370, par = 0.134639, bvr = 0.000020, der = 0.000020
Done!
build time: 1566.907012 ms (3265.593796 ns per key)
space cost: 2.485874 MB (58.265159% of original size 4.266485 MB)
Querying trie...
Done!
total time: 168.388622 ms, avg latency: 350.939038 ns
not implemented
1566.907012,2.485874,350.939038
[PASSED]
[time 1.96 s, user 1.57 s, sys 0.38 s, maxrss 919984 KB]
[busy 209 jiffies]
[exit 0]
--- c2 case 5 rec 0   load 0.25 0.74 0.61
[TEST MARISA]
Processing dataset...
Done!
Building trie...
Done!
build time: 148.831461 ms (310.179923 ns per key)
space cost: 1.546566 MB (36.249182% of original size 4.266485 MB)
Querying trie...
Done!
total time: 143.570594 ms, avg latency: 299.215740 ns
not implemented
148.831461,1.546566,299.215740
[PASSED]
[time 0.46 s, user 0.42 s, sys 0.04 s, maxrss 63060 KB]
[busy 50 jiffies]
[exit 0]
--- c2 case 5 rec 1   load 0.31 0.74 0.61
[TEST MARISA]
Processing dataset...
Done!
Building trie...
Done!
build time: 157.355800 ms (327.945513 ns per key)
space cost: 1.371034 MB (32.134968% of original size 4.266485 MB)
Querying trie...
Done!
total time: 162.630011 ms, avg latency: 338.937506 ns
not implemented
157.355800,1.371034,338.937506
[PASSED]
[time 0.49 s, user 0.44 s, sys 0.04 s, maxrss 63200 KB]
[busy 58 jiffies]
[exit 0]
--- c2 case 5 rec 2   load 0.31 0.74 0.61
[TEST MARISA]
Processing dataset...
Done!
Building trie...
Done!
build time: 152.770352 ms (318.388973 ns per key)
space cost: 1.362252 MB (31.929145% of original size 4.266485 MB)
Querying trie...
Done!
total time: 162.210272 ms, avg latency: 338.062727 ns
not implemented
152.770352,1.362252,338.062727
[PASSED]
[time 0.49 s, user 0.44 s, sys 0.04 s, maxrss 63416 KB]
[busy 53 jiffies]
[exit 0]
--- c2 case 6 rec 0   load 0.31 0.74 0.61
[TEST PDT]
Processing dataset...
Done!
Building trie...
dict size: 35774, stream size: 975943
Done!
build time: 333.327401 ms (694.688252 ns per key)
space cost: 1.577207 MB (36.967352% of original size 4.266485 MB)
Querying trie...
Done!
total time: 207.035817 ms, avg latency: 431.483728 ns
not implemented
333.327401,1.577207,431.483728
[PASSED]
[time 0.71 s, user 0.67 s, sys 0.03 s, maxrss 53056 KB]
[busy 78 jiffies]
[exit 0]
--- c2 case 7 rec 0   load 0.36 0.74 0.61
[TEST ART]
Processing dataset...
Done!
Building trie...
Done!
build time: 46.434148 ms (96.773494 ns per key)
space cost: 16.425407 MB (384.986859% of original size 4.266485 MB)
Querying trie...
Done!
total time: 80.609099 ms, avg latency: 167.997572 ns
not implemented
46.434148,16.425407,167.997572
[PASSED]
[time 0.30 s, user 0.26 s, sys 0.03 s, maxrss 62084 KB]
[busy 34 jiffies]
[exit 0]
--- c2 case 8 rec 0   load 0.36 0.74 0.61
[TEST CART]
Processing dataset...
Done!
Building trie...
Done!
build time: 67.417770 ms (140.505499 ns per key)
space cost: 7.328448 MB (171.767812% of original size 4.266485 MB)
Querying trie...
Done!
total time: 103.877604 ms, avg latency: 216.491506 ns
not implemented
67.417770,7.328448,216.491506
[PASSED]
[time 0.35 s, user 0.30 s, sys 0.04 s, maxrss 62140 KB]
[busy 40 jiffies]
[exit 0]
--- xcdat 7   load 0.36 0.74 0.61
build time: 109.804171 ms
space cost: 2.721505 MiB (63.787990% of original size 4.266485 MiB)
avg latency: 106.514383 ns
109.804171,2.721505,106.514383
[time 0.32 s, user 0.29 s, sys 0.03 s, maxrss 52132 KB]
[busy 37 jiffies]
[exit 0]
--- xcdat 8   load 0.33 0.73 0.61
build time: 95.940930 ms
space cost: 2.597720 MiB (60.886655% of original size 4.266485 MiB)
avg latency: 110.920139 ns
95.940930,2.597720,110.920139
[time 0.32 s, user 0.28 s, sys 0.03 s, maxrss 51824 KB]
[busy 36 jiffies]
[exit 0]
--- xcdat 15   load 0.33 0.73 0.61
build time: 105.499913 ms
space cost: 3.340850 MiB (78.304499% of original size 4.266485 MiB)
avg latency: 79.156695 ns
105.499913,3.340850,79.156695
[time 0.31 s, user 0.27 s, sys 0.03 s, maxrss 58196 KB]
[busy 38 jiffies]
[exit 0]
--- xcdat 16   load 0.33 0.73 0.61
build time: 101.508572 ms
space cost: 3.550420 MiB (83.216503% of original size 4.266485 MiB)
avg latency: 87.153102 ns
101.508572,3.550420,87.153102
[time 0.31 s, user 0.28 s, sys 0.03 s, maxrss 58264 KB]
[busy 38 jiffies]
[exit 0]

##### dna-1000000 (1000000 lines, 25000000 bytes)   round 1/3   2026-09-23T21:03:52+03:00
--- lexindex dict32   load 0.33 0.73 0.61
1000000 keys
lexindex DictIndex block 32: build 182 ms, size 4.768 MiB (5.000 B/key), latency cold 348.1 ns, then mean 356.6 / min 350.6 ns
182.167,4.768131,348.120
[time 2.10 s, user 2.66 s, sys 0.14 s, maxrss 187600 KB]
[busy 301 jiffies]
[exit 0]
--- lexindex dict256   load 0.47 0.75 0.61
1000000 keys
lexindex DictIndex block 256: build 183 ms, size 4.172 MiB (4.375 B/key), latency cold 350.1 ns, then mean 344.5 / min 342.0 ns
182.827,4.172320,350.100
[time 2.06 s, user 2.58 s, sys 0.16 s, maxrss 192780 KB]
[busy 294 jiffies]
[exit 0]
--- lexindex dict1024   load 0.43 0.74 0.61
1000000 keys
lexindex DictIndex block 1024: build 187 ms, size 4.035 MiB (4.231 B/key), latency cold 390.8 ns, then mean 380.7 / min 379.2 ns
186.758,4.034555,390.767
[time 2.21 s, user 2.47 s, sys 0.11 s, maxrss 173464 KB]
[busy 281 jiffies]
[exit 0]
--- lexindex string   load 0.43 0.74 0.61
1000000 keys
lexindex StringIndex: build 1099 ms, size 16.920 MiB (17.741 B/key), latency cold 437.2 ns, then mean 431.6 / min 418.3 ns
1098.795,16.919603,437.213
[time 3.32 s, user 3.22 s, sys 0.08 s, maxrss 164708 KB]
[busy 353 jiffies]
[exit 0]
--- lexindex hashed0   load 0.47 0.74 0.61
1000000 keys
lexindex HashedDictIndex closed: build 268 ms, size 6.786 MiB (7.115 B/key), latency cold 42.0 ns, then mean 39.7 / min 39.6 ns
268.327,6.785599,41.985
[time 0.92 s, user 1.47 s, sys 0.17 s, maxrss 189696 KB]
[busy 182 jiffies]
[exit 0]
--- lexindex hashed8   load 0.47 0.74 0.61
1000000 keys
lexindex HashedDictIndex fp=8: build 268 ms, size 7.739 MiB (8.115 B/key), latency cold 57.1 ns, then mean 55.4 / min 55.2 ns
267.670,7.739273,57.132
[time 0.98 s, user 1.57 s, sys 0.16 s, maxrss 188796 KB]
[busy 193 jiffies]
[exit 0]
--- lexindex hashed16   load 0.52 0.75 0.62
1000000 keys
lexindex HashedDictIndex fp=16: build 266 ms, size 8.693 MiB (9.115 B/key), latency cold 58.1 ns, then mean 56.1 / min 55.9 ns
265.572,8.692947,58.114
[time 0.98 s, user 1.53 s, sys 0.18 s, maxrss 189732 KB]
[busy 186 jiffies]
[exit 0]
--- c2 case 0 rec 0   load 0.52 0.75 0.62
[TEST C2-FST]
Processing dataset...
Done!
Building trie...
Done!
build time: 1420.148609 ms (1420.148609 ns per key)
space cost: 11.502727 MB (50.256179% of original size 22.888184 MB)
Querying trie...
Done!
total time: 407.430383 ms, avg latency: 407.430383 ns
topology: 0.892128 MB, link: 2.893083 MB, data: 7.717516 MB
--- Unary Path Analysis (FST, cutoff=4) ---
  shared unary steps in main trie: 98146
  terminal suffixes: inplace=2 (avg len=3.00)  links=999998 (100.0% of terminal)
  link len: avg=12.12  max=15  total_chars=12118007
  link length distribution (len:count):  4:2  5:10  6:40  7:176  8:732  9:2727  10:11261  11:42928  12:153933  13:402475  14:363824  15:21889  16:1
1420.148609,11.502727,407.430383
[PASSED]
[time 2.54 s, user 2.38 s, sys 0.14 s, maxrss 255864 KB]
[busy 267 jiffies]
[exit 0]
--- c2 case 0 rec 1   load 0.56 0.75 0.62
[TEST C2-FST]
Processing dataset...
Done!
Building trie...
trie size: 5.258043 MB
Done!
build time: 2129.259443 ms (2129.259443 ns per key)
space cost: 11.502727 MB (50.256179% of original size 22.888184 MB)
Querying trie...
Done!
total time: 409.331906 ms, avg latency: 409.331906 ns
topology: 0.892128 MB, link: 2.893083 MB, data: 7.717516 MB
--- Unary Path Analysis (FST, cutoff=4) ---
  shared unary steps in main trie: 98146
  terminal suffixes: inplace=2 (avg len=3.00)  links=999998 (100.0% of terminal)
  link len: avg=12.12  max=15  total_chars=12118007
  link length distribution (len:count):  4:2  5:10  6:40  7:176  8:732  9:2727  10:11261  11:42928  12:153933  13:402475  14:363824  15:21889  16:1
2129.259443,11.502727,409.331906
[PASSED]
[time 3.23 s, user 3.04 s, sys 0.18 s, maxrss 284044 KB]
[busy 343 jiffies]
[exit 0]
--- c2 case 0 rec 2   load 0.59 0.76 0.62
[TEST C2-FST]
Processing dataset...
Done!
Building trie...
trie size: 5.258043 MB
Done!
build time: 2125.915028 ms (2125.915028 ns per key)
space cost: 11.502727 MB (50.256179% of original size 22.888184 MB)
Querying trie...
Done!
total time: 414.790405 ms, avg latency: 414.790405 ns
topology: 0.892128 MB, link: 2.893083 MB, data: 7.717516 MB
--- Unary Path Analysis (FST, cutoff=4) ---
  shared unary steps in main trie: 98146
  terminal suffixes: inplace=2 (avg len=3.00)  links=999998 (100.0% of terminal)
  link len: avg=12.12  max=15  total_chars=12118007
  link length distribution (len:count):  4:2  5:10  6:40  7:176  8:732  9:2727  10:11261  11:42928  12:153933  13:402475  14:363824  15:21889  16:1
2125.915028,11.502727,414.790405
[PASSED]
[time 3.25 s, user 3.05 s, sys 0.18 s, maxrss 284540 KB]
[busy 339 jiffies]
[exit 0]
--- c2 case 1 rec 0   load 0.54 0.75 0.62
[TEST C2-CoCo(LOUDS-Sparse)]
Processing dataset...
Done!
Building trie...
Done!
build time: 2000.409120 ms (2000.409120 ns per key)
space cost: 9.777104 MB (42.716818% of original size 22.888184 MB)
Querying trie...
Done!
total time: 459.123003 ms, avg latency: 459.123003 ns
topology: 0.343521 MB, link: 3.029230 MB, data: 6.404353 MB
2000.409120,9.777104,459.123003
[PASSED]
[time 3.16 s, user 2.96 s, sys 0.18 s, maxrss 385948 KB]
[busy 334 jiffies]
[exit 0]
--- c2 case 1 rec 1   load 0.50 0.73 0.61
[TEST C2-CoCo(LOUDS-Sparse)]
Processing dataset...
Done!
Building trie...
trie size: 5.258043 MB
Done!
build time: 2685.487563 ms (2685.487563 ns per key)
space cost: 9.777104 MB (42.716818% of original size 22.888184 MB)
Querying trie...
Done!
total time: 459.242477 ms, avg latency: 459.242477 ns
topology: 0.343521 MB, link: 3.029230 MB, data: 6.404353 MB
2685.487563,9.777104,459.242477
[PASSED]
[time 3.84 s, user 3.62 s, sys 0.20 s, maxrss 413904 KB]
[busy 402 jiffies]
[exit 0]
--- c2 case 1 rec 2   load 0.50 0.73 0.61
[TEST C2-CoCo(LOUDS-Sparse)]
Processing dataset...
Done!
Building trie...
trie size: 5.258043 MB
Done!
build time: 2691.589009 ms (2691.589009 ns per key)
space cost: 9.777104 MB (42.716818% of original size 22.888184 MB)
Querying trie...
Done!
total time: 442.930044 ms, avg latency: 442.930044 ns
topology: 0.343521 MB, link: 3.029230 MB, data: 6.404353 MB
2691.589009,9.777104,442.930044
[PASSED]
[time 3.83 s, user 3.61 s, sys 0.20 s, maxrss 413964 KB]
[busy 403 jiffies]
[exit 0]
--- c2 case 2 rec 0   load 0.54 0.74 0.62
[TEST C2-MARISA]
Processing dataset...
Done!
Building trie...
trie size: 2.428399 MB
Done!
build time: 1311.037059 ms (1311.037059 ns per key)
space cost: 10.748939 MB (46.962829% of original size 22.888184 MB)
Querying trie...
Done!
total time: 381.989806 ms, avg latency: 381.989806 ns
topology: 0.804615 MB, link: 2.791285 MB, data: 7.132531 MB
--- Unary Path Analysis (Marisa, cutoff=3) ---
  branches: 1681124  |  single-char: 605889 (36.0%)  short-unary: 58000 (3.5%)  links: 1017235 (60.5%)
  link len: avg=13.94  max=17  total_chars=14175392
  link length distribution (len:count):  3:13001  4:3156  5:812  6:209  7:97  8:186  9:733  10:2730  11:11261  12:42928  13:153933  14:402475  15:363824  16:21889  17:1
  short unary avg len: 2.00
1311.037059,10.748939,381.989806
[PASSED]
[time 2.41 s, user 2.24 s, sys 0.15 s, maxrss 252408 KB]
[busy 254 jiffies]
[exit 0]
--- c2 case 2 rec 1   load 0.58 0.74 0.62
[TEST C2-MARISA]
Processing dataset...
Done!
Building trie...
trie size: 2.428399 MB
trie size: 5.162292 MB
Done!
build time: 2189.232302 ms (2189.232302 ns per key)
space cost: 10.748939 MB (46.962829% of original size 22.888184 MB)
Querying trie...
Done!
total time: 387.570673 ms, avg latency: 387.570673 ns
topology: 0.804615 MB, link: 2.791285 MB, data: 7.132531 MB
--- Unary Path Analysis (Marisa, cutoff=3) ---
  branches: 1681124  |  single-char: 605889 (36.0%)  short-unary: 58000 (3.5%)  links: 1017235 (60.5%)
  link len: avg=13.94  max=17  total_chars=14175392
  link length distribution (len:count):  3:13001  4:3156  5:812  6:209  7:97  8:186  9:733  10:2730  11:11261  12:42928  13:153933  14:402475  15:363824  16:21889  17:1
  short unary avg len: 2.00
2189.232302,10.748939,387.570673
[PASSED]
[time 3.31 s, user 3.06 s, sys 0.23 s, maxrss 284936 KB]
[busy 349 jiffies]
[exit 0]
--- c2 case 2 rec 2   load 0.61 0.75 0.62
[TEST C2-MARISA]
Processing dataset...
Done!
Building trie...
trie size: 2.428399 MB
trie size: 5.162292 MB
Done!
build time: 2203.282495 ms (2203.282495 ns per key)
space cost: 10.748939 MB (46.962829% of original size 22.888184 MB)
Querying trie...
Done!
total time: 388.569150 ms, avg latency: 388.569150 ns
topology: 0.804615 MB, link: 2.791285 MB, data: 7.132531 MB
--- Unary Path Analysis (Marisa, cutoff=3) ---
  branches: 1681124  |  single-char: 605889 (36.0%)  short-unary: 58000 (3.5%)  links: 1017235 (60.5%)
  link len: avg=13.94  max=17  total_chars=14175392
  link length distribution (len:count):  3:13001  4:3156  5:812  6:209  7:97  8:186  9:733  10:2730  11:11261  12:42928  13:153933  14:402475  15:363824  16:21889  17:1
  short unary avg len: 2.00
2203.282495,10.748939,388.569150
[PASSED]
[time 3.32 s, user 3.09 s, sys 0.21 s, maxrss 285400 KB]
[busy 349 jiffies]
[exit 0]
--- c2 case 3 rec 0   load 0.64 0.75 0.62
[TEST FST]
Processing dataset...
Done!
Building trie...
Done!
build time: 946.044574 ms (946.044574 ns per key)
space cost: 18.082896 MB (79.005379% of original size 22.888184 MB)
Querying trie...
Done!
total time: 555.414953 ms, avg latency: 555.414953 ns
not implemented
946.044574,18.082896,555.414953
[PASSED]
[time 2.22 s, user 2.10 s, sys 0.10 s, maxrss 178976 KB]
[busy 234 jiffies]
[exit 0]
--- c2 case 4 rec 0   load 0.59 0.74 0.62
[TEST COCO]
Processing dataset...
Done!
Building trie...
num nodes = 65537, average depth = 14.999878
ef = 0.000000, pa = 0.000000, bv = 0.000000, de = 0.000015
efr = 0.000015, par = 0.999969, bvr = 0.000000, der = 0.000000
Done!
build time: 22249.564213 ms (22249.564213 ns per key)
space cost: 5.857979 MB (25.593899% of original size 22.888184 MB)
Querying trie...
Done!
total time: 357.679142 ms, avg latency: 357.679142 ns
not implemented
22249.564213,5.857979,357.679142
[PASSED]
[time 24.21 s, user 18.45 s, sys 5.66 s, maxrss 13623860 KB]
[busy 2515 jiffies]
[exit 0]
--- c2 case 5 rec 0   load 0.65 0.74 0.63
[TEST MARISA]
Processing dataset...
Done!
Building trie...
Done!
build time: 682.715232 ms (682.715232 ns per key)
space cost: 18.867507 MB (82.433396% of original size 22.888184 MB)
Querying trie...
Done!
total time: 547.048290 ms, avg latency: 547.048290 ns
not implemented
682.715232,18.867507,547.048290
[PASSED]
[time 1.93 s, user 1.79 s, sys 0.13 s, maxrss 222784 KB]
[busy 208 jiffies]
[exit 0]
--- c2 case 5 rec 1   load 0.65 0.74 0.63
[TEST MARISA]
Processing dataset...
Done!
Building trie...
Done!
build time: 950.488325 ms (950.488325 ns per key)
space cost: 7.640043 MB (33.379858% of original size 22.888184 MB)
Querying trie...
Done!
total time: 722.628797 ms, avg latency: 722.628797 ns
not implemented
950.488325,7.640043,722.628797
[PASSED]
[time 2.38 s, user 2.22 s, sys 0.14 s, maxrss 221664 KB]
[busy 252 jiffies]
[exit 0]
--- c2 case 5 rec 2   load 0.68 0.75 0.63
[TEST MARISA]
Processing dataset...
Done!
Building trie...
Done!
build time: 957.130537 ms (957.130537 ns per key)
space cost: 7.210847 MB (31.504671% of original size 22.888184 MB)
Querying trie...
Done!
total time: 782.240147 ms, avg latency: 782.240147 ns
not implemented
957.130537,7.210847,782.240147
[PASSED]
[time 2.43 s, user 2.29 s, sys 0.13 s, maxrss 221960 KB]
[busy 254 jiffies]
[exit 0]
--- c2 case 6 rec 0   load 0.62 0.73 0.63
[TEST PDT]
Processing dataset...
Done!
Building trie...
dict size: 151324, stream size: 6218209
Done!
build time: 2893.459329 ms (2893.459329 ns per key)
space cost: 7.350519 MB (32.114908% of original size 22.888184 MB)
Querying trie...
Done!
total time: 765.153097 ms, avg latency: 765.153097 ns
not implemented
2893.459329,7.350519,765.153097
[PASSED]
[time 4.36 s, user 4.19 s, sys 0.14 s, maxrss 212948 KB]
[busy 455 jiffies]
[exit 0]
--- c2 case 7 rec 0   load 0.57 0.72 0.62
[TEST ART]
Processing dataset...
Done!
Building trie...
Done!
build time: 196.408686 ms (196.408686 ns per key)
space cost: 33.278465 MB (145.395833% of original size 22.888184 MB)
Querying trie...
Done!
total time: 413.734229 ms, avg latency: 413.734229 ns
not implemented
196.408686,33.278465,413.734229
[PASSED]
[time 1.34 s, user 1.21 s, sys 0.12 s, maxrss 223264 KB]
[busy 141 jiffies]
[exit 0]
--- c2 case 8 rec 0   load 0.57 0.72 0.62
[TEST CART]
Processing dataset...
Done!
Building trie...
Done!
build time: 246.048439 ms (246.048439 ns per key)
space cost: 15.643999 MB (68.349675% of original size 22.888184 MB)
Querying trie...
Done!
total time: 442.653393 ms, avg latency: 442.653393 ns
not implemented
246.048439,15.643999,442.653393
[PASSED]
[time 1.41 s, user 1.30 s, sys 0.10 s, maxrss 214696 KB]
[busy 149 jiffies]
[exit 0]
--- xcdat 7   load 0.53 0.71 0.62
build time: 831.445542 ms
space cost: 19.789600 MiB (86.462083% of original size 22.888184 MiB)
avg latency: 297.572321 ns
831.445542,19.789600,297.572321
[time 1.84 s, user 1.70 s, sys 0.12 s, maxrss 180452 KB]
[busy 198 jiffies]
[exit 0]
--- xcdat 8   load 0.53 0.71 0.62
build time: 791.250308 ms
space cost: 19.685819 MiB (86.008654% of original size 22.888184 MiB)
avg latency: 297.379097 ns
791.250308,19.685819,297.379097
[time 1.81 s, user 1.69 s, sys 0.11 s, maxrss 180432 KB]
[busy 191 jiffies]
[exit 0]
--- xcdat 15   load 0.57 0.71 0.62
build time: 814.766419 ms
space cost: 21.414997 MiB (93.563550% of original size 22.888184 MiB)
avg latency: 284.636502 ns
814.766419,21.414997,284.636502
[time 1.79 s, user 1.67 s, sys 0.11 s, maxrss 182104 KB]
[busy 192 jiffies]
[exit 0]
--- xcdat 16   load 0.57 0.71 0.62
build time: 797.449662 ms
space cost: 21.935129 MiB (95.836042% of original size 22.888184 MiB)
avg latency: 290.750225 ns
797.449662,21.935129,290.750225
[time 1.81 s, user 1.69 s, sys 0.11 s, maxrss 182744 KB]
[busy 192 jiffies]
[exit 0]

##### domains-1000000 (1000000 lines, 14782044 bytes)   round 1/3   2026-09-23T21:05:49+03:00
--- lexindex dict32   load 0.60 0.72 0.62
1000000 keys
lexindex DictIndex block 32: build 262 ms, size 4.599 MiB (4.822 B/key), latency cold 321.9 ns, then mean 313.4 / min 312.1 ns
262.237,4.598972,321.939
[time 2.00 s, user 3.39 s, sys 0.21 s, maxrss 236872 KB]
[busy 383 jiffies]
[exit 0]
--- lexindex dict256   load 0.60 0.72 0.62
1000000 keys
lexindex DictIndex block 256: build 264 ms, size 4.291 MiB (4.500 B/key), latency cold 350.3 ns, then mean 353.2 / min 348.8 ns
263.805,4.291158,350.270
[time 2.16 s, user 3.55 s, sys 0.24 s, maxrss 237424 KB]
[busy 402 jiffies]
[exit 0]
--- lexindex dict1024   load 0.71 0.74 0.63
1000000 keys
lexindex DictIndex block 1024: build 272 ms, size 4.160 MiB (4.363 B/key), latency cold 421.4 ns, then mean 418.5 / min 416.6 ns
271.924,4.160439,421.432
[time 2.42 s, user 3.23 s, sys 0.16 s, maxrss 214952 KB]
[busy 359 jiffies]
[exit 0]
--- lexindex string   load 0.74 0.75 0.63
1000000 keys
lexindex StringIndex: build 592 ms, size 10.017 MiB (10.504 B/key), latency cold 207.0 ns, then mean 200.7 / min 198.1 ns
591.593,10.017015,207.040
[time 1.86 s, user 1.77 s, sys 0.07 s, maxrss 136144 KB]
[busy 199 jiffies]
[exit 0]
--- lexindex hashed0   load 0.74 0.75 0.63
1000000 keys
lexindex HashedDictIndex closed: build 347 ms, size 6.905 MiB (7.240 B/key), latency cold 27.3 ns, then mean 21.7 / min 20.6 ns
346.853,6.904865,27.255
[time 0.92 s, user 2.33 s, sys 0.24 s, maxrss 240216 KB]
[busy 276 jiffies]
[exit 0]
--- lexindex hashed8   load 0.76 0.75 0.64
1000000 keys
lexindex HashedDictIndex fp=8: build 349 ms, size 7.859 MiB (8.240 B/key), latency cold 34.5 ns, then mean 28.8 / min 27.0 ns
349.410,7.858540,34.514
[time 0.95 s, user 2.41 s, sys 0.21 s, maxrss 241444 KB]
[busy 285 jiffies]
[exit 0]
--- lexindex hashed16   load 0.76 0.75 0.64
1000000 keys
lexindex HashedDictIndex fp=16: build 352 ms, size 8.812 MiB (9.240 B/key), latency cold 35.5 ns, then mean 32.7 / min 29.7 ns
351.944,8.812214,35.501
[time 0.95 s, user 2.37 s, sys 0.24 s, maxrss 254980 KB]
[busy 279 jiffies]
[exit 0]
--- c2 case 0 rec 0   load 0.70 0.74 0.63
[TEST C2-FST]
Processing dataset...
Done!
Building trie...
Done!
build time: 622.902641 ms (622.902641 ns per key)
space cost: 6.917822 MB (52.632701% of original size 13.143581 MB)
Querying trie...
Done!
total time: 335.303057 ms, avg latency: 335.303057 ns
topology: 0.942398 MB, link: 2.041207 MB, data: 3.934216 MB
--- Unary Path Analysis (FST, cutoff=4) ---
  shared unary steps in main trie: 268333
  terminal suffixes: inplace=220500 (avg len=1.97)  links=754948 (77.4% of terminal)
  link len: avg=6.76  max=63  total_chars=5105329
  link length distribution (len:count):  4:91687  5:111663  6:114934  7:103953  8:85177  9:68086  10:51456  11:37502  12:26935  13:19286  14:13392  15:9281  16:6718  17:4599  18:3138  19:2143  20:1561  21:980  22:717  23:511  24:315  25:289  26:154  27:98  28:76  29:70  30:38  31:24  32:35  33:24  34:15  35:9  36:12  37:9  38:5  39:5  40:5  41:8  42:4  43:7  45:3  46:1  48:1  50:1  52:4  54:2  55:1  56:5  57:4  59:2  63:2  64:1
622.902641,6.917822,335.303057
[PASSED]
[time 1.38 s, user 1.28 s, sys 0.09 s, maxrss 182856 KB]
[busy 146 jiffies]
[exit 0]
--- c2 case 0 rec 1   load 0.70 0.74 0.63
[TEST C2-FST]
Processing dataset...
Done!
Building trie...
trie size: 2.171301 MB
Done!
build time: 688.591170 ms (688.591170 ns per key)
space cost: 6.261899 MB (47.642258% of original size 13.143581 MB)
Querying trie...
Done!
total time: 381.057065 ms, avg latency: 381.057065 ns
topology: 1.096256 MB, link: 1.933458 MB, data: 3.232184 MB
--- Unary Path Analysis (FST, cutoff=4) ---
  shared unary steps in main trie: 268333
  terminal suffixes: inplace=220500 (avg len=1.97)  links=754948 (77.4% of terminal)
  link len: avg=6.76  max=63  total_chars=5105329
  link length distribution (len:count):  4:91687  5:111663  6:114934  7:103953  8:85177  9:68086  10:51456  11:37502  12:26935  13:19286  14:13392  15:9281  16:6718  17:4599  18:3138  19:2143  20:1561  21:980  22:717  23:511  24:315  25:289  26:154  27:98  28:76  29:70  30:38  31:24  32:35  33:24  34:15  35:9  36:12  37:9  38:5  39:5  40:5  41:8  42:4  43:7  45:3  46:1  48:1  50:1  52:4  54:2  55:1  56:5  57:4  59:2  63:2  64:1
688.591170,6.261899,381.057065
[PASSED]
[time 1.51 s, user 1.40 s, sys 0.10 s, maxrss 183316 KB]
[busy 158 jiffies]
[exit 0]
--- c2 case 0 rec 2   load 0.72 0.74 0.64
[TEST C2-FST]
Processing dataset...
Done!
Building trie...
trie size: 2.171301 MB
trie size: 0.145336 MB
Done!
build time: 730.159935 ms (730.159935 ns per key)
space cost: 6.261899 MB (47.642258% of original size 13.143581 MB)
Querying trie...
Done!
total time: 395.113259 ms, avg latency: 395.113259 ns
topology: 1.096256 MB, link: 1.933458 MB, data: 3.232184 MB
--- Unary Path Analysis (FST, cutoff=4) ---
  shared unary steps in main trie: 268333
  terminal suffixes: inplace=220500 (avg len=1.97)  links=754948 (77.4% of terminal)
  link len: avg=6.76  max=63  total_chars=5105329
  link length distribution (len:count):  4:91687  5:111663  6:114934  7:103953  8:85177  9:68086  10:51456  11:37502  12:26935  13:19286  14:13392  15:9281  16:6718  17:4599  18:3138  19:2143  20:1561  21:980  22:717  23:511  24:315  25:289  26:154  27:98  28:76  29:70  30:38  31:24  32:35  33:24  34:15  35:9  36:12  37:9  38:5  39:5  40:5  41:8  42:4  43:7  45:3  46:1  48:1  50:1  52:4  54:2  55:1  56:5  57:4  59:2  63:2  64:1
730.159935,6.261899,395.113259
[PASSED]
[time 1.56 s, user 1.44 s, sys 0.11 s, maxrss 183304 KB]
[busy 166 jiffies]
[exit 0]
--- c2 case 1 rec 0   load 0.72 0.74 0.64
[TEST C2-CoCo(LOUDS-Sparse)]
Processing dataset...
Done!
Building trie...
Done!
build time: 1342.610635 ms (1342.610635 ns per key)
space cost: 6.955368 MB (52.918365% of original size 13.143581 MB)
Querying trie...
Done!
total time: 486.683724 ms, avg latency: 486.683724 ns
topology: 0.405121 MB, link: 2.743303 MB, data: 3.806944 MB
1342.610635,6.955368,486.683724
[PASSED]
[time 2.26 s, user 2.08 s, sys 0.16 s, maxrss 326760 KB]
[busy 238 jiffies]
[exit 0]
--- c2 case 1 rec 1   load 0.66 0.73 0.63
[TEST C2-CoCo(LOUDS-Sparse)]
Processing dataset...
Done!
Building trie...
trie size: 2.171301 MB
Done!
build time: 1416.398052 ms (1416.398052 ns per key)
space cost: 6.299446 MB (47.927923% of original size 13.143581 MB)
Querying trie...
Done!
total time: 535.962177 ms, avg latency: 535.962177 ns
topology: 0.558979 MB, link: 2.635554 MB, data: 3.104912 MB
1416.398052,6.299446,535.962177
[PASSED]
[time 2.38 s, user 2.21 s, sys 0.16 s, maxrss 327024 KB]
[busy 253 jiffies]
[exit 0]
--- c2 case 1 rec 2   load 0.66 0.73 0.63
[TEST C2-CoCo(LOUDS-Sparse)]
Processing dataset...
Done!
Building trie...
trie size: 2.171301 MB
trie size: 0.145336 MB
Done!
build time: 1422.784384 ms (1422.784384 ns per key)
space cost: 6.299446 MB (47.927923% of original size 13.143581 MB)
Querying trie...
Done!
total time: 561.683902 ms, avg latency: 561.683902 ns
topology: 0.558979 MB, link: 2.635554 MB, data: 3.104912 MB
1422.784384,6.299446,561.683902
[PASSED]
[time 2.43 s, user 2.24 s, sys 0.17 s, maxrss 326732 KB]
[busy 256 jiffies]
[exit 0]
--- c2 case 2 rec 0   load 0.69 0.73 0.63
[TEST C2-MARISA]
Processing dataset...
Done!
Building trie...
trie size: 2.220281 MB
Done!
build time: 690.860465 ms (690.860465 ns per key)
space cost: 6.286226 MB (47.827347% of original size 13.143581 MB)
Querying trie...
Done!
total time: 258.125578 ms, avg latency: 258.125578 ns
topology: 0.735279 MB, link: 2.419176 MB, data: 3.111263 MB
--- Unary Path Analysis (Marisa, cutoff=3) ---
  branches: 1529804  |  single-char: 445053 (29.1%)  short-unary: 119280 (7.8%)  links: 965471 (63.1%)
  link len: avg=7.67  max=65  total_chars=7409785
  link length distribution (len:count):  3:106346  4:81524  5:100388  6:117171  7:118183  8:106006  9:86378  10:68801  11:51930  12:37786  13:27091  14:19390  15:13458  16:9322  17:6753  18:4616  19:3149  20:2153  21:1566  22:983  23:724  24:512  25:321  26:290  27:155  28:98  29:77  30:70  31:40  32:24  33:35  34:24  35:16  36:9  37:12  38:9  39:5  40:5  41:5  42:8  43:4  44:7  46:3  47:1  49:1  51:1  53:4  55:2  56:1  57:5  58:4  60:2  64:2  65:1
  short unary avg len: 2.00
690.860465,6.286226,258.125578
[PASSED]
[time 1.37 s, user 1.25 s, sys 0.11 s, maxrss 205820 KB]
[busy 144 jiffies]
[exit 0]
--- c2 case 2 rec 1   load 0.64 0.72 0.63
[TEST C2-MARISA]
Processing dataset...
Done!
Building trie...
trie size: 2.220281 MB
trie size: 2.823213 MB
Done!
build time: 791.283896 ms (791.283896 ns per key)
space cost: 5.413679 MB (41.188767% of original size 13.143581 MB)
Querying trie...
Done!
total time: 342.469584 ms, avg latency: 342.469584 ns
topology: 0.947487 MB, link: 2.305346 MB, data: 2.140338 MB
--- Unary Path Analysis (Marisa, cutoff=3) ---
  branches: 1529804  |  single-char: 445053 (29.1%)  short-unary: 119280 (7.8%)  links: 965471 (63.1%)
  link len: avg=7.67  max=65  total_chars=7409785
  link length distribution (len:count):  3:106346  4:81524  5:100388  6:117171  7:118183  8:106006  9:86378  10:68801  11:51930  12:37786  13:27091  14:19390  15:13458  16:9322  17:6753  18:4616  19:3149  20:2153  21:1566  22:983  23:724  24:512  25:321  26:290  27:155  28:98  29:77  30:70  31:40  32:24  33:35  34:24  35:16  36:9  37:12  38:9  39:5  40:5  41:5  42:8  43:4  44:7  46:3  47:1  49:1  51:1  53:4  55:2  56:1  57:5  58:4  60:2  64:2  65:1
  short unary avg len: 2.00
791.283896,5.413679,342.469584
[PASSED]
[time 1.58 s, user 1.45 s, sys 0.11 s, maxrss 206100 KB]
[busy 168 jiffies]
[exit 0]
--- c2 case 2 rec 2   load 0.64 0.72 0.63
[TEST C2-MARISA]
Processing dataset...
Done!
Building trie...
trie size: 2.220281 MB
trie size: 2.823213 MB
trie size: 0.214430 MB
Done!
build time: 806.050374 ms (806.050374 ns per key)
space cost: 5.413679 MB (41.188767% of original size 13.143581 MB)
Querying trie...
Done!
total time: 336.688090 ms, avg latency: 336.688090 ns
topology: 0.947487 MB, link: 2.305346 MB, data: 2.140338 MB
--- Unary Path Analysis (Marisa, cutoff=3) ---
  branches: 1529804  |  single-char: 445053 (29.1%)  short-unary: 119280 (7.8%)  links: 965471 (63.1%)
  link len: avg=7.67  max=65  total_chars=7409785
  link length distribution (len:count):  3:106346  4:81524  5:100388  6:117171  7:118183  8:106006  9:86378  10:68801  11:51930  12:37786  13:27091  14:19390  15:13458  16:9322  17:6753  18:4616  19:3149  20:2153  21:1566  22:983  23:724  24:512  25:321  26:290  27:155  28:98  29:77  30:70  31:40  32:24  33:35  34:24  35:16  36:9  37:12  38:9  39:5  40:5  41:5  42:8  43:4  44:7  46:3  47:1  49:1  51:1  53:4  55:2  56:1  57:5  58:4  60:2  64:2  65:1
  short unary avg len: 2.00
806.050374,5.413679,336.688090
[PASSED]
[time 1.58 s, user 1.45 s, sys 0.12 s, maxrss 205940 KB]
[busy 166 jiffies]
[exit 0]
--- c2 case 3 rec 0   load 0.58 0.71 0.63
[TEST FST]
Processing dataset...
Done!
Building trie...
Done!
build time: 596.251931 ms (596.251931 ns per key)
space cost: 6.751218 MB (51.365131% of original size 13.143581 MB)
Querying trie...
Done!
total time: 458.599850 ms, avg latency: 458.599850 ns
not implemented
596.251931,6.751218,458.599850
[PASSED]
[time 1.48 s, user 1.41 s, sys 0.06 s, maxrss 95248 KB]
[busy 158 jiffies]
[exit 0]
--- c2 case 4 rec 0   load 0.58 0.71 0.63
[TEST COCO]
Processing dataset...
Done!
Building trie...
num nodes = 310886, average depth = 6.283062
ef = 0.001168, pa = 0.211653, bv = 0.000885, de = 0.651638
efr = 0.002046, par = 0.129141, bvr = 0.000006, der = 0.003464
Done!
build time: 10240.275364 ms (10240.275364 ns per key)
space cost: 9.668336 MB (73.559374% of original size 13.143581 MB)
Querying trie...
Done!
total time: 418.930386 ms, avg latency: 418.930386 ns
not implemented
10240.275364,9.668336,418.930386
[PASSED]
[time 11.49 s, user 8.89 s, sys 2.56 s, maxrss 6138028 KB]
[busy 1194 jiffies]
[exit 0]
--- c2 case 5 rec 0   load 0.60 0.71 0.63
[TEST MARISA]
Processing dataset...
Done!
Building trie...
Done!
build time: 477.490560 ms (477.490560 ns per key)
space cost: 6.885828 MB (52.389283% of original size 13.143581 MB)
Querying trie...
Done!
total time: 390.761392 ms, avg latency: 390.761392 ns
not implemented
477.490560,6.885828,390.761392
[PASSED]
[time 1.29 s, user 1.19 s, sys 0.09 s, maxrss 172588 KB]
[busy 138 jiffies]
[exit 0]
--- c2 case 5 rec 1   load 0.60 0.71 0.63
[TEST MARISA]
Processing dataset...
Done!
Building trie...
Done!
build time: 546.970172 ms (546.970172 ns per key)
space cost: 4.826345 MB (36.720170% of original size 13.143581 MB)
Querying trie...
Done!
total time: 518.657217 ms, avg latency: 518.657217 ns
not implemented
546.970172,4.826345,518.657217
[PASSED]
[time 1.50 s, user 1.39 s, sys 0.10 s, maxrss 172292 KB]
[busy 158 jiffies]
[exit 0]
--- c2 case 5 rec 2   load 0.63 0.71 0.63
[TEST MARISA]
Processing dataset...
Done!
Building trie...
Done!
build time: 558.689435 ms (558.689435 ns per key)
space cost: 4.647946 MB (35.362861% of original size 13.143581 MB)
Querying trie...
Done!
total time: 542.821967 ms, avg latency: 542.821967 ns
not implemented
558.689435,4.647946,542.821967
[PASSED]
[time 1.53 s, user 1.41 s, sys 0.11 s, maxrss 172484 KB]
[busy 163 jiffies]
[exit 0]
--- c2 case 6 rec 0   load 0.63 0.71 0.63
[TEST PDT]
Processing dataset...
Done!
Building trie...
dict size: 155466, stream size: 4016746
Done!
build time: 1918.882429 ms (1918.882429 ns per key)
space cost: 5.254991 MB (39.981421% of original size 13.143581 MB)
Querying trie...
Done!
total time: 520.972077 ms, avg latency: 520.972077 ns
not implemented
1918.882429,5.254991,520.972077
[PASSED]
[time 2.88 s, user 2.77 s, sys 0.09 s, maxrss 152676 KB]
[busy 303 jiffies]
[exit 0]
--- c2 case 7 rec 0   load 0.66 0.72 0.63
[TEST ART]
Processing dataset...
Done!
Building trie...
Done!
build time: 114.978542 ms (114.978542 ns per key)
space cost: 31.580688 MB (240.274607% of original size 13.143581 MB)
Querying trie...
Done!
total time: 242.281535 ms, avg latency: 242.281535 ns
not implemented
114.978542,31.580688,242.281535
[PASSED]
[time 0.79 s, user 0.71 s, sys 0.07 s, maxrss 136292 KB]
[busy 86 jiffies]
[exit 0]
--- c2 case 8 rec 0   load 0.66 0.72 0.63
[TEST CART]
Processing dataset...
Done!
Building trie...
Done!
build time: 156.692479 ms (156.692479 ns per key)
space cost: 13.831998 MB (105.237663% of original size 13.143581 MB)
Querying trie...
Done!
total time: 321.125084 ms, avg latency: 321.125084 ns
not implemented
156.692479,13.831998,321.125084
[PASSED]
[time 0.93 s, user 0.84 s, sys 0.07 s, maxrss 134464 KB]
[busy 100 jiffies]
[exit 0]
--- xcdat 7   load 0.61 0.70 0.63
build time: 520.624154 ms
space cost: 9.017626 MiB (68.608590% of original size 13.143581 MiB)
avg latency: 193.339515 ns
520.624154,9.017626,193.339515
[time 1.17 s, user 1.08 s, sys 0.08 s, maxrss 139852 KB]
[busy 127 jiffies]
[exit 0]
--- xcdat 8   load 0.61 0.70 0.63
build time: 487.356449 ms
space cost: 8.488643 MiB (64.583940% of original size 13.143581 MiB)
avg latency: 176.114707 ns
487.356449,8.488643,176.114707
[time 1.11 s, user 1.02 s, sys 0.08 s, maxrss 139812 KB]
[busy 119 jiffies]
[exit 0]
--- xcdat 15   load 0.61 0.70 0.63
build time: 508.123553 ms
space cost: 9.847433 MiB (74.921993% of original size 13.143581 MiB)
avg latency: 156.221846 ns
508.123553,9.847433,156.221846
[time 1.11 s, user 1.01 s, sys 0.09 s, maxrss 139796 KB]
[busy 120 jiffies]
[exit 0]
--- xcdat 16   load 0.64 0.71 0.63
build time: 486.959412 ms
space cost: 10.260450 MiB (78.064342% of original size 13.143581 MiB)
avg latency: 163.486436 ns
486.959412,10.260450,163.486436
[time 1.09 s, user 0.99 s, sys 0.09 s, maxrss 139476 KB]
[busy 119 jiffies]
[exit 0]

##### idents-1000000 (1000000 lines, 18283976 bytes)   round 1/3   2026-09-23T21:07:12+03:00
--- lexindex dict32   load 0.64 0.71 0.63
1000000 keys
lexindex DictIndex block 32: build 298 ms, size 5.356 MiB (5.617 B/key), latency cold 380.0 ns, then mean 378.0 / min 376.5 ns
297.610,5.356443,379.955
[time 2.30 s, user 3.71 s, sys 0.24 s, maxrss 248972 KB]
[busy 418 jiffies]
[exit 0]
--- lexindex dict256   load 0.67 0.71 0.64
1000000 keys
lexindex DictIndex block 256: build 303 ms, size 4.986 MiB (5.228 B/key), latency cold 416.4 ns, then mean 411.6 / min 409.7 ns
302.680,4.986134,416.403
[time 2.45 s, user 3.95 s, sys 0.22 s, maxrss 249384 KB]
[busy 445 jiffies]
[exit 0]
--- lexindex dict1024   load 0.61 0.70 0.63
1000000 keys
lexindex DictIndex block 1024: build 326 ms, size 4.831 MiB (5.066 B/key), latency cold 486.7 ns, then mean 488.1 / min 487.8 ns
325.933,4.830847,486.724
[time 2.78 s, user 3.64 s, sys 0.21 s, maxrss 239480 KB]
[busy 407 jiffies]
[exit 0]
--- lexindex string   load 0.61 0.70 0.63
1000000 keys
lexindex StringIndex: build 642 ms, size 10.063 MiB (10.552 B/key), latency cold 252.0 ns, then mean 250.4 / min 241.7 ns
642.210,10.063018,251.951
[time 2.13 s, user 2.04 s, sys 0.07 s, maxrss 149260 KB]
[busy 229 jiffies]
[exit 0]
--- lexindex hashed0   load 0.64 0.71 0.63
1000000 keys
lexindex HashedDictIndex closed: build 394 ms, size 7.599 MiB (7.969 B/key), latency cold 39.4 ns, then mean 35.9 / min 35.5 ns
394.458,7.599383,39.419
[time 1.03 s, user 2.52 s, sys 0.22 s, maxrss 253008 KB]
[busy 293 jiffies]
[exit 0]
--- lexindex hashed8   load 0.64 0.71 0.63
1000000 keys
lexindex HashedDictIndex fp=8: build 399 ms, size 8.553 MiB (8.969 B/key), latency cold 44.7 ns, then mean 42.4 / min 42.0 ns
398.656,8.553058,44.665
[time 1.06 s, user 2.58 s, sys 0.22 s, maxrss 253312 KB]
[busy 301 jiffies]
[exit 0]
--- lexindex hashed16   load 0.75 0.73 0.64
1000000 keys
lexindex HashedDictIndex fp=16: build 395 ms, size 9.507 MiB (9.969 B/key), latency cold 45.4 ns, then mean 42.3 / min 42.2 ns
394.991,9.506732,45.418
[time 1.06 s, user 2.57 s, sys 0.24 s, maxrss 259888 KB]
[busy 299 jiffies]
[exit 0]
--- c2 case 0 rec 0   load 0.75 0.73 0.64
[TEST C2-FST]
Processing dataset...
Done!
Building trie...
Done!
build time: 604.050705 ms (604.050705 ns per key)
space cost: 8.227930 MB (49.916813% of original size 16.483284 MB)
Querying trie...
Done!
total time: 471.778144 ms, avg latency: 471.778144 ns
topology: 1.135506 MB, link: 1.406907 MB, data: 5.685517 MB
--- Unary Path Analysis (FST, cutoff=4) ---
  shared unary steps in main trie: 971668
  terminal suffixes: inplace=238747 (avg len=2.28)  links=478774 (66.7% of terminal)
  link len: avg=9.52  max=507  total_chars=4557473
  link length distribution (len:count):  4:79167  5:52258  6:44526  7:37562  8:33071  9:28872  10:26062  11:38559  12:20998  13:14985  14:12840  15:11027  16:9190  17:7956  18:6288  19:5522  20:4616  21:3760  22:3224  23:2642  24:2265  25:1817  26:1599  27:3319  28:3490  29:1071  30:1819  31:12530  32:2370  33:475  34:427  35:414  36:360  37:260  38:234  39:210  40:195  41:157  42:148  43:129  44:137  45:91  46:113  47:107  48:101  49:86  50:71  51:74  52:68  53:61  54:79  55:76  56:60  57:86  58:122  59:137  60:259  61:339  62:18  63:12  64:12  65:12  66:15  67:15  68:13  69:15  70:7  71:11  72:10  73:21  74:26  75:36  76:15  77:1  78:2  79:2  80:3  81:3  83:1  84:2  85:2  86:1  88:2  89:2  90:2  91:4  92:1  94:2  95:1  96:3  104:1  106:1  107:1  109:1  110:1  116:1  117:3  120:1  121:2  122:1  123:1  124:1  129:1  191:1  257:1  366:1  424:1  508:1
604.050705,8.227930,471.778144
[PASSED]
[time 1.59 s, user 1.48 s, sys 0.10 s, maxrss 163184 KB]
[busy 167 jiffies]
[exit 0]
--- c2 case 0 rec 1   load 0.77 0.73 0.64
[TEST C2-FST]
Processing dataset...
Done!
Building trie...
trie size: 1.626037 MB
Done!
build time: 712.794031 ms (712.794031 ns per key)
space cost: 7.389305 MB (44.829083% of original size 16.483284 MB)
Querying trie...
Done!
total time: 525.535824 ms, avg latency: 525.535824 ns
topology: 1.316097 MB, link: 1.431170 MB, data: 4.642038 MB
--- Unary Path Analysis (FST, cutoff=4) ---
  shared unary steps in main trie: 971668
  terminal suffixes: inplace=238747 (avg len=2.28)  links=478774 (66.7% of terminal)
  link len: avg=9.52  max=507  total_chars=4557473
  link length distribution (len:count):  4:79167  5:52258  6:44526  7:37562  8:33071  9:28872  10:26062  11:38559  12:20998  13:14985  14:12840  15:11027  16:9190  17:7956  18:6288  19:5522  20:4616  21:3760  22:3224  23:2642  24:2265  25:1817  26:1599  27:3319  28:3490  29:1071  30:1819  31:12530  32:2370  33:475  34:427  35:414  36:360  37:260  38:234  39:210  40:195  41:157  42:148  43:129  44:137  45:91  46:113  47:107  48:101  49:86  50:71  51:74  52:68  53:61  54:79  55:76  56:60  57:86  58:122  59:137  60:259  61:339  62:18  63:12  64:12  65:12  66:15  67:15  68:13  69:15  70:7  71:11  72:10  73:21  74:26  75:36  76:15  77:1  78:2  79:2  80:3  81:3  83:1  84:2  85:2  86:1  88:2  89:2  90:2  91:4  92:1  94:2  95:1  96:3  104:1  106:1  107:1  109:1  110:1  116:1  117:3  120:1  121:2  122:1  123:1  124:1  129:1  191:1  257:1  366:1  424:1  508:1
712.794031,7.389305,525.535824
[PASSED]
[time 1.75 s, user 1.64 s, sys 0.09 s, maxrss 163076 KB]
[busy 185 jiffies]
[exit 0]
--- c2 case 0 rec 2   load 0.77 0.73 0.64
[TEST C2-FST]
Processing dataset...
Done!
Building trie...
trie size: 1.626037 MB
trie size: 0.392475 MB
Done!
build time: 758.086533 ms (758.086533 ns per key)
space cost: 7.389305 MB (44.829083% of original size 16.483284 MB)
Querying trie...
Done!
total time: 524.745629 ms, avg latency: 524.745629 ns
topology: 1.316097 MB, link: 1.431170 MB, data: 4.642038 MB
--- Unary Path Analysis (FST, cutoff=4) ---
  shared unary steps in main trie: 971668
  terminal suffixes: inplace=238747 (avg len=2.28)  links=478774 (66.7% of terminal)
  link len: avg=9.52  max=507  total_chars=4557473
  link length distribution (len:count):  4:79167  5:52258  6:44526  7:37562  8:33071  9:28872  10:26062  11:38559  12:20998  13:14985  14:12840  15:11027  16:9190  17:7956  18:6288  19:5522  20:4616  21:3760  22:3224  23:2642  24:2265  25:1817  26:1599  27:3319  28:3490  29:1071  30:1819  31:12530  32:2370  33:475  34:427  35:414  36:360  37:260  38:234  39:210  40:195  41:157  42:148  43:129  44:137  45:91  46:113  47:107  48:101  49:86  50:71  51:74  52:68  53:61  54:79  55:76  56:60  57:86  58:122  59:137  60:259  61:339  62:18  63:12  64:12  65:12  66:15  67:15  68:13  69:15  70:7  71:11  72:10  73:21  74:26  75:36  76:15  77:1  78:2  79:2  80:3  81:3  83:1  84:2  85:2  86:1  88:2  89:2  90:2  91:4  92:1  94:2  95:1  96:3  104:1  106:1  107:1  109:1  110:1  116:1  117:3  120:1  121:2  122:1  123:1  124:1  129:1  191:1  257:1  366:1  424:1  508:1
758.086533,7.389305,524.745629
[PASSED]
[time 1.80 s, user 1.69 s, sys 0.10 s, maxrss 163068 KB]
[busy 189 jiffies]
[exit 0]
--- c2 case 1 rec 0   load 0.79 0.74 0.65
[TEST C2-CoCo(LOUDS-Sparse)]
Processing dataset...
Done!
Building trie...
Done!
build time: 2127.144285 ms (2127.144285 ns per key)
space cost: 8.350286 MB (50.659118% of original size 16.483284 MB)
Querying trie...
Done!
total time: 586.147373 ms, avg latency: 586.147373 ns
topology: 0.418800 MB, link: 2.233477 MB, data: 5.698009 MB
2127.144285,8.350286,586.147373
[PASSED]
[time 3.23 s, user 3.05 s, sys 0.16 s, maxrss 335912 KB]
[busy 338 jiffies]
[exit 0]
--- c2 case 1 rec 1   load 0.81 0.74 0.65
[TEST C2-CoCo(LOUDS-Sparse)]
Processing dataset...
Done!
Building trie...
trie size: 1.626037 MB
Done!
build time: 2232.038869 ms (2232.038869 ns per key)
space cost: 7.511661 MB (45.571388% of original size 16.483284 MB)
Querying trie...
Done!
total time: 634.125511 ms, avg latency: 634.125511 ns
topology: 0.599392 MB, link: 2.257739 MB, data: 4.654530 MB
2232.038869,7.511661,634.125511
[PASSED]
[time 3.39 s, user 3.19 s, sys 0.17 s, maxrss 335944 KB]
[busy 356 jiffies]
[exit 0]
--- c2 case 1 rec 2   load 0.74 0.73 0.64
[TEST C2-CoCo(LOUDS-Sparse)]
Processing dataset...
Done!
Building trie...
trie size: 1.626037 MB
trie size: 0.392475 MB
Done!
build time: 2301.883879 ms (2301.883879 ns per key)
space cost: 7.511661 MB (45.571388% of original size 16.483284 MB)
Querying trie...
Done!
total time: 629.900171 ms, avg latency: 629.900171 ns
topology: 0.599392 MB, link: 2.257739 MB, data: 4.654530 MB
2301.883879,7.511661,629.900171
[PASSED]
[time 3.44 s, user 3.26 s, sys 0.17 s, maxrss 335428 KB]
[busy 363 jiffies]
[exit 0]
--- c2 case 2 rec 0   load 0.68 0.72 0.64
[TEST C2-MARISA]
Processing dataset...
Done!
Building trie...
trie size: 2.268721 MB
Done!
build time: 660.130949 ms (660.130949 ns per key)
space cost: 7.402753 MB (44.910668% of original size 16.483284 MB)
Querying trie...
Done!
total time: 341.362874 ms, avg latency: 341.362874 ns
topology: 0.751392 MB, link: 2.163248 MB, data: 4.467605 MB
--- Unary Path Analysis (Marisa, cutoff=3) ---
  branches: 1404624  |  single-char: 479529 (34.1%)  short-unary: 101093 (7.2%)  links: 824002 (58.7%)
  link len: avg=8.83  max=511  total_chars=7275589
  link length distribution (len:count):  3:96296  4:151575  5:100673  6:68854  7:57858  8:46664  9:40166  10:34974  11:30498  12:41963  13:23674  14:17279  15:14913  16:12650  17:10496  18:9162  19:7137  20:6187  21:5166  22:4219  23:3575  24:2970  25:2515  26:2033  27:1786  28:3448  29:3574  30:1146  31:1929  32:12598  33:2418  34:520  35:464  36:440  37:386  38:271  39:250  40:221  41:206  42:160  43:154  44:139  45:143  46:95  47:113  48:108  49:103  50:87  51:72  52:78  53:68  54:62  55:80  56:76  57:60  58:86  59:123  60:137  61:260  62:340  63:18  64:12  65:14  66:12  67:15  68:15  69:13  70:15  71:7  72:12  73:10  74:22  75:26  76:36  77:15  78:1  79:2  80:2  81:3  82:3  83:1  84:2  85:2  86:2  87:2  89:2  90:2  91:2  92:4  93:1  95:2  96:1  97:3  105:1  107:1  108:1  110:1  111:1  117:1  118:3  121:1  122:2  123:1  124:1  125:1  130:1  136:1  137:1  192:1  258:1  337:1  367:1  425:1  509:1  511:1
  short unary avg len: 2.00
660.130949,7.402753,341.362874
[PASSED]
[time 1.51 s, user 1.37 s, sys 0.13 s, maxrss 204540 KB]
[busy 165 jiffies]
[exit 0]
--- c2 case 2 rec 1   load 0.68 0.72 0.64
[TEST C2-MARISA]
Processing dataset...
Done!
Building trie...
trie size: 2.268721 MB
trie size: 2.569425 MB
Done!
build time: 816.809142 ms (816.809142 ns per key)
space cost: 6.231204 MB (37.803171% of original size 16.483284 MB)
Querying trie...
Done!
total time: 431.682839 ms, avg latency: 431.682839 ns
topology: 0.985817 MB, link: 2.134608 MB, data: 3.090271 MB
--- Unary Path Analysis (Marisa, cutoff=3) ---
  branches: 1404624  |  single-char: 479529 (34.1%)  short-unary: 101093 (7.2%)  links: 824002 (58.7%)
  link len: avg=8.83  max=511  total_chars=7275589
  link length distribution (len:count):  3:96296  4:151575  5:100673  6:68854  7:57858  8:46664  9:40166  10:34974  11:30498  12:41963  13:23674  14:17279  15:14913  16:12650  17:10496  18:9162  19:7137  20:6187  21:5166  22:4219  23:3575  24:2970  25:2515  26:2033  27:1786  28:3448  29:3574  30:1146  31:1929  32:12598  33:2418  34:520  35:464  36:440  37:386  38:271  39:250  40:221  41:206  42:160  43:154  44:139  45:143  46:95  47:113  48:108  49:103  50:87  51:72  52:78  53:68  54:62  55:80  56:76  57:60  58:86  59:123  60:137  61:260  62:340  63:18  64:12  65:14  66:12  67:15  68:15  69:13  70:15  71:7  72:12  73:10  74:22  75:26  76:36  77:15  78:1  79:2  80:2  81:3  82:3  83:1  84:2  85:2  86:2  87:2  89:2  90:2  91:2  92:4  93:1  95:2  96:1  97:3  105:1  107:1  108:1  110:1  111:1  117:1  118:3  121:1  122:2  123:1  124:1  125:1  130:1  136:1  137:1  192:1  258:1  337:1  367:1  425:1  509:1  511:1
  short unary avg len: 2.00
816.809142,6.231204,431.682839
[PASSED]
[time 1.76 s, user 1.62 s, sys 0.12 s, maxrss 204300 KB]
[busy 186 jiffies]
[exit 0]
--- c2 case 2 rec 2   load 0.63 0.71 0.64
[TEST C2-MARISA]
Processing dataset...
Done!
Building trie...
trie size: 2.268721 MB
trie size: 2.569425 MB
trie size: 0.468599 MB
Done!
build time: 866.498397 ms (866.498397 ns per key)
space cost: 6.231204 MB (37.803171% of original size 16.483284 MB)
Querying trie...
Done!
total time: 434.402466 ms, avg latency: 434.402466 ns
topology: 0.985817 MB, link: 2.134608 MB, data: 3.090271 MB
--- Unary Path Analysis (Marisa, cutoff=3) ---
  branches: 1404624  |  single-char: 479529 (34.1%)  short-unary: 101093 (7.2%)  links: 824002 (58.7%)
  link len: avg=8.83  max=511  total_chars=7275589
  link length distribution (len:count):  3:96296  4:151575  5:100673  6:68854  7:57858  8:46664  9:40166  10:34974  11:30498  12:41963  13:23674  14:17279  15:14913  16:12650  17:10496  18:9162  19:7137  20:6187  21:5166  22:4219  23:3575  24:2970  25:2515  26:2033  27:1786  28:3448  29:3574  30:1146  31:1929  32:12598  33:2418  34:520  35:464  36:440  37:386  38:271  39:250  40:221  41:206  42:160  43:154  44:139  45:143  46:95  47:113  48:108  49:103  50:87  51:72  52:78  53:68  54:62  55:80  56:76  57:60  58:86  59:123  60:137  61:260  62:340  63:18  64:12  65:14  66:12  67:15  68:15  69:13  70:15  71:7  72:12  73:10  74:22  75:26  76:36  77:15  78:1  79:2  80:2  81:3  82:3  83:1  84:2  85:2  86:2  87:2  89:2  90:2  91:2  92:4  93:1  95:2  96:1  97:3  105:1  107:1  108:1  110:1  111:1  117:1  118:3  121:1  122:2  123:1  124:1  125:1  130:1  136:1  137:1  192:1  258:1  337:1  367:1  425:1  509:1  511:1
  short unary avg len: 2.00
866.498397,6.231204,434.402466
[PASSED]
[time 1.82 s, user 1.68 s, sys 0.13 s, maxrss 204540 KB]
[busy 192 jiffies]
[exit 0]
--- c2 case 3 rec 0   load 0.63 0.71 0.64
[TEST FST]
Processing dataset...
Done!
Building trie...
Done!
build time: 683.106312 ms (683.106312 ns per key)
space cost: 8.563316 MB (51.951519% of original size 16.483284 MB)
Querying trie...
Done!
total time: 743.004767 ms, avg latency: 743.004767 ns
not implemented
683.106312,8.563316,743.004767
[PASSED]
[time 1.94 s, user 1.85 s, sys 0.07 s, maxrss 114780 KB]
[busy 205 jiffies]
[exit 0]
--- c2 case 4 rec 0   load 0.66 0.71 0.64
[TEST COCO]
Processing dataset...
Done!
Building trie...
num nodes = 412937, average depth = 8.208172
ef = 0.000455, pa = 0.242352, bv = 0.003325, de = 0.563989
efr = 0.002477, par = 0.125714, bvr = 0.000545, der = 0.061142
Done!
build time: 14106.289842 ms (14106.289842 ns per key)
space cost: 9.974920 MB (60.515370% of original size 16.483284 MB)
Querying trie...
Done!
total time: 534.917772 ms, avg latency: 534.917772 ns
not implemented
14106.289842,9.974920,534.917772
[PASSED]
[time 15.67 s, user 12.35 s, sys 3.25 s, maxrss 7730536 KB]
[busy 1627 jiffies]
[exit 0]
--- c2 case 5 rec 0   load 0.73 0.73 0.64
[TEST MARISA]
Processing dataset...
Done!
Building trie...
Done!
build time: 455.635941 ms (455.635941 ns per key)
space cost: 7.279773 MB (44.164578% of original size 16.483284 MB)
Querying trie...
Done!
total time: 463.467461 ms, avg latency: 463.467461 ns
not implemented
455.635941,7.279773,463.467461
[PASSED]
[time 1.42 s, user 1.32 s, sys 0.09 s, maxrss 157864 KB]
[busy 151 jiffies]
[exit 0]
--- c2 case 5 rec 1   load 0.68 0.71 0.64
[TEST MARISA]
Processing dataset...
Done!
Building trie...
Done!
build time: 537.221803 ms (537.221803 ns per key)
space cost: 5.655286 MB (34.309218% of original size 16.483284 MB)
Querying trie...
Done!
total time: 669.597629 ms, avg latency: 669.597629 ns
not implemented
537.221803,5.655286,669.597629
[PASSED]
[time 1.71 s, user 1.62 s, sys 0.08 s, maxrss 157884 KB]
[busy 183 jiffies]
[exit 0]
--- c2 case 5 rec 2   load 0.68 0.71 0.64
[TEST MARISA]
Processing dataset...
Done!
Building trie...
Done!
build time: 563.811285 ms (563.811285 ns per key)
space cost: 5.354378 MB (32.483683% of original size 16.483284 MB)
Querying trie...
Done!
total time: 734.722869 ms, avg latency: 734.722869 ns
not implemented
563.811285,5.354378,734.722869
[PASSED]
[time 1.82 s, user 1.71 s, sys 0.10 s, maxrss 165856 KB]
[busy 195 jiffies]
[exit 0]
--- c2 case 6 rec 0   load 0.70 0.72 0.64
[TEST PDT]
Processing dataset...
Done!
Building trie...
dict size: 158636, stream size: 5032831
Done!
build time: 2609.063746 ms (2609.063746 ns per key)
space cost: 6.227028 MB (37.777835% of original size 16.483284 MB)
Querying trie...
Done!
total time: 586.891450 ms, avg latency: 586.891450 ns
not implemented
2609.063746,6.227028,586.891450
[PASSED]
[time 3.70 s, user 3.60 s, sys 0.08 s, maxrss 168364 KB]
[busy 385 jiffies]
[exit 0]
--- c2 case 7 rec 0   load 0.65 0.71 0.64
[TEST ART]
Processing dataset...
Done!
Building trie...
Done!
build time: 147.995727 ms (147.995727 ns per key)
space cost: 32.931778 MB (199.788937% of original size 16.483284 MB)
Querying trie...
Done!
total time: 388.396576 ms, avg latency: 388.396576 ns
not implemented
147.995727,32.931778,388.396576
[PASSED]
[time 1.08 s, user 0.98 s, sys 0.08 s, maxrss 160808 KB]
[busy 118 jiffies]
[exit 0]
--- c2 case 8 rec 0   load 0.65 0.71 0.64
[TEST CART]
Processing dataset...
Done!
Building trie...
Done!
build time: 205.328971 ms (205.328971 ns per key)
space cost: 15.673315 MB (95.086119% of original size 16.483284 MB)
Querying trie...
Done!
total time: 465.430972 ms, avg latency: 465.430972 ns
not implemented
205.328971,15.673315,465.430972
[PASSED]
[time 1.20 s, user 1.11 s, sys 0.08 s, maxrss 149168 KB]
[busy 129 jiffies]
[exit 0]
--- xcdat 7   load 0.59 0.69 0.63
build time: 510.507116 ms
space cost: 11.013126 MiB (66.813909% of original size 16.483284 MiB)
avg latency: 221.719001 ns
510.507116,11.013126,221.719001
[time 1.26 s, user 1.15 s, sys 0.10 s, maxrss 180064 KB]
[busy 136 jiffies]
[exit 0]
--- xcdat 8   load 0.59 0.69 0.63
build time: 465.638052 ms
space cost: 10.584354 MiB (64.212656% of original size 16.483284 MiB)
avg latency: 222.144571 ns
465.638052,10.584354,222.144571
[time 1.22 s, user 1.10 s, sys 0.11 s, maxrss 180148 KB]
[busy 131 jiffies]
[exit 0]
--- xcdat 15   load 0.59 0.69 0.63
build time: 496.054728 ms
space cost: 13.141485 MiB (79.726135% of original size 16.483284 MiB)
avg latency: 199.932687 ns
496.054728,13.141485,199.932687
[time 1.22 s, user 1.11 s, sys 0.10 s, maxrss 179748 KB]
[busy 129 jiffies]
[exit 0]
--- xcdat 16   load 0.71 0.72 0.64
build time: 468.469334 ms
space cost: 13.736038 MiB (83.333140% of original size 16.483284 MiB)
avg latency: 220.109035 ns
468.469334,13.736038,220.109035
[time 1.22 s, user 1.09 s, sys 0.12 s, maxrss 180036 KB]
[busy 130 jiffies]
[exit 0]

##### numeric-1000000 (1000000 lines, 6888890 bytes)   round 1/3   2026-09-23T21:08:47+03:00
--- lexindex dict32   load 0.71 0.72 0.64
1000000 keys
lexindex DictIndex block 32: build 112 ms, size 1.160 MiB (1.216 B/key), latency cold 261.0 ns, then mean 261.1 / min 260.5 ns
111.656,1.159871,260.996
[time 1.58 s, user 1.81 s, sys 0.17 s, maxrss 156532 KB]
[busy 216 jiffies]
[exit 0]
--- lexindex dict256   load 0.73 0.72 0.64
1000000 keys
lexindex DictIndex block 256: build 115 ms, size 0.964 MiB (1.011 B/key), latency cold 280.6 ns, then mean 283.0 / min 282.6 ns
115.157,0.964076,280.580
[time 1.67 s, user 1.94 s, sys 0.16 s, maxrss 144436 KB]
[busy 226 jiffies]
[exit 0]
--- lexindex dict1024   load 0.73 0.72 0.64
1000000 keys
lexindex DictIndex block 1024: build 108 ms, size 0.875 MiB (0.918 B/key), latency cold 304.1 ns, then mean 308.7 / min 307.7 ns
108.329,0.875449,304.084
[time 1.77 s, user 1.84 s, sys 0.10 s, maxrss 136664 KB]
[busy 209 jiffies]
[exit 0]
--- lexindex string   load 0.75 0.73 0.65
1000000 keys
lexindex StringIndex: build 159 ms, size 0.000 MiB (0.000 B/key), latency cold 81.8 ns, then mean 82.4 / min 82.3 ns
159.349,0.000287,81.786
[time 0.91 s, user 0.84 s, sys 0.05 s, maxrss 115248 KB]
[busy 101 jiffies]
[exit 0]
--- lexindex hashed0   load 0.75 0.73 0.65
1000000 keys
lexindex HashedDictIndex closed: build 192 ms, size 3.578 MiB (3.752 B/key), latency cold 14.7 ns, then mean 12.4 / min 12.2 ns
192.099,3.577960,14.704
[time 0.66 s, user 0.95 s, sys 0.16 s, maxrss 156992 KB]
[busy 125 jiffies]
[exit 0]
--- lexindex hashed8   load 0.69 0.71 0.64
1000000 keys
lexindex HashedDictIndex fp=8: build 192 ms, size 4.532 MiB (4.752 B/key), latency cold 19.0 ns, then mean 17.9 / min 16.7 ns
191.733,4.531634,19.040
[time 0.69 s, user 0.95 s, sys 0.16 s, maxrss 167460 KB]
[busy 126 jiffies]
[exit 0]
--- lexindex hashed16   load 0.69 0.71 0.64
1000000 keys
lexindex HashedDictIndex fp=16: build 192 ms, size 5.485 MiB (5.752 B/key), latency cold 19.5 ns, then mean 16.2 / min 16.2 ns
191.893,5.485309,19.495
[time 0.68 s, user 0.97 s, sys 0.15 s, maxrss 165332 KB]
[busy 123 jiffies]
[exit 0]
--- c2 case 0 rec 0   load 0.69 0.71 0.64
timeout: the monitored command dumped core
Command terminated by signal 11
[time 0.37 s, user 0.26 s, sys 0.05 s, maxrss 83884 KB]
[busy 43 jiffies]
[exit 139]
--- c2 case 0 rec 1   load 0.72 0.72 0.64
timeout: the monitored command dumped core
Command terminated by signal 11
[time 0.37 s, user 0.26 s, sys 0.04 s, maxrss 83968 KB]
[busy 43 jiffies]
[exit 139]
--- c2 case 0 rec 2   load 0.72 0.72 0.64
timeout: the monitored command dumped core
Command terminated by signal 11
[time 0.36 s, user 0.25 s, sys 0.05 s, maxrss 83864 KB]
[busy 42 jiffies]
[exit 139]
--- c2 case 1 rec 0   load 0.72 0.72 0.64
timeout: the monitored command dumped core
Command terminated by signal 11
[time 0.40 s, user 0.29 s, sys 0.05 s, maxrss 83908 KB]
[busy 47 jiffies]
[exit 139]
--- c2 case 1 rec 1   load 0.72 0.72 0.64
timeout: the monitored command dumped core
Command terminated by signal 11
[time 0.40 s, user 0.29 s, sys 0.04 s, maxrss 84028 KB]
[busy 46 jiffies]
[exit 139]
--- c2 case 1 rec 2   load 0.82 0.74 0.65
timeout: the monitored command dumped core
Command terminated by signal 11
[time 0.41 s, user 0.30 s, sys 0.04 s, maxrss 83776 KB]
[busy 48 jiffies]
[exit 139]
--- c2 case 2 rec 0   load 0.82 0.74 0.65
timeout: the monitored command dumped core
Command terminated by signal 11
[time 0.38 s, user 0.26 s, sys 0.05 s, maxrss 84008 KB]
[busy 46 jiffies]
[exit 139]
--- c2 case 2 rec 1   load 0.82 0.74 0.65
timeout: the monitored command dumped core
Command terminated by signal 11
[time 0.38 s, user 0.26 s, sys 0.05 s, maxrss 83960 KB]
[busy 45 jiffies]
[exit 139]
--- c2 case 2 rec 2   load 0.75 0.73 0.65
timeout: the monitored command dumped core
Command terminated by signal 11
[time 0.37 s, user 0.26 s, sys 0.05 s, maxrss 83892 KB]
[busy 43 jiffies]
[exit 139]
--- c2 case 3 rec 0   load 0.75 0.73 0.65
[TEST FST]
Processing dataset...
Done!
Building trie...
Done!
build time: 216.183595 ms (216.183595 ns per key)
space cost: 1.445107 MB (25.731589% of original size 5.616083 MB)
Querying trie...
Done!
total time: 250.006314 ms, avg latency: 250.006314 ns
not implemented
216.183595,1.445107,250.006314
[PASSED]
[time 0.80 s, user 0.74 s, sys 0.05 s, maxrss 74332 KB]
[busy 86 jiffies]
[exit 0]
--- c2 case 4 rec 0   load 0.75 0.73 0.65
[TEST COCO]
Processing dataset...
Done!
Building trie...
num nodes = 9001, average depth = 1.000222
ef = 0.000000, pa = 0.000000, bv = 0.000111, de = 0.999889
efr = 0.000000, par = 0.000000, bvr = 0.000000, der = 0.000000
Done!
build time: 688.146567 ms (688.146567 ns per key)
space cost: 0.497188 MB (8.852927% of original size 5.616083 MB)
Querying trie...
Done!
total time: 233.354443 ms, avg latency: 233.354443 ns
not implemented
688.146567,0.497188,233.354443
[PASSED]
[time 1.27 s, user 1.05 s, sys 0.21 s, maxrss 494452 KB]
[busy 133 jiffies]
[exit 0]
--- c2 case 5 rec 0   load 0.77 0.73 0.65
[TEST MARISA]
Processing dataset...
Done!
Building trie...
Done!
build time: 145.633598 ms (145.633598 ns per key)
space cost: 1.565816 MB (27.880925% of original size 5.616083 MB)
Querying trie...
Done!
total time: 186.973467 ms, avg latency: 186.973467 ns
not implemented
145.633598,1.565816,186.973467
[PASSED]
[time 0.67 s, user 0.60 s, sys 0.06 s, maxrss 108292 KB]
[busy 74 jiffies]
[exit 0]
--- c2 case 5 rec 1   load 0.77 0.73 0.65
[TEST MARISA]
Processing dataset...
Done!
Building trie...
Done!
build time: 144.350525 ms (144.350525 ns per key)
space cost: 1.565816 MB (27.880925% of original size 5.616083 MB)
Querying trie...
Done!
total time: 186.663214 ms, avg latency: 186.663214 ns
not implemented
144.350525,1.565816,186.663214
[PASSED]
[time 0.66 s, user 0.59 s, sys 0.07 s, maxrss 108172 KB]
[busy 70 jiffies]
[exit 0]
--- c2 case 5 rec 2   load 0.77 0.73 0.65
[TEST MARISA]
Processing dataset...
Done!
Building trie...
Done!
build time: 142.958870 ms (142.958870 ns per key)
space cost: 1.565816 MB (27.880925% of original size 5.616083 MB)
Querying trie...
Done!
total time: 185.993656 ms, avg latency: 185.993656 ns
not implemented
142.958870,1.565816,185.993656
[PASSED]
[time 0.66 s, user 0.58 s, sys 0.07 s, maxrss 108296 KB]
[busy 72 jiffies]
[exit 0]
--- c2 case 6 rec 0   load 0.79 0.74 0.65
[TEST PDT]
Processing dataset...
Done!
Building trie...
dict size: 92, stream size: 296698
Done!
build time: 110.264933 ms (110.264933 ns per key)
space cost: 1.559100 MB (27.761344% of original size 5.616083 MB)
Querying trie...
Done!
total time: 389.936029 ms, avg latency: 389.936029 ns
not implemented
110.264933,1.559100,389.936029
[PASSED]
[time 0.82 s, user 0.76 s, sys 0.05 s, maxrss 89896 KB]
[busy 90 jiffies]
[exit 0]
--- c2 case 7 rec 0   load 0.79 0.74 0.65
[TEST ART]
Processing dataset...
Done!
Building trie...
Done!
build time: 55.066493 ms (55.066493 ns per key)
space cost: 20.065308 MB (357.282951% of original size 5.616083 MB)
Querying trie...
Done!
total time: 69.978683 ms, avg latency: 69.978683 ns
not implemented
55.066493,20.065308,69.978683
[PASSED]
[time 0.44 s, user 0.38 s, sys 0.05 s, maxrss 103340 KB]
[busy 49 jiffies]
[exit 0]
--- c2 case 8 rec 0   load 0.79 0.74 0.65
[TEST CART]
Processing dataset...
Done!
Building trie...
Done!
build time: 72.931985 ms (72.931985 ns per key)
space cost: 11.262885 MB (200.546979% of original size 5.616083 MB)
Querying trie...
Done!
total time: 78.094059 ms, avg latency: 78.094059 ns
not implemented
72.931985,11.262885,78.094059
[PASSED]
[time 0.47 s, user 0.41 s, sys 0.06 s, maxrss 105056 KB]
[busy 54 jiffies]
[exit 0]
--- xcdat 7   load 0.81 0.74 0.65
build time: 275.208238 ms
space cost: 5.285287 MiB (94.109841% of original size 5.616083 MiB)
avg latency: 84.673386 ns
275.208238,5.285287,84.673386
[time 0.69 s, user 0.62 s, sys 0.06 s, maxrss 90180 KB]
[busy 75 jiffies]
[exit 0]
--- xcdat 8   load 0.81 0.74 0.65
build time: 177.493767 ms
space cost: 4.607934 MiB (82.048892% of original size 5.616083 MiB)
avg latency: 95.113171 ns
177.493767,4.607934,95.113171
[time 0.60 s, user 0.53 s, sys 0.07 s, maxrss 90328 KB]
[busy 68 jiffies]
[exit 0]
--- xcdat 15   load 0.81 0.74 0.65
build time: 207.984372 ms
space cost: 6.727912 MiB (119.797228% of original size 5.616083 MiB)
avg latency: 53.760938 ns
207.984372,6.727912,53.760938
[time 0.59 s, user 0.53 s, sys 0.06 s, maxrss 90480 KB]
[busy 64 jiffies]
[exit 0]
--- xcdat 16   load 0.74 0.73 0.65
build time: 183.659107 ms
space cost: 7.181439 MiB (127.872740% of original size 5.616083 MiB)
avg latency: 70.912369 ns
183.659107,7.181439,70.912369
[time 0.58 s, user 0.51 s, sys 0.06 s, maxrss 90224 KB]
[busy 67 jiffies]
[exit 0]

##### opaque-1000000 (1000000 lines, 17000000 bytes)   round 1/3   2026-09-23T21:09:35+03:00
--- lexindex dict32   load 0.74 0.73 0.65
1000000 keys
lexindex DictIndex block 32: build 174 ms, size 10.145 MiB (10.638 B/key), latency cold 348.8 ns, then mean 346.3 / min 345.6 ns
173.740,10.144960,348.805
[time 2.00 s, user 2.63 s, sys 0.23 s, maxrss 220224 KB]
[busy 304 jiffies]
[exit 0]
--- lexindex dict256   load 0.68 0.72 0.65
1000000 keys
lexindex DictIndex block 256: build 182 ms, size 9.917 MiB (10.399 B/key), latency cold 367.1 ns, then mean 366.7 / min 365.4 ns
181.692,9.916968,367.127
[time 2.09 s, user 2.73 s, sys 0.25 s, maxrss 215584 KB]
[busy 320 jiffies]
[exit 0]
--- lexindex dict1024   load 0.68 0.72 0.65
1000000 keys
lexindex DictIndex block 1024: build 187 ms, size 9.814 MiB (10.291 B/key), latency cold 409.0 ns, then mean 403.6 / min 400.3 ns
187.412,9.813874,408.983
[time 2.25 s, user 2.56 s, sys 0.17 s, maxrss 155584 KB]
[busy 291 jiffies]
[exit 0]
--- lexindex string   load 0.71 0.72 0.65
1000000 keys
lexindex StringIndex: build 1079 ms, size 20.443 MiB (21.436 B/key), latency cold 293.3 ns, then mean 284.5 / min 282.4 ns
1079.022,20.442799,293.276
[time 2.67 s, user 2.57 s, sys 0.08 s, maxrss 153176 KB]
[busy 285 jiffies]
[exit 0]
--- lexindex hashed0   load 0.73 0.73 0.65
1000000 keys
lexindex HashedDictIndex closed: build 265 ms, size 12.530 MiB (13.139 B/key), latency cold 45.6 ns, then mean 46.2 / min 46.0 ns
265.294,12.530238,45.592
[time 0.90 s, user 1.53 s, sys 0.26 s, maxrss 214896 KB]
[busy 198 jiffies]
[exit 0]
--- lexindex hashed8   load 0.73 0.73 0.65
1000000 keys
lexindex HashedDictIndex fp=8: build 264 ms, size 13.484 MiB (14.139 B/key), latency cold 58.7 ns, then mean 55.8 / min 55.1 ns
263.570,13.483912,58.721
[time 0.93 s, user 1.66 s, sys 0.28 s, maxrss 205512 KB]
[busy 210 jiffies]
[exit 0]
--- lexindex hashed16   load 0.73 0.73 0.65
1000000 keys
lexindex HashedDictIndex fp=16: build 264 ms, size 14.438 MiB (15.139 B/key), latency cold 61.2 ns, then mean 55.3 / min 55.1 ns
263.567,14.437587,61.216
[time 0.94 s, user 1.62 s, sys 0.25 s, maxrss 219072 KB]
[busy 203 jiffies]
[exit 0]
--- c2 case 0 rec 0   load 0.75 0.73 0.65
[TEST C2-FST]
Processing dataset...
Done!
Building trie...
Done!
build time: 1075.456610 ms (1075.456610 ns per key)
space cost: 16.922257 MB (110.901706% of original size 15.258789 MB)
Querying trie...
Done!
total time: 399.164507 ms, avg latency: 399.164507 ns
topology: 0.743332 MB, link: 3.012292 MB, data: 13.166634 MB
--- Unary Path Analysis (FST, cutoff=4) ---
  shared unary steps in main trie: 1041
  terminal suffixes: inplace=0 (avg len=0.00)  links=1000000 (100.0% of terminal)
  link len: avg=10.96  max=12  total_chars=10963783
  link length distribution (len:count):  9:6  10:856  11:56569  12:920487  13:22082
1075.456610,16.922257,399.164507
[PASSED]
[time 2.11 s, user 1.95 s, sys 0.15 s, maxrss 250088 KB]
[busy 226 jiffies]
[exit 0]
--- c2 case 0 rec 1   load 0.75 0.73 0.65
[TEST C2-FST]
Processing dataset...
Done!
Building trie...
trie size: 4.316751 MB
Done!
build time: 1967.477052 ms (1967.477052 ns per key)
space cost: 16.922257 MB (110.901706% of original size 15.258789 MB)
Querying trie...
Done!
total time: 392.949094 ms, avg latency: 392.949094 ns
topology: 0.743332 MB, link: 3.012292 MB, data: 13.166634 MB
--- Unary Path Analysis (FST, cutoff=4) ---
  shared unary steps in main trie: 1041
  terminal suffixes: inplace=0 (avg len=0.00)  links=1000000 (100.0% of terminal)
  link len: avg=10.96  max=12  total_chars=10963783
  link length distribution (len:count):  9:6  10:856  11:56569  12:920487  13:22082
1967.477052,16.922257,392.949094
[PASSED]
[time 3.01 s, user 2.79 s, sys 0.20 s, maxrss 311428 KB]
[busy 316 jiffies]
[exit 0]
--- c2 case 0 rec 2   load 0.77 0.74 0.65
[TEST C2-FST]
Processing dataset...
Done!
Building trie...
trie size: 4.316751 MB
Done!
build time: 1961.048197 ms (1961.048197 ns per key)
space cost: 16.922257 MB (110.901706% of original size 15.258789 MB)
Querying trie...
Done!
total time: 397.958490 ms, avg latency: 397.958490 ns
topology: 0.743332 MB, link: 3.012292 MB, data: 13.166634 MB
--- Unary Path Analysis (FST, cutoff=4) ---
  shared unary steps in main trie: 1041
  terminal suffixes: inplace=0 (avg len=0.00)  links=1000000 (100.0% of terminal)
  link len: avg=10.96  max=12  total_chars=10963783
  link length distribution (len:count):  9:6  10:856  11:56569  12:920487  13:22082
1961.048197,16.922257,397.958490
[PASSED]
[time 3.01 s, user 2.79 s, sys 0.20 s, maxrss 311396 KB]
[busy 317 jiffies]
[exit 0]
--- c2 case 1 rec 0   load 0.79 0.74 0.66
[TEST C2-CoCo(LOUDS-Sparse)]
Processing dataset...
Done!
Building trie...
Done!
build time: 1333.106031 ms (1333.106031 ns per key)
space cost: 16.089285 MB (105.442735% of original size 15.258789 MB)
Querying trie...
Done!
total time: 531.058674 ms, avg latency: 531.058674 ns
topology: 0.346626 MB, link: 3.175570 MB, data: 12.567089 MB
1333.106031,16.089285,531.058674
[PASSED]
[time 2.49 s, user 2.33 s, sys 0.15 s, maxrss 356956 KB]
[busy 262 jiffies]
[exit 0]
--- c2 case 1 rec 1   load 0.81 0.75 0.66
[TEST C2-CoCo(LOUDS-Sparse)]
Processing dataset...
Done!
Building trie...
trie size: 4.316751 MB
Done!
build time: 2209.864351 ms (2209.864351 ns per key)
space cost: 16.089285 MB (105.442735% of original size 15.258789 MB)
Querying trie...
Done!
total time: 525.897102 ms, avg latency: 525.897102 ns
topology: 0.346626 MB, link: 3.175570 MB, data: 12.567089 MB
2209.864351,16.089285,525.897102
[PASSED]
[time 3.38 s, user 3.16 s, sys 0.21 s, maxrss 418840 KB]
[busy 357 jiffies]
[exit 0]
--- c2 case 1 rec 2   load 0.74 0.73 0.65
[TEST C2-CoCo(LOUDS-Sparse)]
Processing dataset...
Done!
Building trie...
trie size: 4.316751 MB
Done!
build time: 2203.184083 ms (2203.184083 ns per key)
space cost: 16.089285 MB (105.442735% of original size 15.258789 MB)
Querying trie...
Done!
total time: 528.034920 ms, avg latency: 528.034920 ns
topology: 0.346626 MB, link: 3.175570 MB, data: 12.567089 MB
2203.184083,16.089285,528.034920
[PASSED]
[time 3.38 s, user 3.15 s, sys 0.21 s, maxrss 418732 KB]
[busy 356 jiffies]
[exit 0]
--- c2 case 2 rec 0   load 0.74 0.73 0.65
[TEST C2-MARISA]
Processing dataset...
Done!
Building trie...
trie size: 1.836515 MB
Done!
build time: 979.225694 ms (979.225694 ns per key)
space cost: 16.609414 MB (108.851456% of original size 15.258789 MB)
Querying trie...
Done!
total time: 340.791942 ms, avg latency: 340.791942 ns
topology: 0.607349 MB, link: 2.863268 MB, data: 13.118289 MB
--- Unary Path Analysis (Marisa, cutoff=3) ---
  branches: 1267337  |  single-char: 266306 (21.0%)  short-unary: 1021 (0.1%)  links: 1000010 (78.9%)
  link len: avg=12.96  max=14  total_chars=12963813
  link length distribution (len:count):  3:10  10:6  11:856  12:56569  13:920487  14:22082
  short unary avg len: 2.00
979.225694,16.609414,340.791942
[PASSED]
[time 1.97 s, user 1.82 s, sys 0.14 s, maxrss 236656 KB]
[busy 208 jiffies]
[exit 0]
--- c2 case 2 rec 1   load 0.77 0.74 0.66
[TEST C2-MARISA]
Processing dataset...
Done!
Building trie...
trie size: 1.836515 MB
trie size: 4.316792 MB
Done!
build time: 1985.475958 ms (1985.475958 ns per key)
space cost: 16.609414 MB (108.851456% of original size 15.258789 MB)
Querying trie...
Done!
total time: 347.199627 ms, avg latency: 347.199627 ns
topology: 0.607349 MB, link: 2.863268 MB, data: 13.118289 MB
--- Unary Path Analysis (Marisa, cutoff=3) ---
  branches: 1267337  |  single-char: 266306 (21.0%)  short-unary: 1021 (0.1%)  links: 1000010 (78.9%)
  link len: avg=12.96  max=14  total_chars=12963813
  link length distribution (len:count):  3:10  10:6  11:856  12:56569  13:920487  14:22082
  short unary avg len: 2.00
1985.475958,16.609414,347.199627
[PASSED]
[time 2.98 s, user 2.79 s, sys 0.17 s, maxrss 283692 KB]
[busy 310 jiffies]
[exit 0]
--- c2 case 2 rec 2   load 0.78 0.74 0.66
[TEST C2-MARISA]
Processing dataset...
Done!
Building trie...
trie size: 1.836515 MB
trie size: 4.316792 MB
Done!
build time: 1991.321596 ms (1991.321596 ns per key)
space cost: 16.609414 MB (108.851456% of original size 15.258789 MB)
Querying trie...
Done!
total time: 343.060115 ms, avg latency: 343.060115 ns
topology: 0.607349 MB, link: 2.863268 MB, data: 13.118289 MB
--- Unary Path Analysis (Marisa, cutoff=3) ---
  branches: 1267337  |  single-char: 266306 (21.0%)  short-unary: 1021 (0.1%)  links: 1000010 (78.9%)
  link len: avg=12.96  max=14  total_chars=12963813
  link length distribution (len:count):  3:10  10:6  11:856  12:56569  13:920487  14:22082
  short unary avg len: 2.00
1991.321596,16.609414,343.060115
[PASSED]
[time 2.98 s, user 2.78 s, sys 0.19 s, maxrss 283788 KB]
[busy 311 jiffies]
[exit 0]
--- c2 case 3 rec 0   load 0.72 0.73 0.65
[TEST FST]
Processing dataset...
Done!
Building trie...
Done!
build time: 658.819051 ms (658.819051 ns per key)
space cost: 16.760878 MB (109.844088% of original size 15.258789 MB)
Querying trie...
Done!
total time: 339.205941 ms, avg latency: 339.205941 ns
not implemented
658.819051,16.760878,339.205941
[PASSED]
[time 1.66 s, user 1.57 s, sys 0.08 s, maxrss 146976 KB]
[busy 177 jiffies]
[exit 0]
--- c2 case 4 rec 0   load 0.72 0.73 0.65
[TEST COCO]
Processing dataset...
Done!
Building trie...
num nodes = 4097, average depth = 12.997071
ef = 0.000000, pa = 0.000000, bv = 0.000000, de = 0.000000
efr = 0.000000, par = 0.999756, bvr = 0.000244, der = 0.000000
Done!
build time: 17271.021799 ms (17271.021799 ns per key)
space cost: 10.595579 MB (69.439184% of original size 15.258789 MB)
Querying trie...
Done!
total time: 478.622478 ms, avg latency: 478.622478 ns
not implemented
17271.021799,10.595579,478.622478
[PASSED]
[time 19.16 s, user 14.36 s, sys 4.72 s, maxrss 11388908 KB]
[busy 1995 jiffies]
[exit 0]
--- c2 case 5 rec 0   load 0.80 0.75 0.66
[TEST MARISA]
Processing dataset...
Done!
Building trie...
Done!
build time: 473.373381 ms (473.373381 ns per key)
space cost: 17.200768 MB (112.726950% of original size 15.258789 MB)
Querying trie...
Done!
total time: 458.022185 ms, avg latency: 458.022185 ns
not implemented
473.373381,17.200768,458.022185
[PASSED]
[time 1.57 s, user 1.46 s, sys 0.10 s, maxrss 194932 KB]
[busy 168 jiffies]
[exit 0]
--- c2 case 5 rec 1   load 0.82 0.75 0.66
[TEST MARISA]
Processing dataset...
Done!
Building trie...
Done!
build time: 738.190460 ms (738.190460 ns per key)
space cost: 17.634758 MB (115.571150% of original size 15.258789 MB)
Querying trie...
Done!
total time: 681.236701 ms, avg latency: 681.236701 ns
not implemented
738.190460,17.634758,681.236701
[PASSED]
[time 2.06 s, user 1.93 s, sys 0.12 s, maxrss 185360 KB]
[busy 220 jiffies]
[exit 0]
--- c2 case 5 rec 2   load 0.82 0.75 0.66
[TEST MARISA]
Processing dataset...
Done!
Building trie...
Done!
build time: 967.943707 ms (967.943707 ns per key)
space cost: 17.949429 MB (117.633375% of original size 15.258789 MB)
Querying trie...
Done!
total time: 970.265811 ms, avg latency: 970.265811 ns
not implemented
967.943707,17.949429,970.265811
[PASSED]
[time 2.59 s, user 2.44 s, sys 0.14 s, maxrss 225620 KB]
[busy 277 jiffies]
[exit 0]
--- c2 case 6 rec 0   load 0.83 0.76 0.67
[TEST PDT]
Processing dataset...
Done!
Building trie...
dict size: 177882, stream size: 12826382
Done!
build time: 16179.588223 ms (16179.588223 ns per key)
space cost: 13.677892 MB (89.639431% of original size 15.258789 MB)
Querying trie...
Done!
total time: 591.727497 ms, avg latency: 591.727497 ns
not implemented
16179.588223,13.677892,591.727497
[PASSED]
[time 17.42 s, user 17.14 s, sys 0.21 s, maxrss 360984 KB]
[busy 1809 jiffies]
[exit 0]
--- c2 case 7 rec 0   load 0.88 0.77 0.67
[TEST ART]
Processing dataset...
Done!
Building trie...
Done!
build time: 138.202024 ms (138.202024 ns per key)
space cost: 30.301407 MB (198.583300% of original size 15.258789 MB)
Querying trie...
Done!
total time: 188.331846 ms, avg latency: 188.331846 ns
not implemented
138.202024,30.301407,188.331846
[PASSED]
[time 1.00 s, user 0.90 s, sys 0.09 s, maxrss 178792 KB]
[busy 109 jiffies]
[exit 0]
--- c2 case 8 rec 0   load 0.88 0.77 0.67
[TEST CART]
Processing dataset...
Done!
Building trie...
Done!
build time: 160.946679 ms (160.946679 ns per key)
space cost: 11.383729 MB (74.604406% of original size 15.258789 MB)
Querying trie...
Done!
total time: 229.249210 ms, avg latency: 229.249210 ns
not implemented
160.946679,11.383729,229.249210
[PASSED]
[time 1.05 s, user 0.96 s, sys 0.08 s, maxrss 161176 KB]
[busy 110 jiffies]
[exit 0]
--- xcdat 7   load 0.81 0.76 0.67
build time: 668.048711 ms
space cost: 19.932177 MiB (130.627512% of original size 15.258789 MiB)
avg latency: 222.789247 ns
668.048711,19.932177,222.789247
[time 1.57 s, user 1.45 s, sys 0.10 s, maxrss 172912 KB]
[busy 167 jiffies]
[exit 0]
--- xcdat 8   load 0.81 0.76 0.67
build time: 638.964390 ms
space cost: 18.565336 MiB (121.669787% of original size 15.258789 MiB)
avg latency: 216.949480 ns
638.964390,18.565336,216.949480
[time 1.55 s, user 1.43 s, sys 0.10 s, maxrss 180124 KB]
[busy 164 jiffies]
[exit 0]
--- xcdat 15   load 0.75 0.75 0.67
build time: 660.110860 ms
space cost: 19.094490 MiB (125.137650% of original size 15.258789 MiB)
avg latency: 204.362579 ns
660.110860,19.094490,204.362579
[time 1.55 s, user 1.43 s, sys 0.11 s, maxrss 180968 KB]
[busy 166 jiffies]
[exit 0]
--- xcdat 16   load 0.75 0.75 0.67
build time: 637.513192 ms
space cost: 19.227987 MiB (126.012538% of original size 15.258789 MiB)
avg latency: 208.660819 ns
637.513192,19.227987,208.660819
[time 1.53 s, user 1.41 s, sys 0.10 s, maxrss 179668 KB]
[busy 161 jiffies]
[exit 0]

##### paths-1000000 (1000000 lines, 125978312 bytes)   round 1/3   2026-09-23T21:11:34+03:00
--- lexindex dict32   load 0.68 0.73 0.66
1000000 keys
lexindex DictIndex block 32: build 651 ms, size 12.389 MiB (12.991 B/key), latency cold 802.6 ns, then mean 799.7 / min 790.1 ns
651.472,12.389187,802.635
[time 4.65 s, user 7.36 s, sys 0.36 s, maxrss 496204 KB]
[busy 806 jiffies]
[exit 0]
--- lexindex dict256   load 0.71 0.74 0.66
1000000 keys
lexindex DictIndex block 256: build 675 ms, size 9.414 MiB (9.871 B/key), latency cold 820.9 ns, then mean 812.6 / min 812.1 ns
675.466,9.413641,820.889
[time 4.73 s, user 7.53 s, sys 0.36 s, maxrss 497600 KB]
[busy 820 jiffies]
[exit 0]
--- lexindex dict1024   load 0.73 0.74 0.67
1000000 keys
lexindex DictIndex block 1024: build 727 ms, size 8.891 MiB (9.323 B/key), latency cold 836.2 ns, then mean 837.5 / min 836.2 ns
726.648,8.891459,836.220
[time 4.88 s, user 6.61 s, sys 0.34 s, maxrss 509180 KB]
[busy 730 jiffies]
[exit 0]
--- lexindex string   load 0.76 0.75 0.67
1000000 keys
lexindex StringIndex: build 1448 ms, size 16.673 MiB (17.483 B/key), latency cold 761.6 ns, then mean 765.7 / min 759.1 ns
1447.762,16.673446,761.576
[time 5.29 s, user 5.09 s, sys 0.17 s, maxrss 363532 KB]
[busy 559 jiffies]
[exit 0]
--- lexindex hashed0   load 0.78 0.75 0.67
1000000 keys
lexindex HashedDictIndex closed: build 802 ms, size 12.027 MiB (12.611 B/key), latency cold 77.3 ns, then mean 75.4 / min 75.3 ns
801.503,12.027206,77.301
[time 1.90 s, user 4.76 s, sys 0.38 s, maxrss 500868 KB]
[busy 536 jiffies]
[exit 0]
--- lexindex hashed8   load 0.79 0.76 0.67
1000000 keys
lexindex HashedDictIndex fp=8: build 803 ms, size 12.981 MiB (13.611 B/key), latency cold 101.0 ns, then mean 97.4 / min 94.7 ns
803.473,12.980881,101.011
[time 2.00 s, user 4.89 s, sys 0.36 s, maxrss 497420 KB]
[busy 550 jiffies]
[exit 0]
--- lexindex hashed16   load 0.73 0.74 0.67
1000000 keys
lexindex HashedDictIndex fp=16: build 804 ms, size 13.935 MiB (14.611 B/key), latency cold 105.5 ns, then mean 102.0 / min 101.2 ns
804.147,13.934555,105.463
[time 2.01 s, user 4.88 s, sys 0.36 s, maxrss 497360 KB]
[busy 553 jiffies]
[exit 0]
--- c2 case 0 rec 0   load 0.73 0.74 0.67
[TEST C2-FST]
Processing dataset...
Done!
Building trie...
Done!
build time: 1422.982313 ms (1422.982313 ns per key)
space cost: 14.260756 MB (11.964866% of original size 119.188606 MB)
Querying trie...
Done!
total time: 2383.555735 ms, avg latency: 2383.555735 ns
topology: 1.699890 MB, link: 2.595201 MB, data: 9.965666 MB
--- Unary Path Analysis (FST, cutoff=4) ---
  shared unary steps in main trie: 2658278
  terminal suffixes: inplace=39819 (avg len=2.28)  links=891354 (95.7% of terminal)
  link len: avg=14.94  max=443  total_chars=13318660
  link length distribution (len:count):  4:40001  5:49577  6:45421  7:46380  8:50483  9:55180  10:56608  11:54673  12:51140  13:35047  14:30416  15:36724  16:35248  17:24069  18:19466  19:17073  20:16018  21:15299  22:13878  23:12677  24:11568  25:37816  26:26754  27:6712  28:5420  29:5541  30:5676  31:5365  32:4659  33:5334  34:4520  35:4652  36:5350  37:9255  38:4943  39:11477  40:3024  41:2087  42:2051  43:1854  44:1606  45:1448  46:1135  47:1025  48:963  49:801  50:774  51:907  52:679  53:727  54:589  55:642  56:710  57:689  58:824  59:515  60:781  61:937  62:666  63:360  64:436  65:381  66:289  67:245  68:235  69:250  70:244  71:266  72:444  73:249  74:341  75:214  76:315  77:82  78:131  79:63  80:31  81:46  82:38  83:33  84:32  85:58  86:34  87:20  88:33  89:21  90:5  91:6  92:18  93:7  94:11  95:14  96:12  97:3  98:4  99:4  100:10  101:17  102:11  103:6  104:17  105:9  106:12  107:11  108:7  109:2  110:3  111:1  112:2  113:4  114:3  115:4  116:3  117:4  118:13  119:5  120:1  122:2  123:3  124:38  125:23  126:156  127:15  128:61  129:3  130:1  131:3  132:2  133:1  136:3  137:6  138:1  139:1  142:4  143:1  144:2  145:2  146:2  151:3  152:1  154:2  159:2  160:2  161:2  165:3  167:1  171:1  172:3  173:1  174:1  175:1  182:1  187:3  188:1  190:2  191:1  194:1  195:3  198:1  201:1  202:1  203:1  205:1  206:1  215:1  219:1  233:1  235:1  243:1  247:1  257:1  265:1  444:1
1422.982313,14.260756,2383.555735
[PASSED]
[time 4.80 s, user 4.57 s, sys 0.20 s, maxrss 358424 KB]
[busy 500 jiffies]
[exit 0]
--- c2 case 0 rec 1   load 0.75 0.75 0.67
[TEST C2-FST]
Processing dataset...
Done!
Building trie...
trie size: 2.746100 MB
Done!
build time: 1674.513988 ms (1674.513988 ns per key)
space cost: 12.500864 MB (10.488305% of original size 119.188606 MB)
Querying trie...
Done!
total time: 2657.466177 ms, avg latency: 2657.466177 ns
topology: 1.942371 MB, link: 2.552141 MB, data: 8.006351 MB
--- Unary Path Analysis (FST, cutoff=4) ---
  shared unary steps in main trie: 2658278
  terminal suffixes: inplace=39819 (avg len=2.28)  links=891354 (95.7% of terminal)
  link len: avg=14.94  max=443  total_chars=13318660
  link length distribution (len:count):  4:40001  5:49577  6:45421  7:46380  8:50483  9:55180  10:56608  11:54673  12:51140  13:35047  14:30416  15:36724  16:35248  17:24069  18:19466  19:17073  20:16018  21:15299  22:13878  23:12677  24:11568  25:37816  26:26754  27:6712  28:5420  29:5541  30:5676  31:5365  32:4659  33:5334  34:4520  35:4652  36:5350  37:9255  38:4943  39:11477  40:3024  41:2087  42:2051  43:1854  44:1606  45:1448  46:1135  47:1025  48:963  49:801  50:774  51:907  52:679  53:727  54:589  55:642  56:710  57:689  58:824  59:515  60:781  61:937  62:666  63:360  64:436  65:381  66:289  67:245  68:235  69:250  70:244  71:266  72:444  73:249  74:341  75:214  76:315  77:82  78:131  79:63  80:31  81:46  82:38  83:33  84:32  85:58  86:34  87:20  88:33  89:21  90:5  91:6  92:18  93:7  94:11  95:14  96:12  97:3  98:4  99:4  100:10  101:17  102:11  103:6  104:17  105:9  106:12  107:11  108:7  109:2  110:3  111:1  112:2  113:4  114:3  115:4  116:3  117:4  118:13  119:5  120:1  122:2  123:3  124:38  125:23  126:156  127:15  128:61  129:3  130:1  131:3  132:2  133:1  136:3  137:6  138:1  139:1  142:4  143:1  144:2  145:2  146:2  151:3  152:1  154:2  159:2  160:2  161:2  165:3  167:1  171:1  172:3  173:1  174:1  175:1  182:1  187:3  188:1  190:2  191:1  194:1  195:3  198:1  201:1  202:1  203:1  205:1  206:1  215:1  219:1  233:1  235:1  243:1  247:1  257:1  265:1  444:1
1674.513988,12.500864,2657.466177
[PASSED]
[time 5.33 s, user 5.11 s, sys 0.20 s, maxrss 356664 KB]
[busy 554 jiffies]
[exit 0]
--- c2 case 0 rec 2   load 0.71 0.74 0.67
[TEST C2-FST]
Processing dataset...
Done!
Building trie...
trie size: 2.746100 MB
trie size: 0.687543 MB
Done!
build time: 1780.445373 ms (1780.445373 ns per key)
space cost: 12.500864 MB (10.488305% of original size 119.188606 MB)
Querying trie...
Done!
total time: 2650.438708 ms, avg latency: 2650.438708 ns
topology: 1.942371 MB, link: 2.552141 MB, data: 8.006351 MB
--- Unary Path Analysis (FST, cutoff=4) ---
  shared unary steps in main trie: 2658278
  terminal suffixes: inplace=39819 (avg len=2.28)  links=891354 (95.7% of terminal)
  link len: avg=14.94  max=443  total_chars=13318660
  link length distribution (len:count):  4:40001  5:49577  6:45421  7:46380  8:50483  9:55180  10:56608  11:54673  12:51140  13:35047  14:30416  15:36724  16:35248  17:24069  18:19466  19:17073  20:16018  21:15299  22:13878  23:12677  24:11568  25:37816  26:26754  27:6712  28:5420  29:5541  30:5676  31:5365  32:4659  33:5334  34:4520  35:4652  36:5350  37:9255  38:4943  39:11477  40:3024  41:2087  42:2051  43:1854  44:1606  45:1448  46:1135  47:1025  48:963  49:801  50:774  51:907  52:679  53:727  54:589  55:642  56:710  57:689  58:824  59:515  60:781  61:937  62:666  63:360  64:436  65:381  66:289  67:245  68:235  69:250  70:244  71:266  72:444  73:249  74:341  75:214  76:315  77:82  78:131  79:63  80:31  81:46  82:38  83:33  84:32  85:58  86:34  87:20  88:33  89:21  90:5  91:6  92:18  93:7  94:11  95:14  96:12  97:3  98:4  99:4  100:10  101:17  102:11  103:6  104:17  105:9  106:12  107:11  108:7  109:2  110:3  111:1  112:2  113:4  114:3  115:4  116:3  117:4  118:13  119:5  120:1  122:2  123:3  124:38  125:23  126:156  127:15  128:61  129:3  130:1  131:3  132:2  133:1  136:3  137:6  138:1  139:1  142:4  143:1  144:2  145:2  146:2  151:3  152:1  154:2  159:2  160:2  161:2  165:3  167:1  171:1  172:3  173:1  174:1  175:1  182:1  187:3  188:1  190:2  191:1  194:1  195:3  198:1  201:1  202:1  203:1  205:1  206:1  215:1  219:1  233:1  235:1  243:1  247:1  257:1  265:1  444:1
1780.445373,12.500864,2650.438708
[PASSED]
[time 5.42 s, user 5.19 s, sys 0.21 s, maxrss 357020 KB]
[busy 565 jiffies]
[exit 0]
--- c2 case 1 rec 0   load 0.81 0.76 0.67
[TEST C2-CoCo(LOUDS-Sparse)]
Processing dataset...
Done!
Building trie...
Done!
build time: 5139.841048 ms (5139.841048 ns per key)
space cost: 14.878411 MB (12.483082% of original size 119.188606 MB)
Querying trie...
Done!
total time: 1667.946383 ms, avg latency: 1667.946383 ns
topology: 0.476959 MB, link: 4.004946 MB, data: 10.396506 MB
5139.841048,14.878411,1667.946383
[PASSED]
[time 7.80 s, user 7.44 s, sys 0.32 s, maxrss 596060 KB]
[busy 810 jiffies]
[exit 0]
--- c2 case 1 rec 1   load 0.76 0.75 0.67
[TEST C2-CoCo(LOUDS-Sparse)]
Processing dataset...
Done!
Building trie...
trie size: 2.746100 MB
Done!
build time: 5324.526079 ms (5324.526079 ns per key)
space cost: 13.118518 MB (11.006521% of original size 119.188606 MB)
Querying trie...
Done!
total time: 1810.593814 ms, avg latency: 1810.593814 ns
topology: 0.719440 MB, link: 3.961886 MB, data: 8.437192 MB
5324.526079,13.118518,1810.593814
[PASSED]
[time 8.12 s, user 7.77 s, sys 0.31 s, maxrss 587828 KB]
[busy 854 jiffies]
[exit 0]
--- c2 case 1 rec 2   load 0.80 0.76 0.68
[TEST C2-CoCo(LOUDS-Sparse)]
Processing dataset...
Done!
Building trie...
trie size: 2.746100 MB
trie size: 0.687543 MB
Done!
build time: 5472.369647 ms (5472.369647 ns per key)
space cost: 13.118518 MB (11.006521% of original size 119.188606 MB)
Querying trie...
Done!
total time: 1800.925069 ms, avg latency: 1800.925069 ns
topology: 0.719440 MB, link: 3.961886 MB, data: 8.437192 MB
5472.369647,13.118518,1800.925069
[PASSED]
[time 8.25 s, user 7.89 s, sys 0.32 s, maxrss 590700 KB]
[busy 855 jiffies]
[exit 0]
--- c2 case 2 rec 0   load 0.81 0.77 0.68
[TEST C2-MARISA]
Processing dataset...
Done!
Building trie...
trie size: 2.297644 MB
Done!
build time: 1329.389202 ms (1329.389202 ns per key)
space cost: 11.928165 MB (10.007807% of original size 119.188606 MB)
Querying trie...
Done!
total time: 916.818354 ms, avg latency: 916.818354 ns
topology: 0.761036 MB, link: 3.343996 MB, data: 7.802626 MB
--- Unary Path Analysis (Marisa, cutoff=3) ---
  branches: 1534795  |  single-char: 270841 (17.6%)  short-unary: 45134 (2.9%)  links: 1218820 (79.4%)
  link len: avg=14.88  max=445  total_chars=18132830
  link length distribution (len:count):  3:37127  4:49365  5:75461  6:91989  7:72185  8:66513  9:63973  10:68956  11:73223  12:65790  13:57380  14:41495  15:36762  16:42631  17:41179  18:27817  19:22377  20:18838  21:17845  22:16718  23:15115  24:13613  25:12555  26:39233  27:27982  28:7379  29:6328  30:6087  31:6172  32:5955  33:5265  34:5643  35:4792  36:4909  37:5534  38:9417  39:5190  40:12044  41:4130  42:3423  43:3194  44:2134  45:1772  46:1642  47:1384  48:1261  49:1057  50:900  51:919  52:1030  53:750  54:799  55:667  56:702  57:772  58:823  59:1198  60:1008  61:899  62:972  63:712  64:409  65:454  66:414  67:320  68:269  69:256  70:270  71:258  72:280  73:453  74:258  75:356  76:221  77:315  78:88  79:138  80:65  81:34  82:48  83:40  84:34  85:38  86:63  87:38  88:23  89:36  90:23  91:6  92:6  93:19  94:8  95:11  96:14  97:13  98:3  99:5  100:4  101:12  102:17  103:11  104:6  105:17  106:9  107:12  108:11  109:7  110:2  111:4  112:1  113:2  114:4  115:4  116:4  117:3  118:4  119:14  120:6  121:1  123:2  124:3  125:38  126:23  127:156  128:15  129:61  130:3  131:1  132:3  133:2  134:1  136:1  137:3  138:6  139:1  140:1  143:4  144:2  145:2  146:2  147:2  149:1  152:3  153:1  155:2  157:1  160:2  161:2  162:2  166:3  167:1  168:1  172:1  173:3  174:1  175:1  176:1  183:2  185:1  188:4  189:2  191:2  192:3  195:2  196:3  199:1  202:1  203:1  204:1  206:1  207:2  216:1  220:1  230:1  234:1  236:1  244:1  248:1  258:1  266:1  445:1
  short unary avg len: 2.00
1329.389202,11.928165,916.818354
[PASSED]
[time 3.24 s, user 3.01 s, sys 0.22 s, maxrss 356160 KB]
[busy 339 jiffies]
[exit 0]
--- c2 case 2 rec 1   load 0.83 0.77 0.68
[TEST C2-MARISA]
Processing dataset...
Done!
Building trie...
trie size: 2.297644 MB
trie size: 3.841883 MB
Done!
build time: 1628.213155 ms (1628.213155 ns per key)
space cost: 9.839272 MB (8.255212% of original size 119.188606 MB)
Querying trie...
Done!
total time: 1625.302433 ms, avg latency: 1625.302433 ns
topology: 1.073097 MB, link: 3.403300 MB, data: 5.342366 MB
--- Unary Path Analysis (Marisa, cutoff=3) ---
  branches: 1534795  |  single-char: 270841 (17.6%)  short-unary: 45134 (2.9%)  links: 1218820 (79.4%)
  link len: avg=14.88  max=445  total_chars=18132830
  link length distribution (len:count):  3:37127  4:49365  5:75461  6:91989  7:72185  8:66513  9:63973  10:68956  11:73223  12:65790  13:57380  14:41495  15:36762  16:42631  17:41179  18:27817  19:22377  20:18838  21:17845  22:16718  23:15115  24:13613  25:12555  26:39233  27:27982  28:7379  29:6328  30:6087  31:6172  32:5955  33:5265  34:5643  35:4792  36:4909  37:5534  38:9417  39:5190  40:12044  41:4130  42:3423  43:3194  44:2134  45:1772  46:1642  47:1384  48:1261  49:1057  50:900  51:919  52:1030  53:750  54:799  55:667  56:702  57:772  58:823  59:1198  60:1008  61:899  62:972  63:712  64:409  65:454  66:414  67:320  68:269  69:256  70:270  71:258  72:280  73:453  74:258  75:356  76:221  77:315  78:88  79:138  80:65  81:34  82:48  83:40  84:34  85:38  86:63  87:38  88:23  89:36  90:23  91:6  92:6  93:19  94:8  95:11  96:14  97:13  98:3  99:5  100:4  101:12  102:17  103:11  104:6  105:17  106:9  107:12  108:11  109:7  110:2  111:4  112:1  113:2  114:4  115:4  116:4  117:3  118:4  119:14  120:6  121:1  123:2  124:3  125:38  126:23  127:156  128:15  129:61  130:3  131:1  132:3  133:2  134:1  136:1  137:3  138:6  139:1  140:1  143:4  144:2  145:2  146:2  147:2  149:1  152:3  153:1  155:2  157:1  160:2  161:2  162:2  166:3  167:1  168:1  172:1  173:3  174:1  175:1  176:1  183:2  185:1  188:4  189:2  191:2  192:3  195:2  196:3  199:1  202:1  203:1  204:1  206:1  207:2  216:1  220:1  230:1  234:1  236:1  244:1  248:1  258:1  266:1  445:1
  short unary avg len: 2.00
1628.213155,9.839272,1625.302433
[PASSED]
[time 4.24 s, user 4.01 s, sys 0.21 s, maxrss 354060 KB]
[busy 442 jiffies]
[exit 0]
--- c2 case 2 rec 2   load 0.84 0.77 0.68
[TEST C2-MARISA]
Processing dataset...
Done!
Building trie...
trie size: 2.297644 MB
trie size: 3.841883 MB
trie size: 0.864431 MB
Done!
build time: 1817.333954 ms (1817.333954 ns per key)
space cost: 9.839272 MB (8.255212% of original size 119.188606 MB)
Querying trie...
Done!
total time: 1627.349190 ms, avg latency: 1627.349190 ns
topology: 1.073097 MB, link: 3.403300 MB, data: 5.342366 MB
--- Unary Path Analysis (Marisa, cutoff=3) ---
  branches: 1534795  |  single-char: 270841 (17.6%)  short-unary: 45134 (2.9%)  links: 1218820 (79.4%)
  link len: avg=14.88  max=445  total_chars=18132830
  link length distribution (len:count):  3:37127  4:49365  5:75461  6:91989  7:72185  8:66513  9:63973  10:68956  11:73223  12:65790  13:57380  14:41495  15:36762  16:42631  17:41179  18:27817  19:22377  20:18838  21:17845  22:16718  23:15115  24:13613  25:12555  26:39233  27:27982  28:7379  29:6328  30:6087  31:6172  32:5955  33:5265  34:5643  35:4792  36:4909  37:5534  38:9417  39:5190  40:12044  41:4130  42:3423  43:3194  44:2134  45:1772  46:1642  47:1384  48:1261  49:1057  50:900  51:919  52:1030  53:750  54:799  55:667  56:702  57:772  58:823  59:1198  60:1008  61:899  62:972  63:712  64:409  65:454  66:414  67:320  68:269  69:256  70:270  71:258  72:280  73:453  74:258  75:356  76:221  77:315  78:88  79:138  80:65  81:34  82:48  83:40  84:34  85:38  86:63  87:38  88:23  89:36  90:23  91:6  92:6  93:19  94:8  95:11  96:14  97:13  98:3  99:5  100:4  101:12  102:17  103:11  104:6  105:17  106:9  107:12  108:11  109:7  110:2  111:4  112:1  113:2  114:4  115:4  116:4  117:3  118:4  119:14  120:6  121:1  123:2  124:3  125:38  126:23  127:156  128:15  129:61  130:3  131:1  132:3  133:2  134:1  136:1  137:3  138:6  139:1  140:1  143:4  144:2  145:2  146:2  147:2  149:1  152:3  153:1  155:2  157:1  160:2  161:2  162:2  166:3  167:1  168:1  172:1  173:3  174:1  175:1  176:1  183:2  185:1  188:4  189:2  191:2  192:3  195:2  196:3  199:1  202:1  203:1  204:1  206:1  207:2  216:1  220:1  230:1  234:1  236:1  244:1  248:1  258:1  266:1  445:1
  short unary avg len: 2.00
1817.333954,9.839272,1627.349190
[PASSED]
[time 4.44 s, user 4.21 s, sys 0.21 s, maxrss 354076 KB]
[busy 466 jiffies]
[exit 0]
--- c2 case 3 rec 0   load 0.86 0.78 0.68
[TEST FST]
Processing dataset...
Done!
Building trie...
Done!
build time: 3221.130583 ms (3221.130583 ns per key)
space cost: 14.021067 MB (11.763764% of original size 119.188606 MB)
Querying trie...
Done!
total time: 4547.125705 ms, avg latency: 4547.125705 ns
not implemented
3221.130583,14.021067,4547.125705
[PASSED]
[time 8.77 s, user 8.54 s, sys 0.19 s, maxrss 357984 KB]
[busy 910 jiffies]
[exit 0]
--- c2 case 4 rec 0   load 0.88 0.79 0.69
[TEST COCO]
Processing dataset...
Done!
Building trie...
num nodes = 584148, average depth = 12.594651
ef = 0.000038, pa = 0.103241, bv = 0.000608, de = 0.597184
efr = 0.000176, par = 0.181430, bvr = 0.000135, der = 0.117188
Done!
build time: 45121.798435 ms (45121.798435 ns per key)
space cost: 19.697372 MB (16.526221% of original size 119.188606 MB)
Querying trie...
Done!
total time: 1371.445638 ms, avg latency: 1371.445638 ns
not implemented
45121.798435,19.697372,1371.445638
[PASSED]
[time 49.00 s, user 38.90 s, sys 9.90 s, maxrss 23293340 KB]
[busy 5084 jiffies]
[exit 0]
--- c2 case 5 rec 0   load 0.95 0.82 0.71
[TEST MARISA]
Processing dataset...
Done!
Building trie...
Done!
build time: 1603.135265 ms (1603.135265 ns per key)
space cost: 12.257486 MB (10.284109% of original size 119.188606 MB)
Querying trie...
Done!
total time: 986.956556 ms, avg latency: 986.956556 ns
not implemented
1603.135265,12.257486,986.956556
[PASSED]
[time 3.54 s, user 3.32 s, sys 0.21 s, maxrss 411536 KB]
[busy 372 jiffies]
[exit 0]
--- c2 case 5 rec 1   load 0.95 0.82 0.71
[TEST MARISA]
Processing dataset...
Done!
Building trie...
Done!
build time: 1770.966604 ms (1770.966604 ns per key)
space cost: 9.428862 MB (7.910875% of original size 119.188606 MB)
Querying trie...
Done!
total time: 1740.560489 ms, avg latency: 1740.560489 ns
not implemented
1770.966604,9.428862,1740.560489
[PASSED]
[time 4.46 s, user 4.20 s, sys 0.23 s, maxrss 411468 KB]
[busy 468 jiffies]
[exit 0]
--- c2 case 5 rec 2   load 0.96 0.83 0.71
[TEST MARISA]
Processing dataset...
Done!
Building trie...
Done!
build time: 1778.896761 ms (1778.896761 ns per key)
space cost: 9.029414 MB (7.575736% of original size 119.188606 MB)
Querying trie...
Done!
total time: 2224.557590 ms, avg latency: 2224.557590 ns
not implemented
1778.896761,9.029414,2224.557590
[PASSED]
[time 4.95 s, user 4.71 s, sys 0.22 s, maxrss 411756 KB]
[busy 520 jiffies]
[exit 0]
--- c2 case 6 rec 0   load 0.88 0.82 0.71
[TEST PDT]
Processing dataset...
Done!
Building trie...
dict size: 153672, stream size: 10323140
Done!
build time: 4727.761905 ms (4727.761905 ns per key)
space cost: 11.267526 MB (9.453526% of original size 119.188606 MB)
Querying trie...
Done!
total time: 1083.212628 ms, avg latency: 1083.212628 ns
not implemented
4727.761905,11.267526,1083.212628
[PASSED]
[time 6.83 s, user 6.51 s, sys 0.29 s, maxrss 388804 KB]
[busy 712 jiffies]
[exit 0]
--- c2 case 7 rec 0   load 0.89 0.82 0.71
[TEST ART]
Processing dataset...
Done!
Building trie...
Done!
build time: 408.292534 ms (408.292534 ns per key)
space cost: 34.675591 MB (29.093041% of original size 119.188606 MB)
Querying trie...
Done!
total time: 765.346530 ms, avg latency: 765.346530 ns
not implemented
408.292534,34.675591,765.346530
[PASSED]
[time 2.19 s, user 1.93 s, sys 0.24 s, maxrss 505712 KB]
[busy 230 jiffies]
[exit 0]
--- c2 case 8 rec 0   load 0.90 0.82 0.71
[TEST CART]
Processing dataset...
Done!
Building trie...
Done!
build time: 463.095481 ms (463.095481 ns per key)
space cost: 18.620093 MB (15.622377% of original size 119.188606 MB)
Querying trie...
Done!
total time: 826.340894 ms, avg latency: 826.340894 ns
not implemented
463.095481,18.620093,826.340894
[PASSED]
[time 2.32 s, user 2.04 s, sys 0.26 s, maxrss 496092 KB]
[busy 245 jiffies]
[exit 0]
--- xcdat 7   load 0.90 0.82 0.71
build time: 1430.347330 ms
space cost: 18.455355 MiB (15.484160% of original size 119.188606 MiB)
avg latency: 720.163163 ns
1430.347330,18.455355,720.163163
[time 3.15 s, user 2.89 s, sys 0.24 s, maxrss 362520 KB]
[busy 331 jiffies]
[exit 0]
--- xcdat 8   load 0.91 0.83 0.72
build time: 1359.055300 ms
space cost: 18.497238 MiB (15.519301% of original size 119.188606 MiB)
avg latency: 729.295017 ns
1359.055300,18.497238,729.295017
[time 3.08 s, user 2.83 s, sys 0.24 s, maxrss 362404 KB]
[busy 323 jiffies]
[exit 0]
--- xcdat 15   load 0.92 0.83 0.72
build time: 1420.263267 ms
space cost: 23.949356 MiB (20.093662% of original size 119.188606 MiB)
avg latency: 638.296066 ns
1420.263267,23.949356,638.296066
[time 3.06 s, user 2.81 s, sys 0.23 s, maxrss 367980 KB]
[busy 318 jiffies]
[exit 0]
--- xcdat 16   load 0.92 0.83 0.72
build time: 1361.757460 ms
space cost: 25.154240 MiB (21.104567% of original size 119.188606 MiB)
avg latency: 699.837900 ns
1361.757460,25.154240,699.837900
[time 3.06 s, user 2.78 s, sys 0.26 s, maxrss 369420 KB]
[busy 320 jiffies]
[exit 0]

##### pypi-full (889864 lines, 12756399 bytes)   round 1/3   2026-09-23T21:14:54+03:00
--- lexindex dict32   load 0.85 0.82 0.72
889864 keys
lexindex DictIndex block 32: build 211 ms, size 3.800 MiB (4.478 B/key), latency cold 330.6 ns, then mean 330.1 / min 327.7 ns
211.163,3.799900,330.581
[time 1.80 s, user 2.71 s, sys 0.14 s, maxrss 204920 KB]
[busy 303 jiffies]
[exit 0]
--- lexindex dict256   load 0.85 0.82 0.72
889864 keys
lexindex DictIndex block 256: build 217 ms, size 3.535 MiB (4.165 B/key), latency cold 366.7 ns, then mean 360.4 / min 357.9 ns
217.087,3.534916,366.658
[time 1.93 s, user 2.82 s, sys 0.18 s, maxrss 205540 KB]
[busy 319 jiffies]
[exit 0]
--- lexindex dict1024   load 0.86 0.82 0.72
889864 keys
lexindex DictIndex block 1024: build 237 ms, size 3.413 MiB (4.022 B/key), latency cold 449.6 ns, then mean 448.0 / min 445.8 ns
236.983,3.413095,449.644
[time 2.26 s, user 2.82 s, sys 0.13 s, maxrss 187056 KB]
[busy 311 jiffies]
[exit 0]
--- lexindex string   load 0.79 0.81 0.71
889864 keys
lexindex StringIndex: build 477 ms, size 8.484 MiB (9.998 B/key), latency cold 211.6 ns, then mean 216.4 / min 207.0 ns
477.179,8.484477,211.562
[time 1.65 s, user 1.58 s, sys 0.06 s, maxrss 122700 KB]
[busy 181 jiffies]
[exit 0]
--- lexindex hashed0   load 0.79 0.81 0.71
889864 keys
lexindex HashedDictIndex closed: build 297 ms, size 5.861 MiB (6.906 B/key), latency cold 29.4 ns, then mean 24.7 / min 23.5 ns
296.844,5.860833,29.436
[time 0.80 s, user 1.74 s, sys 0.17 s, maxrss 207836 KB]
[busy 206 jiffies]
[exit 0]
--- lexindex hashed8   load 0.79 0.81 0.71
889864 keys
lexindex HashedDictIndex fp=8: build 299 ms, size 6.709 MiB (7.906 B/key), latency cold 34.4 ns, then mean 31.3 / min 28.6 ns
298.635,6.709474,34.441
[time 0.82 s, user 1.75 s, sys 0.20 s, maxrss 208916 KB]
[busy 208 jiffies]
[exit 0]
--- lexindex hashed16   load 0.81 0.81 0.72
889864 keys
lexindex HashedDictIndex fp=16: build 299 ms, size 7.558 MiB (8.906 B/key), latency cold 34.0 ns, then mean 28.7 / min 28.2 ns
298.717,7.558114,34.030
[time 0.82 s, user 1.79 s, sys 0.15 s, maxrss 217996 KB]
[busy 209 jiffies]
[exit 0]
--- c2 case 0 rec 0   load 0.81 0.81 0.72
[TEST C2-FST]
Processing dataset...
Done!
Building trie...
Done!
build time: 399.937690 ms (449.436869 ns per key)
space cost: 5.574753 MB (49.260816% of original size 11.316810 MB)
Querying trie...
Done!
total time: 325.312124 ms, avg latency: 365.575104 ns
topology: 0.851089 MB, link: 1.149713 MB, data: 3.573951 MB
--- Unary Path Analysis (FST, cutoff=4) ---
  shared unary steps in main trie: 344931
  terminal suffixes: inplace=288151 (avg len=1.99)  links=405388 (58.5% of terminal)
  link len: avg=7.08  max=176  total_chars=2869854
  link length distribution (len:count):  4:74698  5:65971  6:53798  7:40968  8:33851  9:27326  10:20764  11:16938  12:14649  13:12025  14:9410  15:7294  16:5909  17:4518  18:3598  19:2810  20:2154  21:1673  22:1340  23:1095  24:876  25:726  26:550  27:431  28:361  29:400  30:312  31:173  32:150  33:103  34:106  35:75  36:44  37:52  38:50  39:27  40:24  41:13  42:21  43:16  44:7  45:10  46:6  47:5  48:10  49:1  50:4  51:5  52:2  53:2  54:2  55:1  56:5  57:3  60:2  62:2  63:1  64:3  65:2  67:1  68:3  71:1  75:1  77:2  82:1  86:1  99:2  106:1  113:1  153:1  177:1
399.937690,5.574753,365.575104
[PASSED]
[time 1.11 s, user 1.02 s, sys 0.08 s, maxrss 129524 KB]
[busy 121 jiffies]
[exit 0]
--- c2 case 0 rec 1   load 0.75 0.80 0.71
[TEST C2-FST]
Processing dataset...
Done!
Building trie...
trie size: 1.301167 MB
Done!
build time: 468.963991 ms (527.006364 ns per key)
space cost: 5.131913 MB (45.347703% of original size 11.316810 MB)
Querying trie...
Done!
total time: 368.117961 ms, avg latency: 413.678900 ns
topology: 0.978825 MB, link: 1.146868 MB, data: 3.006221 MB
--- Unary Path Analysis (FST, cutoff=4) ---
  shared unary steps in main trie: 344931
  terminal suffixes: inplace=288151 (avg len=1.99)  links=405388 (58.5% of terminal)
  link len: avg=7.08  max=176  total_chars=2869854
  link length distribution (len:count):  4:74698  5:65971  6:53798  7:40968  8:33851  9:27326  10:20764  11:16938  12:14649  13:12025  14:9410  15:7294  16:5909  17:4518  18:3598  19:2810  20:2154  21:1673  22:1340  23:1095  24:876  25:726  26:550  27:431  28:361  29:400  30:312  31:173  32:150  33:103  34:106  35:75  36:44  37:52  38:50  39:27  40:24  41:13  42:21  43:16  44:7  45:10  46:6  47:5  48:10  49:1  50:4  51:5  52:2  53:2  54:2  55:1  56:5  57:3  60:2  62:2  63:1  64:3  65:2  67:1  68:3  71:1  75:1  77:2  82:1  86:1  99:2  106:1  113:1  153:1  177:1
468.963991,5.131913,413.678900
[PASSED]
[time 1.22 s, user 1.13 s, sys 0.08 s, maxrss 129568 KB]
[busy 133 jiffies]
[exit 0]
--- c2 case 0 rec 2   load 0.75 0.80 0.71
[TEST C2-FST]
Processing dataset...
Done!
Building trie...
trie size: 1.301167 MB
trie size: 0.188086 MB
Done!
build time: 476.801904 ms (535.814354 ns per key)
space cost: 5.131913 MB (45.347703% of original size 11.316810 MB)
Querying trie...
Done!
total time: 360.377213 ms, avg latency: 404.980101 ns
topology: 0.978825 MB, link: 1.146868 MB, data: 3.006221 MB
--- Unary Path Analysis (FST, cutoff=4) ---
  shared unary steps in main trie: 344931
  terminal suffixes: inplace=288151 (avg len=1.99)  links=405388 (58.5% of terminal)
  link len: avg=7.08  max=176  total_chars=2869854
  link length distribution (len:count):  4:74698  5:65971  6:53798  7:40968  8:33851  9:27326  10:20764  11:16938  12:14649  13:12025  14:9410  15:7294  16:5909  17:4518  18:3598  19:2810  20:2154  21:1673  22:1340  23:1095  24:876  25:726  26:550  27:431  28:361  29:400  30:312  31:173  32:150  33:103  34:106  35:75  36:44  37:52  38:50  39:27  40:24  41:13  42:21  43:16  44:7  45:10  46:6  47:5  48:10  49:1  50:4  51:5  52:2  53:2  54:2  55:1  56:5  57:3  60:2  62:2  63:1  64:3  65:2  67:1  68:3  71:1  75:1  77:2  82:1  86:1  99:2  106:1  113:1  153:1  177:1
476.801904,5.131913,404.980101
[PASSED]
[time 1.24 s, user 1.14 s, sys 0.09 s, maxrss 129584 KB]
[busy 133 jiffies]
[exit 0]
--- c2 case 1 rec 0   load 0.75 0.80 0.71
[TEST C2-CoCo(LOUDS-Sparse)]
Processing dataset...
Done!
Building trie...
Done!
build time: 1189.499274 ms (1336.720301 ns per key)
space cost: 5.902932 MB (52.160740% of original size 11.316810 MB)
Querying trie...
Done!
total time: 481.550399 ms, avg latency: 541.150557 ns
topology: 0.365089 MB, link: 1.816309 MB, data: 3.721533 MB
1189.499274,5.902932,541.150557
[PASSED]
[time 2.06 s, user 1.93 s, sys 0.12 s, maxrss 251248 KB]
[busy 218 jiffies]
[exit 0]
--- c2 case 1 rec 1   load 0.85 0.82 0.72
[TEST C2-CoCo(LOUDS-Sparse)]
Processing dataset...
Done!
Building trie...
trie size: 1.301167 MB
Done!
build time: 1268.638484 ms (1425.654352 ns per key)
space cost: 5.460092 MB (48.247627% of original size 11.316810 MB)
Querying trie...
Done!
total time: 521.589385 ms, avg latency: 586.145057 ns
topology: 0.492825 MB, link: 1.813464 MB, data: 3.153803 MB
1268.638484,5.460092,586.145057
[PASSED]
[time 2.17 s, user 2.03 s, sys 0.12 s, maxrss 251560 KB]
[busy 226 jiffies]
[exit 0]
--- c2 case 1 rec 2   load 0.86 0.82 0.72
[TEST C2-CoCo(LOUDS-Sparse)]
Processing dataset...
Done!
Building trie...
trie size: 1.301167 MB
trie size: 0.188086 MB
Done!
build time: 1258.174255 ms (1413.894994 ns per key)
space cost: 5.460092 MB (48.247627% of original size 11.316810 MB)
Querying trie...
Done!
total time: 524.188771 ms, avg latency: 589.066162 ns
topology: 0.492825 MB, link: 1.813464 MB, data: 3.153803 MB
1258.174255,5.460092,589.066162
[PASSED]
[time 2.16 s, user 2.02 s, sys 0.13 s, maxrss 251940 KB]
[busy 228 jiffies]
[exit 0]
--- c2 case 2 rec 0   load 0.86 0.82 0.72
[TEST C2-MARISA]
Processing dataset...
Done!
Building trie...
trie size: 2.034968 MB
Done!
build time: 484.105100 ms (544.021446 ns per key)
space cost: 5.148748 MB (45.496465% of original size 11.316810 MB)
Querying trie...
Done!
total time: 232.812262 ms, avg latency: 261.626790 ns
topology: 0.673512 MB, link: 1.684298 MB, data: 2.770432 MB
--- Unary Path Analysis (Marisa, cutoff=3) ---
  branches: 1290446  |  single-char: 483681 (37.5%)  short-unary: 134846 (10.4%)  links: 671919 (52.1%)
  link len: avg=7.04  max=178  total_chars=4731655
  link length distribution (len:count):  3:128200  4:106194  5:84287  6:72656  7:58516  8:44149  9:36040  10:28839  11:21753  12:17688  13:15308  14:12510  15:9745  16:7525  17:6122  18:4690  19:3698  20:2882  21:2216  22:1721  23:1367  24:1119  25:897  26:746  27:562  28:441  29:368  30:406  31:316  32:177  33:153  34:106  35:106  36:75  37:44  38:54  39:50  40:27  41:25  42:13  43:21  44:16  45:7  46:10  47:6  48:5  49:10  50:2  51:4  52:5  53:2  54:2  55:2  56:1  57:5  58:3  61:2  63:2  64:1  65:3  66:2  68:2  69:3  72:1  76:1  78:2  83:1  87:1  100:2  107:1  114:1  154:1  178:1
  short unary avg len: 2.00
484.105100,5.148748,261.626790
[PASSED]
[time 1.09 s, user 0.99 s, sys 0.09 s, maxrss 158848 KB]
[busy 116 jiffies]
[exit 0]
--- c2 case 2 rec 1   load 0.87 0.82 0.72
[TEST C2-MARISA]
Processing dataset...
Done!
Building trie...
trie size: 2.034968 MB
trie size: 2.021012 MB
Done!
build time: 566.091491 ms (636.155065 ns per key)
space cost: 4.528195 MB (40.013003% of original size 11.316810 MB)
Querying trie...
Done!
total time: 293.986576 ms, avg latency: 330.372479 ns
topology: 0.839943 MB, link: 1.648341 MB, data: 2.019403 MB
--- Unary Path Analysis (Marisa, cutoff=3) ---
  branches: 1290446  |  single-char: 483681 (37.5%)  short-unary: 134846 (10.4%)  links: 671919 (52.1%)
  link len: avg=7.04  max=178  total_chars=4731655
  link length distribution (len:count):  3:128200  4:106194  5:84287  6:72656  7:58516  8:44149  9:36040  10:28839  11:21753  12:17688  13:15308  14:12510  15:9745  16:7525  17:6122  18:4690  19:3698  20:2882  21:2216  22:1721  23:1367  24:1119  25:897  26:746  27:562  28:441  29:368  30:406  31:316  32:177  33:153  34:106  35:106  36:75  37:44  38:54  39:50  40:27  41:25  42:13  43:21  44:16  45:7  46:10  47:6  48:5  49:10  50:2  51:4  52:5  53:2  54:2  55:2  56:1  57:5  58:3  61:2  63:2  64:1  65:3  66:2  68:2  69:3  72:1  76:1  78:2  83:1  87:1  100:2  107:1  114:1  154:1  178:1
  short unary avg len: 2.00
566.091491,4.528195,330.372479
[PASSED]
[time 1.26 s, user 1.15 s, sys 0.09 s, maxrss 158804 KB]
[busy 135 jiffies]
[exit 0]
--- c2 case 2 rec 2   load 0.87 0.82 0.72
[TEST C2-MARISA]
Processing dataset...
Done!
Building trie...
trie size: 2.034968 MB
trie size: 2.021012 MB
trie size: 0.240847 MB
Done!
build time: 590.588896 ms (663.684446 ns per key)
space cost: 4.528195 MB (40.013003% of original size 11.316810 MB)
Querying trie...
Done!
total time: 287.533565 ms, avg latency: 323.120797 ns
topology: 0.839943 MB, link: 1.648341 MB, data: 2.019403 MB
--- Unary Path Analysis (Marisa, cutoff=3) ---
  branches: 1290446  |  single-char: 483681 (37.5%)  short-unary: 134846 (10.4%)  links: 671919 (52.1%)
  link len: avg=7.04  max=178  total_chars=4731655
  link length distribution (len:count):  3:128200  4:106194  5:84287  6:72656  7:58516  8:44149  9:36040  10:28839  11:21753  12:17688  13:15308  14:12510  15:9745  16:7525  17:6122  18:4690  19:3698  20:2882  21:2216  22:1721  23:1367  24:1119  25:897  26:746  27:562  28:441  29:368  30:406  31:316  32:177  33:153  34:106  35:106  36:75  37:44  38:54  39:50  40:27  41:25  42:13  43:21  44:16  45:7  46:10  47:6  48:5  49:10  50:2  51:4  52:5  53:2  54:2  55:2  56:1  57:5  58:3  61:2  63:2  64:1  65:3  66:2  68:2  69:3  72:1  76:1  78:2  83:1  87:1  100:2  107:1  114:1  154:1  178:1
  short unary avg len: 2.00
590.588896,4.528195,323.120797
[PASSED]
[time 1.26 s, user 1.17 s, sys 0.09 s, maxrss 159028 KB]
[busy 133 jiffies]
[exit 0]
--- c2 case 3 rec 0   load 0.88 0.83 0.72
[TEST FST]
Processing dataset...
Done!
Building trie...
Done!
build time: 504.771394 ms (567.245550 ns per key)
space cost: 5.878841 MB (51.947869% of original size 11.316810 MB)
Querying trie...
Done!
total time: 489.063580 ms, avg latency: 549.593623 ns
not implemented
504.771394,5.878841,549.593623
[PASSED]
[time 1.39 s, user 1.32 s, sys 0.06 s, maxrss 86676 KB]
[busy 148 jiffies]
[exit 0]
--- c2 case 4 rec 0   load 0.88 0.83 0.72
[TEST COCO]
Processing dataset...
Done!
Building trie...
num nodes = 375656, average depth = 5.235279
ef = 0.000442, pa = 0.203029, bv = 0.001044, de = 0.703223
efr = 0.002106, par = 0.078420, bvr = 0.000029, der = 0.011708
Done!
build time: 7703.916665 ms (8657.409070 ns per key)
space cost: 7.666221 MB (67.741891% of original size 11.316810 MB)
Querying trie...
Done!
total time: 437.585523 ms, avg latency: 491.744270 ns
not implemented
7703.916665,7.666221,491.744270
[PASSED]
[time 8.83 s, user 6.93 s, sys 1.86 s, maxrss 4347460 KB]
[busy 927 jiffies]
[exit 0]
--- c2 case 5 rec 0   load 0.90 0.83 0.73
[TEST MARISA]
Processing dataset...
Done!
Building trie...
Done!
build time: 375.362669 ms (421.820266 ns per key)
space cost: 5.316237 MB (46.976468% of original size 11.316810 MB)
Querying trie...
Done!
total time: 341.949395 ms, avg latency: 384.271524 ns
not implemented
375.362669,5.316237,384.271524
[PASSED]
[time 1.11 s, user 1.02 s, sys 0.07 s, maxrss 131924 KB]
[busy 117 jiffies]
[exit 0]
--- c2 case 5 rec 1   load 0.83 0.82 0.72
[TEST MARISA]
Processing dataset...
Done!
Building trie...
Done!
build time: 419.165410 ms (471.044351 ns per key)
space cost: 4.038295 MB (35.684039% of original size 11.316810 MB)
Querying trie...
Done!
total time: 456.559686 ms, avg latency: 513.066812 ns
not implemented
419.165410,4.038295,513.066812
[PASSED]
[time 1.26 s, user 1.18 s, sys 0.07 s, maxrss 132104 KB]
[busy 135 jiffies]
[exit 0]
--- c2 case 5 rec 2   load 0.83 0.82 0.72
[TEST MARISA]
Processing dataset...
Done!
Building trie...
Done!
build time: 436.694487 ms (490.742953 ns per key)
space cost: 3.830196 MB (33.845196% of original size 11.316810 MB)
Querying trie...
Done!
total time: 479.858549 ms, avg latency: 539.249311 ns
not implemented
436.694487,3.830196,539.249311
[PASSED]
[time 1.29 s, user 1.21 s, sys 0.07 s, maxrss 132080 KB]
[busy 139 jiffies]
[exit 0]
--- c2 case 6 rec 0   load 0.83 0.82 0.72
[TEST PDT]
Processing dataset...
Done!
Building trie...
dict size: 158766, stream size: 3178838
Done!
build time: 1636.614208 ms (1839.173411 ns per key)
space cost: 4.318639 MB (38.161275% of original size 11.316810 MB)
Querying trie...
Done!
total time: 465.850269 ms, avg latency: 523.507265 ns
not implemented
1636.614208,4.318639,523.507265
[PASSED]
[time 2.49 s, user 2.39 s, sys 0.08 s, maxrss 137376 KB]
[busy 265 jiffies]
[exit 0]
--- c2 case 7 rec 0   load 0.84 0.82 0.73
[TEST ART]
Processing dataset...
Done!
Building trie...
Done!
build time: 97.971105 ms (110.096717 ns per key)
space cost: 28.637695 MB (253.054493% of original size 11.316810 MB)
Querying trie...
Done!
total time: 252.240179 ms, avg latency: 283.459247 ns
not implemented
97.971105,28.637695,283.459247
[PASSED]
[time 0.75 s, user 0.69 s, sys 0.06 s, maxrss 123532 KB]
[busy 80 jiffies]
[exit 0]
--- c2 case 8 rec 0   load 0.77 0.81 0.72
[TEST CART]
Processing dataset...
Done!
Building trie...
Done!
build time: 141.068010 ms (158.527606 ns per key)
space cost: 12.686618 MB (112.104190% of original size 11.316810 MB)
Querying trie...
Done!
total time: 318.338056 ms, avg latency: 357.737875 ns
not implemented
141.068010,12.686618,357.737875
[PASSED]
[time 0.86 s, user 0.79 s, sys 0.07 s, maxrss 120868 KB]
[busy 93 jiffies]
[exit 0]
--- xcdat 7   load 0.77 0.81 0.72
build time: 370.732386 ms
space cost: 7.451407 MiB (65.843711% of original size 11.316810 MiB)
avg latency: 173.771101 ns
370.732386,7.451407,173.771101
[time 0.93 s, user 0.85 s, sys 0.08 s, maxrss 125200 KB]
[busy 102 jiffies]
[exit 0]
--- xcdat 8   load 0.77 0.81 0.72
build time: 352.034822 ms
space cost: 7.063261 MiB (62.413889% of original size 11.316810 MiB)
avg latency: 166.936414 ns
352.034822,7.063261,166.936414
[time 0.90 s, user 0.80 s, sys 0.09 s, maxrss 125040 KB]
[busy 98 jiffies]
[exit 0]
--- xcdat 15   load 0.87 0.83 0.73
build time: 373.130323 ms
space cost: 8.417356 MiB (74.379227% of original size 11.316810 MiB)
avg latency: 136.080948 ns
373.130323,8.417356,136.080948
[time 0.90 s, user 0.82 s, sys 0.07 s, maxrss 125100 KB]
[busy 99 jiffies]
[exit 0]
--- xcdat 16   load 0.87 0.83 0.73
build time: 351.254836 ms
space cost: 8.791730 MiB (77.687354% of original size 11.316810 MiB)
avg latency: 139.195107 ns
351.254836,8.791730,139.195107
[time 0.87 s, user 0.78 s, sys 0.08 s, maxrss 125148 KB]
[busy 94 jiffies]
[exit 0]

##### titles-en-1000000 (1000000 lines, 21984647 bytes)   round 1/3   2026-09-23T21:16:08+03:00
--- lexindex dict32   load 0.87 0.83 0.73
1000000 keys
lexindex DictIndex block 32: build 442 ms, size 7.447 MiB (7.809 B/key), latency cold 404.9 ns, then mean 401.5 / min 398.9 ns
441.816,7.446899,404.880
[time 2.55 s, user 4.90 s, sys 0.36 s, maxrss 274716 KB]
[busy 554 jiffies]
[exit 0]
--- lexindex dict256   load 0.88 0.83 0.73
1000000 keys
lexindex DictIndex block 256: build 446 ms, size 7.029 MiB (7.370 B/key), latency cold 444.6 ns, then mean 437.5 / min 434.7 ns
445.522,7.028672,444.642
[time 2.70 s, user 5.13 s, sys 0.33 s, maxrss 273784 KB]
[busy 570 jiffies]
[exit 0]
--- lexindex dict1024   load 0.89 0.83 0.73
1000000 keys
lexindex DictIndex block 1024: build 486 ms, size 6.878 MiB (7.212 B/key), latency cold 514.4 ns, then mean 512.4 / min 511.3 ns
485.527,6.877800,514.398
[time 3.03 s, user 4.59 s, sys 0.26 s, maxrss 283212 KB]
[busy 513 jiffies]
[exit 0]
--- lexindex string   load 0.90 0.84 0.73
1000000 keys
lexindex StringIndex: build 992 ms, size 16.482 MiB (17.283 B/key), latency cold 339.0 ns, then mean 327.9 / min 321.2 ns
991.563,16.482312,339.005
[time 2.81 s, user 2.73 s, sys 0.07 s, maxrss 164212 KB]
[busy 301 jiffies]
[exit 0]
--- lexindex hashed0   load 0.83 0.82 0.73
1000000 keys
lexindex HashedDictIndex closed: build 548 ms, size 9.642 MiB (10.110 B/key), latency cold 42.9 ns, then mean 40.3 / min 39.4 ns
548.372,9.642032,42.932
[time 1.22 s, user 3.70 s, sys 0.37 s, maxrss 276752 KB]
[busy 429 jiffies]
[exit 0]
--- lexindex hashed8   load 0.83 0.82 0.73
1000000 keys
lexindex HashedDictIndex fp=8: build 558 ms, size 10.596 MiB (11.110 B/key), latency cold 51.4 ns, then mean 50.8 / min 49.6 ns
558.473,10.595706,51.428
[time 1.25 s, user 3.77 s, sys 0.36 s, maxrss 277072 KB]
[busy 435 jiffies]
[exit 0]
--- lexindex hashed16   load 0.83 0.82 0.73
1000000 keys
lexindex HashedDictIndex fp=16: build 565 ms, size 11.549 MiB (12.110 B/key), latency cold 52.5 ns, then mean 50.2 / min 49.7 ns
564.760,11.549380,52.534
[time 1.26 s, user 3.77 s, sys 0.39 s, maxrss 278816 KB]
[busy 435 jiffies]
[exit 0]
--- c2 case 0 rec 0   load 0.92 0.84 0.74
[TEST C2-FST]
Processing dataset...
Done!
Building trie...
Done!
build time: 1030.984892 ms (1030.984892 ns per key)
space cost: 11.326162 MB (56.595386% of original size 20.012519 MB)
Querying trie...
Done!
total time: 466.194806 ms, avg latency: 466.194806 ns
topology: 1.047974 MB, link: 2.330659 MB, data: 7.947530 MB
--- Unary Path Analysis (FST, cutoff=4) ---
  shared unary steps in main trie: 632648
  terminal suffixes: inplace=148307 (avg len=2.14)  links=794871 (84.3% of terminal)
  link len: avg=12.03  max=232  total_chars=9558452
  link length distribution (len:count):  4:67686  5:69275  6:65423  7:58787  8:51921  9:47544  10:42795  11:38054  12:34227  13:30736  14:30694  15:28260  16:25308  17:22807  18:19264  19:17586  20:15912  21:14224  22:12066  23:10759  24:9477  25:8347  26:7925  27:7112  28:6113  29:5746  30:5072  31:4462  32:3927  33:3658  34:3228  35:2847  36:2644  37:2353  38:2038  39:1870  40:1644  41:1489  42:1315  43:1143  44:928  45:846  46:722  47:679  48:610  49:543  50:459  51:451  52:342  53:339  54:284  55:273  56:239  57:215  58:214  59:177  60:158  61:140  62:127  63:109  64:95  65:79  66:80  67:78  68:75  69:69  70:68  71:54  72:51  73:42  74:46  75:42  76:35  77:41  78:38  79:39  80:21  81:18  82:21  83:19  84:14  85:18  86:14  87:15  88:11  89:14  90:13  91:7  92:5  93:8  94:7  95:5  96:8  97:8  98:5  99:7  100:11  101:5  102:6  103:3  104:3  105:3  106:5  107:4  108:5  109:1  110:2  111:6  112:1  113:1  114:1  115:4  116:1  118:1  119:2  121:2  123:2  125:1  126:1  128:1  129:1  131:1  132:2  134:1  135:1  136:1  137:3  138:1  139:1  141:2  145:1  152:1  154:1  156:1  159:3  165:1  168:1  174:1  175:1  179:1  181:1  199:1  201:1  202:1  204:1  207:1  216:1  217:1  219:1  233:1
1030.984892,11.326162,466.194806
[PASSED]
[time 2.07 s, user 1.95 s, sys 0.10 s, maxrss 185292 KB]
[busy 218 jiffies]
[exit 0]
--- c2 case 0 rec 1   load 0.92 0.84 0.74
[TEST C2-FST]
Processing dataset...
Done!
Building trie...
trie size: 3.096522 MB
Done!
build time: 1335.711443 ms (1335.711443 ns per key)
space cost: 9.522977 MB (47.585099% of original size 20.012519 MB)
Querying trie...
Done!
total time: 616.009026 ms, avg latency: 616.009026 ns
topology: 1.448536 MB, link: 2.515947 MB, data: 5.558494 MB
--- Unary Path Analysis (FST, cutoff=4) ---
  shared unary steps in main trie: 632648
  terminal suffixes: inplace=148307 (avg len=2.14)  links=794871 (84.3% of terminal)
  link len: avg=12.03  max=232  total_chars=9558452
  link length distribution (len:count):  4:67686  5:69275  6:65423  7:58787  8:51921  9:47544  10:42795  11:38054  12:34227  13:30736  14:30694  15:28260  16:25308  17:22807  18:19264  19:17586  20:15912  21:14224  22:12066  23:10759  24:9477  25:8347  26:7925  27:7112  28:6113  29:5746  30:5072  31:4462  32:3927  33:3658  34:3228  35:2847  36:2644  37:2353  38:2038  39:1870  40:1644  41:1489  42:1315  43:1143  44:928  45:846  46:722  47:679  48:610  49:543  50:459  51:451  52:342  53:339  54:284  55:273  56:239  57:215  58:214  59:177  60:158  61:140  62:127  63:109  64:95  65:79  66:80  67:78  68:75  69:69  70:68  71:54  72:51  73:42  74:46  75:42  76:35  77:41  78:38  79:39  80:21  81:18  82:21  83:19  84:14  85:18  86:14  87:15  88:11  89:14  90:13  91:7  92:5  93:8  94:7  95:5  96:8  97:8  98:5  99:7  100:11  101:5  102:6  103:3  104:3  105:3  106:5  107:4  108:5  109:1  110:2  111:6  112:1  113:1  114:1  115:4  116:1  118:1  119:2  121:2  123:2  125:1  126:1  128:1  129:1  131:1  132:2  134:1  135:1  136:1  137:3  138:1  139:1  141:2  145:1  152:1  154:1  156:1  159:3  165:1  168:1  174:1  175:1  179:1  181:1  199:1  201:1  202:1  204:1  207:1  216:1  217:1  219:1  233:1
1335.711443,9.522977,616.009026
[PASSED]
[time 2.53 s, user 2.41 s, sys 0.10 s, maxrss 180780 KB]
[busy 267 jiffies]
[exit 0]
--- c2 case 0 rec 2   load 0.93 0.85 0.74
[TEST C2-FST]
Processing dataset...
Done!
Building trie...
trie size: 3.096522 MB
trie size: 0.887704 MB
Done!
build time: 1484.160948 ms (1484.160948 ns per key)
space cost: 9.522977 MB (47.585099% of original size 20.012519 MB)
Querying trie...
Done!
total time: 607.763809 ms, avg latency: 607.763809 ns
topology: 1.448536 MB, link: 2.515947 MB, data: 5.558494 MB
--- Unary Path Analysis (FST, cutoff=4) ---
  shared unary steps in main trie: 632648
  terminal suffixes: inplace=148307 (avg len=2.14)  links=794871 (84.3% of terminal)
  link len: avg=12.03  max=232  total_chars=9558452
  link length distribution (len:count):  4:67686  5:69275  6:65423  7:58787  8:51921  9:47544  10:42795  11:38054  12:34227  13:30736  14:30694  15:28260  16:25308  17:22807  18:19264  19:17586  20:15912  21:14224  22:12066  23:10759  24:9477  25:8347  26:7925  27:7112  28:6113  29:5746  30:5072  31:4462  32:3927  33:3658  34:3228  35:2847  36:2644  37:2353  38:2038  39:1870  40:1644  41:1489  42:1315  43:1143  44:928  45:846  46:722  47:679  48:610  49:543  50:459  51:451  52:342  53:339  54:284  55:273  56:239  57:215  58:214  59:177  60:158  61:140  62:127  63:109  64:95  65:79  66:80  67:78  68:75  69:69  70:68  71:54  72:51  73:42  74:46  75:42  76:35  77:41  78:38  79:39  80:21  81:18  82:21  83:19  84:14  85:18  86:14  87:15  88:11  89:14  90:13  91:7  92:5  93:8  94:7  95:5  96:8  97:8  98:5  99:7  100:11  101:5  102:6  103:3  104:3  105:3  106:5  107:4  108:5  109:1  110:2  111:6  112:1  113:1  114:1  115:4  116:1  118:1  119:2  121:2  123:2  125:1  126:1  128:1  129:1  131:1  132:2  134:1  135:1  136:1  137:3  138:1  139:1  141:2  145:1  152:1  154:1  156:1  159:3  165:1  168:1  174:1  175:1  179:1  181:1  199:1  201:1  202:1  204:1  207:1  216:1  217:1  219:1  233:1
1484.160948,9.522977,607.763809
[PASSED]
[time 2.66 s, user 2.51 s, sys 0.13 s, maxrss 181048 KB]
[busy 276 jiffies]
[exit 0]
--- c2 case 1 rec 0   load 1.02 0.87 0.75
[TEST C2-CoCo(LOUDS-Sparse)]
Processing dataset...
Done!
Building trie...
Done!
build time: 2114.647095 ms (2114.647095 ns per key)
space cost: 12.265971 MB (61.291488% of original size 20.012519 MB)
Querying trie...
Done!
total time: 733.502256 ms, avg latency: 733.502256 ns
topology: 0.432648 MB, link: 3.282862 MB, data: 8.550461 MB
2114.647095,12.265971,733.502256
[PASSED]
[time 3.41 s, user 3.22 s, sys 0.17 s, maxrss 358296 KB]
[busy 357 jiffies]
[exit 0]
--- c2 case 1 rec 1   load 1.01 0.87 0.75
[TEST C2-CoCo(LOUDS-Sparse)]
Processing dataset...
Done!
Building trie...
trie size: 3.096522 MB
Done!
build time: 2421.974816 ms (2421.974816 ns per key)
space cost: 10.462785 MB (52.281201% of original size 20.012519 MB)
Querying trie...
Done!
total time: 861.645442 ms, avg latency: 861.645442 ns
topology: 0.833210 MB, link: 3.468150 MB, data: 6.161425 MB
2421.974816,10.462785,861.645442
[PASSED]
[time 3.85 s, user 3.67 s, sys 0.15 s, maxrss 344904 KB]
[busy 402 jiffies]
[exit 0]
--- c2 case 1 rec 2   load 1.01 0.87 0.75
[TEST C2-CoCo(LOUDS-Sparse)]
Processing dataset...
Done!
Building trie...
trie size: 3.096522 MB
trie size: 0.887704 MB
Done!
build time: 2570.217853 ms (2570.217853 ns per key)
space cost: 10.462785 MB (52.281201% of original size 20.012519 MB)
Querying trie...
Done!
total time: 861.766941 ms, avg latency: 861.766941 ns
topology: 0.833210 MB, link: 3.468150 MB, data: 6.161425 MB
2570.217853,10.462785,861.766941
[PASSED]
[time 4.01 s, user 3.80 s, sys 0.18 s, maxrss 344668 KB]
[busy 418 jiffies]
[exit 0]
--- c2 case 2 rec 0   load 1.01 0.87 0.75
[TEST C2-MARISA]
Processing dataset...
Done!
Building trie...
trie size: 2.238578 MB
Done!
build time: 1023.125720 ms (1023.125720 ns per key)
space cost: 10.766413 MB (53.798389% of original size 20.012519 MB)
Querying trie...
Done!
total time: 374.179565 ms, avg latency: 374.179565 ns
topology: 0.741383 MB, link: 2.768053 MB, data: 7.236469 MB
--- Unary Path Analysis (Marisa, cutoff=3) ---
  branches: 1523874  |  single-char: 417651 (27.4%)  short-unary: 97461 (6.4%)  links: 1008762 (66.2%)
  link len: avg=12.11  max=234  total_chars=12215333
  link length distribution (len:count):  3:76859  4:82017  5:81216  6:79010  7:72564  8:64127  9:55531  10:50303  11:44703  12:39548  13:35394  14:31778  15:31462  16:28952  17:25995  18:23521  19:19840  20:18044  21:16382  22:14569  23:12399  24:11015  25:9715  26:8556  27:8141  28:7267  29:6255  30:5853  31:5207  32:4578  33:4049  34:3736  35:3293  36:2910  37:2688  38:2423  39:2074  40:1908  41:1670  42:1511  43:1333  44:1158  45:939  46:855  47:728  48:689  49:615  50:544  51:465  52:457  53:344  54:344  55:284  56:276  57:242  58:216  59:216  60:177  61:159  62:140  63:127  64:109  65:95  66:79  67:80  68:79  69:75  70:69  71:69  72:55  73:51  74:42  75:46  76:42  77:35  78:41  79:38  80:39  81:21  82:18  83:21  84:19  85:14  86:18  87:14  88:15  89:11  90:14  91:13  92:7  93:5  94:8  95:7  96:5  97:9  98:8  99:5  100:7  101:11  102:5  103:6  104:3  105:3  106:3  107:5  108:4  109:5  110:1  111:2  112:6  113:1  114:1  115:1  116:4  117:1  119:1  120:2  122:2  124:2  126:1  127:1  129:1  130:1  132:1  133:2  135:1  136:1  137:1  138:3  139:1  140:1  142:2  146:1  153:1  155:1  157:1  160:3  166:1  169:1  175:1  176:1  180:1  182:1  200:1  202:1  203:1  205:1  208:1  217:1  218:1  220:1  234:1
  short unary avg len: 2.00
1023.125720,10.766413,374.179565
[PASSED]
[time 1.95 s, user 1.82 s, sys 0.12 s, maxrss 201608 KB]
[busy 210 jiffies]
[exit 0]
--- c2 case 2 rec 1   load 1.01 0.87 0.75
[TEST C2-MARISA]
Processing dataset...
Done!
Building trie...
trie size: 2.238578 MB
trie size: 3.821277 MB
Done!
build time: 1388.643945 ms (1388.643945 ns per key)
space cost: 8.586061 MB (42.903452% of original size 20.012519 MB)
Querying trie...
Done!
total time: 503.505485 ms, avg latency: 503.505485 ns
topology: 1.213478 MB, link: 2.963206 MB, data: 4.388869 MB
--- Unary Path Analysis (Marisa, cutoff=3) ---
  branches: 1523874  |  single-char: 417651 (27.4%)  short-unary: 97461 (6.4%)  links: 1008762 (66.2%)
  link len: avg=12.11  max=234  total_chars=12215333
  link length distribution (len:count):  3:76859  4:82017  5:81216  6:79010  7:72564  8:64127  9:55531  10:50303  11:44703  12:39548  13:35394  14:31778  15:31462  16:28952  17:25995  18:23521  19:19840  20:18044  21:16382  22:14569  23:12399  24:11015  25:9715  26:8556  27:8141  28:7267  29:6255  30:5853  31:5207  32:4578  33:4049  34:3736  35:3293  36:2910  37:2688  38:2423  39:2074  40:1908  41:1670  42:1511  43:1333  44:1158  45:939  46:855  47:728  48:689  49:615  50:544  51:465  52:457  53:344  54:344  55:284  56:276  57:242  58:216  59:216  60:177  61:159  62:140  63:127  64:109  65:95  66:79  67:80  68:79  69:75  70:69  71:69  72:55  73:51  74:42  75:46  76:42  77:35  78:41  79:38  80:39  81:21  82:18  83:21  84:19  85:14  86:18  87:14  88:15  89:11  90:14  91:13  92:7  93:5  94:8  95:7  96:5  97:9  98:8  99:5  100:7  101:11  102:5  103:6  104:3  105:3  106:3  107:5  108:4  109:5  110:1  111:2  112:6  113:1  114:1  115:1  116:4  117:1  119:1  120:2  122:2  124:2  126:1  127:1  129:1  130:1  132:1  133:2  135:1  136:1  137:1  138:3  139:1  140:1  142:2  146:1  153:1  155:1  157:1  160:3  166:1  169:1  175:1  176:1  180:1  182:1  200:1  202:1  203:1  205:1  208:1  217:1  218:1  220:1  234:1
  short unary avg len: 2.00
1388.643945,8.586061,503.505485
[PASSED]
[time 2.48 s, user 2.32 s, sys 0.14 s, maxrss 197228 KB]
[busy 262 jiffies]
[exit 0]
--- c2 case 2 rec 2   load 1.01 0.88 0.75
[TEST C2-MARISA]
Processing dataset...
Done!
Building trie...
trie size: 2.238578 MB
trie size: 3.821277 MB
trie size: 1.037524 MB
Done!
build time: 1520.103375 ms (1520.103375 ns per key)
space cost: 8.586061 MB (42.903452% of original size 20.012519 MB)
Querying trie...
Done!
total time: 499.693911 ms, avg latency: 499.693911 ns
topology: 1.213478 MB, link: 2.963206 MB, data: 4.388869 MB
--- Unary Path Analysis (Marisa, cutoff=3) ---
  branches: 1523874  |  single-char: 417651 (27.4%)  short-unary: 97461 (6.4%)  links: 1008762 (66.2%)
  link len: avg=12.11  max=234  total_chars=12215333
  link length distribution (len:count):  3:76859  4:82017  5:81216  6:79010  7:72564  8:64127  9:55531  10:50303  11:44703  12:39548  13:35394  14:31778  15:31462  16:28952  17:25995  18:23521  19:19840  20:18044  21:16382  22:14569  23:12399  24:11015  25:9715  26:8556  27:8141  28:7267  29:6255  30:5853  31:5207  32:4578  33:4049  34:3736  35:3293  36:2910  37:2688  38:2423  39:2074  40:1908  41:1670  42:1511  43:1333  44:1158  45:939  46:855  47:728  48:689  49:615  50:544  51:465  52:457  53:344  54:344  55:284  56:276  57:242  58:216  59:216  60:177  61:159  62:140  63:127  64:109  65:95  66:79  67:80  68:79  69:75  70:69  71:69  72:55  73:51  74:42  75:46  76:42  77:35  78:41  79:38  80:39  81:21  82:18  83:21  84:19  85:14  86:18  87:14  88:15  89:11  90:14  91:13  92:7  93:5  94:8  95:7  96:5  97:9  98:8  99:5  100:7  101:11  102:5  103:6  104:3  105:3  106:3  107:5  108:4  109:5  110:1  111:2  112:6  113:1  114:1  115:1  116:4  117:1  119:1  120:2  122:2  124:2  126:1  127:1  129:1  130:1  132:1  133:2  135:1  136:1  137:1  138:3  139:1  140:1  142:2  146:1  153:1  155:1  157:1  160:3  166:1  169:1  175:1  176:1  180:1  182:1  200:1  202:1  203:1  205:1  208:1  217:1  218:1  220:1  234:1
  short unary avg len: 2.00
1520.103375,8.586061,499.693911
[PASSED]
[time 2.60 s, user 2.44 s, sys 0.15 s, maxrss 197284 KB]
[busy 274 jiffies]
[exit 0]
--- c2 case 3 rec 0   load 1.01 0.88 0.75
[TEST FST]
Processing dataset...
Done!
Building trie...
Done!
build time: 799.555899 ms (799.555899 ns per key)
space cost: 12.223534 MB (61.079436% of original size 20.012519 MB)
Querying trie...
Done!
total time: 683.608556 ms, avg latency: 683.608556 ns
not implemented
799.555899,12.223534,683.608556
[PASSED]
[time 2.07 s, user 1.98 s, sys 0.08 s, maxrss 130980 KB]
[busy 218 jiffies]
[exit 0]
--- c2 case 4 rec 0   load 1.01 0.88 0.75
terminate called after throwing an instance of 'std::runtime_error'
  what():  Sequence is not sorted
timeout: the monitored command dumped core
Command terminated by signal 6
[time 22.40 s, user 16.50 s, sys 5.76 s, maxrss 13650672 KB]
[busy 2333 jiffies]
[exit 134]
--- c2 case 5 rec 0   load 1.00 0.89 0.76
[TEST MARISA]
Processing dataset...
Done!
Building trie...
Done!
build time: 604.146419 ms (604.146419 ns per key)
space cost: 12.537066 MB (62.646119% of original size 20.012519 MB)
Querying trie...
Done!
total time: 504.611203 ms, avg latency: 504.611203 ns
not implemented
604.146419,12.537066,504.611203
[PASSED]
[time 1.68 s, user 1.54 s, sys 0.13 s, maxrss 195280 KB]
[busy 179 jiffies]
[exit 0]
--- c2 case 5 rec 1   load 0.92 0.87 0.76
[TEST MARISA]
Processing dataset...
Done!
Building trie...
Done!
build time: 765.602090 ms (765.602090 ns per key)
space cost: 8.680676 MB (43.376231% of original size 20.012519 MB)
Querying trie...
Done!
total time: 778.228613 ms, avg latency: 778.228613 ns
not implemented
765.602090,8.680676,778.228613
[PASSED]
[time 2.11 s, user 1.98 s, sys 0.12 s, maxrss 195148 KB]
[busy 225 jiffies]
[exit 0]
--- c2 case 5 rec 2   load 0.92 0.87 0.76
[TEST MARISA]
Processing dataset...
Done!
Building trie...
Done!
build time: 799.219236 ms (799.219236 ns per key)
space cost: 7.806685 MB (39.009010% of original size 20.012519 MB)
Querying trie...
Done!
total time: 886.866408 ms, avg latency: 886.866408 ns
not implemented
799.219236,7.806685,886.866408
[PASSED]
[time 2.27 s, user 2.13 s, sys 0.12 s, maxrss 195132 KB]
[busy 238 jiffies]
[exit 0]
--- c2 case 6 rec 0   load 0.93 0.88 0.76
[TEST PDT]
Processing dataset...
Done!
Building trie...
dict size: 157446, stream size: 7395682
Done!
build time: 3423.457886 ms (3423.457886 ns per key)
space cost: 8.479283 MB (42.369895% of original size 20.012519 MB)
Querying trie...
Done!
total time: 652.824925 ms, avg latency: 652.824925 ns
not implemented
3423.457886,8.479283,652.824925
[PASSED]
[time 4.65 s, user 4.47 s, sys 0.16 s, maxrss 256704 KB]
[busy 486 jiffies]
[exit 0]
--- c2 case 7 rec 0   load 0.94 0.88 0.76
[TEST ART]
Processing dataset...
Done!
Building trie...
Done!
build time: 161.392622 ms (161.392622 ns per key)
space cost: 32.696541 MB (163.380437% of original size 20.012519 MB)
Querying trie...
Done!
total time: 396.248435 ms, avg latency: 396.248435 ns
not implemented
161.392622,32.696541,396.248435
[PASSED]
[time 1.14 s, user 1.06 s, sys 0.07 s, maxrss 176532 KB]
[busy 121 jiffies]
[exit 0]
--- c2 case 8 rec 0   load 0.86 0.86 0.75
[TEST CART]
Processing dataset...
Done!
Building trie...
Done!
build time: 210.037004 ms (210.037004 ns per key)
space cost: 14.850546 MB (74.206280% of original size 20.012519 MB)
Querying trie...
Done!
total time: 456.567481 ms, avg latency: 456.567481 ns
not implemented
210.037004,14.850546,456.567481
[PASSED]
[time 1.26 s, user 1.17 s, sys 0.08 s, maxrss 163856 KB]
[busy 135 jiffies]
[exit 0]
--- xcdat 7   load 0.86 0.86 0.75
build time: 637.349056 ms
space cost: 14.813288 MiB (74.020106% of original size 20.012519 MiB)
avg latency: 268.395735 ns
637.349056,14.813288,268.395735
[time 1.49 s, user 1.38 s, sys 0.10 s, maxrss 161652 KB]
[busy 158 jiffies]
[exit 0]
--- xcdat 8   load 0.86 0.86 0.75
build time: 604.334012 ms
space cost: 14.333878 MiB (71.624555% of original size 20.012519 MiB)
avg latency: 261.461341 ns
604.334012,14.333878,261.461341
[time 1.44 s, user 1.34 s, sys 0.09 s, maxrss 161160 KB]
[busy 152 jiffies]
[exit 0]
--- xcdat 15   load 1.03 0.90 0.77
build time: 637.706178 ms
space cost: 16.333202 MiB (81.614925% of original size 20.012519 MiB)
avg latency: 246.518163 ns
637.706178,16.333202,246.518163
[time 1.47 s, user 1.37 s, sys 0.09 s, maxrss 163276 KB]
[busy 161 jiffies]
[exit 0]
--- xcdat 16   load 1.03 0.90 0.77
build time: 608.199728 ms
space cost: 16.875467 MiB (84.324554% of original size 20.012519 MiB)
avg latency: 261.674442 ns
608.199728,16.875467,261.674442
[time 1.45 s, user 1.34 s, sys 0.10 s, maxrss 164528 KB]
[busy 154 jiffies]
[exit 0]

##### titles-ru-1000000 (1000000 lines, 36819661 bytes)   round 1/3   2026-09-23T21:18:00+03:00
--- lexindex dict32   load 1.03 0.90 0.77
1000000 keys
lexindex DictIndex block 32: build 673 ms, size 6.963 MiB (7.302 B/key), latency cold 489.9 ns, then mean 486.3 / min 485.1 ns
672.621,6.963340,489.857
[time 3.21 s, user 5.07 s, sys 0.28 s, maxrss 302088 KB]
[busy 561 jiffies]
[exit 0]
--- lexindex dict256   load 1.03 0.90 0.77
1000000 keys
lexindex DictIndex block 256: build 682 ms, size 6.544 MiB (6.862 B/key), latency cold 516.8 ns, then mean 517.3 / min 514.9 ns
682.296,6.543816,516.825
[time 3.34 s, user 5.28 s, sys 0.33 s, maxrss 300132 KB]
[busy 589 jiffies]
[exit 0]
--- lexindex dict1024   load 1.02 0.91 0.77
1000000 keys
lexindex DictIndex block 1024: build 707 ms, size 6.388 MiB (6.698 B/key), latency cold 578.7 ns, then mean 572.0 / min 565.9 ns
707.193,6.387671,578.714
[time 3.59 s, user 4.76 s, sys 0.27 s, maxrss 301620 KB]
[busy 530 jiffies]
[exit 0]
--- lexindex string   load 0.94 0.89 0.77
1000000 keys
lexindex StringIndex: build 1498 ms, size 30.276 MiB (31.746 B/key), latency cold 554.4 ns, then mean 543.5 / min 537.9 ns
1498.287,30.275526,554.385
[time 4.26 s, user 4.12 s, sys 0.12 s, maxrss 213336 KB]
[busy 452 jiffies]
[exit 0]
--- lexindex hashed0   load 0.87 0.87 0.76
1000000 keys
lexindex HashedDictIndex closed: build 855 ms, size 9.157 MiB (9.602 B/key), latency cold 55.2 ns, then mean 52.9 / min 52.7 ns
854.667,9.157313,55.199
[time 1.66 s, user 3.67 s, sys 0.29 s, maxrss 302452 KB]
[busy 417 jiffies]
[exit 0]
--- lexindex hashed8   load 0.87 0.87 0.76
1000000 keys
lexindex HashedDictIndex fp=8: build 859 ms, size 10.111 MiB (10.602 B/key), latency cold 63.7 ns, then mean 63.7 / min 62.6 ns
858.586,10.110988,63.724
[time 1.69 s, user 3.73 s, sys 0.32 s, maxrss 304744 KB]
[busy 427 jiffies]
[exit 0]
--- lexindex hashed16   load 0.88 0.88 0.76
1000000 keys
lexindex HashedDictIndex fp=16: build 851 ms, size 11.065 MiB (11.602 B/key), latency cold 63.9 ns, then mean 63.1 / min 62.9 ns
851.260,11.064662,63.927
[time 1.69 s, user 3.69 s, sys 0.30 s, maxrss 305000 KB]
[busy 422 jiffies]
[exit 0]
--- c2 case 0 rec 0   load 0.88 0.88 0.76
[TEST C2-FST]
Processing dataset...
Done!
Building trie...
Done!
build time: 1271.248500 ms (1271.248500 ns per key)
space cost: 13.454716 MB (39.387006% of original size 34.160291 MB)
Querying trie...
Done!
total time: 759.588537 ms, avg latency: 759.588537 ns
topology: 1.316696 MB, link: 2.448647 MB, data: 9.689372 MB
--- Unary Path Analysis (FST, cutoff=4) ---
  shared unary steps in main trie: 1444849
  terminal suffixes: inplace=70261 (avg len=2.02)  links=837902 (92.3% of terminal)
  link len: avg=18.90  max=238  total_chars=15835418
  link length distribution (len:count):  4:38002  5:25136  6:46678  7:25626  8:51081  9:27061  10:49555  11:26346  12:44099  13:24737  14:35638  15:24081  16:29538  17:19279  18:25434  19:16078  20:16463  21:14405  22:12877  23:14367  24:11738  25:15079  26:11391  27:16946  28:11354  29:17411  30:12058  31:16873  32:11600  33:15555  34:11210  35:12790  36:9994  37:10106  38:7923  39:7962  40:6648  41:5829  42:4930  43:4945  44:3895  45:3528  46:3382  47:2749  48:2598  49:2269  50:2117  51:1901  52:1753  53:1665  54:1553  55:1449  56:1305  57:1145  58:1092  59:1004  60:875  61:848  62:788  63:815  64:741  65:605  66:640  67:594  68:554  69:512  70:530  71:482  72:415  73:428  74:424  75:368  76:310  77:349  78:289  79:299  80:274  81:267  82:209  83:198  84:204  85:187  86:188  87:169  88:154  89:148  90:143  91:149  92:108  93:110  94:105  95:111  96:95  97:79  98:91  99:85  100:98  101:68  102:61  103:57  104:50  105:52  106:54  107:61  108:50  109:62  110:44  111:43  112:42  113:44  114:37  115:29  116:42  117:29  118:35  119:28  120:37  121:28  122:24  123:19  124:19  125:31  126:29  127:26  128:15  129:19  130:30  131:11  132:22  133:9  134:11  135:14  136:17  137:15  138:6  139:7  140:14  141:16  142:8  143:9  144:14  145:12  146:8  147:11  148:7  149:9  150:6  151:12  152:9  153:13  154:7  155:5  156:6  157:3  158:8  159:4  160:7  161:11  162:5  163:11  164:3  165:5  166:7  167:4  168:4  169:6  170:3  171:4  172:3  173:9  174:4  175:1  176:4  177:5  178:6  179:4  180:4  181:2  182:6  183:7  184:4  185:2  186:3  187:2  188:2  190:1  191:1  192:3  193:3  194:2  196:2  197:2  198:4  200:1  202:1  205:2  207:2  208:1  210:2  212:2  213:1  217:2  218:2  220:1  222:1  228:2  234:1  239:1
1271.248500,13.454716,759.588537
[PASSED]
[time 2.74 s, user 2.61 s, sys 0.12 s, maxrss 226792 KB]
[busy 288 jiffies]
[exit 0]
--- c2 case 0 rec 1   load 0.89 0.88 0.76
[TEST C2-FST]
Processing dataset...
Done!
Building trie...
trie size: 3.233313 MB
Done!
build time: 1679.228405 ms (1679.228405 ns per key)
space cost: 10.950089 MB (32.055021% of original size 34.160291 MB)
Querying trie...
Done!
total time: 773.695392 ms, avg latency: 773.695392 ns
topology: 1.728611 MB, link: 2.656099 MB, data: 6.565378 MB
--- Unary Path Analysis (FST, cutoff=4) ---
  shared unary steps in main trie: 1444849
  terminal suffixes: inplace=70261 (avg len=2.02)  links=837902 (92.3% of terminal)
  link len: avg=18.90  max=238  total_chars=15835418
  link length distribution (len:count):  4:38002  5:25136  6:46678  7:25626  8:51081  9:27061  10:49555  11:26346  12:44099  13:24737  14:35638  15:24081  16:29538  17:19279  18:25434  19:16078  20:16463  21:14405  22:12877  23:14367  24:11738  25:15079  26:11391  27:16946  28:11354  29:17411  30:12058  31:16873  32:11600  33:15555  34:11210  35:12790  36:9994  37:10106  38:7923  39:7962  40:6648  41:5829  42:4930  43:4945  44:3895  45:3528  46:3382  47:2749  48:2598  49:2269  50:2117  51:1901  52:1753  53:1665  54:1553  55:1449  56:1305  57:1145  58:1092  59:1004  60:875  61:848  62:788  63:815  64:741  65:605  66:640  67:594  68:554  69:512  70:530  71:482  72:415  73:428  74:424  75:368  76:310  77:349  78:289  79:299  80:274  81:267  82:209  83:198  84:204  85:187  86:188  87:169  88:154  89:148  90:143  91:149  92:108  93:110  94:105  95:111  96:95  97:79  98:91  99:85  100:98  101:68  102:61  103:57  104:50  105:52  106:54  107:61  108:50  109:62  110:44  111:43  112:42  113:44  114:37  115:29  116:42  117:29  118:35  119:28  120:37  121:28  122:24  123:19  124:19  125:31  126:29  127:26  128:15  129:19  130:30  131:11  132:22  133:9  134:11  135:14  136:17  137:15  138:6  139:7  140:14  141:16  142:8  143:9  144:14  145:12  146:8  147:11  148:7  149:9  150:6  151:12  152:9  153:13  154:7  155:5  156:6  157:3  158:8  159:4  160:7  161:11  162:5  163:11  164:3  165:5  166:7  167:4  168:4  169:6  170:3  171:4  172:3  173:9  174:4  175:1  176:4  177:5  178:6  179:4  180:4  181:2  182:6  183:7  184:4  185:2  186:3  187:2  188:2  190:1  191:1  192:3  193:3  194:2  196:2  197:2  198:4  200:1  202:1  205:2  207:2  208:1  210:2  212:2  213:1  217:2  218:2  220:1  222:1  228:2  234:1  239:1
1679.228405,10.950089,773.695392
[PASSED]
[time 3.17 s, user 3.01 s, sys 0.14 s, maxrss 215180 KB]
[busy 332 jiffies]
[exit 0]
--- c2 case 0 rec 2   load 0.90 0.88 0.77
[TEST C2-FST]
Processing dataset...
Done!
Building trie...
trie size: 3.233313 MB
trie size: 0.910584 MB
Done!
build time: 1773.865224 ms (1773.865224 ns per key)
space cost: 10.950089 MB (32.055021% of original size 34.160291 MB)
Querying trie...
Done!
total time: 737.830801 ms, avg latency: 737.830801 ns
topology: 1.728611 MB, link: 2.656099 MB, data: 6.565378 MB
--- Unary Path Analysis (FST, cutoff=4) ---
  shared unary steps in main trie: 1444849
  terminal suffixes: inplace=70261 (avg len=2.02)  links=837902 (92.3% of terminal)
  link len: avg=18.90  max=238  total_chars=15835418
  link length distribution (len:count):  4:38002  5:25136  6:46678  7:25626  8:51081  9:27061  10:49555  11:26346  12:44099  13:24737  14:35638  15:24081  16:29538  17:19279  18:25434  19:16078  20:16463  21:14405  22:12877  23:14367  24:11738  25:15079  26:11391  27:16946  28:11354  29:17411  30:12058  31:16873  32:11600  33:15555  34:11210  35:12790  36:9994  37:10106  38:7923  39:7962  40:6648  41:5829  42:4930  43:4945  44:3895  45:3528  46:3382  47:2749  48:2598  49:2269  50:2117  51:1901  52:1753  53:1665  54:1553  55:1449  56:1305  57:1145  58:1092  59:1004  60:875  61:848  62:788  63:815  64:741  65:605  66:640  67:594  68:554  69:512  70:530  71:482  72:415  73:428  74:424  75:368  76:310  77:349  78:289  79:299  80:274  81:267  82:209  83:198  84:204  85:187  86:188  87:169  88:154  89:148  90:143  91:149  92:108  93:110  94:105  95:111  96:95  97:79  98:91  99:85  100:98  101:68  102:61  103:57  104:50  105:52  106:54  107:61  108:50  109:62  110:44  111:43  112:42  113:44  114:37  115:29  116:42  117:29  118:35  119:28  120:37  121:28  122:24  123:19  124:19  125:31  126:29  127:26  128:15  129:19  130:30  131:11  132:22  133:9  134:11  135:14  136:17  137:15  138:6  139:7  140:14  141:16  142:8  143:9  144:14  145:12  146:8  147:11  148:7  149:9  150:6  151:12  152:9  153:13  154:7  155:5  156:6  157:3  158:8  159:4  160:7  161:11  162:5  163:11  164:3  165:5  166:7  167:4  168:4  169:6  170:3  171:4  172:3  173:9  174:4  175:1  176:4  177:5  178:6  179:4  180:4  181:2  182:6  183:7  184:4  185:2  186:3  187:2  188:2  190:1  191:1  192:3  193:3  194:2  196:2  197:2  198:4  200:1  202:1  205:2  207:2  208:1  210:2  212:2  213:1  217:2  218:2  220:1  222:1  228:2  234:1  239:1
1773.865224,10.950089,737.830801
[PASSED]
[time 3.25 s, user 3.09 s, sys 0.14 s, maxrss 215448 KB]
[busy 339 jiffies]
[exit 0]
--- c2 case 1 rec 0   load 0.91 0.88 0.77
[TEST C2-CoCo(LOUDS-Sparse)]
Processing dataset...
Done!
Building trie...
Done!
build time: 3452.160153 ms (3452.160153 ns per key)
space cost: 14.618523 MB (42.793905% of original size 34.160291 MB)
Querying trie...
Done!
total time: 1060.828661 ms, avg latency: 1060.828661 ns
topology: 0.472511 MB, link: 3.816133 MB, data: 10.329878 MB
3452.160153,14.618523,1060.828661
[PASSED]
[time 5.21 s, user 4.98 s, sys 0.20 s, maxrss 445792 KB]
[busy 542 jiffies]
[exit 0]
--- c2 case 1 rec 1   load 0.91 0.89 0.77
[TEST C2-CoCo(LOUDS-Sparse)]
Processing dataset...
Done!
Building trie...
trie size: 3.233313 MB
Done!
build time: 3849.821374 ms (3849.821374 ns per key)
space cost: 12.113895 MB (35.461921% of original size 34.160291 MB)
Querying trie...
Done!
total time: 1040.345430 ms, avg latency: 1040.345430 ns
topology: 0.884426 MB, link: 4.023585 MB, data: 7.205884 MB
3849.821374,12.113895,1040.345430
[PASSED]
[time 5.59 s, user 5.36 s, sys 0.21 s, maxrss 432432 KB]
[busy 581 jiffies]
[exit 0]
--- c2 case 1 rec 2   load 0.92 0.89 0.77
[TEST C2-CoCo(LOUDS-Sparse)]
Processing dataset...
Done!
Building trie...
trie size: 3.233313 MB
trie size: 0.910584 MB
Done!
build time: 4005.641723 ms (4005.641723 ns per key)
space cost: 12.113895 MB (35.461921% of original size 34.160291 MB)
Querying trie...
Done!
total time: 1065.043293 ms, avg latency: 1065.043293 ns
topology: 0.884426 MB, link: 4.023585 MB, data: 7.205884 MB
4005.641723,12.113895,1065.043293
[PASSED]
[time 5.78 s, user 5.55 s, sys 0.20 s, maxrss 432832 KB]
[busy 602 jiffies]
[exit 0]
--- c2 case 2 rec 0   load 0.85 0.88 0.77
[TEST C2-MARISA]
Processing dataset...
Done!
Building trie...
trie size: 2.484302 MB
Done!
build time: 1217.139332 ms (1217.139332 ns per key)
space cost: 12.012337 MB (35.164621% of original size 34.160291 MB)
Querying trie...
Done!
total time: 534.558365 ms, avg latency: 534.558365 ns
topology: 0.823292 MB, link: 2.965906 MB, data: 8.202631 MB
--- Unary Path Analysis (Marisa, cutoff=3) ---
  branches: 1657128  |  single-char: 447774 (27.0%)  short-unary: 128432 (7.8%)  links: 1080922 (65.2%)
  link len: avg=17.77  max=240  total_chars=19212544
  link length distribution (len:count):  3:87321  4:48292  5:58975  6:36358  7:58121  8:33015  9:59626  10:32247  11:55687  12:30072  13:49121  14:27545  15:39628  16:26319  17:32373  18:20972  19:27510  20:17247  21:17760  22:15297  23:13707  24:14933  25:12396  26:15583  27:11863  28:17395  29:11704  30:17896  31:12395  32:17216  33:11862  34:15819  35:11459  36:13046  37:10194  38:10344  39:8104  40:8139  41:6769  42:6000  43:5033  44:5077  45:3963  46:3720  47:3456  48:2871  49:2663  50:2321  51:2168  52:1981  53:1813  54:1693  55:1597  56:1488  57:1344  58:1172  59:1122  60:1025  61:904  62:871  63:814  64:834  65:767  66:626  67:663  68:607  69:568  70:524  71:545  72:489  73:428  74:436  75:441  76:375  77:319  78:357  79:299  80:304  81:282  82:274  83:213  84:203  85:208  86:189  87:193  88:179  89:159  90:153  91:146  92:153  93:110  94:115  95:107  96:113  97:98  98:81  99:92  100:91  101:100  102:69  103:62  104:60  105:53  106:53  107:55  108:63  109:50  110:63  111:44  112:45  113:43  114:49  115:38  116:32  117:45  118:31  119:36  120:28  121:37  122:28  123:24  124:20  125:19  126:32  127:29  128:26  129:15  130:19  131:30  132:11  133:22  134:9  135:11  136:14  137:18  138:15  139:6  140:8  141:14  142:16  143:8  144:10  145:14  146:12  147:8  148:11  149:7  150:9  151:6  152:12  153:9  154:13  155:7  156:5  157:6  158:3  159:8  160:4  161:7  162:11  163:6  164:11  165:3  166:5  167:7  168:4  169:5  170:6  171:3  172:4  173:3  174:9  175:4  176:1  177:4  178:5  179:7  180:4  181:4  182:2  183:6  184:7  185:4  186:2  187:3  188:2  189:2  191:1  192:1  193:3  194:3  195:2  197:2  198:2  199:4  201:1  203:1  206:2  208:2  209:1  211:2  213:2  214:1  218:2  219:2  221:1  223:1  229:2  235:1  240:1
  short unary avg len: 2.00
1217.139332,12.012337,534.558365
[PASSED]
[time 2.45 s, user 2.30 s, sys 0.14 s, maxrss 243432 KB]
[busy 259 jiffies]
[exit 0]
--- c2 case 2 rec 1   load 0.85 0.88 0.77
[TEST C2-MARISA]
Processing dataset...
Done!
Building trie...
trie size: 2.484302 MB
trie size: 4.015308 MB
Done!
build time: 1641.607465 ms (1641.607465 ns per key)
space cost: 9.221785 MB (26.995627% of original size 34.160291 MB)
Querying trie...
Done!
total time: 391.893284 ms, avg latency: 391.893284 ns
topology: 1.302711 MB, link: 3.189349 MB, data: 4.709216 MB
--- Unary Path Analysis (Marisa, cutoff=3) ---
  branches: 1657128  |  single-char: 447774 (27.0%)  short-unary: 128432 (7.8%)  links: 1080922 (65.2%)
  link len: avg=17.77  max=240  total_chars=19212544
  link length distribution (len:count):  3:87321  4:48292  5:58975  6:36358  7:58121  8:33015  9:59626  10:32247  11:55687  12:30072  13:49121  14:27545  15:39628  16:26319  17:32373  18:20972  19:27510  20:17247  21:17760  22:15297  23:13707  24:14933  25:12396  26:15583  27:11863  28:17395  29:11704  30:17896  31:12395  32:17216  33:11862  34:15819  35:11459  36:13046  37:10194  38:10344  39:8104  40:8139  41:6769  42:6000  43:5033  44:5077  45:3963  46:3720  47:3456  48:2871  49:2663  50:2321  51:2168  52:1981  53:1813  54:1693  55:1597  56:1488  57:1344  58:1172  59:1122  60:1025  61:904  62:871  63:814  64:834  65:767  66:626  67:663  68:607  69:568  70:524  71:545  72:489  73:428  74:436  75:441  76:375  77:319  78:357  79:299  80:304  81:282  82:274  83:213  84:203  85:208  86:189  87:193  88:179  89:159  90:153  91:146  92:153  93:110  94:115  95:107  96:113  97:98  98:81  99:92  100:91  101:100  102:69  103:62  104:60  105:53  106:53  107:55  108:63  109:50  110:63  111:44  112:45  113:43  114:49  115:38  116:32  117:45  118:31  119:36  120:28  121:37  122:28  123:24  124:20  125:19  126:32  127:29  128:26  129:15  130:19  131:30  132:11  133:22  134:9  135:11  136:14  137:18  138:15  139:6  140:8  141:14  142:16  143:8  144:10  145:14  146:12  147:8  148:11  149:7  150:9  151:6  152:12  153:9  154:13  155:7  156:5  157:6  158:3  159:8  160:4  161:7  162:11  163:6  164:11  165:3  166:5  167:7  168:4  169:5  170:6  171:3  172:4  173:3  174:9  175:4  176:1  177:4  178:5  179:7  180:4  181:4  182:2  183:6  184:7  185:4  186:2  187:3  188:2  189:2  191:1  192:1  193:3  194:3  195:2  197:2  198:2  199:4  201:1  203:1  206:2  208:2  209:1  211:2  213:2  214:1  218:2  219:2  221:1  223:1  229:2  235:1  240:1
  short unary avg len: 2.00
1641.607465,9.221785,391.893284
[PASSED]
[time 2.77 s, user 2.60 s, sys 0.15 s, maxrss 227108 KB]
[busy 293 jiffies]
[exit 0]
--- c2 case 2 rec 2   load 0.86 0.88 0.77
[TEST C2-MARISA]
Processing dataset...
Done!
Building trie...
trie size: 2.484302 MB
trie size: 4.015308 MB
trie size: 1.015766 MB
Done!
build time: 1771.867649 ms (1771.867649 ns per key)
space cost: 8.714260 MB (25.509912% of original size 34.160291 MB)
Querying trie...
Done!
total time: 390.960260 ms, avg latency: 390.960260 ns
topology: 1.481594 MB, link: 3.266720 MB, data: 3.945438 MB
--- Unary Path Analysis (Marisa, cutoff=3) ---
  branches: 1657128  |  single-char: 447774 (27.0%)  short-unary: 128432 (7.8%)  links: 1080922 (65.2%)
  link len: avg=17.77  max=240  total_chars=19212544
  link length distribution (len:count):  3:87321  4:48292  5:58975  6:36358  7:58121  8:33015  9:59626  10:32247  11:55687  12:30072  13:49121  14:27545  15:39628  16:26319  17:32373  18:20972  19:27510  20:17247  21:17760  22:15297  23:13707  24:14933  25:12396  26:15583  27:11863  28:17395  29:11704  30:17896  31:12395  32:17216  33:11862  34:15819  35:11459  36:13046  37:10194  38:10344  39:8104  40:8139  41:6769  42:6000  43:5033  44:5077  45:3963  46:3720  47:3456  48:2871  49:2663  50:2321  51:2168  52:1981  53:1813  54:1693  55:1597  56:1488  57:1344  58:1172  59:1122  60:1025  61:904  62:871  63:814  64:834  65:767  66:626  67:663  68:607  69:568  70:524  71:545  72:489  73:428  74:436  75:441  76:375  77:319  78:357  79:299  80:304  81:282  82:274  83:213  84:203  85:208  86:189  87:193  88:179  89:159  90:153  91:146  92:153  93:110  94:115  95:107  96:113  97:98  98:81  99:92  100:91  101:100  102:69  103:62  104:60  105:53  106:53  107:55  108:63  109:50  110:63  111:44  112:45  113:43  114:49  115:38  116:32  117:45  118:31  119:36  120:28  121:37  122:28  123:24  124:20  125:19  126:32  127:29  128:26  129:15  130:19  131:30  132:11  133:22  134:9  135:11  136:14  137:18  138:15  139:6  140:8  141:14  142:16  143:8  144:10  145:14  146:12  147:8  148:11  149:7  150:9  151:6  152:12  153:9  154:13  155:7  156:5  157:6  158:3  159:8  160:4  161:7  162:11  163:6  164:11  165:3  166:5  167:7  168:4  169:5  170:6  171:3  172:4  173:3  174:9  175:4  176:1  177:4  178:5  179:7  180:4  181:4  182:2  183:6  184:7  185:4  186:2  187:3  188:2  189:2  191:1  192:1  193:3  194:3  195:2  197:2  198:2  199:4  201:1  203:1  206:2  208:2  209:1  211:2  213:2  214:1  218:2  219:2  221:1  223:1  229:2  235:1  240:1
  short unary avg len: 2.00
1771.867649,8.714260,390.960260
[PASSED]
[time 2.86 s, user 2.72 s, sys 0.12 s, maxrss 227408 KB]
[busy 299 jiffies]
[exit 0]
--- c2 case 3 rec 0   load 0.88 0.88 0.77
[TEST FST]
Processing dataset...
Done!
Building trie...
Done!
build time: 1146.672168 ms (1146.672168 ns per key)
space cost: 15.406425 MB (45.100393% of original size 34.160291 MB)
Querying trie...
Done!
total time: 1214.976456 ms, avg latency: 1214.976456 ns
not implemented
1146.672168,15.406425,1214.976456
[PASSED]
[time 3.07 s, user 2.95 s, sys 0.10 s, maxrss 177292 KB]
[busy 322 jiffies]
[exit 0]
--- c2 case 4 rec 0   load 0.81 0.87 0.77
terminate called after throwing an instance of 'std::runtime_error'
  what():  Sequence is not sorted
timeout: the monitored command dumped core
Command terminated by signal 6
[time 47.41 s, user 36.02 s, sys 11.14 s, maxrss 26677220 KB]
[busy 4934 jiffies]
[exit 134]
--- c2 case 5 rec 0   load 1.07 0.92 0.79
[TEST MARISA]
Processing dataset...
Done!
Building trie...
Done!
build time: 760.439273 ms (760.439273 ns per key)
space cost: 14.925114 MB (43.691413% of original size 34.160291 MB)
Querying trie...
Done!
total time: 705.407071 ms, avg latency: 705.407071 ns
not implemented
760.439273,14.925114,705.407071
[PASSED]
[time 2.17 s, user 2.00 s, sys 0.16 s, maxrss 231336 KB]
[busy 230 jiffies]
[exit 0]
--- c2 case 5 rec 1   load 1.06 0.92 0.79
[TEST MARISA]
Processing dataset...
Done!
Building trie...
Done!
build time: 963.025355 ms (963.025355 ns per key)
space cost: 9.445531 MB (27.650616% of original size 34.160291 MB)
Querying trie...
Done!
total time: 1091.527475 ms, avg latency: 1091.527475 ns
not implemented
963.025355,9.445531,1091.527475
[PASSED]
[time 2.76 s, user 2.59 s, sys 0.15 s, maxrss 231296 KB]
[busy 290 jiffies]
[exit 0]
--- c2 case 5 rec 2   load 1.06 0.92 0.79
[TEST MARISA]
Processing dataset...
Done!
Building trie...
Done!
build time: 1006.955077 ms (1006.955077 ns per key)
space cost: 8.209226 MB (24.031487% of original size 34.160291 MB)
Querying trie...
Done!
total time: 1237.917346 ms, avg latency: 1237.917346 ns
not implemented
1006.955077,8.209226,1237.917346
[PASSED]
[time 2.95 s, user 2.79 s, sys 0.15 s, maxrss 231252 KB]
[busy 310 jiffies]
[exit 0]
--- c2 case 6 rec 0   load 0.97 0.91 0.79
[TEST PDT]
Processing dataset...
Done!
Building trie...
dict size: 149058, stream size: 8676288
Done!
build time: 2778.743157 ms (2778.743157 ns per key)
space cost: 9.692565 MB (28.373778% of original size 34.160291 MB)
Querying trie...
Done!
total time: 778.429098 ms, avg latency: 778.429098 ns
not implemented
2778.743157,9.692565,778.429098
[PASSED]
[time 4.27 s, user 4.05 s, sys 0.19 s, maxrss 238392 KB]
[busy 447 jiffies]
[exit 0]
--- c2 case 7 rec 0   load 0.90 0.89 0.78
[TEST ART]
Processing dataset...
Done!
Building trie...
Done!
build time: 226.762545 ms (226.762545 ns per key)
space cost: 37.032776 MB (108.408843% of original size 34.160291 MB)
Querying trie...
Done!
total time: 577.727678 ms, avg latency: 577.727678 ns
not implemented
226.762545,37.032776,577.727678
[PASSED]
[time 1.54 s, user 1.42 s, sys 0.11 s, maxrss 239364 KB]
[busy 166 jiffies]
[exit 0]
--- c2 case 8 rec 0   load 0.90 0.89 0.78
[TEST CART]
Processing dataset...
Done!
Building trie...
Done!
build time: 287.904922 ms (287.904922 ns per key)
space cost: 17.935776 MB (52.504752% of original size 34.160291 MB)
Querying trie...
Done!
total time: 630.977700 ms, avg latency: 630.977700 ns
not implemented
287.904922,17.935776,630.977700
[PASSED]
[time 1.64 s, user 1.51 s, sys 0.12 s, maxrss 228268 KB]
[busy 174 jiffies]
[exit 0]
--- xcdat 7   load 0.82 0.88 0.78
build time: 830.199328 ms
space cost: 18.793670 MiB (55.016129% of original size 34.160291 MiB)
avg latency: 395.002878 ns
830.199328,18.793670,395.002878
[time 1.94 s, user 1.78 s, sys 0.14 s, maxrss 207444 KB]
[busy 208 jiffies]
[exit 0]
--- xcdat 8   load 0.82 0.88 0.78
build time: 776.219614 ms
space cost: 18.486019 MiB (54.115521% of original size 34.160291 MiB)
avg latency: 372.919610 ns
776.219614,18.486019,372.919610
[time 1.87 s, user 1.71 s, sys 0.15 s, maxrss 207380 KB]
[busy 199 jiffies]
[exit 0]
--- xcdat 15   load 0.84 0.88 0.78
build time: 816.768352 ms
space cost: 22.013930 MiB (64.443041% of original size 34.160291 MiB)
avg latency: 359.181698 ns
816.768352,22.013930,359.181698
[time 1.91 s, user 1.75 s, sys 0.15 s, maxrss 213136 KB]
[busy 204 jiffies]
[exit 0]
--- xcdat 16   load 0.84 0.88 0.78
build time: 783.440748 ms
space cost: 22.860906 MiB (66.922456% of original size 34.160291 MiB)
avg latency: 387.776065 ns
783.440748,22.860906,387.776065
[time 1.88 s, user 1.74 s, sys 0.13 s, maxrss 213612 KB]
[busy 202 jiffies]
[exit 0]

##### titles-zh-1000000 (1000000 lines, 17871822 bytes)   round 1/3   2026-09-23T21:20:35+03:00
--- lexindex dict32   load 0.85 0.88 0.78
1000000 keys
lexindex DictIndex block 32: build 513 ms, size 5.823 MiB (6.105 B/key), latency cold 398.7 ns, then mean 391.9 / min 390.1 ns
512.748,5.822630,398.678
[time 2.62 s, user 3.93 s, sys 0.31 s, maxrss 251928 KB]
[busy 452 jiffies]
[exit 0]
--- lexindex dict256   load 0.86 0.88 0.78
1000000 keys
lexindex DictIndex block 256: build 517 ms, size 5.580 MiB (5.851 B/key), latency cold 439.2 ns, then mean 433.1 / min 431.9 ns
516.636,5.580144,439.161
[time 2.77 s, user 4.08 s, sys 0.34 s, maxrss 252988 KB]
[busy 467 jiffies]
[exit 0]
--- lexindex dict1024   load 0.79 0.87 0.78
1000000 keys
lexindex DictIndex block 1024: build 542 ms, size 5.423 MiB (5.687 B/key), latency cold 525.5 ns, then mean 514.7 / min 511.7 ns
541.708,5.423172,525.480
[time 3.12 s, user 3.83 s, sys 0.26 s, maxrss 245880 KB]
[busy 437 jiffies]
[exit 0]
--- lexindex string   load 0.79 0.87 0.78
1000000 keys
lexindex StringIndex: build 763 ms, size 16.712 MiB (17.523 B/key), latency cold 285.4 ns, then mean 283.0 / min 275.4 ns
762.685,16.711605,285.428
[time 2.40 s, user 2.31 s, sys 0.07 s, maxrss 152828 KB]
[busy 255 jiffies]
[exit 0]
--- lexindex hashed0   load 0.81 0.87 0.78
1000000 keys
lexindex HashedDictIndex closed: build 643 ms, size 8.194 MiB (8.592 B/key), latency cold 35.9 ns, then mean 33.7 / min 33.4 ns
643.397,8.193651,35.920
[time 1.28 s, user 2.67 s, sys 0.36 s, maxrss 255600 KB]
[busy 325 jiffies]
[exit 0]
--- lexindex hashed8   load 0.81 0.87 0.78
1000000 keys
lexindex HashedDictIndex fp=8: build 654 ms, size 9.147 MiB (9.592 B/key), latency cold 41.9 ns, then mean 39.2 / min 39.0 ns
653.935,9.147326,41.940
[time 1.31 s, user 2.67 s, sys 0.36 s, maxrss 256652 KB]
[busy 322 jiffies]
[exit 0]
--- lexindex hashed16   load 0.99 0.91 0.79
1000000 keys
lexindex HashedDictIndex fp=16: build 644 ms, size 10.101 MiB (10.592 B/key), latency cold 43.8 ns, then mean 40.3 / min 39.9 ns
643.712,10.101000,43.831
[time 1.32 s, user 2.68 s, sys 0.35 s, maxrss 258112 KB]
[busy 324 jiffies]
[exit 0]
--- c2 case 0 rec 0   load 0.99 0.91 0.79
[TEST C2-FST]
Processing dataset...
Done!
Building trie...
Done!
build time: 663.957461 ms (663.957461 ns per key)
space cost: 9.315402 MB (57.894796% of original size 16.090223 MB)
Querying trie...
Done!
total time: 423.958105 ms, avg latency: 423.958105 ns
topology: 1.013481 MB, link: 1.860200 MB, data: 6.441721 MB
--- Unary Path Analysis (FST, cutoff=4) ---
  shared unary steps in main trie: 533155
  terminal suffixes: inplace=237541 (avg len=1.85)  links=651614 (73.3% of terminal)
  link len: avg=9.49  max=219  total_chars=6184530
  link length distribution (len:count):  4:101787  5:75109  6:33236  7:70197  8:54797  9:28682  10:45020  11:39800  12:18111  13:26128  14:25316  15:13287  16:18412  17:17629  18:7811  19:11663  20:10322  21:4897  22:7909  23:6587  24:3201  25:5027  26:3953  27:2124  28:3009  29:2707  30:1318  31:2090  32:1807  33:932  34:1302  35:1246  36:576  37:856  38:792  39:335  40:596  41:485  42:228  43:398  44:289  45:126  46:187  47:184  48:83  49:123  50:115  51:56  52:76  53:79  54:43  55:73  56:58  57:28  58:35  59:27  60:9  61:32  62:19  63:18  64:20  65:11  66:19  67:16  68:13  69:6  70:14  71:16  72:6  73:9  74:5  75:5  76:7  77:5  78:2  79:17  80:2  81:7  82:8  83:7  84:3  85:7  86:7  87:3  88:3  89:2  90:4  91:3  92:3  93:1  94:1  95:3  96:5  97:1  98:4  101:2  102:1  103:1  104:1  106:2  107:1  112:2  113:1  115:1  116:1  120:1  121:1  122:1  124:1  130:1  138:1  148:1  151:1  155:2  184:1  188:1  204:1  220:1
663.957461,9.315402,423.958105
[PASSED]
[time 1.58 s, user 1.48 s, sys 0.09 s, maxrss 186132 KB]
[busy 168 jiffies]
[exit 0]
--- c2 case 0 rec 1   load 0.99 0.91 0.79
[TEST C2-FST]
Processing dataset...
Done!
Building trie...
trie size: 2.382156 MB
Done!
build time: 839.797619 ms (839.797619 ns per key)
space cost: 7.814046 MB (48.563937% of original size 16.090223 MB)
Querying trie...
Done!
total time: 436.846911 ms, avg latency: 436.846911 ns
topology: 1.289776 MB, link: 2.002253 MB, data: 4.522017 MB
--- Unary Path Analysis (FST, cutoff=4) ---
  shared unary steps in main trie: 533155
  terminal suffixes: inplace=237541 (avg len=1.85)  links=651614 (73.3% of terminal)
  link len: avg=9.49  max=219  total_chars=6184530
  link length distribution (len:count):  4:101787  5:75109  6:33236  7:70197  8:54797  9:28682  10:45020  11:39800  12:18111  13:26128  14:25316  15:13287  16:18412  17:17629  18:7811  19:11663  20:10322  21:4897  22:7909  23:6587  24:3201  25:5027  26:3953  27:2124  28:3009  29:2707  30:1318  31:2090  32:1807  33:932  34:1302  35:1246  36:576  37:856  38:792  39:335  40:596  41:485  42:228  43:398  44:289  45:126  46:187  47:184  48:83  49:123  50:115  51:56  52:76  53:79  54:43  55:73  56:58  57:28  58:35  59:27  60:9  61:32  62:19  63:18  64:20  65:11  66:19  67:16  68:13  69:6  70:14  71:16  72:6  73:9  74:5  75:5  76:7  77:5  78:2  79:17  80:2  81:7  82:8  83:7  84:3  85:7  86:7  87:3  88:3  89:2  90:4  91:3  92:3  93:1  94:1  95:3  96:5  97:1  98:4  101:2  102:1  103:1  104:1  106:2  107:1  112:2  113:1  115:1  116:1  120:1  121:1  122:1  124:1  130:1  138:1  148:1  151:1  155:2  184:1  188:1  204:1  220:1
839.797619,7.814046,436.846911
[PASSED]
[time 1.79 s, user 1.65 s, sys 0.12 s, maxrss 186172 KB]
[busy 187 jiffies]
[exit 0]
--- c2 case 0 rec 2   load 0.99 0.91 0.79
[TEST C2-FST]
Processing dataset...
Done!
Building trie...
trie size: 2.382156 MB
trie size: 0.519189 MB
Done!
build time: 898.435369 ms (898.435369 ns per key)
space cost: 7.814046 MB (48.563937% of original size 16.090223 MB)
Querying trie...
Done!
total time: 446.373829 ms, avg latency: 446.373829 ns
topology: 1.289776 MB, link: 2.002253 MB, data: 4.522017 MB
--- Unary Path Analysis (FST, cutoff=4) ---
  shared unary steps in main trie: 533155
  terminal suffixes: inplace=237541 (avg len=1.85)  links=651614 (73.3% of terminal)
  link len: avg=9.49  max=219  total_chars=6184530
  link length distribution (len:count):  4:101787  5:75109  6:33236  7:70197  8:54797  9:28682  10:45020  11:39800  12:18111  13:26128  14:25316  15:13287  16:18412  17:17629  18:7811  19:11663  20:10322  21:4897  22:7909  23:6587  24:3201  25:5027  26:3953  27:2124  28:3009  29:2707  30:1318  31:2090  32:1807  33:932  34:1302  35:1246  36:576  37:856  38:792  39:335  40:596  41:485  42:228  43:398  44:289  45:126  46:187  47:184  48:83  49:123  50:115  51:56  52:76  53:79  54:43  55:73  56:58  57:28  58:35  59:27  60:9  61:32  62:19  63:18  64:20  65:11  66:19  67:16  68:13  69:6  70:14  71:16  72:6  73:9  74:5  75:5  76:7  77:5  78:2  79:17  80:2  81:7  82:8  83:7  84:3  85:7  86:7  87:3  88:3  89:2  90:4  91:3  92:3  93:1  94:1  95:3  96:5  97:1  98:4  101:2  102:1  103:1  104:1  106:2  107:1  112:2  113:1  115:1  116:1  120:1  121:1  122:1  124:1  130:1  138:1  148:1  151:1  155:2  184:1  188:1  204:1  220:1
898.435369,7.814046,446.373829
[PASSED]
[time 1.86 s, user 1.73 s, sys 0.11 s, maxrss 186312 KB]
[busy 200 jiffies]
[exit 0]
--- c2 case 1 rec 0   load 0.99 0.91 0.80
[TEST C2-CoCo(LOUDS-Sparse)]
Processing dataset...
Done!
Building trie...
Done!
build time: 1624.475102 ms (1624.475102 ns per key)
space cost: 10.076944 MB (62.627748% of original size 16.090223 MB)
Querying trie...
Done!
total time: 626.695271 ms, avg latency: 626.695271 ns
topology: 0.428116 MB, link: 2.771456 MB, data: 6.877373 MB
1624.475102,10.076944,626.695271
[PASSED]
[time 2.74 s, user 2.54 s, sys 0.18 s, maxrss 343772 KB]
[busy 287 jiffies]
[exit 0]
--- c2 case 1 rec 1   load 0.99 0.91 0.80
[TEST C2-CoCo(LOUDS-Sparse)]
Processing dataset...
Done!
Building trie...
trie size: 2.382156 MB
Done!
build time: 1808.267208 ms (1808.267208 ns per key)
space cost: 8.575588 MB (53.296888% of original size 16.090223 MB)
Querying trie...
Done!
total time: 639.905491 ms, avg latency: 639.905491 ns
topology: 0.704411 MB, link: 2.913508 MB, data: 4.957669 MB
1808.267208,8.575588,639.905491
[PASSED]
[time 2.95 s, user 2.74 s, sys 0.19 s, maxrss 343536 KB]
[busy 308 jiffies]
[exit 0]
--- c2 case 1 rec 2   load 0.91 0.90 0.79
[TEST C2-CoCo(LOUDS-Sparse)]
Processing dataset...
Done!
Building trie...
trie size: 2.382156 MB
trie size: 0.519189 MB
Done!
build time: 1846.803252 ms (1846.803252 ns per key)
space cost: 8.575588 MB (53.296888% of original size 16.090223 MB)
Querying trie...
Done!
total time: 640.522310 ms, avg latency: 640.522310 ns
topology: 0.704411 MB, link: 2.913508 MB, data: 4.957669 MB
1846.803252,8.575588,640.522310
[PASSED]
[time 2.98 s, user 2.78 s, sys 0.19 s, maxrss 343460 KB]
[busy 315 jiffies]
[exit 0]
--- c2 case 2 rec 0   load 0.91 0.90 0.79
[TEST C2-MARISA]
Processing dataset...
Done!
Building trie...
trie size: 2.376703 MB
Done!
build time: 727.039043 ms (727.039043 ns per key)
space cost: 9.316646 MB (57.902525% of original size 16.090223 MB)
Querying trie...
Done!
total time: 324.173694 ms, avg latency: 324.173694 ns
topology: 0.787403 MB, link: 2.444094 MB, data: 6.064641 MB
--- Unary Path Analysis (Marisa, cutoff=3) ---
  branches: 1581104  |  single-char: 512959 (32.4%)  short-unary: 177539 (11.2%)  links: 890606 (56.3%)
  link len: avg=9.57  max=221  total_chars=8521548
  link length distribution (len:count):  3:117743  4:70413  5:118917  6:85174  7:37680  8:75877  9:57977  10:30193  11:47337  12:41279  13:18765  14:27062  15:25994  16:13620  17:18901  18:18001  19:8082  20:11948  21:10483  22:5017  23:8072  24:6695  25:3249  26:5099  27:4017  28:2164  29:3054  30:2749  31:1341  32:2116  33:1821  34:942  35:1314  36:1256  37:587  38:865  39:798  40:341  41:600  42:486  43:231  44:401  45:290  46:126  47:187  48:184  49:84  50:123  51:115  52:56  53:77  54:82  55:43  56:74  57:60  58:29  59:35  60:27  61:10  62:32  63:19  64:19  65:20  66:11  67:19  68:16  69:13  70:6  71:14  72:16  73:6  74:9  75:5  76:5  77:7  78:5  79:2  80:17  81:2  82:7  83:8  84:7  85:3  86:7  87:7  88:3  89:3  90:2  91:4  92:3  93:3  94:1  95:1  96:4  97:5  98:1  99:4  102:2  103:1  104:1  105:1  107:2  108:1  113:2  114:1  116:1  117:1  121:1  122:1  123:1  125:1  131:1  139:1  149:1  152:1  156:2  185:1  189:1  205:1  221:1
  short unary avg len: 2.00
727.039043,9.316646,324.173694
[PASSED]
[time 1.53 s, user 1.38 s, sys 0.13 s, maxrss 216180 KB]
[busy 161 jiffies]
[exit 0]
--- c2 case 2 rec 1   load 0.92 0.90 0.79
[TEST C2-MARISA]
Processing dataset...
Done!
Building trie...
trie size: 2.376703 MB
trie size: 3.200656 MB
Done!
build time: 942.844252 ms (942.844252 ns per key)
space cost: 7.215687 MB (44.845163% of original size 16.090223 MB)
Querying trie...
Done!
total time: 286.050135 ms, avg latency: 286.050135 ns
topology: 1.146584 MB, link: 2.476871 MB, data: 3.571725 MB
--- Unary Path Analysis (Marisa, cutoff=3) ---
  branches: 1581104  |  single-char: 512959 (32.4%)  short-unary: 177539 (11.2%)  links: 890606 (56.3%)
  link len: avg=9.57  max=221  total_chars=8521548
  link length distribution (len:count):  3:117743  4:70413  5:118917  6:85174  7:37680  8:75877  9:57977  10:30193  11:47337  12:41279  13:18765  14:27062  15:25994  16:13620  17:18901  18:18001  19:8082  20:11948  21:10483  22:5017  23:8072  24:6695  25:3249  26:5099  27:4017  28:2164  29:3054  30:2749  31:1341  32:2116  33:1821  34:942  35:1314  36:1256  37:587  38:865  39:798  40:341  41:600  42:486  43:231  44:401  45:290  46:126  47:187  48:184  49:84  50:123  51:115  52:56  53:77  54:82  55:43  56:74  57:60  58:29  59:35  60:27  61:10  62:32  63:19  64:19  65:20  66:11  67:19  68:16  69:13  70:6  71:14  72:16  73:6  74:9  75:5  76:5  77:7  78:5  79:2  80:17  81:2  82:7  83:8  84:7  85:3  86:7  87:7  88:3  89:3  90:2  91:4  92:3  93:3  94:1  95:1  96:4  97:5  98:1  99:4  102:2  103:1  104:1  105:1  107:2  108:1  113:2  114:1  116:1  117:1  121:1  122:1  123:1  125:1  131:1  139:1  149:1  152:1  156:2  185:1  189:1  205:1  221:1
  short unary avg len: 2.00
942.844252,7.215687,286.050135
[PASSED]
[time 1.72 s, user 1.57 s, sys 0.13 s, maxrss 216540 KB]
[busy 184 jiffies]
[exit 0]
--- c2 case 2 rec 2   load 0.92 0.90 0.79
[TEST C2-MARISA]
Processing dataset...
Done!
Building trie...
trie size: 2.376703 MB
trie size: 3.200656 MB
trie size: 0.643222 MB
Done!
build time: 1014.342043 ms (1014.342043 ns per key)
space cost: 7.215687 MB (44.845163% of original size 16.090223 MB)
Querying trie...
Done!
total time: 279.993681 ms, avg latency: 279.993681 ns
topology: 1.146584 MB, link: 2.476871 MB, data: 3.571725 MB
--- Unary Path Analysis (Marisa, cutoff=3) ---
  branches: 1581104  |  single-char: 512959 (32.4%)  short-unary: 177539 (11.2%)  links: 890606 (56.3%)
  link len: avg=9.57  max=221  total_chars=8521548
  link length distribution (len:count):  3:117743  4:70413  5:118917  6:85174  7:37680  8:75877  9:57977  10:30193  11:47337  12:41279  13:18765  14:27062  15:25994  16:13620  17:18901  18:18001  19:8082  20:11948  21:10483  22:5017  23:8072  24:6695  25:3249  26:5099  27:4017  28:2164  29:3054  30:2749  31:1341  32:2116  33:1821  34:942  35:1314  36:1256  37:587  38:865  39:798  40:341  41:600  42:486  43:231  44:401  45:290  46:126  47:187  48:184  49:84  50:123  51:115  52:56  53:77  54:82  55:43  56:74  57:60  58:29  59:35  60:27  61:10  62:32  63:19  64:19  65:20  66:11  67:19  68:16  69:13  70:6  71:14  72:16  73:6  74:9  75:5  76:5  77:7  78:5  79:2  80:17  81:2  82:7  83:8  84:7  85:3  86:7  87:7  88:3  89:3  90:2  91:4  92:3  93:3  94:1  95:1  96:4  97:5  98:1  99:4  102:2  103:1  104:1  105:1  107:2  108:1  113:2  114:1  116:1  117:1  121:1  122:1  123:1  125:1  131:1  139:1  149:1  152:1  156:2  185:1  189:1  205:1  221:1
  short unary avg len: 2.00
1014.342043,7.215687,279.993681
[PASSED]
[time 1.80 s, user 1.65 s, sys 0.14 s, maxrss 216516 KB]
[busy 194 jiffies]
[exit 0]
--- c2 case 3 rec 0   load 1.00 0.92 0.80
[TEST FST]
Processing dataset...
Done!
Building trie...
Done!
build time: 660.568771 ms (660.568771 ns per key)
space cost: 9.251146 MB (57.495450% of original size 16.090223 MB)
Querying trie...
Done!
total time: 612.418445 ms, avg latency: 612.418445 ns
not implemented
660.568771,9.251146,612.418445
[PASSED]
[time 1.77 s, user 1.69 s, sys 0.06 s, maxrss 110912 KB]
[busy 186 jiffies]
[exit 0]
--- c2 case 4 rec 0   load 0.92 0.90 0.80
terminate called after throwing an instance of 'std::runtime_error'
  what():  Sequence is not sorted
timeout: the monitored command dumped core
Command terminated by signal 6
[time 13.87 s, user 10.10 s, sys 3.65 s, maxrss 8765332 KB]
[busy 1450 jiffies]
[exit 134]
--- c2 case 5 rec 0   load 0.86 0.89 0.80
[TEST MARISA]
Processing dataset...
Done!
Building trie...
Done!
build time: 517.965947 ms (517.965947 ns per key)
space cost: 9.064179 MB (56.333459% of original size 16.090223 MB)
Querying trie...
Done!
total time: 461.420942 ms, avg latency: 461.420942 ns
not implemented
517.965947,9.064179,461.420942
[PASSED]
[time 1.48 s, user 1.35 s, sys 0.11 s, maxrss 182084 KB]
[busy 158 jiffies]
[exit 0]
--- c2 case 5 rec 1   load 0.86 0.89 0.80
[TEST MARISA]
Processing dataset...
Done!
Building trie...
Done!
build time: 648.797676 ms (648.797676 ns per key)
space cost: 6.703102 MB (41.659472% of original size 16.090223 MB)
Querying trie...
Done!
total time: 681.074515 ms, avg latency: 681.074515 ns
not implemented
648.797676,6.703102,681.074515
[PASSED]
[time 1.83 s, user 1.69 s, sys 0.13 s, maxrss 182284 KB]
[busy 192 jiffies]
[exit 0]
--- c2 case 5 rec 2   load 0.79 0.88 0.79
[TEST MARISA]
Processing dataset...
Done!
Building trie...
Done!
build time: 672.009566 ms (672.009566 ns per key)
space cost: 6.233802 MB (38.742793% of original size 16.090223 MB)
Querying trie...
Done!
total time: 759.383018 ms, avg latency: 759.383018 ns
not implemented
672.009566,6.233802,759.383018
[PASSED]
[time 1.91 s, user 1.78 s, sys 0.12 s, maxrss 182140 KB]
[busy 202 jiffies]
[exit 0]
--- c2 case 6 rec 0   load 0.79 0.88 0.79
[TEST PDT]
Processing dataset...
Done!
Building trie...
dict size: 161960, stream size: 6363323
Done!
build time: 3129.165921 ms (3129.165921 ns per key)
space cost: 7.499054 MB (46.606276% of original size 16.090223 MB)
Querying trie...
Done!
total time: 616.564148 ms, avg latency: 616.564148 ns
not implemented
3129.165921,7.499054,616.564148
[PASSED]
[time 4.24 s, user 4.12 s, sys 0.10 s, maxrss 166648 KB]
[busy 446 jiffies]
[exit 0]
--- c2 case 7 rec 0   load 0.81 0.88 0.79
[TEST ART]
Processing dataset...
Done!
Building trie...
Done!
build time: 133.601304 ms (133.601304 ns per key)
space cost: 33.565483 MB (208.607938% of original size 16.090223 MB)
Querying trie...
Done!
total time: 343.752896 ms, avg latency: 343.752896 ns
not implemented
133.601304,33.565483,343.752896
[PASSED]
[time 0.99 s, user 0.90 s, sys 0.08 s, maxrss 155648 KB]
[busy 105 jiffies]
[exit 0]
--- c2 case 8 rec 0   load 0.74 0.86 0.79
[TEST CART]
Processing dataset...
Done!
Building trie...
Done!
build time: 184.570539 ms (184.570539 ns per key)
space cost: 15.100161 MB (93.846806% of original size 16.090223 MB)
Querying trie...
Done!
total time: 427.023827 ms, avg latency: 427.023827 ns
not implemented
184.570539,15.100161,427.023827
[PASSED]
[time 1.13 s, user 1.05 s, sys 0.07 s, maxrss 146752 KB]
[busy 121 jiffies]
[exit 0]
--- xcdat 7   load 0.74 0.86 0.79
build time: 551.550845 ms
space cost: 11.666194 MiB (72.504860% of original size 16.090223 MiB)
avg latency: 226.016423 ns
551.550845,11.666194,226.016423
[time 1.29 s, user 1.19 s, sys 0.08 s, maxrss 147968 KB]
[busy 138 jiffies]
[exit 0]
--- xcdat 8   load 0.68 0.85 0.78
build time: 511.426636 ms
space cost: 11.129195 MiB (69.167438% of original size 16.090223 MiB)
avg latency: 215.404506 ns
511.426636,11.129195,215.404506
[time 1.23 s, user 1.14 s, sys 0.09 s, maxrss 147956 KB]
[busy 136 jiffies]
[exit 0]
--- xcdat 15   load 0.68 0.85 0.78
build time: 531.117838 ms
space cost: 12.949578 MiB (80.481035% of original size 16.090223 MiB)
avg latency: 188.765574 ns
531.117838,12.949578,188.765574
[time 1.23 s, user 1.13 s, sys 0.09 s, maxrss 148352 KB]
[busy 132 jiffies]
[exit 0]
--- xcdat 16   load 0.68 0.85 0.78
build time: 511.078090 ms
space cost: 13.463712 MiB (83.676351% of original size 16.090223 MiB)
avg latency: 216.336688 ns
511.078090,13.463712,216.336688
[time 1.23 s, user 1.11 s, sys 0.11 s, maxrss 149072 KB]
[busy 133 jiffies]
[exit 0]

##### urls-1000000 (1000000 lines, 53361181 bytes)   round 1/3   2026-09-23T21:22:10+03:00
--- lexindex dict32   load 0.71 0.85 0.79
1000000 keys
lexindex DictIndex block 32: build 516 ms, size 8.414 MiB (8.823 B/key), latency cold 462.5 ns, then mean 449.2 / min 441.9 ns
515.890,8.414411,462.499
[time 2.94 s, user 5.47 s, sys 0.33 s, maxrss 325460 KB]
[busy 607 jiffies]
[exit 0]
--- lexindex dict256   load 0.73 0.85 0.79
1000000 keys
lexindex DictIndex block 256: build 527 ms, size 7.163 MiB (7.511 B/key), latency cold 497.0 ns, then mean 488.8 / min 487.4 ns
526.682,7.163084,497.019
[time 3.09 s, user 5.73 s, sys 0.36 s, maxrss 322752 KB]
[busy 640 jiffies]
[exit 0]
--- lexindex dict1024   load 0.67 0.84 0.78
1000000 keys
lexindex DictIndex block 1024: build 560 ms, size 6.934 MiB (7.271 B/key), latency cold 570.6 ns, then mean 560.1 / min 556.9 ns
560.045,6.934203,570.558
[time 3.42 s, user 5.05 s, sys 0.29 s, maxrss 325800 KB]
[busy 563 jiffies]
[exit 0]
--- lexindex string   load 0.67 0.84 0.78
1000000 keys
lexindex StringIndex: build 1097 ms, size 16.099 MiB (16.881 B/key), latency cold 444.5 ns, then mean 428.4 / min 421.4 ns
1097.162,16.099341,444.511
[time 3.42 s, user 3.29 s, sys 0.10 s, maxrss 220424 KB]
[busy 365 jiffies]
[exit 0]
--- lexindex hashed0   load 0.70 0.84 0.78
1000000 keys
lexindex HashedDictIndex closed: build 641 ms, size 9.777 MiB (10.251 B/key), latency cold 62.7 ns, then mean 58.6 / min 58.5 ns
641.088,9.776591,62.708
[time 1.47 s, user 4.17 s, sys 0.37 s, maxrss 324708 KB]
[busy 478 jiffies]
[exit 0]
--- lexindex hashed8   load 0.72 0.85 0.79
1000000 keys
lexindex HashedDictIndex fp=8: build 643 ms, size 10.730 MiB (11.251 B/key), latency cold 74.2 ns, then mean 68.8 / min 68.6 ns
643.281,10.730266,74.196
[time 1.52 s, user 4.23 s, sys 0.38 s, maxrss 327640 KB]
[busy 484 jiffies]
[exit 0]
--- lexindex hashed16   load 0.72 0.85 0.79
1000000 keys
lexindex HashedDictIndex fp=16: build 635 ms, size 11.684 MiB (12.251 B/key), latency cold 75.9 ns, then mean 70.5 / min 70.3 ns
634.536,11.683940,75.926
[time 1.52 s, user 4.23 s, sys 0.37 s, maxrss 326724 KB]
[busy 483 jiffies]
[exit 0]
--- c2 case 0 rec 0   load 1.71 1.05 0.85
[TEST C2-FST]
Processing dataset...
Done!
Building trie...
Done!
build time: 1192.046665 ms (1192.046665 ns per key)
space cost: 11.640069 MB (23.310202% of original size 49.935513 MB)
Querying trie...
Done!
total time: 817.348182 ms, avg latency: 817.348182 ns
topology: 1.074997 MB, link: 2.347375 MB, data: 8.217697 MB
--- Unary Path Analysis (FST, cutoff=4) ---
  shared unary steps in main trie: 711966
  terminal suffixes: inplace=143732 (avg len=2.14)  links=800966 (84.8% of terminal)
  link len: avg=13.15  max=596  total_chars=10531952
  link length distribution (len:count):  4:63058  5:62039  6:59659  7:54131  8:47449  9:44821  10:40952  11:37727  12:34320  13:30594  14:29226  15:26885  16:26206  17:21450  18:19914  19:21120  20:19131  21:16702  22:14529  23:13405  24:12440  25:10970  26:9615  27:8669  28:7752  29:7002  30:6267  31:5704  32:4931  33:4493  34:4087  35:3562  36:3323  37:3007  38:2533  39:2401  40:2145  41:1856  42:1793  43:1565  44:1379  45:1246  46:1005  47:985  48:849  49:826  50:642  51:609  52:482  53:442  54:385  55:389  56:339  57:263  58:263  59:238  60:228  61:217  62:184  63:166  64:151  65:119  66:125  67:156  68:131  69:105  70:94  71:74  72:74  73:77  74:67  75:66  76:74  77:39  78:49  79:44  80:45  81:42  82:48  83:36  84:31  85:34  86:39  87:18  88:23  89:15  90:18  91:31  92:24  93:20  94:16  95:16  96:16  97:12  98:16  99:14  100:17  101:16  102:2  103:18  104:4  105:3  106:10  107:11  108:9  109:19  110:13  111:7  112:6  113:5  114:3  115:8  116:5  117:6  118:7  119:10  120:11  121:9  122:10  123:8  124:9  125:7  126:5  127:7  128:18  129:5  130:4  131:10  132:3  133:4  134:4  135:4  136:3  137:4  139:2  140:3  141:2  142:2  143:4  144:7  145:1  146:5  147:5  148:1  149:4  150:4  152:1  153:6  154:3  155:1  156:2  157:1  158:1  159:1  161:2  162:1  163:2  164:1  165:1  166:1  167:3  168:3  170:1  174:1  177:2  180:3  182:2  183:1  184:2  188:1  189:3  190:1  191:1  192:1  193:1  194:1  195:2  199:1  202:2  204:2  206:1  207:1  209:2  211:1  213:1  215:2  219:1  220:1  222:1  224:1  225:1  226:1  229:1  233:1  236:1  238:2  240:1  241:1  246:1  247:1  249:1  252:1  254:1  256:1  260:1  264:1  271:1  311:1  337:1  383:1  506:1  597:1
1192.046665,11.640069,817.348182
[PASSED]
[time 2.79 s, user 2.61 s, sys 0.17 s, maxrss 231216 KB]
[busy 292 jiffies]
[exit 0]
--- c2 case 0 rec 1   load 1.57 1.03 0.85
[TEST C2-FST]
Processing dataset...
Done!
Building trie...
trie size: 3.124794 MB
Done!
build time: 1565.806145 ms (1565.806145 ns per key)
space cost: 9.773470 MB (19.572183% of original size 49.935513 MB)
Querying trie...
Done!
total time: 970.011787 ms, avg latency: 970.011787 ns
topology: 1.480076 MB, link: 2.557474 MB, data: 5.735920 MB
--- Unary Path Analysis (FST, cutoff=4) ---
  shared unary steps in main trie: 711966
  terminal suffixes: inplace=143732 (avg len=2.14)  links=800966 (84.8% of terminal)
  link len: avg=13.15  max=596  total_chars=10531952
  link length distribution (len:count):  4:63058  5:62039  6:59659  7:54131  8:47449  9:44821  10:40952  11:37727  12:34320  13:30594  14:29226  15:26885  16:26206  17:21450  18:19914  19:21120  20:19131  21:16702  22:14529  23:13405  24:12440  25:10970  26:9615  27:8669  28:7752  29:7002  30:6267  31:5704  32:4931  33:4493  34:4087  35:3562  36:3323  37:3007  38:2533  39:2401  40:2145  41:1856  42:1793  43:1565  44:1379  45:1246  46:1005  47:985  48:849  49:826  50:642  51:609  52:482  53:442  54:385  55:389  56:339  57:263  58:263  59:238  60:228  61:217  62:184  63:166  64:151  65:119  66:125  67:156  68:131  69:105  70:94  71:74  72:74  73:77  74:67  75:66  76:74  77:39  78:49  79:44  80:45  81:42  82:48  83:36  84:31  85:34  86:39  87:18  88:23  89:15  90:18  91:31  92:24  93:20  94:16  95:16  96:16  97:12  98:16  99:14  100:17  101:16  102:2  103:18  104:4  105:3  106:10  107:11  108:9  109:19  110:13  111:7  112:6  113:5  114:3  115:8  116:5  117:6  118:7  119:10  120:11  121:9  122:10  123:8  124:9  125:7  126:5  127:7  128:18  129:5  130:4  131:10  132:3  133:4  134:4  135:4  136:3  137:4  139:2  140:3  141:2  142:2  143:4  144:7  145:1  146:5  147:5  148:1  149:4  150:4  152:1  153:6  154:3  155:1  156:2  157:1  158:1  159:1  161:2  162:1  163:2  164:1  165:1  166:1  167:3  168:3  170:1  174:1  177:2  180:3  182:2  183:1  184:2  188:1  189:3  190:1  191:1  192:1  193:1  194:1  195:2  199:1  202:2  204:2  206:1  207:1  209:2  211:1  213:1  215:2  219:1  220:1  222:1  224:1  225:1  226:1  229:1  233:1  236:1  238:2  240:1  241:1  246:1  247:1  249:1  252:1  254:1  256:1  260:1  264:1  271:1  311:1  337:1  383:1  506:1  597:1
1565.806145,9.773470,970.011787
[PASSED]
[time 3.34 s, user 3.14 s, sys 0.19 s, maxrss 228296 KB]
[busy 352 jiffies]
[exit 0]
--- c2 case 0 rec 2   load 1.57 1.03 0.85
[TEST C2-FST]
Processing dataset...
Done!
Building trie...
trie size: 3.124794 MB
trie size: 0.926831 MB
Done!
build time: 1707.202561 ms (1707.202561 ns per key)
space cost: 9.773470 MB (19.572183% of original size 49.935513 MB)
Querying trie...
Done!
total time: 982.125096 ms, avg latency: 982.125096 ns
topology: 1.480076 MB, link: 2.557474 MB, data: 5.735920 MB
--- Unary Path Analysis (FST, cutoff=4) ---
  shared unary steps in main trie: 711966
  terminal suffixes: inplace=143732 (avg len=2.14)  links=800966 (84.8% of terminal)
  link len: avg=13.15  max=596  total_chars=10531952
  link length distribution (len:count):  4:63058  5:62039  6:59659  7:54131  8:47449  9:44821  10:40952  11:37727  12:34320  13:30594  14:29226  15:26885  16:26206  17:21450  18:19914  19:21120  20:19131  21:16702  22:14529  23:13405  24:12440  25:10970  26:9615  27:8669  28:7752  29:7002  30:6267  31:5704  32:4931  33:4493  34:4087  35:3562  36:3323  37:3007  38:2533  39:2401  40:2145  41:1856  42:1793  43:1565  44:1379  45:1246  46:1005  47:985  48:849  49:826  50:642  51:609  52:482  53:442  54:385  55:389  56:339  57:263  58:263  59:238  60:228  61:217  62:184  63:166  64:151  65:119  66:125  67:156  68:131  69:105  70:94  71:74  72:74  73:77  74:67  75:66  76:74  77:39  78:49  79:44  80:45  81:42  82:48  83:36  84:31  85:34  86:39  87:18  88:23  89:15  90:18  91:31  92:24  93:20  94:16  95:16  96:16  97:12  98:16  99:14  100:17  101:16  102:2  103:18  104:4  105:3  106:10  107:11  108:9  109:19  110:13  111:7  112:6  113:5  114:3  115:8  116:5  117:6  118:7  119:10  120:11  121:9  122:10  123:8  124:9  125:7  126:5  127:7  128:18  129:5  130:4  131:10  132:3  133:4  134:4  135:4  136:3  137:4  139:2  140:3  141:2  142:2  143:4  144:7  145:1  146:5  147:5  148:1  149:4  150:4  152:1  153:6  154:3  155:1  156:2  157:1  158:1  159:1  161:2  162:1  163:2  164:1  165:1  166:1  167:3  168:3  170:1  174:1  177:2  180:3  182:2  183:1  184:2  188:1  189:3  190:1  191:1  192:1  193:1  194:1  195:2  199:1  202:2  204:2  206:1  207:1  209:2  211:1  213:1  215:2  219:1  220:1  222:1  224:1  225:1  226:1  229:1  233:1  236:1  238:2  240:1  241:1  246:1  247:1  249:1  252:1  254:1  256:1  260:1  264:1  271:1  311:1  337:1  383:1  506:1  597:1
1707.202561,9.773470,982.125096
[PASSED]
[time 3.47 s, user 3.30 s, sys 0.16 s, maxrss 228116 KB]
[busy 368 jiffies]
[exit 0]
--- c2 case 1 rec 0   load 1.61 1.05 0.85
[TEST C2-CoCo(LOUDS-Sparse)]
Processing dataset...
Done!
Building trie...
Done!
build time: 2480.477340 ms (2480.477340 ns per key)
space cost: 12.005466 MB (24.041940% of original size 49.935513 MB)
Querying trie...
Done!
total time: 888.803223 ms, avg latency: 888.803223 ns
topology: 0.422745 MB, link: 3.209543 MB, data: 8.373178 MB
2480.477340,12.005466,888.803223
[PASSED]
[time 4.14 s, user 3.91 s, sys 0.21 s, maxrss 408144 KB]
[busy 435 jiffies]
[exit 0]
--- c2 case 1 rec 1   load 1.56 1.05 0.85
[TEST C2-CoCo(LOUDS-Sparse)]
Processing dataset...
Done!
Building trie...
trie size: 3.124794 MB
Done!
build time: 2832.170873 ms (2832.170873 ns per key)
space cost: 10.138867 MB (20.303920% of original size 49.935513 MB)
Querying trie...
Done!
total time: 1065.939398 ms, avg latency: 1065.939398 ns
topology: 0.827824 MB, link: 3.419642 MB, data: 5.891401 MB
2832.170873,10.138867,1065.939398
[PASSED]
[time 4.70 s, user 4.44 s, sys 0.23 s, maxrss 398360 KB]
[busy 492 jiffies]
[exit 0]
--- c2 case 1 rec 2   load 1.39 1.03 0.85
[TEST C2-CoCo(LOUDS-Sparse)]
Processing dataset...
Done!
Building trie...
trie size: 3.124794 MB
trie size: 0.926831 MB
Done!
build time: 2967.667242 ms (2967.667242 ns per key)
space cost: 10.138867 MB (20.303920% of original size 49.935513 MB)
Querying trie...
Done!
total time: 1034.385629 ms, avg latency: 1034.385629 ns
topology: 0.827824 MB, link: 3.419642 MB, data: 5.891401 MB
2967.667242,10.138867,1034.385629
[PASSED]
[time 4.80 s, user 4.56 s, sys 0.22 s, maxrss 398160 KB]
[busy 503 jiffies]
[exit 0]
--- c2 case 2 rec 0   load 1.36 1.03 0.85
[TEST C2-MARISA]
Processing dataset...
Done!
Building trie...
trie size: 2.244002 MB
Done!
build time: 1195.940222 ms (1195.940222 ns per key)
space cost: 10.960715 MB (21.949740% of original size 49.935513 MB)
Querying trie...
Done!
total time: 457.873847 ms, avg latency: 457.873847 ns
topology: 0.743214 MB, link: 2.809175 MB, data: 7.387818 MB
--- Unary Path Analysis (Marisa, cutoff=3) ---
  branches: 1527762  |  single-char: 409800 (26.8%)  short-unary: 94203 (6.2%)  links: 1023759 (67.0%)
  link len: avg=12.97  max=598  total_chars=13282609
  link length distribution (len:count):  3:78091  4:83418  5:77115  6:71727  7:67342  8:60401  9:52007  10:48612  11:43341  12:39688  13:35797  14:31899  15:30173  16:27648  17:26857  18:22212  19:20563  20:21642  21:19617  22:17114  23:14842  24:13684  25:12695  26:11175  27:9829  28:8848  29:7935  30:7132  31:6445  32:5847  33:5055  34:4589  35:4148  36:3637  37:3382  38:3086  39:2567  40:2441  41:2168  42:1886  43:1827  44:1585  45:1405  46:1260  47:1016  48:995  49:861  50:844  51:650  52:616  53:486  54:450  55:392  56:393  57:345  58:266  59:265  60:240  61:230  62:219  63:185  64:166  65:151  66:119  67:125  68:158  69:131  70:105  71:94  72:74  73:75  74:77  75:68  76:66  77:74  78:40  79:49  80:44  81:45  82:43  83:48  84:36  85:31  86:35  87:40  88:19  89:24  90:15  91:18  92:31  93:24  94:20  95:16  96:16  97:16  98:12  99:16  100:14  101:17  102:16  103:2  104:18  105:4  106:3  107:10  108:11  109:9  110:19  111:13  112:7  113:6  114:5  115:3  116:8  117:5  118:6  119:8  120:10  121:11  122:9  123:10  124:8  125:9  126:7  127:5  128:7  129:18  130:5  131:4  132:10  133:3  134:4  135:4  136:4  137:4  138:4  140:2  141:3  142:2  143:2  144:4  145:7  146:1  147:5  148:5  149:1  150:4  151:4  153:1  154:6  155:3  156:1  157:2  158:1  159:1  160:1  162:2  163:1  164:2  165:1  166:1  167:1  168:3  169:3  171:1  175:1  178:2  181:3  183:2  184:1  185:2  189:1  190:3  191:1  192:1  193:1  194:1  195:1  196:2  200:1  203:2  205:2  207:1  208:1  210:2  212:1  214:1  216:2  220:1  221:1  223:1  225:1  226:1  227:1  230:1  234:1  237:1  239:2  241:1  242:1  247:1  248:1  250:1  253:1  255:1  257:1  261:1  265:1  272:1  312:1  338:1  384:1  507:1  598:1
  short unary avg len: 2.00
1195.940222,10.960715,457.873847
[PASSED]
[time 2.44 s, user 2.26 s, sys 0.17 s, maxrss 246584 KB]
[busy 260 jiffies]
[exit 0]
--- c2 case 2 rec 1   load 1.36 1.03 0.85
[TEST C2-MARISA]
Processing dataset...
Done!
Building trie...
trie size: 2.244002 MB
trie size: 3.864603 MB
Done!
build time: 1613.458274 ms (1613.458274 ns per key)
space cost: 8.779989 MB (17.582655% of original size 49.935513 MB)
Querying trie...
Done!
total time: 637.510421 ms, avg latency: 637.510421 ns
topology: 1.217873 MB, link: 3.069385 MB, data: 4.472224 MB
--- Unary Path Analysis (Marisa, cutoff=3) ---
  branches: 1527762  |  single-char: 409800 (26.8%)  short-unary: 94203 (6.2%)  links: 1023759 (67.0%)
  link len: avg=12.97  max=598  total_chars=13282609
  link length distribution (len:count):  3:78091  4:83418  5:77115  6:71727  7:67342  8:60401  9:52007  10:48612  11:43341  12:39688  13:35797  14:31899  15:30173  16:27648  17:26857  18:22212  19:20563  20:21642  21:19617  22:17114  23:14842  24:13684  25:12695  26:11175  27:9829  28:8848  29:7935  30:7132  31:6445  32:5847  33:5055  34:4589  35:4148  36:3637  37:3382  38:3086  39:2567  40:2441  41:2168  42:1886  43:1827  44:1585  45:1405  46:1260  47:1016  48:995  49:861  50:844  51:650  52:616  53:486  54:450  55:392  56:393  57:345  58:266  59:265  60:240  61:230  62:219  63:185  64:166  65:151  66:119  67:125  68:158  69:131  70:105  71:94  72:74  73:75  74:77  75:68  76:66  77:74  78:40  79:49  80:44  81:45  82:43  83:48  84:36  85:31  86:35  87:40  88:19  89:24  90:15  91:18  92:31  93:24  94:20  95:16  96:16  97:16  98:12  99:16  100:14  101:17  102:16  103:2  104:18  105:4  106:3  107:10  108:11  109:9  110:19  111:13  112:7  113:6  114:5  115:3  116:8  117:5  118:6  119:8  120:10  121:11  122:9  123:10  124:8  125:9  126:7  127:5  128:7  129:18  130:5  131:4  132:10  133:3  134:4  135:4  136:4  137:4  138:4  140:2  141:3  142:2  143:2  144:4  145:7  146:1  147:5  148:5  149:1  150:4  151:4  153:1  154:6  155:3  156:1  157:2  158:1  159:1  160:1  162:2  163:1  164:2  165:1  166:1  167:1  168:3  169:3  171:1  175:1  178:2  181:3  183:2  184:1  185:2  189:1  190:3  191:1  192:1  193:1  194:1  195:1  196:2  200:1  203:2  205:2  207:1  208:1  210:2  212:1  214:1  216:2  220:1  221:1  223:1  225:1  226:1  227:1  230:1  234:1  237:1  239:2  241:1  242:1  247:1  248:1  250:1  253:1  255:1  257:1  261:1  265:1  272:1  312:1  338:1  384:1  507:1  598:1
  short unary avg len: 2.00
1613.458274,8.779989,637.510421
[PASSED]
[time 3.05 s, user 2.85 s, sys 0.19 s, maxrss 242308 KB]
[busy 322 jiffies]
[exit 0]
--- c2 case 2 rec 2   load 1.33 1.03 0.85
[TEST C2-MARISA]
Processing dataset...
Done!
Building trie...
trie size: 2.244002 MB
trie size: 3.864603 MB
trie size: 1.068947 MB
Done!
build time: 1737.606818 ms (1737.606818 ns per key)
space cost: 8.365690 MB (16.752987% of original size 49.935513 MB)
Querying trie...
Done!
total time: 715.629576 ms, avg latency: 715.629576 ns
topology: 1.410183 MB, link: 3.158367 MB, data: 3.776632 MB
--- Unary Path Analysis (Marisa, cutoff=3) ---
  branches: 1527762  |  single-char: 409800 (26.8%)  short-unary: 94203 (6.2%)  links: 1023759 (67.0%)
  link len: avg=12.97  max=598  total_chars=13282609
  link length distribution (len:count):  3:78091  4:83418  5:77115  6:71727  7:67342  8:60401  9:52007  10:48612  11:43341  12:39688  13:35797  14:31899  15:30173  16:27648  17:26857  18:22212  19:20563  20:21642  21:19617  22:17114  23:14842  24:13684  25:12695  26:11175  27:9829  28:8848  29:7935  30:7132  31:6445  32:5847  33:5055  34:4589  35:4148  36:3637  37:3382  38:3086  39:2567  40:2441  41:2168  42:1886  43:1827  44:1585  45:1405  46:1260  47:1016  48:995  49:861  50:844  51:650  52:616  53:486  54:450  55:392  56:393  57:345  58:266  59:265  60:240  61:230  62:219  63:185  64:166  65:151  66:119  67:125  68:158  69:131  70:105  71:94  72:74  73:75  74:77  75:68  76:66  77:74  78:40  79:49  80:44  81:45  82:43  83:48  84:36  85:31  86:35  87:40  88:19  89:24  90:15  91:18  92:31  93:24  94:20  95:16  96:16  97:16  98:12  99:16  100:14  101:17  102:16  103:2  104:18  105:4  106:3  107:10  108:11  109:9  110:19  111:13  112:7  113:6  114:5  115:3  116:8  117:5  118:6  119:8  120:10  121:11  122:9  123:10  124:8  125:9  126:7  127:5  128:7  129:18  130:5  131:4  132:10  133:3  134:4  135:4  136:4  137:4  138:4  140:2  141:3  142:2  143:2  144:4  145:7  146:1  147:5  148:5  149:1  150:4  151:4  153:1  154:6  155:3  156:1  157:2  158:1  159:1  160:1  162:2  163:1  164:2  165:1  166:1  167:1  168:3  169:3  171:1  175:1  178:2  181:3  183:2  184:1  185:2  189:1  190:3  191:1  192:1  193:1  194:1  195:1  196:2  200:1  203:2  205:2  207:1  208:1  210:2  212:1  214:1  216:2  220:1  221:1  223:1  225:1  226:1  227:1  230:1  234:1  237:1  239:2  241:1  242:1  247:1  248:1  250:1  253:1  255:1  257:1  261:1  265:1  272:1  312:1  338:1  384:1  507:1  598:1
  short unary avg len: 2.00
1737.606818,8.365690,715.629576
[PASSED]
[time 3.26 s, user 3.07 s, sys 0.17 s, maxrss 241856 KB]
[busy 343 jiffies]
[exit 0]
--- c2 case 3 rec 0   load 1.30 1.03 0.85
[TEST FST]
Processing dataset...
Done!
Building trie...
Done!
build time: 1424.344453 ms (1424.344453 ns per key)
space cost: 12.952020 MB (25.937492% of original size 49.935513 MB)
Querying trie...
Done!
total time: 1213.177896 ms, avg latency: 1213.177896 ns
not implemented
1424.344453,12.952020,1213.177896
[PASSED]
[time 3.45 s, user 3.32 s, sys 0.11 s, maxrss 215296 KB]
[busy 362 jiffies]
[exit 0]
--- c2 case 4 rec 0   load 1.28 1.03 0.85
[TEST COCO]
Processing dataset...
Done!
Building trie...
num nodes = 618926, average depth = 10.757375
ef = 0.000126, pa = 0.112513, bv = 0.000294, de = 0.664175
efr = 0.000805, par = 0.102747, bvr = 0.000005, der = 0.119336
Done!
build time: 30801.017748 ms (30801.017748 ns per key)
space cost: 17.219774 MB (34.484023% of original size 49.935513 MB)
Querying trie...
Done!
total time: 1365.426295 ms, avg latency: 1365.426295 ns
not implemented
30801.017748,17.219774,1365.426295
[PASSED]
[time 33.97 s, user 27.52 s, sys 6.31 s, maxrss 15528436 KB]
[busy 3518 jiffies]
[exit 0]
--- c2 case 5 rec 0   load 1.15 1.02 0.86
[TEST MARISA]
Processing dataset...
Done!
Building trie...
Done!
build time: 1029.432397 ms (1029.432397 ns per key)
space cost: 13.234698 MB (26.503579% of original size 49.935513 MB)
Querying trie...
Done!
total time: 593.624752 ms, avg latency: 593.624752 ns
not implemented
1029.432397,13.234698,593.624752
[PASSED]
[time 2.39 s, user 2.23 s, sys 0.15 s, maxrss 267788 KB]
[busy 250 jiffies]
[exit 0]
--- c2 case 5 rec 1   load 1.06 1.00 0.86
[TEST MARISA]
Processing dataset...
Done!
Building trie...
Done!
build time: 1205.104018 ms (1205.104018 ns per key)
space cost: 8.973619 MB (17.970414% of original size 49.935513 MB)
Querying trie...
Done!
total time: 863.640308 ms, avg latency: 863.640308 ns
not implemented
1205.104018,8.973619,863.640308
[PASSED]
[time 2.84 s, user 2.66 s, sys 0.16 s, maxrss 267728 KB]
[busy 300 jiffies]
[exit 0]
--- c2 case 5 rec 2   load 1.06 1.00 0.86
[TEST MARISA]
Processing dataset...
Done!
Building trie...
Done!
build time: 1253.221534 ms (1253.221534 ns per key)
space cost: 8.005336 MB (16.031348% of original size 49.935513 MB)
Querying trie...
Done!
total time: 1018.293708 ms, avg latency: 1018.293708 ns
not implemented
1253.221534,8.005336,1018.293708
[PASSED]
[time 3.04 s, user 2.86 s, sys 0.16 s, maxrss 267920 KB]
[busy 323 jiffies]
[exit 0]
--- c2 case 6 rec 0   load 1.06 1.00 0.86
[TEST PDT]
Processing dataset...
Done!
Building trie...
dict size: 156062, stream size: 7596722
Done!
build time: 3456.326892 ms (3456.326892 ns per key)
space cost: 8.669690 MB (17.361772% of original size 49.935513 MB)
Querying trie...
Done!
total time: 733.747987 ms, avg latency: 733.747987 ns
not implemented
3456.326892,8.669690,733.747987
[PASSED]
[time 4.97 s, user 4.76 s, sys 0.18 s, maxrss 299064 KB]
[busy 518 jiffies]
[exit 0]
--- c2 case 7 rec 0   load 1.05 1.00 0.86
[TEST ART]
Processing dataset...
Done!
Building trie...
Done!
build time: 309.398832 ms (309.398832 ns per key)
space cost: 32.934517 MB (65.954097% of original size 49.935513 MB)
Querying trie...
Done!
total time: 607.208167 ms, avg latency: 607.208167 ns
not implemented
309.398832,32.934517,607.208167
[PASSED]
[time 1.73 s, user 1.55 s, sys 0.17 s, maxrss 290904 KB]
[busy 183 jiffies]
[exit 0]
--- c2 case 8 rec 0   load 1.05 1.00 0.86
[TEST CART]
Processing dataset...
Done!
Building trie...
Done!
build time: 362.277047 ms (362.277047 ns per key)
space cost: 15.060642 MB (30.160183% of original size 49.935513 MB)
Querying trie...
Done!
total time: 637.056318 ms, avg latency: 637.056318 ns
not implemented
362.277047,15.060642,637.056318
[PASSED]
[time 1.80 s, user 1.65 s, sys 0.14 s, maxrss 278256 KB]
[busy 192 jiffies]
[exit 0]
--- xcdat 7   load 0.96 0.99 0.85
build time: 1172.056563 ms
space cost: 15.639350 MiB (31.319093% of original size 49.935513 MiB)
avg latency: 406.608995 ns
1172.056563,15.639350,406.608995
[time 2.36 s, user 2.20 s, sys 0.15 s, maxrss 231348 KB]
[busy 252 jiffies]
[exit 0]
--- xcdat 8   load 0.96 0.99 0.85
build time: 1141.430701 ms
space cost: 15.165496 MiB (30.370161% of original size 49.935513 MiB)
avg latency: 376.562923 ns
1141.430701,15.165496,376.562923
[time 2.31 s, user 2.13 s, sys 0.17 s, maxrss 231092 KB]
[busy 242 jiffies]
[exit 0]
--- xcdat 15   load 0.97 0.99 0.85
build time: 1168.618921 ms
space cost: 17.302892 MiB (34.650473% of original size 49.935513 MiB)
avg latency: 360.647754 ns
1168.618921,17.302892,360.647754
[time 2.33 s, user 2.17 s, sys 0.15 s, maxrss 231212 KB]
[busy 248 jiffies]
[exit 0]
--- xcdat 16   load 0.89 0.97 0.85
build time: 1132.933747 ms
space cost: 17.859698 MiB (35.765524% of original size 49.935513 MiB)
avg latency: 390.611702 ns
1132.933747,17.859698,390.611702
[time 2.32 s, user 2.16 s, sys 0.15 s, maxrss 231264 KB]
[busy 244 jiffies]
[exit 0]

##### uuid-1000000 (1000000 lines, 37000000 bytes)   round 1/3   2026-09-23T21:24:32+03:00
--- lexindex dict32   load 0.89 0.97 0.85
1000000 keys
lexindex DictIndex block 32: build 293 ms, size 17.741 MiB (18.603 B/key), latency cold 458.8 ns, then mean 457.3 / min 455.3 ns
293.064,17.741351,458.806
[time 2.63 s, user 3.41 s, sys 0.38 s, maxrss 286452 KB]
[busy 404 jiffies]
[exit 0]
--- lexindex dict256   load 0.90 0.97 0.85
1000000 keys
lexindex DictIndex block 256: build 290 ms, size 17.205 MiB (18.040 B/key), latency cold 448.4 ns, then mean 444.3 / min 439.2 ns
289.873,17.204642,448.356
[time 2.58 s, user 3.36 s, sys 0.33 s, maxrss 283124 KB]
[busy 396 jiffies]
[exit 0]
--- lexindex dict1024   load 0.83 0.95 0.85
1000000 keys
lexindex DictIndex block 1024: build 299 ms, size 17.065 MiB (17.894 B/key), latency cold 500.8 ns, then mean 497.6 / min 493.9 ns
299.059,17.064983,500.844
[time 2.80 s, user 3.21 s, sys 0.20 s, maxrss 244484 KB]
[busy 365 jiffies]
[exit 0]
--- lexindex string   load 0.83 0.95 0.85
1000000 keys
lexindex StringIndex: build 2400 ms, size 35.389 MiB (37.108 B/key), latency cold 427.9 ns, then mean 430.6 / min 429.9 ns
2400.194,35.389391,427.941
[time 4.62 s, user 4.50 s, sys 0.10 s, maxrss 199520 KB]
[busy 488 jiffies]
[exit 0]
--- lexindex hashed0   load 0.77 0.94 0.84
1000000 keys
lexindex HashedDictIndex closed: build 394 ms, size 19.818 MiB (20.781 B/key), latency cold 59.0 ns, then mean 56.7 / min 55.9 ns
394.371,19.818487,58.968
[time 1.13 s, user 2.01 s, sys 0.37 s, maxrss 286716 KB]
[busy 262 jiffies]
[exit 0]
--- lexindex hashed8   load 0.77 0.94 0.84
1000000 keys
lexindex HashedDictIndex fp=8: build 395 ms, size 20.772 MiB (21.781 B/key), latency cold 68.4 ns, then mean 66.9 / min 66.3 ns
394.864,20.772161,68.399
[time 1.18 s, user 2.08 s, sys 0.36 s, maxrss 287456 KB]
[busy 267 jiffies]
[exit 0]
--- lexindex hashed16   load 0.77 0.94 0.84
1000000 keys
lexindex HashedDictIndex fp=16: build 398 ms, size 21.726 MiB (22.781 B/key), latency cold 69.7 ns, then mean 69.0 / min 67.7 ns
398.316,21.725836,69.738
[time 1.17 s, user 1.99 s, sys 0.40 s, maxrss 288504 KB]
[busy 261 jiffies]
[exit 0]
--- c2 case 0 rec 0   load 0.79 0.94 0.84
[TEST C2-FST]
Processing dataset...
Done!
Building trie...
Done!
build time: 1092.618108 ms (1092.618108 ns per key)
space cost: 22.510774 MB (65.567381% of original size 34.332275 MB)
Querying trie...
Done!
total time: 443.940293 ms, avg latency: 443.940293 ns
topology: 0.773712 MB, link: 3.131501 MB, data: 18.605560 MB
--- Unary Path Analysis (FST, cutoff=4) ---
  shared unary steps in main trie: 13682
  terminal suffixes: inplace=0 (avg len=0.00)  links=1000000 (100.0% of terminal)
  link len: avg=29.32  max=30  total_chars=29323284
  link length distribution (len:count):  24:2  25:10  26:206  28:3376  29:54458  30:556568  31:385380
1092.618108,22.510774,443.940293
[PASSED]
[time 2.22 s, user 2.05 s, sys 0.16 s, maxrss 312236 KB]
[busy 237 jiffies]
[exit 0]
--- c2 case 0 rec 1   load 0.73 0.93 0.84
[TEST C2-FST]
Processing dataset...
Done!
Building trie...
trie size: 4.445807 MB
Done!
build time: 2050.368842 ms (2050.368842 ns per key)
space cost: 22.510774 MB (65.567381% of original size 34.332275 MB)
Querying trie...
Done!
total time: 439.153435 ms, avg latency: 439.153435 ns
topology: 0.773712 MB, link: 3.131501 MB, data: 18.605560 MB
--- Unary Path Analysis (FST, cutoff=4) ---
  shared unary steps in main trie: 13682
  terminal suffixes: inplace=0 (avg len=0.00)  links=1000000 (100.0% of terminal)
  link len: avg=29.32  max=30  total_chars=29323284
  link length distribution (len:count):  24:2  25:10  26:206  28:3376  29:54458  30:556568  31:385380
2050.368842,22.510774,439.153435
[PASSED]
[time 3.17 s, user 2.99 s, sys 0.16 s, maxrss 361704 KB]
[busy 333 jiffies]
[exit 0]
--- c2 case 0 rec 2   load 0.73 0.93 0.84
[TEST C2-FST]
Processing dataset...
Done!
Building trie...
trie size: 4.445807 MB
Done!
build time: 2060.597281 ms (2060.597281 ns per key)
space cost: 22.510774 MB (65.567381% of original size 34.332275 MB)
Querying trie...
Done!
total time: 436.636484 ms, avg latency: 436.636484 ns
topology: 0.773712 MB, link: 3.131501 MB, data: 18.605560 MB
--- Unary Path Analysis (FST, cutoff=4) ---
  shared unary steps in main trie: 13682
  terminal suffixes: inplace=0 (avg len=0.00)  links=1000000 (100.0% of terminal)
  link len: avg=29.32  max=30  total_chars=29323284
  link length distribution (len:count):  24:2  25:10  26:206  28:3376  29:54458  30:556568  31:385380
2060.597281,22.510774,436.636484
[PASSED]
[time 3.19 s, user 2.99 s, sys 0.19 s, maxrss 362024 KB]
[busy 336 jiffies]
[exit 0]
--- c2 case 1 rec 0   load 0.75 0.93 0.84
[TEST C2-CoCo(LOUDS-Sparse)]
Processing dataset...
Done!
Building trie...
Done!
build time: 1465.742066 ms (1465.742066 ns per key)
space cost: 21.333610 MB (62.138642% of original size 34.332275 MB)
Querying trie...
Done!
total time: 502.787168 ms, avg latency: 502.787168 ns
topology: 0.346375 MB, link: 3.293192 MB, data: 17.694043 MB
1465.742066,21.333610,502.787168
[PASSED]
[time 2.65 s, user 2.42 s, sys 0.22 s, maxrss 431068 KB]
[busy 279 jiffies]
[exit 0]
--- c2 case 1 rec 1   load 0.77 0.93 0.84
[TEST C2-CoCo(LOUDS-Sparse)]
Processing dataset...
Done!
Building trie...
trie size: 4.445807 MB
Done!
build time: 2386.044462 ms (2386.044462 ns per key)
space cost: 21.333610 MB (62.138642% of original size 34.332275 MB)
Querying trie...
Done!
total time: 510.172642 ms, avg latency: 510.172642 ns
topology: 0.346375 MB, link: 3.293192 MB, data: 17.694043 MB
2386.044462,21.333610,510.172642
[PASSED]
[time 3.57 s, user 3.33 s, sys 0.22 s, maxrss 474916 KB]
[busy 374 jiffies]
[exit 0]
--- c2 case 1 rec 2   load 0.79 0.93 0.84
[TEST C2-CoCo(LOUDS-Sparse)]
Processing dataset...
Done!
Building trie...
trie size: 4.445807 MB
Done!
build time: 2399.860254 ms (2399.860254 ns per key)
space cost: 21.333610 MB (62.138642% of original size 34.332275 MB)
Querying trie...
Done!
total time: 497.603334 ms, avg latency: 497.603334 ns
topology: 0.346375 MB, link: 3.293192 MB, data: 17.694043 MB
2399.860254,21.333610,497.603334
[PASSED]
[time 3.58 s, user 3.35 s, sys 0.21 s, maxrss 474792 KB]
[busy 377 jiffies]
[exit 0]
--- c2 case 2 rec 0   load 0.81 0.93 0.84
[TEST C2-MARISA]
Processing dataset...
Done!
Building trie...
trie size: 1.966455 MB
Done!
build time: 1025.116765 ms (1025.116765 ns per key)
space cost: 21.883573 MB (63.740525% of original size 34.332275 MB)
Querying trie...
Done!
total time: 372.261316 ms, avg latency: 372.261316 ns
topology: 0.650684 MB, link: 2.984713 MB, data: 18.227668 MB
--- Unary Path Analysis (Marisa, cutoff=3) ---
  branches: 1358149  |  single-char: 345387 (25.4%)  short-unary: 12003 (0.9%)  links: 1000759 (73.7%)
  link len: avg=31.30  max=32  total_chars=31325722
  link length distribution (len:count):  3:655  4:51  5:49  6:4  25:2  26:10  27:206  29:3376  30:54458  31:556568  32:385380
  short unary avg len: 2.00
1025.116765,21.883573,372.261316
[PASSED]
[time 2.09 s, user 1.90 s, sys 0.17 s, maxrss 313420 KB]
[busy 221 jiffies]
[exit 0]
--- c2 case 2 rec 1   load 0.81 0.93 0.84
[TEST C2-MARISA]
Processing dataset...
Done!
Building trie...
trie size: 1.966455 MB
trie size: 4.448333 MB
Done!
build time: 1958.597043 ms (1958.597043 ns per key)
space cost: 21.883573 MB (63.740525% of original size 34.332275 MB)
Querying trie...
Done!
total time: 365.852649 ms, avg latency: 365.852649 ns
topology: 0.650684 MB, link: 2.984713 MB, data: 18.227668 MB
--- Unary Path Analysis (Marisa, cutoff=3) ---
  branches: 1358149  |  single-char: 345387 (25.4%)  short-unary: 12003 (0.9%)  links: 1000759 (73.7%)
  link len: avg=31.30  max=32  total_chars=31325722
  link length distribution (len:count):  3:655  4:51  5:49  6:4  25:2  26:10  27:206  29:3376  30:54458  31:556568  32:385380
  short unary avg len: 2.00
1958.597043,21.883573,365.852649
[PASSED]
[time 3.02 s, user 2.81 s, sys 0.19 s, maxrss 361616 KB]
[busy 319 jiffies]
[exit 0]
--- c2 case 2 rec 2   load 0.82 0.93 0.84
[TEST C2-MARISA]
Processing dataset...
Done!
Building trie...
trie size: 1.966455 MB
trie size: 4.448333 MB
Done!
build time: 1953.849358 ms (1953.849358 ns per key)
space cost: 21.883573 MB (63.740525% of original size 34.332275 MB)
Querying trie...
Done!
total time: 372.178550 ms, avg latency: 372.178550 ns
topology: 0.650684 MB, link: 2.984713 MB, data: 18.227668 MB
--- Unary Path Analysis (Marisa, cutoff=3) ---
  branches: 1358149  |  single-char: 345387 (25.4%)  short-unary: 12003 (0.9%)  links: 1000759 (73.7%)
  link len: avg=31.30  max=32  total_chars=31325722
  link length distribution (len:count):  3:655  4:51  5:49  6:4  25:2  26:10  27:206  29:3376  30:54458  31:556568  32:385380
  short unary avg len: 2.00
1953.849358,21.883573,372.178550
[PASSED]
[time 3.02 s, user 2.81 s, sys 0.19 s, maxrss 361840 KB]
[busy 317 jiffies]
[exit 0]
--- c2 case 3 rec 0   load 0.84 0.93 0.84
[TEST FST]
Processing dataset...
Done!
Building trie...
Done!
build time: 832.783261 ms (832.783261 ns per key)
space cost: 34.505507 MB (100.504572% of original size 34.332275 MB)
Querying trie...
Done!
total time: 459.823261 ms, avg latency: 459.823261 ns
not implemented
832.783261,34.505507,459.823261
[PASSED]
[time 1.98 s, user 1.86 s, sys 0.10 s, maxrss 207684 KB]
[busy 208 jiffies]
[exit 0]
--- c2 case 4 rec 0   load 0.77 0.92 0.84
terminate called after throwing an instance of 'std::bad_alloc'
  what():  std::bad_alloc
timeout: the monitored command dumped core
Command terminated by signal 6
[time 41.25 s, user 29.39 s, sys 11.64 s, maxrss 27995312 KB]
[busy 4286 jiffies]
[exit 134]
--- c2 case 5 rec 0   load 0.88 0.93 0.85
[TEST MARISA]
Processing dataset...
Done!
Building trie...
Done!
build time: 669.165570 ms (669.165570 ns per key)
space cost: 34.975940 MB (101.874808% of original size 34.332275 MB)
Querying trie...
Done!
total time: 530.973856 ms, avg latency: 530.973856 ns
not implemented
669.165570,34.975940,530.973856
[PASSED]
[time 1.90 s, user 1.74 s, sys 0.15 s, maxrss 282424 KB]
[busy 200 jiffies]
[exit 0]
--- c2 case 5 rec 1   load 0.81 0.91 0.84
[TEST MARISA]
Processing dataset...
Done!
Building trie...
Done!
build time: 1051.321105 ms (1051.321105 ns per key)
space cost: 33.974524 MB (98.957975% of original size 34.332275 MB)
Querying trie...
Done!
total time: 784.946553 ms, avg latency: 784.946553 ns
not implemented
1051.321105,33.974524,784.946553
[PASSED]
[time 2.54 s, user 2.37 s, sys 0.15 s, maxrss 251696 KB]
[busy 268 jiffies]
[exit 0]
--- c2 case 5 rec 2   load 0.81 0.91 0.84
[TEST MARISA]
Processing dataset...
Done!
Building trie...
Done!
build time: 1330.740179 ms (1330.740179 ns per key)
space cost: 32.972683 MB (96.039900% of original size 34.332275 MB)
Querying trie...
Done!
total time: 1141.276200 ms, avg latency: 1141.276200 ns
not implemented
1330.740179,32.972683,1141.276200
[PASSED]
[time 3.16 s, user 2.97 s, sys 0.17 s, maxrss 273512 KB]
[busy 332 jiffies]
[exit 0]
--- c2 case 6 rec 0   load 0.83 0.92 0.84
[TEST PDT]
Processing dataset...
Done!
Building trie...
dict size: 166618, stream size: 19935113
Done!
build time: 16705.572864 ms (16705.572864 ns per key)
space cost: 20.446564 MB (59.554933% of original size 34.332275 MB)
Querying trie...
Done!
total time: 730.530388 ms, avg latency: 730.530388 ns
not implemented
16705.572864,20.446564,730.530388
[PASSED]
[time 18.14 s, user 17.64 s, sys 0.42 s, maxrss 648604 KB]
[busy 1883 jiffies]
[exit 0]
--- c2 case 7 rec 0   load 0.88 0.92 0.85
[TEST ART]
Processing dataset...
Done!
Building trie...
Done!
build time: 195.064437 ms (195.064437 ns per key)
space cost: 25.565071 MB (74.463667% of original size 34.332275 MB)
Querying trie...
Done!
total time: 363.358871 ms, avg latency: 363.358871 ns
not implemented
195.064437,25.565071,363.358871
[PASSED]
[time 1.26 s, user 1.14 s, sys 0.11 s, maxrss 225376 KB]
[busy 135 jiffies]
[exit 0]
--- c2 case 8 rec 0   load 0.81 0.91 0.84
[TEST CART]
Processing dataset...
Done!
Building trie...
Done!
build time: 220.265132 ms (220.265132 ns per key)
space cost: 12.300360 MB (35.827394% of original size 34.332275 MB)
Querying trie...
Done!
total time: 369.267879 ms, avg latency: 369.267879 ns
not implemented
220.265132,12.300360,369.267879
[PASSED]
[time 1.31 s, user 1.19 s, sys 0.12 s, maxrss 214684 KB]
[busy 143 jiffies]
[exit 0]
--- xcdat 7   load 0.81 0.91 0.84
build time: 859.790050 ms
space cost: 36.820305 MiB (107.246911% of original size 34.332275 MiB)
avg latency: 351.246551 ns
859.790050,36.820305,351.246551
[time 1.91 s, user 1.75 s, sys 0.15 s, maxrss 231572 KB]
[busy 201 jiffies]
[exit 0]
--- xcdat 8   load 0.74 0.89 0.84
build time: 796.363856 ms
space cost: 36.200803 MiB (105.442481% of original size 34.332275 MiB)
avg latency: 351.035373 ns
796.363856,36.200803,351.035373
[time 1.85 s, user 1.68 s, sys 0.15 s, maxrss 231000 KB]
[busy 198 jiffies]
[exit 0]
--- xcdat 15   load 0.74 0.89 0.84
build time: 804.639424 ms
space cost: 37.074831 MiB (107.988272% of original size 34.332275 MiB)
avg latency: 322.802289 ns
804.639424,37.074831,322.802289
[time 1.82 s, user 1.68 s, sys 0.13 s, maxrss 230940 KB]
[busy 192 jiffies]
[exit 0]
--- xcdat 16   load 0.76 0.89 0.84
build time: 789.432787 ms
space cost: 37.473558 MiB (109.149650% of original size 34.332275 MiB)
avg latency: 335.710915 ns
789.432787,37.473558,335.710915
[time 1.82 s, user 1.67 s, sys 0.14 s, maxrss 231192 KB]
[busy 192 jiffies]
[exit 0]

##### uuid-1000000 (1000000 lines, 37000000 bytes)   round 2/3   2026-09-23T21:27:02+03:00
--- xcdat 16   load 0.76 0.89 0.84
build time: 788.884907 ms
space cost: 37.473558 MiB (109.149650% of original size 34.332275 MiB)
avg latency: 345.717666 ns
788.884907,37.473558,345.717666
[time 1.82 s, user 1.68 s, sys 0.13 s, maxrss 230724 KB]
[busy 191 jiffies]
[exit 0]
--- xcdat 15   load 0.78 0.89 0.84
build time: 809.443655 ms
space cost: 37.074831 MiB (107.988272% of original size 34.332275 MiB)
avg latency: 330.108043 ns
809.443655,37.074831,330.108043
[time 1.85 s, user 1.69 s, sys 0.14 s, maxrss 230832 KB]
[busy 194 jiffies]
[exit 0]
--- xcdat 8   load 0.78 0.89 0.84
build time: 792.728202 ms
space cost: 36.200803 MiB (105.442481% of original size 34.332275 MiB)
avg latency: 355.318065 ns
792.728202,36.200803,355.318065
[time 1.85 s, user 1.70 s, sys 0.15 s, maxrss 230716 KB]
[busy 198 jiffies]
[exit 0]
--- xcdat 7   load 0.80 0.90 0.84
build time: 858.884107 ms
space cost: 36.820305 MiB (107.246911% of original size 34.332275 MiB)
avg latency: 352.238746 ns
858.884107,36.820305,352.238746
[time 1.89 s, user 1.75 s, sys 0.14 s, maxrss 231256 KB]
[busy 202 jiffies]
[exit 0]
--- c2 case 8 rec 0   load 0.73 0.88 0.84
[TEST CART]
Processing dataset...
Done!
Building trie...
Done!
build time: 223.344240 ms (223.344240 ns per key)
space cost: 12.300360 MB (35.827394% of original size 34.332275 MB)
Querying trie...
Done!
total time: 373.918902 ms, avg latency: 373.918902 ns
not implemented
223.344240,12.300360,373.918902
[PASSED]
[time 1.33 s, user 1.21 s, sys 0.11 s, maxrss 214760 KB]
[busy 145 jiffies]
[exit 0]
--- c2 case 7 rec 0   load 0.73 0.88 0.84
[TEST ART]
Processing dataset...
Done!
Building trie...
Done!
build time: 192.373849 ms (192.373849 ns per key)
space cost: 25.565071 MB (74.463667% of original size 34.332275 MB)
Querying trie...
Done!
total time: 362.999360 ms, avg latency: 362.999360 ns
not implemented
192.373849,25.565071,362.999360
[PASSED]
[time 1.27 s, user 1.12 s, sys 0.14 s, maxrss 225408 KB]
[busy 134 jiffies]
[exit 0]
--- c2 case 6 rec 0   load 0.68 0.87 0.83
[TEST PDT]
Processing dataset...
Done!
Building trie...
dict size: 166618, stream size: 19935113
Done!
build time: 16743.118776 ms (16743.118776 ns per key)
space cost: 20.446564 MB (59.554933% of original size 34.332275 MB)
Querying trie...
Done!
total time: 739.483640 ms, avg latency: 739.483640 ns
not implemented
16743.118776,20.446564,739.483640
[PASSED]
[time 18.19 s, user 17.69 s, sys 0.43 s, maxrss 648464 KB]
[busy 1894 jiffies]
[exit 0]
--- c2 case 5 rec 2   load 0.75 0.87 0.83
[TEST MARISA]
Processing dataset...
Done!
Building trie...
Done!
build time: 1338.256734 ms (1338.256734 ns per key)
space cost: 32.972683 MB (96.039900% of original size 34.332275 MB)
Querying trie...
Done!
total time: 1145.853478 ms, avg latency: 1145.853478 ns
not implemented
1338.256734,32.972683,1145.853478
[PASSED]
[time 3.17 s, user 2.99 s, sys 0.17 s, maxrss 273448 KB]
[busy 333 jiffies]
[exit 0]
--- c2 case 5 rec 1   load 0.77 0.88 0.83
[TEST MARISA]
Processing dataset...
Done!
Building trie...
Done!
build time: 1066.284034 ms (1066.284034 ns per key)
space cost: 33.974524 MB (98.957975% of original size 34.332275 MB)
Querying trie...
Done!
total time: 801.700645 ms, avg latency: 801.700645 ns
not implemented
1066.284034,33.974524,801.700645
[PASSED]
[time 2.55 s, user 2.37 s, sys 0.17 s, maxrss 252048 KB]
[busy 267 jiffies]
[exit 0]
--- c2 case 5 rec 0   load 0.79 0.88 0.84
[TEST MARISA]
Processing dataset...
Done!
Building trie...
Done!
build time: 676.104421 ms (676.104421 ns per key)
space cost: 34.975940 MB (101.874808% of original size 34.332275 MB)
Querying trie...
Done!
total time: 528.363600 ms, avg latency: 528.363600 ns
not implemented
676.104421,34.975940,528.363600
[PASSED]
[time 1.89 s, user 1.70 s, sys 0.17 s, maxrss 282312 KB]
[busy 199 jiffies]
[exit 0]
--- c2 case 4 rec 0   skipped: exit 134 in round 1
--- c2 case 3 rec 0   load 0.79 0.88 0.84
[TEST FST]
Processing dataset...
Done!
Building trie...
Done!
build time: 837.455456 ms (837.455456 ns per key)
space cost: 34.505507 MB (100.504572% of original size 34.332275 MB)
Querying trie...
Done!
total time: 462.484031 ms, avg latency: 462.484031 ns
not implemented
837.455456,34.505507,462.484031
[PASSED]
[time 2.00 s, user 1.85 s, sys 0.14 s, maxrss 207800 KB]
[busy 213 jiffies]
[exit 0]
--- c2 case 2 rec 2   load 0.88 0.90 0.84
[TEST C2-MARISA]
Processing dataset...
Done!
Building trie...
trie size: 1.966455 MB
trie size: 4.448333 MB
Done!
build time: 1959.810271 ms (1959.810271 ns per key)
space cost: 21.883573 MB (63.740525% of original size 34.332275 MB)
Querying trie...
Done!
total time: 368.109536 ms, avg latency: 368.109536 ns
topology: 0.650684 MB, link: 2.984713 MB, data: 18.227668 MB
--- Unary Path Analysis (Marisa, cutoff=3) ---
  branches: 1358149  |  single-char: 345387 (25.4%)  short-unary: 12003 (0.9%)  links: 1000759 (73.7%)
  link len: avg=31.30  max=32  total_chars=31325722
  link length distribution (len:count):  3:655  4:51  5:49  6:4  25:2  26:10  27:206  29:3376  30:54458  31:556568  32:385380
  short unary avg len: 2.00
1959.810271,21.883573,368.109536
[PASSED]
[time 3.02 s, user 2.82 s, sys 0.18 s, maxrss 361836 KB]
[busy 317 jiffies]
[exit 0]
--- c2 case 2 rec 1   load 0.89 0.90 0.84
[TEST C2-MARISA]
Processing dataset...
Done!
Building trie...
trie size: 1.966455 MB
trie size: 4.448333 MB
Done!
build time: 1947.537871 ms (1947.537871 ns per key)
space cost: 21.883573 MB (63.740525% of original size 34.332275 MB)
Querying trie...
Done!
total time: 369.173817 ms, avg latency: 369.173817 ns
topology: 0.650684 MB, link: 2.984713 MB, data: 18.227668 MB
--- Unary Path Analysis (Marisa, cutoff=3) ---
  branches: 1358149  |  single-char: 345387 (25.4%)  short-unary: 12003 (0.9%)  links: 1000759 (73.7%)
  link len: avg=31.30  max=32  total_chars=31325722
  link length distribution (len:count):  3:655  4:51  5:49  6:4  25:2  26:10  27:206  29:3376  30:54458  31:556568  32:385380
  short unary avg len: 2.00
1947.537871,21.883573,369.173817
[PASSED]
[time 3.00 s, user 2.82 s, sys 0.17 s, maxrss 361608 KB]
[busy 312 jiffies]
[exit 0]
--- c2 case 2 rec 0   load 0.90 0.90 0.84
[TEST C2-MARISA]
Processing dataset...
Done!
Building trie...
trie size: 1.966455 MB
Done!
build time: 1013.754610 ms (1013.754610 ns per key)
space cost: 21.883573 MB (63.740525% of original size 34.332275 MB)
Querying trie...
Done!
total time: 363.925211 ms, avg latency: 363.925211 ns
topology: 0.650684 MB, link: 2.984713 MB, data: 18.227668 MB
--- Unary Path Analysis (Marisa, cutoff=3) ---
  branches: 1358149  |  single-char: 345387 (25.4%)  short-unary: 12003 (0.9%)  links: 1000759 (73.7%)
  link len: avg=31.30  max=32  total_chars=31325722
  link length distribution (len:count):  3:655  4:51  5:49  6:4  25:2  26:10  27:206  29:3376  30:54458  31:556568  32:385380
  short unary avg len: 2.00
1013.754610,21.883573,363.925211
[PASSED]
[time 2.07 s, user 1.89 s, sys 0.17 s, maxrss 313128 KB]
[busy 221 jiffies]
[exit 0]
--- c2 case 1 rec 2   load 0.90 0.90 0.84
[TEST C2-CoCo(LOUDS-Sparse)]
Processing dataset...
Done!
Building trie...
trie size: 4.445807 MB
Done!
build time: 2402.210428 ms (2402.210428 ns per key)
space cost: 21.333610 MB (62.138642% of original size 34.332275 MB)
Querying trie...
Done!
total time: 504.689006 ms, avg latency: 504.689006 ns
topology: 0.346375 MB, link: 3.293192 MB, data: 17.694043 MB
2402.210428,21.333610,504.689006
[PASSED]
[time 3.58 s, user 3.33 s, sys 0.23 s, maxrss 474832 KB]
[busy 377 jiffies]
[exit 0]
--- c2 case 1 rec 1   load 0.91 0.90 0.84
[TEST C2-CoCo(LOUDS-Sparse)]
Processing dataset...
Done!
Building trie...
trie size: 4.445807 MB
Done!
build time: 2402.168690 ms (2402.168690 ns per key)
space cost: 21.333610 MB (62.138642% of original size 34.332275 MB)
Querying trie...
Done!
total time: 499.970296 ms, avg latency: 499.970296 ns
topology: 0.346375 MB, link: 3.293192 MB, data: 17.694043 MB
2402.168690,21.333610,499.970296
[PASSED]
[time 3.60 s, user 3.35 s, sys 0.22 s, maxrss 475128 KB]
[busy 380 jiffies]
[exit 0]
--- c2 case 1 rec 0   load 0.92 0.91 0.85
[TEST C2-CoCo(LOUDS-Sparse)]
Processing dataset...
Done!
Building trie...
Done!
build time: 1454.992582 ms (1454.992582 ns per key)
space cost: 21.333610 MB (62.138642% of original size 34.332275 MB)
Querying trie...
Done!
total time: 498.096965 ms, avg latency: 498.096965 ns
topology: 0.346375 MB, link: 3.293192 MB, data: 17.694043 MB
1454.992582,21.333610,498.096965
[PASSED]
[time 2.63 s, user 2.42 s, sys 0.20 s, maxrss 431428 KB]
[busy 279 jiffies]
[exit 0]
--- c2 case 0 rec 2   load 0.92 0.91 0.85
[TEST C2-FST]
Processing dataset...
Done!
Building trie...
trie size: 4.445807 MB
Done!
build time: 2038.061316 ms (2038.061316 ns per key)
space cost: 22.510774 MB (65.567381% of original size 34.332275 MB)
Querying trie...
Done!
total time: 440.863699 ms, avg latency: 440.863699 ns
topology: 0.773712 MB, link: 3.131501 MB, data: 18.605560 MB
--- Unary Path Analysis (FST, cutoff=4) ---
  shared unary steps in main trie: 13682
  terminal suffixes: inplace=0 (avg len=0.00)  links=1000000 (100.0% of terminal)
  link len: avg=29.32  max=30  total_chars=29323284
  link length distribution (len:count):  24:2  25:10  26:206  28:3376  29:54458  30:556568  31:385380
2038.061316,22.510774,440.863699
[PASSED]
[time 3.16 s, user 2.96 s, sys 0.18 s, maxrss 361840 KB]
[busy 331 jiffies]
[exit 0]
--- c2 case 0 rec 1   load 0.93 0.91 0.85
[TEST C2-FST]
Processing dataset...
Done!
Building trie...
trie size: 4.445807 MB
Done!
build time: 2031.939088 ms (2031.939088 ns per key)
space cost: 22.510774 MB (65.567381% of original size 34.332275 MB)
Querying trie...
Done!
total time: 444.457634 ms, avg latency: 444.457634 ns
topology: 0.773712 MB, link: 3.131501 MB, data: 18.605560 MB
--- Unary Path Analysis (FST, cutoff=4) ---
  shared unary steps in main trie: 13682
  terminal suffixes: inplace=0 (avg len=0.00)  links=1000000 (100.0% of terminal)
  link len: avg=29.32  max=30  total_chars=29323284
  link length distribution (len:count):  24:2  25:10  26:206  28:3376  29:54458  30:556568  31:385380
2031.939088,22.510774,444.457634
[PASSED]
[time 3.16 s, user 2.94 s, sys 0.20 s, maxrss 361800 KB]
[busy 333 jiffies]
[exit 0]
--- c2 case 0 rec 0   load 0.86 0.89 0.84
[TEST C2-FST]
Processing dataset...
Done!
Building trie...
Done!
build time: 1102.808983 ms (1102.808983 ns per key)
space cost: 22.510774 MB (65.567381% of original size 34.332275 MB)
Querying trie...
Done!
total time: 444.168862 ms, avg latency: 444.168862 ns
topology: 0.773712 MB, link: 3.131501 MB, data: 18.605560 MB
--- Unary Path Analysis (FST, cutoff=4) ---
  shared unary steps in main trie: 13682
  terminal suffixes: inplace=0 (avg len=0.00)  links=1000000 (100.0% of terminal)
  link len: avg=29.32  max=30  total_chars=29323284
  link length distribution (len:count):  24:2  25:10  26:206  28:3376  29:54458  30:556568  31:385380
1102.808983,22.510774,444.168862
[PASSED]
[time 2.25 s, user 2.07 s, sys 0.17 s, maxrss 312096 KB]
[busy 240 jiffies]
[exit 0]
--- lexindex hashed16   load 0.86 0.89 0.84
1000000 keys
lexindex HashedDictIndex fp=16: build 390 ms, size 21.726 MiB (22.781 B/key), latency cold 69.1 ns, then mean 68.8 / min 67.6 ns
390.074,21.725836,69.088
[time 1.17 s, user 2.03 s, sys 0.34 s, maxrss 288864 KB]
[busy 256 jiffies]
[exit 0]
--- lexindex hashed8   load 0.79 0.88 0.84
1000000 keys
lexindex HashedDictIndex fp=8: build 398 ms, size 20.772 MiB (21.781 B/key), latency cold 70.7 ns, then mean 67.1 / min 66.6 ns
398.457,20.772161,70.705
[time 1.17 s, user 2.02 s, sys 0.37 s, maxrss 287576 KB]
[busy 261 jiffies]
[exit 0]
--- lexindex hashed0   load 0.79 0.88 0.84
1000000 keys
lexindex HashedDictIndex closed: build 395 ms, size 19.818 MiB (20.781 B/key), latency cold 58.2 ns, then mean 55.8 / min 55.6 ns
395.270,19.818487,58.188
[time 1.13 s, user 2.00 s, sys 0.39 s, maxrss 286896 KB]
[busy 260 jiffies]
[exit 0]
--- lexindex string   load 0.72 0.87 0.83
1000000 keys
lexindex StringIndex: build 2401 ms, size 35.389 MiB (37.108 B/key), latency cold 432.4 ns, then mean 428.6 / min 426.9 ns
2401.382,35.389391,432.383
[time 4.62 s, user 4.50 s, sys 0.10 s, maxrss 199356 KB]
[busy 486 jiffies]
[exit 0]
--- lexindex dict1024   load 0.67 0.85 0.83
1000000 keys
lexindex DictIndex block 1024: build 296 ms, size 17.065 MiB (17.894 B/key), latency cold 492.5 ns, then mean 490.0 / min 488.9 ns
296.479,17.064983,492.533
[time 2.76 s, user 3.16 s, sys 0.21 s, maxrss 243928 KB]
[busy 362 jiffies]
[exit 0]
--- lexindex dict256   load 0.67 0.85 0.83
1000000 keys
lexindex DictIndex block 256: build 296 ms, size 17.205 MiB (18.040 B/key), latency cold 448.0 ns, then mean 451.5 / min 447.6 ns
296.326,17.204642,447.956
[time 2.62 s, user 3.42 s, sys 0.39 s, maxrss 284228 KB]
[busy 405 jiffies]
[exit 0]
--- lexindex dict32   load 0.77 0.87 0.83
1000000 keys
lexindex DictIndex block 32: build 294 ms, size 17.741 MiB (18.603 B/key), latency cold 465.6 ns, then mean 459.0 / min 453.0 ns
294.367,17.741351,465.586
[time 2.65 s, user 3.44 s, sys 0.38 s, maxrss 284852 KB]
[busy 405 jiffies]
[exit 0]

##### urls-1000000 (1000000 lines, 53361181 bytes)   round 2/3   2026-09-23T21:28:50+03:00
--- xcdat 16   load 0.79 0.87 0.84
build time: 1148.658600 ms
space cost: 17.859698 MiB (35.765524% of original size 49.935513 MiB)
avg latency: 390.214078 ns
1148.658600,17.859698,390.214078
[time 2.34 s, user 2.18 s, sys 0.14 s, maxrss 231288 KB]
[busy 249 jiffies]
[exit 0]
--- xcdat 15   load 0.73 0.86 0.83
build time: 1169.022942 ms
space cost: 17.302892 MiB (34.650473% of original size 49.935513 MiB)
avg latency: 361.689618 ns
1169.022942,17.302892,361.689618
[time 2.33 s, user 2.15 s, sys 0.16 s, maxrss 231268 KB]
[busy 245 jiffies]
[exit 0]
--- xcdat 8   load 0.73 0.86 0.83
build time: 1139.778658 ms
space cost: 15.165496 MiB (30.370161% of original size 49.935513 MiB)
avg latency: 384.417452 ns
1139.778658,15.165496,384.417452
[time 2.32 s, user 2.15 s, sys 0.15 s, maxrss 231220 KB]
[busy 245 jiffies]
[exit 0]
--- xcdat 7   load 0.75 0.86 0.83
build time: 1165.519666 ms
space cost: 15.639350 MiB (31.319093% of original size 49.935513 MiB)
avg latency: 398.448067 ns
1165.519666,15.639350,398.448067
[time 2.35 s, user 2.18 s, sys 0.15 s, maxrss 231112 KB]
[busy 246 jiffies]
[exit 0]
--- c2 case 8 rec 0   load 0.69 0.85 0.83
[TEST CART]
Processing dataset...
Done!
Building trie...
Done!
build time: 356.313693 ms (356.313693 ns per key)
space cost: 15.060642 MB (30.160183% of original size 49.935513 MB)
Querying trie...
Done!
total time: 646.108334 ms, avg latency: 646.108334 ns
not implemented
356.313693,15.060642,646.108334
[PASSED]
[time 1.82 s, user 1.66 s, sys 0.15 s, maxrss 278200 KB]
[busy 194 jiffies]
[exit 0]
--- c2 case 7 rec 0   load 0.69 0.85 0.83
[TEST ART]
Processing dataset...
Done!
Building trie...
Done!
build time: 308.971549 ms (308.971549 ns per key)
space cost: 32.934517 MB (65.954097% of original size 49.935513 MB)
Querying trie...
Done!
total time: 623.931777 ms, avg latency: 623.931777 ns
not implemented
308.971549,32.934517,623.931777
[PASSED]
[time 1.74 s, user 1.58 s, sys 0.14 s, maxrss 290628 KB]
[busy 183 jiffies]
[exit 0]
--- c2 case 6 rec 0   load 0.63 0.83 0.82
[TEST PDT]
Processing dataset...
Done!
Building trie...
dict size: 156062, stream size: 7596722
Done!
build time: 3617.747135 ms (3617.747135 ns per key)
space cost: 8.669690 MB (17.361772% of original size 49.935513 MB)
Querying trie...
Done!
total time: 746.542619 ms, avg latency: 746.542619 ns
not implemented
3617.747135,8.669690,746.542619
[PASSED]
[time 5.16 s, user 4.95 s, sys 0.19 s, maxrss 299176 KB]
[busy 538 jiffies]
[exit 0]
--- c2 case 5 rec 2   load 0.66 0.83 0.82
[TEST MARISA]
Processing dataset...
Done!
Building trie...
Done!
build time: 1259.725423 ms (1259.725423 ns per key)
space cost: 8.005336 MB (16.031348% of original size 49.935513 MB)
Querying trie...
Done!
total time: 1016.071296 ms, avg latency: 1016.071296 ns
not implemented
1259.725423,8.005336,1016.071296
[PASSED]
[time 3.04 s, user 2.85 s, sys 0.16 s, maxrss 267876 KB]
[busy 320 jiffies]
[exit 0]
--- c2 case 5 rec 1   load 0.69 0.84 0.82
[TEST MARISA]
Processing dataset...
Done!
Building trie...
Done!
build time: 1211.501452 ms (1211.501452 ns per key)
space cost: 8.973619 MB (17.970414% of original size 49.935513 MB)
Querying trie...
Done!
total time: 885.715685 ms, avg latency: 885.715685 ns
not implemented
1211.501452,8.973619,885.715685
[PASSED]
[time 2.88 s, user 2.70 s, sys 0.16 s, maxrss 267872 KB]
[busy 305 jiffies]
[exit 0]
--- c2 case 5 rec 0   load 0.64 0.82 0.82
[TEST MARISA]
Processing dataset...
Done!
Building trie...
Done!
build time: 1034.941206 ms (1034.941206 ns per key)
space cost: 13.234698 MB (26.503579% of original size 49.935513 MB)
Querying trie...
Done!
total time: 585.358799 ms, avg latency: 585.358799 ns
not implemented
1034.941206,13.234698,585.358799
[PASSED]
[time 2.40 s, user 2.22 s, sys 0.17 s, maxrss 267844 KB]
[busy 262 jiffies]
[exit 0]
--- c2 case 4 rec 0   load 0.64 0.82 0.82
[TEST COCO]
Processing dataset...
Done!
Building trie...
num nodes = 618926, average depth = 10.757375
ef = 0.000126, pa = 0.112513, bv = 0.000294, de = 0.664175
efr = 0.000805, par = 0.102747, bvr = 0.000005, der = 0.119336
Done!
build time: 30818.607923 ms (30818.607923 ns per key)
space cost: 17.219774 MB (34.484023% of original size 49.935513 MB)
Querying trie...
Done!
total time: 1377.768699 ms, avg latency: 1377.768699 ns
not implemented
30818.607923,17.219774,1377.768699
[PASSED]
[time 34.03 s, user 27.39 s, sys 6.50 s, maxrss 15528672 KB]
[busy 3526 jiffies]
[exit 0]
--- c2 case 3 rec 0   load 0.80 0.84 0.83
[TEST FST]
Processing dataset...
Done!
Building trie...
Done!
build time: 1423.677166 ms (1423.677166 ns per key)
space cost: 12.952020 MB (25.937492% of original size 49.935513 MB)
Querying trie...
Done!
total time: 1209.301576 ms, avg latency: 1209.301576 ns
not implemented
1423.677166,12.952020,1209.301576
[PASSED]
[time 3.43 s, user 3.29 s, sys 0.12 s, maxrss 215208 KB]
[busy 364 jiffies]
[exit 0]
--- c2 case 2 rec 2   load 0.81 0.85 0.83
[TEST C2-MARISA]
Processing dataset...
Done!
Building trie...
trie size: 2.244002 MB
trie size: 3.864603 MB
trie size: 1.068947 MB
Done!
build time: 1721.938303 ms (1721.938303 ns per key)
space cost: 8.365690 MB (16.752987% of original size 49.935513 MB)
Querying trie...
Done!
total time: 715.374801 ms, avg latency: 715.374801 ns
topology: 1.410183 MB, link: 3.158367 MB, data: 3.776632 MB
--- Unary Path Analysis (Marisa, cutoff=3) ---
  branches: 1527762  |  single-char: 409800 (26.8%)  short-unary: 94203 (6.2%)  links: 1023759 (67.0%)
  link len: avg=12.97  max=598  total_chars=13282609
  link length distribution (len:count):  3:78091  4:83418  5:77115  6:71727  7:67342  8:60401  9:52007  10:48612  11:43341  12:39688  13:35797  14:31899  15:30173  16:27648  17:26857  18:22212  19:20563  20:21642  21:19617  22:17114  23:14842  24:13684  25:12695  26:11175  27:9829  28:8848  29:7935  30:7132  31:6445  32:5847  33:5055  34:4589  35:4148  36:3637  37:3382  38:3086  39:2567  40:2441  41:2168  42:1886  43:1827  44:1585  45:1405  46:1260  47:1016  48:995  49:861  50:844  51:650  52:616  53:486  54:450  55:392  56:393  57:345  58:266  59:265  60:240  61:230  62:219  63:185  64:166  65:151  66:119  67:125  68:158  69:131  70:105  71:94  72:74  73:75  74:77  75:68  76:66  77:74  78:40  79:49  80:44  81:45  82:43  83:48  84:36  85:31  86:35  87:40  88:19  89:24  90:15  91:18  92:31  93:24  94:20  95:16  96:16  97:16  98:12  99:16  100:14  101:17  102:16  103:2  104:18  105:4  106:3  107:10  108:11  109:9  110:19  111:13  112:7  113:6  114:5  115:3  116:8  117:5  118:6  119:8  120:10  121:11  122:9  123:10  124:8  125:9  126:7  127:5  128:7  129:18  130:5  131:4  132:10  133:3  134:4  135:4  136:4  137:4  138:4  140:2  141:3  142:2  143:2  144:4  145:7  146:1  147:5  148:5  149:1  150:4  151:4  153:1  154:6  155:3  156:1  157:2  158:1  159:1  160:1  162:2  163:1  164:2  165:1  166:1  167:1  168:3  169:3  171:1  175:1  178:2  181:3  183:2  184:1  185:2  189:1  190:3  191:1  192:1  193:1  194:1  195:1  196:2  200:1  203:2  205:2  207:1  208:1  210:2  212:1  214:1  216:2  220:1  221:1  223:1  225:1  226:1  227:1  230:1  234:1  237:1  239:2  241:1  242:1  247:1  248:1  250:1  253:1  255:1  257:1  261:1  265:1  272:1  312:1  338:1  384:1  507:1  598:1
  short unary avg len: 2.00
1721.938303,8.365690,715.374801
[PASSED]
[time 3.24 s, user 3.00 s, sys 0.22 s, maxrss 241804 KB]
[busy 342 jiffies]
[exit 0]
--- c2 case 2 rec 1   load 0.83 0.85 0.83
[TEST C2-MARISA]
Processing dataset...
Done!
Building trie...
trie size: 2.244002 MB
trie size: 3.864603 MB
Done!
build time: 1600.474147 ms (1600.474147 ns per key)
space cost: 8.779989 MB (17.582655% of original size 49.935513 MB)
Querying trie...
Done!
total time: 648.831774 ms, avg latency: 648.831774 ns
topology: 1.217873 MB, link: 3.069385 MB, data: 4.472224 MB
--- Unary Path Analysis (Marisa, cutoff=3) ---
  branches: 1527762  |  single-char: 409800 (26.8%)  short-unary: 94203 (6.2%)  links: 1023759 (67.0%)
  link len: avg=12.97  max=598  total_chars=13282609
  link length distribution (len:count):  3:78091  4:83418  5:77115  6:71727  7:67342  8:60401  9:52007  10:48612  11:43341  12:39688  13:35797  14:31899  15:30173  16:27648  17:26857  18:22212  19:20563  20:21642  21:19617  22:17114  23:14842  24:13684  25:12695  26:11175  27:9829  28:8848  29:7935  30:7132  31:6445  32:5847  33:5055  34:4589  35:4148  36:3637  37:3382  38:3086  39:2567  40:2441  41:2168  42:1886  43:1827  44:1585  45:1405  46:1260  47:1016  48:995  49:861  50:844  51:650  52:616  53:486  54:450  55:392  56:393  57:345  58:266  59:265  60:240  61:230  62:219  63:185  64:166  65:151  66:119  67:125  68:158  69:131  70:105  71:94  72:74  73:75  74:77  75:68  76:66  77:74  78:40  79:49  80:44  81:45  82:43  83:48  84:36  85:31  86:35  87:40  88:19  89:24  90:15  91:18  92:31  93:24  94:20  95:16  96:16  97:16  98:12  99:16  100:14  101:17  102:16  103:2  104:18  105:4  106:3  107:10  108:11  109:9  110:19  111:13  112:7  113:6  114:5  115:3  116:8  117:5  118:6  119:8  120:10  121:11  122:9  123:10  124:8  125:9  126:7  127:5  128:7  129:18  130:5  131:4  132:10  133:3  134:4  135:4  136:4  137:4  138:4  140:2  141:3  142:2  143:2  144:4  145:7  146:1  147:5  148:5  149:1  150:4  151:4  153:1  154:6  155:3  156:1  157:2  158:1  159:1  160:1  162:2  163:1  164:2  165:1  166:1  167:1  168:3  169:3  171:1  175:1  178:2  181:3  183:2  184:1  185:2  189:1  190:3  191:1  192:1  193:1  194:1  195:1  196:2  200:1  203:2  205:2  207:1  208:1  210:2  212:1  214:1  216:2  220:1  221:1  223:1  225:1  226:1  227:1  230:1  234:1  237:1  239:2  241:1  242:1  247:1  248:1  250:1  253:1  255:1  257:1  261:1  265:1  272:1  312:1  338:1  384:1  507:1  598:1
  short unary avg len: 2.00
1600.474147,8.779989,648.831774
[PASSED]
[time 3.06 s, user 2.86 s, sys 0.19 s, maxrss 241944 KB]
[busy 319 jiffies]
[exit 0]
--- c2 case 2 rec 0   load 0.84 0.85 0.83
[TEST C2-MARISA]
Processing dataset...
Done!
Building trie...
trie size: 2.244002 MB
Done!
build time: 1190.700550 ms (1190.700550 ns per key)
space cost: 10.960715 MB (21.949740% of original size 49.935513 MB)
Querying trie...
Done!
total time: 479.766959 ms, avg latency: 479.766959 ns
topology: 0.743214 MB, link: 2.809175 MB, data: 7.387818 MB
--- Unary Path Analysis (Marisa, cutoff=3) ---
  branches: 1527762  |  single-char: 409800 (26.8%)  short-unary: 94203 (6.2%)  links: 1023759 (67.0%)
  link len: avg=12.97  max=598  total_chars=13282609
  link length distribution (len:count):  3:78091  4:83418  5:77115  6:71727  7:67342  8:60401  9:52007  10:48612  11:43341  12:39688  13:35797  14:31899  15:30173  16:27648  17:26857  18:22212  19:20563  20:21642  21:19617  22:17114  23:14842  24:13684  25:12695  26:11175  27:9829  28:8848  29:7935  30:7132  31:6445  32:5847  33:5055  34:4589  35:4148  36:3637  37:3382  38:3086  39:2567  40:2441  41:2168  42:1886  43:1827  44:1585  45:1405  46:1260  47:1016  48:995  49:861  50:844  51:650  52:616  53:486  54:450  55:392  56:393  57:345  58:266  59:265  60:240  61:230  62:219  63:185  64:166  65:151  66:119  67:125  68:158  69:131  70:105  71:94  72:74  73:75  74:77  75:68  76:66  77:74  78:40  79:49  80:44  81:45  82:43  83:48  84:36  85:31  86:35  87:40  88:19  89:24  90:15  91:18  92:31  93:24  94:20  95:16  96:16  97:16  98:12  99:16  100:14  101:17  102:16  103:2  104:18  105:4  106:3  107:10  108:11  109:9  110:19  111:13  112:7  113:6  114:5  115:3  116:8  117:5  118:6  119:8  120:10  121:11  122:9  123:10  124:8  125:9  126:7  127:5  128:7  129:18  130:5  131:4  132:10  133:3  134:4  135:4  136:4  137:4  138:4  140:2  141:3  142:2  143:2  144:4  145:7  146:1  147:5  148:5  149:1  150:4  151:4  153:1  154:6  155:3  156:1  157:2  158:1  159:1  160:1  162:2  163:1  164:2  165:1  166:1  167:1  168:3  169:3  171:1  175:1  178:2  181:3  183:2  184:1  185:2  189:1  190:3  191:1  192:1  193:1  194:1  195:1  196:2  200:1  203:2  205:2  207:1  208:1  210:2  212:1  214:1  216:2  220:1  221:1  223:1  225:1  226:1  227:1  230:1  234:1  237:1  239:2  241:1  242:1  247:1  248:1  250:1  253:1  255:1  257:1  261:1  265:1  272:1  312:1  338:1  384:1  507:1  598:1
  short unary avg len: 2.00
1190.700550,10.960715,479.766959
[PASSED]
[time 2.47 s, user 2.28 s, sys 0.17 s, maxrss 246856 KB]
[busy 260 jiffies]
[exit 0]
--- c2 case 1 rec 2   load 0.84 0.85 0.83
[TEST C2-CoCo(LOUDS-Sparse)]
Processing dataset...
Done!
Building trie...
trie size: 3.124794 MB
trie size: 0.926831 MB
Done!
build time: 2979.551485 ms (2979.551485 ns per key)
space cost: 10.138867 MB (20.303920% of original size 49.935513 MB)
Querying trie...
Done!
total time: 1028.386184 ms, avg latency: 1028.386184 ns
topology: 0.827824 MB, link: 3.419642 MB, data: 5.891401 MB
2979.551485,10.138867,1028.386184
[PASSED]
[time 4.81 s, user 4.56 s, sys 0.23 s, maxrss 398260 KB]
[busy 502 jiffies]
[exit 0]
--- c2 case 1 rec 1   load 0.79 0.84 0.82
[TEST C2-CoCo(LOUDS-Sparse)]
Processing dataset...
Done!
Building trie...
trie size: 3.124794 MB
Done!
build time: 2834.844217 ms (2834.844217 ns per key)
space cost: 10.138867 MB (20.303920% of original size 49.935513 MB)
Querying trie...
Done!
total time: 1045.823022 ms, avg latency: 1045.823022 ns
topology: 0.827824 MB, link: 3.419642 MB, data: 5.891401 MB
2834.844217,10.138867,1045.823022
[PASSED]
[time 4.69 s, user 4.46 s, sys 0.21 s, maxrss 398284 KB]
[busy 487 jiffies]
[exit 0]
--- c2 case 1 rec 0   load 0.80 0.84 0.83
[TEST C2-CoCo(LOUDS-Sparse)]
Processing dataset...
Done!
Building trie...
Done!
build time: 2478.091328 ms (2478.091328 ns per key)
space cost: 12.005466 MB (24.041940% of original size 49.935513 MB)
Querying trie...
Done!
total time: 900.722023 ms, avg latency: 900.722023 ns
topology: 0.422745 MB, link: 3.209543 MB, data: 8.373178 MB
2478.091328,12.005466,900.722023
[PASSED]
[time 4.14 s, user 3.93 s, sys 0.19 s, maxrss 407860 KB]
[busy 431 jiffies]
[exit 0]
--- c2 case 0 rec 2   load 0.82 0.85 0.83
[TEST C2-FST]
Processing dataset...
Done!
Building trie...
trie size: 3.124794 MB
trie size: 0.926831 MB
Done!
build time: 1682.706946 ms (1682.706946 ns per key)
space cost: 9.773470 MB (19.572183% of original size 49.935513 MB)
Querying trie...
Done!
total time: 987.360826 ms, avg latency: 987.360826 ns
topology: 1.480076 MB, link: 2.557474 MB, data: 5.735920 MB
--- Unary Path Analysis (FST, cutoff=4) ---
  shared unary steps in main trie: 711966
  terminal suffixes: inplace=143732 (avg len=2.14)  links=800966 (84.8% of terminal)
  link len: avg=13.15  max=596  total_chars=10531952
  link length distribution (len:count):  4:63058  5:62039  6:59659  7:54131  8:47449  9:44821  10:40952  11:37727  12:34320  13:30594  14:29226  15:26885  16:26206  17:21450  18:19914  19:21120  20:19131  21:16702  22:14529  23:13405  24:12440  25:10970  26:9615  27:8669  28:7752  29:7002  30:6267  31:5704  32:4931  33:4493  34:4087  35:3562  36:3323  37:3007  38:2533  39:2401  40:2145  41:1856  42:1793  43:1565  44:1379  45:1246  46:1005  47:985  48:849  49:826  50:642  51:609  52:482  53:442  54:385  55:389  56:339  57:263  58:263  59:238  60:228  61:217  62:184  63:166  64:151  65:119  66:125  67:156  68:131  69:105  70:94  71:74  72:74  73:77  74:67  75:66  76:74  77:39  78:49  79:44  80:45  81:42  82:48  83:36  84:31  85:34  86:39  87:18  88:23  89:15  90:18  91:31  92:24  93:20  94:16  95:16  96:16  97:12  98:16  99:14  100:17  101:16  102:2  103:18  104:4  105:3  106:10  107:11  108:9  109:19  110:13  111:7  112:6  113:5  114:3  115:8  116:5  117:6  118:7  119:10  120:11  121:9  122:10  123:8  124:9  125:7  126:5  127:7  128:18  129:5  130:4  131:10  132:3  133:4  134:4  135:4  136:3  137:4  139:2  140:3  141:2  142:2  143:4  144:7  145:1  146:5  147:5  148:1  149:4  150:4  152:1  153:6  154:3  155:1  156:2  157:1  158:1  159:1  161:2  162:1  163:2  164:1  165:1  166:1  167:3  168:3  170:1  174:1  177:2  180:3  182:2  183:1  184:2  188:1  189:3  190:1  191:1  192:1  193:1  194:1  195:2  199:1  202:2  204:2  206:1  207:1  209:2  211:1  213:1  215:2  219:1  220:1  222:1  224:1  225:1  226:1  229:1  233:1  236:1  238:2  240:1  241:1  246:1  247:1  249:1  252:1  254:1  256:1  260:1  264:1  271:1  311:1  337:1  383:1  506:1  597:1
1682.706946,9.773470,987.360826
[PASSED]
[time 3.46 s, user 3.28 s, sys 0.17 s, maxrss 228336 KB]
[busy 362 jiffies]
[exit 0]
--- c2 case 0 rec 1   load 0.84 0.85 0.83
[TEST C2-FST]
Processing dataset...
Done!
Building trie...
trie size: 3.124794 MB
Done!
build time: 1562.690922 ms (1562.690922 ns per key)
space cost: 9.773470 MB (19.572183% of original size 49.935513 MB)
Querying trie...
Done!
total time: 990.598532 ms, avg latency: 990.598532 ns
topology: 1.480076 MB, link: 2.557474 MB, data: 5.735920 MB
--- Unary Path Analysis (FST, cutoff=4) ---
  shared unary steps in main trie: 711966
  terminal suffixes: inplace=143732 (avg len=2.14)  links=800966 (84.8% of terminal)
  link len: avg=13.15  max=596  total_chars=10531952
  link length distribution (len:count):  4:63058  5:62039  6:59659  7:54131  8:47449  9:44821  10:40952  11:37727  12:34320  13:30594  14:29226  15:26885  16:26206  17:21450  18:19914  19:21120  20:19131  21:16702  22:14529  23:13405  24:12440  25:10970  26:9615  27:8669  28:7752  29:7002  30:6267  31:5704  32:4931  33:4493  34:4087  35:3562  36:3323  37:3007  38:2533  39:2401  40:2145  41:1856  42:1793  43:1565  44:1379  45:1246  46:1005  47:985  48:849  49:826  50:642  51:609  52:482  53:442  54:385  55:389  56:339  57:263  58:263  59:238  60:228  61:217  62:184  63:166  64:151  65:119  66:125  67:156  68:131  69:105  70:94  71:74  72:74  73:77  74:67  75:66  76:74  77:39  78:49  79:44  80:45  81:42  82:48  83:36  84:31  85:34  86:39  87:18  88:23  89:15  90:18  91:31  92:24  93:20  94:16  95:16  96:16  97:12  98:16  99:14  100:17  101:16  102:2  103:18  104:4  105:3  106:10  107:11  108:9  109:19  110:13  111:7  112:6  113:5  114:3  115:8  116:5  117:6  118:7  119:10  120:11  121:9  122:10  123:8  124:9  125:7  126:5  127:7  128:18  129:5  130:4  131:10  132:3  133:4  134:4  135:4  136:3  137:4  139:2  140:3  141:2  142:2  143:4  144:7  145:1  146:5  147:5  148:1  149:4  150:4  152:1  153:6  154:3  155:1  156:2  157:1  158:1  159:1  161:2  162:1  163:2  164:1  165:1  166:1  167:3  168:3  170:1  174:1  177:2  180:3  182:2  183:1  184:2  188:1  189:3  190:1  191:1  192:1  193:1  194:1  195:2  199:1  202:2  204:2  206:1  207:1  209:2  211:1  213:1  215:2  219:1  220:1  222:1  224:1  225:1  226:1  229:1  233:1  236:1  238:2  240:1  241:1  246:1  247:1  249:1  252:1  254:1  256:1  260:1  264:1  271:1  311:1  337:1  383:1  506:1  597:1
1562.690922,9.773470,990.598532
[PASSED]
[time 3.37 s, user 3.16 s, sys 0.18 s, maxrss 228560 KB]
[busy 355 jiffies]
[exit 0]
--- c2 case 0 rec 0   load 0.77 0.84 0.82
[TEST C2-FST]
Processing dataset...
Done!
Building trie...
Done!
build time: 1203.960256 ms (1203.960256 ns per key)
space cost: 11.640069 MB (23.310202% of original size 49.935513 MB)
Querying trie...
Done!
total time: 819.410335 ms, avg latency: 819.410335 ns
topology: 1.074997 MB, link: 2.347375 MB, data: 8.217697 MB
--- Unary Path Analysis (FST, cutoff=4) ---
  shared unary steps in main trie: 711966
  terminal suffixes: inplace=143732 (avg len=2.14)  links=800966 (84.8% of terminal)
  link len: avg=13.15  max=596  total_chars=10531952
  link length distribution (len:count):  4:63058  5:62039  6:59659  7:54131  8:47449  9:44821  10:40952  11:37727  12:34320  13:30594  14:29226  15:26885  16:26206  17:21450  18:19914  19:21120  20:19131  21:16702  22:14529  23:13405  24:12440  25:10970  26:9615  27:8669  28:7752  29:7002  30:6267  31:5704  32:4931  33:4493  34:4087  35:3562  36:3323  37:3007  38:2533  39:2401  40:2145  41:1856  42:1793  43:1565  44:1379  45:1246  46:1005  47:985  48:849  49:826  50:642  51:609  52:482  53:442  54:385  55:389  56:339  57:263  58:263  59:238  60:228  61:217  62:184  63:166  64:151  65:119  66:125  67:156  68:131  69:105  70:94  71:74  72:74  73:77  74:67  75:66  76:74  77:39  78:49  79:44  80:45  81:42  82:48  83:36  84:31  85:34  86:39  87:18  88:23  89:15  90:18  91:31  92:24  93:20  94:16  95:16  96:16  97:12  98:16  99:14  100:17  101:16  102:2  103:18  104:4  105:3  106:10  107:11  108:9  109:19  110:13  111:7  112:6  113:5  114:3  115:8  116:5  117:6  118:7  119:10  120:11  121:9  122:10  123:8  124:9  125:7  126:5  127:7  128:18  129:5  130:4  131:10  132:3  133:4  134:4  135:4  136:3  137:4  139:2  140:3  141:2  142:2  143:4  144:7  145:1  146:5  147:5  148:1  149:4  150:4  152:1  153:6  154:3  155:1  156:2  157:1  158:1  159:1  161:2  162:1  163:2  164:1  165:1  166:1  167:3  168:3  170:1  174:1  177:2  180:3  182:2  183:1  184:2  188:1  189:3  190:1  191:1  192:1  193:1  194:1  195:2  199:1  202:2  204:2  206:1  207:1  209:2  211:1  213:1  215:2  219:1  220:1  222:1  224:1  225:1  226:1  229:1  233:1  236:1  238:2  240:1  241:1  246:1  247:1  249:1  252:1  254:1  256:1  260:1  264:1  271:1  311:1  337:1  383:1  506:1  597:1
1203.960256,11.640069,819.410335
[PASSED]
[time 2.81 s, user 2.63 s, sys 0.16 s, maxrss 231108 KB]
[busy 295 jiffies]
[exit 0]
--- lexindex hashed16   load 0.77 0.84 0.82
1000000 keys
lexindex HashedDictIndex fp=16: build 639 ms, size 11.684 MiB (12.251 B/key), latency cold 72.1 ns, then mean 72.3 / min 71.0 ns
638.895,11.683940,72.061
[time 1.53 s, user 4.14 s, sys 0.39 s, maxrss 327476 KB]
[busy 474 jiffies]
[exit 0]
--- lexindex hashed8   load 1.99 1.09 0.90
1000000 keys
lexindex HashedDictIndex fp=8: build 640 ms, size 10.730 MiB (11.251 B/key), latency cold 70.0 ns, then mean 69.8 / min 68.8 ns
640.037,10.730266,69.953
[time 1.52 s, user 4.17 s, sys 0.38 s, maxrss 324324 KB]
[busy 477 jiffies]
[exit 0]
--- lexindex hashed0   load 1.99 1.09 0.90
1000000 keys
lexindex HashedDictIndex closed: build 641 ms, size 9.777 MiB (10.251 B/key), latency cold 60.4 ns, then mean 59.9 / min 58.2 ns
640.908,9.776591,60.449
[time 1.48 s, user 4.16 s, sys 0.39 s, maxrss 325340 KB]
[busy 474 jiffies]
[exit 0]
--- lexindex string   load 1.91 1.09 0.91
1000000 keys
lexindex StringIndex: build 1115 ms, size 16.099 MiB (16.881 B/key), latency cold 434.8 ns, then mean 426.5 / min 422.3 ns
1114.764,16.099341,434.806
[time 3.41 s, user 3.27 s, sys 0.13 s, maxrss 220500 KB]
[busy 363 jiffies]
[exit 0]
--- lexindex dict1024   load 1.84 1.08 0.91
1000000 keys
lexindex DictIndex block 1024: build 559 ms, size 6.934 MiB (7.271 B/key), latency cold 557.8 ns, then mean 557.4 / min 555.8 ns
558.678,6.934203,557.779
[time 3.39 s, user 4.98 s, sys 0.31 s, maxrss 325136 KB]
[busy 556 jiffies]
[exit 0]
--- lexindex dict256   load 1.69 1.07 0.90
1000000 keys
lexindex DictIndex block 256: build 537 ms, size 7.163 MiB (7.511 B/key), latency cold 491.0 ns, then mean 489.3 / min 488.3 ns
537.494,7.163084,490.998
[time 3.09 s, user 5.74 s, sys 0.34 s, maxrss 322144 KB]
[busy 639 jiffies]
[exit 0]
--- lexindex dict32   load 1.69 1.07 0.90
1000000 keys
lexindex DictIndex block 32: build 531 ms, size 8.414 MiB (8.823 B/key), latency cold 461.4 ns, then mean 456.5 / min 454.9 ns
531.097,8.414411,461.443
[time 2.96 s, user 5.52 s, sys 0.39 s, maxrss 325744 KB]
[busy 618 jiffies]
[exit 0]

##### titles-zh-1000000 (1000000 lines, 17871822 bytes)   round 2/3   2026-09-23T21:31:12+03:00
--- xcdat 16   load 1.63 1.06 0.90
build time: 505.326916 ms
space cost: 13.463712 MiB (83.676351% of original size 16.090223 MiB)
avg latency: 211.683820 ns
505.326916,13.463712,211.683820
[time 1.23 s, user 1.12 s, sys 0.10 s, maxrss 149404 KB]
[busy 131 jiffies]
[exit 0]
--- xcdat 15   load 1.58 1.06 0.90
build time: 535.815318 ms
space cost: 12.949578 MiB (80.481035% of original size 16.090223 MiB)
avg latency: 188.170309 ns
535.815318,12.949578,188.170309
[time 1.25 s, user 1.15 s, sys 0.09 s, maxrss 148400 KB]
[busy 135 jiffies]
[exit 0]
--- xcdat 8   load 1.58 1.06 0.90
build time: 508.833798 ms
space cost: 11.129195 MiB (69.167438% of original size 16.090223 MiB)
avg latency: 224.926653 ns
508.833798,11.129195,224.926653
[time 1.24 s, user 1.14 s, sys 0.09 s, maxrss 147964 KB]
[busy 132 jiffies]
[exit 0]
--- xcdat 7   load 1.45 1.05 0.90
build time: 553.844569 ms
space cost: 11.666194 MiB (72.504860% of original size 16.090223 MiB)
avg latency: 225.960356 ns
553.844569,11.666194,225.960356
[time 1.29 s, user 1.18 s, sys 0.09 s, maxrss 148212 KB]
[busy 136 jiffies]
[exit 0]
--- c2 case 8 rec 0   load 1.45 1.05 0.90
[TEST CART]
Processing dataset...
Done!
Building trie...
Done!
build time: 183.817207 ms (183.817207 ns per key)
space cost: 15.100161 MB (93.846806% of original size 16.090223 MB)
Querying trie...
Done!
total time: 413.058060 ms, avg latency: 413.058060 ns
not implemented
183.817207,15.100161,413.058060
[PASSED]
[time 1.12 s, user 1.02 s, sys 0.09 s, maxrss 146740 KB]
[busy 124 jiffies]
[exit 0]
--- c2 case 7 rec 0   load 1.34 1.03 0.89
[TEST ART]
Processing dataset...
Done!
Building trie...
Done!
build time: 135.509959 ms (135.509959 ns per key)
space cost: 33.565483 MB (208.607938% of original size 16.090223 MB)
Querying trie...
Done!
total time: 336.546996 ms, avg latency: 336.546996 ns
not implemented
135.509959,33.565483,336.546996
[PASSED]
[time 0.98 s, user 0.89 s, sys 0.09 s, maxrss 155660 KB]
[busy 106 jiffies]
[exit 0]
--- c2 case 6 rec 0   load 1.34 1.03 0.89
[TEST PDT]
Processing dataset...
Done!
Building trie...
dict size: 161960, stream size: 6363323
Done!
build time: 3129.748804 ms (3129.748804 ns per key)
space cost: 7.499054 MB (46.606276% of original size 16.090223 MB)
Querying trie...
Done!
total time: 617.353401 ms, avg latency: 617.353401 ns
not implemented
3129.748804,7.499054,617.353401
[PASSED]
[time 4.25 s, user 4.13 s, sys 0.10 s, maxrss 166716 KB]
[busy 442 jiffies]
[exit 0]
--- c2 case 5 rec 2   load 1.31 1.03 0.89
[TEST MARISA]
Processing dataset...
Done!
Building trie...
Done!
build time: 677.409965 ms (677.409965 ns per key)
space cost: 6.233802 MB (38.742793% of original size 16.090223 MB)
Querying trie...
Done!
total time: 760.753523 ms, avg latency: 760.753523 ns
not implemented
677.409965,6.233802,760.753523
[PASSED]
[time 1.93 s, user 1.79 s, sys 0.13 s, maxrss 182112 KB]
[busy 201 jiffies]
[exit 0]
--- c2 case 5 rec 1   load 1.21 1.01 0.89
[TEST MARISA]
Processing dataset...
Done!
Building trie...
Done!
build time: 650.825362 ms (650.825362 ns per key)
space cost: 6.703102 MB (41.659472% of original size 16.090223 MB)
Querying trie...
Done!
total time: 678.718655 ms, avg latency: 678.718655 ns
not implemented
650.825362,6.703102,678.718655
[PASSED]
[time 1.83 s, user 1.69 s, sys 0.13 s, maxrss 181976 KB]
[busy 193 jiffies]
[exit 0]
--- c2 case 5 rec 0   load 1.21 1.01 0.89
[TEST MARISA]
Processing dataset...
Done!
Building trie...
Done!
build time: 535.802784 ms (535.802784 ns per key)
space cost: 9.064179 MB (56.333459% of original size 16.090223 MB)
Querying trie...
Done!
total time: 474.911361 ms, avg latency: 474.911361 ns
not implemented
535.802784,9.064179,474.911361
[PASSED]
[time 1.52 s, user 1.39 s, sys 0.12 s, maxrss 182236 KB]
[busy 162 jiffies]
[exit 0]
--- c2 case 4 rec 0   skipped: exit 134 in round 1
--- c2 case 3 rec 0   load 1.11 0.99 0.88
[TEST FST]
Processing dataset...
Done!
Building trie...
Done!
build time: 669.056141 ms (669.056141 ns per key)
space cost: 9.251146 MB (57.495450% of original size 16.090223 MB)
Querying trie...
Done!
total time: 605.795745 ms, avg latency: 605.795745 ns
not implemented
669.056141,9.251146,605.795745
[PASSED]
[time 1.77 s, user 1.69 s, sys 0.07 s, maxrss 110648 KB]
[busy 187 jiffies]
[exit 0]
--- c2 case 2 rec 2   load 1.11 0.99 0.88
[TEST C2-MARISA]
Processing dataset...
Done!
Building trie...
trie size: 2.376703 MB
trie size: 3.200656 MB
trie size: 0.643222 MB
Done!
build time: 1008.461190 ms (1008.461190 ns per key)
space cost: 7.215687 MB (44.845163% of original size 16.090223 MB)
Querying trie...
Done!
total time: 283.930548 ms, avg latency: 283.930548 ns
topology: 1.146584 MB, link: 2.476871 MB, data: 3.571725 MB
--- Unary Path Analysis (Marisa, cutoff=3) ---
  branches: 1581104  |  single-char: 512959 (32.4%)  short-unary: 177539 (11.2%)  links: 890606 (56.3%)
  link len: avg=9.57  max=221  total_chars=8521548
  link length distribution (len:count):  3:117743  4:70413  5:118917  6:85174  7:37680  8:75877  9:57977  10:30193  11:47337  12:41279  13:18765  14:27062  15:25994  16:13620  17:18901  18:18001  19:8082  20:11948  21:10483  22:5017  23:8072  24:6695  25:3249  26:5099  27:4017  28:2164  29:3054  30:2749  31:1341  32:2116  33:1821  34:942  35:1314  36:1256  37:587  38:865  39:798  40:341  41:600  42:486  43:231  44:401  45:290  46:126  47:187  48:184  49:84  50:123  51:115  52:56  53:77  54:82  55:43  56:74  57:60  58:29  59:35  60:27  61:10  62:32  63:19  64:19  65:20  66:11  67:19  68:16  69:13  70:6  71:14  72:16  73:6  74:9  75:5  76:5  77:7  78:5  79:2  80:17  81:2  82:7  83:8  84:7  85:3  86:7  87:7  88:3  89:3  90:2  91:4  92:3  93:3  94:1  95:1  96:4  97:5  98:1  99:4  102:2  103:1  104:1  105:1  107:2  108:1  113:2  114:1  116:1  117:1  121:1  122:1  123:1  125:1  131:1  139:1  149:1  152:1  156:2  185:1  189:1  205:1  221:1
  short unary avg len: 2.00
1008.461190,7.215687,283.930548
[PASSED]
[time 1.79 s, user 1.63 s, sys 0.15 s, maxrss 216492 KB]
[busy 189 jiffies]
[exit 0]
--- c2 case 2 rec 1   load 1.10 0.99 0.89
[TEST C2-MARISA]
Processing dataset...
Done!
Building trie...
trie size: 2.376703 MB
trie size: 3.200656 MB
Done!
build time: 938.231313 ms (938.231313 ns per key)
space cost: 7.215687 MB (44.845163% of original size 16.090223 MB)
Querying trie...
Done!
total time: 285.886966 ms, avg latency: 285.886966 ns
topology: 1.146584 MB, link: 2.476871 MB, data: 3.571725 MB
--- Unary Path Analysis (Marisa, cutoff=3) ---
  branches: 1581104  |  single-char: 512959 (32.4%)  short-unary: 177539 (11.2%)  links: 890606 (56.3%)
  link len: avg=9.57  max=221  total_chars=8521548
  link length distribution (len:count):  3:117743  4:70413  5:118917  6:85174  7:37680  8:75877  9:57977  10:30193  11:47337  12:41279  13:18765  14:27062  15:25994  16:13620  17:18901  18:18001  19:8082  20:11948  21:10483  22:5017  23:8072  24:6695  25:3249  26:5099  27:4017  28:2164  29:3054  30:2749  31:1341  32:2116  33:1821  34:942  35:1314  36:1256  37:587  38:865  39:798  40:341  41:600  42:486  43:231  44:401  45:290  46:126  47:187  48:184  49:84  50:123  51:115  52:56  53:77  54:82  55:43  56:74  57:60  58:29  59:35  60:27  61:10  62:32  63:19  64:19  65:20  66:11  67:19  68:16  69:13  70:6  71:14  72:16  73:6  74:9  75:5  76:5  77:7  78:5  79:2  80:17  81:2  82:7  83:8  84:7  85:3  86:7  87:7  88:3  89:3  90:2  91:4  92:3  93:3  94:1  95:1  96:4  97:5  98:1  99:4  102:2  103:1  104:1  105:1  107:2  108:1  113:2  114:1  116:1  117:1  121:1  122:1  123:1  125:1  131:1  139:1  149:1  152:1  156:2  185:1  189:1  205:1  221:1
  short unary avg len: 2.00
938.231313,7.215687,285.886966
[PASSED]
[time 1.72 s, user 1.57 s, sys 0.14 s, maxrss 216240 KB]
[busy 182 jiffies]
[exit 0]
--- c2 case 2 rec 0   load 1.10 0.99 0.89
[TEST C2-MARISA]
Processing dataset...
Done!
Building trie...
trie size: 2.376703 MB
Done!
build time: 718.944811 ms (718.944811 ns per key)
space cost: 9.316646 MB (57.902525% of original size 16.090223 MB)
Querying trie...
Done!
total time: 335.538259 ms, avg latency: 335.538259 ns
topology: 0.787403 MB, link: 2.444094 MB, data: 6.064641 MB
--- Unary Path Analysis (Marisa, cutoff=3) ---
  branches: 1581104  |  single-char: 512959 (32.4%)  short-unary: 177539 (11.2%)  links: 890606 (56.3%)
  link len: avg=9.57  max=221  total_chars=8521548
  link length distribution (len:count):  3:117743  4:70413  5:118917  6:85174  7:37680  8:75877  9:57977  10:30193  11:47337  12:41279  13:18765  14:27062  15:25994  16:13620  17:18901  18:18001  19:8082  20:11948  21:10483  22:5017  23:8072  24:6695  25:3249  26:5099  27:4017  28:2164  29:3054  30:2749  31:1341  32:2116  33:1821  34:942  35:1314  36:1256  37:587  38:865  39:798  40:341  41:600  42:486  43:231  44:401  45:290  46:126  47:187  48:184  49:84  50:123  51:115  52:56  53:77  54:82  55:43  56:74  57:60  58:29  59:35  60:27  61:10  62:32  63:19  64:19  65:20  66:11  67:19  68:16  69:13  70:6  71:14  72:16  73:6  74:9  75:5  76:5  77:7  78:5  79:2  80:17  81:2  82:7  83:8  84:7  85:3  86:7  87:7  88:3  89:3  90:2  91:4  92:3  93:3  94:1  95:1  96:4  97:5  98:1  99:4  102:2  103:1  104:1  105:1  107:2  108:1  113:2  114:1  116:1  117:1  121:1  122:1  123:1  125:1  131:1  139:1  149:1  152:1  156:2  185:1  189:1  205:1  221:1
  short unary avg len: 2.00
718.944811,9.316646,335.538259
[PASSED]
[time 1.55 s, user 1.41 s, sys 0.13 s, maxrss 216256 KB]
[busy 162 jiffies]
[exit 0]
--- c2 case 1 rec 2   load 1.09 0.99 0.89
[TEST C2-CoCo(LOUDS-Sparse)]
Processing dataset...
Done!
Building trie...
trie size: 2.382156 MB
trie size: 0.519189 MB
Done!
build time: 1830.351035 ms (1830.351035 ns per key)
space cost: 8.575588 MB (53.296888% of original size 16.090223 MB)
Querying trie...
Done!
total time: 657.100467 ms, avg latency: 657.100467 ns
topology: 0.704411 MB, link: 2.913508 MB, data: 4.957669 MB
1830.351035,8.575588,657.100467
[PASSED]
[time 2.99 s, user 2.80 s, sys 0.17 s, maxrss 343460 KB]
[busy 312 jiffies]
[exit 0]
--- c2 case 1 rec 1   load 1.00 0.98 0.88
[TEST C2-CoCo(LOUDS-Sparse)]
Processing dataset...
Done!
Building trie...
trie size: 2.382156 MB
Done!
build time: 1810.568719 ms (1810.568719 ns per key)
space cost: 8.575588 MB (53.296888% of original size 16.090223 MB)
Querying trie...
Done!
total time: 645.099848 ms, avg latency: 645.099848 ns
topology: 0.704411 MB, link: 2.913508 MB, data: 4.957669 MB
1810.568719,8.575588,645.099848
[PASSED]
[time 2.95 s, user 2.74 s, sys 0.19 s, maxrss 343568 KB]
[busy 313 jiffies]
[exit 0]
--- c2 case 1 rec 0   load 1.00 0.98 0.88
[TEST C2-CoCo(LOUDS-Sparse)]
Processing dataset...
Done!
Building trie...
Done!
build time: 1633.693041 ms (1633.693041 ns per key)
space cost: 10.076944 MB (62.627748% of original size 16.090223 MB)
Querying trie...
Done!
total time: 623.398815 ms, avg latency: 623.398815 ns
topology: 0.428116 MB, link: 2.771456 MB, data: 6.877373 MB
1633.693041,10.076944,623.398815
[PASSED]
[time 2.74 s, user 2.56 s, sys 0.16 s, maxrss 343644 KB]
[busy 290 jiffies]
[exit 0]
--- c2 case 0 rec 2   load 1.00 0.98 0.88
[TEST C2-FST]
Processing dataset...
Done!
Building trie...
trie size: 2.382156 MB
trie size: 0.519189 MB
Done!
build time: 895.114292 ms (895.114292 ns per key)
space cost: 7.814046 MB (48.563937% of original size 16.090223 MB)
Querying trie...
Done!
total time: 442.155207 ms, avg latency: 442.155207 ns
topology: 1.289776 MB, link: 2.002253 MB, data: 4.522017 MB
--- Unary Path Analysis (FST, cutoff=4) ---
  shared unary steps in main trie: 533155
  terminal suffixes: inplace=237541 (avg len=1.85)  links=651614 (73.3% of terminal)
  link len: avg=9.49  max=219  total_chars=6184530
  link length distribution (len:count):  4:101787  5:75109  6:33236  7:70197  8:54797  9:28682  10:45020  11:39800  12:18111  13:26128  14:25316  15:13287  16:18412  17:17629  18:7811  19:11663  20:10322  21:4897  22:7909  23:6587  24:3201  25:5027  26:3953  27:2124  28:3009  29:2707  30:1318  31:2090  32:1807  33:932  34:1302  35:1246  36:576  37:856  38:792  39:335  40:596  41:485  42:228  43:398  44:289  45:126  46:187  47:184  48:83  49:123  50:115  51:56  52:76  53:79  54:43  55:73  56:58  57:28  58:35  59:27  60:9  61:32  62:19  63:18  64:20  65:11  66:19  67:16  68:13  69:6  70:14  71:16  72:6  73:9  74:5  75:5  76:7  77:5  78:2  79:17  80:2  81:7  82:8  83:7  84:3  85:7  86:7  87:3  88:3  89:2  90:4  91:3  92:3  93:1  94:1  95:3  96:5  97:1  98:4  101:2  102:1  103:1  104:1  106:2  107:1  112:2  113:1  115:1  116:1  120:1  121:1  122:1  124:1  130:1  138:1  148:1  151:1  155:2  184:1  188:1  204:1  220:1
895.114292,7.814046,442.155207
[PASSED]
[time 1.83 s, user 1.71 s, sys 0.11 s, maxrss 186144 KB]
[busy 195 jiffies]
[exit 0]
--- c2 case 0 rec 1   load 1.00 0.98 0.88
[TEST C2-FST]
Processing dataset...
Done!
Building trie...
trie size: 2.382156 MB
Done!
build time: 837.694686 ms (837.694686 ns per key)
space cost: 7.814046 MB (48.563937% of original size 16.090223 MB)
Querying trie...
Done!
total time: 438.030743 ms, avg latency: 438.030743 ns
topology: 1.289776 MB, link: 2.002253 MB, data: 4.522017 MB
--- Unary Path Analysis (FST, cutoff=4) ---
  shared unary steps in main trie: 533155
  terminal suffixes: inplace=237541 (avg len=1.85)  links=651614 (73.3% of terminal)
  link len: avg=9.49  max=219  total_chars=6184530
  link length distribution (len:count):  4:101787  5:75109  6:33236  7:70197  8:54797  9:28682  10:45020  11:39800  12:18111  13:26128  14:25316  15:13287  16:18412  17:17629  18:7811  19:11663  20:10322  21:4897  22:7909  23:6587  24:3201  25:5027  26:3953  27:2124  28:3009  29:2707  30:1318  31:2090  32:1807  33:932  34:1302  35:1246  36:576  37:856  38:792  39:335  40:596  41:485  42:228  43:398  44:289  45:126  46:187  47:184  48:83  49:123  50:115  51:56  52:76  53:79  54:43  55:73  56:58  57:28  58:35  59:27  60:9  61:32  62:19  63:18  64:20  65:11  66:19  67:16  68:13  69:6  70:14  71:16  72:6  73:9  74:5  75:5  76:7  77:5  78:2  79:17  80:2  81:7  82:8  83:7  84:3  85:7  86:7  87:3  88:3  89:2  90:4  91:3  92:3  93:1  94:1  95:3  96:5  97:1  98:4  101:2  102:1  103:1  104:1  106:2  107:1  112:2  113:1  115:1  116:1  120:1  121:1  122:1  124:1  130:1  138:1  148:1  151:1  155:2  184:1  188:1  204:1  220:1
837.694686,7.814046,438.030743
[PASSED]
[time 1.77 s, user 1.65 s, sys 0.11 s, maxrss 186336 KB]
[busy 188 jiffies]
[exit 0]
--- c2 case 0 rec 0   load 1.00 0.98 0.88
[TEST C2-FST]
Processing dataset...
Done!
Building trie...
Done!
build time: 655.385153 ms (655.385153 ns per key)
space cost: 9.315402 MB (57.894796% of original size 16.090223 MB)
Querying trie...
Done!
total time: 426.008865 ms, avg latency: 426.008865 ns
topology: 1.013481 MB, link: 1.860200 MB, data: 6.441721 MB
--- Unary Path Analysis (FST, cutoff=4) ---
  shared unary steps in main trie: 533155
  terminal suffixes: inplace=237541 (avg len=1.85)  links=651614 (73.3% of terminal)
  link len: avg=9.49  max=219  total_chars=6184530
  link length distribution (len:count):  4:101787  5:75109  6:33236  7:70197  8:54797  9:28682  10:45020  11:39800  12:18111  13:26128  14:25316  15:13287  16:18412  17:17629  18:7811  19:11663  20:10322  21:4897  22:7909  23:6587  24:3201  25:5027  26:3953  27:2124  28:3009  29:2707  30:1318  31:2090  32:1807  33:932  34:1302  35:1246  36:576  37:856  38:792  39:335  40:596  41:485  42:228  43:398  44:289  45:126  46:187  47:184  48:83  49:123  50:115  51:56  52:76  53:79  54:43  55:73  56:58  57:28  58:35  59:27  60:9  61:32  62:19  63:18  64:20  65:11  66:19  67:16  68:13  69:6  70:14  71:16  72:6  73:9  74:5  75:5  76:7  77:5  78:2  79:17  80:2  81:7  82:8  83:7  84:3  85:7  86:7  87:3  88:3  89:2  90:4  91:3  92:3  93:1  94:1  95:3  96:5  97:1  98:4  101:2  102:1  103:1  104:1  106:2  107:1  112:2  113:1  115:1  116:1  120:1  121:1  122:1  124:1  130:1  138:1  148:1  151:1  155:2  184:1  188:1  204:1  220:1
655.385153,9.315402,426.008865
[PASSED]
[time 1.57 s, user 1.45 s, sys 0.11 s, maxrss 186312 KB]
[busy 166 jiffies]
[exit 0]
--- lexindex hashed16   load 1.08 1.00 0.89
1000000 keys
lexindex HashedDictIndex fp=16: build 637 ms, size 10.101 MiB (10.592 B/key), latency cold 41.3 ns, then mean 41.0 / min 39.5 ns
637.323,10.101000,41.325
[time 1.31 s, user 2.69 s, sys 0.35 s, maxrss 256944 KB]
[busy 326 jiffies]
[exit 0]
--- lexindex hashed8   load 1.08 1.00 0.89
1000000 keys
lexindex HashedDictIndex fp=8: build 638 ms, size 9.147 MiB (9.592 B/key), latency cold 40.0 ns, then mean 37.5 / min 37.4 ns
637.909,9.147326,39.958
[time 1.30 s, user 2.65 s, sys 0.37 s, maxrss 255808 KB]
[busy 319 jiffies]
[exit 0]
--- lexindex hashed0   load 1.08 1.00 0.89
1000000 keys
lexindex HashedDictIndex closed: build 649 ms, size 8.194 MiB (8.592 B/key), latency cold 36.7 ns, then mean 33.8 / min 33.4 ns
649.333,8.193651,36.681
[time 1.30 s, user 2.70 s, sys 0.35 s, maxrss 255532 KB]
[busy 324 jiffies]
[exit 0]
--- lexindex string   load 1.08 1.00 0.89
1000000 keys
lexindex StringIndex: build 757 ms, size 16.712 MiB (17.523 B/key), latency cold 292.9 ns, then mean 280.1 / min 271.2 ns
756.954,16.711605,292.897
[time 2.40 s, user 2.31 s, sys 0.07 s, maxrss 152772 KB]
[busy 257 jiffies]
[exit 0]
--- lexindex dict1024   load 1.07 1.00 0.89
1000000 keys
lexindex DictIndex block 1024: build 536 ms, size 5.423 MiB (5.687 B/key), latency cold 518.0 ns, then mean 519.9 / min 518.8 ns
536.402,5.423172,517.987
[time 3.14 s, user 3.82 s, sys 0.27 s, maxrss 247636 KB]
[busy 433 jiffies]
[exit 0]
--- lexindex dict256   load 1.06 1.00 0.89
1000000 keys
lexindex DictIndex block 256: build 518 ms, size 5.580 MiB (5.851 B/key), latency cold 435.1 ns, then mean 426.6 / min 424.5 ns
517.542,5.580144,435.068
[time 2.75 s, user 4.04 s, sys 0.38 s, maxrss 252636 KB]
[busy 469 jiffies]
[exit 0]
--- lexindex dict32   load 1.06 1.00 0.89
1000000 keys
lexindex DictIndex block 32: build 530 ms, size 5.823 MiB (6.105 B/key), latency cold 411.5 ns, then mean 402.7 / min 398.7 ns
529.960,5.822630,411.485
[time 2.67 s, user 3.93 s, sys 0.33 s, maxrss 252444 KB]
[busy 455 jiffies]
[exit 0]

##### titles-ru-1000000 (1000000 lines, 36819661 bytes)   round 2/3   2026-09-23T21:32:32+03:00
--- xcdat 16   load 1.06 1.00 0.89
build time: 775.022555 ms
space cost: 22.860906 MiB (66.922456% of original size 34.160291 MiB)
avg latency: 371.783263 ns
775.022555,22.860906,371.783263
[time 1.87 s, user 1.72 s, sys 0.14 s, maxrss 213436 KB]
[busy 197 jiffies]
[exit 0]
--- xcdat 15   load 1.05 1.00 0.89
build time: 819.231719 ms
space cost: 22.013930 MiB (64.443041% of original size 34.160291 MiB)
avg latency: 364.427796 ns
819.231719,22.013930,364.427796
[time 1.90 s, user 1.74 s, sys 0.15 s, maxrss 213172 KB]
[busy 202 jiffies]
[exit 0]
--- xcdat 8   load 1.05 1.00 0.89
build time: 776.678678 ms
space cost: 18.486019 MiB (54.115521% of original size 34.160291 MiB)
avg latency: 366.593176 ns
776.678678,18.486019,366.593176
[time 1.87 s, user 1.71 s, sys 0.14 s, maxrss 207480 KB]
[busy 199 jiffies]
[exit 0]
--- xcdat 7   load 1.05 1.00 0.90
build time: 828.382250 ms
space cost: 18.793670 MiB (55.016129% of original size 34.160291 MiB)
avg latency: 379.283340 ns
828.382250,18.793670,379.283340
[time 1.93 s, user 1.78 s, sys 0.14 s, maxrss 207284 KB]
[busy 206 jiffies]
[exit 0]
--- c2 case 8 rec 0   load 0.96 0.98 0.89
[TEST CART]
Processing dataset...
Done!
Building trie...
Done!
build time: 287.836882 ms (287.836882 ns per key)
space cost: 17.935776 MB (52.504752% of original size 34.160291 MB)
Querying trie...
Done!
total time: 647.531349 ms, avg latency: 647.531349 ns
not implemented
287.836882,17.935776,647.531349
[PASSED]
[time 1.66 s, user 1.52 s, sys 0.13 s, maxrss 228700 KB]
[busy 179 jiffies]
[exit 0]
--- c2 case 7 rec 0   load 0.96 0.98 0.89
[TEST ART]
Processing dataset...
Done!
Building trie...
Done!
build time: 224.356041 ms (224.356041 ns per key)
space cost: 37.032776 MB (108.408843% of original size 34.160291 MB)
Querying trie...
Done!
total time: 572.757530 ms, avg latency: 572.757530 ns
not implemented
224.356041,37.032776,572.757530
[PASSED]
[time 1.53 s, user 1.41 s, sys 0.11 s, maxrss 239232 KB]
[busy 163 jiffies]
[exit 0]
--- c2 case 6 rec 0   load 0.89 0.97 0.89
[TEST PDT]
Processing dataset...
Done!
Building trie...
dict size: 149058, stream size: 8676288
Done!
build time: 2764.248021 ms (2764.248021 ns per key)
space cost: 9.692565 MB (28.373778% of original size 34.160291 MB)
Querying trie...
Done!
total time: 772.391950 ms, avg latency: 772.391950 ns
not implemented
2764.248021,9.692565,772.391950
[PASSED]
[time 4.25 s, user 4.04 s, sys 0.19 s, maxrss 238332 KB]
[busy 440 jiffies]
[exit 0]
--- c2 case 5 rec 2   load 0.82 0.95 0.88
[TEST MARISA]
Processing dataset...
Done!
Building trie...
Done!
build time: 1017.759789 ms (1017.759789 ns per key)
space cost: 8.209226 MB (24.031487% of original size 34.160291 MB)
Querying trie...
Done!
total time: 1227.976832 ms, avg latency: 1227.976832 ns
not implemented
1017.759789,8.209226,1227.976832
[PASSED]
[time 2.94 s, user 2.78 s, sys 0.14 s, maxrss 231104 KB]
[busy 312 jiffies]
[exit 0]
--- c2 case 5 rec 1   load 0.82 0.95 0.88
[TEST MARISA]
Processing dataset...
Done!
Building trie...
Done!
build time: 958.352867 ms (958.352867 ns per key)
space cost: 9.445531 MB (27.650616% of original size 34.160291 MB)
Querying trie...
Done!
total time: 1096.232942 ms, avg latency: 1096.232942 ns
not implemented
958.352867,9.445531,1096.232942
[PASSED]
[time 2.76 s, user 2.60 s, sys 0.14 s, maxrss 231140 KB]
[busy 291 jiffies]
[exit 0]
--- c2 case 5 rec 0   load 0.83 0.95 0.88
[TEST MARISA]
Processing dataset...
Done!
Building trie...
Done!
build time: 756.694713 ms (756.694713 ns per key)
space cost: 14.925114 MB (43.691413% of original size 34.160291 MB)
Querying trie...
Done!
total time: 710.303407 ms, avg latency: 710.303407 ns
not implemented
756.694713,14.925114,710.303407
[PASSED]
[time 2.17 s, user 2.02 s, sys 0.13 s, maxrss 231284 KB]
[busy 227 jiffies]
[exit 0]
--- c2 case 4 rec 0   skipped: exit 134 in round 1
--- c2 case 3 rec 0   load 0.84 0.95 0.88
[TEST FST]
Processing dataset...
Done!
Building trie...
Done!
build time: 1149.500023 ms (1149.500023 ns per key)
space cost: 15.406425 MB (45.100393% of original size 34.160291 MB)
Querying trie...
Done!
total time: 1228.198970 ms, avg latency: 1228.198970 ns
not implemented
1149.500023,15.406425,1228.198970
[PASSED]
[time 3.10 s, user 2.98 s, sys 0.10 s, maxrss 177228 KB]
[busy 323 jiffies]
[exit 0]
--- c2 case 2 rec 2   load 0.78 0.93 0.88
[TEST C2-MARISA]
Processing dataset...
Done!
Building trie...
trie size: 2.484302 MB
trie size: 4.015308 MB
trie size: 1.015766 MB
Done!
build time: 1777.169345 ms (1777.169345 ns per key)
space cost: 8.714260 MB (25.509912% of original size 34.160291 MB)
Querying trie...
Done!
total time: 384.734168 ms, avg latency: 384.734168 ns
topology: 1.481594 MB, link: 3.266720 MB, data: 3.945438 MB
--- Unary Path Analysis (Marisa, cutoff=3) ---
  branches: 1657128  |  single-char: 447774 (27.0%)  short-unary: 128432 (7.8%)  links: 1080922 (65.2%)
  link len: avg=17.77  max=240  total_chars=19212544
  link length distribution (len:count):  3:87321  4:48292  5:58975  6:36358  7:58121  8:33015  9:59626  10:32247  11:55687  12:30072  13:49121  14:27545  15:39628  16:26319  17:32373  18:20972  19:27510  20:17247  21:17760  22:15297  23:13707  24:14933  25:12396  26:15583  27:11863  28:17395  29:11704  30:17896  31:12395  32:17216  33:11862  34:15819  35:11459  36:13046  37:10194  38:10344  39:8104  40:8139  41:6769  42:6000  43:5033  44:5077  45:3963  46:3720  47:3456  48:2871  49:2663  50:2321  51:2168  52:1981  53:1813  54:1693  55:1597  56:1488  57:1344  58:1172  59:1122  60:1025  61:904  62:871  63:814  64:834  65:767  66:626  67:663  68:607  69:568  70:524  71:545  72:489  73:428  74:436  75:441  76:375  77:319  78:357  79:299  80:304  81:282  82:274  83:213  84:203  85:208  86:189  87:193  88:179  89:159  90:153  91:146  92:153  93:110  94:115  95:107  96:113  97:98  98:81  99:92  100:91  101:100  102:69  103:62  104:60  105:53  106:53  107:55  108:63  109:50  110:63  111:44  112:45  113:43  114:49  115:38  116:32  117:45  118:31  119:36  120:28  121:37  122:28  123:24  124:20  125:19  126:32  127:29  128:26  129:15  130:19  131:30  132:11  133:22  134:9  135:11  136:14  137:18  138:15  139:6  140:8  141:14  142:16  143:8  144:10  145:14  146:12  147:8  148:11  149:7  150:9  151:6  152:12  153:9  154:13  155:7  156:5  157:6  158:3  159:8  160:4  161:7  162:11  163:6  164:11  165:3  166:5  167:7  168:4  169:5  170:6  171:3  172:4  173:3  174:9  175:4  176:1  177:4  178:5  179:7  180:4  181:4  182:2  183:6  184:7  185:4  186:2  187:3  188:2  189:2  191:1  192:1  193:3  194:3  195:2  197:2  198:2  199:4  201:1  203:1  206:2  208:2  209:1  211:2  213:2  214:1  218:2  219:2  221:1  223:1  229:2  235:1  240:1
  short unary avg len: 2.00
1777.169345,8.714260,384.734168
[PASSED]
[time 2.88 s, user 2.71 s, sys 0.15 s, maxrss 227280 KB]
[busy 303 jiffies]
[exit 0]
--- c2 case 2 rec 1   load 0.78 0.93 0.88
[TEST C2-MARISA]
Processing dataset...
Done!
Building trie...
trie size: 2.484302 MB
trie size: 4.015308 MB
Done!
build time: 1652.162630 ms (1652.162630 ns per key)
space cost: 9.221785 MB (26.995627% of original size 34.160291 MB)
Querying trie...
Done!
total time: 399.759983 ms, avg latency: 399.759983 ns
topology: 1.302711 MB, link: 3.189349 MB, data: 4.709216 MB
--- Unary Path Analysis (Marisa, cutoff=3) ---
  branches: 1657128  |  single-char: 447774 (27.0%)  short-unary: 128432 (7.8%)  links: 1080922 (65.2%)
  link len: avg=17.77  max=240  total_chars=19212544
  link length distribution (len:count):  3:87321  4:48292  5:58975  6:36358  7:58121  8:33015  9:59626  10:32247  11:55687  12:30072  13:49121  14:27545  15:39628  16:26319  17:32373  18:20972  19:27510  20:17247  21:17760  22:15297  23:13707  24:14933  25:12396  26:15583  27:11863  28:17395  29:11704  30:17896  31:12395  32:17216  33:11862  34:15819  35:11459  36:13046  37:10194  38:10344  39:8104  40:8139  41:6769  42:6000  43:5033  44:5077  45:3963  46:3720  47:3456  48:2871  49:2663  50:2321  51:2168  52:1981  53:1813  54:1693  55:1597  56:1488  57:1344  58:1172  59:1122  60:1025  61:904  62:871  63:814  64:834  65:767  66:626  67:663  68:607  69:568  70:524  71:545  72:489  73:428  74:436  75:441  76:375  77:319  78:357  79:299  80:304  81:282  82:274  83:213  84:203  85:208  86:189  87:193  88:179  89:159  90:153  91:146  92:153  93:110  94:115  95:107  96:113  97:98  98:81  99:92  100:91  101:100  102:69  103:62  104:60  105:53  106:53  107:55  108:63  109:50  110:63  111:44  112:45  113:43  114:49  115:38  116:32  117:45  118:31  119:36  120:28  121:37  122:28  123:24  124:20  125:19  126:32  127:29  128:26  129:15  130:19  131:30  132:11  133:22  134:9  135:11  136:14  137:18  138:15  139:6  140:8  141:14  142:16  143:8  144:10  145:14  146:12  147:8  148:11  149:7  150:9  151:6  152:12  153:9  154:13  155:7  156:5  157:6  158:3  159:8  160:4  161:7  162:11  163:6  164:11  165:3  166:5  167:7  168:4  169:5  170:6  171:3  172:4  173:3  174:9  175:4  176:1  177:4  178:5  179:7  180:4  181:4  182:2  183:6  184:7  185:4  186:2  187:3  188:2  189:2  191:1  192:1  193:3  194:3  195:2  197:2  198:2  199:4  201:1  203:1  206:2  208:2  209:1  211:2  213:2  214:1  218:2  219:2  221:1  223:1  229:2  235:1  240:1
  short unary avg len: 2.00
1652.162630,9.221785,399.759983
[PASSED]
[time 2.78 s, user 2.61 s, sys 0.16 s, maxrss 227028 KB]
[busy 293 jiffies]
[exit 0]
--- c2 case 2 rec 0   load 0.79 0.94 0.88
[TEST C2-MARISA]
Processing dataset...
Done!
Building trie...
trie size: 2.484302 MB
Done!
build time: 1229.655457 ms (1229.655457 ns per key)
space cost: 12.012337 MB (35.164621% of original size 34.160291 MB)
Querying trie...
Done!
total time: 530.090496 ms, avg latency: 530.090496 ns
topology: 0.823292 MB, link: 2.965906 MB, data: 8.202631 MB
--- Unary Path Analysis (Marisa, cutoff=3) ---
  branches: 1657128  |  single-char: 447774 (27.0%)  short-unary: 128432 (7.8%)  links: 1080922 (65.2%)
  link len: avg=17.77  max=240  total_chars=19212544
  link length distribution (len:count):  3:87321  4:48292  5:58975  6:36358  7:58121  8:33015  9:59626  10:32247  11:55687  12:30072  13:49121  14:27545  15:39628  16:26319  17:32373  18:20972  19:27510  20:17247  21:17760  22:15297  23:13707  24:14933  25:12396  26:15583  27:11863  28:17395  29:11704  30:17896  31:12395  32:17216  33:11862  34:15819  35:11459  36:13046  37:10194  38:10344  39:8104  40:8139  41:6769  42:6000  43:5033  44:5077  45:3963  46:3720  47:3456  48:2871  49:2663  50:2321  51:2168  52:1981  53:1813  54:1693  55:1597  56:1488  57:1344  58:1172  59:1122  60:1025  61:904  62:871  63:814  64:834  65:767  66:626  67:663  68:607  69:568  70:524  71:545  72:489  73:428  74:436  75:441  76:375  77:319  78:357  79:299  80:304  81:282  82:274  83:213  84:203  85:208  86:189  87:193  88:179  89:159  90:153  91:146  92:153  93:110  94:115  95:107  96:113  97:98  98:81  99:92  100:91  101:100  102:69  103:62  104:60  105:53  106:53  107:55  108:63  109:50  110:63  111:44  112:45  113:43  114:49  115:38  116:32  117:45  118:31  119:36  120:28  121:37  122:28  123:24  124:20  125:19  126:32  127:29  128:26  129:15  130:19  131:30  132:11  133:22  134:9  135:11  136:14  137:18  138:15  139:6  140:8  141:14  142:16  143:8  144:10  145:14  146:12  147:8  148:11  149:7  150:9  151:6  152:12  153:9  154:13  155:7  156:5  157:6  158:3  159:8  160:4  161:7  162:11  163:6  164:11  165:3  166:5  167:7  168:4  169:5  170:6  171:3  172:4  173:3  174:9  175:4  176:1  177:4  178:5  179:7  180:4  181:4  182:2  183:6  184:7  185:4  186:2  187:3  188:2  189:2  191:1  192:1  193:3  194:3  195:2  197:2  198:2  199:4  201:1  203:1  206:2  208:2  209:1  211:2  213:2  214:1  218:2  219:2  221:1  223:1  229:2  235:1  240:1
  short unary avg len: 2.00
1229.655457,12.012337,530.090496
[PASSED]
[time 2.46 s, user 2.29 s, sys 0.15 s, maxrss 243136 KB]
[busy 257 jiffies]
[exit 0]
--- c2 case 1 rec 2   load 0.81 0.94 0.88
[TEST C2-CoCo(LOUDS-Sparse)]
Processing dataset...
Done!
Building trie...
trie size: 3.233313 MB
trie size: 0.910584 MB
Done!
build time: 4002.012481 ms (4002.012481 ns per key)
space cost: 12.113895 MB (35.461921% of original size 34.160291 MB)
Querying trie...
Done!
total time: 1083.011408 ms, avg latency: 1083.011408 ns
topology: 0.884426 MB, link: 4.023585 MB, data: 7.205884 MB
4002.012481,12.113895,1083.011408
[PASSED]
[time 5.80 s, user 5.55 s, sys 0.22 s, maxrss 432640 KB]
[busy 608 jiffies]
[exit 0]
--- c2 case 1 rec 1   load 0.83 0.94 0.88
[TEST C2-CoCo(LOUDS-Sparse)]
Processing dataset...
Done!
Building trie...
trie size: 3.233313 MB
Done!
build time: 3845.128393 ms (3845.128393 ns per key)
space cost: 12.113895 MB (35.461921% of original size 34.160291 MB)
Querying trie...
Done!
total time: 1034.035133 ms, avg latency: 1034.035133 ns
topology: 0.884426 MB, link: 4.023585 MB, data: 7.205884 MB
3845.128393,12.113895,1034.035133
[PASSED]
[time 5.59 s, user 5.35 s, sys 0.21 s, maxrss 432608 KB]
[busy 582 jiffies]
[exit 0]
--- c2 case 1 rec 0   load 0.77 0.93 0.88
[TEST C2-CoCo(LOUDS-Sparse)]
Processing dataset...
Done!
Building trie...
Done!
build time: 3518.069814 ms (3518.069814 ns per key)
space cost: 14.618523 MB (42.793905% of original size 34.160291 MB)
Querying trie...
Done!
total time: 1037.879720 ms, avg latency: 1037.879720 ns
topology: 0.472511 MB, link: 3.816133 MB, data: 10.329878 MB
3518.069814,14.618523,1037.879720
[PASSED]
[time 5.25 s, user 5.01 s, sys 0.21 s, maxrss 445484 KB]
[busy 553 jiffies]
[exit 0]
--- c2 case 0 rec 2   load 0.79 0.93 0.88
[TEST C2-FST]
Processing dataset...
Done!
Building trie...
trie size: 3.233313 MB
trie size: 0.910584 MB
Done!
build time: 1784.676988 ms (1784.676988 ns per key)
space cost: 10.950089 MB (32.055021% of original size 34.160291 MB)
Querying trie...
Done!
total time: 763.899417 ms, avg latency: 763.899417 ns
topology: 1.728611 MB, link: 2.656099 MB, data: 6.565378 MB
--- Unary Path Analysis (FST, cutoff=4) ---
  shared unary steps in main trie: 1444849
  terminal suffixes: inplace=70261 (avg len=2.02)  links=837902 (92.3% of terminal)
  link len: avg=18.90  max=238  total_chars=15835418
  link length distribution (len:count):  4:38002  5:25136  6:46678  7:25626  8:51081  9:27061  10:49555  11:26346  12:44099  13:24737  14:35638  15:24081  16:29538  17:19279  18:25434  19:16078  20:16463  21:14405  22:12877  23:14367  24:11738  25:15079  26:11391  27:16946  28:11354  29:17411  30:12058  31:16873  32:11600  33:15555  34:11210  35:12790  36:9994  37:10106  38:7923  39:7962  40:6648  41:5829  42:4930  43:4945  44:3895  45:3528  46:3382  47:2749  48:2598  49:2269  50:2117  51:1901  52:1753  53:1665  54:1553  55:1449  56:1305  57:1145  58:1092  59:1004  60:875  61:848  62:788  63:815  64:741  65:605  66:640  67:594  68:554  69:512  70:530  71:482  72:415  73:428  74:424  75:368  76:310  77:349  78:289  79:299  80:274  81:267  82:209  83:198  84:204  85:187  86:188  87:169  88:154  89:148  90:143  91:149  92:108  93:110  94:105  95:111  96:95  97:79  98:91  99:85  100:98  101:68  102:61  103:57  104:50  105:52  106:54  107:61  108:50  109:62  110:44  111:43  112:42  113:44  114:37  115:29  116:42  117:29  118:35  119:28  120:37  121:28  122:24  123:19  124:19  125:31  126:29  127:26  128:15  129:19  130:30  131:11  132:22  133:9  134:11  135:14  136:17  137:15  138:6  139:7  140:14  141:16  142:8  143:9  144:14  145:12  146:8  147:11  148:7  149:9  150:6  151:12  152:9  153:13  154:7  155:5  156:6  157:3  158:8  159:4  160:7  161:11  162:5  163:11  164:3  165:5  166:7  167:4  168:4  169:6  170:3  171:4  172:3  173:9  174:4  175:1  176:4  177:5  178:6  179:4  180:4  181:2  182:6  183:7  184:4  185:2  186:3  187:2  188:2  190:1  191:1  192:3  193:3  194:2  196:2  197:2  198:4  200:1  202:1  205:2  207:2  208:1  210:2  212:2  213:1  217:2  218:2  220:1  222:1  228:2  234:1  239:1
1784.676988,10.950089,763.899417
[PASSED]
[time 3.28 s, user 3.12 s, sys 0.14 s, maxrss 215364 KB]
[busy 344 jiffies]
[exit 0]
--- c2 case 0 rec 1   load 0.73 0.91 0.87
[TEST C2-FST]
Processing dataset...
Done!
Building trie...
trie size: 3.233313 MB
Done!
build time: 1645.212475 ms (1645.212475 ns per key)
space cost: 10.950089 MB (32.055021% of original size 34.160291 MB)
Querying trie...
Done!
total time: 742.991034 ms, avg latency: 742.991034 ns
topology: 1.728611 MB, link: 2.656099 MB, data: 6.565378 MB
--- Unary Path Analysis (FST, cutoff=4) ---
  shared unary steps in main trie: 1444849
  terminal suffixes: inplace=70261 (avg len=2.02)  links=837902 (92.3% of terminal)
  link len: avg=18.90  max=238  total_chars=15835418
  link length distribution (len:count):  4:38002  5:25136  6:46678  7:25626  8:51081  9:27061  10:49555  11:26346  12:44099  13:24737  14:35638  15:24081  16:29538  17:19279  18:25434  19:16078  20:16463  21:14405  22:12877  23:14367  24:11738  25:15079  26:11391  27:16946  28:11354  29:17411  30:12058  31:16873  32:11600  33:15555  34:11210  35:12790  36:9994  37:10106  38:7923  39:7962  40:6648  41:5829  42:4930  43:4945  44:3895  45:3528  46:3382  47:2749  48:2598  49:2269  50:2117  51:1901  52:1753  53:1665  54:1553  55:1449  56:1305  57:1145  58:1092  59:1004  60:875  61:848  62:788  63:815  64:741  65:605  66:640  67:594  68:554  69:512  70:530  71:482  72:415  73:428  74:424  75:368  76:310  77:349  78:289  79:299  80:274  81:267  82:209  83:198  84:204  85:187  86:188  87:169  88:154  89:148  90:143  91:149  92:108  93:110  94:105  95:111  96:95  97:79  98:91  99:85  100:98  101:68  102:61  103:57  104:50  105:52  106:54  107:61  108:50  109:62  110:44  111:43  112:42  113:44  114:37  115:29  116:42  117:29  118:35  119:28  120:37  121:28  122:24  123:19  124:19  125:31  126:29  127:26  128:15  129:19  130:30  131:11  132:22  133:9  134:11  135:14  136:17  137:15  138:6  139:7  140:14  141:16  142:8  143:9  144:14  145:12  146:8  147:11  148:7  149:9  150:6  151:12  152:9  153:13  154:7  155:5  156:6  157:3  158:8  159:4  160:7  161:11  162:5  163:11  164:3  165:5  166:7  167:4  168:4  169:6  170:3  171:4  172:3  173:9  174:4  175:1  176:4  177:5  178:6  179:4  180:4  181:2  182:6  183:7  184:4  185:2  186:3  187:2  188:2  190:1  191:1  192:3  193:3  194:2  196:2  197:2  198:4  200:1  202:1  205:2  207:2  208:1  210:2  212:2  213:1  217:2  218:2  220:1  222:1  228:2  234:1  239:1
1645.212475,10.950089,742.991034
[PASSED]
[time 3.11 s, user 2.95 s, sys 0.14 s, maxrss 215244 KB]
[busy 333 jiffies]
[exit 0]
--- c2 case 0 rec 0   load 0.67 0.90 0.87
[TEST C2-FST]
Processing dataset...
Done!
Building trie...
Done!
build time: 1279.182016 ms (1279.182016 ns per key)
space cost: 13.454716 MB (39.387006% of original size 34.160291 MB)
Querying trie...
Done!
total time: 741.421913 ms, avg latency: 741.421913 ns
topology: 1.316696 MB, link: 2.448647 MB, data: 9.689372 MB
--- Unary Path Analysis (FST, cutoff=4) ---
  shared unary steps in main trie: 1444849
  terminal suffixes: inplace=70261 (avg len=2.02)  links=837902 (92.3% of terminal)
  link len: avg=18.90  max=238  total_chars=15835418
  link length distribution (len:count):  4:38002  5:25136  6:46678  7:25626  8:51081  9:27061  10:49555  11:26346  12:44099  13:24737  14:35638  15:24081  16:29538  17:19279  18:25434  19:16078  20:16463  21:14405  22:12877  23:14367  24:11738  25:15079  26:11391  27:16946  28:11354  29:17411  30:12058  31:16873  32:11600  33:15555  34:11210  35:12790  36:9994  37:10106  38:7923  39:7962  40:6648  41:5829  42:4930  43:4945  44:3895  45:3528  46:3382  47:2749  48:2598  49:2269  50:2117  51:1901  52:1753  53:1665  54:1553  55:1449  56:1305  57:1145  58:1092  59:1004  60:875  61:848  62:788  63:815  64:741  65:605  66:640  67:594  68:554  69:512  70:530  71:482  72:415  73:428  74:424  75:368  76:310  77:349  78:289  79:299  80:274  81:267  82:209  83:198  84:204  85:187  86:188  87:169  88:154  89:148  90:143  91:149  92:108  93:110  94:105  95:111  96:95  97:79  98:91  99:85  100:98  101:68  102:61  103:57  104:50  105:52  106:54  107:61  108:50  109:62  110:44  111:43  112:42  113:44  114:37  115:29  116:42  117:29  118:35  119:28  120:37  121:28  122:24  123:19  124:19  125:31  126:29  127:26  128:15  129:19  130:30  131:11  132:22  133:9  134:11  135:14  136:17  137:15  138:6  139:7  140:14  141:16  142:8  143:9  144:14  145:12  146:8  147:11  148:7  149:9  150:6  151:12  152:9  153:13  154:7  155:5  156:6  157:3  158:8  159:4  160:7  161:11  162:5  163:11  164:3  165:5  166:7  167:4  168:4  169:6  170:3  171:4  172:3  173:9  174:4  175:1  176:4  177:5  178:6  179:4  180:4  181:2  182:6  183:7  184:4  185:2  186:3  187:2  188:2  190:1  191:1  192:3  193:3  194:2  196:2  197:2  198:4  200:1  202:1  205:2  207:2  208:1  210:2  212:2  213:1  217:2  218:2  220:1  222:1  228:2  234:1  239:1
1279.182016,13.454716,741.421913
[PASSED]
[time 2.73 s, user 2.58 s, sys 0.13 s, maxrss 226804 KB]
[busy 287 jiffies]
[exit 0]
--- lexindex hashed16   load 0.67 0.90 0.87
1000000 keys
lexindex HashedDictIndex fp=16: build 870 ms, size 11.065 MiB (11.602 B/key), latency cold 64.7 ns, then mean 62.7 / min 62.4 ns
870.072,11.064662,64.738
[time 1.71 s, user 3.84 s, sys 0.34 s, maxrss 305996 KB]
[busy 443 jiffies]
[exit 0]
--- lexindex hashed8   load 0.70 0.90 0.87
1000000 keys
lexindex HashedDictIndex fp=8: build 866 ms, size 10.111 MiB (10.602 B/key), latency cold 62.8 ns, then mean 62.9 / min 61.9 ns
865.639,10.110988,62.812
[time 1.70 s, user 3.85 s, sys 0.34 s, maxrss 304984 KB]
[busy 440 jiffies]
[exit 0]
--- lexindex hashed0   load 0.70 0.90 0.87
1000000 keys
lexindex HashedDictIndex closed: build 865 ms, size 9.157 MiB (9.602 B/key), latency cold 56.4 ns, then mean 51.8 / min 51.1 ns
865.244,9.157313,56.359
[time 1.67 s, user 3.78 s, sys 0.35 s, maxrss 303260 KB]
[busy 436 jiffies]
[exit 0]
--- lexindex string   load 0.72 0.90 0.87
1000000 keys
lexindex StringIndex: build 1468 ms, size 30.276 MiB (31.746 B/key), latency cold 540.5 ns, then mean 537.3 / min 535.6 ns
1468.317,30.275526,540.523
[time 4.21 s, user 4.08 s, sys 0.11 s, maxrss 212980 KB]
[busy 446 jiffies]
[exit 0]
--- lexindex dict1024   load 0.74 0.90 0.87
1000000 keys
lexindex DictIndex block 1024: build 709 ms, size 6.388 MiB (6.698 B/key), latency cold 581.9 ns, then mean 578.9 / min 577.4 ns
708.954,6.387671,581.932
[time 3.62 s, user 4.84 s, sys 0.27 s, maxrss 300680 KB]
[busy 540 jiffies]
[exit 0]
--- lexindex dict256   load 0.76 0.90 0.87
1000000 keys
lexindex DictIndex block 256: build 694 ms, size 6.544 MiB (6.862 B/key), latency cold 517.8 ns, then mean 512.2 / min 510.4 ns
694.488,6.543816,517.845
[time 3.35 s, user 5.38 s, sys 0.37 s, maxrss 300064 KB]
[busy 602 jiffies]
[exit 0]
--- lexindex dict32   load 0.78 0.91 0.87
1000000 keys
lexindex DictIndex block 32: build 683 ms, size 6.963 MiB (7.302 B/key), latency cold 493.0 ns, then mean 490.9 / min 487.2 ns
683.363,6.963340,492.994
[time 3.25 s, user 5.18 s, sys 0.36 s, maxrss 302264 KB]
[busy 582 jiffies]
[exit 0]

##### titles-en-1000000 (1000000 lines, 21984647 bytes)   round 2/3   2026-09-23T21:34:19+03:00
--- xcdat 16   load 0.72 0.89 0.87
build time: 614.235841 ms
space cost: 16.875467 MiB (84.324554% of original size 20.012519 MiB)
avg latency: 248.975721 ns
614.235841,16.875467,248.975721
[time 1.46 s, user 1.36 s, sys 0.10 s, maxrss 164140 KB]
[busy 157 jiffies]
[exit 0]
--- xcdat 15   load 0.72 0.89 0.87
build time: 635.340163 ms
space cost: 16.333202 MiB (81.614925% of original size 20.012519 MiB)
avg latency: 241.381064 ns
635.340163,16.333202,241.381064
[time 1.46 s, user 1.35 s, sys 0.10 s, maxrss 163468 KB]
[busy 156 jiffies]
[exit 0]
--- xcdat 8   load 0.66 0.88 0.86
build time: 609.370645 ms
space cost: 14.333878 MiB (71.624555% of original size 20.012519 MiB)
avg latency: 256.728845 ns
609.370645,14.333878,256.728845
[time 1.45 s, user 1.35 s, sys 0.09 s, maxrss 161176 KB]
[busy 155 jiffies]
[exit 0]
--- xcdat 7   load 0.66 0.88 0.86
build time: 635.592808 ms
space cost: 14.813288 MiB (74.020106% of original size 20.012519 MiB)
avg latency: 266.437785 ns
635.592808,14.813288,266.437785
[time 1.49 s, user 1.38 s, sys 0.10 s, maxrss 161328 KB]
[busy 157 jiffies]
[exit 0]
--- c2 case 8 rec 0   load 0.61 0.86 0.86
[TEST CART]
Processing dataset...
Done!
Building trie...
Done!
build time: 212.791022 ms (212.791022 ns per key)
space cost: 14.850546 MB (74.206280% of original size 20.012519 MB)
Querying trie...
Done!
total time: 459.200258 ms, avg latency: 459.200258 ns
not implemented
212.791022,14.850546,459.200258
[PASSED]
[time 1.26 s, user 1.16 s, sys 0.09 s, maxrss 163812 KB]
[busy 137 jiffies]
[exit 0]
--- c2 case 7 rec 0   load 0.61 0.86 0.86
[TEST ART]
Processing dataset...
Done!
Building trie...
Done!
build time: 158.040933 ms (158.040933 ns per key)
space cost: 32.696541 MB (163.380437% of original size 20.012519 MB)
Querying trie...
Done!
total time: 388.165377 ms, avg latency: 388.165377 ns
not implemented
158.040933,32.696541,388.165377
[PASSED]
[time 1.13 s, user 1.03 s, sys 0.09 s, maxrss 176468 KB]
[busy 122 jiffies]
[exit 0]
--- c2 case 6 rec 0   load 0.61 0.86 0.86
[TEST PDT]
Processing dataset...
Done!
Building trie...
dict size: 157446, stream size: 7395682
Done!
build time: 3457.855964 ms (3457.855964 ns per key)
space cost: 8.479283 MB (42.369895% of original size 20.012519 MB)
Querying trie...
Done!
total time: 653.917274 ms, avg latency: 653.917274 ns
not implemented
3457.855964,8.479283,653.917274
[PASSED]
[time 4.70 s, user 4.50 s, sys 0.18 s, maxrss 256660 KB]
[busy 491 jiffies]
[exit 0]
--- c2 case 5 rec 2   load 0.59 0.85 0.85
[TEST MARISA]
Processing dataset...
Done!
Building trie...
Done!
build time: 827.118335 ms (827.118335 ns per key)
space cost: 7.806685 MB (39.009010% of original size 20.012519 MB)
Querying trie...
Done!
total time: 899.763030 ms, avg latency: 899.763030 ns
not implemented
827.118335,7.806685,899.763030
[PASSED]
[time 2.29 s, user 2.16 s, sys 0.12 s, maxrss 195060 KB]
[busy 244 jiffies]
[exit 0]
--- c2 case 5 rec 1   load 0.59 0.85 0.85
[TEST MARISA]
Processing dataset...
Done!
Building trie...
Done!
build time: 766.151850 ms (766.151850 ns per key)
space cost: 8.680676 MB (43.376231% of original size 20.012519 MB)
Querying trie...
Done!
total time: 766.446945 ms, avg latency: 766.446945 ns
not implemented
766.151850,8.680676,766.446945
[PASSED]
[time 2.11 s, user 1.98 s, sys 0.12 s, maxrss 195332 KB]
[busy 222 jiffies]
[exit 0]
--- c2 case 5 rec 0   load 0.62 0.85 0.86
[TEST MARISA]
Processing dataset...
Done!
Building trie...
Done!
build time: 596.842335 ms (596.842335 ns per key)
space cost: 12.537066 MB (62.646119% of original size 20.012519 MB)
Querying trie...
Done!
total time: 511.115708 ms, avg latency: 511.115708 ns
not implemented
596.842335,12.537066,511.115708
[PASSED]
[time 1.68 s, user 1.53 s, sys 0.14 s, maxrss 195020 KB]
[busy 178 jiffies]
[exit 0]
--- c2 case 4 rec 0   skipped: exit 134 in round 1
--- c2 case 3 rec 0   load 0.62 0.85 0.86
[TEST FST]
Processing dataset...
Done!
Building trie...
Done!
build time: 796.867369 ms (796.867369 ns per key)
space cost: 12.223534 MB (61.079436% of original size 20.012519 MB)
Querying trie...
Done!
total time: 690.074471 ms, avg latency: 690.074471 ns
not implemented
796.867369,12.223534,690.074471
[PASSED]
[time 2.07 s, user 1.97 s, sys 0.09 s, maxrss 130996 KB]
[busy 219 jiffies]
[exit 0]
--- c2 case 2 rec 2   load 0.65 0.85 0.86
[TEST C2-MARISA]
Processing dataset...
Done!
Building trie...
trie size: 2.238578 MB
trie size: 3.821277 MB
trie size: 1.037524 MB
Done!
build time: 1539.861878 ms (1539.861878 ns per key)
space cost: 8.586061 MB (42.903452% of original size 20.012519 MB)
Querying trie...
Done!
total time: 500.278616 ms, avg latency: 500.278616 ns
topology: 1.213478 MB, link: 2.963206 MB, data: 4.388869 MB
--- Unary Path Analysis (Marisa, cutoff=3) ---
  branches: 1523874  |  single-char: 417651 (27.4%)  short-unary: 97461 (6.4%)  links: 1008762 (66.2%)
  link len: avg=12.11  max=234  total_chars=12215333
  link length distribution (len:count):  3:76859  4:82017  5:81216  6:79010  7:72564  8:64127  9:55531  10:50303  11:44703  12:39548  13:35394  14:31778  15:31462  16:28952  17:25995  18:23521  19:19840  20:18044  21:16382  22:14569  23:12399  24:11015  25:9715  26:8556  27:8141  28:7267  29:6255  30:5853  31:5207  32:4578  33:4049  34:3736  35:3293  36:2910  37:2688  38:2423  39:2074  40:1908  41:1670  42:1511  43:1333  44:1158  45:939  46:855  47:728  48:689  49:615  50:544  51:465  52:457  53:344  54:344  55:284  56:276  57:242  58:216  59:216  60:177  61:159  62:140  63:127  64:109  65:95  66:79  67:80  68:79  69:75  70:69  71:69  72:55  73:51  74:42  75:46  76:42  77:35  78:41  79:38  80:39  81:21  82:18  83:21  84:19  85:14  86:18  87:14  88:15  89:11  90:14  91:13  92:7  93:5  94:8  95:7  96:5  97:9  98:8  99:5  100:7  101:11  102:5  103:6  104:3  105:3  106:3  107:5  108:4  109:5  110:1  111:2  112:6  113:1  114:1  115:1  116:4  117:1  119:1  120:2  122:2  124:2  126:1  127:1  129:1  130:1  132:1  133:2  135:1  136:1  137:1  138:3  139:1  140:1  142:2  146:1  153:1  155:1  157:1  160:3  166:1  169:1  175:1  176:1  180:1  182:1  200:1  202:1  203:1  205:1  208:1  217:1  218:1  220:1  234:1
  short unary avg len: 2.00
1539.861878,8.586061,500.278616
[PASSED]
[time 2.62 s, user 2.46 s, sys 0.15 s, maxrss 197264 KB]
[busy 275 jiffies]
[exit 0]
--- c2 case 2 rec 1   load 0.68 0.86 0.86
[TEST C2-MARISA]
Processing dataset...
Done!
Building trie...
trie size: 2.238578 MB
trie size: 3.821277 MB
Done!
build time: 1399.436669 ms (1399.436669 ns per key)
space cost: 8.586061 MB (42.903452% of original size 20.012519 MB)
Querying trie...
Done!
total time: 503.599528 ms, avg latency: 503.599528 ns
topology: 1.213478 MB, link: 2.963206 MB, data: 4.388869 MB
--- Unary Path Analysis (Marisa, cutoff=3) ---
  branches: 1523874  |  single-char: 417651 (27.4%)  short-unary: 97461 (6.4%)  links: 1008762 (66.2%)
  link len: avg=12.11  max=234  total_chars=12215333
  link length distribution (len:count):  3:76859  4:82017  5:81216  6:79010  7:72564  8:64127  9:55531  10:50303  11:44703  12:39548  13:35394  14:31778  15:31462  16:28952  17:25995  18:23521  19:19840  20:18044  21:16382  22:14569  23:12399  24:11015  25:9715  26:8556  27:8141  28:7267  29:6255  30:5853  31:5207  32:4578  33:4049  34:3736  35:3293  36:2910  37:2688  38:2423  39:2074  40:1908  41:1670  42:1511  43:1333  44:1158  45:939  46:855  47:728  48:689  49:615  50:544  51:465  52:457  53:344  54:344  55:284  56:276  57:242  58:216  59:216  60:177  61:159  62:140  63:127  64:109  65:95  66:79  67:80  68:79  69:75  70:69  71:69  72:55  73:51  74:42  75:46  76:42  77:35  78:41  79:38  80:39  81:21  82:18  83:21  84:19  85:14  86:18  87:14  88:15  89:11  90:14  91:13  92:7  93:5  94:8  95:7  96:5  97:9  98:8  99:5  100:7  101:11  102:5  103:6  104:3  105:3  106:3  107:5  108:4  109:5  110:1  111:2  112:6  113:1  114:1  115:1  116:4  117:1  119:1  120:2  122:2  124:2  126:1  127:1  129:1  130:1  132:1  133:2  135:1  136:1  137:1  138:3  139:1  140:1  142:2  146:1  153:1  155:1  157:1  160:3  166:1  169:1  175:1  176:1  180:1  182:1  200:1  202:1  203:1  205:1  208:1  217:1  218:1  220:1  234:1
  short unary avg len: 2.00
1399.436669,8.586061,503.599528
[PASSED]
[time 2.49 s, user 2.34 s, sys 0.14 s, maxrss 197268 KB]
[busy 260 jiffies]
[exit 0]
--- c2 case 2 rec 0   load 0.63 0.84 0.85
[TEST C2-MARISA]
Processing dataset...
Done!
Building trie...
trie size: 2.238578 MB
Done!
build time: 1037.056102 ms (1037.056102 ns per key)
space cost: 10.766413 MB (53.798389% of original size 20.012519 MB)
Querying trie...
Done!
total time: 364.383693 ms, avg latency: 364.383693 ns
topology: 0.741383 MB, link: 2.768053 MB, data: 7.236469 MB
--- Unary Path Analysis (Marisa, cutoff=3) ---
  branches: 1523874  |  single-char: 417651 (27.4%)  short-unary: 97461 (6.4%)  links: 1008762 (66.2%)
  link len: avg=12.11  max=234  total_chars=12215333
  link length distribution (len:count):  3:76859  4:82017  5:81216  6:79010  7:72564  8:64127  9:55531  10:50303  11:44703  12:39548  13:35394  14:31778  15:31462  16:28952  17:25995  18:23521  19:19840  20:18044  21:16382  22:14569  23:12399  24:11015  25:9715  26:8556  27:8141  28:7267  29:6255  30:5853  31:5207  32:4578  33:4049  34:3736  35:3293  36:2910  37:2688  38:2423  39:2074  40:1908  41:1670  42:1511  43:1333  44:1158  45:939  46:855  47:728  48:689  49:615  50:544  51:465  52:457  53:344  54:344  55:284  56:276  57:242  58:216  59:216  60:177  61:159  62:140  63:127  64:109  65:95  66:79  67:80  68:79  69:75  70:69  71:69  72:55  73:51  74:42  75:46  76:42  77:35  78:41  79:38  80:39  81:21  82:18  83:21  84:19  85:14  86:18  87:14  88:15  89:11  90:14  91:13  92:7  93:5  94:8  95:7  96:5  97:9  98:8  99:5  100:7  101:11  102:5  103:6  104:3  105:3  106:3  107:5  108:4  109:5  110:1  111:2  112:6  113:1  114:1  115:1  116:4  117:1  119:1  120:2  122:2  124:2  126:1  127:1  129:1  130:1  132:1  133:2  135:1  136:1  137:1  138:3  139:1  140:1  142:2  146:1  153:1  155:1  157:1  160:3  166:1  169:1  175:1  176:1  180:1  182:1  200:1  202:1  203:1  205:1  208:1  217:1  218:1  220:1  234:1
  short unary avg len: 2.00
1037.056102,10.766413,364.383693
[PASSED]
[time 1.97 s, user 1.83 s, sys 0.13 s, maxrss 201828 KB]
[busy 207 jiffies]
[exit 0]
--- c2 case 1 rec 2   load 0.63 0.84 0.85
[TEST C2-CoCo(LOUDS-Sparse)]
Processing dataset...
Done!
Building trie...
trie size: 3.096522 MB
trie size: 0.887704 MB
Done!
build time: 2543.593988 ms (2543.593988 ns per key)
space cost: 10.462785 MB (52.281201% of original size 20.012519 MB)
Querying trie...
Done!
total time: 873.015351 ms, avg latency: 873.015351 ns
topology: 0.833210 MB, link: 3.468150 MB, data: 6.161425 MB
2543.593988,10.462785,873.015351
[PASSED]
[time 3.98 s, user 3.78 s, sys 0.18 s, maxrss 344868 KB]
[busy 416 jiffies]
[exit 0]
--- c2 case 1 rec 1   load 0.66 0.85 0.85
[TEST C2-CoCo(LOUDS-Sparse)]
Processing dataset...
Done!
Building trie...
trie size: 3.096522 MB
Done!
build time: 2432.785663 ms (2432.785663 ns per key)
space cost: 10.462785 MB (52.281201% of original size 20.012519 MB)
Querying trie...
Done!
total time: 868.763678 ms, avg latency: 868.763678 ns
topology: 0.833210 MB, link: 3.468150 MB, data: 6.161425 MB
2432.785663,10.462785,868.763678
[PASSED]
[time 3.87 s, user 3.67 s, sys 0.17 s, maxrss 344788 KB]
[busy 405 jiffies]
[exit 0]
--- c2 case 1 rec 0   load 0.68 0.85 0.85
[TEST C2-CoCo(LOUDS-Sparse)]
Processing dataset...
Done!
Building trie...
Done!
build time: 2111.244455 ms (2111.244455 ns per key)
space cost: 12.265971 MB (61.291488% of original size 20.012519 MB)
Querying trie...
Done!
total time: 743.352924 ms, avg latency: 743.352924 ns
topology: 0.432648 MB, link: 3.282862 MB, data: 8.550461 MB
2111.244455,12.265971,743.352924
[PASSED]
[time 3.42 s, user 3.21 s, sys 0.19 s, maxrss 358120 KB]
[busy 358 jiffies]
[exit 0]
--- c2 case 0 rec 2   load 0.71 0.85 0.86
[TEST C2-FST]
Processing dataset...
Done!
Building trie...
trie size: 3.096522 MB
trie size: 0.887704 MB
Done!
build time: 1445.509326 ms (1445.509326 ns per key)
space cost: 9.522977 MB (47.585099% of original size 20.012519 MB)
Querying trie...
Done!
total time: 612.211796 ms, avg latency: 612.211796 ns
topology: 1.448536 MB, link: 2.515947 MB, data: 5.558494 MB
--- Unary Path Analysis (FST, cutoff=4) ---
  shared unary steps in main trie: 632648
  terminal suffixes: inplace=148307 (avg len=2.14)  links=794871 (84.3% of terminal)
  link len: avg=12.03  max=232  total_chars=9558452
  link length distribution (len:count):  4:67686  5:69275  6:65423  7:58787  8:51921  9:47544  10:42795  11:38054  12:34227  13:30736  14:30694  15:28260  16:25308  17:22807  18:19264  19:17586  20:15912  21:14224  22:12066  23:10759  24:9477  25:8347  26:7925  27:7112  28:6113  29:5746  30:5072  31:4462  32:3927  33:3658  34:3228  35:2847  36:2644  37:2353  38:2038  39:1870  40:1644  41:1489  42:1315  43:1143  44:928  45:846  46:722  47:679  48:610  49:543  50:459  51:451  52:342  53:339  54:284  55:273  56:239  57:215  58:214  59:177  60:158  61:140  62:127  63:109  64:95  65:79  66:80  67:78  68:75  69:69  70:68  71:54  72:51  73:42  74:46  75:42  76:35  77:41  78:38  79:39  80:21  81:18  82:21  83:19  84:14  85:18  86:14  87:15  88:11  89:14  90:13  91:7  92:5  93:8  94:7  95:5  96:8  97:8  98:5  99:7  100:11  101:5  102:6  103:3  104:3  105:3  106:5  107:4  108:5  109:1  110:2  111:6  112:1  113:1  114:1  115:4  116:1  118:1  119:2  121:2  123:2  125:1  126:1  128:1  129:1  131:1  132:2  134:1  135:1  136:1  137:3  138:1  139:1  141:2  145:1  152:1  154:1  156:1  159:3  165:1  168:1  174:1  175:1  179:1  181:1  199:1  201:1  202:1  204:1  207:1  216:1  217:1  219:1  233:1
1445.509326,9.522977,612.211796
[PASSED]
[time 2.64 s, user 2.49 s, sys 0.13 s, maxrss 180996 KB]
[busy 278 jiffies]
[exit 0]
--- c2 case 0 rec 1   load 0.73 0.85 0.86
[TEST C2-FST]
Processing dataset...
Done!
Building trie...
trie size: 3.096522 MB
Done!
build time: 1328.505645 ms (1328.505645 ns per key)
space cost: 9.522977 MB (47.585099% of original size 20.012519 MB)
Querying trie...
Done!
total time: 607.371668 ms, avg latency: 607.371668 ns
topology: 1.448536 MB, link: 2.515947 MB, data: 5.558494 MB
--- Unary Path Analysis (FST, cutoff=4) ---
  shared unary steps in main trie: 632648
  terminal suffixes: inplace=148307 (avg len=2.14)  links=794871 (84.3% of terminal)
  link len: avg=12.03  max=232  total_chars=9558452
  link length distribution (len:count):  4:67686  5:69275  6:65423  7:58787  8:51921  9:47544  10:42795  11:38054  12:34227  13:30736  14:30694  15:28260  16:25308  17:22807  18:19264  19:17586  20:15912  21:14224  22:12066  23:10759  24:9477  25:8347  26:7925  27:7112  28:6113  29:5746  30:5072  31:4462  32:3927  33:3658  34:3228  35:2847  36:2644  37:2353  38:2038  39:1870  40:1644  41:1489  42:1315  43:1143  44:928  45:846  46:722  47:679  48:610  49:543  50:459  51:451  52:342  53:339  54:284  55:273  56:239  57:215  58:214  59:177  60:158  61:140  62:127  63:109  64:95  65:79  66:80  67:78  68:75  69:69  70:68  71:54  72:51  73:42  74:46  75:42  76:35  77:41  78:38  79:39  80:21  81:18  82:21  83:19  84:14  85:18  86:14  87:15  88:11  89:14  90:13  91:7  92:5  93:8  94:7  95:5  96:8  97:8  98:5  99:7  100:11  101:5  102:6  103:3  104:3  105:3  106:5  107:4  108:5  109:1  110:2  111:6  112:1  113:1  114:1  115:4  116:1  118:1  119:2  121:2  123:2  125:1  126:1  128:1  129:1  131:1  132:2  134:1  135:1  136:1  137:3  138:1  139:1  141:2  145:1  152:1  154:1  156:1  159:3  165:1  168:1  174:1  175:1  179:1  181:1  199:1  201:1  202:1  204:1  207:1  216:1  217:1  219:1  233:1
1328.505645,9.522977,607.371668
[PASSED]
[time 2.52 s, user 2.38 s, sys 0.12 s, maxrss 181116 KB]
[busy 264 jiffies]
[exit 0]
--- c2 case 0 rec 0   load 0.73 0.85 0.86
[TEST C2-FST]
Processing dataset...
Done!
Building trie...
Done!
build time: 1044.152321 ms (1044.152321 ns per key)
space cost: 11.326162 MB (56.595386% of original size 20.012519 MB)
Querying trie...
Done!
total time: 485.864871 ms, avg latency: 485.864871 ns
topology: 1.047974 MB, link: 2.330659 MB, data: 7.947530 MB
--- Unary Path Analysis (FST, cutoff=4) ---
  shared unary steps in main trie: 632648
  terminal suffixes: inplace=148307 (avg len=2.14)  links=794871 (84.3% of terminal)
  link len: avg=12.03  max=232  total_chars=9558452
  link length distribution (len:count):  4:67686  5:69275  6:65423  7:58787  8:51921  9:47544  10:42795  11:38054  12:34227  13:30736  14:30694  15:28260  16:25308  17:22807  18:19264  19:17586  20:15912  21:14224  22:12066  23:10759  24:9477  25:8347  26:7925  27:7112  28:6113  29:5746  30:5072  31:4462  32:3927  33:3658  34:3228  35:2847  36:2644  37:2353  38:2038  39:1870  40:1644  41:1489  42:1315  43:1143  44:928  45:846  46:722  47:679  48:610  49:543  50:459  51:451  52:342  53:339  54:284  55:273  56:239  57:215  58:214  59:177  60:158  61:140  62:127  63:109  64:95  65:79  66:80  67:78  68:75  69:69  70:68  71:54  72:51  73:42  74:46  75:42  76:35  77:41  78:38  79:39  80:21  81:18  82:21  83:19  84:14  85:18  86:14  87:15  88:11  89:14  90:13  91:7  92:5  93:8  94:7  95:5  96:8  97:8  98:5  99:7  100:11  101:5  102:6  103:3  104:3  105:3  106:5  107:4  108:5  109:1  110:2  111:6  112:1  113:1  114:1  115:4  116:1  118:1  119:2  121:2  123:2  125:1  126:1  128:1  129:1  131:1  132:2  134:1  135:1  136:1  137:3  138:1  139:1  141:2  145:1  152:1  154:1  156:1  159:3  165:1  168:1  174:1  175:1  179:1  181:1  199:1  201:1  202:1  204:1  207:1  216:1  217:1  219:1  233:1
1044.152321,11.326162,485.864871
[PASSED]
[time 2.09 s, user 1.95 s, sys 0.13 s, maxrss 185492 KB]
[busy 225 jiffies]
[exit 0]
--- lexindex hashed16   load 0.75 0.86 0.86
1000000 keys
lexindex HashedDictIndex fp=16: build 569 ms, size 11.549 MiB (12.110 B/key), latency cold 51.7 ns, then mean 49.7 / min 49.6 ns
568.868,11.549380,51.748
[time 1.28 s, user 3.90 s, sys 0.38 s, maxrss 278624 KB]
[busy 454 jiffies]
[exit 0]
--- lexindex hashed8   load 0.69 0.84 0.85
1000000 keys
lexindex HashedDictIndex fp=8: build 569 ms, size 10.596 MiB (11.110 B/key), latency cold 51.0 ns, then mean 50.3 / min 49.1 ns
568.588,10.595706,50.975
[time 1.27 s, user 3.88 s, sys 0.40 s, maxrss 277304 KB]
[busy 449 jiffies]
[exit 0]
--- lexindex hashed0   load 0.69 0.84 0.85
1000000 keys
lexindex HashedDictIndex closed: build 567 ms, size 9.642 MiB (10.110 B/key), latency cold 44.3 ns, then mean 42.2 / min 41.9 ns
567.417,9.642032,44.270
[time 1.24 s, user 3.83 s, sys 0.43 s, maxrss 277256 KB]
[busy 453 jiffies]
[exit 0]
--- lexindex string   load 0.69 0.84 0.85
1000000 keys
lexindex StringIndex: build 979 ms, size 16.482 MiB (17.283 B/key), latency cold 356.7 ns, then mean 326.9 / min 318.2 ns
978.830,16.482312,356.724
[time 2.81 s, user 2.71 s, sys 0.08 s, maxrss 164212 KB]
[busy 304 jiffies]
[exit 0]
--- lexindex dict1024   load 0.72 0.84 0.85
1000000 keys
lexindex DictIndex block 1024: build 497 ms, size 6.878 MiB (7.212 B/key), latency cold 504.5 ns, then mean 507.3 / min 504.2 ns
496.958,6.877800,504.503
[time 3.04 s, user 4.60 s, sys 0.32 s, maxrss 283136 KB]
[busy 523 jiffies]
[exit 0]
--- lexindex dict256   load 0.74 0.85 0.85
1000000 keys
lexindex DictIndex block 256: build 462 ms, size 7.029 MiB (7.370 B/key), latency cold 445.5 ns, then mean 437.7 / min 435.4 ns
461.745,7.028672,445.492
[time 2.74 s, user 5.28 s, sys 0.42 s, maxrss 273264 KB]
[busy 595 jiffies]
[exit 0]
--- lexindex dict32   load 0.76 0.85 0.86
1000000 keys
lexindex DictIndex block 32: build 451 ms, size 7.447 MiB (7.809 B/key), latency cold 417.3 ns, then mean 407.0 / min 403.9 ns
450.655,7.446899,417.279
[time 2.61 s, user 5.09 s, sys 0.40 s, maxrss 275616 KB]
[busy 577 jiffies]
[exit 0]

##### pypi-full (889864 lines, 12756399 bytes)   round 2/3   2026-09-23T21:35:48+03:00
--- xcdat 16   load 0.76 0.85 0.86
build time: 354.165234 ms
space cost: 8.791730 MiB (77.687354% of original size 11.316810 MiB)
avg latency: 142.062501 ns
354.165234,8.791730,142.062501
[time 0.88 s, user 0.80 s, sys 0.08 s, maxrss 125088 KB]
[busy 95 jiffies]
[exit 0]
--- xcdat 15   load 0.78 0.85 0.86
build time: 379.028202 ms
space cost: 8.417356 MiB (74.379227% of original size 11.316810 MiB)
avg latency: 136.379107 ns
379.028202,8.417356,136.379107
[time 0.90 s, user 0.81 s, sys 0.08 s, maxrss 125088 KB]
[busy 97 jiffies]
[exit 0]
--- xcdat 8   load 0.78 0.85 0.86
build time: 355.146108 ms
space cost: 7.063261 MiB (62.413889% of original size 11.316810 MiB)
avg latency: 164.383415 ns
355.146108,7.063261,164.383415
[time 0.90 s, user 0.81 s, sys 0.08 s, maxrss 125012 KB]
[busy 97 jiffies]
[exit 0]
--- xcdat 7   load 0.72 0.84 0.85
build time: 380.124933 ms
space cost: 7.451407 MiB (65.843711% of original size 11.316810 MiB)
avg latency: 168.711436 ns
380.124933,7.451407,168.711436
[time 0.93 s, user 0.84 s, sys 0.08 s, maxrss 124928 KB]
[busy 103 jiffies]
[exit 0]
--- c2 case 8 rec 0   load 0.72 0.84 0.85
[TEST CART]
Processing dataset...
Done!
Building trie...
Done!
build time: 140.035627 ms (157.367448 ns per key)
space cost: 12.686618 MB (112.104190% of original size 11.316810 MB)
Querying trie...
Done!
total time: 320.368824 ms, avg latency: 360.019985 ns
not implemented
140.035627,12.686618,360.019985
[PASSED]
[time 0.88 s, user 0.81 s, sys 0.06 s, maxrss 121156 KB]
[busy 94 jiffies]
[exit 0]
--- c2 case 7 rec 0   load 0.72 0.84 0.85
[TEST ART]
Processing dataset...
Done!
Building trie...
Done!
build time: 102.198117 ms (114.846895 ns per key)
space cost: 28.637695 MB (253.054493% of original size 11.316810 MB)
Querying trie...
Done!
total time: 249.222665 ms, avg latency: 280.068263 ns
not implemented
102.198117,28.637695,280.068263
[PASSED]
[time 0.76 s, user 0.69 s, sys 0.06 s, maxrss 123820 KB]
[busy 81 jiffies]
[exit 0]
--- c2 case 6 rec 0   load 0.74 0.84 0.85
[TEST PDT]
Processing dataset...
Done!
Building trie...
dict size: 158766, stream size: 3178838
Done!
build time: 1639.965612 ms (1842.939609 ns per key)
space cost: 4.318639 MB (38.161275% of original size 11.316810 MB)
Querying trie...
Done!
total time: 465.604650 ms, avg latency: 523.231247 ns
not implemented
1639.965612,4.318639,523.231247
[PASSED]
[time 2.50 s, user 2.40 s, sys 0.08 s, maxrss 137280 KB]
[busy 261 jiffies]
[exit 0]
--- c2 case 5 rec 2   load 0.74 0.84 0.85
[TEST MARISA]
Processing dataset...
Done!
Building trie...
Done!
build time: 447.320069 ms (502.683634 ns per key)
space cost: 3.830196 MB (33.845196% of original size 11.316810 MB)
Querying trie...
Done!
total time: 477.498366 ms, avg latency: 536.597015 ns
not implemented
447.320069,3.830196,536.597015
[PASSED]
[time 1.31 s, user 1.22 s, sys 0.08 s, maxrss 131856 KB]
[busy 141 jiffies]
[exit 0]
--- c2 case 5 rec 1   load 0.76 0.84 0.85
[TEST MARISA]
Processing dataset...
Done!
Building trie...
Done!
build time: 430.947743 ms (484.284950 ns per key)
space cost: 4.038295 MB (35.684039% of original size 11.316810 MB)
Querying trie...
Done!
total time: 452.946115 ms, avg latency: 509.006000 ns
not implemented
430.947743,4.038295,509.006000
[PASSED]
[time 1.27 s, user 1.17 s, sys 0.08 s, maxrss 132060 KB]
[busy 135 jiffies]
[exit 0]
--- c2 case 5 rec 0   load 0.76 0.84 0.85
[TEST MARISA]
Processing dataset...
Done!
Building trie...
Done!
build time: 385.039798 ms (432.695106 ns per key)
space cost: 5.316237 MB (46.976468% of original size 11.316810 MB)
Querying trie...
Done!
total time: 338.718977 ms, avg latency: 380.641286 ns
not implemented
385.039798,5.316237,380.641286
[PASSED]
[time 1.12 s, user 1.03 s, sys 0.08 s, maxrss 132156 KB]
[busy 121 jiffies]
[exit 0]
--- c2 case 4 rec 0   load 0.78 0.85 0.85
[TEST COCO]
Processing dataset...
Done!
Building trie...
num nodes = 375656, average depth = 5.235279
ef = 0.000442, pa = 0.203029, bv = 0.001044, de = 0.703223
efr = 0.002106, par = 0.078420, bvr = 0.000029, der = 0.011708
Done!
build time: 7751.038141 ms (8710.362641 ns per key)
space cost: 7.666221 MB (67.741891% of original size 11.316810 MB)
Querying trie...
Done!
total time: 432.560325 ms, avg latency: 486.097117 ns
not implemented
7751.038141,7.666221,486.097117
[PASSED]
[time 8.87 s, user 6.93 s, sys 1.90 s, maxrss 4347504 KB]
[busy 925 jiffies]
[exit 0]
--- c2 case 3 rec 0   load 0.82 0.85 0.86
[TEST FST]
Processing dataset...
Done!
Building trie...
Done!
build time: 502.967713 ms (565.218632 ns per key)
space cost: 5.878841 MB (51.947869% of original size 11.316810 MB)
Querying trie...
Done!
total time: 486.891653 ms, avg latency: 547.152883 ns
not implemented
502.967713,5.878841,547.152883
[PASSED]
[time 1.38 s, user 1.33 s, sys 0.04 s, maxrss 86836 KB]
[busy 147 jiffies]
[exit 0]
--- c2 case 2 rec 2   load 0.82 0.85 0.86
[TEST C2-MARISA]
Processing dataset...
Done!
Building trie...
trie size: 2.034968 MB
trie size: 2.021012 MB
trie size: 0.240847 MB
Done!
build time: 595.551868 ms (669.261671 ns per key)
space cost: 4.528195 MB (40.013003% of original size 11.316810 MB)
Querying trie...
Done!
total time: 289.836430 ms, avg latency: 325.708681 ns
topology: 0.839943 MB, link: 1.648341 MB, data: 2.019403 MB
--- Unary Path Analysis (Marisa, cutoff=3) ---
  branches: 1290446  |  single-char: 483681 (37.5%)  short-unary: 134846 (10.4%)  links: 671919 (52.1%)
  link len: avg=7.04  max=178  total_chars=4731655
  link length distribution (len:count):  3:128200  4:106194  5:84287  6:72656  7:58516  8:44149  9:36040  10:28839  11:21753  12:17688  13:15308  14:12510  15:9745  16:7525  17:6122  18:4690  19:3698  20:2882  21:2216  22:1721  23:1367  24:1119  25:897  26:746  27:562  28:441  29:368  30:406  31:316  32:177  33:153  34:106  35:106  36:75  37:44  38:54  39:50  40:27  41:25  42:13  43:21  44:16  45:7  46:10  47:6  48:5  49:10  50:2  51:4  52:5  53:2  54:2  55:2  56:1  57:5  58:3  61:2  63:2  64:1  65:3  66:2  68:2  69:3  72:1  76:1  78:2  83:1  87:1  100:2  107:1  114:1  154:1  178:1
  short unary avg len: 2.00
595.551868,4.528195,325.708681
[PASSED]
[time 1.28 s, user 1.17 s, sys 0.09 s, maxrss 159024 KB]
[busy 137 jiffies]
[exit 0]
--- c2 case 2 rec 1   load 0.83 0.86 0.86
[TEST C2-MARISA]
Processing dataset...
Done!
Building trie...
trie size: 2.034968 MB
trie size: 2.021012 MB
Done!
build time: 559.430819 ms (628.670020 ns per key)
space cost: 4.528195 MB (40.013003% of original size 11.316810 MB)
Querying trie...
Done!
total time: 296.825708 ms, avg latency: 333.563003 ns
topology: 0.839943 MB, link: 1.648341 MB, data: 2.019403 MB
--- Unary Path Analysis (Marisa, cutoff=3) ---
  branches: 1290446  |  single-char: 483681 (37.5%)  short-unary: 134846 (10.4%)  links: 671919 (52.1%)
  link len: avg=7.04  max=178  total_chars=4731655
  link length distribution (len:count):  3:128200  4:106194  5:84287  6:72656  7:58516  8:44149  9:36040  10:28839  11:21753  12:17688  13:15308  14:12510  15:9745  16:7525  17:6122  18:4690  19:3698  20:2882  21:2216  22:1721  23:1367  24:1119  25:897  26:746  27:562  28:441  29:368  30:406  31:316  32:177  33:153  34:106  35:106  36:75  37:44  38:54  39:50  40:27  41:25  42:13  43:21  44:16  45:7  46:10  47:6  48:5  49:10  50:2  51:4  52:5  53:2  54:2  55:2  56:1  57:5  58:3  61:2  63:2  64:1  65:3  66:2  68:2  69:3  72:1  76:1  78:2  83:1  87:1  100:2  107:1  114:1  154:1  178:1
  short unary avg len: 2.00
559.430819,4.528195,333.563003
[PASSED]
[time 1.24 s, user 1.13 s, sys 0.10 s, maxrss 158480 KB]
[busy 133 jiffies]
[exit 0]
--- c2 case 2 rec 0   load 0.83 0.86 0.86
[TEST C2-MARISA]
Processing dataset...
Done!
Building trie...
trie size: 2.034968 MB
Done!
build time: 486.877777 ms (547.137290 ns per key)
space cost: 5.148748 MB (45.496465% of original size 11.316810 MB)
Querying trie...
Done!
total time: 237.720885 ms, avg latency: 267.142940 ns
topology: 0.673512 MB, link: 1.684298 MB, data: 2.770432 MB
--- Unary Path Analysis (Marisa, cutoff=3) ---
  branches: 1290446  |  single-char: 483681 (37.5%)  short-unary: 134846 (10.4%)  links: 671919 (52.1%)
  link len: avg=7.04  max=178  total_chars=4731655
  link length distribution (len:count):  3:128200  4:106194  5:84287  6:72656  7:58516  8:44149  9:36040  10:28839  11:21753  12:17688  13:15308  14:12510  15:9745  16:7525  17:6122  18:4690  19:3698  20:2882  21:2216  22:1721  23:1367  24:1119  25:897  26:746  27:562  28:441  29:368  30:406  31:316  32:177  33:153  34:106  35:106  36:75  37:44  38:54  39:50  40:27  41:25  42:13  43:21  44:16  45:7  46:10  47:6  48:5  49:10  50:2  51:4  52:5  53:2  54:2  55:2  56:1  57:5  58:3  61:2  63:2  64:1  65:3  66:2  68:2  69:3  72:1  76:1  78:2  83:1  87:1  100:2  107:1  114:1  154:1  178:1
  short unary avg len: 2.00
486.877777,5.148748,267.142940
[PASSED]
[time 1.10 s, user 0.99 s, sys 0.09 s, maxrss 158448 KB]
[busy 116 jiffies]
[exit 0]
--- c2 case 1 rec 2   load 0.76 0.84 0.85
[TEST C2-CoCo(LOUDS-Sparse)]
Processing dataset...
Done!
Building trie...
trie size: 1.301167 MB
trie size: 0.188086 MB
Done!
build time: 1257.679591 ms (1413.339107 ns per key)
space cost: 5.460092 MB (48.247627% of original size 11.316810 MB)
Querying trie...
Done!
total time: 519.080782 ms, avg latency: 583.325971 ns
topology: 0.492825 MB, link: 1.813464 MB, data: 3.153803 MB
1257.679591,5.460092,583.325971
[PASSED]
[time 2.16 s, user 2.04 s, sys 0.11 s, maxrss 251780 KB]
[busy 227 jiffies]
[exit 0]
--- c2 case 1 rec 1   load 0.76 0.84 0.85
[TEST C2-CoCo(LOUDS-Sparse)]
Processing dataset...
Done!
Building trie...
trie size: 1.301167 MB
Done!
build time: 1242.128219 ms (1395.862985 ns per key)
space cost: 5.460092 MB (48.247627% of original size 11.316810 MB)
Querying trie...
Done!
total time: 520.474080 ms, avg latency: 584.891714 ns
topology: 0.492825 MB, link: 1.813464 MB, data: 3.153803 MB
1242.128219,5.460092,584.891714
[PASSED]
[time 2.15 s, user 2.02 s, sys 0.12 s, maxrss 251760 KB]
[busy 226 jiffies]
[exit 0]
--- c2 case 1 rec 0   load 0.78 0.84 0.85
[TEST C2-CoCo(LOUDS-Sparse)]
Processing dataset...
Done!
Building trie...
Done!
build time: 1190.695899 ms (1338.065029 ns per key)
space cost: 5.902932 MB (52.160740% of original size 11.316810 MB)
Querying trie...
Done!
total time: 470.372893 ms, avg latency: 528.589642 ns
topology: 0.365089 MB, link: 1.816309 MB, data: 3.721533 MB
1190.695899,5.902932,528.589642
[PASSED]
[time 2.04 s, user 1.91 s, sys 0.12 s, maxrss 251492 KB]
[busy 216 jiffies]
[exit 0]
--- c2 case 0 rec 2   load 0.78 0.84 0.85
[TEST C2-FST]
Processing dataset...
Done!
Building trie...
trie size: 1.301167 MB
trie size: 0.188086 MB
Done!
build time: 478.545425 ms (537.773665 ns per key)
space cost: 5.131913 MB (45.347703% of original size 11.316810 MB)
Querying trie...
Done!
total time: 368.378980 ms, avg latency: 413.972225 ns
topology: 0.978825 MB, link: 1.146868 MB, data: 3.006221 MB
--- Unary Path Analysis (FST, cutoff=4) ---
  shared unary steps in main trie: 344931
  terminal suffixes: inplace=288151 (avg len=1.99)  links=405388 (58.5% of terminal)
  link len: avg=7.08  max=176  total_chars=2869854
  link length distribution (len:count):  4:74698  5:65971  6:53798  7:40968  8:33851  9:27326  10:20764  11:16938  12:14649  13:12025  14:9410  15:7294  16:5909  17:4518  18:3598  19:2810  20:2154  21:1673  22:1340  23:1095  24:876  25:726  26:550  27:431  28:361  29:400  30:312  31:173  32:150  33:103  34:106  35:75  36:44  37:52  38:50  39:27  40:24  41:13  42:21  43:16  44:7  45:10  46:6  47:5  48:10  49:1  50:4  51:5  52:2  53:2  54:2  55:1  56:5  57:3  60:2  62:2  63:1  64:3  65:2  67:1  68:3  71:1  75:1  77:2  82:1  86:1  99:2  106:1  113:1  153:1  177:1
478.545425,5.131913,413.972225
[PASSED]
[time 1.24 s, user 1.15 s, sys 0.07 s, maxrss 129828 KB]
[busy 132 jiffies]
[exit 0]
--- c2 case 0 rec 1   load 0.80 0.85 0.85
[TEST C2-FST]
Processing dataset...
Done!
Building trie...
trie size: 1.301167 MB
Done!
build time: 459.435242 ms (516.298268 ns per key)
space cost: 5.131913 MB (45.347703% of original size 11.316810 MB)
Querying trie...
Done!
total time: 358.284465 ms, avg latency: 402.628340 ns
topology: 0.978825 MB, link: 1.146868 MB, data: 3.006221 MB
--- Unary Path Analysis (FST, cutoff=4) ---
  shared unary steps in main trie: 344931
  terminal suffixes: inplace=288151 (avg len=1.99)  links=405388 (58.5% of terminal)
  link len: avg=7.08  max=176  total_chars=2869854
  link length distribution (len:count):  4:74698  5:65971  6:53798  7:40968  8:33851  9:27326  10:20764  11:16938  12:14649  13:12025  14:9410  15:7294  16:5909  17:4518  18:3598  19:2810  20:2154  21:1673  22:1340  23:1095  24:876  25:726  26:550  27:431  28:361  29:400  30:312  31:173  32:150  33:103  34:106  35:75  36:44  37:52  38:50  39:27  40:24  41:13  42:21  43:16  44:7  45:10  46:6  47:5  48:10  49:1  50:4  51:5  52:2  53:2  54:2  55:1  56:5  57:3  60:2  62:2  63:1  64:3  65:2  67:1  68:3  71:1  75:1  77:2  82:1  86:1  99:2  106:1  113:1  153:1  177:1
459.435242,5.131913,402.628340
[PASSED]
[time 1.22 s, user 1.13 s, sys 0.08 s, maxrss 129912 KB]
[busy 129 jiffies]
[exit 0]
--- c2 case 0 rec 0   load 0.80 0.85 0.85
[TEST C2-FST]
Processing dataset...
Done!
Building trie...
Done!
build time: 400.882458 ms (450.498568 ns per key)
space cost: 5.574753 MB (49.260816% of original size 11.316810 MB)
Querying trie...
Done!
total time: 321.761169 ms, avg latency: 361.584657 ns
topology: 0.851089 MB, link: 1.149713 MB, data: 3.573951 MB
--- Unary Path Analysis (FST, cutoff=4) ---
  shared unary steps in main trie: 344931
  terminal suffixes: inplace=288151 (avg len=1.99)  links=405388 (58.5% of terminal)
  link len: avg=7.08  max=176  total_chars=2869854
  link length distribution (len:count):  4:74698  5:65971  6:53798  7:40968  8:33851  9:27326  10:20764  11:16938  12:14649  13:12025  14:9410  15:7294  16:5909  17:4518  18:3598  19:2810  20:2154  21:1673  22:1340  23:1095  24:876  25:726  26:550  27:431  28:361  29:400  30:312  31:173  32:150  33:103  34:106  35:75  36:44  37:52  38:50  39:27  40:24  41:13  42:21  43:16  44:7  45:10  46:6  47:5  48:10  49:1  50:4  51:5  52:2  53:2  54:2  55:1  56:5  57:3  60:2  62:2  63:1  64:3  65:2  67:1  68:3  71:1  75:1  77:2  82:1  86:1  99:2  106:1  113:1  153:1  177:1
400.882458,5.574753,361.584657
[PASSED]
[time 1.11 s, user 1.02 s, sys 0.08 s, maxrss 129468 KB]
[busy 119 jiffies]
[exit 0]
--- lexindex hashed16   load 0.82 0.85 0.86
889864 keys
lexindex HashedDictIndex fp=16: build 297 ms, size 7.558 MiB (8.906 B/key), latency cold 32.7 ns, then mean 28.8 / min 27.8 ns
296.615,7.558114,32.709
[time 0.82 s, user 1.76 s, sys 0.17 s, maxrss 219184 KB]
[busy 207 jiffies]
[exit 0]
--- lexindex hashed8   load 0.82 0.85 0.86
889864 keys
lexindex HashedDictIndex fp=8: build 299 ms, size 6.709 MiB (7.906 B/key), latency cold 34.2 ns, then mean 27.9 / min 27.5 ns
298.813,6.709474,34.178
[time 0.83 s, user 1.79 s, sys 0.18 s, maxrss 218428 KB]
[busy 211 jiffies]
[exit 0]
--- lexindex hashed0   load 0.75 0.84 0.85
889864 keys
lexindex HashedDictIndex closed: build 299 ms, size 5.861 MiB (6.906 B/key), latency cold 26.9 ns, then mean 22.6 / min 22.4 ns
299.382,5.860833,26.852
[time 0.80 s, user 1.80 s, sys 0.18 s, maxrss 207268 KB]
[busy 215 jiffies]
[exit 0]
--- lexindex string   load 0.75 0.84 0.85
889864 keys
lexindex StringIndex: build 474 ms, size 8.484 MiB (9.998 B/key), latency cold 208.1 ns, then mean 208.6 / min 203.8 ns
473.756,8.484477,208.078
[time 1.62 s, user 1.55 s, sys 0.06 s, maxrss 122612 KB]
[busy 175 jiffies]
[exit 0]
--- lexindex dict1024   load 0.75 0.84 0.85
889864 keys
lexindex DictIndex block 1024: build 236 ms, size 3.413 MiB (4.022 B/key), latency cold 440.7 ns, then mean 437.4 / min 431.9 ns
236.065,3.413095,440.656
[time 2.21 s, user 2.78 s, sys 0.14 s, maxrss 187424 KB]
[busy 316 jiffies]
[exit 0]
--- lexindex dict256   load 0.77 0.84 0.85
889864 keys
lexindex DictIndex block 256: build 217 ms, size 3.535 MiB (4.165 B/key), latency cold 362.8 ns, then mean 357.4 / min 352.2 ns
216.628,3.534916,362.806
[time 1.92 s, user 2.84 s, sys 0.16 s, maxrss 205028 KB]
[busy 316 jiffies]
[exit 0]
--- lexindex dict32   load 0.71 0.82 0.85
889864 keys
lexindex DictIndex block 32: build 212 ms, size 3.800 MiB (4.478 B/key), latency cold 338.3 ns, then mean 330.0 / min 327.9 ns
212.321,3.799900,338.296
[time 1.82 s, user 2.73 s, sys 0.18 s, maxrss 204208 KB]
[busy 309 jiffies]
[exit 0]

##### paths-1000000 (1000000 lines, 125978312 bytes)   round 2/3   2026-09-23T21:37:02+03:00
--- xcdat 16   load 0.71 0.82 0.85
build time: 1373.159414 ms
space cost: 25.154240 MiB (21.104567% of original size 119.188606 MiB)
avg latency: 704.721489 ns
1373.159414,25.154240,704.721489
[time 3.09 s, user 2.81 s, sys 0.25 s, maxrss 369268 KB]
[busy 325 jiffies]
[exit 0]
--- xcdat 15   load 0.73 0.83 0.85
build time: 1416.600974 ms
space cost: 23.949356 MiB (20.093662% of original size 119.188606 MiB)
avg latency: 623.254682 ns
1416.600974,23.949356,623.254682
[time 3.05 s, user 2.78 s, sys 0.25 s, maxrss 368060 KB]
[busy 320 jiffies]
[exit 0]
--- xcdat 8   load 0.75 0.83 0.85
build time: 1358.600036 ms
space cost: 18.497238 MiB (15.519301% of original size 119.188606 MiB)
avg latency: 712.663658 ns
1358.600036,18.497238,712.663658
[time 3.08 s, user 2.83 s, sys 0.23 s, maxrss 362404 KB]
[busy 322 jiffies]
[exit 0]
--- xcdat 7   load 0.77 0.83 0.85
build time: 1415.492800 ms
space cost: 18.455355 MiB (15.484160% of original size 119.188606 MiB)
avg latency: 706.857313 ns
1415.492800,18.455355,706.857313
[time 3.14 s, user 2.87 s, sys 0.25 s, maxrss 362164 KB]
[busy 331 jiffies]
[exit 0]
--- c2 case 8 rec 0   load 0.71 0.82 0.85
[TEST CART]
Processing dataset...
Done!
Building trie...
Done!
build time: 472.599047 ms (472.599047 ns per key)
space cost: 18.620093 MB (15.622377% of original size 119.188606 MB)
Querying trie...
Done!
total time: 835.171091 ms, avg latency: 835.171091 ns
not implemented
472.599047,18.620093,835.171091
[PASSED]
[time 2.34 s, user 2.07 s, sys 0.25 s, maxrss 496108 KB]
[busy 249 jiffies]
[exit 0]
--- c2 case 7 rec 0   load 0.71 0.82 0.85
[TEST ART]
Processing dataset...
Done!
Building trie...
Done!
build time: 416.926848 ms (416.926848 ns per key)
space cost: 34.675591 MB (29.093041% of original size 119.188606 MB)
Querying trie...
Done!
total time: 749.452792 ms, avg latency: 749.452792 ns
not implemented
416.926848,34.675591,749.452792
[PASSED]
[time 2.21 s, user 1.93 s, sys 0.26 s, maxrss 505672 KB]
[busy 231 jiffies]
[exit 0]
--- c2 case 6 rec 0   load 0.74 0.82 0.85
[TEST PDT]
Processing dataset...
Done!
Building trie...
dict size: 153672, stream size: 10323140
Done!
build time: 4799.221038 ms (4799.221038 ns per key)
space cost: 11.267526 MB (9.453526% of original size 119.188606 MB)
Querying trie...
Done!
total time: 1084.320971 ms, avg latency: 1084.320971 ns
not implemented
4799.221038,11.267526,1084.320971
[PASSED]
[time 6.90 s, user 6.56 s, sys 0.30 s, maxrss 389036 KB]
[busy 717 jiffies]
[exit 0]
--- c2 case 5 rec 2   load 0.76 0.83 0.85
[TEST MARISA]
Processing dataset...
Done!
Building trie...
Done!
build time: 1822.678988 ms (1822.678988 ns per key)
space cost: 9.029414 MB (7.575736% of original size 119.188606 MB)
Querying trie...
Done!
total time: 2241.047406 ms, avg latency: 2241.047406 ns
not implemented
1822.678988,9.029414,2241.047406
[PASSED]
[time 5.02 s, user 4.78 s, sys 0.22 s, maxrss 411400 KB]
[busy 525 jiffies]
[exit 0]
--- c2 case 5 rec 1   load 0.71 0.81 0.84
[TEST MARISA]
Processing dataset...
Done!
Building trie...
Done!
build time: 1811.433029 ms (1811.433029 ns per key)
space cost: 9.428862 MB (7.910875% of original size 119.188606 MB)
Querying trie...
Done!
total time: 1788.496043 ms, avg latency: 1788.496043 ns
not implemented
1811.433029,9.428862,1788.496043
[PASSED]
[time 4.56 s, user 4.31 s, sys 0.22 s, maxrss 411772 KB]
[busy 478 jiffies]
[exit 0]
--- c2 case 5 rec 0   load 0.74 0.82 0.84
[TEST MARISA]
Processing dataset...
Done!
Building trie...
Done!
build time: 1664.663118 ms (1664.663118 ns per key)
space cost: 12.257486 MB (10.284109% of original size 119.188606 MB)
Querying trie...
Done!
total time: 978.892802 ms, avg latency: 978.892802 ns
not implemented
1664.663118,12.257486,978.892802
[PASSED]
[time 3.61 s, user 3.38 s, sys 0.22 s, maxrss 411340 KB]
[busy 381 jiffies]
[exit 0]
--- c2 case 4 rec 0   load 0.68 0.80 0.84
[TEST COCO]
Processing dataset...
Done!
Building trie...
num nodes = 584148, average depth = 12.594651
ef = 0.000038, pa = 0.103241, bv = 0.000608, de = 0.597184
efr = 0.000176, par = 0.181430, bvr = 0.000135, der = 0.117188
Done!
build time: 45227.224880 ms (45227.224880 ns per key)
space cost: 19.697372 MB (16.526221% of original size 119.188606 MB)
Querying trie...
Done!
total time: 1379.598708 ms, avg latency: 1379.598708 ns
not implemented
45227.224880,19.697372,1379.598708
[PASSED]
[time 49.09 s, user 39.17 s, sys 9.73 s, maxrss 23293220 KB]
[busy 5087 jiffies]
[exit 0]
--- c2 case 3 rec 0   load 0.86 0.84 0.85
[TEST FST]
Processing dataset...
Done!
Building trie...
Done!
build time: 3317.046002 ms (3317.046002 ns per key)
space cost: 14.021067 MB (11.763764% of original size 119.188606 MB)
Querying trie...
Done!
total time: 4626.933460 ms, avg latency: 4626.933460 ns
not implemented
3317.046002,14.021067,4626.933460
[PASSED]
[time 8.97 s, user 8.73 s, sys 0.21 s, maxrss 358008 KB]
[busy 927 jiffies]
[exit 0]
--- c2 case 2 rec 2   load 0.88 0.84 0.85
[TEST C2-MARISA]
Processing dataset...
Done!
Building trie...
trie size: 2.297644 MB
trie size: 3.841883 MB
trie size: 0.864431 MB
Done!
build time: 1817.624015 ms (1817.624015 ns per key)
space cost: 9.839272 MB (8.255212% of original size 119.188606 MB)
Querying trie...
Done!
total time: 1637.311754 ms, avg latency: 1637.311754 ns
topology: 1.073097 MB, link: 3.403300 MB, data: 5.342366 MB
--- Unary Path Analysis (Marisa, cutoff=3) ---
  branches: 1534795  |  single-char: 270841 (17.6%)  short-unary: 45134 (2.9%)  links: 1218820 (79.4%)
  link len: avg=14.88  max=445  total_chars=18132830
  link length distribution (len:count):  3:37127  4:49365  5:75461  6:91989  7:72185  8:66513  9:63973  10:68956  11:73223  12:65790  13:57380  14:41495  15:36762  16:42631  17:41179  18:27817  19:22377  20:18838  21:17845  22:16718  23:15115  24:13613  25:12555  26:39233  27:27982  28:7379  29:6328  30:6087  31:6172  32:5955  33:5265  34:5643  35:4792  36:4909  37:5534  38:9417  39:5190  40:12044  41:4130  42:3423  43:3194  44:2134  45:1772  46:1642  47:1384  48:1261  49:1057  50:900  51:919  52:1030  53:750  54:799  55:667  56:702  57:772  58:823  59:1198  60:1008  61:899  62:972  63:712  64:409  65:454  66:414  67:320  68:269  69:256  70:270  71:258  72:280  73:453  74:258  75:356  76:221  77:315  78:88  79:138  80:65  81:34  82:48  83:40  84:34  85:38  86:63  87:38  88:23  89:36  90:23  91:6  92:6  93:19  94:8  95:11  96:14  97:13  98:3  99:5  100:4  101:12  102:17  103:11  104:6  105:17  106:9  107:12  108:11  109:7  110:2  111:4  112:1  113:2  114:4  115:4  116:4  117:3  118:4  119:14  120:6  121:1  123:2  124:3  125:38  126:23  127:156  128:15  129:61  130:3  131:1  132:3  133:2  134:1  136:1  137:3  138:6  139:1  140:1  143:4  144:2  145:2  146:2  147:2  149:1  152:3  153:1  155:2  157:1  160:2  161:2  162:2  166:3  167:1  168:1  172:1  173:3  174:1  175:1  176:1  183:2  185:1  188:4  189:2  191:2  192:3  195:2  196:3  199:1  202:1  203:1  204:1  206:1  207:2  216:1  220:1  230:1  234:1  236:1  244:1  248:1  258:1  266:1  445:1
  short unary avg len: 2.00
1817.624015,9.839272,1637.311754
[PASSED]
[time 4.46 s, user 4.18 s, sys 0.25 s, maxrss 353796 KB]
[busy 465 jiffies]
[exit 0]
--- c2 case 2 rec 1   load 0.89 0.85 0.85
[TEST C2-MARISA]
Processing dataset...
Done!
Building trie...
trie size: 2.297644 MB
trie size: 3.841883 MB
Done!
build time: 1658.794837 ms (1658.794837 ns per key)
space cost: 9.839272 MB (8.255212% of original size 119.188606 MB)
Querying trie...
Done!
total time: 1626.928947 ms, avg latency: 1626.928947 ns
topology: 1.073097 MB, link: 3.403300 MB, data: 5.342366 MB
--- Unary Path Analysis (Marisa, cutoff=3) ---
  branches: 1534795  |  single-char: 270841 (17.6%)  short-unary: 45134 (2.9%)  links: 1218820 (79.4%)
  link len: avg=14.88  max=445  total_chars=18132830
  link length distribution (len:count):  3:37127  4:49365  5:75461  6:91989  7:72185  8:66513  9:63973  10:68956  11:73223  12:65790  13:57380  14:41495  15:36762  16:42631  17:41179  18:27817  19:22377  20:18838  21:17845  22:16718  23:15115  24:13613  25:12555  26:39233  27:27982  28:7379  29:6328  30:6087  31:6172  32:5955  33:5265  34:5643  35:4792  36:4909  37:5534  38:9417  39:5190  40:12044  41:4130  42:3423  43:3194  44:2134  45:1772  46:1642  47:1384  48:1261  49:1057  50:900  51:919  52:1030  53:750  54:799  55:667  56:702  57:772  58:823  59:1198  60:1008  61:899  62:972  63:712  64:409  65:454  66:414  67:320  68:269  69:256  70:270  71:258  72:280  73:453  74:258  75:356  76:221  77:315  78:88  79:138  80:65  81:34  82:48  83:40  84:34  85:38  86:63  87:38  88:23  89:36  90:23  91:6  92:6  93:19  94:8  95:11  96:14  97:13  98:3  99:5  100:4  101:12  102:17  103:11  104:6  105:17  106:9  107:12  108:11  109:7  110:2  111:4  112:1  113:2  114:4  115:4  116:4  117:3  118:4  119:14  120:6  121:1  123:2  124:3  125:38  126:23  127:156  128:15  129:61  130:3  131:1  132:3  133:2  134:1  136:1  137:3  138:6  139:1  140:1  143:4  144:2  145:2  146:2  147:2  149:1  152:3  153:1  155:2  157:1  160:2  161:2  162:2  166:3  167:1  168:1  172:1  173:3  174:1  175:1  176:1  183:2  185:1  188:4  189:2  191:2  192:3  195:2  196:3  199:1  202:1  203:1  204:1  206:1  207:2  216:1  220:1  230:1  234:1  236:1  244:1  248:1  258:1  266:1  445:1
  short unary avg len: 2.00
1658.794837,9.839272,1626.928947
[PASSED]
[time 4.30 s, user 4.04 s, sys 0.23 s, maxrss 354052 KB]
[busy 449 jiffies]
[exit 0]
--- c2 case 2 rec 0   load 0.90 0.85 0.85
[TEST C2-MARISA]
Processing dataset...
Done!
Building trie...
trie size: 2.297644 MB
Done!
build time: 1348.819431 ms (1348.819431 ns per key)
space cost: 11.928165 MB (10.007807% of original size 119.188606 MB)
Querying trie...
Done!
total time: 893.467424 ms, avg latency: 893.467424 ns
topology: 0.761036 MB, link: 3.343996 MB, data: 7.802626 MB
--- Unary Path Analysis (Marisa, cutoff=3) ---
  branches: 1534795  |  single-char: 270841 (17.6%)  short-unary: 45134 (2.9%)  links: 1218820 (79.4%)
  link len: avg=14.88  max=445  total_chars=18132830
  link length distribution (len:count):  3:37127  4:49365  5:75461  6:91989  7:72185  8:66513  9:63973  10:68956  11:73223  12:65790  13:57380  14:41495  15:36762  16:42631  17:41179  18:27817  19:22377  20:18838  21:17845  22:16718  23:15115  24:13613  25:12555  26:39233  27:27982  28:7379  29:6328  30:6087  31:6172  32:5955  33:5265  34:5643  35:4792  36:4909  37:5534  38:9417  39:5190  40:12044  41:4130  42:3423  43:3194  44:2134  45:1772  46:1642  47:1384  48:1261  49:1057  50:900  51:919  52:1030  53:750  54:799  55:667  56:702  57:772  58:823  59:1198  60:1008  61:899  62:972  63:712  64:409  65:454  66:414  67:320  68:269  69:256  70:270  71:258  72:280  73:453  74:258  75:356  76:221  77:315  78:88  79:138  80:65  81:34  82:48  83:40  84:34  85:38  86:63  87:38  88:23  89:36  90:23  91:6  92:6  93:19  94:8  95:11  96:14  97:13  98:3  99:5  100:4  101:12  102:17  103:11  104:6  105:17  106:9  107:12  108:11  109:7  110:2  111:4  112:1  113:2  114:4  115:4  116:4  117:3  118:4  119:14  120:6  121:1  123:2  124:3  125:38  126:23  127:156  128:15  129:61  130:3  131:1  132:3  133:2  134:1  136:1  137:3  138:6  139:1  140:1  143:4  144:2  145:2  146:2  147:2  149:1  152:3  153:1  155:2  157:1  160:2  161:2  162:2  166:3  167:1  168:1  172:1  173:3  174:1  175:1  176:1  183:2  185:1  188:4  189:2  191:2  192:3  195:2  196:3  199:1  202:1  203:1  204:1  206:1  207:2  216:1  220:1  230:1  234:1  236:1  244:1  248:1  258:1  266:1  445:1
  short unary avg len: 2.00
1348.819431,11.928165,893.467424
[PASSED]
[time 3.25 s, user 2.99 s, sys 0.23 s, maxrss 356208 KB]
[busy 338 jiffies]
[exit 0]
--- c2 case 1 rec 2   load 0.91 0.85 0.85
[TEST C2-CoCo(LOUDS-Sparse)]
Processing dataset...
Done!
Building trie...
trie size: 2.746100 MB
trie size: 0.687543 MB
Done!
build time: 5478.069683 ms (5478.069683 ns per key)
space cost: 13.118518 MB (11.006521% of original size 119.188606 MB)
Querying trie...
Done!
total time: 1864.617822 ms, avg latency: 1864.617822 ns
topology: 0.719440 MB, link: 3.961886 MB, data: 8.437192 MB
5478.069683,13.118518,1864.617822
[PASSED]
[time 8.34 s, user 8.02 s, sys 0.29 s, maxrss 591264 KB]
[busy 869 jiffies]
[exit 0]
--- c2 case 1 rec 1   load 0.92 0.86 0.86
[TEST C2-CoCo(LOUDS-Sparse)]
Processing dataset...
Done!
Building trie...
trie size: 2.746100 MB
Done!
build time: 5408.830811 ms (5408.830811 ns per key)
space cost: 13.118518 MB (11.006521% of original size 119.188606 MB)
Querying trie...
Done!
total time: 1830.826653 ms, avg latency: 1830.826653 ns
topology: 0.719440 MB, link: 3.961886 MB, data: 8.437192 MB
5408.830811,13.118518,1830.826653
[PASSED]
[time 8.23 s, user 7.88 s, sys 0.32 s, maxrss 587712 KB]
[busy 856 jiffies]
[exit 0]
--- c2 case 1 rec 0   load 0.93 0.86 0.86
[TEST C2-CoCo(LOUDS-Sparse)]
Processing dataset...
Done!
Building trie...
Done!
build time: 5144.345074 ms (5144.345074 ns per key)
space cost: 14.878411 MB (12.483082% of original size 119.188606 MB)
Querying trie...
Done!
total time: 1689.179703 ms, avg latency: 1689.179703 ns
topology: 0.476959 MB, link: 4.004946 MB, data: 10.396506 MB
5144.345074,14.878411,1689.179703
[PASSED]
[time 7.84 s, user 7.47 s, sys 0.33 s, maxrss 595620 KB]
[busy 815 jiffies]
[exit 0]
--- c2 case 0 rec 2   load 0.94 0.86 0.86
[TEST C2-FST]
Processing dataset...
Done!
Building trie...
trie size: 2.746100 MB
trie size: 0.687543 MB
Done!
build time: 1790.158307 ms (1790.158307 ns per key)
space cost: 12.500864 MB (10.488305% of original size 119.188606 MB)
Querying trie...
Done!
total time: 2642.458187 ms, avg latency: 2642.458187 ns
topology: 1.942371 MB, link: 2.552141 MB, data: 8.006351 MB
--- Unary Path Analysis (FST, cutoff=4) ---
  shared unary steps in main trie: 2658278
  terminal suffixes: inplace=39819 (avg len=2.28)  links=891354 (95.7% of terminal)
  link len: avg=14.94  max=443  total_chars=13318660
  link length distribution (len:count):  4:40001  5:49577  6:45421  7:46380  8:50483  9:55180  10:56608  11:54673  12:51140  13:35047  14:30416  15:36724  16:35248  17:24069  18:19466  19:17073  20:16018  21:15299  22:13878  23:12677  24:11568  25:37816  26:26754  27:6712  28:5420  29:5541  30:5676  31:5365  32:4659  33:5334  34:4520  35:4652  36:5350  37:9255  38:4943  39:11477  40:3024  41:2087  42:2051  43:1854  44:1606  45:1448  46:1135  47:1025  48:963  49:801  50:774  51:907  52:679  53:727  54:589  55:642  56:710  57:689  58:824  59:515  60:781  61:937  62:666  63:360  64:436  65:381  66:289  67:245  68:235  69:250  70:244  71:266  72:444  73:249  74:341  75:214  76:315  77:82  78:131  79:63  80:31  81:46  82:38  83:33  84:32  85:58  86:34  87:20  88:33  89:21  90:5  91:6  92:18  93:7  94:11  95:14  96:12  97:3  98:4  99:4  100:10  101:17  102:11  103:6  104:17  105:9  106:12  107:11  108:7  109:2  110:3  111:1  112:2  113:4  114:3  115:4  116:3  117:4  118:13  119:5  120:1  122:2  123:3  124:38  125:23  126:156  127:15  128:61  129:3  130:1  131:3  132:2  133:1  136:3  137:6  138:1  139:1  142:4  143:1  144:2  145:2  146:2  151:3  152:1  154:2  159:2  160:2  161:2  165:3  167:1  171:1  172:3  173:1  174:1  175:1  182:1  187:3  188:1  190:2  191:1  194:1  195:3  198:1  201:1  202:1  203:1  205:1  206:1  215:1  219:1  233:1  235:1  243:1  247:1  257:1  265:1  444:1
1790.158307,12.500864,2642.458187
[PASSED]
[time 5.44 s, user 5.18 s, sys 0.22 s, maxrss 356796 KB]
[busy 566 jiffies]
[exit 0]
--- c2 case 0 rec 1   load 0.87 0.85 0.85
[TEST C2-FST]
Processing dataset...
Done!
Building trie...
trie size: 2.746100 MB
Done!
build time: 1659.034858 ms (1659.034858 ns per key)
space cost: 12.500864 MB (10.488305% of original size 119.188606 MB)
Querying trie...
Done!
total time: 2645.122585 ms, avg latency: 2645.122585 ns
topology: 1.942371 MB, link: 2.552141 MB, data: 8.006351 MB
--- Unary Path Analysis (FST, cutoff=4) ---
  shared unary steps in main trie: 2658278
  terminal suffixes: inplace=39819 (avg len=2.28)  links=891354 (95.7% of terminal)
  link len: avg=14.94  max=443  total_chars=13318660
  link length distribution (len:count):  4:40001  5:49577  6:45421  7:46380  8:50483  9:55180  10:56608  11:54673  12:51140  13:35047  14:30416  15:36724  16:35248  17:24069  18:19466  19:17073  20:16018  21:15299  22:13878  23:12677  24:11568  25:37816  26:26754  27:6712  28:5420  29:5541  30:5676  31:5365  32:4659  33:5334  34:4520  35:4652  36:5350  37:9255  38:4943  39:11477  40:3024  41:2087  42:2051  43:1854  44:1606  45:1448  46:1135  47:1025  48:963  49:801  50:774  51:907  52:679  53:727  54:589  55:642  56:710  57:689  58:824  59:515  60:781  61:937  62:666  63:360  64:436  65:381  66:289  67:245  68:235  69:250  70:244  71:266  72:444  73:249  74:341  75:214  76:315  77:82  78:131  79:63  80:31  81:46  82:38  83:33  84:32  85:58  86:34  87:20  88:33  89:21  90:5  91:6  92:18  93:7  94:11  95:14  96:12  97:3  98:4  99:4  100:10  101:17  102:11  103:6  104:17  105:9  106:12  107:11  108:7  109:2  110:3  111:1  112:2  113:4  114:3  115:4  116:3  117:4  118:13  119:5  120:1  122:2  123:3  124:38  125:23  126:156  127:15  128:61  129:3  130:1  131:3  132:2  133:1  136:3  137:6  138:1  139:1  142:4  143:1  144:2  145:2  146:2  151:3  152:1  154:2  159:2  160:2  161:2  165:3  167:1  171:1  172:3  173:1  174:1  175:1  182:1  187:3  188:1  190:2  191:1  194:1  195:3  198:1  201:1  202:1  203:1  205:1  206:1  215:1  219:1  233:1  235:1  243:1  247:1  257:1  265:1  444:1
1659.034858,12.500864,2645.122585
[PASSED]
[time 5.33 s, user 5.10 s, sys 0.20 s, maxrss 356276 KB]
[busy 554 jiffies]
[exit 0]
--- c2 case 0 rec 0   load 0.88 0.85 0.86
[TEST C2-FST]
Processing dataset...
Done!
Building trie...
Done!
build time: 1458.379176 ms (1458.379176 ns per key)
space cost: 14.260756 MB (11.964866% of original size 119.188606 MB)
Querying trie...
Done!
total time: 2440.229868 ms, avg latency: 2440.229868 ns
topology: 1.699890 MB, link: 2.595201 MB, data: 9.965666 MB
--- Unary Path Analysis (FST, cutoff=4) ---
  shared unary steps in main trie: 2658278
  terminal suffixes: inplace=39819 (avg len=2.28)  links=891354 (95.7% of terminal)
  link len: avg=14.94  max=443  total_chars=13318660
  link length distribution (len:count):  4:40001  5:49577  6:45421  7:46380  8:50483  9:55180  10:56608  11:54673  12:51140  13:35047  14:30416  15:36724  16:35248  17:24069  18:19466  19:17073  20:16018  21:15299  22:13878  23:12677  24:11568  25:37816  26:26754  27:6712  28:5420  29:5541  30:5676  31:5365  32:4659  33:5334  34:4520  35:4652  36:5350  37:9255  38:4943  39:11477  40:3024  41:2087  42:2051  43:1854  44:1606  45:1448  46:1135  47:1025  48:963  49:801  50:774  51:907  52:679  53:727  54:589  55:642  56:710  57:689  58:824  59:515  60:781  61:937  62:666  63:360  64:436  65:381  66:289  67:245  68:235  69:250  70:244  71:266  72:444  73:249  74:341  75:214  76:315  77:82  78:131  79:63  80:31  81:46  82:38  83:33  84:32  85:58  86:34  87:20  88:33  89:21  90:5  91:6  92:18  93:7  94:11  95:14  96:12  97:3  98:4  99:4  100:10  101:17  102:11  103:6  104:17  105:9  106:12  107:11  108:7  109:2  110:3  111:1  112:2  113:4  114:3  115:4  116:3  117:4  118:13  119:5  120:1  122:2  123:3  124:38  125:23  126:156  127:15  128:61  129:3  130:1  131:3  132:2  133:1  136:3  137:6  138:1  139:1  142:4  143:1  144:2  145:2  146:2  151:3  152:1  154:2  159:2  160:2  161:2  165:3  167:1  171:1  172:3  173:1  174:1  175:1  182:1  187:3  188:1  190:2  191:1  194:1  195:3  198:1  201:1  202:1  203:1  205:1  206:1  215:1  219:1  233:1  235:1  243:1  247:1  257:1  265:1  444:1
1458.379176,14.260756,2440.229868
[PASSED]
[time 4.91 s, user 4.68 s, sys 0.20 s, maxrss 358644 KB]
[busy 511 jiffies]
[exit 0]
--- lexindex hashed16   load 0.89 0.86 0.86
1000000 keys
lexindex HashedDictIndex fp=16: build 814 ms, size 13.935 MiB (14.611 B/key), latency cold 102.7 ns, then mean 101.4 / min 99.6 ns
813.779,13.934555,102.747
[time 2.02 s, user 4.96 s, sys 0.39 s, maxrss 499676 KB]
[busy 561 jiffies]
[exit 0]
--- lexindex hashed8   load 0.82 0.84 0.85
1000000 keys
lexindex HashedDictIndex fp=8: build 816 ms, size 12.981 MiB (13.611 B/key), latency cold 99.8 ns, then mean 99.0 / min 96.1 ns
816.153,12.980881,99.821
[time 2.02 s, user 4.95 s, sys 0.43 s, maxrss 498924 KB]
[busy 566 jiffies]
[exit 0]
--- lexindex hashed0   load 0.82 0.84 0.85
1000000 keys
lexindex HashedDictIndex closed: build 819 ms, size 12.027 MiB (12.611 B/key), latency cold 76.4 ns, then mean 75.7 / min 74.5 ns
819.277,12.027206,76.355
[time 1.92 s, user 4.85 s, sys 0.41 s, maxrss 497640 KB]
[busy 550 jiffies]
[exit 0]
--- lexindex string   load 0.83 0.85 0.85
1000000 keys
lexindex StringIndex: build 1452 ms, size 16.673 MiB (17.483 B/key), latency cold 765.8 ns, then mean 764.6 / min 756.2 ns
1451.734,16.673446,765.823
[time 5.32 s, user 5.09 s, sys 0.20 s, maxrss 363096 KB]
[busy 562 jiffies]
[exit 0]
--- lexindex dict1024   load 0.85 0.85 0.85
1000000 keys
lexindex DictIndex block 1024: build 740 ms, size 8.891 MiB (9.323 B/key), latency cold 857.6 ns, then mean 856.2 / min 852.9 ns
739.898,8.891459,857.640
[time 4.97 s, user 6.78 s, sys 0.36 s, maxrss 507356 KB]
[busy 748 jiffies]
[exit 0]
--- lexindex dict256   load 0.86 0.85 0.85
1000000 keys
lexindex DictIndex block 256: build 688 ms, size 9.414 MiB (9.871 B/key), latency cold 805.8 ns, then mean 803.4 / min 798.3 ns
687.708,9.413641,805.816
[time 4.71 s, user 7.63 s, sys 0.41 s, maxrss 496516 KB]
[busy 840 jiffies]
[exit 0]
--- lexindex dict32   load 0.87 0.85 0.86
1000000 keys
lexindex DictIndex block 32: build 669 ms, size 12.389 MiB (12.991 B/key), latency cold 827.1 ns, then mean 817.7 / min 815.3 ns
668.515,12.389187,827.115
[time 4.75 s, user 7.54 s, sys 0.41 s, maxrss 496564 KB]
[busy 826 jiffies]
[exit 0]

##### opaque-1000000 (1000000 lines, 17000000 bytes)   round 2/3   2026-09-23T21:40:23+03:00
--- xcdat 16   load 0.81 0.84 0.85
build time: 646.972846 ms
space cost: 19.227987 MiB (126.012538% of original size 15.258789 MiB)
avg latency: 213.480239 ns
646.972846,19.227987,213.480239
[time 1.55 s, user 1.43 s, sys 0.10 s, maxrss 179648 KB]
[busy 165 jiffies]
[exit 0]
--- xcdat 15   load 0.81 0.84 0.85
build time: 660.157429 ms
space cost: 19.094490 MiB (125.137650% of original size 15.258789 MiB)
avg latency: 208.347632 ns
660.157429,19.094490,208.347632
[time 1.55 s, user 1.43 s, sys 0.11 s, maxrss 180904 KB]
[busy 163 jiffies]
[exit 0]
--- xcdat 8   load 0.75 0.83 0.85
build time: 647.507101 ms
space cost: 18.565336 MiB (121.669787% of original size 15.258789 MiB)
avg latency: 214.270895 ns
647.507101,18.565336,214.270895
[time 1.54 s, user 1.42 s, sys 0.11 s, maxrss 180124 KB]
[busy 166 jiffies]
[exit 0]
--- xcdat 7   load 0.75 0.83 0.85
build time: 666.450048 ms
space cost: 19.932177 MiB (130.627512% of original size 15.258789 MiB)
avg latency: 223.483653 ns
666.450048,19.932177,223.483653
[time 1.57 s, user 1.45 s, sys 0.11 s, maxrss 173280 KB]
[busy 167 jiffies]
[exit 0]
--- c2 case 8 rec 0   load 0.69 0.81 0.84
[TEST CART]
Processing dataset...
Done!
Building trie...
Done!
build time: 168.159107 ms (168.159107 ns per key)
space cost: 11.383729 MB (74.604406% of original size 15.258789 MB)
Querying trie...
Done!
total time: 223.385448 ms, avg latency: 223.385448 ns
not implemented
168.159107,11.383729,223.385448
[PASSED]
[time 1.06 s, user 0.97 s, sys 0.09 s, maxrss 160908 KB]
[busy 117 jiffies]
[exit 0]
--- c2 case 7 rec 0   load 0.69 0.81 0.84
[TEST ART]
Processing dataset...
Done!
Building trie...
Done!
build time: 149.615740 ms (149.615740 ns per key)
space cost: 30.301407 MB (198.583300% of original size 15.258789 MB)
Querying trie...
Done!
total time: 178.541022 ms, avg latency: 178.541022 ns
not implemented
149.615740,30.301407,178.541022
[PASSED]
[time 1.00 s, user 0.90 s, sys 0.09 s, maxrss 178748 KB]
[busy 106 jiffies]
[exit 0]
--- c2 case 6 rec 0   load 0.69 0.81 0.84
[TEST PDT]
Processing dataset...
Done!
Building trie...
dict size: 177882, stream size: 12826382
Done!
build time: 16088.799174 ms (16088.799174 ns per key)
space cost: 13.677892 MB (89.639431% of original size 15.258789 MB)
Querying trie...
Done!
total time: 600.318167 ms, avg latency: 600.318167 ns
not implemented
16088.799174,13.677892,600.318167
[PASSED]
[time 17.34 s, user 17.07 s, sys 0.20 s, maxrss 361052 KB]
[busy 1803 jiffies]
[exit 0]
--- c2 case 5 rec 2   load 0.78 0.83 0.85
[TEST MARISA]
Processing dataset...
Done!
Building trie...
Done!
build time: 960.496050 ms (960.496050 ns per key)
space cost: 17.949429 MB (117.633375% of original size 15.258789 MB)
Querying trie...
Done!
total time: 967.658475 ms, avg latency: 967.658475 ns
not implemented
960.496050,17.949429,967.658475
[PASSED]
[time 2.59 s, user 2.43 s, sys 0.14 s, maxrss 225800 KB]
[busy 273 jiffies]
[exit 0]
--- c2 case 5 rec 1   load 0.79 0.83 0.85
[TEST MARISA]
Processing dataset...
Done!
Building trie...
Done!
build time: 738.428349 ms (738.428349 ns per key)
space cost: 17.634758 MB (115.571150% of original size 15.258789 MB)
Querying trie...
Done!
total time: 691.681617 ms, avg latency: 691.681617 ns
not implemented
738.428349,17.634758,691.681617
[PASSED]
[time 2.08 s, user 1.95 s, sys 0.12 s, maxrss 185520 KB]
[busy 219 jiffies]
[exit 0]
--- c2 case 5 rec 0   load 0.79 0.83 0.85
[TEST MARISA]
Processing dataset...
Done!
Building trie...
Done!
build time: 472.994801 ms (472.994801 ns per key)
space cost: 17.200768 MB (112.726950% of original size 15.258789 MB)
Querying trie...
Done!
total time: 462.133915 ms, avg latency: 462.133915 ns
not implemented
472.994801,17.200768,462.133915
[PASSED]
[time 1.58 s, user 1.46 s, sys 0.11 s, maxrss 194916 KB]
[busy 169 jiffies]
[exit 0]
--- c2 case 4 rec 0   load 0.81 0.83 0.85
[TEST COCO]
Processing dataset...
Done!
Building trie...
num nodes = 4097, average depth = 12.997071
ef = 0.000000, pa = 0.000000, bv = 0.000000, de = 0.000000
efr = 0.000000, par = 0.999756, bvr = 0.000244, der = 0.000000
Done!
build time: 17293.726644 ms (17293.726644 ns per key)
space cost: 10.595579 MB (69.439184% of original size 15.258789 MB)
Querying trie...
Done!
total time: 478.900352 ms, avg latency: 478.900352 ns
not implemented
17293.726644,10.595579,478.900352
[PASSED]
[time 19.19 s, user 14.33 s, sys 4.78 s, maxrss 11388904 KB]
[busy 2000 jiffies]
[exit 0]
--- c2 case 3 rec 0   load 0.87 0.84 0.85
[TEST FST]
Processing dataset...
Done!
Building trie...
Done!
build time: 653.111656 ms (653.111656 ns per key)
space cost: 16.760878 MB (109.844088% of original size 15.258789 MB)
Querying trie...
Done!
total time: 343.527725 ms, avg latency: 343.527725 ns
not implemented
653.111656,16.760878,343.527725
[PASSED]
[time 1.64 s, user 1.56 s, sys 0.08 s, maxrss 147112 KB]
[busy 173 jiffies]
[exit 0]
--- c2 case 2 rec 2   load 0.80 0.83 0.85
[TEST C2-MARISA]
Processing dataset...
Done!
Building trie...
trie size: 1.836515 MB
trie size: 4.316792 MB
Done!
build time: 1999.430656 ms (1999.430656 ns per key)
space cost: 16.609414 MB (108.851456% of original size 15.258789 MB)
Querying trie...
Done!
total time: 338.706372 ms, avg latency: 338.706372 ns
topology: 0.607349 MB, link: 2.863268 MB, data: 13.118289 MB
--- Unary Path Analysis (Marisa, cutoff=3) ---
  branches: 1267337  |  single-char: 266306 (21.0%)  short-unary: 1021 (0.1%)  links: 1000010 (78.9%)
  link len: avg=12.96  max=14  total_chars=12963813
  link length distribution (len:count):  3:10  10:6  11:856  12:56569  13:920487  14:22082
  short unary avg len: 2.00
1999.430656,16.609414,338.706372
[PASSED]
[time 2.98 s, user 2.79 s, sys 0.18 s, maxrss 283356 KB]
[busy 315 jiffies]
[exit 0]
--- c2 case 2 rec 1   load 0.80 0.83 0.85
[TEST C2-MARISA]
Processing dataset...
Done!
Building trie...
trie size: 1.836515 MB
trie size: 4.316792 MB
Done!
build time: 1989.948432 ms (1989.948432 ns per key)
space cost: 16.609414 MB (108.851456% of original size 15.258789 MB)
Querying trie...
Done!
total time: 339.539339 ms, avg latency: 339.539339 ns
topology: 0.607349 MB, link: 2.863268 MB, data: 13.118289 MB
--- Unary Path Analysis (Marisa, cutoff=3) ---
  branches: 1267337  |  single-char: 266306 (21.0%)  short-unary: 1021 (0.1%)  links: 1000010 (78.9%)
  link len: avg=12.96  max=14  total_chars=12963813
  link length distribution (len:count):  3:10  10:6  11:856  12:56569  13:920487  14:22082
  short unary avg len: 2.00
1989.948432,16.609414,339.539339
[PASSED]
[time 2.97 s, user 2.76 s, sys 0.19 s, maxrss 283516 KB]
[busy 314 jiffies]
[exit 0]
--- c2 case 2 rec 0   load 0.81 0.83 0.85
[TEST C2-MARISA]
Processing dataset...
Done!
Building trie...
trie size: 1.836515 MB
Done!
build time: 982.253029 ms (982.253029 ns per key)
space cost: 16.609414 MB (108.851456% of original size 15.258789 MB)
Querying trie...
Done!
total time: 334.436547 ms, avg latency: 334.436547 ns
topology: 0.607349 MB, link: 2.863268 MB, data: 13.118289 MB
--- Unary Path Analysis (Marisa, cutoff=3) ---
  branches: 1267337  |  single-char: 266306 (21.0%)  short-unary: 1021 (0.1%)  links: 1000010 (78.9%)
  link len: avg=12.96  max=14  total_chars=12963813
  link length distribution (len:count):  3:10  10:6  11:856  12:56569  13:920487  14:22082
  short unary avg len: 2.00
982.253029,16.609414,334.436547
[PASSED]
[time 1.97 s, user 1.81 s, sys 0.14 s, maxrss 236688 KB]
[busy 208 jiffies]
[exit 0]
--- c2 case 1 rec 2   load 0.83 0.84 0.85
[TEST C2-CoCo(LOUDS-Sparse)]
Processing dataset...
Done!
Building trie...
trie size: 4.316751 MB
Done!
build time: 2219.849839 ms (2219.849839 ns per key)
space cost: 16.089285 MB (105.442735% of original size 15.258789 MB)
Querying trie...
Done!
total time: 549.284687 ms, avg latency: 549.284687 ns
topology: 0.346626 MB, link: 3.175570 MB, data: 12.567089 MB
2219.849839,16.089285,549.284687
[PASSED]
[time 3.43 s, user 3.20 s, sys 0.21 s, maxrss 418936 KB]
[busy 362 jiffies]
[exit 0]
--- c2 case 1 rec 1   load 0.76 0.82 0.84
[TEST C2-CoCo(LOUDS-Sparse)]
Processing dataset...
Done!
Building trie...
trie size: 4.316751 MB
Done!
build time: 2228.059751 ms (2228.059751 ns per key)
space cost: 16.089285 MB (105.442735% of original size 15.258789 MB)
Querying trie...
Done!
total time: 525.137787 ms, avg latency: 525.137787 ns
topology: 0.346626 MB, link: 3.175570 MB, data: 12.567089 MB
2228.059751,16.089285,525.137787
[PASSED]
[time 3.42 s, user 3.19 s, sys 0.21 s, maxrss 418648 KB]
[busy 358 jiffies]
[exit 0]
--- c2 case 1 rec 0   load 0.70 0.81 0.84
[TEST C2-CoCo(LOUDS-Sparse)]
Processing dataset...
Done!
Building trie...
Done!
build time: 1357.954152 ms (1357.954152 ns per key)
space cost: 16.089285 MB (105.442735% of original size 15.258789 MB)
Querying trie...
Done!
total time: 541.355392 ms, avg latency: 541.355392 ns
topology: 0.346626 MB, link: 3.175570 MB, data: 12.567089 MB
1357.954152,16.089285,541.355392
[PASSED]
[time 2.55 s, user 2.36 s, sys 0.17 s, maxrss 357228 KB]
[busy 269 jiffies]
[exit 0]
--- c2 case 0 rec 2   load 0.70 0.81 0.84
[TEST C2-FST]
Processing dataset...
Done!
Building trie...
trie size: 4.316751 MB
Done!
build time: 1975.135899 ms (1975.135899 ns per key)
space cost: 16.922257 MB (110.901706% of original size 15.258789 MB)
Querying trie...
Done!
total time: 406.416621 ms, avg latency: 406.416621 ns
topology: 0.743332 MB, link: 3.012292 MB, data: 13.166634 MB
--- Unary Path Analysis (FST, cutoff=4) ---
  shared unary steps in main trie: 1041
  terminal suffixes: inplace=0 (avg len=0.00)  links=1000000 (100.0% of terminal)
  link len: avg=10.96  max=12  total_chars=10963783
  link length distribution (len:count):  9:6  10:856  11:56569  12:920487  13:22082
1975.135899,16.922257,406.416621
[PASSED]
[time 3.03 s, user 2.82 s, sys 0.19 s, maxrss 311636 KB]
[busy 321 jiffies]
[exit 0]
--- c2 case 0 rec 1   load 0.72 0.81 0.84
[TEST C2-FST]
Processing dataset...
Done!
Building trie...
trie size: 4.316751 MB
Done!
build time: 1962.279863 ms (1962.279863 ns per key)
space cost: 16.922257 MB (110.901706% of original size 15.258789 MB)
Querying trie...
Done!
total time: 402.840759 ms, avg latency: 402.840759 ns
topology: 0.743332 MB, link: 3.012292 MB, data: 13.166634 MB
--- Unary Path Analysis (FST, cutoff=4) ---
  shared unary steps in main trie: 1041
  terminal suffixes: inplace=0 (avg len=0.00)  links=1000000 (100.0% of terminal)
  link len: avg=10.96  max=12  total_chars=10963783
  link length distribution (len:count):  9:6  10:856  11:56569  12:920487  13:22082
1962.279863,16.922257,402.840759
[PASSED]
[time 3.01 s, user 2.80 s, sys 0.19 s, maxrss 311556 KB]
[busy 315 jiffies]
[exit 0]
--- c2 case 0 rec 0   load 0.75 0.82 0.84
[TEST C2-FST]
Processing dataset...
Done!
Building trie...
Done!
build time: 1073.350959 ms (1073.350959 ns per key)
space cost: 16.922257 MB (110.901706% of original size 15.258789 MB)
Querying trie...
Done!
total time: 396.280448 ms, avg latency: 396.280448 ns
topology: 0.743332 MB, link: 3.012292 MB, data: 13.166634 MB
--- Unary Path Analysis (FST, cutoff=4) ---
  shared unary steps in main trie: 1041
  terminal suffixes: inplace=0 (avg len=0.00)  links=1000000 (100.0% of terminal)
  link len: avg=10.96  max=12  total_chars=10963783
  link length distribution (len:count):  9:6  10:856  11:56569  12:920487  13:22082
1073.350959,16.922257,396.280448
[PASSED]
[time 2.11 s, user 1.97 s, sys 0.13 s, maxrss 250496 KB]
[busy 224 jiffies]
[exit 0]
--- lexindex hashed16   load 0.75 0.82 0.84
1000000 keys
lexindex HashedDictIndex fp=16: build 271 ms, size 14.438 MiB (15.139 B/key), latency cold 59.6 ns, then mean 55.7 / min 55.3 ns
270.690,14.437587,59.596
[time 0.95 s, user 1.65 s, sys 0.29 s, maxrss 204784 KB]
[busy 215 jiffies]
[exit 0]
--- lexindex hashed8   load 0.77 0.82 0.84
1000000 keys
lexindex HashedDictIndex fp=8: build 272 ms, size 13.484 MiB (14.139 B/key), latency cold 56.3 ns, then mean 54.0 / min 53.4 ns
271.905,13.483912,56.348
[time 0.94 s, user 1.61 s, sys 0.28 s, maxrss 202192 KB]
[busy 206 jiffies]
[exit 0]
--- lexindex hashed0   load 0.77 0.82 0.84
1000000 keys
lexindex HashedDictIndex closed: build 268 ms, size 12.530 MiB (13.139 B/key), latency cold 46.8 ns, then mean 46.7 / min 46.4 ns
267.958,12.530238,46.781
[time 0.91 s, user 1.62 s, sys 0.28 s, maxrss 220508 KB]
[busy 206 jiffies]
[exit 0]
--- lexindex string   load 0.71 0.81 0.84
1000000 keys
lexindex StringIndex: build 1089 ms, size 20.443 MiB (21.436 B/key), latency cold 300.6 ns, then mean 285.8 / min 278.3 ns
1088.749,20.442799,300.562
[time 2.69 s, user 2.59 s, sys 0.08 s, maxrss 152884 KB]
[busy 287 jiffies]
[exit 0]
--- lexindex dict1024   load 0.71 0.81 0.84
1000000 keys
lexindex DictIndex block 1024: build 186 ms, size 9.814 MiB (10.291 B/key), latency cold 407.3 ns, then mean 405.2 / min 404.8 ns
185.702,9.813874,407.330
[time 2.26 s, user 2.59 s, sys 0.16 s, maxrss 155548 KB]
[busy 296 jiffies]
[exit 0]
--- lexindex dict256   load 0.73 0.81 0.84
1000000 keys
lexindex DictIndex block 256: build 185 ms, size 9.917 MiB (10.399 B/key), latency cold 361.8 ns, then mean 356.4 / min 354.5 ns
185.244,9.916968,361.771
[time 2.07 s, user 2.72 s, sys 0.28 s, maxrss 207044 KB]
[busy 320 jiffies]
[exit 0]
--- lexindex dict32   load 0.67 0.79 0.83
1000000 keys
lexindex DictIndex block 32: build 184 ms, size 10.145 MiB (10.638 B/key), latency cold 351.9 ns, then mean 344.2 / min 340.2 ns
184.220,10.144960,351.937
[time 2.02 s, user 2.70 s, sys 0.27 s, maxrss 217696 KB]
[busy 319 jiffies]
[exit 0]

##### numeric-1000000 (1000000 lines, 6888890 bytes)   round 2/3   2026-09-23T21:42:22+03:00
--- xcdat 16   load 0.67 0.79 0.83
build time: 186.642391 ms
space cost: 7.181439 MiB (127.872740% of original size 5.616083 MiB)
avg latency: 68.893542 ns
186.642391,7.181439,68.893542
[time 0.59 s, user 0.52 s, sys 0.06 s, maxrss 90320 KB]
[busy 66 jiffies]
[exit 0]
--- xcdat 15   load 0.62 0.78 0.83
build time: 212.312203 ms
space cost: 6.727912 MiB (119.797228% of original size 5.616083 MiB)
avg latency: 67.370018 ns
212.312203,6.727912,67.370018
[time 0.62 s, user 0.54 s, sys 0.06 s, maxrss 90468 KB]
[busy 73 jiffies]
[exit 0]
--- xcdat 8   load 0.62 0.78 0.83
build time: 183.340043 ms
space cost: 4.607934 MiB (82.048892% of original size 5.616083 MiB)
avg latency: 94.543338 ns
183.340043,4.607934,94.543338
[time 0.60 s, user 0.52 s, sys 0.07 s, maxrss 90268 KB]
[busy 66 jiffies]
[exit 0]
--- xcdat 7   load 0.62 0.78 0.83
build time: 281.718430 ms
space cost: 5.285287 MiB (94.109841% of original size 5.616083 MiB)
avg latency: 83.802478 ns
281.718430,5.285287,83.802478
[time 0.70 s, user 0.63 s, sys 0.06 s, maxrss 90176 KB]
[busy 76 jiffies]
[exit 0]
--- c2 case 8 rec 0   load 0.57 0.77 0.82
[TEST CART]
Processing dataset...
Done!
Building trie...
Done!
build time: 72.858215 ms (72.858215 ns per key)
space cost: 11.262885 MB (200.546979% of original size 5.616083 MB)
Querying trie...
Done!
total time: 77.976316 ms, avg latency: 77.976316 ns
not implemented
72.858215,11.262885,77.976316
[PASSED]
[time 0.48 s, user 0.42 s, sys 0.06 s, maxrss 104748 KB]
[busy 53 jiffies]
[exit 0]
--- c2 case 7 rec 0   load 0.57 0.77 0.82
[TEST ART]
Processing dataset...
Done!
Building trie...
Done!
build time: 55.994996 ms (55.994996 ns per key)
space cost: 20.065308 MB (357.282951% of original size 5.616083 MB)
Querying trie...
Done!
total time: 71.629405 ms, avg latency: 71.629405 ns
not implemented
55.994996,20.065308,71.629405
[PASSED]
[time 0.46 s, user 0.40 s, sys 0.05 s, maxrss 103228 KB]
[busy 51 jiffies]
[exit 0]
--- c2 case 6 rec 0   load 0.57 0.77 0.82
[TEST PDT]
Processing dataset...
Done!
Building trie...
dict size: 92, stream size: 296698
Done!
build time: 110.737569 ms (110.737569 ns per key)
space cost: 1.559100 MB (27.761344% of original size 5.616083 MB)
Querying trie...
Done!
total time: 394.453503 ms, avg latency: 394.453503 ns
not implemented
110.737569,1.559100,394.453503
[PASSED]
[time 0.84 s, user 0.78 s, sys 0.05 s, maxrss 90208 KB]
[busy 89 jiffies]
[exit 0]
--- c2 case 5 rec 2   load 0.52 0.75 0.82
[TEST MARISA]
Processing dataset...
Done!
Building trie...
Done!
build time: 150.519990 ms (150.519990 ns per key)
space cost: 1.565816 MB (27.880925% of original size 5.616083 MB)
Querying trie...
Done!
total time: 188.768727 ms, avg latency: 188.768727 ns
not implemented
150.519990,1.565816,188.768727
[PASSED]
[time 0.69 s, user 0.60 s, sys 0.08 s, maxrss 108220 KB]
[busy 73 jiffies]
[exit 0]
--- c2 case 5 rec 1   load 0.52 0.75 0.82
[TEST MARISA]
Processing dataset...
Done!
Building trie...
Done!
build time: 148.530851 ms (148.530851 ns per key)
space cost: 1.565816 MB (27.880925% of original size 5.616083 MB)
Querying trie...
Done!
total time: 186.470508 ms, avg latency: 186.470508 ns
not implemented
148.530851,1.565816,186.470508
[PASSED]
[time 0.67 s, user 0.60 s, sys 0.07 s, maxrss 108540 KB]
[busy 73 jiffies]
[exit 0]
--- c2 case 5 rec 0   load 0.52 0.75 0.82
[TEST MARISA]
Processing dataset...
Done!
Building trie...
Done!
build time: 146.410816 ms (146.410816 ns per key)
space cost: 1.565816 MB (27.880925% of original size 5.616083 MB)
Querying trie...
Done!
total time: 188.563872 ms, avg latency: 188.563872 ns
not implemented
146.410816,1.565816,188.563872
[PASSED]
[time 0.67 s, user 0.59 s, sys 0.07 s, maxrss 108492 KB]
[busy 73 jiffies]
[exit 0]
--- c2 case 4 rec 0   load 0.48 0.74 0.81
[TEST COCO]
Processing dataset...
Done!
Building trie...
num nodes = 9001, average depth = 1.000222
ef = 0.000000, pa = 0.000000, bv = 0.000111, de = 0.999889
efr = 0.000000, par = 0.000000, bvr = 0.000000, der = 0.000000
Done!
build time: 694.048206 ms (694.048206 ns per key)
space cost: 0.497188 MB (8.852927% of original size 5.616083 MB)
Querying trie...
Done!
total time: 233.868885 ms, avg latency: 233.868885 ns
not implemented
694.048206,0.497188,233.868885
[PASSED]
[time 1.28 s, user 1.04 s, sys 0.22 s, maxrss 494756 KB]
[busy 138 jiffies]
[exit 0]
--- c2 case 3 rec 0   load 0.48 0.74 0.81
[TEST FST]
Processing dataset...
Done!
Building trie...
Done!
build time: 222.447506 ms (222.447506 ns per key)
space cost: 1.445107 MB (25.731589% of original size 5.616083 MB)
Querying trie...
Done!
total time: 250.729618 ms, avg latency: 250.729618 ns
not implemented
222.447506,1.445107,250.729618
[PASSED]
[time 0.80 s, user 0.74 s, sys 0.05 s, maxrss 73988 KB]
[busy 87 jiffies]
[exit 0]
--- c2 case 2 rec 2   skipped: exit 139 in round 1
--- c2 case 2 rec 1   skipped: exit 139 in round 1
--- c2 case 2 rec 0   skipped: exit 139 in round 1
--- c2 case 1 rec 2   skipped: exit 139 in round 1
--- c2 case 1 rec 1   skipped: exit 139 in round 1
--- c2 case 1 rec 0   skipped: exit 139 in round 1
--- c2 case 0 rec 2   skipped: exit 139 in round 1
--- c2 case 0 rec 1   skipped: exit 139 in round 1
--- c2 case 0 rec 0   skipped: exit 139 in round 1
--- lexindex hashed16   load 0.48 0.74 0.81
1000000 keys
lexindex HashedDictIndex fp=16: build 199 ms, size 5.485 MiB (5.752 B/key), latency cold 18.3 ns, then mean 15.2 / min 15.1 ns
198.872,5.485309,18.331
[time 0.69 s, user 0.99 s, sys 0.16 s, maxrss 164300 KB]
[busy 131 jiffies]
[exit 0]
--- lexindex hashed8   load 0.52 0.75 0.82
1000000 keys
lexindex HashedDictIndex fp=8: build 196 ms, size 4.532 MiB (4.752 B/key), latency cold 18.0 ns, then mean 16.2 / min 16.0 ns
195.563,4.531634,18.012
[time 0.70 s, user 0.99 s, sys 0.17 s, maxrss 151140 KB]
[busy 126 jiffies]
[exit 0]
--- lexindex hashed0   load 0.52 0.75 0.82
1000000 keys
lexindex HashedDictIndex closed: build 196 ms, size 3.578 MiB (3.752 B/key), latency cold 15.9 ns, then mean 12.9 / min 12.8 ns
196.384,3.577960,15.918
[time 0.68 s, user 0.99 s, sys 0.15 s, maxrss 166640 KB]
[busy 128 jiffies]
[exit 0]
--- lexindex string   load 0.52 0.75 0.82
1000000 keys
lexindex StringIndex: build 158 ms, size 0.000 MiB (0.000 B/key), latency cold 82.1 ns, then mean 83.1 / min 82.3 ns
158.107,0.000287,82.131
[time 0.91 s, user 0.85 s, sys 0.05 s, maxrss 115228 KB]
[busy 101 jiffies]
[exit 0]
--- lexindex dict1024   load 0.56 0.75 0.82
1000000 keys
lexindex DictIndex block 1024: build 114 ms, size 0.875 MiB (0.918 B/key), latency cold 308.0 ns, then mean 309.4 / min 308.7 ns
113.670,0.875449,308.019
[time 1.78 s, user 1.89 s, sys 0.08 s, maxrss 138772 KB]
[busy 211 jiffies]
[exit 0]
--- lexindex dict256   load 0.56 0.75 0.82
1000000 keys
lexindex DictIndex block 256: build 114 ms, size 0.964 MiB (1.011 B/key), latency cold 282.4 ns, then mean 284.0 / min 283.1 ns
113.535,0.964076,282.371
[time 1.69 s, user 1.95 s, sys 0.14 s, maxrss 148224 KB]
[busy 229 jiffies]
[exit 0]
--- lexindex dict32   load 0.60 0.76 0.82
1000000 keys
lexindex DictIndex block 32: build 113 ms, size 1.160 MiB (1.216 B/key), latency cold 262.7 ns, then mean 261.7 / min 260.5 ns
112.594,1.159871,262.736
[time 1.59 s, user 1.83 s, sys 0.15 s, maxrss 146856 KB]
[busy 214 jiffies]
[exit 0]

##### idents-1000000 (1000000 lines, 18283976 bytes)   round 2/3   2026-09-23T21:42:58+03:00
--- xcdat 16   load 0.60 0.76 0.82
build time: 467.985395 ms
space cost: 13.736038 MiB (83.333140% of original size 16.483284 MiB)
avg latency: 210.101538 ns
467.985395,13.736038,210.101538
[time 1.20 s, user 1.08 s, sys 0.12 s, maxrss 180124 KB]
[busy 129 jiffies]
[exit 0]
--- xcdat 15   load 0.63 0.76 0.82
build time: 495.131372 ms
space cost: 13.141485 MiB (79.726135% of original size 16.483284 MiB)
avg latency: 201.892437 ns
495.131372,13.141485,201.892437
[time 1.22 s, user 1.10 s, sys 0.11 s, maxrss 179972 KB]
[busy 130 jiffies]
[exit 0]
--- xcdat 8   load 0.63 0.76 0.82
build time: 464.194569 ms
space cost: 10.584354 MiB (64.212656% of original size 16.483284 MiB)
avg latency: 223.976790 ns
464.194569,10.584354,223.976790
[time 1.21 s, user 1.09 s, sys 0.11 s, maxrss 180124 KB]
[busy 129 jiffies]
[exit 0]
--- xcdat 7   load 0.66 0.76 0.82
build time: 509.122272 ms
space cost: 11.013126 MiB (66.813909% of original size 16.483284 MiB)
avg latency: 220.414063 ns
509.122272,11.013126,220.414063
[time 1.27 s, user 1.15 s, sys 0.11 s, maxrss 180172 KB]
[busy 136 jiffies]
[exit 0]
--- c2 case 8 rec 0   load 0.66 0.76 0.82
[TEST CART]
Processing dataset...
Done!
Building trie...
Done!
build time: 203.614685 ms (203.614685 ns per key)
space cost: 15.673315 MB (95.086119% of original size 16.483284 MB)
Querying trie...
Done!
total time: 456.187277 ms, avg latency: 456.187277 ns
not implemented
203.614685,15.673315,456.187277
[PASSED]
[time 1.18 s, user 1.09 s, sys 0.08 s, maxrss 149008 KB]
[busy 124 jiffies]
[exit 0]
--- c2 case 7 rec 0   load 0.61 0.75 0.82
[TEST ART]
Processing dataset...
Done!
Building trie...
Done!
build time: 149.075805 ms (149.075805 ns per key)
space cost: 32.931778 MB (199.788937% of original size 16.483284 MB)
Querying trie...
Done!
total time: 395.884403 ms, avg latency: 395.884403 ns
not implemented
149.075805,32.931778,395.884403
[PASSED]
[time 1.08 s, user 0.97 s, sys 0.09 s, maxrss 160360 KB]
[busy 116 jiffies]
[exit 0]
--- c2 case 6 rec 0   load 0.61 0.75 0.82
[TEST PDT]
Processing dataset...
Done!
Building trie...
dict size: 158636, stream size: 5032831
Done!
build time: 2616.554774 ms (2616.554774 ns per key)
space cost: 6.227028 MB (37.777835% of original size 16.483284 MB)
Querying trie...
Done!
total time: 593.611501 ms, avg latency: 593.611501 ns
not implemented
2616.554774,6.227028,593.611501
[PASSED]
[time 3.72 s, user 3.61 s, sys 0.10 s, maxrss 168216 KB]
[busy 392 jiffies]
[exit 0]
--- c2 case 5 rec 2   load 0.64 0.76 0.82
[TEST MARISA]
Processing dataset...
Done!
Building trie...
Done!
build time: 575.336218 ms (575.336218 ns per key)
space cost: 5.354378 MB (32.483683% of original size 16.483284 MB)
Querying trie...
Done!
total time: 747.463664 ms, avg latency: 747.463664 ns
not implemented
575.336218,5.354378,747.463664
[PASSED]
[time 1.85 s, user 1.74 s, sys 0.09 s, maxrss 165752 KB]
[busy 195 jiffies]
[exit 0]
--- c2 case 5 rec 1   load 0.59 0.74 0.81
[TEST MARISA]
Processing dataset...
Done!
Building trie...
Done!
build time: 557.543662 ms (557.543662 ns per key)
space cost: 5.655286 MB (34.309218% of original size 16.483284 MB)
Querying trie...
Done!
total time: 664.352606 ms, avg latency: 664.352606 ns
not implemented
557.543662,5.655286,664.352606
[PASSED]
[time 1.73 s, user 1.63 s, sys 0.09 s, maxrss 157820 KB]
[busy 184 jiffies]
[exit 0]
--- c2 case 5 rec 0   load 0.59 0.74 0.81
[TEST MARISA]
Processing dataset...
Done!
Building trie...
Done!
build time: 464.103949 ms (464.103949 ns per key)
space cost: 7.279773 MB (44.164578% of original size 16.483284 MB)
Querying trie...
Done!
total time: 465.424771 ms, avg latency: 465.424771 ns
not implemented
464.103949,7.279773,465.424771
[PASSED]
[time 1.45 s, user 1.33 s, sys 0.11 s, maxrss 157932 KB]
[busy 154 jiffies]
[exit 0]
--- c2 case 4 rec 0   load 0.54 0.73 0.81
[TEST COCO]
Processing dataset...
Done!
Building trie...
num nodes = 412937, average depth = 8.208172
ef = 0.000455, pa = 0.242352, bv = 0.003325, de = 0.563989
efr = 0.002477, par = 0.125714, bvr = 0.000545, der = 0.061142
Done!
build time: 14196.573906 ms (14196.573906 ns per key)
space cost: 9.974920 MB (60.515370% of original size 16.483284 MB)
Querying trie...
Done!
total time: 510.341294 ms, avg latency: 510.341294 ns
not implemented
14196.573906,9.974920,510.341294
[PASSED]
[time 15.74 s, user 12.44 s, sys 3.23 s, maxrss 7730688 KB]
[busy 1642 jiffies]
[exit 0]
--- c2 case 3 rec 0   load 0.64 0.74 0.81
[TEST FST]
Processing dataset...
Done!
Building trie...
Done!
build time: 675.617030 ms (675.617030 ns per key)
space cost: 8.563316 MB (51.951519% of original size 16.483284 MB)
Querying trie...
Done!
total time: 746.618925 ms, avg latency: 746.618925 ns
not implemented
675.617030,8.563316,746.618925
[PASSED]
[time 1.93 s, user 1.84 s, sys 0.07 s, maxrss 114540 KB]
[busy 202 jiffies]
[exit 0]
--- c2 case 2 rec 2   load 0.59 0.73 0.81
[TEST C2-MARISA]
Processing dataset...
Done!
Building trie...
trie size: 2.268721 MB
trie size: 2.569425 MB
trie size: 0.468599 MB
Done!
build time: 878.412425 ms (878.412425 ns per key)
space cost: 6.231204 MB (37.803171% of original size 16.483284 MB)
Querying trie...
Done!
total time: 443.480451 ms, avg latency: 443.480451 ns
topology: 0.985817 MB, link: 2.134608 MB, data: 3.090271 MB
--- Unary Path Analysis (Marisa, cutoff=3) ---
  branches: 1404624  |  single-char: 479529 (34.1%)  short-unary: 101093 (7.2%)  links: 824002 (58.7%)
  link len: avg=8.83  max=511  total_chars=7275589
  link length distribution (len:count):  3:96296  4:151575  5:100673  6:68854  7:57858  8:46664  9:40166  10:34974  11:30498  12:41963  13:23674  14:17279  15:14913  16:12650  17:10496  18:9162  19:7137  20:6187  21:5166  22:4219  23:3575  24:2970  25:2515  26:2033  27:1786  28:3448  29:3574  30:1146  31:1929  32:12598  33:2418  34:520  35:464  36:440  37:386  38:271  39:250  40:221  41:206  42:160  43:154  44:139  45:143  46:95  47:113  48:108  49:103  50:87  51:72  52:78  53:68  54:62  55:80  56:76  57:60  58:86  59:123  60:137  61:260  62:340  63:18  64:12  65:14  66:12  67:15  68:15  69:13  70:15  71:7  72:12  73:10  74:22  75:26  76:36  77:15  78:1  79:2  80:2  81:3  82:3  83:1  84:2  85:2  86:2  87:2  89:2  90:2  91:2  92:4  93:1  95:2  96:1  97:3  105:1  107:1  108:1  110:1  111:1  117:1  118:3  121:1  122:2  123:1  124:1  125:1  130:1  136:1  137:1  192:1  258:1  337:1  367:1  425:1  509:1  511:1
  short unary avg len: 2.00
878.412425,6.231204,443.480451
[PASSED]
[time 1.85 s, user 1.71 s, sys 0.13 s, maxrss 204632 KB]
[busy 198 jiffies]
[exit 0]
--- c2 case 2 rec 1   load 0.59 0.73 0.81
[TEST C2-MARISA]
Processing dataset...
Done!
Building trie...
trie size: 2.268721 MB
trie size: 2.569425 MB
Done!
build time: 828.032983 ms (828.032983 ns per key)
space cost: 6.231204 MB (37.803171% of original size 16.483284 MB)
Querying trie...
Done!
total time: 438.291407 ms, avg latency: 438.291407 ns
topology: 0.985817 MB, link: 2.134608 MB, data: 3.090271 MB
--- Unary Path Analysis (Marisa, cutoff=3) ---
  branches: 1404624  |  single-char: 479529 (34.1%)  short-unary: 101093 (7.2%)  links: 824002 (58.7%)
  link len: avg=8.83  max=511  total_chars=7275589
  link length distribution (len:count):  3:96296  4:151575  5:100673  6:68854  7:57858  8:46664  9:40166  10:34974  11:30498  12:41963  13:23674  14:17279  15:14913  16:12650  17:10496  18:9162  19:7137  20:6187  21:5166  22:4219  23:3575  24:2970  25:2515  26:2033  27:1786  28:3448  29:3574  30:1146  31:1929  32:12598  33:2418  34:520  35:464  36:440  37:386  38:271  39:250  40:221  41:206  42:160  43:154  44:139  45:143  46:95  47:113  48:108  49:103  50:87  51:72  52:78  53:68  54:62  55:80  56:76  57:60  58:86  59:123  60:137  61:260  62:340  63:18  64:12  65:14  66:12  67:15  68:15  69:13  70:15  71:7  72:12  73:10  74:22  75:26  76:36  77:15  78:1  79:2  80:2  81:3  82:3  83:1  84:2  85:2  86:2  87:2  89:2  90:2  91:2  92:4  93:1  95:2  96:1  97:3  105:1  107:1  108:1  110:1  111:1  117:1  118:3  121:1  122:2  123:1  124:1  125:1  130:1  136:1  137:1  192:1  258:1  337:1  367:1  425:1  509:1  511:1
  short unary avg len: 2.00
828.032983,6.231204,438.291407
[PASSED]
[time 1.80 s, user 1.66 s, sys 0.12 s, maxrss 204240 KB]
[busy 189 jiffies]
[exit 0]
--- c2 case 2 rec 0   load 0.62 0.74 0.81
[TEST C2-MARISA]
Processing dataset...
Done!
Building trie...
trie size: 2.268721 MB
Done!
build time: 672.738589 ms (672.738589 ns per key)
space cost: 7.402753 MB (44.910668% of original size 16.483284 MB)
Querying trie...
Done!
total time: 334.044850 ms, avg latency: 334.044850 ns
topology: 0.751392 MB, link: 2.163248 MB, data: 4.467605 MB
--- Unary Path Analysis (Marisa, cutoff=3) ---
  branches: 1404624  |  single-char: 479529 (34.1%)  short-unary: 101093 (7.2%)  links: 824002 (58.7%)
  link len: avg=8.83  max=511  total_chars=7275589
  link length distribution (len:count):  3:96296  4:151575  5:100673  6:68854  7:57858  8:46664  9:40166  10:34974  11:30498  12:41963  13:23674  14:17279  15:14913  16:12650  17:10496  18:9162  19:7137  20:6187  21:5166  22:4219  23:3575  24:2970  25:2515  26:2033  27:1786  28:3448  29:3574  30:1146  31:1929  32:12598  33:2418  34:520  35:464  36:440  37:386  38:271  39:250  40:221  41:206  42:160  43:154  44:139  45:143  46:95  47:113  48:108  49:103  50:87  51:72  52:78  53:68  54:62  55:80  56:76  57:60  58:86  59:123  60:137  61:260  62:340  63:18  64:12  65:14  66:12  67:15  68:15  69:13  70:15  71:7  72:12  73:10  74:22  75:26  76:36  77:15  78:1  79:2  80:2  81:3  82:3  83:1  84:2  85:2  86:2  87:2  89:2  90:2  91:2  92:4  93:1  95:2  96:1  97:3  105:1  107:1  108:1  110:1  111:1  117:1  118:3  121:1  122:2  123:1  124:1  125:1  130:1  136:1  137:1  192:1  258:1  337:1  367:1  425:1  509:1  511:1
  short unary avg len: 2.00
672.738589,7.402753,334.044850
[PASSED]
[time 1.52 s, user 1.40 s, sys 0.11 s, maxrss 204780 KB]
[busy 162 jiffies]
[exit 0]
--- c2 case 1 rec 2   load 0.62 0.74 0.81
[TEST C2-CoCo(LOUDS-Sparse)]
Processing dataset...
Done!
Building trie...
trie size: 1.626037 MB
trie size: 0.392475 MB
Done!
build time: 2323.562663 ms (2323.562663 ns per key)
space cost: 7.511661 MB (45.571388% of original size 16.483284 MB)
Querying trie...
Done!
total time: 630.800706 ms, avg latency: 630.800706 ns
topology: 0.599392 MB, link: 2.257739 MB, data: 4.654530 MB
2323.562663,7.511661,630.800706
[PASSED]
[time 3.47 s, user 3.28 s, sys 0.17 s, maxrss 335720 KB]
[busy 363 jiffies]
[exit 0]
--- c2 case 1 rec 1   load 0.65 0.74 0.81
[TEST C2-CoCo(LOUDS-Sparse)]
Processing dataset...
Done!
Building trie...
trie size: 1.626037 MB
Done!
build time: 2260.222600 ms (2260.222600 ns per key)
space cost: 7.511661 MB (45.571388% of original size 16.483284 MB)
Querying trie...
Done!
total time: 634.734200 ms, avg latency: 634.734200 ns
topology: 0.599392 MB, link: 2.257739 MB, data: 4.654530 MB
2260.222600,7.511661,634.734200
[PASSED]
[time 3.42 s, user 3.22 s, sys 0.18 s, maxrss 335800 KB]
[busy 356 jiffies]
[exit 0]
--- c2 case 1 rec 0   load 0.68 0.75 0.81
[TEST C2-CoCo(LOUDS-Sparse)]
Processing dataset...
Done!
Building trie...
Done!
build time: 2130.727732 ms (2130.727732 ns per key)
space cost: 8.350286 MB (50.659118% of original size 16.483284 MB)
Querying trie...
Done!
total time: 581.062521 ms, avg latency: 581.062521 ns
topology: 0.418800 MB, link: 2.233477 MB, data: 5.698009 MB
2130.727732,8.350286,581.062521
[PASSED]
[time 3.23 s, user 3.04 s, sys 0.17 s, maxrss 335956 KB]
[busy 337 jiffies]
[exit 0]
--- c2 case 0 rec 2   load 0.71 0.75 0.81
[TEST C2-FST]
Processing dataset...
Done!
Building trie...
trie size: 1.626037 MB
trie size: 0.392475 MB
Done!
build time: 759.581782 ms (759.581782 ns per key)
space cost: 7.389305 MB (44.829083% of original size 16.483284 MB)
Querying trie...
Done!
total time: 531.444091 ms, avg latency: 531.444091 ns
topology: 1.316097 MB, link: 1.431170 MB, data: 4.642038 MB
--- Unary Path Analysis (FST, cutoff=4) ---
  shared unary steps in main trie: 971668
  terminal suffixes: inplace=238747 (avg len=2.28)  links=478774 (66.7% of terminal)
  link len: avg=9.52  max=507  total_chars=4557473
  link length distribution (len:count):  4:79167  5:52258  6:44526  7:37562  8:33071  9:28872  10:26062  11:38559  12:20998  13:14985  14:12840  15:11027  16:9190  17:7956  18:6288  19:5522  20:4616  21:3760  22:3224  23:2642  24:2265  25:1817  26:1599  27:3319  28:3490  29:1071  30:1819  31:12530  32:2370  33:475  34:427  35:414  36:360  37:260  38:234  39:210  40:195  41:157  42:148  43:129  44:137  45:91  46:113  47:107  48:101  49:86  50:71  51:74  52:68  53:61  54:79  55:76  56:60  57:86  58:122  59:137  60:259  61:339  62:18  63:12  64:12  65:12  66:15  67:15  68:13  69:15  70:7  71:11  72:10  73:21  74:26  75:36  76:15  77:1  78:2  79:2  80:3  81:3  83:1  84:2  85:2  86:1  88:2  89:2  90:2  91:4  92:1  94:2  95:1  96:3  104:1  106:1  107:1  109:1  110:1  116:1  117:3  120:1  121:2  122:1  123:1  124:1  129:1  191:1  257:1  366:1  424:1  508:1
759.581782,7.389305,531.444091
[PASSED]
[time 1.81 s, user 1.69 s, sys 0.11 s, maxrss 163400 KB]
[busy 191 jiffies]
[exit 0]
--- c2 case 0 rec 1   load 0.71 0.75 0.81
[TEST C2-FST]
Processing dataset...
Done!
Building trie...
trie size: 1.626037 MB
Done!
build time: 702.643192 ms (702.643192 ns per key)
space cost: 7.389305 MB (44.829083% of original size 16.483284 MB)
Querying trie...
Done!
total time: 536.568053 ms, avg latency: 536.568053 ns
topology: 1.316097 MB, link: 1.431170 MB, data: 4.642038 MB
--- Unary Path Analysis (FST, cutoff=4) ---
  shared unary steps in main trie: 971668
  terminal suffixes: inplace=238747 (avg len=2.28)  links=478774 (66.7% of terminal)
  link len: avg=9.52  max=507  total_chars=4557473
  link length distribution (len:count):  4:79167  5:52258  6:44526  7:37562  8:33071  9:28872  10:26062  11:38559  12:20998  13:14985  14:12840  15:11027  16:9190  17:7956  18:6288  19:5522  20:4616  21:3760  22:3224  23:2642  24:2265  25:1817  26:1599  27:3319  28:3490  29:1071  30:1819  31:12530  32:2370  33:475  34:427  35:414  36:360  37:260  38:234  39:210  40:195  41:157  42:148  43:129  44:137  45:91  46:113  47:107  48:101  49:86  50:71  51:74  52:68  53:61  54:79  55:76  56:60  57:86  58:122  59:137  60:259  61:339  62:18  63:12  64:12  65:12  66:15  67:15  68:13  69:15  70:7  71:11  72:10  73:21  74:26  75:36  76:15  77:1  78:2  79:2  80:3  81:3  83:1  84:2  85:2  86:1  88:2  89:2  90:2  91:4  92:1  94:2  95:1  96:3  104:1  106:1  107:1  109:1  110:1  116:1  117:3  120:1  121:2  122:1  123:1  124:1  129:1  191:1  257:1  366:1  424:1  508:1
702.643192,7.389305,536.568053
[PASSED]
[time 1.77 s, user 1.66 s, sys 0.09 s, maxrss 163348 KB]
[busy 187 jiffies]
[exit 0]
--- c2 case 0 rec 0   load 0.73 0.75 0.82
[TEST C2-FST]
Processing dataset...
Done!
Building trie...
Done!
build time: 603.822133 ms (603.822133 ns per key)
space cost: 8.227930 MB (49.916813% of original size 16.483284 MB)
Querying trie...
Done!
total time: 470.254059 ms, avg latency: 470.254059 ns
topology: 1.135506 MB, link: 1.406907 MB, data: 5.685517 MB
--- Unary Path Analysis (FST, cutoff=4) ---
  shared unary steps in main trie: 971668
  terminal suffixes: inplace=238747 (avg len=2.28)  links=478774 (66.7% of terminal)
  link len: avg=9.52  max=507  total_chars=4557473
  link length distribution (len:count):  4:79167  5:52258  6:44526  7:37562  8:33071  9:28872  10:26062  11:38559  12:20998  13:14985  14:12840  15:11027  16:9190  17:7956  18:6288  19:5522  20:4616  21:3760  22:3224  23:2642  24:2265  25:1817  26:1599  27:3319  28:3490  29:1071  30:1819  31:12530  32:2370  33:475  34:427  35:414  36:360  37:260  38:234  39:210  40:195  41:157  42:148  43:129  44:137  45:91  46:113  47:107  48:101  49:86  50:71  51:74  52:68  53:61  54:79  55:76  56:60  57:86  58:122  59:137  60:259  61:339  62:18  63:12  64:12  65:12  66:15  67:15  68:13  69:15  70:7  71:11  72:10  73:21  74:26  75:36  76:15  77:1  78:2  79:2  80:3  81:3  83:1  84:2  85:2  86:1  88:2  89:2  90:2  91:4  92:1  94:2  95:1  96:3  104:1  106:1  107:1  109:1  110:1  116:1  117:3  120:1  121:2  122:1  123:1  124:1  129:1  191:1  257:1  366:1  424:1  508:1
603.822133,8.227930,470.254059
[PASSED]
[time 1.59 s, user 1.47 s, sys 0.11 s, maxrss 162924 KB]
[busy 169 jiffies]
[exit 0]
--- lexindex hashed16   load 0.67 0.74 0.81
1000000 keys
lexindex HashedDictIndex fp=16: build 401 ms, size 9.507 MiB (9.969 B/key), latency cold 47.8 ns, then mean 44.5 / min 42.7 ns
400.931,9.506732,47.801
[time 1.08 s, user 2.62 s, sys 0.24 s, maxrss 254952 KB]
[busy 306 jiffies]
[exit 0]
--- lexindex hashed8   load 0.67 0.74 0.81
1000000 keys
lexindex HashedDictIndex fp=8: build 402 ms, size 8.553 MiB (8.969 B/key), latency cold 50.2 ns, then mean 43.1 / min 42.7 ns
401.762,8.553058,50.159
[time 1.08 s, user 2.60 s, sys 0.26 s, maxrss 258012 KB]
[busy 306 jiffies]
[exit 0]
--- lexindex hashed0   load 0.67 0.74 0.81
1000000 keys
lexindex HashedDictIndex closed: build 400 ms, size 7.599 MiB (7.969 B/key), latency cold 39.2 ns, then mean 37.2 / min 37.0 ns
400.040,7.599383,39.203
[time 1.05 s, user 2.62 s, sys 0.23 s, maxrss 253016 KB]
[busy 305 jiffies]
[exit 0]
--- lexindex string   load 1.74 0.96 0.88
1000000 keys
lexindex StringIndex: build 655 ms, size 10.063 MiB (10.552 B/key), latency cold 258.1 ns, then mean 247.0 / min 243.3 ns
654.887,10.063018,258.127
[time 2.14 s, user 2.06 s, sys 0.07 s, maxrss 149388 KB]
[busy 227 jiffies]
[exit 0]
--- lexindex dict1024   load 1.74 0.96 0.88
1000000 keys
lexindex DictIndex block 1024: build 325 ms, size 4.831 MiB (5.066 B/key), latency cold 486.9 ns, then mean 481.8 / min 479.3 ns
325.401,4.830847,486.940
[time 2.76 s, user 3.66 s, sys 0.20 s, maxrss 236636 KB]
[busy 409 jiffies]
[exit 0]
--- lexindex dict256   load 1.68 0.96 0.88
1000000 keys
lexindex DictIndex block 256: build 309 ms, size 4.986 MiB (5.228 B/key), latency cold 415.9 ns, then mean 406.7 / min 401.7 ns
308.692,4.986134,415.904
[time 2.46 s, user 3.95 s, sys 0.25 s, maxrss 249784 KB]
[busy 441 jiffies]
[exit 0]
--- lexindex dict32   load 1.62 0.96 0.88
1000000 keys
lexindex DictIndex block 32: build 298 ms, size 5.356 MiB (5.617 B/key), latency cold 392.9 ns, then mean 387.1 / min 382.6 ns
298.316,5.356443,392.924
[time 2.36 s, user 3.84 s, sys 0.23 s, maxrss 250036 KB]
[busy 429 jiffies]
[exit 0]

##### domains-1000000 (1000000 lines, 14782044 bytes)   round 2/3   2026-09-23T21:44:33+03:00
--- xcdat 16   load 1.49 0.95 0.88
build time: 495.336899 ms
space cost: 10.260450 MiB (78.064342% of original size 13.143581 MiB)
avg latency: 161.635184 ns
495.336899,10.260450,161.635184
[time 1.11 s, user 1.01 s, sys 0.09 s, maxrss 139848 KB]
[busy 120 jiffies]
[exit 0]
--- xcdat 15   load 1.49 0.95 0.88
build time: 511.276737 ms
space cost: 9.847433 MiB (74.921993% of original size 13.143581 MiB)
avg latency: 156.485758 ns
511.276737,9.847433,156.485758
[time 1.11 s, user 1.00 s, sys 0.10 s, maxrss 139876 KB]
[busy 120 jiffies]
[exit 0]
--- xcdat 8   load 1.49 0.95 0.88
build time: 492.834392 ms
space cost: 8.488643 MiB (64.583940% of original size 13.143581 MiB)
avg latency: 170.572816 ns
492.834392,8.488643,170.572816
[time 1.11 s, user 1.01 s, sys 0.10 s, maxrss 139848 KB]
[busy 118 jiffies]
[exit 0]
--- xcdat 7   load 1.45 0.95 0.88
build time: 521.259761 ms
space cost: 9.017626 MiB (68.608590% of original size 13.143581 MiB)
avg latency: 169.354155 ns
521.259761,9.017626,169.354155
[time 1.14 s, user 1.05 s, sys 0.08 s, maxrss 139740 KB]
[busy 123 jiffies]
[exit 0]
--- c2 case 8 rec 0   load 1.45 0.95 0.88
[TEST CART]
Processing dataset...
Done!
Building trie...
Done!
build time: 153.159044 ms (153.159044 ns per key)
space cost: 13.831998 MB (105.237663% of original size 13.143581 MB)
Querying trie...
Done!
total time: 312.291255 ms, avg latency: 312.291255 ns
not implemented
153.159044,13.831998,312.291255
[PASSED]
[time 0.91 s, user 0.83 s, sys 0.07 s, maxrss 134396 KB]
[busy 99 jiffies]
[exit 0]
--- c2 case 7 rec 0   load 1.34 0.93 0.88
[TEST ART]
Processing dataset...
Done!
Building trie...
Done!
build time: 116.962347 ms (116.962347 ns per key)
space cost: 31.580688 MB (240.274607% of original size 13.143581 MB)
Querying trie...
Done!
total time: 253.345509 ms, avg latency: 253.345509 ns
not implemented
116.962347,31.580688,253.345509
[PASSED]
[time 0.80 s, user 0.72 s, sys 0.08 s, maxrss 136080 KB]
[busy 90 jiffies]
[exit 0]
--- c2 case 6 rec 0   load 1.34 0.93 0.88
[TEST PDT]
Processing dataset...
Done!
Building trie...
dict size: 155466, stream size: 4016746
Done!
build time: 1945.424260 ms (1945.424260 ns per key)
space cost: 5.254991 MB (39.981421% of original size 13.143581 MB)
Querying trie...
Done!
total time: 527.752756 ms, avg latency: 527.752756 ns
not implemented
1945.424260,5.254991,527.752756
[PASSED]
[time 2.91 s, user 2.78 s, sys 0.11 s, maxrss 152820 KB]
[busy 307 jiffies]
[exit 0]
--- c2 case 5 rec 2   load 1.31 0.93 0.88
[TEST MARISA]
Processing dataset...
Done!
Building trie...
Done!
build time: 570.532486 ms (570.532486 ns per key)
space cost: 4.647946 MB (35.362861% of original size 13.143581 MB)
Querying trie...
Done!
total time: 541.065649 ms, avg latency: 541.065649 ns
not implemented
570.532486,4.647946,541.065649
[PASSED]
[time 1.56 s, user 1.44 s, sys 0.10 s, maxrss 172612 KB]
[busy 164 jiffies]
[exit 0]
--- c2 case 5 rec 1   load 1.31 0.93 0.88
[TEST MARISA]
Processing dataset...
Done!
Building trie...
Done!
build time: 551.382972 ms (551.382972 ns per key)
space cost: 4.826345 MB (36.720170% of original size 13.143581 MB)
Querying trie...
Done!
total time: 512.443069 ms, avg latency: 512.443069 ns
not implemented
551.382972,4.826345,512.443069
[PASSED]
[time 1.50 s, user 1.37 s, sys 0.11 s, maxrss 172664 KB]
[busy 159 jiffies]
[exit 0]
--- c2 case 5 rec 0   load 1.29 0.93 0.88
[TEST MARISA]
Processing dataset...
Done!
Building trie...
Done!
build time: 483.673933 ms (483.673933 ns per key)
space cost: 6.885828 MB (52.389283% of original size 13.143581 MB)
Querying trie...
Done!
total time: 388.407477 ms, avg latency: 388.407477 ns
not implemented
483.673933,6.885828,388.407477
[PASSED]
[time 1.30 s, user 1.19 s, sys 0.10 s, maxrss 172484 KB]
[busy 139 jiffies]
[exit 0]
--- c2 case 4 rec 0   load 1.29 0.93 0.88
[TEST COCO]
Processing dataset...
Done!
Building trie...
num nodes = 310886, average depth = 6.283062
ef = 0.001168, pa = 0.211653, bv = 0.000885, de = 0.651638
efr = 0.002046, par = 0.129141, bvr = 0.000006, der = 0.003464
Done!
build time: 10236.338146 ms (10236.338146 ns per key)
space cost: 9.668336 MB (73.559374% of original size 13.143581 MB)
Querying trie...
Done!
total time: 425.846479 ms, avg latency: 425.846479 ns
not implemented
10236.338146,9.668336,425.846479
[PASSED]
[time 11.51 s, user 8.85 s, sys 2.61 s, maxrss 6138120 KB]
[busy 1200 jiffies]
[exit 0]
--- c2 case 3 rec 0   load 1.22 0.94 0.88
[TEST FST]
Processing dataset...
Done!
Building trie...
Done!
build time: 603.851795 ms (603.851795 ns per key)
space cost: 6.751218 MB (51.365131% of original size 13.143581 MB)
Querying trie...
Done!
total time: 446.047810 ms, avg latency: 446.047810 ns
not implemented
603.851795,6.751218,446.047810
[PASSED]
[time 1.47 s, user 1.39 s, sys 0.07 s, maxrss 94840 KB]
[busy 154 jiffies]
[exit 0]
--- c2 case 2 rec 2   load 1.22 0.94 0.88
[TEST C2-MARISA]
Processing dataset...
Done!
Building trie...
trie size: 2.220281 MB
trie size: 2.823213 MB
trie size: 0.214430 MB
Done!
build time: 810.913697 ms (810.913697 ns per key)
space cost: 5.413679 MB (41.188767% of original size 13.143581 MB)
Querying trie...
Done!
total time: 336.977497 ms, avg latency: 336.977497 ns
topology: 0.947487 MB, link: 2.305346 MB, data: 2.140338 MB
--- Unary Path Analysis (Marisa, cutoff=3) ---
  branches: 1529804  |  single-char: 445053 (29.1%)  short-unary: 119280 (7.8%)  links: 965471 (63.1%)
  link len: avg=7.67  max=65  total_chars=7409785
  link length distribution (len:count):  3:106346  4:81524  5:100388  6:117171  7:118183  8:106006  9:86378  10:68801  11:51930  12:37786  13:27091  14:19390  15:13458  16:9322  17:6753  18:4616  19:3149  20:2153  21:1566  22:983  23:724  24:512  25:321  26:290  27:155  28:98  29:77  30:70  31:40  32:24  33:35  34:24  35:16  36:9  37:12  38:9  39:5  40:5  41:5  42:8  43:4  44:7  46:3  47:1  49:1  51:1  53:4  55:2  56:1  57:5  58:4  60:2  64:2  65:1
  short unary avg len: 2.00
810.913697,5.413679,336.977497
[PASSED]
[time 1.59 s, user 1.45 s, sys 0.13 s, maxrss 205844 KB]
[busy 168 jiffies]
[exit 0]
--- c2 case 2 rec 1   load 1.20 0.94 0.88
[TEST C2-MARISA]
Processing dataset...
Done!
Building trie...
trie size: 2.220281 MB
trie size: 2.823213 MB
Done!
build time: 791.316531 ms (791.316531 ns per key)
space cost: 5.413679 MB (41.188767% of original size 13.143581 MB)
Querying trie...
Done!
total time: 337.748566 ms, avg latency: 337.748566 ns
topology: 0.947487 MB, link: 2.305346 MB, data: 2.140338 MB
--- Unary Path Analysis (Marisa, cutoff=3) ---
  branches: 1529804  |  single-char: 445053 (29.1%)  short-unary: 119280 (7.8%)  links: 965471 (63.1%)
  link len: avg=7.67  max=65  total_chars=7409785
  link length distribution (len:count):  3:106346  4:81524  5:100388  6:117171  7:118183  8:106006  9:86378  10:68801  11:51930  12:37786  13:27091  14:19390  15:13458  16:9322  17:6753  18:4616  19:3149  20:2153  21:1566  22:983  23:724  24:512  25:321  26:290  27:155  28:98  29:77  30:70  31:40  32:24  33:35  34:24  35:16  36:9  37:12  38:9  39:5  40:5  41:5  42:8  43:4  44:7  46:3  47:1  49:1  51:1  53:4  55:2  56:1  57:5  58:4  60:2  64:2  65:1
  short unary avg len: 2.00
791.316531,5.413679,337.748566
[PASSED]
[time 1.57 s, user 1.44 s, sys 0.12 s, maxrss 206012 KB]
[busy 166 jiffies]
[exit 0]
--- c2 case 2 rec 0   load 1.20 0.94 0.88
[TEST C2-MARISA]
Processing dataset...
Done!
Building trie...
trie size: 2.220281 MB
Done!
build time: 681.623427 ms (681.623427 ns per key)
space cost: 6.286226 MB (47.827347% of original size 13.143581 MB)
Querying trie...
Done!
total time: 266.677007 ms, avg latency: 266.677007 ns
topology: 0.735279 MB, link: 2.419176 MB, data: 3.111263 MB
--- Unary Path Analysis (Marisa, cutoff=3) ---
  branches: 1529804  |  single-char: 445053 (29.1%)  short-unary: 119280 (7.8%)  links: 965471 (63.1%)
  link len: avg=7.67  max=65  total_chars=7409785
  link length distribution (len:count):  3:106346  4:81524  5:100388  6:117171  7:118183  8:106006  9:86378  10:68801  11:51930  12:37786  13:27091  14:19390  15:13458  16:9322  17:6753  18:4616  19:3149  20:2153  21:1566  22:983  23:724  24:512  25:321  26:290  27:155  28:98  29:77  30:70  31:40  32:24  33:35  34:24  35:16  36:9  37:12  38:9  39:5  40:5  41:5  42:8  43:4  44:7  46:3  47:1  49:1  51:1  53:4  55:2  56:1  57:5  58:4  60:2  64:2  65:1
  short unary avg len: 2.00
681.623427,6.286226,266.677007
[PASSED]
[time 1.38 s, user 1.24 s, sys 0.13 s, maxrss 205844 KB]
[busy 147 jiffies]
[exit 0]
--- c2 case 1 rec 2   load 1.19 0.94 0.88
[TEST C2-CoCo(LOUDS-Sparse)]
Processing dataset...
Done!
Building trie...
trie size: 2.171301 MB
trie size: 0.145336 MB
Done!
build time: 1426.669367 ms (1426.669367 ns per key)
space cost: 6.299446 MB (47.927923% of original size 13.143581 MB)
Querying trie...
Done!
total time: 533.868081 ms, avg latency: 533.868081 ns
topology: 0.558979 MB, link: 2.635554 MB, data: 3.104912 MB
1426.669367,6.299446,533.868081
[PASSED]
[time 2.41 s, user 2.24 s, sys 0.16 s, maxrss 326816 KB]
[busy 253 jiffies]
[exit 0]
--- c2 case 1 rec 1   load 1.09 0.93 0.88
[TEST C2-CoCo(LOUDS-Sparse)]
Processing dataset...
Done!
Building trie...
trie size: 2.171301 MB
Done!
build time: 1427.933142 ms (1427.933142 ns per key)
space cost: 6.299446 MB (47.927923% of original size 13.143581 MB)
Querying trie...
Done!
total time: 535.190116 ms, avg latency: 535.190116 ns
topology: 0.558979 MB, link: 2.635554 MB, data: 3.104912 MB
1427.933142,6.299446,535.190116
[PASSED]
[time 2.39 s, user 2.22 s, sys 0.16 s, maxrss 326748 KB]
[busy 251 jiffies]
[exit 0]
--- c2 case 1 rec 0   load 1.09 0.93 0.88
[TEST C2-CoCo(LOUDS-Sparse)]
Processing dataset...
Done!
Building trie...
Done!
build time: 1349.070598 ms (1349.070598 ns per key)
space cost: 6.955368 MB (52.918365% of original size 13.143581 MB)
Querying trie...
Done!
total time: 497.200088 ms, avg latency: 497.200088 ns
topology: 0.405121 MB, link: 2.743303 MB, data: 3.806944 MB
1349.070598,6.955368,497.200088
[PASSED]
[time 2.28 s, user 2.09 s, sys 0.17 s, maxrss 327064 KB]
[busy 240 jiffies]
[exit 0]
--- c2 case 0 rec 2   load 1.08 0.93 0.88
[TEST C2-FST]
Processing dataset...
Done!
Building trie...
trie size: 2.171301 MB
trie size: 0.145336 MB
Done!
build time: 709.018872 ms (709.018872 ns per key)
space cost: 6.261899 MB (47.642258% of original size 13.143581 MB)
Querying trie...
Done!
total time: 412.683978 ms, avg latency: 412.683978 ns
topology: 1.096256 MB, link: 1.933458 MB, data: 3.232184 MB
--- Unary Path Analysis (FST, cutoff=4) ---
  shared unary steps in main trie: 268333
  terminal suffixes: inplace=220500 (avg len=1.97)  links=754948 (77.4% of terminal)
  link len: avg=6.76  max=63  total_chars=5105329
  link length distribution (len:count):  4:91687  5:111663  6:114934  7:103953  8:85177  9:68086  10:51456  11:37502  12:26935  13:19286  14:13392  15:9281  16:6718  17:4599  18:3138  19:2143  20:1561  21:980  22:717  23:511  24:315  25:289  26:154  27:98  28:76  29:70  30:38  31:24  32:35  33:24  34:15  35:9  36:12  37:9  38:5  39:5  40:5  41:8  42:4  43:7  45:3  46:1  48:1  50:1  52:4  54:2  55:1  56:5  57:4  59:2  63:2  64:1
709.018872,6.261899,412.683978
[PASSED]
[time 1.56 s, user 1.45 s, sys 0.10 s, maxrss 183192 KB]
[busy 166 jiffies]
[exit 0]
--- c2 case 0 rec 1   load 1.08 0.93 0.88
[TEST C2-FST]
Processing dataset...
Done!
Building trie...
trie size: 2.171301 MB
Done!
build time: 708.470200 ms (708.470200 ns per key)
space cost: 6.261899 MB (47.642258% of original size 13.143581 MB)
Querying trie...
Done!
total time: 406.945171 ms, avg latency: 406.945171 ns
topology: 1.096256 MB, link: 1.933458 MB, data: 3.232184 MB
--- Unary Path Analysis (FST, cutoff=4) ---
  shared unary steps in main trie: 268333
  terminal suffixes: inplace=220500 (avg len=1.97)  links=754948 (77.4% of terminal)
  link len: avg=6.76  max=63  total_chars=5105329
  link length distribution (len:count):  4:91687  5:111663  6:114934  7:103953  8:85177  9:68086  10:51456  11:37502  12:26935  13:19286  14:13392  15:9281  16:6718  17:4599  18:3138  19:2143  20:1561  21:980  22:717  23:511  24:315  25:289  26:154  27:98  28:76  29:70  30:38  31:24  32:35  33:24  34:15  35:9  36:12  37:9  38:5  39:5  40:5  41:8  42:4  43:7  45:3  46:1  48:1  50:1  52:4  54:2  55:1  56:5  57:4  59:2  63:2  64:1
708.470200,6.261899,406.945171
[PASSED]
[time 1.56 s, user 1.44 s, sys 0.10 s, maxrss 183220 KB]
[busy 163 jiffies]
[exit 0]
--- c2 case 0 rec 0   load 1.08 0.93 0.88
[TEST C2-FST]
Processing dataset...
Done!
Building trie...
Done!
build time: 626.677419 ms (626.677419 ns per key)
space cost: 6.917822 MB (52.632701% of original size 13.143581 MB)
Querying trie...
Done!
total time: 340.148477 ms, avg latency: 340.148477 ns
topology: 0.942398 MB, link: 2.041207 MB, data: 3.934216 MB
--- Unary Path Analysis (FST, cutoff=4) ---
  shared unary steps in main trie: 268333
  terminal suffixes: inplace=220500 (avg len=1.97)  links=754948 (77.4% of terminal)
  link len: avg=6.76  max=63  total_chars=5105329
  link length distribution (len:count):  4:91687  5:111663  6:114934  7:103953  8:85177  9:68086  10:51456  11:37502  12:26935  13:19286  14:13392  15:9281  16:6718  17:4599  18:3138  19:2143  20:1561  21:980  22:717  23:511  24:315  25:289  26:154  27:98  28:76  29:70  30:38  31:24  32:35  33:24  34:15  35:9  36:12  37:9  38:5  39:5  40:5  41:8  42:4  43:7  45:3  46:1  48:1  50:1  52:4  54:2  55:1  56:5  57:4  59:2  63:2  64:1
626.677419,6.917822,340.148477
[PASSED]
[time 1.40 s, user 1.29 s, sys 0.10 s, maxrss 183196 KB]
[busy 149 jiffies]
[exit 0]
--- lexindex hashed16   load 1.08 0.93 0.88
1000000 keys
lexindex HashedDictIndex fp=16: build 348 ms, size 8.812 MiB (9.240 B/key), latency cold 33.0 ns, then mean 29.2 / min 28.9 ns
347.609,8.812214,33.035
[time 0.94 s, user 2.35 s, sys 0.23 s, maxrss 253720 KB]
[busy 275 jiffies]
[exit 0]
--- lexindex hashed8   load 1.07 0.93 0.88
1000000 keys
lexindex HashedDictIndex fp=8: build 350 ms, size 7.859 MiB (8.240 B/key), latency cold 34.6 ns, then mean 28.3 / min 28.1 ns
349.614,7.858540,34.561
[time 0.94 s, user 2.35 s, sys 0.24 s, maxrss 253492 KB]
[busy 277 jiffies]
[exit 0]
--- lexindex hashed0   load 1.07 0.93 0.88
1000000 keys
lexindex HashedDictIndex closed: build 347 ms, size 6.905 MiB (7.240 B/key), latency cold 26.9 ns, then mean 20.9 / min 19.2 ns
346.768,6.904865,26.920
[time 0.92 s, user 2.30 s, sys 0.25 s, maxrss 251652 KB]
[busy 274 jiffies]
[exit 0]
--- lexindex string   load 0.98 0.91 0.88
1000000 keys
lexindex StringIndex: build 591 ms, size 10.017 MiB (10.504 B/key), latency cold 214.0 ns, then mean 201.4 / min 197.7 ns
591.227,10.017015,214.012
[time 1.88 s, user 1.80 s, sys 0.06 s, maxrss 136004 KB]
[busy 203 jiffies]
[exit 0]
--- lexindex dict1024   load 0.98 0.91 0.88
1000000 keys
lexindex DictIndex block 1024: build 269 ms, size 4.160 MiB (4.363 B/key), latency cold 429.5 ns, then mean 421.9 / min 421.3 ns
268.881,4.160439,429.494
[time 2.45 s, user 3.22 s, sys 0.17 s, maxrss 215208 KB]
[busy 361 jiffies]
[exit 0]
--- lexindex dict256   load 0.99 0.92 0.88
1000000 keys
lexindex DictIndex block 256: build 257 ms, size 4.291 MiB (4.500 B/key), latency cold 353.1 ns, then mean 347.7 / min 342.6 ns
256.549,4.291158,353.110
[time 2.13 s, user 3.51 s, sys 0.24 s, maxrss 237744 KB]
[busy 395 jiffies]
[exit 0]
--- lexindex dict32   load 0.99 0.92 0.88
1000000 keys
lexindex DictIndex block 32: build 259 ms, size 4.599 MiB (4.822 B/key), latency cold 324.8 ns, then mean 320.5 / min 317.8 ns
258.896,4.598972,324.777
[time 2.02 s, user 3.38 s, sys 0.24 s, maxrss 236908 KB]
[busy 388 jiffies]
[exit 0]

##### dna-1000000 (1000000 lines, 25000000 bytes)   round 2/3   2026-09-23T21:45:56+03:00
--- xcdat 16   load 0.99 0.92 0.88
build time: 795.811440 ms
space cost: 21.935129 MiB (95.836042% of original size 22.888184 MiB)
avg latency: 287.957096 ns
795.811440,21.935129,287.957096
[time 1.80 s, user 1.69 s, sys 0.10 s, maxrss 182628 KB]
[busy 191 jiffies]
[exit 0]
--- xcdat 15   load 0.91 0.90 0.87
build time: 823.442737 ms
space cost: 21.414997 MiB (93.563550% of original size 22.888184 MiB)
avg latency: 288.941366 ns
823.442737,21.414997,288.941366
[time 1.83 s, user 1.71 s, sys 0.10 s, maxrss 181972 KB]
[busy 193 jiffies]
[exit 0]
--- xcdat 8   load 0.91 0.90 0.87
build time: 795.056411 ms
space cost: 19.685819 MiB (86.008654% of original size 22.888184 MiB)
avg latency: 292.568224 ns
795.056411,19.685819,292.568224
[time 1.80 s, user 1.68 s, sys 0.11 s, maxrss 180372 KB]
[busy 192 jiffies]
[exit 0]
--- xcdat 7   load 0.92 0.90 0.87
build time: 832.663379 ms
space cost: 19.789600 MiB (86.462083% of original size 22.888184 MiB)
avg latency: 294.814135 ns
832.663379,19.789600,294.814135
[time 1.84 s, user 1.71 s, sys 0.12 s, maxrss 180340 KB]
[busy 195 jiffies]
[exit 0]
--- c2 case 8 rec 0   load 0.92 0.90 0.87
[TEST CART]
Processing dataset...
Done!
Building trie...
Done!
build time: 245.378374 ms (245.378374 ns per key)
space cost: 15.643999 MB (68.349675% of original size 22.888184 MB)
Querying trie...
Done!
total time: 443.752495 ms, avg latency: 443.752495 ns
not implemented
245.378374,15.643999,443.752495
[PASSED]
[time 1.41 s, user 1.29 s, sys 0.11 s, maxrss 214492 KB]
[busy 151 jiffies]
[exit 0]
--- c2 case 7 rec 0   load 0.92 0.91 0.87
[TEST ART]
Processing dataset...
Done!
Building trie...
Done!
build time: 198.272512 ms (198.272512 ns per key)
space cost: 33.278465 MB (145.395833% of original size 22.888184 MB)
Querying trie...
Done!
total time: 396.237635 ms, avg latency: 396.237635 ns
not implemented
198.272512,33.278465,396.237635
[PASSED]
[time 1.34 s, user 1.22 s, sys 0.11 s, maxrss 222968 KB]
[busy 141 jiffies]
[exit 0]
--- c2 case 6 rec 0   load 0.92 0.91 0.87
[TEST PDT]
Processing dataset...
Done!
Building trie...
dict size: 151324, stream size: 6218209
Done!
build time: 2925.330232 ms (2925.330232 ns per key)
space cost: 7.350519 MB (32.114908% of original size 22.888184 MB)
Querying trie...
Done!
total time: 783.210435 ms, avg latency: 783.210435 ns
not implemented
2925.330232,7.350519,783.210435
[PASSED]
[time 4.42 s, user 4.25 s, sys 0.15 s, maxrss 213084 KB]
[busy 463 jiffies]
[exit 0]
--- c2 case 5 rec 2   load 0.93 0.91 0.88
[TEST MARISA]
Processing dataset...
Done!
Building trie...
Done!
build time: 957.113200 ms (957.113200 ns per key)
space cost: 7.210847 MB (31.504671% of original size 22.888184 MB)
Querying trie...
Done!
total time: 788.734098 ms, avg latency: 788.734098 ns
not implemented
957.113200,7.210847,788.734098
[PASSED]
[time 2.46 s, user 2.32 s, sys 0.13 s, maxrss 221552 KB]
[busy 259 jiffies]
[exit 0]
--- c2 case 5 rec 1   load 0.93 0.91 0.88
[TEST MARISA]
Processing dataset...
Done!
Building trie...
Done!
build time: 962.665606 ms (962.665606 ns per key)
space cost: 7.640043 MB (33.379858% of original size 22.888184 MB)
Querying trie...
Done!
total time: 750.487026 ms, avg latency: 750.487026 ns
not implemented
962.665606,7.640043,750.487026
[PASSED]
[time 2.42 s, user 2.25 s, sys 0.16 s, maxrss 222044 KB]
[busy 256 jiffies]
[exit 0]
--- c2 case 5 rec 0   load 0.94 0.91 0.88
[TEST MARISA]
Processing dataset...
Done!
Building trie...
Done!
build time: 691.523466 ms (691.523466 ns per key)
space cost: 18.867507 MB (82.433396% of original size 22.888184 MB)
Querying trie...
Done!
total time: 544.657340 ms, avg latency: 544.657340 ns
not implemented
691.523466,18.867507,544.657340
[PASSED]
[time 1.93 s, user 1.79 s, sys 0.13 s, maxrss 222940 KB]
[busy 203 jiffies]
[exit 0]
--- c2 case 4 rec 0   load 0.94 0.91 0.88
[TEST COCO]
Processing dataset...
Done!
Building trie...
num nodes = 65537, average depth = 14.999878
ef = 0.000000, pa = 0.000000, bv = 0.000000, de = 0.000015
efr = 0.000015, par = 0.999969, bvr = 0.000000, der = 0.000000
Done!
build time: 22228.724250 ms (22228.724250 ns per key)
space cost: 5.857979 MB (25.593899% of original size 22.888184 MB)
Querying trie...
Done!
total time: 371.809729 ms, avg latency: 371.809729 ns
not implemented
22228.724250,5.857979,371.809729
[PASSED]
[time 24.21 s, user 18.50 s, sys 5.61 s, maxrss 13623644 KB]
[busy 2516 jiffies]
[exit 0]
--- c2 case 3 rec 0   load 0.96 0.92 0.88
[TEST FST]
Processing dataset...
Done!
Building trie...
Done!
build time: 945.699466 ms (945.699466 ns per key)
space cost: 18.082896 MB (79.005379% of original size 22.888184 MB)
Querying trie...
Done!
total time: 555.795887 ms, avg latency: 555.795887 ns
not implemented
945.699466,18.082896,555.795887
[PASSED]
[time 2.21 s, user 2.11 s, sys 0.09 s, maxrss 179124 KB]
[busy 236 jiffies]
[exit 0]
--- c2 case 2 rec 2   load 0.96 0.92 0.88
[TEST C2-MARISA]
Processing dataset...
Done!
Building trie...
trie size: 2.428399 MB
trie size: 5.162292 MB
Done!
build time: 2208.530425 ms (2208.530425 ns per key)
space cost: 10.748939 MB (46.962829% of original size 22.888184 MB)
Querying trie...
Done!
total time: 379.961431 ms, avg latency: 379.961431 ns
topology: 0.804615 MB, link: 2.791285 MB, data: 7.132531 MB
--- Unary Path Analysis (Marisa, cutoff=3) ---
  branches: 1681124  |  single-char: 605889 (36.0%)  short-unary: 58000 (3.5%)  links: 1017235 (60.5%)
  link len: avg=13.94  max=17  total_chars=14175392
  link length distribution (len:count):  3:13001  4:3156  5:812  6:209  7:97  8:186  9:733  10:2730  11:11261  12:42928  13:153933  14:402475  15:363824  16:21889  17:1
  short unary avg len: 2.00
2208.530425,10.748939,379.961431
[PASSED]
[time 3.33 s, user 3.07 s, sys 0.23 s, maxrss 285296 KB]
[busy 349 jiffies]
[exit 0]
--- c2 case 2 rec 1   load 0.97 0.92 0.88
[TEST C2-MARISA]
Processing dataset...
Done!
Building trie...
trie size: 2.428399 MB
trie size: 5.162292 MB
Done!
build time: 2220.452184 ms (2220.452184 ns per key)
space cost: 10.748939 MB (46.962829% of original size 22.888184 MB)
Querying trie...
Done!
total time: 391.697751 ms, avg latency: 391.697751 ns
topology: 0.804615 MB, link: 2.791285 MB, data: 7.132531 MB
--- Unary Path Analysis (Marisa, cutoff=3) ---
  branches: 1681124  |  single-char: 605889 (36.0%)  short-unary: 58000 (3.5%)  links: 1017235 (60.5%)
  link len: avg=13.94  max=17  total_chars=14175392
  link length distribution (len:count):  3:13001  4:3156  5:812  6:209  7:97  8:186  9:733  10:2730  11:11261  12:42928  13:153933  14:402475  15:363824  16:21889  17:1
  short unary avg len: 2.00
2220.452184,10.748939,391.697751
[PASSED]
[time 3.34 s, user 3.12 s, sys 0.20 s, maxrss 285388 KB]
[busy 351 jiffies]
[exit 0]
--- c2 case 2 rec 0   load 0.97 0.92 0.89
[TEST C2-MARISA]
Processing dataset...
Done!
Building trie...
trie size: 2.428399 MB
Done!
build time: 1321.188281 ms (1321.188281 ns per key)
space cost: 10.748939 MB (46.962829% of original size 22.888184 MB)
Querying trie...
Done!
total time: 388.662726 ms, avg latency: 388.662726 ns
topology: 0.804615 MB, link: 2.791285 MB, data: 7.132531 MB
--- Unary Path Analysis (Marisa, cutoff=3) ---
  branches: 1681124  |  single-char: 605889 (36.0%)  short-unary: 58000 (3.5%)  links: 1017235 (60.5%)
  link len: avg=13.94  max=17  total_chars=14175392
  link length distribution (len:count):  3:13001  4:3156  5:812  6:209  7:97  8:186  9:733  10:2730  11:11261  12:42928  13:153933  14:402475  15:363824  16:21889  17:1
  short unary avg len: 2.00
1321.188281,10.748939,388.662726
[PASSED]
[time 2.41 s, user 2.26 s, sys 0.14 s, maxrss 252464 KB]
[busy 252 jiffies]
[exit 0]
--- c2 case 1 rec 2   load 0.97 0.92 0.89
[TEST C2-CoCo(LOUDS-Sparse)]
Processing dataset...
Done!
Building trie...
trie size: 5.258043 MB
Done!
build time: 2710.454081 ms (2710.454081 ns per key)
space cost: 9.777104 MB (42.716818% of original size 22.888184 MB)
Querying trie...
Done!
total time: 457.952156 ms, avg latency: 457.952156 ns
topology: 0.343521 MB, link: 3.029230 MB, data: 6.404353 MB
2710.454081,9.777104,457.952156
[PASSED]
[time 3.87 s, user 3.66 s, sys 0.19 s, maxrss 413820 KB]
[busy 404 jiffies]
[exit 0]
--- c2 case 1 rec 1   load 0.97 0.93 0.89
[TEST C2-CoCo(LOUDS-Sparse)]
Processing dataset...
Done!
Building trie...
trie size: 5.258043 MB
Done!
build time: 2712.278300 ms (2712.278300 ns per key)
space cost: 9.777104 MB (42.716818% of original size 22.888184 MB)
Querying trie...
Done!
total time: 451.212207 ms, avg latency: 451.212207 ns
topology: 0.343521 MB, link: 3.029230 MB, data: 6.404353 MB
2712.278300,9.777104,451.212207
[PASSED]
[time 3.87 s, user 3.64 s, sys 0.21 s, maxrss 413972 KB]
[busy 406 jiffies]
[exit 0]
--- c2 case 1 rec 0   load 0.98 0.93 0.89
[TEST C2-CoCo(LOUDS-Sparse)]
Processing dataset...
Done!
Building trie...
Done!
build time: 1997.818382 ms (1997.818382 ns per key)
space cost: 9.777104 MB (42.716818% of original size 22.888184 MB)
Querying trie...
Done!
total time: 455.302305 ms, avg latency: 455.302305 ns
topology: 0.343521 MB, link: 3.029230 MB, data: 6.404353 MB
1997.818382,9.777104,455.302305
[PASSED]
[time 3.15 s, user 2.95 s, sys 0.18 s, maxrss 385844 KB]
[busy 329 jiffies]
[exit 0]
--- c2 case 0 rec 2   load 0.98 0.93 0.89
[TEST C2-FST]
Processing dataset...
Done!
Building trie...
trie size: 5.258043 MB
Done!
build time: 2120.163848 ms (2120.163848 ns per key)
space cost: 11.502727 MB (50.256179% of original size 22.888184 MB)
Querying trie...
Done!
total time: 417.305415 ms, avg latency: 417.305415 ns
topology: 0.892128 MB, link: 2.893083 MB, data: 7.717516 MB
--- Unary Path Analysis (FST, cutoff=4) ---
  shared unary steps in main trie: 98146
  terminal suffixes: inplace=2 (avg len=3.00)  links=999998 (100.0% of terminal)
  link len: avg=12.12  max=15  total_chars=12118007
  link length distribution (len:count):  4:2  5:10  6:40  7:176  8:732  9:2727  10:11261  11:42928  12:153933  13:402475  14:363824  15:21889  16:1
2120.163848,11.502727,417.305415
[PASSED]
[time 3.25 s, user 3.07 s, sys 0.15 s, maxrss 284180 KB]
[busy 339 jiffies]
[exit 0]
--- c2 case 0 rec 1   load 0.98 0.93 0.89
[TEST C2-FST]
Processing dataset...
Done!
Building trie...
trie size: 5.258043 MB
Done!
build time: 2146.423807 ms (2146.423807 ns per key)
space cost: 11.502727 MB (50.256179% of original size 22.888184 MB)
Querying trie...
Done!
total time: 421.111419 ms, avg latency: 421.111419 ns
topology: 0.892128 MB, link: 2.893083 MB, data: 7.717516 MB
--- Unary Path Analysis (FST, cutoff=4) ---
  shared unary steps in main trie: 98146
  terminal suffixes: inplace=2 (avg len=3.00)  links=999998 (100.0% of terminal)
  link len: avg=12.12  max=15  total_chars=12118007
  link length distribution (len:count):  4:2  5:10  6:40  7:176  8:732  9:2727  10:11261  11:42928  12:153933  13:402475  14:363824  15:21889  16:1
2146.423807,11.502727,421.111419
[PASSED]
[time 3.27 s, user 3.09 s, sys 0.16 s, maxrss 284344 KB]
[busy 342 jiffies]
[exit 0]
--- c2 case 0 rec 0   load 0.98 0.93 0.89
[TEST C2-FST]
Processing dataset...
Done!
Building trie...
Done!
build time: 1428.023241 ms (1428.023241 ns per key)
space cost: 11.502727 MB (50.256179% of original size 22.888184 MB)
Querying trie...
Done!
total time: 417.980964 ms, avg latency: 417.980964 ns
topology: 0.892128 MB, link: 2.893083 MB, data: 7.717516 MB
--- Unary Path Analysis (FST, cutoff=4) ---
  shared unary steps in main trie: 98146
  terminal suffixes: inplace=2 (avg len=3.00)  links=999998 (100.0% of terminal)
  link len: avg=12.12  max=15  total_chars=12118007
  link length distribution (len:count):  4:2  5:10  6:40  7:176  8:732  9:2727  10:11261  11:42928  12:153933  13:402475  14:363824  15:21889  16:1
1428.023241,11.502727,417.980964
[PASSED]
[time 2.56 s, user 2.38 s, sys 0.16 s, maxrss 255964 KB]
[busy 268 jiffies]
[exit 0]
--- lexindex hashed16   load 0.98 0.93 0.89
1000000 keys
lexindex HashedDictIndex fp=16: build 266 ms, size 8.693 MiB (9.115 B/key), latency cold 59.7 ns, then mean 57.6 / min 57.4 ns
266.150,8.692947,59.678
[time 1.00 s, user 1.52 s, sys 0.18 s, maxrss 200536 KB]
[busy 189 jiffies]
[exit 0]
--- lexindex hashed8   load 0.98 0.93 0.89
1000000 keys
lexindex HashedDictIndex fp=8: build 264 ms, size 7.739 MiB (8.115 B/key), latency cold 57.9 ns, then mean 56.7 / min 56.5 ns
263.847,7.739273,57.894
[time 0.99 s, user 1.51 s, sys 0.18 s, maxrss 188636 KB]
[busy 184 jiffies]
[exit 0]
--- lexindex hashed0   load 0.90 0.92 0.89
1000000 keys
lexindex HashedDictIndex closed: build 269 ms, size 6.786 MiB (7.115 B/key), latency cold 42.8 ns, then mean 41.3 / min 41.2 ns
268.818,6.785599,42.829
[time 0.93 s, user 1.48 s, sys 0.18 s, maxrss 192768 KB]
[busy 182 jiffies]
[exit 0]
--- lexindex string   load 0.90 0.92 0.89
1000000 keys
lexindex StringIndex: build 1117 ms, size 16.920 MiB (17.741 B/key), latency cold 425.3 ns, then mean 424.4 / min 423.7 ns
1117.441,16.919603,425.310
[time 3.29 s, user 3.19 s, sys 0.08 s, maxrss 164636 KB]
[busy 351 jiffies]
[exit 0]
--- lexindex dict1024   load 0.99 0.93 0.89
1000000 keys
lexindex DictIndex block 1024: build 178 ms, size 4.035 MiB (4.231 B/key), latency cold 392.2 ns, then mean 385.7 / min 379.7 ns
178.405,4.034555,392.193
[time 2.23 s, user 2.47 s, sys 0.11 s, maxrss 173336 KB]
[busy 281 jiffies]
[exit 0]
--- lexindex dict256   load 0.99 0.93 0.89
1000000 keys
lexindex DictIndex block 256: build 180 ms, size 4.172 MiB (4.375 B/key), latency cold 346.9 ns, then mean 347.3 / min 342.3 ns
180.456,4.172320,346.861
[time 2.08 s, user 2.57 s, sys 0.17 s, maxrss 189036 KB]
[busy 298 jiffies]
[exit 0]
--- lexindex dict32   load 0.99 0.94 0.89
1000000 keys
lexindex DictIndex block 32: build 176 ms, size 4.768 MiB (5.000 B/key), latency cold 349.2 ns, then mean 353.4 / min 349.2 ns
176.117,4.768131,349.231
[time 2.10 s, user 2.59 s, sys 0.18 s, maxrss 185972 KB]
[busy 297 jiffies]
[exit 0]

##### words-full (479823 lines, 4953557 bytes)   round 2/3   2026-09-23T21:47:54+03:00
--- xcdat 16   load 0.91 0.92 0.89
build time: 100.189630 ms
space cost: 3.550420 MiB (83.216503% of original size 4.266485 MiB)
avg latency: 84.263335 ns
100.189630,3.550420,84.263335
[time 0.31 s, user 0.28 s, sys 0.03 s, maxrss 58040 KB]
[busy 36 jiffies]
[exit 0]
--- xcdat 15   load 0.91 0.92 0.89
build time: 107.275128 ms
space cost: 3.340850 MiB (78.304499% of original size 4.266485 MiB)
avg latency: 82.059801 ns
107.275128,3.340850,82.059801
[time 0.32 s, user 0.28 s, sys 0.03 s, maxrss 58060 KB]
[busy 37 jiffies]
[exit 0]
--- xcdat 8   load 0.91 0.92 0.89
build time: 101.042263 ms
space cost: 2.597720 MiB (60.886655% of original size 4.266485 MiB)
avg latency: 109.303347 ns
101.042263,2.597720,109.303347
[time 0.32 s, user 0.28 s, sys 0.04 s, maxrss 52008 KB]
[busy 37 jiffies]
[exit 0]
--- xcdat 7   load 0.91 0.92 0.89
build time: 107.925962 ms
space cost: 2.721505 MiB (63.787990% of original size 4.266485 MiB)
avg latency: 107.471397 ns
107.925962,2.721505,107.471397
[time 0.33 s, user 0.30 s, sys 0.03 s, maxrss 52068 KB]
[busy 37 jiffies]
[exit 0]
--- c2 case 8 rec 0   load 0.92 0.92 0.89
[TEST CART]
Processing dataset...
Done!
Building trie...
Done!
build time: 68.203207 ms (142.142430 ns per key)
space cost: 7.328448 MB (171.767812% of original size 4.266485 MB)
Querying trie...
Done!
total time: 105.009741 ms, avg latency: 218.850995 ns
not implemented
68.203207,7.328448,218.850995
[PASSED]
[time 0.35 s, user 0.31 s, sys 0.03 s, maxrss 62224 KB]
[busy 41 jiffies]
[exit 0]
--- c2 case 7 rec 0   load 0.92 0.92 0.89
[TEST ART]
Processing dataset...
Done!
Building trie...
Done!
build time: 46.300649 ms (96.495268 ns per key)
space cost: 16.425407 MB (384.986859% of original size 4.266485 MB)
Querying trie...
Done!
total time: 86.434546 ms, avg latency: 180.138397 ns
not implemented
46.300649,16.425407,180.138397
[PASSED]
[time 0.31 s, user 0.27 s, sys 0.03 s, maxrss 61716 KB]
[busy 34 jiffies]
[exit 0]
--- c2 case 6 rec 0   load 0.92 0.92 0.89
[TEST PDT]
Processing dataset...
Done!
Building trie...
dict size: 35774, stream size: 975943
Done!
build time: 338.375585 ms (705.209181 ns per key)
space cost: 1.577207 MB (36.967352% of original size 4.266485 MB)
Querying trie...
Done!
total time: 228.509015 ms, avg latency: 476.236060 ns
not implemented
338.375585,1.577207,476.236060
[PASSED]
[time 0.74 s, user 0.70 s, sys 0.03 s, maxrss 52548 KB]
[busy 79 jiffies]
[exit 0]
--- c2 case 5 rec 2   load 0.85 0.91 0.88
[TEST MARISA]
Processing dataset...
Done!
Building trie...
Done!
build time: 160.288365 ms (334.057277 ns per key)
space cost: 1.362252 MB (31.929145% of original size 4.266485 MB)
Querying trie...
Done!
total time: 168.484260 ms, avg latency: 351.138357 ns
not implemented
160.288365,1.362252,351.138357
[PASSED]
[time 0.50 s, user 0.46 s, sys 0.04 s, maxrss 62884 KB]
[busy 58 jiffies]
[exit 0]
--- c2 case 5 rec 1   load 0.85 0.91 0.88
[TEST MARISA]
Processing dataset...
Done!
Building trie...
Done!
build time: 159.996095 ms (333.448157 ns per key)
space cost: 1.371034 MB (32.134968% of original size 4.266485 MB)
Querying trie...
Done!
total time: 165.495483 ms, avg latency: 344.909442 ns
not implemented
159.996095,1.371034,344.909442
[PASSED]
[time 0.50 s, user 0.46 s, sys 0.03 s, maxrss 63268 KB]
[busy 55 jiffies]
[exit 0]
--- c2 case 5 rec 0   load 0.85 0.91 0.88
[TEST MARISA]
Processing dataset...
Done!
Building trie...
Done!
build time: 155.170024 ms (323.390133 ns per key)
space cost: 1.546566 MB (36.249182% of original size 4.266485 MB)
Querying trie...
Done!
total time: 146.143738 ms, avg latency: 304.578434 ns
not implemented
155.170024,1.546566,304.578434
[PASSED]
[time 0.48 s, user 0.43 s, sys 0.04 s, maxrss 62956 KB]
[busy 53 jiffies]
[exit 0]
--- c2 case 4 rec 0   load 0.78 0.89 0.88
[TEST COCO]
Processing dataset...
Done!
Building trie...
num nodes = 100870, average depth = 2.907644
ef = 0.002379, pa = 0.381531, bv = 0.002558, de = 0.468484
efr = 0.010370, par = 0.134639, bvr = 0.000020, der = 0.000020
Done!
build time: 1583.035829 ms (3299.207893 ns per key)
space cost: 2.485874 MB (58.265159% of original size 4.266485 MB)
Querying trie...
Done!
total time: 170.127048 ms, avg latency: 354.562095 ns
not implemented
1583.035829,2.485874,354.562095
[PASSED]
[time 1.99 s, user 1.57 s, sys 0.40 s, maxrss 920360 KB]
[busy 211 jiffies]
[exit 0]
--- c2 case 3 rec 0   load 0.78 0.89 0.88
[TEST FST]
Processing dataset...
Done!
Building trie...
Done!
build time: 183.081778 ms (381.561071 ns per key)
space cost: 2.144493 MB (50.263695% of original size 4.266485 MB)
Querying trie...
Done!
total time: 203.089115 ms, avg latency: 423.258399 ns
not implemented
183.081778,2.144493,423.258399
[PASSED]
[time 0.56 s, user 0.52 s, sys 0.03 s, maxrss 41276 KB]
[busy 62 jiffies]
[exit 0]
--- c2 case 2 rec 2   load 0.78 0.89 0.88
[TEST C2-MARISA]
Processing dataset...
Done!
Building trie...
trie size: 1.224291 MB
trie size: 0.455650 MB
trie size: 0.007228 MB
Done!
build time: 120.005327 ms (250.103324 ns per key)
space cost: 1.692706 MB (39.674487% of original size 4.266485 MB)
Querying trie...
Done!
total time: 104.546069 ms, avg latency: 217.884655 ns
topology: 0.426247 MB, link: 0.398585 MB, data: 0.857620 MB
--- Unary Path Analysis (Marisa, cutoff=3) ---
  branches: 742737  |  single-char: 411656 (55.4%)  short-unary: 124451 (16.8%)  links: 206630 (27.8%)
  link len: avg=4.35  max=37  total_chars=898820
  link length distribution (len:count):  3:81252  4:55503  5:30038  6:18037  7:10646  8:5519  9:2885  10:1442  11:688  12:346  13:146  14:66  15:26  16:12  17:9  18:7  19:2  20:3  21:1  22:1  37:1
  short unary avg len: 2.00
120.005327,1.692706,217.884655
[PASSED]
[time 0.40 s, user 0.35 s, sys 0.04 s, maxrss 62724 KB]
[busy 47 jiffies]
[exit 0]
--- c2 case 2 rec 1   load 0.80 0.89 0.88
[TEST C2-MARISA]
Processing dataset...
Done!
Building trie...
trie size: 1.224291 MB
trie size: 0.455650 MB
Done!
build time: 113.874914 ms (237.326918 ns per key)
space cost: 1.692706 MB (39.674487% of original size 4.266485 MB)
Querying trie...
Done!
total time: 108.259379 ms, avg latency: 225.623572 ns
topology: 0.426247 MB, link: 0.398585 MB, data: 0.857620 MB
--- Unary Path Analysis (Marisa, cutoff=3) ---
  branches: 742737  |  single-char: 411656 (55.4%)  short-unary: 124451 (16.8%)  links: 206630 (27.8%)
  link len: avg=4.35  max=37  total_chars=898820
  link length distribution (len:count):  3:81252  4:55503  5:30038  6:18037  7:10646  8:5519  9:2885  10:1442  11:688  12:346  13:146  14:66  15:26  16:12  17:9  18:7  19:2  20:3  21:1  22:1  37:1
  short unary avg len: 2.00
113.874914,1.692706,225.623572
[PASSED]
[time 0.39 s, user 0.35 s, sys 0.04 s, maxrss 62900 KB]
[busy 46 jiffies]
[exit 0]
--- c2 case 2 rec 0   load 0.80 0.89 0.88
[TEST C2-MARISA]
Processing dataset...
Done!
Building trie...
trie size: 1.224291 MB
Done!
build time: 112.351610 ms (234.152198 ns per key)
space cost: 1.753984 MB (41.110759% of original size 4.266485 MB)
Querying trie...
Done!
total time: 99.132964 ms, avg latency: 206.603193 ns
topology: 0.405689 MB, link: 0.420969 MB, data: 0.917072 MB
--- Unary Path Analysis (Marisa, cutoff=3) ---
  branches: 742737  |  single-char: 411656 (55.4%)  short-unary: 124451 (16.8%)  links: 206630 (27.8%)
  link len: avg=4.35  max=37  total_chars=898820
  link length distribution (len:count):  3:81252  4:55503  5:30038  6:18037  7:10646  8:5519  9:2885  10:1442  11:688  12:346  13:146  14:66  15:26  16:12  17:9  18:7  19:2  20:3  21:1  22:1  37:1
  short unary avg len: 2.00
112.351610,1.753984,206.603193
[PASSED]
[time 0.38 s, user 0.34 s, sys 0.04 s, maxrss 62476 KB]
[busy 42 jiffies]
[exit 0]
--- c2 case 1 rec 2   load 0.80 0.89 0.88
[TEST C2-CoCo(LOUDS-Sparse)]
Processing dataset...
Done!
Building trie...
trie size: 0.142362 MB
Done!
build time: 422.747052 ms (881.047911 ns per key)
space cost: 2.136750 MB (50.082199% of original size 4.266485 MB)
Querying trie...
Done!
total time: 196.573928 ms, avg latency: 409.680086 ns
topology: 0.195229 MB, link: 0.520357 MB, data: 1.421164 MB
422.747052,2.136750,409.680086
[PASSED]
[time 0.79 s, user 0.73 s, sys 0.06 s, maxrss 97724 KB]
[busy 85 jiffies]
[exit 0]
--- c2 case 1 rec 1   load 0.73 0.88 0.88
[TEST C2-CoCo(LOUDS-Sparse)]
Processing dataset...
Done!
Building trie...
trie size: 0.142362 MB
Done!
build time: 420.736484 ms (876.857683 ns per key)
space cost: 2.136750 MB (50.082199% of original size 4.266485 MB)
Querying trie...
Done!
total time: 200.174897 ms, avg latency: 417.184872 ns
topology: 0.195229 MB, link: 0.520357 MB, data: 1.421164 MB
420.736484,2.136750,417.184872
[PASSED]
[time 0.80 s, user 0.73 s, sys 0.06 s, maxrss 97792 KB]
[busy 89 jiffies]
[exit 0]
--- c2 case 1 rec 0   load 0.73 0.88 0.88
[TEST C2-CoCo(LOUDS-Sparse)]
Processing dataset...
Done!
Building trie...
Done!
build time: 418.421953 ms (872.033965 ns per key)
space cost: 2.136750 MB (50.082199% of original size 4.266485 MB)
Querying trie...
Done!
total time: 195.514467 ms, avg latency: 407.472062 ns
topology: 0.195229 MB, link: 0.520357 MB, data: 1.421164 MB
418.421953,2.136750,407.472062
[PASSED]
[time 0.79 s, user 0.73 s, sys 0.05 s, maxrss 97508 KB]
[busy 85 jiffies]
[exit 0]
--- c2 case 0 rec 2   load 0.73 0.88 0.88
[TEST C2-FST]
Processing dataset...
Done!
Building trie...
trie size: 0.142362 MB
Done!
build time: 74.774790 ms (155.838278 ns per key)
space cost: 1.889297 MB (44.282271% of original size 4.266485 MB)
Querying trie...
Done!
total time: 123.062233 ms, avg latency: 256.474227 ns
topology: 0.420059 MB, link: 0.189988 MB, data: 1.279249 MB
--- Unary Path Analysis (FST, cutoff=4) ---
  shared unary steps in main trie: 150595
  terminal suffixes: inplace=193950 (avg len=1.79)  links=60939 (23.9% of terminal)
  link len: avg=4.24  max=35  total_chars=258586
  link length distribution (len:count):  4:25346  5:15798  6:9608  7:4976  8:2612  9:1355  10:653  11:330  12:137  13:65  14:25  15:11  16:9  17:6  18:2  19:3  20:1  21:1  36:1
74.774790,1.889297,256.474227
[PASSED]
[time 0.37 s, user 0.34 s, sys 0.02 s, maxrss 48748 KB]
[busy 44 jiffies]
[exit 0]
--- c2 case 0 rec 1   load 0.67 0.86 0.87
[TEST C2-FST]
Processing dataset...
Done!
Building trie...
trie size: 0.142362 MB
Done!
build time: 73.387993 ms (152.948052 ns per key)
space cost: 1.889297 MB (44.282271% of original size 4.266485 MB)
Querying trie...
Done!
total time: 125.873948 ms, avg latency: 262.334127 ns
topology: 0.420059 MB, link: 0.189988 MB, data: 1.279249 MB
--- Unary Path Analysis (FST, cutoff=4) ---
  shared unary steps in main trie: 150595
  terminal suffixes: inplace=193950 (avg len=1.79)  links=60939 (23.9% of terminal)
  link len: avg=4.24  max=35  total_chars=258586
  link length distribution (len:count):  4:25346  5:15798  6:9608  7:4976  8:2612  9:1355  10:653  11:330  12:137  13:65  14:25  15:11  16:9  17:6  18:2  19:3  20:1  21:1  36:1
73.387993,1.889297,262.334127
[PASSED]
[time 0.38 s, user 0.34 s, sys 0.03 s, maxrss 48820 KB]
[busy 45 jiffies]
[exit 0]
--- c2 case 0 rec 0   load 0.67 0.86 0.87
[TEST C2-FST]
Processing dataset...
Done!
Building trie...
Done!
build time: 70.553465 ms (147.040607 ns per key)
space cost: 1.889297 MB (44.282271% of original size 4.266485 MB)
Querying trie...
Done!
total time: 123.513371 ms, avg latency: 257.414444 ns
topology: 0.420059 MB, link: 0.189988 MB, data: 1.279249 MB
--- Unary Path Analysis (FST, cutoff=4) ---
  shared unary steps in main trie: 150595
  terminal suffixes: inplace=193950 (avg len=1.79)  links=60939 (23.9% of terminal)
  link len: avg=4.24  max=35  total_chars=258586
  link length distribution (len:count):  4:25346  5:15798  6:9608  7:4976  8:2612  9:1355  10:653  11:330  12:137  13:65  14:25  15:11  16:9  17:6  18:2  19:3  20:1  21:1  36:1
70.553465,1.889297,257.414444
[PASSED]
[time 0.37 s, user 0.33 s, sys 0.03 s, maxrss 48732 KB]
[busy 44 jiffies]
[exit 0]
--- lexindex hashed16   load 0.67 0.86 0.87
479823 keys
lexindex HashedDictIndex fp=16: build 115 ms, size 3.318 MiB (7.252 B/key), latency cold 17.6 ns, then mean 14.3 / min 13.7 ns
115.336,3.318485,17.611
[time 0.32 s, user 0.39 s, sys 0.07 s, maxrss 91836 KB]
[busy 56 jiffies]
[exit 0]
--- lexindex hashed8   load 0.67 0.86 0.87
479823 keys
lexindex HashedDictIndex fp=8: build 113 ms, size 2.861 MiB (6.252 B/key), latency cold 17.5 ns, then mean 14.7 / min 14.7 ns
112.783,2.860890,17.535
[time 0.32 s, user 0.40 s, sys 0.06 s, maxrss 90008 KB]
[busy 51 jiffies]
[exit 0]
--- lexindex hashed0   load 0.70 0.87 0.87
479823 keys
lexindex HashedDictIndex closed: build 112 ms, size 2.403 MiB (5.252 B/key), latency cold 14.5 ns, then mean 12.0 / min 11.8 ns
112.286,2.403296,14.522
[time 0.31 s, user 0.39 s, sys 0.06 s, maxrss 88680 KB]
[busy 50 jiffies]
[exit 0]
--- lexindex string   load 0.70 0.87 0.87
479823 keys
lexindex StringIndex: build 163 ms, size 2.724 MiB (5.953 B/key), latency cold 150.3 ns, then mean 148.2 / min 146.8 ns
162.877,2.724010,150.293
[time 0.62 s, user 0.58 s, sys 0.03 s, maxrss 64756 KB]
[busy 74 jiffies]
[exit 0]
--- lexindex dict1024   load 0.70 0.87 0.87
479823 keys
lexindex DictIndex block 1024: build 82 ms, size 1.150 MiB (2.513 B/key), latency cold 365.4 ns, then mean 363.5 / min 362.5 ns
81.671,1.150117,365.448
[time 0.95 s, user 0.98 s, sys 0.04 s, maxrss 78464 KB]
[busy 109 jiffies]
[exit 0]
--- lexindex dict256   load 0.72 0.87 0.87
479823 keys
lexindex DictIndex block 256: build 72 ms, size 1.206 MiB (2.635 B/key), latency cold 294.7 ns, then mean 292.9 / min 291.3 ns
72.071,1.205790,294.679
[time 0.81 s, user 0.86 s, sys 0.07 s, maxrss 86132 KB]
[busy 100 jiffies]
[exit 0]
--- lexindex dict32   load 0.72 0.87 0.87
479823 keys
lexindex DictIndex block 32: build 72 ms, size 1.304 MiB (2.850 B/key), latency cold 255.4 ns, then mean 248.9 / min 248.2 ns
72.489,1.304057,255.360
[time 0.74 s, user 0.81 s, sys 0.06 s, maxrss 85724 KB]
[busy 97 jiffies]
[exit 0]

##### words-full (479823 lines, 4953557 bytes)   round 3/3   2026-09-23T21:48:38+03:00
--- lexindex dict32   load 0.72 0.87 0.87
479823 keys
lexindex DictIndex block 32: build 71 ms, size 1.304 MiB (2.850 B/key), latency cold 257.7 ns, then mean 249.6 / min 247.4 ns
71.302,1.304057,257.700
[time 0.73 s, user 0.79 s, sys 0.07 s, maxrss 87516 KB]
[busy 98 jiffies]
[exit 0]
--- lexindex dict256   load 0.83 0.89 0.88
479823 keys
lexindex DictIndex block 256: build 74 ms, size 1.206 MiB (2.635 B/key), latency cold 296.9 ns, then mean 294.4 / min 292.8 ns
73.742,1.205790,296.902
[time 0.81 s, user 0.88 s, sys 0.06 s, maxrss 88232 KB]
[busy 105 jiffies]
[exit 0]
--- lexindex dict1024   load 0.83 0.89 0.88
479823 keys
lexindex DictIndex block 1024: build 81 ms, size 1.150 MiB (2.513 B/key), latency cold 373.4 ns, then mean 374.3 / min 372.8 ns
80.572,1.150117,373.373
[time 0.98 s, user 1.00 s, sys 0.06 s, maxrss 78196 KB]
[busy 117 jiffies]
[exit 0]
--- lexindex string   load 0.76 0.87 0.87
479823 keys
lexindex StringIndex: build 161 ms, size 2.724 MiB (5.953 B/key), latency cold 148.7 ns, then mean 149.5 / min 145.3 ns
160.744,2.724010,148.742
[time 0.62 s, user 0.58 s, sys 0.04 s, maxrss 64892 KB]
[busy 73 jiffies]
[exit 0]
--- lexindex hashed0   load 0.76 0.87 0.87
479823 keys
lexindex HashedDictIndex closed: build 114 ms, size 2.403 MiB (5.252 B/key), latency cold 14.4 ns, then mean 11.8 / min 11.7 ns
113.752,2.403296,14.364
[time 0.31 s, user 0.40 s, sys 0.04 s, maxrss 83120 KB]
[busy 51 jiffies]
[exit 0]
--- lexindex hashed8   load 0.76 0.87 0.87
479823 keys
lexindex HashedDictIndex fp=8: build 114 ms, size 2.861 MiB (6.252 B/key), latency cold 18.2 ns, then mean 14.7 / min 14.6 ns
113.734,2.860890,18.175
[time 0.32 s, user 0.39 s, sys 0.07 s, maxrss 93296 KB]
[busy 54 jiffies]
[exit 0]
--- lexindex hashed16   load 0.76 0.87 0.87
479823 keys
lexindex HashedDictIndex fp=16: build 113 ms, size 3.318 MiB (7.252 B/key), latency cold 17.9 ns, then mean 15.0 / min 14.9 ns
112.676,3.318485,17.868
[time 0.31 s, user 0.40 s, sys 0.05 s, maxrss 85460 KB]
[busy 50 jiffies]
[exit 0]
--- c2 case 0 rec 0   load 0.86 0.89 0.88
[TEST C2-FST]
Processing dataset...
Done!
Building trie...
Done!
build time: 71.327681 ms (148.654152 ns per key)
space cost: 1.889297 MB (44.282271% of original size 4.266485 MB)
Querying trie...
Done!
total time: 124.941486 ms, avg latency: 260.390782 ns
topology: 0.420059 MB, link: 0.189988 MB, data: 1.279249 MB
--- Unary Path Analysis (FST, cutoff=4) ---
  shared unary steps in main trie: 150595
  terminal suffixes: inplace=193950 (avg len=1.79)  links=60939 (23.9% of terminal)
  link len: avg=4.24  max=35  total_chars=258586
  link length distribution (len:count):  4:25346  5:15798  6:9608  7:4976  8:2612  9:1355  10:653  11:330  12:137  13:65  14:25  15:11  16:9  17:6  18:2  19:3  20:1  21:1  36:1
71.327681,1.889297,260.390782
[PASSED]
[time 0.37 s, user 0.34 s, sys 0.03 s, maxrss 48604 KB]
[busy 42 jiffies]
[exit 0]
--- c2 case 0 rec 1   load 0.86 0.89 0.88
[TEST C2-FST]
Processing dataset...
Done!
Building trie...
trie size: 0.142362 MB
Done!
build time: 73.305789 ms (152.776730 ns per key)
space cost: 1.889297 MB (44.282271% of original size 4.266485 MB)
Querying trie...
Done!
total time: 123.012440 ms, avg latency: 256.370453 ns
topology: 0.420059 MB, link: 0.189988 MB, data: 1.279249 MB
--- Unary Path Analysis (FST, cutoff=4) ---
  shared unary steps in main trie: 150595
  terminal suffixes: inplace=193950 (avg len=1.79)  links=60939 (23.9% of terminal)
  link len: avg=4.24  max=35  total_chars=258586
  link length distribution (len:count):  4:25346  5:15798  6:9608  7:4976  8:2612  9:1355  10:653  11:330  12:137  13:65  14:25  15:11  16:9  17:6  18:2  19:3  20:1  21:1  36:1
73.305789,1.889297,256.370453
[PASSED]
[time 0.38 s, user 0.34 s, sys 0.03 s, maxrss 48772 KB]
[busy 44 jiffies]
[exit 0]
--- c2 case 0 rec 2   load 0.86 0.89 0.88
[TEST C2-FST]
Processing dataset...
Done!
Building trie...
trie size: 0.142362 MB
Done!
build time: 73.910475 ms (154.036957 ns per key)
space cost: 1.889297 MB (44.282271% of original size 4.266485 MB)
Querying trie...
Done!
total time: 124.181967 ms, avg latency: 258.807867 ns
topology: 0.420059 MB, link: 0.189988 MB, data: 1.279249 MB
--- Unary Path Analysis (FST, cutoff=4) ---
  shared unary steps in main trie: 150595
  terminal suffixes: inplace=193950 (avg len=1.79)  links=60939 (23.9% of terminal)
  link len: avg=4.24  max=35  total_chars=258586
  link length distribution (len:count):  4:25346  5:15798  6:9608  7:4976  8:2612  9:1355  10:653  11:330  12:137  13:65  14:25  15:11  16:9  17:6  18:2  19:3  20:1  21:1  36:1
73.910475,1.889297,258.807867
[PASSED]
[time 0.38 s, user 0.34 s, sys 0.03 s, maxrss 48728 KB]
[busy 42 jiffies]
[exit 0]
--- c2 case 1 rec 0   load 0.79 0.88 0.88
[TEST C2-CoCo(LOUDS-Sparse)]
Processing dataset...
Done!
Building trie...
Done!
build time: 418.667033 ms (872.544736 ns per key)
space cost: 2.136750 MB (50.082199% of original size 4.266485 MB)
Querying trie...
Done!
total time: 203.346258 ms, avg latency: 423.794312 ns
topology: 0.195229 MB, link: 0.520357 MB, data: 1.421164 MB
418.667033,2.136750,423.794312
[PASSED]
[time 0.79 s, user 0.74 s, sys 0.05 s, maxrss 97944 KB]
[busy 87 jiffies]
[exit 0]
--- c2 case 1 rec 1   load 0.79 0.88 0.88
[TEST C2-CoCo(LOUDS-Sparse)]
Processing dataset...
Done!
Building trie...
trie size: 0.142362 MB
Done!
build time: 416.906735 ms (868.876096 ns per key)
space cost: 2.136750 MB (50.082199% of original size 4.266485 MB)
Querying trie...
Done!
total time: 195.517403 ms, avg latency: 407.478180 ns
topology: 0.195229 MB, link: 0.520357 MB, data: 1.421164 MB
416.906735,2.136750,407.478180
[PASSED]
[time 0.78 s, user 0.73 s, sys 0.04 s, maxrss 98132 KB]
[busy 84 jiffies]
[exit 0]
--- c2 case 1 rec 2   load 0.79 0.88 0.88
[TEST C2-CoCo(LOUDS-Sparse)]
Processing dataset...
Done!
Building trie...
trie size: 0.142362 MB
Done!
build time: 422.296626 ms (880.109178 ns per key)
space cost: 2.136750 MB (50.082199% of original size 4.266485 MB)
Querying trie...
Done!
total time: 200.932101 ms, avg latency: 418.762963 ns
topology: 0.195229 MB, link: 0.520357 MB, data: 1.421164 MB
422.296626,2.136750,418.762963
[PASSED]
[time 0.80 s, user 0.74 s, sys 0.05 s, maxrss 98100 KB]
[busy 87 jiffies]
[exit 0]
--- c2 case 2 rec 0   load 0.73 0.86 0.87
[TEST C2-MARISA]
Processing dataset...
Done!
Building trie...
trie size: 1.224291 MB
Done!
build time: 117.365675 ms (244.602020 ns per key)
space cost: 1.753984 MB (41.110759% of original size 4.266485 MB)
Querying trie...
Done!
total time: 97.683209 ms, avg latency: 203.581756 ns
topology: 0.405689 MB, link: 0.420969 MB, data: 0.917072 MB
--- Unary Path Analysis (Marisa, cutoff=3) ---
  branches: 742737  |  single-char: 411656 (55.4%)  short-unary: 124451 (16.8%)  links: 206630 (27.8%)
  link len: avg=4.35  max=37  total_chars=898820
  link length distribution (len:count):  3:81252  4:55503  5:30038  6:18037  7:10646  8:5519  9:2885  10:1442  11:688  12:346  13:146  14:66  15:26  16:12  17:9  18:7  19:2  20:3  21:1  22:1  37:1
  short unary avg len: 2.00
117.365675,1.753984,203.581756
[PASSED]
[time 0.39 s, user 0.33 s, sys 0.05 s, maxrss 62604 KB]
[busy 43 jiffies]
[exit 0]
--- c2 case 2 rec 1   load 0.73 0.86 0.87
[TEST C2-MARISA]
Processing dataset...
Done!
Building trie...
trie size: 1.224291 MB
trie size: 0.455650 MB
Done!
build time: 113.544192 ms (236.637660 ns per key)
space cost: 1.692706 MB (39.674487% of original size 4.266485 MB)
Querying trie...
Done!
total time: 104.612885 ms, avg latency: 218.023907 ns
topology: 0.426247 MB, link: 0.398585 MB, data: 0.857620 MB
--- Unary Path Analysis (Marisa, cutoff=3) ---
  branches: 742737  |  single-char: 411656 (55.4%)  short-unary: 124451 (16.8%)  links: 206630 (27.8%)
  link len: avg=4.35  max=37  total_chars=898820
  link length distribution (len:count):  3:81252  4:55503  5:30038  6:18037  7:10646  8:5519  9:2885  10:1442  11:688  12:346  13:146  14:66  15:26  16:12  17:9  18:7  19:2  20:3  21:1  22:1  37:1
  short unary avg len: 2.00
113.544192,1.692706,218.023907
[PASSED]
[time 0.39 s, user 0.35 s, sys 0.03 s, maxrss 62788 KB]
[busy 44 jiffies]
[exit 0]
--- c2 case 2 rec 2   load 0.73 0.86 0.87
[TEST C2-MARISA]
Processing dataset...
Done!
Building trie...
trie size: 1.224291 MB
trie size: 0.455650 MB
trie size: 0.007228 MB
Done!
build time: 113.427623 ms (236.394718 ns per key)
space cost: 1.692706 MB (39.674487% of original size 4.266485 MB)
Querying trie...
Done!
total time: 104.918910 ms, avg latency: 218.661694 ns
topology: 0.426247 MB, link: 0.398585 MB, data: 0.857620 MB
--- Unary Path Analysis (Marisa, cutoff=3) ---
  branches: 742737  |  single-char: 411656 (55.4%)  short-unary: 124451 (16.8%)  links: 206630 (27.8%)
  link len: avg=4.35  max=37  total_chars=898820
  link length distribution (len:count):  3:81252  4:55503  5:30038  6:18037  7:10646  8:5519  9:2885  10:1442  11:688  12:346  13:146  14:66  15:26  16:12  17:9  18:7  19:2  20:3  21:1  22:1  37:1
  short unary avg len: 2.00
113.427623,1.692706,218.661694
[PASSED]
[time 0.40 s, user 0.35 s, sys 0.04 s, maxrss 62860 KB]
[busy 44 jiffies]
[exit 0]
--- c2 case 3 rec 0   load 0.73 0.86 0.87
[TEST FST]
Processing dataset...
Done!
Building trie...
Done!
build time: 188.074413 ms (391.966231 ns per key)
space cost: 2.144493 MB (50.263695% of original size 4.266485 MB)
Querying trie...
Done!
total time: 206.104041 ms, avg latency: 429.541812 ns
not implemented
188.074413,2.144493,429.541812
[PASSED]
[time 0.57 s, user 0.53 s, sys 0.03 s, maxrss 41264 KB]
[busy 62 jiffies]
[exit 0]
--- c2 case 4 rec 0   load 0.67 0.85 0.87
[TEST COCO]
Processing dataset...
Done!
Building trie...
num nodes = 100870, average depth = 2.907644
ef = 0.002379, pa = 0.381531, bv = 0.002558, de = 0.468484
efr = 0.010370, par = 0.134639, bvr = 0.000020, der = 0.000020
Done!
build time: 1576.452375 ms (3285.487305 ns per key)
space cost: 2.485874 MB (58.265159% of original size 4.266485 MB)
Querying trie...
Done!
total time: 169.641546 ms, avg latency: 353.550259 ns
not implemented
1576.452375,2.485874,353.550259
[PASSED]
[time 1.98 s, user 1.56 s, sys 0.40 s, maxrss 920144 KB]
[busy 209 jiffies]
[exit 0]
--- c2 case 5 rec 0   load 0.67 0.85 0.87
[TEST MARISA]
Processing dataset...
Done!
Building trie...
Done!
build time: 155.354731 ms (323.775082 ns per key)
space cost: 1.546566 MB (36.249182% of original size 4.266485 MB)
Querying trie...
Done!
total time: 145.590879 ms, avg latency: 303.426220 ns
not implemented
155.354731,1.546566,303.426220
[PASSED]
[time 0.47 s, user 0.42 s, sys 0.04 s, maxrss 63204 KB]
[busy 54 jiffies]
[exit 0]
--- c2 case 5 rec 1   load 0.70 0.85 0.87
[TEST MARISA]
Processing dataset...
Done!
Building trie...
Done!
build time: 158.192005 ms (329.688250 ns per key)
space cost: 1.371034 MB (32.134968% of original size 4.266485 MB)
Querying trie...
Done!
total time: 166.103104 ms, avg latency: 346.175786 ns
not implemented
158.192005,1.371034,346.175786
[PASSED]
[time 0.50 s, user 0.46 s, sys 0.03 s, maxrss 62876 KB]
[busy 54 jiffies]
[exit 0]
--- c2 case 5 rec 2   load 0.70 0.85 0.87
[TEST MARISA]
Processing dataset...
Done!
Building trie...
Done!
build time: 158.814674 ms (330.985955 ns per key)
space cost: 1.362252 MB (31.929145% of original size 4.266485 MB)
Querying trie...
Done!
total time: 165.861721 ms, avg latency: 345.672719 ns
not implemented
158.814674,1.362252,345.672719
[PASSED]
[time 0.49 s, user 0.45 s, sys 0.04 s, maxrss 63060 KB]
[busy 54 jiffies]
[exit 0]
--- c2 case 6 rec 0   load 0.70 0.85 0.87
[TEST PDT]
Processing dataset...
Done!
Building trie...
dict size: 35774, stream size: 975943
Done!
build time: 335.726355 ms (699.687916 ns per key)
space cost: 1.577207 MB (36.967352% of original size 4.266485 MB)
Querying trie...
Done!
total time: 207.067222 ms, avg latency: 431.549180 ns
not implemented
335.726355,1.577207,431.549180
[PASSED]
[time 0.72 s, user 0.67 s, sys 0.03 s, maxrss 53036 KB]
[busy 77 jiffies]
[exit 0]
--- c2 case 7 rec 0   load 0.64 0.84 0.86
[TEST ART]
Processing dataset...
Done!
Building trie...
Done!
build time: 45.874467 ms (95.607061 ns per key)
space cost: 16.425407 MB (384.986859% of original size 4.266485 MB)
Querying trie...
Done!
total time: 81.756073 ms, avg latency: 170.387983 ns
not implemented
45.874467,16.425407,170.387983
[PASSED]
[time 0.30 s, user 0.26 s, sys 0.03 s, maxrss 61880 KB]
[busy 35 jiffies]
[exit 0]
--- c2 case 8 rec 0   load 0.64 0.84 0.86
[TEST CART]
Processing dataset...
Done!
Building trie...
Done!
build time: 68.840054 ms (143.469684 ns per key)
space cost: 7.328448 MB (171.767812% of original size 4.266485 MB)
Querying trie...
Done!
total time: 101.324674 ms, avg latency: 211.170940 ns
not implemented
68.840054,7.328448,211.170940
[PASSED]
[time 0.34 s, user 0.30 s, sys 0.04 s, maxrss 62092 KB]
[busy 39 jiffies]
[exit 0]
--- xcdat 7   load 0.64 0.84 0.86
build time: 108.078760 ms
space cost: 2.721505 MiB (63.787990% of original size 4.266485 MiB)
avg latency: 106.559494 ns
108.078760,2.721505,106.559494
[time 0.33 s, user 0.29 s, sys 0.03 s, maxrss 52012 KB]
[busy 38 jiffies]
[exit 0]
--- xcdat 8   load 0.64 0.84 0.86
build time: 97.869590 ms
space cost: 2.597720 MiB (60.886655% of original size 4.266485 MiB)
avg latency: 108.346845 ns
97.869590,2.597720,108.346845
[time 0.32 s, user 0.28 s, sys 0.03 s, maxrss 52004 KB]
[busy 36 jiffies]
[exit 0]
--- xcdat 15   load 0.67 0.84 0.86
build time: 110.043201 ms
space cost: 3.340850 MiB (78.304499% of original size 4.266485 MiB)
avg latency: 79.391657 ns
110.043201,3.340850,79.391657
[time 0.32 s, user 0.28 s, sys 0.04 s, maxrss 58076 KB]
[busy 37 jiffies]
[exit 0]
--- xcdat 16   load 0.67 0.84 0.86
build time: 97.109932 ms
space cost: 3.550420 MiB (83.216503% of original size 4.266485 MiB)
avg latency: 83.874483 ns
97.109932,3.550420,83.874483
[time 0.31 s, user 0.28 s, sys 0.03 s, maxrss 58248 KB]
[busy 35 jiffies]
[exit 0]

##### dna-1000000 (1000000 lines, 25000000 bytes)   round 3/3   2026-09-23T21:49:22+03:00
--- lexindex dict32   load 0.67 0.84 0.86
1000000 keys
lexindex DictIndex block 32: build 177 ms, size 4.768 MiB (5.000 B/key), latency cold 352.9 ns, then mean 350.1 / min 348.2 ns
177.059,4.768131,352.882
[time 2.09 s, user 2.58 s, sys 0.18 s, maxrss 190832 KB]
[busy 296 jiffies]
[exit 0]
--- lexindex dict256   load 0.70 0.84 0.86
1000000 keys
lexindex DictIndex block 256: build 177 ms, size 4.172 MiB (4.375 B/key), latency cold 352.3 ns, then mean 345.6 / min 340.2 ns
176.902,4.172320,352.264
[time 2.08 s, user 2.55 s, sys 0.17 s, maxrss 192384 KB]
[busy 296 jiffies]
[exit 0]
--- lexindex dict1024   load 0.64 0.83 0.86
1000000 keys
lexindex DictIndex block 1024: build 179 ms, size 4.035 MiB (4.231 B/key), latency cold 384.6 ns, then mean 380.8 / min 378.5 ns
179.132,4.034555,384.636
[time 2.21 s, user 2.47 s, sys 0.10 s, maxrss 173480 KB]
[busy 279 jiffies]
[exit 0]
--- lexindex string   load 0.64 0.83 0.86
1000000 keys
lexindex StringIndex: build 1119 ms, size 16.920 MiB (17.741 B/key), latency cold 431.4 ns, then mean 423.2 / min 419.5 ns
1119.206,16.919603,431.363
[time 3.31 s, user 3.20 s, sys 0.09 s, maxrss 165100 KB]
[busy 351 jiffies]
[exit 0]
--- lexindex hashed0   load 0.67 0.83 0.86
1000000 keys
lexindex HashedDictIndex closed: build 266 ms, size 6.786 MiB (7.115 B/key), latency cold 42.1 ns, then mean 40.0 / min 39.8 ns
265.926,6.785599,42.074
[time 0.92 s, user 1.44 s, sys 0.18 s, maxrss 195664 KB]
[busy 181 jiffies]
[exit 0]
--- lexindex hashed8   load 0.67 0.83 0.86
1000000 keys
lexindex HashedDictIndex fp=8: build 263 ms, size 7.739 MiB (8.115 B/key), latency cold 58.5 ns, then mean 56.3 / min 56.2 ns
263.232,7.739273,58.512
[time 0.99 s, user 1.54 s, sys 0.17 s, maxrss 186304 KB]
[busy 188 jiffies]
[exit 0]
--- lexindex hashed16   load 0.70 0.83 0.86
1000000 keys
lexindex HashedDictIndex fp=16: build 265 ms, size 8.693 MiB (9.115 B/key), latency cold 59.7 ns, then mean 57.3 / min 57.2 ns
265.259,8.692947,59.742
[time 0.99 s, user 1.54 s, sys 0.17 s, maxrss 195032 KB]
[busy 187 jiffies]
[exit 0]
--- c2 case 0 rec 0   load 0.70 0.83 0.86
[TEST C2-FST]
Processing dataset...
Done!
Building trie...
Done!
build time: 1428.765036 ms (1428.765036 ns per key)
space cost: 11.502727 MB (50.256179% of original size 22.888184 MB)
Querying trie...
Done!
total time: 422.148568 ms, avg latency: 422.148568 ns
topology: 0.892128 MB, link: 2.893083 MB, data: 7.717516 MB
--- Unary Path Analysis (FST, cutoff=4) ---
  shared unary steps in main trie: 98146
  terminal suffixes: inplace=2 (avg len=3.00)  links=999998 (100.0% of terminal)
  link len: avg=12.12  max=15  total_chars=12118007
  link length distribution (len:count):  4:2  5:10  6:40  7:176  8:732  9:2727  10:11261  11:42928  12:153933  13:402475  14:363824  15:21889  16:1
1428.765036,11.502727,422.148568
[PASSED]
[time 2.54 s, user 2.37 s, sys 0.16 s, maxrss 255672 KB]
[busy 269 jiffies]
[exit 0]
--- c2 case 0 rec 1   load 0.72 0.84 0.86
[TEST C2-FST]
Processing dataset...
Done!
Building trie...
trie size: 5.258043 MB
Done!
build time: 2151.108383 ms (2151.108383 ns per key)
space cost: 11.502727 MB (50.256179% of original size 22.888184 MB)
Querying trie...
Done!
total time: 416.503788 ms, avg latency: 416.503788 ns
topology: 0.892128 MB, link: 2.893083 MB, data: 7.717516 MB
--- Unary Path Analysis (FST, cutoff=4) ---
  shared unary steps in main trie: 98146
  terminal suffixes: inplace=2 (avg len=3.00)  links=999998 (100.0% of terminal)
  link len: avg=12.12  max=15  total_chars=12118007
  link length distribution (len:count):  4:2  5:10  6:40  7:176  8:732  9:2727  10:11261  11:42928  12:153933  13:402475  14:363824  15:21889  16:1
2151.108383,11.502727,416.503788
[PASSED]
[time 3.29 s, user 3.10 s, sys 0.17 s, maxrss 284224 KB]
[busy 344 jiffies]
[exit 0]
--- c2 case 0 rec 2   load 0.74 0.84 0.86
[TEST C2-FST]
Processing dataset...
Done!
Building trie...
trie size: 5.258043 MB
Done!
build time: 2128.206415 ms (2128.206415 ns per key)
space cost: 11.502727 MB (50.256179% of original size 22.888184 MB)
Querying trie...
Done!
total time: 424.047387 ms, avg latency: 424.047387 ns
topology: 0.892128 MB, link: 2.893083 MB, data: 7.717516 MB
--- Unary Path Analysis (FST, cutoff=4) ---
  shared unary steps in main trie: 98146
  terminal suffixes: inplace=2 (avg len=3.00)  links=999998 (100.0% of terminal)
  link len: avg=12.12  max=15  total_chars=12118007
  link length distribution (len:count):  4:2  5:10  6:40  7:176  8:732  9:2727  10:11261  11:42928  12:153933  13:402475  14:363824  15:21889  16:1
2128.206415,11.502727,424.047387
[PASSED]
[time 3.25 s, user 3.06 s, sys 0.18 s, maxrss 284460 KB]
[busy 337 jiffies]
[exit 0]
--- c2 case 1 rec 0   load 0.68 0.83 0.86
[TEST C2-CoCo(LOUDS-Sparse)]
Processing dataset...
Done!
Building trie...
Done!
build time: 2023.678069 ms (2023.678069 ns per key)
space cost: 9.777104 MB (42.716818% of original size 22.888184 MB)
Querying trie...
Done!
total time: 459.782937 ms, avg latency: 459.782937 ns
topology: 0.343521 MB, link: 3.029230 MB, data: 6.404353 MB
2023.678069,9.777104,459.782937
[PASSED]
[time 3.18 s, user 2.96 s, sys 0.20 s, maxrss 385972 KB]
[busy 335 jiffies]
[exit 0]
--- c2 case 1 rec 1   load 0.68 0.83 0.86
[TEST C2-CoCo(LOUDS-Sparse)]
Processing dataset...
Done!
Building trie...
trie size: 5.258043 MB
Done!
build time: 2696.867504 ms (2696.867504 ns per key)
space cost: 9.777104 MB (42.716818% of original size 22.888184 MB)
Querying trie...
Done!
total time: 469.549685 ms, avg latency: 469.549685 ns
topology: 0.343521 MB, link: 3.029230 MB, data: 6.404353 MB
2696.867504,9.777104,469.549685
[PASSED]
[time 3.86 s, user 3.65 s, sys 0.20 s, maxrss 413988 KB]
[busy 403 jiffies]
[exit 0]
--- c2 case 1 rec 2   load 0.71 0.83 0.86
[TEST C2-CoCo(LOUDS-Sparse)]
Processing dataset...
Done!
Building trie...
trie size: 5.258043 MB
Done!
build time: 2709.957649 ms (2709.957649 ns per key)
space cost: 9.777104 MB (42.716818% of original size 22.888184 MB)
Querying trie...
Done!
total time: 453.297818 ms, avg latency: 453.297818 ns
topology: 0.343521 MB, link: 3.029230 MB, data: 6.404353 MB
2709.957649,9.777104,453.297818
[PASSED]
[time 3.88 s, user 3.65 s, sys 0.21 s, maxrss 413872 KB]
[busy 407 jiffies]
[exit 0]
--- c2 case 2 rec 0   load 0.81 0.85 0.87
[TEST C2-MARISA]
Processing dataset...
Done!
Building trie...
trie size: 2.428399 MB
Done!
build time: 1317.187050 ms (1317.187050 ns per key)
space cost: 10.748939 MB (46.962829% of original size 22.888184 MB)
Querying trie...
Done!
total time: 387.512896 ms, avg latency: 387.512896 ns
topology: 0.804615 MB, link: 2.791285 MB, data: 7.132531 MB
--- Unary Path Analysis (Marisa, cutoff=3) ---
  branches: 1681124  |  single-char: 605889 (36.0%)  short-unary: 58000 (3.5%)  links: 1017235 (60.5%)
  link len: avg=13.94  max=17  total_chars=14175392
  link length distribution (len:count):  3:13001  4:3156  5:812  6:209  7:97  8:186  9:733  10:2730  11:11261  12:42928  13:153933  14:402475  15:363824  16:21889  17:1
  short unary avg len: 2.00
1317.187050,10.748939,387.512896
[PASSED]
[time 2.41 s, user 2.25 s, sys 0.15 s, maxrss 252236 KB]
[busy 258 jiffies]
[exit 0]
--- c2 case 2 rec 1   load 0.83 0.85 0.87
[TEST C2-MARISA]
Processing dataset...
Done!
Building trie...
trie size: 2.428399 MB
trie size: 5.162292 MB
Done!
build time: 2212.336850 ms (2212.336850 ns per key)
space cost: 10.748939 MB (46.962829% of original size 22.888184 MB)
Querying trie...
Done!
total time: 392.653798 ms, avg latency: 392.653798 ns
topology: 0.804615 MB, link: 2.791285 MB, data: 7.132531 MB
--- Unary Path Analysis (Marisa, cutoff=3) ---
  branches: 1681124  |  single-char: 605889 (36.0%)  short-unary: 58000 (3.5%)  links: 1017235 (60.5%)
  link len: avg=13.94  max=17  total_chars=14175392
  link length distribution (len:count):  3:13001  4:3156  5:812  6:209  7:97  8:186  9:733  10:2730  11:11261  12:42928  13:153933  14:402475  15:363824  16:21889  17:1
  short unary avg len: 2.00
2212.336850,10.748939,392.653798
[PASSED]
[time 3.33 s, user 3.09 s, sys 0.22 s, maxrss 285472 KB]
[busy 348 jiffies]
[exit 0]
--- c2 case 2 rec 2   load 0.84 0.85 0.87
[TEST C2-MARISA]
Processing dataset...
Done!
Building trie...
trie size: 2.428399 MB
trie size: 5.162292 MB
Done!
build time: 2304.073042 ms (2304.073042 ns per key)
space cost: 10.748939 MB (46.962829% of original size 22.888184 MB)
Querying trie...
Done!
total time: 382.414653 ms, avg latency: 382.414653 ns
topology: 0.804615 MB, link: 2.791285 MB, data: 7.132531 MB
--- Unary Path Analysis (Marisa, cutoff=3) ---
  branches: 1681124  |  single-char: 605889 (36.0%)  short-unary: 58000 (3.5%)  links: 1017235 (60.5%)
  link len: avg=13.94  max=17  total_chars=14175392
  link length distribution (len:count):  3:13001  4:3156  5:812  6:209  7:97  8:186  9:733  10:2730  11:11261  12:42928  13:153933  14:402475  15:363824  16:21889  17:1
  short unary avg len: 2.00
2304.073042,10.748939,382.414653
[PASSED]
[time 3.42 s, user 3.19 s, sys 0.21 s, maxrss 285392 KB]
[busy 425 jiffies]
[exit 0]
--- c2 case 3 rec 0   load 0.85 0.86 0.87
[TEST FST]
Processing dataset...
Done!
Building trie...
Done!
build time: 944.028916 ms (944.028916 ns per key)
space cost: 18.082896 MB (79.005379% of original size 22.888184 MB)
Querying trie...
Done!
total time: 556.612232 ms, avg latency: 556.612232 ns
not implemented
944.028916,18.082896,556.612232
[PASSED]
[time 2.21 s, user 2.10 s, sys 0.09 s, maxrss 178740 KB]
[busy 234 jiffies]
[exit 0]
--- c2 case 4 rec 0   load 0.79 0.84 0.86
[TEST COCO]
Processing dataset...
Done!
Building trie...
num nodes = 65537, average depth = 14.999878
ef = 0.000000, pa = 0.000000, bv = 0.000000, de = 0.000015
efr = 0.000015, par = 0.999969, bvr = 0.000000, der = 0.000000
Done!
build time: 22407.605774 ms (22407.605774 ns per key)
space cost: 5.857979 MB (25.593899% of original size 22.888184 MB)
Querying trie...
Done!
total time: 361.042380 ms, avg latency: 361.042380 ns
not implemented
22407.605774,5.857979,361.042380
[PASSED]
[time 24.39 s, user 18.65 s, sys 5.64 s, maxrss 13623480 KB]
[busy 2534 jiffies]
[exit 0]
--- c2 case 5 rec 0   load 0.78 0.84 0.86
[TEST MARISA]
Processing dataset...
Done!
Building trie...
Done!
build time: 695.888631 ms (695.888631 ns per key)
space cost: 18.867507 MB (82.433396% of original size 22.888184 MB)
Querying trie...
Done!
total time: 539.762369 ms, avg latency: 539.762369 ns
not implemented
695.888631,18.867507,539.762369
[PASSED]
[time 1.93 s, user 1.78 s, sys 0.14 s, maxrss 222860 KB]
[busy 206 jiffies]
[exit 0]
--- c2 case 5 rec 1   load 0.78 0.84 0.86
[TEST MARISA]
Processing dataset...
Done!
Building trie...
Done!
build time: 955.797246 ms (955.797246 ns per key)
space cost: 7.640043 MB (33.379858% of original size 22.888184 MB)
Querying trie...
Done!
total time: 739.842669 ms, avg latency: 739.842669 ns
not implemented
955.797246,7.640043,739.842669
[PASSED]
[time 2.40 s, user 2.23 s, sys 0.16 s, maxrss 221600 KB]
[busy 253 jiffies]
[exit 0]
--- c2 case 5 rec 2   load 0.80 0.84 0.86
[TEST MARISA]
Processing dataset...
Done!
Building trie...
Done!
build time: 957.214520 ms (957.214520 ns per key)
space cost: 7.210847 MB (31.504671% of original size 22.888184 MB)
Querying trie...
Done!
total time: 785.102542 ms, avg latency: 785.102542 ns
not implemented
957.214520,7.210847,785.102542
[PASSED]
[time 2.43 s, user 2.30 s, sys 0.12 s, maxrss 222060 KB]
[busy 257 jiffies]
[exit 0]
--- c2 case 6 rec 0   load 0.73 0.83 0.86
[TEST PDT]
Processing dataset...
Done!
Building trie...
dict size: 151324, stream size: 6218209
Done!
build time: 2906.902865 ms (2906.902865 ns per key)
space cost: 7.350519 MB (32.114908% of original size 22.888184 MB)
Querying trie...
Done!
total time: 781.050044 ms, avg latency: 781.050044 ns
not implemented
2906.902865,7.350519,781.050044
[PASSED]
[time 4.41 s, user 4.23 s, sys 0.15 s, maxrss 213056 KB]
[busy 458 jiffies]
[exit 0]
--- c2 case 7 rec 0   load 0.67 0.81 0.85
[TEST ART]
Processing dataset...
Done!
Building trie...
Done!
build time: 200.603903 ms (200.603903 ns per key)
space cost: 33.278465 MB (145.395833% of original size 22.888184 MB)
Querying trie...
Done!
total time: 404.993623 ms, avg latency: 404.993623 ns
not implemented
200.603903,33.278465,404.993623
[PASSED]
[time 1.33 s, user 1.21 s, sys 0.11 s, maxrss 222912 KB]
[busy 143 jiffies]
[exit 0]
--- c2 case 8 rec 0   load 0.67 0.81 0.85
[TEST CART]
Processing dataset...
Done!
Building trie...
Done!
build time: 244.953505 ms (244.953505 ns per key)
space cost: 15.643999 MB (68.349675% of original size 22.888184 MB)
Querying trie...
Done!
total time: 452.124862 ms, avg latency: 452.124862 ns
not implemented
244.953505,15.643999,452.124862
[PASSED]
[time 1.43 s, user 1.31 s, sys 0.10 s, maxrss 214708 KB]
[busy 152 jiffies]
[exit 0]
--- xcdat 7   load 0.62 0.80 0.85
build time: 829.939359 ms
space cost: 19.789600 MiB (86.462083% of original size 22.888184 MiB)
avg latency: 296.410716 ns
829.939359,19.789600,296.410716
[time 1.86 s, user 1.72 s, sys 0.12 s, maxrss 180404 KB]
[busy 196 jiffies]
[exit 0]
--- xcdat 8   load 0.62 0.80 0.85
build time: 794.562493 ms
space cost: 19.685819 MiB (86.008654% of original size 22.888184 MiB)
avg latency: 303.478921 ns
794.562493,19.685819,303.478921
[time 1.82 s, user 1.70 s, sys 0.10 s, maxrss 180628 KB]
[busy 192 jiffies]
[exit 0]
--- xcdat 15   load 0.65 0.80 0.85
build time: 819.279882 ms
space cost: 21.414997 MiB (93.563550% of original size 22.888184 MiB)
avg latency: 277.052740 ns
819.279882,21.414997,277.052740
[time 1.80 s, user 1.68 s, sys 0.11 s, maxrss 182228 KB]
[busy 191 jiffies]
[exit 0]
--- xcdat 16   load 0.65 0.80 0.85
build time: 795.316700 ms
space cost: 21.935129 MiB (95.836042% of original size 22.888184 MiB)
avg latency: 296.514041 ns
795.316700,21.935129,296.514041
[time 1.81 s, user 1.68 s, sys 0.12 s, maxrss 182480 KB]
[busy 191 jiffies]
[exit 0]

##### domains-1000000 (1000000 lines, 14782044 bytes)   round 3/3   2026-09-23T21:51:20+03:00
--- lexindex dict32   load 0.68 0.81 0.85
1000000 keys
lexindex DictIndex block 32: build 251 ms, size 4.599 MiB (4.822 B/key), latency cold 320.8 ns, then mean 322.2 / min 318.4 ns
251.266,4.598972,320.803
[time 2.01 s, user 3.28 s, sys 0.23 s, maxrss 236800 KB]
[busy 368 jiffies]
[exit 0]
--- lexindex dict256   load 0.62 0.79 0.85
1000000 keys
lexindex DictIndex block 256: build 255 ms, size 4.291 MiB (4.500 B/key), latency cold 356.0 ns, then mean 344.3 / min 337.5 ns
254.693,4.291158,356.007
[time 2.14 s, user 3.41 s, sys 0.23 s, maxrss 237272 KB]
[busy 390 jiffies]
[exit 0]
--- lexindex dict1024   load 0.62 0.79 0.85
1000000 keys
lexindex DictIndex block 1024: build 271 ms, size 4.160 MiB (4.363 B/key), latency cold 427.7 ns, then mean 422.1 / min 418.8 ns
270.788,4.160439,427.685
[time 2.43 s, user 3.19 s, sys 0.18 s, maxrss 214472 KB]
[busy 360 jiffies]
[exit 0]
--- lexindex string   load 0.65 0.80 0.85
1000000 keys
lexindex StringIndex: build 594 ms, size 10.017 MiB (10.504 B/key), latency cold 214.8 ns, then mean 207.5 / min 201.3 ns
593.946,10.017015,214.808
[time 1.88 s, user 1.79 s, sys 0.08 s, maxrss 136156 KB]
[busy 200 jiffies]
[exit 0]
--- lexindex hashed0   load 0.65 0.80 0.85
1000000 keys
lexindex HashedDictIndex closed: build 347 ms, size 6.905 MiB (7.240 B/key), latency cold 29.9 ns, then mean 25.1 / min 24.9 ns
346.921,6.904865,29.867
[time 0.91 s, user 2.32 s, sys 0.23 s, maxrss 240028 KB]
[busy 270 jiffies]
[exit 0]
--- lexindex hashed8   load 1.88 1.05 0.93
1000000 keys
lexindex HashedDictIndex fp=8: build 348 ms, size 7.859 MiB (8.240 B/key), latency cold 39.1 ns, then mean 30.1 / min 29.6 ns
348.312,7.858540,39.124
[time 0.95 s, user 2.35 s, sys 0.22 s, maxrss 240820 KB]
[busy 274 jiffies]
[exit 0]
--- lexindex hashed16   load 1.88 1.05 0.93
1000000 keys
lexindex HashedDictIndex fp=16: build 348 ms, size 8.812 MiB (9.240 B/key), latency cold 33.4 ns, then mean 32.1 / min 29.7 ns
347.870,8.812214,33.407
[time 0.95 s, user 2.32 s, sys 0.25 s, maxrss 255200 KB]
[busy 274 jiffies]
[exit 0]
--- c2 case 0 rec 0   load 1.73 1.03 0.92
[TEST C2-FST]
Processing dataset...
Done!
Building trie...
Done!
build time: 630.575325 ms (630.575325 ns per key)
space cost: 6.917822 MB (52.632701% of original size 13.143581 MB)
Querying trie...
Done!
total time: 340.037638 ms, avg latency: 340.037638 ns
topology: 0.942398 MB, link: 2.041207 MB, data: 3.934216 MB
--- Unary Path Analysis (FST, cutoff=4) ---
  shared unary steps in main trie: 268333
  terminal suffixes: inplace=220500 (avg len=1.97)  links=754948 (77.4% of terminal)
  link len: avg=6.76  max=63  total_chars=5105329
  link length distribution (len:count):  4:91687  5:111663  6:114934  7:103953  8:85177  9:68086  10:51456  11:37502  12:26935  13:19286  14:13392  15:9281  16:6718  17:4599  18:3138  19:2143  20:1561  21:980  22:717  23:511  24:315  25:289  26:154  27:98  28:76  29:70  30:38  31:24  32:35  33:24  34:15  35:9  36:12  37:9  38:5  39:5  40:5  41:8  42:4  43:7  45:3  46:1  48:1  50:1  52:4  54:2  55:1  56:5  57:4  59:2  63:2  64:1
630.575325,6.917822,340.037638
[PASSED]
[time 1.39 s, user 1.28 s, sys 0.10 s, maxrss 183332 KB]
[busy 149 jiffies]
[exit 0]
--- c2 case 0 rec 1   load 1.73 1.03 0.92
[TEST C2-FST]
Processing dataset...
Done!
Building trie...
trie size: 2.171301 MB
Done!
build time: 703.971905 ms (703.971905 ns per key)
space cost: 6.261899 MB (47.642258% of original size 13.143581 MB)
Querying trie...
Done!
total time: 403.848731 ms, avg latency: 403.848731 ns
topology: 1.096256 MB, link: 1.933458 MB, data: 3.232184 MB
--- Unary Path Analysis (FST, cutoff=4) ---
  shared unary steps in main trie: 268333
  terminal suffixes: inplace=220500 (avg len=1.97)  links=754948 (77.4% of terminal)
  link len: avg=6.76  max=63  total_chars=5105329
  link length distribution (len:count):  4:91687  5:111663  6:114934  7:103953  8:85177  9:68086  10:51456  11:37502  12:26935  13:19286  14:13392  15:9281  16:6718  17:4599  18:3138  19:2143  20:1561  21:980  22:717  23:511  24:315  25:289  26:154  27:98  28:76  29:70  30:38  31:24  32:35  33:24  34:15  35:9  36:12  37:9  38:5  39:5  40:5  41:8  42:4  43:7  45:3  46:1  48:1  50:1  52:4  54:2  55:1  56:5  57:4  59:2  63:2  64:1
703.971905,6.261899,403.848731
[PASSED]
[time 1.55 s, user 1.43 s, sys 0.10 s, maxrss 183364 KB]
[busy 162 jiffies]
[exit 0]
--- c2 case 0 rec 2   load 1.59 1.01 0.92
[TEST C2-FST]
Processing dataset...
Done!
Building trie...
trie size: 2.171301 MB
trie size: 0.145336 MB
Done!
build time: 712.594622 ms (712.594622 ns per key)
space cost: 6.261899 MB (47.642258% of original size 13.143581 MB)
Querying trie...
Done!
total time: 397.624080 ms, avg latency: 397.624080 ns
topology: 1.096256 MB, link: 1.933458 MB, data: 3.232184 MB
--- Unary Path Analysis (FST, cutoff=4) ---
  shared unary steps in main trie: 268333
  terminal suffixes: inplace=220500 (avg len=1.97)  links=754948 (77.4% of terminal)
  link len: avg=6.76  max=63  total_chars=5105329
  link length distribution (len:count):  4:91687  5:111663  6:114934  7:103953  8:85177  9:68086  10:51456  11:37502  12:26935  13:19286  14:13392  15:9281  16:6718  17:4599  18:3138  19:2143  20:1561  21:980  22:717  23:511  24:315  25:289  26:154  27:98  28:76  29:70  30:38  31:24  32:35  33:24  34:15  35:9  36:12  37:9  38:5  39:5  40:5  41:8  42:4  43:7  45:3  46:1  48:1  50:1  52:4  54:2  55:1  56:5  57:4  59:2  63:2  64:1
712.594622,6.261899,397.624080
[PASSED]
[time 1.55 s, user 1.42 s, sys 0.12 s, maxrss 183280 KB]
[busy 166 jiffies]
[exit 0]
--- c2 case 1 rec 0   load 1.59 1.01 0.92
[TEST C2-CoCo(LOUDS-Sparse)]
Processing dataset...
Done!
Building trie...
Done!
build time: 1345.681408 ms (1345.681408 ns per key)
space cost: 6.955368 MB (52.918365% of original size 13.143581 MB)
Querying trie...
Done!
total time: 508.425768 ms, avg latency: 508.425768 ns
topology: 0.405121 MB, link: 2.743303 MB, data: 3.806944 MB
1345.681408,6.955368,508.425768
[PASSED]
[time 2.29 s, user 2.11 s, sys 0.17 s, maxrss 326708 KB]
[busy 240 jiffies]
[exit 0]
--- c2 case 1 rec 1   load 1.55 1.01 0.92
[TEST C2-CoCo(LOUDS-Sparse)]
Processing dataset...
Done!
Building trie...
trie size: 2.171301 MB
Done!
build time: 1423.177433 ms (1423.177433 ns per key)
space cost: 6.299446 MB (47.927923% of original size 13.143581 MB)
Querying trie...
Done!
total time: 549.174100 ms, avg latency: 549.174100 ns
topology: 0.558979 MB, link: 2.635554 MB, data: 3.104912 MB
1423.177433,6.299446,549.174100
[PASSED]
[time 2.40 s, user 2.22 s, sys 0.17 s, maxrss 326760 KB]
[busy 252 jiffies]
[exit 0]
--- c2 case 1 rec 2   load 1.55 1.01 0.92
[TEST C2-CoCo(LOUDS-Sparse)]
Processing dataset...
Done!
Building trie...
trie size: 2.171301 MB
trie size: 0.145336 MB
Done!
build time: 1447.256965 ms (1447.256965 ns per key)
space cost: 6.299446 MB (47.927923% of original size 13.143581 MB)
Querying trie...
Done!
total time: 543.262038 ms, avg latency: 543.262038 ns
topology: 0.558979 MB, link: 2.635554 MB, data: 3.104912 MB
1447.256965,6.299446,543.262038
[PASSED]
[time 2.43 s, user 2.24 s, sys 0.17 s, maxrss 326900 KB]
[busy 257 jiffies]
[exit 0]
--- c2 case 2 rec 0   load 1.50 1.01 0.92
[TEST C2-MARISA]
Processing dataset...
Done!
Building trie...
trie size: 2.220281 MB
Done!
build time: 684.263039 ms (684.263039 ns per key)
space cost: 6.286226 MB (47.827347% of original size 13.143581 MB)
Querying trie...
Done!
total time: 261.502151 ms, avg latency: 261.502151 ns
topology: 0.735279 MB, link: 2.419176 MB, data: 3.111263 MB
--- Unary Path Analysis (Marisa, cutoff=3) ---
  branches: 1529804  |  single-char: 445053 (29.1%)  short-unary: 119280 (7.8%)  links: 965471 (63.1%)
  link len: avg=7.67  max=65  total_chars=7409785
  link length distribution (len:count):  3:106346  4:81524  5:100388  6:117171  7:118183  8:106006  9:86378  10:68801  11:51930  12:37786  13:27091  14:19390  15:13458  16:9322  17:6753  18:4616  19:3149  20:2153  21:1566  22:983  23:724  24:512  25:321  26:290  27:155  28:98  29:77  30:70  31:40  32:24  33:35  34:24  35:16  36:9  37:12  38:9  39:5  40:5  41:5  42:8  43:4  44:7  46:3  47:1  49:1  51:1  53:4  55:2  56:1  57:5  58:4  60:2  64:2  65:1
  short unary avg len: 2.00
684.263039,6.286226,261.502151
[PASSED]
[time 1.37 s, user 1.25 s, sys 0.11 s, maxrss 206008 KB]
[busy 146 jiffies]
[exit 0]
--- c2 case 2 rec 1   load 1.38 1.00 0.91
[TEST C2-MARISA]
Processing dataset...
Done!
Building trie...
trie size: 2.220281 MB
trie size: 2.823213 MB
Done!
build time: 799.196253 ms (799.196253 ns per key)
space cost: 5.413679 MB (41.188767% of original size 13.143581 MB)
Querying trie...
Done!
total time: 332.747125 ms, avg latency: 332.747125 ns
topology: 0.947487 MB, link: 2.305346 MB, data: 2.140338 MB
--- Unary Path Analysis (Marisa, cutoff=3) ---
  branches: 1529804  |  single-char: 445053 (29.1%)  short-unary: 119280 (7.8%)  links: 965471 (63.1%)
  link len: avg=7.67  max=65  total_chars=7409785
  link length distribution (len:count):  3:106346  4:81524  5:100388  6:117171  7:118183  8:106006  9:86378  10:68801  11:51930  12:37786  13:27091  14:19390  15:13458  16:9322  17:6753  18:4616  19:3149  20:2153  21:1566  22:983  23:724  24:512  25:321  26:290  27:155  28:98  29:77  30:70  31:40  32:24  33:35  34:24  35:16  36:9  37:12  38:9  39:5  40:5  41:5  42:8  43:4  44:7  46:3  47:1  49:1  51:1  53:4  55:2  56:1  57:5  58:4  60:2  64:2  65:1
  short unary avg len: 2.00
799.196253,5.413679,332.747125
[PASSED]
[time 1.58 s, user 1.44 s, sys 0.12 s, maxrss 206116 KB]
[busy 166 jiffies]
[exit 0]
--- c2 case 2 rec 2   load 1.38 1.00 0.91
[TEST C2-MARISA]
Processing dataset...
Done!
Building trie...
trie size: 2.220281 MB
trie size: 2.823213 MB
trie size: 0.214430 MB
Done!
build time: 808.941690 ms (808.941690 ns per key)
space cost: 5.413679 MB (41.188767% of original size 13.143581 MB)
Querying trie...
Done!
total time: 332.309663 ms, avg latency: 332.309663 ns
topology: 0.947487 MB, link: 2.305346 MB, data: 2.140338 MB
--- Unary Path Analysis (Marisa, cutoff=3) ---
  branches: 1529804  |  single-char: 445053 (29.1%)  short-unary: 119280 (7.8%)  links: 965471 (63.1%)
  link len: avg=7.67  max=65  total_chars=7409785
  link length distribution (len:count):  3:106346  4:81524  5:100388  6:117171  7:118183  8:106006  9:86378  10:68801  11:51930  12:37786  13:27091  14:19390  15:13458  16:9322  17:6753  18:4616  19:3149  20:2153  21:1566  22:983  23:724  24:512  25:321  26:290  27:155  28:98  29:77  30:70  31:40  32:24  33:35  34:24  35:16  36:9  37:12  38:9  39:5  40:5  41:5  42:8  43:4  44:7  46:3  47:1  49:1  51:1  53:4  55:2  56:1  57:5  58:4  60:2  64:2  65:1
  short unary avg len: 2.00
808.941690,5.413679,332.309663
[PASSED]
[time 1.58 s, user 1.45 s, sys 0.12 s, maxrss 206084 KB]
[busy 166 jiffies]
[exit 0]
--- c2 case 3 rec 0   load 1.27 0.98 0.91
[TEST FST]
Processing dataset...
Done!
Building trie...
Done!
build time: 605.179972 ms (605.179972 ns per key)
space cost: 6.751218 MB (51.365131% of original size 13.143581 MB)
Querying trie...
Done!
total time: 447.466105 ms, avg latency: 447.466105 ns
not implemented
605.179972,6.751218,447.466105
[PASSED]
[time 1.49 s, user 1.42 s, sys 0.06 s, maxrss 95348 KB]
[busy 163 jiffies]
[exit 0]
--- c2 case 4 rec 0   load 1.27 0.98 0.91
[TEST COCO]
Processing dataset...
Done!
Building trie...
num nodes = 310886, average depth = 6.283062
ef = 0.001168, pa = 0.211653, bv = 0.000885, de = 0.651638
efr = 0.002046, par = 0.129141, bvr = 0.000006, der = 0.003464
Done!
build time: 10369.581394 ms (10369.581394 ns per key)
space cost: 9.668336 MB (73.559374% of original size 13.143581 MB)
Querying trie...
Done!
total time: 425.257762 ms, avg latency: 425.257762 ns
not implemented
10369.581394,9.668336,425.257762
[PASSED]
[time 11.64 s, user 8.92 s, sys 2.66 s, maxrss 6137928 KB]
[busy 1211 jiffies]
[exit 0]
--- c2 case 5 rec 0   load 1.21 0.98 0.91
[TEST MARISA]
Processing dataset...
Done!
Building trie...
Done!
build time: 482.510858 ms (482.510858 ns per key)
space cost: 6.885828 MB (52.389283% of original size 13.143581 MB)
Querying trie...
Done!
total time: 388.096772 ms, avg latency: 388.096772 ns
not implemented
482.510858,6.885828,388.096772
[PASSED]
[time 1.30 s, user 1.19 s, sys 0.10 s, maxrss 172580 KB]
[busy 138 jiffies]
[exit 0]
--- c2 case 5 rec 1   load 1.21 0.98 0.91
[TEST MARISA]
Processing dataset...
Done!
Building trie...
Done!
build time: 561.970693 ms (561.970693 ns per key)
space cost: 4.826345 MB (36.720170% of original size 13.143581 MB)
Querying trie...
Done!
total time: 516.669082 ms, avg latency: 516.669082 ns
not implemented
561.970693,4.826345,516.669082
[PASSED]
[time 1.51 s, user 1.38 s, sys 0.12 s, maxrss 172304 KB]
[busy 159 jiffies]
[exit 0]
--- c2 case 5 rec 2   load 1.19 0.98 0.91
[TEST MARISA]
Processing dataset...
Done!
Building trie...
Done!
build time: 562.357300 ms (562.357300 ns per key)
space cost: 4.647946 MB (35.362861% of original size 13.143581 MB)
Querying trie...
Done!
total time: 540.453398 ms, avg latency: 540.453398 ns
not implemented
562.357300,4.647946,540.453398
[PASSED]
[time 1.53 s, user 1.41 s, sys 0.11 s, maxrss 172596 KB]
[busy 163 jiffies]
[exit 0]
--- c2 case 6 rec 0   load 1.19 0.98 0.91
[TEST PDT]
Processing dataset...
Done!
Building trie...
dict size: 155466, stream size: 4016746
Done!
build time: 1911.618417 ms (1911.618417 ns per key)
space cost: 5.254991 MB (39.981421% of original size 13.143581 MB)
Querying trie...
Done!
total time: 531.424156 ms, avg latency: 531.424156 ns
not implemented
1911.618417,5.254991,531.424156
[PASSED]
[time 2.88 s, user 2.78 s, sys 0.09 s, maxrss 152808 KB]
[busy 304 jiffies]
[exit 0]
--- c2 case 7 rec 0   load 1.18 0.98 0.91
[TEST ART]
Processing dataset...
Done!
Building trie...
Done!
build time: 113.307928 ms (113.307928 ns per key)
space cost: 31.580688 MB (240.274607% of original size 13.143581 MB)
Querying trie...
Done!
total time: 253.323257 ms, avg latency: 253.323257 ns
not implemented
113.307928,31.580688,253.323257
[PASSED]
[time 0.80 s, user 0.72 s, sys 0.07 s, maxrss 136160 KB]
[busy 87 jiffies]
[exit 0]
--- c2 case 8 rec 0   load 1.18 0.98 0.91
[TEST CART]
Processing dataset...
Done!
Building trie...
Done!
build time: 161.824131 ms (161.824131 ns per key)
space cost: 13.831998 MB (105.237663% of original size 13.143581 MB)
Querying trie...
Done!
total time: 306.038152 ms, avg latency: 306.038152 ns
not implemented
161.824131,13.831998,306.038152
[PASSED]
[time 0.91 s, user 0.84 s, sys 0.05 s, maxrss 134444 KB]
[busy 98 jiffies]
[exit 0]
--- xcdat 7   load 1.16 0.98 0.91
build time: 516.919022 ms
space cost: 9.017626 MiB (68.608590% of original size 13.143581 MiB)
avg latency: 180.675084 ns
516.919022,9.017626,180.675084
[time 1.14 s, user 1.04 s, sys 0.09 s, maxrss 139756 KB]
[busy 122 jiffies]
[exit 0]
--- xcdat 8   load 1.16 0.98 0.91
build time: 489.548786 ms
space cost: 8.488643 MiB (64.583940% of original size 13.143581 MiB)
avg latency: 178.631032 ns
489.548786,8.488643,178.631032
[time 1.12 s, user 1.02 s, sys 0.09 s, maxrss 139880 KB]
[busy 120 jiffies]
[exit 0]
--- xcdat 15   load 1.07 0.97 0.91
build time: 515.472202 ms
space cost: 9.847433 MiB (74.921993% of original size 13.143581 MiB)
avg latency: 146.730721 ns
515.472202,9.847433,146.730721
[time 1.11 s, user 1.02 s, sys 0.08 s, maxrss 139660 KB]
[busy 122 jiffies]
[exit 0]
--- xcdat 16   load 1.07 0.97 0.91
build time: 489.515444 ms
space cost: 10.260450 MiB (78.064342% of original size 13.143581 MiB)
avg latency: 155.439019 ns
489.515444,10.260450,155.439019
[time 1.09 s, user 1.01 s, sys 0.07 s, maxrss 139828 KB]
[busy 116 jiffies]
[exit 0]

##### idents-1000000 (1000000 lines, 18283976 bytes)   round 3/3   2026-09-23T21:52:43+03:00
--- lexindex dict32   load 1.07 0.97 0.91
1000000 keys
lexindex DictIndex block 32: build 295 ms, size 5.356 MiB (5.617 B/key), latency cold 379.4 ns, then mean 387.5 / min 384.4 ns
295.371,5.356443,379.386
[time 2.35 s, user 3.76 s, sys 0.24 s, maxrss 250120 KB]
[busy 426 jiffies]
[exit 0]
--- lexindex dict256   load 1.06 0.97 0.91
1000000 keys
lexindex DictIndex block 256: build 302 ms, size 4.986 MiB (5.228 B/key), latency cold 415.4 ns, then mean 410.3 / min 408.8 ns
302.145,4.986134,415.413
[time 2.45 s, user 3.92 s, sys 0.23 s, maxrss 249812 KB]
[busy 436 jiffies]
[exit 0]
--- lexindex dict1024   load 1.06 0.97 0.91
1000000 keys
lexindex DictIndex block 1024: build 326 ms, size 4.831 MiB (5.066 B/key), latency cold 486.6 ns, then mean 485.3 / min 483.8 ns
326.325,4.830847,486.632
[time 2.77 s, user 3.66 s, sys 0.19 s, maxrss 242156 KB]
[busy 408 jiffies]
[exit 0]
--- lexindex string   load 1.05 0.97 0.91
1000000 keys
lexindex StringIndex: build 651 ms, size 10.063 MiB (10.552 B/key), latency cold 255.8 ns, then mean 248.5 / min 240.2 ns
650.783,10.063018,255.764
[time 2.15 s, user 2.06 s, sys 0.08 s, maxrss 149508 KB]
[busy 231 jiffies]
[exit 0]
--- lexindex hashed0   load 1.05 0.97 0.91
1000000 keys
lexindex HashedDictIndex closed: build 410 ms, size 7.599 MiB (7.969 B/key), latency cold 37.0 ns, then mean 34.6 / min 32.8 ns
409.657,7.599383,37.008
[time 1.06 s, user 2.61 s, sys 0.25 s, maxrss 252932 KB]
[busy 308 jiffies]
[exit 0]
--- lexindex hashed8   load 1.05 0.97 0.91
1000000 keys
lexindex HashedDictIndex fp=8: build 407 ms, size 8.553 MiB (8.969 B/key), latency cold 44.9 ns, then mean 44.2 / min 43.5 ns
407.436,8.553058,44.939
[time 1.07 s, user 2.62 s, sys 0.23 s, maxrss 253092 KB]
[busy 307 jiffies]
[exit 0]
--- lexindex hashed16   load 1.05 0.97 0.91
1000000 keys
lexindex HashedDictIndex fp=16: build 400 ms, size 9.507 MiB (9.969 B/key), latency cold 44.4 ns, then mean 44.0 / min 42.2 ns
400.443,9.506732,44.432
[time 1.07 s, user 2.61 s, sys 0.24 s, maxrss 261052 KB]
[busy 304 jiffies]
[exit 0]
--- c2 case 0 rec 0   load 1.05 0.97 0.91
[TEST C2-FST]
Processing dataset...
Done!
Building trie...
Done!
build time: 596.605454 ms (596.605454 ns per key)
space cost: 8.227930 MB (49.916813% of original size 16.483284 MB)
Querying trie...
Done!
total time: 484.915757 ms, avg latency: 484.915757 ns
topology: 1.135506 MB, link: 1.406907 MB, data: 5.685517 MB
--- Unary Path Analysis (FST, cutoff=4) ---
  shared unary steps in main trie: 971668
  terminal suffixes: inplace=238747 (avg len=2.28)  links=478774 (66.7% of terminal)
  link len: avg=9.52  max=507  total_chars=4557473
  link length distribution (len:count):  4:79167  5:52258  6:44526  7:37562  8:33071  9:28872  10:26062  11:38559  12:20998  13:14985  14:12840  15:11027  16:9190  17:7956  18:6288  19:5522  20:4616  21:3760  22:3224  23:2642  24:2265  25:1817  26:1599  27:3319  28:3490  29:1071  30:1819  31:12530  32:2370  33:475  34:427  35:414  36:360  37:260  38:234  39:210  40:195  41:157  42:148  43:129  44:137  45:91  46:113  47:107  48:101  49:86  50:71  51:74  52:68  53:61  54:79  55:76  56:60  57:86  58:122  59:137  60:259  61:339  62:18  63:12  64:12  65:12  66:15  67:15  68:13  69:15  70:7  71:11  72:10  73:21  74:26  75:36  76:15  77:1  78:2  79:2  80:3  81:3  83:1  84:2  85:2  86:1  88:2  89:2  90:2  91:4  92:1  94:2  95:1  96:3  104:1  106:1  107:1  109:1  110:1  116:1  117:3  120:1  121:2  122:1  123:1  124:1  129:1  191:1  257:1  366:1  424:1  508:1
596.605454,8.227930,484.915757
[PASSED]
[time 1.60 s, user 1.48 s, sys 0.11 s, maxrss 163268 KB]
[busy 170 jiffies]
[exit 0]
--- c2 case 0 rec 1   load 1.04 0.97 0.91
[TEST C2-FST]
Processing dataset...
Done!
Building trie...
trie size: 1.626037 MB
Done!
build time: 710.808435 ms (710.808435 ns per key)
space cost: 7.389305 MB (44.829083% of original size 16.483284 MB)
Querying trie...
Done!
total time: 523.687825 ms, avg latency: 523.687825 ns
topology: 1.316097 MB, link: 1.431170 MB, data: 4.642038 MB
--- Unary Path Analysis (FST, cutoff=4) ---
  shared unary steps in main trie: 971668
  terminal suffixes: inplace=238747 (avg len=2.28)  links=478774 (66.7% of terminal)
  link len: avg=9.52  max=507  total_chars=4557473
  link length distribution (len:count):  4:79167  5:52258  6:44526  7:37562  8:33071  9:28872  10:26062  11:38559  12:20998  13:14985  14:12840  15:11027  16:9190  17:7956  18:6288  19:5522  20:4616  21:3760  22:3224  23:2642  24:2265  25:1817  26:1599  27:3319  28:3490  29:1071  30:1819  31:12530  32:2370  33:475  34:427  35:414  36:360  37:260  38:234  39:210  40:195  41:157  42:148  43:129  44:137  45:91  46:113  47:107  48:101  49:86  50:71  51:74  52:68  53:61  54:79  55:76  56:60  57:86  58:122  59:137  60:259  61:339  62:18  63:12  64:12  65:12  66:15  67:15  68:13  69:15  70:7  71:11  72:10  73:21  74:26  75:36  76:15  77:1  78:2  79:2  80:3  81:3  83:1  84:2  85:2  86:1  88:2  89:2  90:2  91:4  92:1  94:2  95:1  96:3  104:1  106:1  107:1  109:1  110:1  116:1  117:3  120:1  121:2  122:1  123:1  124:1  129:1  191:1  257:1  366:1  424:1  508:1
710.808435,7.389305,523.687825
[PASSED]
[time 1.76 s, user 1.65 s, sys 0.10 s, maxrss 163424 KB]
[busy 188 jiffies]
[exit 0]
--- c2 case 0 rec 2   load 0.96 0.95 0.90
[TEST C2-FST]
Processing dataset...
Done!
Building trie...
trie size: 1.626037 MB
trie size: 0.392475 MB
Done!
build time: 758.124127 ms (758.124127 ns per key)
space cost: 7.389305 MB (44.829083% of original size 16.483284 MB)
Querying trie...
Done!
total time: 535.466600 ms, avg latency: 535.466600 ns
topology: 1.316097 MB, link: 1.431170 MB, data: 4.642038 MB
--- Unary Path Analysis (FST, cutoff=4) ---
  shared unary steps in main trie: 971668
  terminal suffixes: inplace=238747 (avg len=2.28)  links=478774 (66.7% of terminal)
  link len: avg=9.52  max=507  total_chars=4557473
  link length distribution (len:count):  4:79167  5:52258  6:44526  7:37562  8:33071  9:28872  10:26062  11:38559  12:20998  13:14985  14:12840  15:11027  16:9190  17:7956  18:6288  19:5522  20:4616  21:3760  22:3224  23:2642  24:2265  25:1817  26:1599  27:3319  28:3490  29:1071  30:1819  31:12530  32:2370  33:475  34:427  35:414  36:360  37:260  38:234  39:210  40:195  41:157  42:148  43:129  44:137  45:91  46:113  47:107  48:101  49:86  50:71  51:74  52:68  53:61  54:79  55:76  56:60  57:86  58:122  59:137  60:259  61:339  62:18  63:12  64:12  65:12  66:15  67:15  68:13  69:15  70:7  71:11  72:10  73:21  74:26  75:36  76:15  77:1  78:2  79:2  80:3  81:3  83:1  84:2  85:2  86:1  88:2  89:2  90:2  91:4  92:1  94:2  95:1  96:3  104:1  106:1  107:1  109:1  110:1  116:1  117:3  120:1  121:2  122:1  123:1  124:1  129:1  191:1  257:1  366:1  424:1  508:1
758.124127,7.389305,535.466600
[PASSED]
[time 1.81 s, user 1.69 s, sys 0.10 s, maxrss 163432 KB]
[busy 192 jiffies]
[exit 0]
--- c2 case 1 rec 0   load 0.96 0.95 0.90
[TEST C2-CoCo(LOUDS-Sparse)]
Processing dataset...
Done!
Building trie...
Done!
build time: 2130.775261 ms (2130.775261 ns per key)
space cost: 8.350286 MB (50.659118% of original size 16.483284 MB)
Querying trie...
Done!
total time: 583.164191 ms, avg latency: 583.164191 ns
topology: 0.418800 MB, link: 2.233477 MB, data: 5.698009 MB
2130.775261,8.350286,583.164191
[PASSED]
[time 3.24 s, user 3.06 s, sys 0.16 s, maxrss 336112 KB]
[busy 341 jiffies]
[exit 0]
--- c2 case 1 rec 1   load 0.96 0.95 0.91
[TEST C2-CoCo(LOUDS-Sparse)]
Processing dataset...
Done!
Building trie...
trie size: 1.626037 MB
Done!
build time: 2265.027665 ms (2265.027665 ns per key)
space cost: 7.511661 MB (45.571388% of original size 16.483284 MB)
Querying trie...
Done!
total time: 634.327547 ms, avg latency: 634.327547 ns
topology: 0.599392 MB, link: 2.257739 MB, data: 4.654530 MB
2265.027665,7.511661,634.327547
[PASSED]
[time 3.41 s, user 3.21 s, sys 0.18 s, maxrss 335804 KB]
[busy 355 jiffies]
[exit 0]
--- c2 case 1 rec 2   load 0.97 0.96 0.91
[TEST C2-CoCo(LOUDS-Sparse)]
Processing dataset...
Done!
Building trie...
trie size: 1.626037 MB
trie size: 0.392475 MB
Done!
build time: 2312.460348 ms (2312.460348 ns per key)
space cost: 7.511661 MB (45.571388% of original size 16.483284 MB)
Querying trie...
Done!
total time: 626.243350 ms, avg latency: 626.243350 ns
topology: 0.599392 MB, link: 2.257739 MB, data: 4.654530 MB
2312.460348,7.511661,626.243350
[PASSED]
[time 3.46 s, user 3.27 s, sys 0.17 s, maxrss 335944 KB]
[busy 360 jiffies]
[exit 0]
--- c2 case 2 rec 0   load 0.97 0.96 0.91
[TEST C2-MARISA]
Processing dataset...
Done!
Building trie...
trie size: 2.268721 MB
Done!
build time: 659.064086 ms (659.064086 ns per key)
space cost: 7.402753 MB (44.910668% of original size 16.483284 MB)
Querying trie...
Done!
total time: 347.142863 ms, avg latency: 347.142863 ns
topology: 0.751392 MB, link: 2.163248 MB, data: 4.467605 MB
--- Unary Path Analysis (Marisa, cutoff=3) ---
  branches: 1404624  |  single-char: 479529 (34.1%)  short-unary: 101093 (7.2%)  links: 824002 (58.7%)
  link len: avg=8.83  max=511  total_chars=7275589
  link length distribution (len:count):  3:96296  4:151575  5:100673  6:68854  7:57858  8:46664  9:40166  10:34974  11:30498  12:41963  13:23674  14:17279  15:14913  16:12650  17:10496  18:9162  19:7137  20:6187  21:5166  22:4219  23:3575  24:2970  25:2515  26:2033  27:1786  28:3448  29:3574  30:1146  31:1929  32:12598  33:2418  34:520  35:464  36:440  37:386  38:271  39:250  40:221  41:206  42:160  43:154  44:139  45:143  46:95  47:113  48:108  49:103  50:87  51:72  52:78  53:68  54:62  55:80  56:76  57:60  58:86  59:123  60:137  61:260  62:340  63:18  64:12  65:14  66:12  67:15  68:15  69:13  70:15  71:7  72:12  73:10  74:22  75:26  76:36  77:15  78:1  79:2  80:2  81:3  82:3  83:1  84:2  85:2  86:2  87:2  89:2  90:2  91:2  92:4  93:1  95:2  96:1  97:3  105:1  107:1  108:1  110:1  111:1  117:1  118:3  121:1  122:2  123:1  124:1  125:1  130:1  136:1  137:1  192:1  258:1  337:1  367:1  425:1  509:1  511:1
  short unary avg len: 2.00
659.064086,7.402753,347.142863
[PASSED]
[time 1.51 s, user 1.38 s, sys 0.12 s, maxrss 204700 KB]
[busy 161 jiffies]
[exit 0]
--- c2 case 2 rec 1   load 0.97 0.96 0.91
[TEST C2-MARISA]
Processing dataset...
Done!
Building trie...
trie size: 2.268721 MB
trie size: 2.569425 MB
Done!
build time: 821.370987 ms (821.370987 ns per key)
space cost: 6.231204 MB (37.803171% of original size 16.483284 MB)
Querying trie...
Done!
total time: 424.762841 ms, avg latency: 424.762841 ns
topology: 0.985817 MB, link: 2.134608 MB, data: 3.090271 MB
--- Unary Path Analysis (Marisa, cutoff=3) ---
  branches: 1404624  |  single-char: 479529 (34.1%)  short-unary: 101093 (7.2%)  links: 824002 (58.7%)
  link len: avg=8.83  max=511  total_chars=7275589
  link length distribution (len:count):  3:96296  4:151575  5:100673  6:68854  7:57858  8:46664  9:40166  10:34974  11:30498  12:41963  13:23674  14:17279  15:14913  16:12650  17:10496  18:9162  19:7137  20:6187  21:5166  22:4219  23:3575  24:2970  25:2515  26:2033  27:1786  28:3448  29:3574  30:1146  31:1929  32:12598  33:2418  34:520  35:464  36:440  37:386  38:271  39:250  40:221  41:206  42:160  43:154  44:139  45:143  46:95  47:113  48:108  49:103  50:87  51:72  52:78  53:68  54:62  55:80  56:76  57:60  58:86  59:123  60:137  61:260  62:340  63:18  64:12  65:14  66:12  67:15  68:15  69:13  70:15  71:7  72:12  73:10  74:22  75:26  76:36  77:15  78:1  79:2  80:2  81:3  82:3  83:1  84:2  85:2  86:2  87:2  89:2  90:2  91:2  92:4  93:1  95:2  96:1  97:3  105:1  107:1  108:1  110:1  111:1  117:1  118:3  121:1  122:2  123:1  124:1  125:1  130:1  136:1  137:1  192:1  258:1  337:1  367:1  425:1  509:1  511:1
  short unary avg len: 2.00
821.370987,6.231204,424.762841
[PASSED]
[time 1.77 s, user 1.62 s, sys 0.13 s, maxrss 204452 KB]
[busy 187 jiffies]
[exit 0]
--- c2 case 2 rec 2   load 0.97 0.96 0.91
[TEST C2-MARISA]
Processing dataset...
Done!
Building trie...
trie size: 2.268721 MB
trie size: 2.569425 MB
trie size: 0.468599 MB
Done!
build time: 879.005357 ms (879.005357 ns per key)
space cost: 6.231204 MB (37.803171% of original size 16.483284 MB)
Querying trie...
Done!
total time: 432.723776 ms, avg latency: 432.723776 ns
topology: 0.985817 MB, link: 2.134608 MB, data: 3.090271 MB
--- Unary Path Analysis (Marisa, cutoff=3) ---
  branches: 1404624  |  single-char: 479529 (34.1%)  short-unary: 101093 (7.2%)  links: 824002 (58.7%)
  link len: avg=8.83  max=511  total_chars=7275589
  link length distribution (len:count):  3:96296  4:151575  5:100673  6:68854  7:57858  8:46664  9:40166  10:34974  11:30498  12:41963  13:23674  14:17279  15:14913  16:12650  17:10496  18:9162  19:7137  20:6187  21:5166  22:4219  23:3575  24:2970  25:2515  26:2033  27:1786  28:3448  29:3574  30:1146  31:1929  32:12598  33:2418  34:520  35:464  36:440  37:386  38:271  39:250  40:221  41:206  42:160  43:154  44:139  45:143  46:95  47:113  48:108  49:103  50:87  51:72  52:78  53:68  54:62  55:80  56:76  57:60  58:86  59:123  60:137  61:260  62:340  63:18  64:12  65:14  66:12  67:15  68:15  69:13  70:15  71:7  72:12  73:10  74:22  75:26  76:36  77:15  78:1  79:2  80:2  81:3  82:3  83:1  84:2  85:2  86:2  87:2  89:2  90:2  91:2  92:4  93:1  95:2  96:1  97:3  105:1  107:1  108:1  110:1  111:1  117:1  118:3  121:1  122:2  123:1  124:1  125:1  130:1  136:1  137:1  192:1  258:1  337:1  367:1  425:1  509:1  511:1
  short unary avg len: 2.00
879.005357,6.231204,432.723776
[PASSED]
[time 1.83 s, user 1.68 s, sys 0.13 s, maxrss 204620 KB]
[busy 193 jiffies]
[exit 0]
--- c2 case 3 rec 0   load 0.97 0.96 0.91
[TEST FST]
Processing dataset...
Done!
Building trie...
Done!
build time: 673.930301 ms (673.930301 ns per key)
space cost: 8.563316 MB (51.951519% of original size 16.483284 MB)
Querying trie...
Done!
total time: 749.771596 ms, avg latency: 749.771596 ns
not implemented
673.930301,8.563316,749.771596
[PASSED]
[time 1.94 s, user 1.85 s, sys 0.08 s, maxrss 114804 KB]
[busy 204 jiffies]
[exit 0]
--- c2 case 4 rec 0   load 0.97 0.96 0.91
[TEST COCO]
Processing dataset...
Done!
Building trie...
num nodes = 412937, average depth = 8.208172
ef = 0.000455, pa = 0.242352, bv = 0.003325, de = 0.563989
efr = 0.002477, par = 0.125714, bvr = 0.000545, der = 0.061142
Done!
build time: 14161.695733 ms (14161.695733 ns per key)
space cost: 9.974920 MB (60.515370% of original size 16.483284 MB)
Querying trie...
Done!
total time: 507.423205 ms, avg latency: 507.423205 ns
not implemented
14161.695733,9.974920,507.423205
[PASSED]
[time 15.69 s, user 12.28 s, sys 3.34 s, maxrss 7730604 KB]
[busy 1630 jiffies]
[exit 0]
--- c2 case 5 rec 0   load 0.98 0.96 0.91
[TEST MARISA]
Processing dataset...
Done!
Building trie...
Done!
build time: 473.011969 ms (473.011969 ns per key)
space cost: 7.279773 MB (44.164578% of original size 16.483284 MB)
Querying trie...
Done!
total time: 468.232865 ms, avg latency: 468.232865 ns
not implemented
473.011969,7.279773,468.232865
[PASSED]
[time 1.45 s, user 1.35 s, sys 0.09 s, maxrss 157644 KB]
[busy 153 jiffies]
[exit 0]
--- c2 case 5 rec 1   load 0.98 0.96 0.91
[TEST MARISA]
Processing dataset...
Done!
Building trie...
Done!
build time: 551.008585 ms (551.008585 ns per key)
space cost: 5.655286 MB (34.309218% of original size 16.483284 MB)
Querying trie...
Done!
total time: 663.543406 ms, avg latency: 663.543406 ns
not implemented
551.008585,5.655286,663.543406
[PASSED]
[time 1.72 s, user 1.62 s, sys 0.09 s, maxrss 157868 KB]
[busy 181 jiffies]
[exit 0]
--- c2 case 5 rec 2   load 0.98 0.96 0.91
[TEST MARISA]
Processing dataset...
Done!
Building trie...
Done!
build time: 555.838835 ms (555.838835 ns per key)
space cost: 5.354378 MB (32.483683% of original size 16.483284 MB)
Querying trie...
Done!
total time: 739.854915 ms, avg latency: 739.854915 ns
not implemented
555.838835,5.354378,739.854915
[PASSED]
[time 1.82 s, user 1.70 s, sys 0.11 s, maxrss 165724 KB]
[busy 193 jiffies]
[exit 0]
--- c2 case 6 rec 0   load 0.98 0.96 0.91
[TEST PDT]
Processing dataset...
Done!
Building trie...
dict size: 158636, stream size: 5032831
Done!
build time: 2579.622424 ms (2579.622424 ns per key)
space cost: 6.227028 MB (37.777835% of original size 16.483284 MB)
Querying trie...
Done!
total time: 600.433513 ms, avg latency: 600.433513 ns
not implemented
2579.622424,6.227028,600.433513
[PASSED]
[time 3.68 s, user 3.57 s, sys 0.10 s, maxrss 168324 KB]
[busy 386 jiffies]
[exit 0]
--- c2 case 7 rec 0   load 0.99 0.96 0.91
[TEST ART]
Processing dataset...
Done!
Building trie...
Done!
build time: 147.855637 ms (147.855637 ns per key)
space cost: 32.931778 MB (199.788937% of original size 16.483284 MB)
Querying trie...
Done!
total time: 385.193840 ms, avg latency: 385.193840 ns
not implemented
147.855637,32.931778,385.193840
[PASSED]
[time 1.05 s, user 0.96 s, sys 0.07 s, maxrss 160512 KB]
[busy 113 jiffies]
[exit 0]
--- c2 case 8 rec 0   load 0.99 0.96 0.91
[TEST CART]
Processing dataset...
Done!
Building trie...
Done!
build time: 206.373086 ms (206.373086 ns per key)
space cost: 15.673315 MB (95.086119% of original size 16.483284 MB)
Querying trie...
Done!
total time: 458.147477 ms, avg latency: 458.147477 ns
not implemented
206.373086,15.673315,458.147477
[PASSED]
[time 1.20 s, user 1.10 s, sys 0.09 s, maxrss 149120 KB]
[busy 126 jiffies]
[exit 0]
--- xcdat 7   load 0.99 0.97 0.91
build time: 508.501151 ms
space cost: 11.013126 MiB (66.813909% of original size 16.483284 MiB)
avg latency: 224.958212 ns
508.501151,11.013126,224.958212
[time 1.26 s, user 1.13 s, sys 0.12 s, maxrss 179956 KB]
[busy 134 jiffies]
[exit 0]
--- xcdat 8   load 0.99 0.97 0.91
build time: 464.589817 ms
space cost: 10.584354 MiB (64.212656% of original size 16.483284 MiB)
avg latency: 215.019420 ns
464.589817,10.584354,215.019420
[time 1.21 s, user 1.10 s, sys 0.11 s, maxrss 180136 KB]
[busy 129 jiffies]
[exit 0]
--- xcdat 15   load 0.91 0.95 0.91
build time: 499.452702 ms
space cost: 13.141485 MiB (79.726135% of original size 16.483284 MiB)
avg latency: 196.078324 ns
499.452702,13.141485,196.078324
[time 1.24 s, user 1.10 s, sys 0.12 s, maxrss 179832 KB]
[busy 133 jiffies]
[exit 0]
--- xcdat 16   load 0.91 0.95 0.91
build time: 469.495198 ms
space cost: 13.736038 MiB (83.333140% of original size 16.483284 MiB)
avg latency: 206.129267 ns
469.495198,13.736038,206.129267
[time 1.21 s, user 1.09 s, sys 0.11 s, maxrss 180052 KB]
[busy 130 jiffies]
[exit 0]

##### numeric-1000000 (1000000 lines, 6888890 bytes)   round 3/3   2026-09-23T21:54:18+03:00
--- lexindex dict32   load 0.84 0.93 0.90
1000000 keys
lexindex DictIndex block 32: build 112 ms, size 1.160 MiB (1.216 B/key), latency cold 268.3 ns, then mean 268.7 / min 266.2 ns
111.927,1.159871,268.347
[time 1.62 s, user 1.86 s, sys 0.15 s, maxrss 151376 KB]
[busy 220 jiffies]
[exit 0]
--- lexindex dict256   load 0.84 0.93 0.90
1000000 keys
lexindex DictIndex block 256: build 114 ms, size 0.964 MiB (1.011 B/key), latency cold 275.0 ns, then mean 275.5 / min 274.5 ns
113.605,0.964076,274.994
[time 1.65 s, user 1.90 s, sys 0.15 s, maxrss 148036 KB]
[busy 221 jiffies]
[exit 0]
--- lexindex dict1024   load 0.77 0.92 0.90
1000000 keys
lexindex DictIndex block 1024: build 115 ms, size 0.875 MiB (0.918 B/key), latency cold 318.1 ns, then mean 318.8 / min 318.1 ns
115.101,0.875449,318.108
[time 1.82 s, user 1.91 s, sys 0.08 s, maxrss 137104 KB]
[busy 216 jiffies]
[exit 0]
--- lexindex string   load 0.77 0.92 0.90
1000000 keys
lexindex StringIndex: build 154 ms, size 0.000 MiB (0.000 B/key), latency cold 82.0 ns, then mean 82.6 / min 82.2 ns
154.152,0.000287,82.037
[time 0.90 s, user 0.85 s, sys 0.05 s, maxrss 115280 KB]
[busy 99 jiffies]
[exit 0]
--- lexindex hashed0   load 0.71 0.90 0.89
1000000 keys
lexindex HashedDictIndex closed: build 194 ms, size 3.578 MiB (3.752 B/key), latency cold 13.2 ns, then mean 12.8 / min 12.1 ns
194.464,3.577960,13.225
[time 0.68 s, user 0.98 s, sys 0.15 s, maxrss 164304 KB]
[busy 126 jiffies]
[exit 0]
--- lexindex hashed8   load 0.71 0.90 0.89
1000000 keys
lexindex HashedDictIndex fp=8: build 192 ms, size 4.532 MiB (4.752 B/key), latency cold 18.2 ns, then mean 16.0 / min 15.9 ns
191.790,4.531634,18.186
[time 0.68 s, user 0.96 s, sys 0.16 s, maxrss 164440 KB]
[busy 124 jiffies]
[exit 0]
--- lexindex hashed16   load 0.71 0.90 0.89
1000000 keys
lexindex HashedDictIndex fp=16: build 193 ms, size 5.485 MiB (5.752 B/key), latency cold 18.6 ns, then mean 16.2 / min 16.1 ns
193.303,5.485309,18.565
[time 0.69 s, user 0.97 s, sys 0.16 s, maxrss 169756 KB]
[busy 124 jiffies]
[exit 0]
--- c2 case 0 rec 0   skipped: exit 139 in round 1
--- c2 case 0 rec 1   skipped: exit 139 in round 1
--- c2 case 0 rec 2   skipped: exit 139 in round 1
--- c2 case 1 rec 0   skipped: exit 139 in round 1
--- c2 case 1 rec 1   skipped: exit 139 in round 1
--- c2 case 1 rec 2   skipped: exit 139 in round 1
--- c2 case 2 rec 0   skipped: exit 139 in round 1
--- c2 case 2 rec 1   skipped: exit 139 in round 1
--- c2 case 2 rec 2   skipped: exit 139 in round 1
--- c2 case 3 rec 0   load 0.65 0.89 0.89
[TEST FST]
Processing dataset...
Done!
Building trie...
Done!
build time: 221.807790 ms (221.807790 ns per key)
space cost: 1.445107 MB (25.731589% of original size 5.616083 MB)
Querying trie...
Done!
total time: 248.180795 ms, avg latency: 248.180795 ns
not implemented
221.807790,1.445107,248.180795
[PASSED]
[time 0.80 s, user 0.73 s, sys 0.06 s, maxrss 74040 KB]
[busy 89 jiffies]
[exit 0]
--- c2 case 4 rec 0   load 0.65 0.89 0.89
[TEST COCO]
Processing dataset...
Done!
Building trie...
num nodes = 9001, average depth = 1.000222
ef = 0.000000, pa = 0.000000, bv = 0.000111, de = 0.999889
efr = 0.000000, par = 0.000000, bvr = 0.000000, der = 0.000000
Done!
build time: 692.158897 ms (692.158897 ns per key)
space cost: 0.497188 MB (8.852927% of original size 5.616083 MB)
Querying trie...
Done!
total time: 234.903737 ms, avg latency: 234.903737 ns
not implemented
692.158897,0.497188,234.903737
[PASSED]
[time 1.28 s, user 1.05 s, sys 0.22 s, maxrss 494848 KB]
[busy 139 jiffies]
[exit 0]
--- c2 case 5 rec 0   load 0.65 0.89 0.89
[TEST MARISA]
Processing dataset...
Done!
Building trie...
Done!
build time: 146.368741 ms (146.368741 ns per key)
space cost: 1.565816 MB (27.880925% of original size 5.616083 MB)
Querying trie...
Done!
total time: 185.861649 ms, avg latency: 185.861649 ns
not implemented
146.368741,1.565816,185.861649
[PASSED]
[time 0.66 s, user 0.58 s, sys 0.07 s, maxrss 108084 KB]
[busy 73 jiffies]
[exit 0]
--- c2 case 5 rec 1   load 0.68 0.89 0.89
[TEST MARISA]
Processing dataset...
Done!
Building trie...
Done!
build time: 150.223528 ms (150.223528 ns per key)
space cost: 1.565816 MB (27.880925% of original size 5.616083 MB)
Querying trie...
Done!
total time: 185.296818 ms, avg latency: 185.296818 ns
not implemented
150.223528,1.565816,185.296818
[PASSED]
[time 0.67 s, user 0.59 s, sys 0.07 s, maxrss 108216 KB]
[busy 75 jiffies]
[exit 0]
--- c2 case 5 rec 2   load 0.68 0.89 0.89
[TEST MARISA]
Processing dataset...
Done!
Building trie...
Done!
build time: 145.669176 ms (145.669176 ns per key)
space cost: 1.565816 MB (27.880925% of original size 5.616083 MB)
Querying trie...
Done!
total time: 188.061615 ms, avg latency: 188.061615 ns
not implemented
145.669176,1.565816,188.061615
[PASSED]
[time 0.67 s, user 0.60 s, sys 0.06 s, maxrss 108156 KB]
[busy 76 jiffies]
[exit 0]
--- c2 case 6 rec 0   load 0.68 0.89 0.89
[TEST PDT]
Processing dataset...
Done!
Building trie...
dict size: 92, stream size: 296698
Done!
build time: 109.383467 ms (109.383467 ns per key)
space cost: 1.559100 MB (27.761344% of original size 5.616083 MB)
Querying trie...
Done!
total time: 393.346746 ms, avg latency: 393.346746 ns
not implemented
109.383467,1.559100,393.346746
[PASSED]
[time 0.82 s, user 0.76 s, sys 0.05 s, maxrss 90092 KB]
[busy 89 jiffies]
[exit 0]
--- c2 case 7 rec 0   load 0.70 0.89 0.89
[TEST ART]
Processing dataset...
Done!
Building trie...
Done!
build time: 54.791937 ms (54.791937 ns per key)
space cost: 20.065308 MB (357.282951% of original size 5.616083 MB)
Querying trie...
Done!
total time: 71.373507 ms, avg latency: 71.373507 ns
not implemented
54.791937,20.065308,71.373507
[PASSED]
[time 0.45 s, user 0.39 s, sys 0.06 s, maxrss 103192 KB]
[busy 51 jiffies]
[exit 0]
--- c2 case 8 rec 0   load 0.70 0.89 0.89
[TEST CART]
Processing dataset...
Done!
Building trie...
Done!
build time: 70.855412 ms (70.855412 ns per key)
space cost: 11.262885 MB (200.546979% of original size 5.616083 MB)
Querying trie...
Done!
total time: 82.494812 ms, avg latency: 82.494812 ns
not implemented
70.855412,11.262885,82.494812
[PASSED]
[time 0.49 s, user 0.43 s, sys 0.06 s, maxrss 104716 KB]
[busy 55 jiffies]
[exit 0]
--- xcdat 7   load 0.70 0.89 0.89
build time: 280.385153 ms
space cost: 5.285287 MiB (94.109841% of original size 5.616083 MiB)
avg latency: 84.877631 ns
280.385153,5.285287,84.877631
[time 0.70 s, user 0.64 s, sys 0.05 s, maxrss 90620 KB]
[busy 76 jiffies]
[exit 0]
--- xcdat 8   load 0.65 0.88 0.89
build time: 181.707190 ms
space cost: 4.607934 MiB (82.048892% of original size 5.616083 MiB)
avg latency: 97.114785 ns
181.707190,4.607934,97.114785
[time 0.61 s, user 0.54 s, sys 0.06 s, maxrss 90404 KB]
[busy 64 jiffies]
[exit 0]
--- xcdat 15   load 0.65 0.88 0.89
build time: 208.569736 ms
space cost: 6.727912 MiB (119.797228% of original size 5.616083 MiB)
avg latency: 54.934325 ns
208.569736,6.727912,54.934325
[time 0.59 s, user 0.52 s, sys 0.06 s, maxrss 90384 KB]
[busy 66 jiffies]
[exit 0]
--- xcdat 16   load 0.65 0.88 0.89
build time: 186.820772 ms
space cost: 7.181439 MiB (127.872740% of original size 5.616083 MiB)
avg latency: 67.935584 ns
186.820772,7.181439,67.935584
[time 0.58 s, user 0.50 s, sys 0.07 s, maxrss 90244 KB]
[busy 63 jiffies]
[exit 0]

##### opaque-1000000 (1000000 lines, 17000000 bytes)   round 3/3   2026-09-23T21:54:54+03:00
--- lexindex dict32   load 0.60 0.86 0.88
1000000 keys
lexindex DictIndex block 32: build 182 ms, size 10.145 MiB (10.638 B/key), latency cold 355.3 ns, then mean 351.8 / min 338.2 ns
181.722,10.144960,355.290
[time 2.05 s, user 2.75 s, sys 0.25 s, maxrss 210992 KB]
[busy 326 jiffies]
[exit 0]
--- lexindex dict256   load 0.60 0.86 0.88
1000000 keys
lexindex DictIndex block 256: build 187 ms, size 9.917 MiB (10.399 B/key), latency cold 362.3 ns, then mean 359.7 / min 357.6 ns
186.702,9.916968,362.282
[time 2.09 s, user 2.75 s, sys 0.30 s, maxrss 200384 KB]
[busy 327 jiffies]
[exit 0]
--- lexindex dict1024   load 0.63 0.86 0.88
1000000 keys
lexindex DictIndex block 1024: build 187 ms, size 9.814 MiB (10.291 B/key), latency cold 409.3 ns, then mean 411.1 / min 410.1 ns
186.895,9.813874,409.305
[time 2.28 s, user 2.61 s, sys 0.17 s, maxrss 155380 KB]
[busy 299 jiffies]
[exit 0]
--- lexindex string   load 0.58 0.85 0.88
1000000 keys
lexindex StringIndex: build 1087 ms, size 20.443 MiB (21.436 B/key), latency cold 287.7 ns, then mean 287.5 / min 282.4 ns
1087.181,20.442799,287.721
[time 2.68 s, user 2.58 s, sys 0.08 s, maxrss 152868 KB]
[busy 286 jiffies]
[exit 0]
--- lexindex hashed0   load 0.58 0.85 0.88
1000000 keys
lexindex HashedDictIndex closed: build 268 ms, size 12.530 MiB (13.139 B/key), latency cold 44.4 ns, then mean 46.4 / min 44.9 ns
268.081,12.530238,44.415
[time 0.90 s, user 1.61 s, sys 0.27 s, maxrss 217172 KB]
[busy 205 jiffies]
[exit 0]
--- lexindex hashed8   load 0.53 0.83 0.87
1000000 keys
lexindex HashedDictIndex fp=8: build 274 ms, size 13.484 MiB (14.139 B/key), latency cold 56.5 ns, then mean 55.4 / min 54.0 ns
274.130,13.483912,56.467
[time 0.94 s, user 1.64 s, sys 0.28 s, maxrss 179840 KB]
[busy 207 jiffies]
[exit 0]
--- lexindex hashed16   load 0.53 0.83 0.87
1000000 keys
lexindex HashedDictIndex fp=16: build 267 ms, size 14.438 MiB (15.139 B/key), latency cold 56.9 ns, then mean 55.1 / min 54.9 ns
266.589,14.437587,56.934
[time 0.94 s, user 1.65 s, sys 0.29 s, maxrss 207864 KB]
[busy 212 jiffies]
[exit 0]
--- c2 case 0 rec 0   load 0.53 0.83 0.87
[TEST C2-FST]
Processing dataset...
Done!
Building trie...
Done!
build time: 1080.668670 ms (1080.668670 ns per key)
space cost: 16.922257 MB (110.901706% of original size 15.258789 MB)
Querying trie...
Done!
total time: 393.577529 ms, avg latency: 393.577529 ns
topology: 0.743332 MB, link: 3.012292 MB, data: 13.166634 MB
--- Unary Path Analysis (FST, cutoff=4) ---
  shared unary steps in main trie: 1041
  terminal suffixes: inplace=0 (avg len=0.00)  links=1000000 (100.0% of terminal)
  link len: avg=10.96  max=12  total_chars=10963783
  link length distribution (len:count):  9:6  10:856  11:56569  12:920487  13:22082
1080.668670,16.922257,393.577529
[PASSED]
[time 2.13 s, user 1.98 s, sys 0.14 s, maxrss 250420 KB]
[busy 226 jiffies]
[exit 0]
--- c2 case 0 rec 1   load 0.57 0.84 0.87
[TEST C2-FST]
Processing dataset...
Done!
Building trie...
trie size: 4.316751 MB
Done!
build time: 1971.998455 ms (1971.998455 ns per key)
space cost: 16.922257 MB (110.901706% of original size 15.258789 MB)
Querying trie...
Done!
total time: 394.604250 ms, avg latency: 394.604250 ns
topology: 0.743332 MB, link: 3.012292 MB, data: 13.166634 MB
--- Unary Path Analysis (FST, cutoff=4) ---
  shared unary steps in main trie: 1041
  terminal suffixes: inplace=0 (avg len=0.00)  links=1000000 (100.0% of terminal)
  link len: avg=10.96  max=12  total_chars=10963783
  link length distribution (len:count):  9:6  10:856  11:56569  12:920487  13:22082
1971.998455,16.922257,394.604250
[PASSED]
[time 3.02 s, user 2.81 s, sys 0.20 s, maxrss 311628 KB]
[busy 316 jiffies]
[exit 0]
--- c2 case 0 rec 2   load 0.60 0.84 0.87
[TEST C2-FST]
Processing dataset...
Done!
Building trie...
trie size: 4.316751 MB
Done!
build time: 1954.771752 ms (1954.771752 ns per key)
space cost: 16.922257 MB (110.901706% of original size 15.258789 MB)
Querying trie...
Done!
total time: 395.692064 ms, avg latency: 395.692064 ns
topology: 0.743332 MB, link: 3.012292 MB, data: 13.166634 MB
--- Unary Path Analysis (FST, cutoff=4) ---
  shared unary steps in main trie: 1041
  terminal suffixes: inplace=0 (avg len=0.00)  links=1000000 (100.0% of terminal)
  link len: avg=10.96  max=12  total_chars=10963783
  link length distribution (len:count):  9:6  10:856  11:56569  12:920487  13:22082
1954.771752,16.922257,395.692064
[PASSED]
[time 3.01 s, user 2.80 s, sys 0.19 s, maxrss 311616 KB]
[busy 315 jiffies]
[exit 0]
--- c2 case 1 rec 0   load 0.64 0.84 0.87
[TEST C2-CoCo(LOUDS-Sparse)]
Processing dataset...
Done!
Building trie...
Done!
build time: 1344.686265 ms (1344.686265 ns per key)
space cost: 16.089285 MB (105.442735% of original size 15.258789 MB)
Querying trie...
Done!
total time: 531.175994 ms, avg latency: 531.175994 ns
topology: 0.346626 MB, link: 3.175570 MB, data: 12.567089 MB
1344.686265,16.089285,531.175994
[PASSED]
[time 2.54 s, user 2.35 s, sys 0.17 s, maxrss 357188 KB]
[busy 265 jiffies]
[exit 0]
--- c2 case 1 rec 1   load 0.64 0.84 0.87
[TEST C2-CoCo(LOUDS-Sparse)]
Processing dataset...
Done!
Building trie...
trie size: 4.316751 MB
Done!
build time: 2228.177425 ms (2228.177425 ns per key)
space cost: 16.089285 MB (105.442735% of original size 15.258789 MB)
Querying trie...
Done!
total time: 529.190422 ms, avg latency: 529.190422 ns
topology: 0.346626 MB, link: 3.175570 MB, data: 12.567089 MB
2228.177425,16.089285,529.190422
[PASSED]
[time 3.41 s, user 3.18 s, sys 0.21 s, maxrss 418892 KB]
[busy 354 jiffies]
[exit 0]
--- c2 case 1 rec 2   load 0.66 0.85 0.88
[TEST C2-CoCo(LOUDS-Sparse)]
Processing dataset...
Done!
Building trie...
trie size: 4.316751 MB
Done!
build time: 2234.917936 ms (2234.917936 ns per key)
space cost: 16.089285 MB (105.442735% of original size 15.258789 MB)
Querying trie...
Done!
total time: 532.447094 ms, avg latency: 532.447094 ns
topology: 0.346626 MB, link: 3.175570 MB, data: 12.567089 MB
2234.917936,16.089285,532.447094
[PASSED]
[time 3.41 s, user 3.17 s, sys 0.22 s, maxrss 419012 KB]
[busy 358 jiffies]
[exit 0]
--- c2 case 2 rec 0   load 0.69 0.85 0.88
[TEST C2-MARISA]
Processing dataset...
Done!
Building trie...
trie size: 1.836515 MB
Done!
build time: 984.752249 ms (984.752249 ns per key)
space cost: 16.609414 MB (108.851456% of original size 15.258789 MB)
Querying trie...
Done!
total time: 339.766426 ms, avg latency: 339.766426 ns
topology: 0.607349 MB, link: 2.863268 MB, data: 13.118289 MB
--- Unary Path Analysis (Marisa, cutoff=3) ---
  branches: 1267337  |  single-char: 266306 (21.0%)  short-unary: 1021 (0.1%)  links: 1000010 (78.9%)
  link len: avg=12.96  max=14  total_chars=12963813
  link length distribution (len:count):  3:10  10:6  11:856  12:56569  13:920487  14:22082
  short unary avg len: 2.00
984.752249,16.609414,339.766426
[PASSED]
[time 1.97 s, user 1.82 s, sys 0.14 s, maxrss 236772 KB]
[busy 209 jiffies]
[exit 0]
--- c2 case 2 rec 1   load 0.72 0.85 0.88
[TEST C2-MARISA]
Processing dataset...
Done!
Building trie...
trie size: 1.836515 MB
trie size: 4.316792 MB
Done!
build time: 2005.533123 ms (2005.533123 ns per key)
space cost: 16.609414 MB (108.851456% of original size 15.258789 MB)
Querying trie...
Done!
total time: 345.537044 ms, avg latency: 345.537044 ns
topology: 0.607349 MB, link: 2.863268 MB, data: 13.118289 MB
--- Unary Path Analysis (Marisa, cutoff=3) ---
  branches: 1267337  |  single-char: 266306 (21.0%)  short-unary: 1021 (0.1%)  links: 1000010 (78.9%)
  link len: avg=12.96  max=14  total_chars=12963813
  link length distribution (len:count):  3:10  10:6  11:856  12:56569  13:920487  14:22082
  short unary avg len: 2.00
2005.533123,16.609414,345.537044
[PASSED]
[time 3.00 s, user 2.80 s, sys 0.18 s, maxrss 283888 KB]
[busy 314 jiffies]
[exit 0]
--- c2 case 2 rec 2   load 0.66 0.84 0.87
[TEST C2-MARISA]
Processing dataset...
Done!
Building trie...
trie size: 1.836515 MB
trie size: 4.316792 MB
Done!
build time: 2011.924447 ms (2011.924447 ns per key)
space cost: 16.609414 MB (108.851456% of original size 15.258789 MB)
Querying trie...
Done!
total time: 342.906530 ms, avg latency: 342.906530 ns
topology: 0.607349 MB, link: 2.863268 MB, data: 13.118289 MB
--- Unary Path Analysis (Marisa, cutoff=3) ---
  branches: 1267337  |  single-char: 266306 (21.0%)  short-unary: 1021 (0.1%)  links: 1000010 (78.9%)
  link len: avg=12.96  max=14  total_chars=12963813
  link length distribution (len:count):  3:10  10:6  11:856  12:56569  13:920487  14:22082
  short unary avg len: 2.00
2011.924447,16.609414,342.906530
[PASSED]
[time 3.01 s, user 2.82 s, sys 0.17 s, maxrss 283832 KB]
[busy 314 jiffies]
[exit 0]
--- c2 case 3 rec 0   load 0.66 0.84 0.87
[TEST FST]
Processing dataset...
Done!
Building trie...
Done!
build time: 656.831460 ms (656.831460 ns per key)
space cost: 16.760878 MB (109.844088% of original size 15.258789 MB)
Querying trie...
Done!
total time: 349.218614 ms, avg latency: 349.218614 ns
not implemented
656.831460,16.760878,349.218614
[PASSED]
[time 1.66 s, user 1.56 s, sys 0.09 s, maxrss 147028 KB]
[busy 179 jiffies]
[exit 0]
--- c2 case 4 rec 0   load 0.69 0.84 0.87
[TEST COCO]
Processing dataset...
Done!
Building trie...
num nodes = 4097, average depth = 12.997071
ef = 0.000000, pa = 0.000000, bv = 0.000000, de = 0.000000
efr = 0.000000, par = 0.999756, bvr = 0.000244, der = 0.000000
Done!
build time: 17316.631751 ms (17316.631751 ns per key)
space cost: 10.595579 MB (69.439184% of original size 15.258789 MB)
Querying trie...
Done!
total time: 464.643308 ms, avg latency: 464.643308 ns
not implemented
17316.631751,10.595579,464.643308
[PASSED]
[time 19.19 s, user 14.38 s, sys 4.73 s, maxrss 11388992 KB]
[busy 1996 jiffies]
[exit 0]
--- c2 case 5 rec 0   load 0.78 0.85 0.88
[TEST MARISA]
Processing dataset...
Done!
Building trie...
Done!
build time: 475.101667 ms (475.101667 ns per key)
space cost: 17.200768 MB (112.726950% of original size 15.258789 MB)
Querying trie...
Done!
total time: 454.729722 ms, avg latency: 454.729722 ns
not implemented
475.101667,17.200768,454.729722
[PASSED]
[time 1.56 s, user 1.45 s, sys 0.10 s, maxrss 194836 KB]
[busy 164 jiffies]
[exit 0]
--- c2 case 5 rec 1   load 0.71 0.84 0.87
[TEST MARISA]
Processing dataset...
Done!
Building trie...
Done!
build time: 759.563513 ms (759.563513 ns per key)
space cost: 17.634758 MB (115.571150% of original size 15.258789 MB)
Querying trie...
Done!
total time: 687.221166 ms, avg latency: 687.221166 ns
not implemented
759.563513,17.634758,687.221166
[PASSED]
[time 2.08 s, user 1.95 s, sys 0.12 s, maxrss 185524 KB]
[busy 224 jiffies]
[exit 0]
--- c2 case 5 rec 2   load 0.71 0.84 0.87
[TEST MARISA]
Processing dataset...
Done!
Building trie...
Done!
build time: 937.681837 ms (937.681837 ns per key)
space cost: 17.949429 MB (117.633375% of original size 15.258789 MB)
Querying trie...
Done!
total time: 943.332137 ms, avg latency: 943.332137 ns
not implemented
937.681837,17.949429,943.332137
[PASSED]
[time 2.53 s, user 2.40 s, sys 0.11 s, maxrss 225540 KB]
[busy 266 jiffies]
[exit 0]
--- c2 case 6 rec 0   load 0.74 0.84 0.87
[TEST PDT]
Processing dataset...
Done!
Building trie...
dict size: 177882, stream size: 12826382
Done!
build time: 16256.956764 ms (16256.956764 ns per key)
space cost: 13.677892 MB (89.639431% of original size 15.258789 MB)
Querying trie...
Done!
total time: 604.532578 ms, avg latency: 604.532578 ns
not implemented
16256.956764,13.677892,604.532578
[PASSED]
[time 17.51 s, user 17.23 s, sys 0.21 s, maxrss 360956 KB]
[busy 1817 jiffies]
[exit 0]
--- c2 case 7 rec 0   load 0.73 0.84 0.87
[TEST ART]
Processing dataset...
Done!
Building trie...
Done!
build time: 144.089537 ms (144.089537 ns per key)
space cost: 30.301407 MB (198.583300% of original size 15.258789 MB)
Querying trie...
Done!
total time: 182.585020 ms, avg latency: 182.585020 ns
not implemented
144.089537,30.301407,182.585020
[PASSED]
[time 0.99 s, user 0.89 s, sys 0.09 s, maxrss 178812 KB]
[busy 109 jiffies]
[exit 0]
--- c2 case 8 rec 0   load 0.73 0.84 0.87
[TEST CART]
Processing dataset...
Done!
Building trie...
Done!
build time: 162.397010 ms (162.397010 ns per key)
space cost: 11.383729 MB (74.604406% of original size 15.258789 MB)
Querying trie...
Done!
total time: 228.826503 ms, avg latency: 228.826503 ns
not implemented
162.397010,11.383729,228.826503
[PASSED]
[time 1.05 s, user 0.95 s, sys 0.09 s, maxrss 160992 KB]
[busy 113 jiffies]
[exit 0]
--- xcdat 7   load 0.73 0.84 0.87
build time: 671.074403 ms
space cost: 19.932177 MiB (130.627512% of original size 15.258789 MiB)
avg latency: 228.899301 ns
671.074403,19.932177,228.899301
[time 1.59 s, user 1.46 s, sys 0.12 s, maxrss 173164 KB]
[busy 169 jiffies]
[exit 0]
--- xcdat 8   load 0.75 0.84 0.87
build time: 637.086523 ms
space cost: 18.565336 MiB (121.669787% of original size 15.258789 MiB)
avg latency: 220.524277 ns
637.086523,18.565336,220.524277
[time 1.55 s, user 1.43 s, sys 0.11 s, maxrss 179764 KB]
[busy 164 jiffies]
[exit 0]
--- xcdat 15   load 0.75 0.84 0.87
build time: 660.223275 ms
space cost: 19.094490 MiB (125.137650% of original size 15.258789 MiB)
avg latency: 207.051441 ns
660.223275,19.094490,207.051441
[time 1.55 s, user 1.43 s, sys 0.11 s, maxrss 180768 KB]
[busy 166 jiffies]
[exit 0]
--- xcdat 16   load 0.77 0.84 0.87
build time: 639.977247 ms
space cost: 19.227987 MiB (126.012538% of original size 15.258789 MiB)
avg latency: 208.992329 ns
639.977247,19.227987,208.992329
[time 1.53 s, user 1.42 s, sys 0.10 s, maxrss 180036 KB]
[busy 163 jiffies]
[exit 0]

##### paths-1000000 (1000000 lines, 125978312 bytes)   round 3/3   2026-09-23T21:56:53+03:00
--- lexindex dict32   load 0.77 0.84 0.87
1000000 keys
lexindex DictIndex block 32: build 662 ms, size 12.389 MiB (12.991 B/key), latency cold 802.7 ns, then mean 794.3 / min 791.5 ns
662.412,12.389187,802.690
[time 4.64 s, user 7.38 s, sys 0.41 s, maxrss 494492 KB]
[busy 812 jiffies]
[exit 0]
--- lexindex dict256   load 0.73 0.83 0.87
1000000 keys
lexindex DictIndex block 256: build 677 ms, size 9.414 MiB (9.871 B/key), latency cold 812.9 ns, then mean 805.1 / min 800.2 ns
676.688,9.413641,812.860
[time 4.71 s, user 7.62 s, sys 0.41 s, maxrss 491876 KB]
[busy 838 jiffies]
[exit 0]
--- lexindex dict1024   load 0.75 0.83 0.87
1000000 keys
lexindex DictIndex block 1024: build 727 ms, size 8.891 MiB (9.323 B/key), latency cold 838.2 ns, then mean 836.0 / min 835.0 ns
726.653,8.891459,838.225
[time 4.89 s, user 6.65 s, sys 0.35 s, maxrss 501044 KB]
[busy 733 jiffies]
[exit 0]
--- lexindex string   load 0.77 0.84 0.87
1000000 keys
lexindex StringIndex: build 1457 ms, size 16.673 MiB (17.483 B/key), latency cold 764.8 ns, then mean 767.7 / min 764.4 ns
1456.705,16.673446,764.785
[time 5.32 s, user 5.11 s, sys 0.18 s, maxrss 363036 KB]
[busy 562 jiffies]
[exit 0]
--- lexindex hashed0   load 0.79 0.84 0.87
1000000 keys
lexindex HashedDictIndex closed: build 817 ms, size 12.027 MiB (12.611 B/key), latency cold 76.8 ns, then mean 76.2 / min 75.1 ns
817.344,12.027206,76.835
[time 1.92 s, user 4.86 s, sys 0.43 s, maxrss 499908 KB]
[busy 551 jiffies]
[exit 0]
--- lexindex hashed8   load 0.81 0.84 0.87
1000000 keys
lexindex HashedDictIndex fp=8: build 815 ms, size 12.981 MiB (13.611 B/key), latency cold 98.6 ns, then mean 94.6 / min 92.3 ns
815.016,12.980881,98.563
[time 2.01 s, user 4.96 s, sys 0.39 s, maxrss 499056 KB]
[busy 558 jiffies]
[exit 0]
--- lexindex hashed16   load 0.81 0.84 0.87
1000000 keys
lexindex HashedDictIndex fp=16: build 812 ms, size 13.935 MiB (14.611 B/key), latency cold 104.4 ns, then mean 103.8 / min 102.7 ns
812.487,13.934555,104.432
[time 2.04 s, user 5.00 s, sys 0.38 s, maxrss 495684 KB]
[busy 561 jiffies]
[exit 0]
--- c2 case 0 rec 0   load 0.82 0.85 0.87
[TEST C2-FST]
Processing dataset...
Done!
Building trie...
Done!
build time: 1465.260679 ms (1465.260679 ns per key)
space cost: 14.260756 MB (11.964866% of original size 119.188606 MB)
Querying trie...
Done!
total time: 2437.253873 ms, avg latency: 2437.253873 ns
topology: 1.699890 MB, link: 2.595201 MB, data: 9.965666 MB
--- Unary Path Analysis (FST, cutoff=4) ---
  shared unary steps in main trie: 2658278
  terminal suffixes: inplace=39819 (avg len=2.28)  links=891354 (95.7% of terminal)
  link len: avg=14.94  max=443  total_chars=13318660
  link length distribution (len:count):  4:40001  5:49577  6:45421  7:46380  8:50483  9:55180  10:56608  11:54673  12:51140  13:35047  14:30416  15:36724  16:35248  17:24069  18:19466  19:17073  20:16018  21:15299  22:13878  23:12677  24:11568  25:37816  26:26754  27:6712  28:5420  29:5541  30:5676  31:5365  32:4659  33:5334  34:4520  35:4652  36:5350  37:9255  38:4943  39:11477  40:3024  41:2087  42:2051  43:1854  44:1606  45:1448  46:1135  47:1025  48:963  49:801  50:774  51:907  52:679  53:727  54:589  55:642  56:710  57:689  58:824  59:515  60:781  61:937  62:666  63:360  64:436  65:381  66:289  67:245  68:235  69:250  70:244  71:266  72:444  73:249  74:341  75:214  76:315  77:82  78:131  79:63  80:31  81:46  82:38  83:33  84:32  85:58  86:34  87:20  88:33  89:21  90:5  91:6  92:18  93:7  94:11  95:14  96:12  97:3  98:4  99:4  100:10  101:17  102:11  103:6  104:17  105:9  106:12  107:11  108:7  109:2  110:3  111:1  112:2  113:4  114:3  115:4  116:3  117:4  118:13  119:5  120:1  122:2  123:3  124:38  125:23  126:156  127:15  128:61  129:3  130:1  131:3  132:2  133:1  136:3  137:6  138:1  139:1  142:4  143:1  144:2  145:2  146:2  151:3  152:1  154:2  159:2  160:2  161:2  165:3  167:1  171:1  172:3  173:1  174:1  175:1  182:1  187:3  188:1  190:2  191:1  194:1  195:3  198:1  201:1  202:1  203:1  205:1  206:1  215:1  219:1  233:1  235:1  243:1  247:1  257:1  265:1  444:1
1465.260679,14.260756,2437.253873
[PASSED]
[time 4.91 s, user 4.68 s, sys 0.21 s, maxrss 358648 KB]
[busy 511 jiffies]
[exit 0]
--- c2 case 0 rec 1   load 0.84 0.85 0.88
[TEST C2-FST]
Processing dataset...
Done!
Building trie...
trie size: 2.746100 MB
Done!
build time: 1665.821960 ms (1665.821960 ns per key)
space cost: 12.500864 MB (10.488305% of original size 119.188606 MB)
Querying trie...
Done!
total time: 2739.112811 ms, avg latency: 2739.112811 ns
topology: 1.942371 MB, link: 2.552141 MB, data: 8.006351 MB
--- Unary Path Analysis (FST, cutoff=4) ---
  shared unary steps in main trie: 2658278
  terminal suffixes: inplace=39819 (avg len=2.28)  links=891354 (95.7% of terminal)
  link len: avg=14.94  max=443  total_chars=13318660
  link length distribution (len:count):  4:40001  5:49577  6:45421  7:46380  8:50483  9:55180  10:56608  11:54673  12:51140  13:35047  14:30416  15:36724  16:35248  17:24069  18:19466  19:17073  20:16018  21:15299  22:13878  23:12677  24:11568  25:37816  26:26754  27:6712  28:5420  29:5541  30:5676  31:5365  32:4659  33:5334  34:4520  35:4652  36:5350  37:9255  38:4943  39:11477  40:3024  41:2087  42:2051  43:1854  44:1606  45:1448  46:1135  47:1025  48:963  49:801  50:774  51:907  52:679  53:727  54:589  55:642  56:710  57:689  58:824  59:515  60:781  61:937  62:666  63:360  64:436  65:381  66:289  67:245  68:235  69:250  70:244  71:266  72:444  73:249  74:341  75:214  76:315  77:82  78:131  79:63  80:31  81:46  82:38  83:33  84:32  85:58  86:34  87:20  88:33  89:21  90:5  91:6  92:18  93:7  94:11  95:14  96:12  97:3  98:4  99:4  100:10  101:17  102:11  103:6  104:17  105:9  106:12  107:11  108:7  109:2  110:3  111:1  112:2  113:4  114:3  115:4  116:3  117:4  118:13  119:5  120:1  122:2  123:3  124:38  125:23  126:156  127:15  128:61  129:3  130:1  131:3  132:2  133:1  136:3  137:6  138:1  139:1  142:4  143:1  144:2  145:2  146:2  151:3  152:1  154:2  159:2  160:2  161:2  165:3  167:1  171:1  172:3  173:1  174:1  175:1  182:1  187:3  188:1  190:2  191:1  194:1  195:3  198:1  201:1  202:1  203:1  205:1  206:1  215:1  219:1  233:1  235:1  243:1  247:1  257:1  265:1  444:1
1665.821960,12.500864,2739.112811
[PASSED]
[time 5.40 s, user 5.17 s, sys 0.20 s, maxrss 356552 KB]
[busy 560 jiffies]
[exit 0]
--- c2 case 0 rec 2   load 0.85 0.85 0.88
[TEST C2-FST]
Processing dataset...
Done!
Building trie...
trie size: 2.746100 MB
trie size: 0.687543 MB
Done!
build time: 1793.221183 ms (1793.221183 ns per key)
space cost: 12.500864 MB (10.488305% of original size 119.188606 MB)
Querying trie...
Done!
total time: 2698.283913 ms, avg latency: 2698.283913 ns
topology: 1.942371 MB, link: 2.552141 MB, data: 8.006351 MB
--- Unary Path Analysis (FST, cutoff=4) ---
  shared unary steps in main trie: 2658278
  terminal suffixes: inplace=39819 (avg len=2.28)  links=891354 (95.7% of terminal)
  link len: avg=14.94  max=443  total_chars=13318660
  link length distribution (len:count):  4:40001  5:49577  6:45421  7:46380  8:50483  9:55180  10:56608  11:54673  12:51140  13:35047  14:30416  15:36724  16:35248  17:24069  18:19466  19:17073  20:16018  21:15299  22:13878  23:12677  24:11568  25:37816  26:26754  27:6712  28:5420  29:5541  30:5676  31:5365  32:4659  33:5334  34:4520  35:4652  36:5350  37:9255  38:4943  39:11477  40:3024  41:2087  42:2051  43:1854  44:1606  45:1448  46:1135  47:1025  48:963  49:801  50:774  51:907  52:679  53:727  54:589  55:642  56:710  57:689  58:824  59:515  60:781  61:937  62:666  63:360  64:436  65:381  66:289  67:245  68:235  69:250  70:244  71:266  72:444  73:249  74:341  75:214  76:315  77:82  78:131  79:63  80:31  81:46  82:38  83:33  84:32  85:58  86:34  87:20  88:33  89:21  90:5  91:6  92:18  93:7  94:11  95:14  96:12  97:3  98:4  99:4  100:10  101:17  102:11  103:6  104:17  105:9  106:12  107:11  108:7  109:2  110:3  111:1  112:2  113:4  114:3  115:4  116:3  117:4  118:13  119:5  120:1  122:2  123:3  124:38  125:23  126:156  127:15  128:61  129:3  130:1  131:3  132:2  133:1  136:3  137:6  138:1  139:1  142:4  143:1  144:2  145:2  146:2  151:3  152:1  154:2  159:2  160:2  161:2  165:3  167:1  171:1  172:3  173:1  174:1  175:1  182:1  187:3  188:1  190:2  191:1  194:1  195:3  198:1  201:1  202:1  203:1  205:1  206:1  215:1  219:1  233:1  235:1  243:1  247:1  257:1  265:1  444:1
1793.221183,12.500864,2698.283913
[PASSED]
[time 5.50 s, user 5.23 s, sys 0.24 s, maxrss 356660 KB]
[busy 573 jiffies]
[exit 0]
--- c2 case 1 rec 0   load 0.87 0.86 0.88
[TEST C2-CoCo(LOUDS-Sparse)]
Processing dataset...
Done!
Building trie...
Done!
build time: 5129.139948 ms (5129.139948 ns per key)
space cost: 14.878411 MB (12.483082% of original size 119.188606 MB)
Querying trie...
Done!
total time: 1642.694175 ms, avg latency: 1642.694175 ns
topology: 0.476959 MB, link: 4.004946 MB, data: 10.396506 MB
5129.139948,14.878411,1642.694175
[PASSED]
[time 7.78 s, user 7.40 s, sys 0.35 s, maxrss 596048 KB]
[busy 808 jiffies]
[exit 0]
--- c2 case 1 rec 1   load 0.81 0.84 0.87
[TEST C2-CoCo(LOUDS-Sparse)]
Processing dataset...
Done!
Building trie...
trie size: 2.746100 MB
Done!
build time: 5415.542753 ms (5415.542753 ns per key)
space cost: 13.118518 MB (11.006521% of original size 119.188606 MB)
Querying trie...
Done!
total time: 1852.167119 ms, avg latency: 1852.167119 ns
topology: 0.719440 MB, link: 3.961886 MB, data: 8.437192 MB
5415.542753,13.118518,1852.167119
[PASSED]
[time 8.26 s, user 7.89 s, sys 0.33 s, maxrss 587824 KB]
[busy 859 jiffies]
[exit 0]
--- c2 case 1 rec 2   load 0.83 0.85 0.88
[TEST C2-CoCo(LOUDS-Sparse)]
Processing dataset...
Done!
Building trie...
trie size: 2.746100 MB
trie size: 0.687543 MB
Done!
build time: 5507.286581 ms (5507.286581 ns per key)
space cost: 13.118518 MB (11.006521% of original size 119.188606 MB)
Querying trie...
Done!
total time: 1871.207229 ms, avg latency: 1871.207229 ns
topology: 0.719440 MB, link: 3.961886 MB, data: 8.437192 MB
5507.286581,13.118518,1871.207229
[PASSED]
[time 8.37 s, user 8.00 s, sys 0.33 s, maxrss 590816 KB]
[busy 874 jiffies]
[exit 0]
--- c2 case 2 rec 0   load 0.85 0.85 0.88
[TEST C2-MARISA]
Processing dataset...
Done!
Building trie...
trie size: 2.297644 MB
Done!
build time: 1322.710857 ms (1322.710857 ns per key)
space cost: 11.928165 MB (10.007807% of original size 119.188606 MB)
Querying trie...
Done!
total time: 914.697681 ms, avg latency: 914.697681 ns
topology: 0.761036 MB, link: 3.343996 MB, data: 7.802626 MB
--- Unary Path Analysis (Marisa, cutoff=3) ---
  branches: 1534795  |  single-char: 270841 (17.6%)  short-unary: 45134 (2.9%)  links: 1218820 (79.4%)
  link len: avg=14.88  max=445  total_chars=18132830
  link length distribution (len:count):  3:37127  4:49365  5:75461  6:91989  7:72185  8:66513  9:63973  10:68956  11:73223  12:65790  13:57380  14:41495  15:36762  16:42631  17:41179  18:27817  19:22377  20:18838  21:17845  22:16718  23:15115  24:13613  25:12555  26:39233  27:27982  28:7379  29:6328  30:6087  31:6172  32:5955  33:5265  34:5643  35:4792  36:4909  37:5534  38:9417  39:5190  40:12044  41:4130  42:3423  43:3194  44:2134  45:1772  46:1642  47:1384  48:1261  49:1057  50:900  51:919  52:1030  53:750  54:799  55:667  56:702  57:772  58:823  59:1198  60:1008  61:899  62:972  63:712  64:409  65:454  66:414  67:320  68:269  69:256  70:270  71:258  72:280  73:453  74:258  75:356  76:221  77:315  78:88  79:138  80:65  81:34  82:48  83:40  84:34  85:38  86:63  87:38  88:23  89:36  90:23  91:6  92:6  93:19  94:8  95:11  96:14  97:13  98:3  99:5  100:4  101:12  102:17  103:11  104:6  105:17  106:9  107:12  108:11  109:7  110:2  111:4  112:1  113:2  114:4  115:4  116:4  117:3  118:4  119:14  120:6  121:1  123:2  124:3  125:38  126:23  127:156  128:15  129:61  130:3  131:1  132:3  133:2  134:1  136:1  137:3  138:6  139:1  140:1  143:4  144:2  145:2  146:2  147:2  149:1  152:3  153:1  155:2  157:1  160:2  161:2  162:2  166:3  167:1  168:1  172:1  173:3  174:1  175:1  176:1  183:2  185:1  188:4  189:2  191:2  192:3  195:2  196:3  199:1  202:1  203:1  204:1  206:1  207:2  216:1  220:1  230:1  234:1  236:1  244:1  248:1  258:1  266:1  445:1
  short unary avg len: 2.00
1322.710857,11.928165,914.697681
[PASSED]
[time 3.24 s, user 2.99 s, sys 0.24 s, maxrss 356232 KB]
[busy 339 jiffies]
[exit 0]
--- c2 case 2 rec 1   load 0.87 0.86 0.88
[TEST C2-MARISA]
Processing dataset...
Done!
Building trie...
trie size: 2.297644 MB
trie size: 3.841883 MB
Done!
build time: 1655.803067 ms (1655.803067 ns per key)
space cost: 9.839272 MB (8.255212% of original size 119.188606 MB)
Querying trie...
Done!
total time: 1610.346188 ms, avg latency: 1610.346188 ns
topology: 1.073097 MB, link: 3.403300 MB, data: 5.342366 MB
--- Unary Path Analysis (Marisa, cutoff=3) ---
  branches: 1534795  |  single-char: 270841 (17.6%)  short-unary: 45134 (2.9%)  links: 1218820 (79.4%)
  link len: avg=14.88  max=445  total_chars=18132830
  link length distribution (len:count):  3:37127  4:49365  5:75461  6:91989  7:72185  8:66513  9:63973  10:68956  11:73223  12:65790  13:57380  14:41495  15:36762  16:42631  17:41179  18:27817  19:22377  20:18838  21:17845  22:16718  23:15115  24:13613  25:12555  26:39233  27:27982  28:7379  29:6328  30:6087  31:6172  32:5955  33:5265  34:5643  35:4792  36:4909  37:5534  38:9417  39:5190  40:12044  41:4130  42:3423  43:3194  44:2134  45:1772  46:1642  47:1384  48:1261  49:1057  50:900  51:919  52:1030  53:750  54:799  55:667  56:702  57:772  58:823  59:1198  60:1008  61:899  62:972  63:712  64:409  65:454  66:414  67:320  68:269  69:256  70:270  71:258  72:280  73:453  74:258  75:356  76:221  77:315  78:88  79:138  80:65  81:34  82:48  83:40  84:34  85:38  86:63  87:38  88:23  89:36  90:23  91:6  92:6  93:19  94:8  95:11  96:14  97:13  98:3  99:5  100:4  101:12  102:17  103:11  104:6  105:17  106:9  107:12  108:11  109:7  110:2  111:4  112:1  113:2  114:4  115:4  116:4  117:3  118:4  119:14  120:6  121:1  123:2  124:3  125:38  126:23  127:156  128:15  129:61  130:3  131:1  132:3  133:2  134:1  136:1  137:3  138:6  139:1  140:1  143:4  144:2  145:2  146:2  147:2  149:1  152:3  153:1  155:2  157:1  160:2  161:2  162:2  166:3  167:1  168:1  172:1  173:3  174:1  175:1  176:1  183:2  185:1  188:4  189:2  191:2  192:3  195:2  196:3  199:1  202:1  203:1  204:1  206:1  207:2  216:1  220:1  230:1  234:1  236:1  244:1  248:1  258:1  266:1  445:1
  short unary avg len: 2.00
1655.803067,9.839272,1610.346188
[PASSED]
[time 4.28 s, user 4.03 s, sys 0.23 s, maxrss 353752 KB]
[busy 447 jiffies]
[exit 0]
--- c2 case 2 rec 2   load 0.88 0.86 0.88
[TEST C2-MARISA]
Processing dataset...
Done!
Building trie...
trie size: 2.297644 MB
trie size: 3.841883 MB
trie size: 0.864431 MB
Done!
build time: 1817.003960 ms (1817.003960 ns per key)
space cost: 9.839272 MB (8.255212% of original size 119.188606 MB)
Querying trie...
Done!
total time: 1642.112932 ms, avg latency: 1642.112932 ns
topology: 1.073097 MB, link: 3.403300 MB, data: 5.342366 MB
--- Unary Path Analysis (Marisa, cutoff=3) ---
  branches: 1534795  |  single-char: 270841 (17.6%)  short-unary: 45134 (2.9%)  links: 1218820 (79.4%)
  link len: avg=14.88  max=445  total_chars=18132830
  link length distribution (len:count):  3:37127  4:49365  5:75461  6:91989  7:72185  8:66513  9:63973  10:68956  11:73223  12:65790  13:57380  14:41495  15:36762  16:42631  17:41179  18:27817  19:22377  20:18838  21:17845  22:16718  23:15115  24:13613  25:12555  26:39233  27:27982  28:7379  29:6328  30:6087  31:6172  32:5955  33:5265  34:5643  35:4792  36:4909  37:5534  38:9417  39:5190  40:12044  41:4130  42:3423  43:3194  44:2134  45:1772  46:1642  47:1384  48:1261  49:1057  50:900  51:919  52:1030  53:750  54:799  55:667  56:702  57:772  58:823  59:1198  60:1008  61:899  62:972  63:712  64:409  65:454  66:414  67:320  68:269  69:256  70:270  71:258  72:280  73:453  74:258  75:356  76:221  77:315  78:88  79:138  80:65  81:34  82:48  83:40  84:34  85:38  86:63  87:38  88:23  89:36  90:23  91:6  92:6  93:19  94:8  95:11  96:14  97:13  98:3  99:5  100:4  101:12  102:17  103:11  104:6  105:17  106:9  107:12  108:11  109:7  110:2  111:4  112:1  113:2  114:4  115:4  116:4  117:3  118:4  119:14  120:6  121:1  123:2  124:3  125:38  126:23  127:156  128:15  129:61  130:3  131:1  132:3  133:2  134:1  136:1  137:3  138:6  139:1  140:1  143:4  144:2  145:2  146:2  147:2  149:1  152:3  153:1  155:2  157:1  160:2  161:2  162:2  166:3  167:1  168:1  172:1  173:3  174:1  175:1  176:1  183:2  185:1  188:4  189:2  191:2  192:3  195:2  196:3  199:1  202:1  203:1  204:1  206:1  207:2  216:1  220:1  230:1  234:1  236:1  244:1  248:1  258:1  266:1  445:1
  short unary avg len: 2.00
1817.003960,9.839272,1642.112932
[PASSED]
[time 4.46 s, user 4.20 s, sys 0.23 s, maxrss 354168 KB]
[busy 466 jiffies]
[exit 0]
--- c2 case 3 rec 0   load 0.89 0.86 0.88
[TEST FST]
Processing dataset...
Done!
Building trie...
Done!
build time: 3332.536959 ms (3332.536959 ns per key)
space cost: 14.021067 MB (11.763764% of original size 119.188606 MB)
Querying trie...
Done!
total time: 4611.846971 ms, avg latency: 4611.846971 ns
not implemented
3332.536959,14.021067,4611.846971
[PASSED]
[time 8.96 s, user 8.74 s, sys 0.19 s, maxrss 357668 KB]
[busy 930 jiffies]
[exit 0]
--- c2 case 4 rec 0   load 0.90 0.87 0.88
[TEST COCO]
Processing dataset...
Done!
Building trie...
num nodes = 584148, average depth = 12.594651
ef = 0.000038, pa = 0.103241, bv = 0.000608, de = 0.597184
efr = 0.000176, par = 0.181430, bvr = 0.000135, der = 0.117188
Done!
build time: 45168.010949 ms (45168.010949 ns per key)
space cost: 19.697372 MB (16.526221% of original size 119.188606 MB)
Querying trie...
Done!
total time: 1397.240666 ms, avg latency: 1397.240666 ns
not implemented
45168.010949,19.697372,1397.240666
[PASSED]
[time 49.09 s, user 39.05 s, sys 9.84 s, maxrss 23293324 KB]
[busy 5080 jiffies]
[exit 0]
--- c2 case 5 rec 0   load 0.96 0.89 0.89
[TEST MARISA]
Processing dataset...
Done!
Building trie...
Done!
build time: 1692.044273 ms (1692.044273 ns per key)
space cost: 12.257486 MB (10.284109% of original size 119.188606 MB)
Querying trie...
Done!
total time: 979.104683 ms, avg latency: 979.104683 ns
not implemented
1692.044273,12.257486,979.104683
[PASSED]
[time 3.62 s, user 3.39 s, sys 0.21 s, maxrss 411452 KB]
[busy 379 jiffies]
[exit 0]
--- c2 case 5 rec 1   load 0.96 0.89 0.89
[TEST MARISA]
Processing dataset...
Done!
Building trie...
Done!
build time: 1785.038161 ms (1785.038161 ns per key)
space cost: 9.428862 MB (7.910875% of original size 119.188606 MB)
Querying trie...
Done!
total time: 1765.187977 ms, avg latency: 1765.187977 ns
not implemented
1785.038161,9.428862,1765.187977
[PASSED]
[time 4.52 s, user 4.26 s, sys 0.24 s, maxrss 411544 KB]
[busy 474 jiffies]
[exit 0]
--- c2 case 5 rec 2   load 0.97 0.89 0.89
[TEST MARISA]
Processing dataset...
Done!
Building trie...
Done!
build time: 1835.008864 ms (1835.008864 ns per key)
space cost: 9.029414 MB (7.575736% of original size 119.188606 MB)
Querying trie...
Done!
total time: 2212.856565 ms, avg latency: 2212.856565 ns
not implemented
1835.008864,9.029414,2212.856565
[PASSED]
[time 5.02 s, user 4.77 s, sys 0.22 s, maxrss 411260 KB]
[busy 522 jiffies]
[exit 0]
--- c2 case 6 rec 0   load 0.89 0.88 0.89
[TEST PDT]
Processing dataset...
Done!
Building trie...
dict size: 153672, stream size: 10323140
Done!
build time: 4797.432171 ms (4797.432171 ns per key)
space cost: 11.267526 MB (9.453526% of original size 119.188606 MB)
Querying trie...
Done!
total time: 1081.004973 ms, avg latency: 1081.004973 ns
not implemented
4797.432171,11.267526,1081.004973
[PASSED]
[time 6.89 s, user 6.56 s, sys 0.30 s, maxrss 389252 KB]
[busy 719 jiffies]
[exit 0]
--- c2 case 7 rec 0   load 0.90 0.88 0.89
[TEST ART]
Processing dataset...
Done!
Building trie...
Done!
build time: 410.599838 ms (410.599838 ns per key)
space cost: 34.675591 MB (29.093041% of original size 119.188606 MB)
Querying trie...
Done!
total time: 756.341937 ms, avg latency: 756.341937 ns
not implemented
410.599838,34.675591,756.341937
[PASSED]
[time 2.19 s, user 1.94 s, sys 0.23 s, maxrss 505148 KB]
[busy 231 jiffies]
[exit 0]
--- c2 case 8 rec 0   load 0.91 0.88 0.89
[TEST CART]
Processing dataset...
Done!
Building trie...
Done!
build time: 467.114553 ms (467.114553 ns per key)
space cost: 18.620093 MB (15.622377% of original size 119.188606 MB)
Querying trie...
Done!
total time: 821.009088 ms, avg latency: 821.009088 ns
not implemented
467.114553,18.620093,821.009088
[PASSED]
[time 2.31 s, user 2.06 s, sys 0.24 s, maxrss 496180 KB]
[busy 242 jiffies]
[exit 0]
--- xcdat 7   load 0.91 0.88 0.89
build time: 1432.221122 ms
space cost: 18.455355 MiB (15.484160% of original size 119.188606 MiB)
avg latency: 711.761095 ns
1432.221122,18.455355,711.761095
[time 3.17 s, user 2.89 s, sys 0.26 s, maxrss 362556 KB]
[busy 338 jiffies]
[exit 0]
--- xcdat 8   load 0.92 0.89 0.89
build time: 1360.979032 ms
space cost: 18.497238 MiB (15.519301% of original size 119.188606 MiB)
avg latency: 718.211730 ns
1360.979032,18.497238,718.211730
[time 3.09 s, user 2.83 s, sys 0.24 s, maxrss 362432 KB]
[busy 326 jiffies]
[exit 0]
--- xcdat 15   load 0.92 0.89 0.89
build time: 1428.538619 ms
space cost: 23.949356 MiB (20.093662% of original size 119.188606 MiB)
avg latency: 628.292402 ns
1428.538619,23.949356,628.292402
[time 3.07 s, user 2.80 s, sys 0.25 s, maxrss 368208 KB]
[busy 323 jiffies]
[exit 0]
--- xcdat 16   load 0.93 0.89 0.89
build time: 1370.361549 ms
space cost: 25.154240 MiB (21.104567% of original size 119.188606 MiB)
avg latency: 689.616468 ns
1370.361549,25.154240,689.616468
[time 3.09 s, user 2.81 s, sys 0.25 s, maxrss 369040 KB]
[busy 323 jiffies]
[exit 0]

##### pypi-full (889864 lines, 12756399 bytes)   round 3/3   2026-09-23T22:00:14+03:00
--- lexindex dict32   load 0.94 0.89 0.90
889864 keys
lexindex DictIndex block 32: build 215 ms, size 3.800 MiB (4.478 B/key), latency cold 331.0 ns, then mean 325.5 / min 321.5 ns
214.677,3.799900,331.047
[time 1.80 s, user 2.73 s, sys 0.17 s, maxrss 203976 KB]
[busy 310 jiffies]
[exit 0]
--- lexindex dict256   load 0.94 0.89 0.90
889864 keys
lexindex DictIndex block 256: build 213 ms, size 3.535 MiB (4.165 B/key), latency cold 354.1 ns, then mean 354.7 / min 353.6 ns
213.119,3.534916,354.068
[time 1.90 s, user 2.83 s, sys 0.17 s, maxrss 204952 KB]
[busy 318 jiffies]
[exit 0]
--- lexindex dict1024   load 0.94 0.89 0.90
889864 keys
lexindex DictIndex block 1024: build 234 ms, size 3.413 MiB (4.022 B/key), latency cold 446.6 ns, then mean 443.2 / min 441.6 ns
234.323,3.413095,446.611
[time 2.24 s, user 2.82 s, sys 0.12 s, maxrss 185160 KB]
[busy 312 jiffies]
[exit 0]
--- lexindex string   load 0.87 0.88 0.89
889864 keys
lexindex StringIndex: build 482 ms, size 8.484 MiB (9.998 B/key), latency cold 216.4 ns, then mean 209.6 / min 207.3 ns
482.224,8.484477,216.369
[time 1.64 s, user 1.56 s, sys 0.07 s, maxrss 122856 KB]
[busy 179 jiffies]
[exit 0]
--- lexindex hashed0   load 0.87 0.88 0.89
889864 keys
lexindex HashedDictIndex closed: build 300 ms, size 5.861 MiB (6.906 B/key), latency cold 29.2 ns, then mean 23.9 / min 23.8 ns
300.475,5.860833,29.243
[time 0.81 s, user 1.78 s, sys 0.17 s, maxrss 216652 KB]
[busy 211 jiffies]
[exit 0]
--- lexindex hashed8   load 0.87 0.88 0.89
889864 keys
lexindex HashedDictIndex fp=8: build 299 ms, size 6.709 MiB (7.906 B/key), latency cold 35.7 ns, then mean 29.4 / min 29.1 ns
299.156,6.709474,35.738
[time 0.82 s, user 1.78 s, sys 0.18 s, maxrss 219096 KB]
[busy 209 jiffies]
[exit 0]
--- lexindex hashed16   load 0.88 0.88 0.89
889864 keys
lexindex HashedDictIndex fp=16: build 300 ms, size 7.558 MiB (8.906 B/key), latency cold 33.6 ns, then mean 30.8 / min 28.2 ns
299.683,7.558114,33.614
[time 0.83 s, user 1.80 s, sys 0.18 s, maxrss 218324 KB]
[busy 210 jiffies]
[exit 0]
--- c2 case 0 rec 0   load 0.88 0.88 0.89
[TEST C2-FST]
Processing dataset...
Done!
Building trie...
Done!
build time: 410.537130 ms (461.348172 ns per key)
space cost: 5.574753 MB (49.260816% of original size 11.316810 MB)
Querying trie...
Done!
total time: 327.286357 ms, avg latency: 367.793682 ns
topology: 0.851089 MB, link: 1.149713 MB, data: 3.573951 MB
--- Unary Path Analysis (FST, cutoff=4) ---
  shared unary steps in main trie: 344931
  terminal suffixes: inplace=288151 (avg len=1.99)  links=405388 (58.5% of terminal)
  link len: avg=7.08  max=176  total_chars=2869854
  link length distribution (len:count):  4:74698  5:65971  6:53798  7:40968  8:33851  9:27326  10:20764  11:16938  12:14649  13:12025  14:9410  15:7294  16:5909  17:4518  18:3598  19:2810  20:2154  21:1673  22:1340  23:1095  24:876  25:726  26:550  27:431  28:361  29:400  30:312  31:173  32:150  33:103  34:106  35:75  36:44  37:52  38:50  39:27  40:24  41:13  42:21  43:16  44:7  45:10  46:6  47:5  48:10  49:1  50:4  51:5  52:2  53:2  54:2  55:1  56:5  57:3  60:2  62:2  63:1  64:3  65:2  67:1  68:3  71:1  75:1  77:2  82:1  86:1  99:2  106:1  113:1  153:1  177:1
410.537130,5.574753,367.793682
[PASSED]
[time 1.12 s, user 1.03 s, sys 0.09 s, maxrss 129296 KB]
[busy 119 jiffies]
[exit 0]
--- c2 case 0 rec 1   load 0.81 0.87 0.89
[TEST C2-FST]
Processing dataset...
Done!
Building trie...
trie size: 1.301167 MB
Done!
build time: 468.946917 ms (526.987177 ns per key)
space cost: 5.131913 MB (45.347703% of original size 11.316810 MB)
Querying trie...
Done!
total time: 363.644402 ms, avg latency: 408.651661 ns
topology: 0.978825 MB, link: 1.146868 MB, data: 3.006221 MB
--- Unary Path Analysis (FST, cutoff=4) ---
  shared unary steps in main trie: 344931
  terminal suffixes: inplace=288151 (avg len=1.99)  links=405388 (58.5% of terminal)
  link len: avg=7.08  max=176  total_chars=2869854
  link length distribution (len:count):  4:74698  5:65971  6:53798  7:40968  8:33851  9:27326  10:20764  11:16938  12:14649  13:12025  14:9410  15:7294  16:5909  17:4518  18:3598  19:2810  20:2154  21:1673  22:1340  23:1095  24:876  25:726  26:550  27:431  28:361  29:400  30:312  31:173  32:150  33:103  34:106  35:75  36:44  37:52  38:50  39:27  40:24  41:13  42:21  43:16  44:7  45:10  46:6  47:5  48:10  49:1  50:4  51:5  52:2  53:2  54:2  55:1  56:5  57:3  60:2  62:2  63:1  64:3  65:2  67:1  68:3  71:1  75:1  77:2  82:1  86:1  99:2  106:1  113:1  153:1  177:1
468.946917,5.131913,408.651661
[PASSED]
[time 1.23 s, user 1.14 s, sys 0.08 s, maxrss 129784 KB]
[busy 131 jiffies]
[exit 0]
--- c2 case 0 rec 2   load 0.81 0.87 0.89
[TEST C2-FST]
Processing dataset...
Done!
Building trie...
trie size: 1.301167 MB
trie size: 0.188086 MB
Done!
build time: 472.876223 ms (531.402802 ns per key)
space cost: 5.131913 MB (45.347703% of original size 11.316810 MB)
Querying trie...
Done!
total time: 360.420251 ms, avg latency: 405.028466 ns
topology: 0.978825 MB, link: 1.146868 MB, data: 3.006221 MB
--- Unary Path Analysis (FST, cutoff=4) ---
  shared unary steps in main trie: 344931
  terminal suffixes: inplace=288151 (avg len=1.99)  links=405388 (58.5% of terminal)
  link len: avg=7.08  max=176  total_chars=2869854
  link length distribution (len:count):  4:74698  5:65971  6:53798  7:40968  8:33851  9:27326  10:20764  11:16938  12:14649  13:12025  14:9410  15:7294  16:5909  17:4518  18:3598  19:2810  20:2154  21:1673  22:1340  23:1095  24:876  25:726  26:550  27:431  28:361  29:400  30:312  31:173  32:150  33:103  34:106  35:75  36:44  37:52  38:50  39:27  40:24  41:13  42:21  43:16  44:7  45:10  46:6  47:5  48:10  49:1  50:4  51:5  52:2  53:2  54:2  55:1  56:5  57:3  60:2  62:2  63:1  64:3  65:2  67:1  68:3  71:1  75:1  77:2  82:1  86:1  99:2  106:1  113:1  153:1  177:1
472.876223,5.131913,405.028466
[PASSED]
[time 1.23 s, user 1.14 s, sys 0.09 s, maxrss 129768 KB]
[busy 132 jiffies]
[exit 0]
--- c2 case 1 rec 0   load 0.81 0.87 0.89
[TEST C2-CoCo(LOUDS-Sparse)]
Processing dataset...
Done!
Building trie...
Done!
build time: 1200.107529 ms (1348.641510 ns per key)
space cost: 5.902932 MB (52.160740% of original size 11.316810 MB)
Querying trie...
Done!
total time: 489.961641 ms, avg latency: 550.602835 ns
topology: 0.365089 MB, link: 1.816309 MB, data: 3.721533 MB
1200.107529,5.902932,550.602835
[PASSED]
[time 2.08 s, user 1.95 s, sys 0.12 s, maxrss 251276 KB]
[busy 221 jiffies]
[exit 0]
--- c2 case 1 rec 1   load 0.82 0.87 0.89
[TEST C2-CoCo(LOUDS-Sparse)]
Processing dataset...
Done!
Building trie...
trie size: 1.301167 MB
Done!
build time: 1253.741519 ms (1408.913631 ns per key)
space cost: 5.460092 MB (48.247627% of original size 11.316810 MB)
Querying trie...
Done!
total time: 515.121886 ms, avg latency: 578.877094 ns
topology: 0.492825 MB, link: 1.813464 MB, data: 3.153803 MB
1253.741519,5.460092,578.877094
[PASSED]
[time 2.15 s, user 2.00 s, sys 0.13 s, maxrss 251592 KB]
[busy 227 jiffies]
[exit 0]
--- c2 case 1 rec 2   load 0.84 0.87 0.89
[TEST C2-CoCo(LOUDS-Sparse)]
Processing dataset...
Done!
Building trie...
trie size: 1.301167 MB
trie size: 0.188086 MB
Done!
build time: 1264.207403 ms (1420.674848 ns per key)
space cost: 5.460092 MB (48.247627% of original size 11.316810 MB)
Querying trie...
Done!
total time: 520.266588 ms, avg latency: 584.658541 ns
topology: 0.492825 MB, link: 1.813464 MB, data: 3.153803 MB
1264.207403,5.460092,584.658541
[PASSED]
[time 2.17 s, user 2.04 s, sys 0.12 s, maxrss 251472 KB]
[busy 228 jiffies]
[exit 0]
--- c2 case 2 rec 0   load 0.84 0.87 0.89
[TEST C2-MARISA]
Processing dataset...
Done!
Building trie...
trie size: 2.034968 MB
Done!
build time: 489.511313 ms (550.096771 ns per key)
space cost: 5.148748 MB (45.496465% of original size 11.316810 MB)
Querying trie...
Done!
total time: 237.920408 ms, avg latency: 267.367157 ns
topology: 0.673512 MB, link: 1.684298 MB, data: 2.770432 MB
--- Unary Path Analysis (Marisa, cutoff=3) ---
  branches: 1290446  |  single-char: 483681 (37.5%)  short-unary: 134846 (10.4%)  links: 671919 (52.1%)
  link len: avg=7.04  max=178  total_chars=4731655
  link length distribution (len:count):  3:128200  4:106194  5:84287  6:72656  7:58516  8:44149  9:36040  10:28839  11:21753  12:17688  13:15308  14:12510  15:9745  16:7525  17:6122  18:4690  19:3698  20:2882  21:2216  22:1721  23:1367  24:1119  25:897  26:746  27:562  28:441  29:368  30:406  31:316  32:177  33:153  34:106  35:106  36:75  37:44  38:54  39:50  40:27  41:25  42:13  43:21  44:16  45:7  46:10  47:6  48:5  49:10  50:2  51:4  52:5  53:2  54:2  55:2  56:1  57:5  58:3  61:2  63:2  64:1  65:3  66:2  68:2  69:3  72:1  76:1  78:2  83:1  87:1  100:2  107:1  114:1  154:1  178:1
  short unary avg len: 2.00
489.511313,5.148748,267.367157
[PASSED]
[time 1.10 s, user 1.01 s, sys 0.09 s, maxrss 158920 KB]
[busy 119 jiffies]
[exit 0]
--- c2 case 2 rec 1   load 0.85 0.87 0.89
[TEST C2-MARISA]
Processing dataset...
Done!
Building trie...
trie size: 2.034968 MB
trie size: 2.021012 MB
Done!
build time: 566.718497 ms (636.859674 ns per key)
space cost: 4.528195 MB (40.013003% of original size 11.316810 MB)
Querying trie...
Done!
total time: 286.565830 ms, avg latency: 322.033288 ns
topology: 0.839943 MB, link: 1.648341 MB, data: 2.019403 MB
--- Unary Path Analysis (Marisa, cutoff=3) ---
  branches: 1290446  |  single-char: 483681 (37.5%)  short-unary: 134846 (10.4%)  links: 671919 (52.1%)
  link len: avg=7.04  max=178  total_chars=4731655
  link length distribution (len:count):  3:128200  4:106194  5:84287  6:72656  7:58516  8:44149  9:36040  10:28839  11:21753  12:17688  13:15308  14:12510  15:9745  16:7525  17:6122  18:4690  19:3698  20:2882  21:2216  22:1721  23:1367  24:1119  25:897  26:746  27:562  28:441  29:368  30:406  31:316  32:177  33:153  34:106  35:106  36:75  37:44  38:54  39:50  40:27  41:25  42:13  43:21  44:16  45:7  46:10  47:6  48:5  49:10  50:2  51:4  52:5  53:2  54:2  55:2  56:1  57:5  58:3  61:2  63:2  64:1  65:3  66:2  68:2  69:3  72:1  76:1  78:2  83:1  87:1  100:2  107:1  114:1  154:1  178:1
  short unary avg len: 2.00
566.718497,4.528195,322.033288
[PASSED]
[time 1.24 s, user 1.13 s, sys 0.10 s, maxrss 158848 KB]
[busy 132 jiffies]
[exit 0]
--- c2 case 2 rec 2   load 0.85 0.87 0.89
[TEST C2-MARISA]
Processing dataset...
Done!
Building trie...
trie size: 2.034968 MB
trie size: 2.021012 MB
trie size: 0.240847 MB
Done!
build time: 583.911625 ms (656.180748 ns per key)
space cost: 4.528195 MB (40.013003% of original size 11.316810 MB)
Querying trie...
Done!
total time: 293.767999 ms, avg latency: 330.126850 ns
topology: 0.839943 MB, link: 1.648341 MB, data: 2.019403 MB
--- Unary Path Analysis (Marisa, cutoff=3) ---
  branches: 1290446  |  single-char: 483681 (37.5%)  short-unary: 134846 (10.4%)  links: 671919 (52.1%)
  link len: avg=7.04  max=178  total_chars=4731655
  link length distribution (len:count):  3:128200  4:106194  5:84287  6:72656  7:58516  8:44149  9:36040  10:28839  11:21753  12:17688  13:15308  14:12510  15:9745  16:7525  17:6122  18:4690  19:3698  20:2882  21:2216  22:1721  23:1367  24:1119  25:897  26:746  27:562  28:441  29:368  30:406  31:316  32:177  33:153  34:106  35:106  36:75  37:44  38:54  39:50  40:27  41:25  42:13  43:21  44:16  45:7  46:10  47:6  48:5  49:10  50:2  51:4  52:5  53:2  54:2  55:2  56:1  57:5  58:3  61:2  63:2  64:1  65:3  66:2  68:2  69:3  72:1  76:1  78:2  83:1  87:1  100:2  107:1  114:1  154:1  178:1
  short unary avg len: 2.00
583.911625,4.528195,330.126850
[PASSED]
[time 1.27 s, user 1.17 s, sys 0.09 s, maxrss 158644 KB]
[busy 133 jiffies]
[exit 0]
--- c2 case 3 rec 0   load 0.86 0.88 0.89
[TEST FST]
Processing dataset...
Done!
Building trie...
Done!
build time: 510.832794 ms (574.057153 ns per key)
space cost: 5.878841 MB (51.947869% of original size 11.316810 MB)
Querying trie...
Done!
total time: 486.662018 ms, avg latency: 546.894827 ns
not implemented
510.832794,5.878841,546.894827
[PASSED]
[time 1.40 s, user 1.32 s, sys 0.06 s, maxrss 86784 KB]
[busy 150 jiffies]
[exit 0]
--- c2 case 4 rec 0   load 0.86 0.88 0.89
[TEST COCO]
Processing dataset...
Done!
Building trie...
num nodes = 375656, average depth = 5.235279
ef = 0.000442, pa = 0.203029, bv = 0.001044, de = 0.703223
efr = 0.002106, par = 0.078420, bvr = 0.000029, der = 0.011708
Done!
build time: 7709.234631 ms (8663.385226 ns per key)
space cost: 7.666221 MB (67.741891% of original size 11.316810 MB)
Querying trie...
Done!
total time: 434.377344 ms, avg latency: 488.139023 ns
not implemented
7709.234631,7.666221,488.139023
[PASSED]
[time 8.83 s, user 6.89 s, sys 1.90 s, maxrss 4347364 KB]
[busy 922 jiffies]
[exit 0]
--- c2 case 5 rec 0   load 0.88 0.88 0.89
[TEST MARISA]
Processing dataset...
Done!
Building trie...
Done!
build time: 383.003693 ms (430.406998 ns per key)
space cost: 5.316237 MB (46.976468% of original size 11.316810 MB)
Querying trie...
Done!
total time: 346.139617 ms, avg latency: 388.980358 ns
not implemented
383.003693,5.316237,388.980358
[PASSED]
[time 1.14 s, user 1.04 s, sys 0.09 s, maxrss 132128 KB]
[busy 121 jiffies]
[exit 0]
--- c2 case 5 rec 1   load 0.81 0.87 0.89
[TEST MARISA]
Processing dataset...
Done!
Building trie...
Done!
build time: 436.404855 ms (490.417474 ns per key)
space cost: 4.038295 MB (35.684039% of original size 11.316810 MB)
Querying trie...
Done!
total time: 449.612032 ms, avg latency: 505.259267 ns
not implemented
436.404855,4.038295,505.259267
[PASSED]
[time 1.26 s, user 1.18 s, sys 0.07 s, maxrss 131996 KB]
[busy 137 jiffies]
[exit 0]
--- c2 case 5 rec 2   load 0.81 0.87 0.89
[TEST MARISA]
Processing dataset...
Done!
Building trie...
Done!
build time: 441.297913 ms (495.916132 ns per key)
space cost: 3.830196 MB (33.845196% of original size 11.316810 MB)
Querying trie...
Done!
total time: 477.475599 ms, avg latency: 536.571430 ns
not implemented
441.297913,3.830196,536.571430
[PASSED]
[time 1.30 s, user 1.21 s, sys 0.07 s, maxrss 132176 KB]
[busy 136 jiffies]
[exit 0]
--- c2 case 6 rec 0   load 0.75 0.85 0.88
[TEST PDT]
Processing dataset...
Done!
Building trie...
dict size: 158766, stream size: 3178838
Done!
build time: 1626.233372 ms (1827.507767 ns per key)
space cost: 4.318639 MB (38.161275% of original size 11.316810 MB)
Querying trie...
Done!
total time: 466.877598 ms, avg latency: 524.661744 ns
not implemented
1626.233372,4.318639,524.661744
[PASSED]
[time 2.49 s, user 2.40 s, sys 0.08 s, maxrss 137384 KB]
[busy 265 jiffies]
[exit 0]
--- c2 case 7 rec 0   load 0.75 0.85 0.88
[TEST ART]
Processing dataset...
Done!
Building trie...
Done!
build time: 98.063748 ms (110.200826 ns per key)
space cost: 28.637695 MB (253.054493% of original size 11.316810 MB)
Querying trie...
Done!
total time: 251.775713 ms, avg latency: 282.937295 ns
not implemented
98.063748,28.637695,282.937295
[PASSED]
[time 0.74 s, user 0.66 s, sys 0.07 s, maxrss 123556 KB]
[busy 80 jiffies]
[exit 0]
--- c2 case 8 rec 0   load 0.69 0.84 0.88
[TEST CART]
Processing dataset...
Done!
Building trie...
Done!
build time: 147.320550 ms (165.554006 ns per key)
space cost: 12.686618 MB (112.104190% of original size 11.316810 MB)
Querying trie...
Done!
total time: 303.745415 ms, avg latency: 341.339143 ns
not implemented
147.320550,12.686618,341.339143
[PASSED]
[time 0.86 s, user 0.78 s, sys 0.07 s, maxrss 120880 KB]
[busy 94 jiffies]
[exit 0]
--- xcdat 7   load 0.69 0.84 0.88
build time: 378.013743 ms
space cost: 7.451407 MiB (65.843711% of original size 11.316810 MiB)
avg latency: 163.114644 ns
378.013743,7.451407,163.114644
[time 0.92 s, user 0.83 s, sys 0.08 s, maxrss 124844 KB]
[busy 98 jiffies]
[exit 0]
--- xcdat 8   load 0.69 0.84 0.88
build time: 351.216029 ms
space cost: 7.063261 MiB (62.413889% of original size 11.316810 MiB)
avg latency: 171.353039 ns
351.216029,7.063261,171.353039
[time 0.90 s, user 0.80 s, sys 0.09 s, maxrss 125116 KB]
[busy 97 jiffies]
[exit 0]
--- xcdat 15   load 0.71 0.84 0.88
build time: 366.151074 ms
space cost: 8.417356 MiB (74.379227% of original size 11.316810 MiB)
avg latency: 137.026614 ns
366.151074,8.417356,137.026614
[time 0.90 s, user 0.82 s, sys 0.07 s, maxrss 125072 KB]
[busy 98 jiffies]
[exit 0]
--- xcdat 16   load 0.71 0.84 0.88
build time: 351.218504 ms
space cost: 8.791730 MiB (77.687354% of original size 11.316810 MiB)
avg latency: 152.862957 ns
351.218504,8.791730,152.862957
[time 0.89 s, user 0.80 s, sys 0.08 s, maxrss 125036 KB]
[busy 98 jiffies]
[exit 0]

##### titles-en-1000000 (1000000 lines, 21984647 bytes)   round 3/3   2026-09-23T22:01:28+03:00
--- lexindex dict32   load 0.71 0.84 0.88
1000000 keys
lexindex DictIndex block 32: build 446 ms, size 7.447 MiB (7.809 B/key), latency cold 416.2 ns, then mean 413.1 / min 410.9 ns
446.062,7.446899,416.170
[time 2.62 s, user 5.09 s, sys 0.39 s, maxrss 274884 KB]
[busy 575 jiffies]
[exit 0]
--- lexindex dict256   load 0.74 0.84 0.88
1000000 keys
lexindex DictIndex block 256: build 457 ms, size 7.029 MiB (7.370 B/key), latency cold 440.3 ns, then mean 450.2 / min 445.2 ns
457.448,7.028672,440.331
[time 2.76 s, user 5.30 s, sys 0.41 s, maxrss 273460 KB]
[busy 599 jiffies]
[exit 0]
--- lexindex dict1024   load 0.76 0.85 0.88
1000000 keys
lexindex DictIndex block 1024: build 489 ms, size 6.878 MiB (7.212 B/key), latency cold 508.1 ns, then mean 506.1 / min 505.4 ns
489.147,6.877800,508.117
[time 3.04 s, user 4.62 s, sys 0.30 s, maxrss 285212 KB]
[busy 519 jiffies]
[exit 0]
--- lexindex string   load 0.78 0.85 0.88
1000000 keys
lexindex StringIndex: build 991 ms, size 16.482 MiB (17.283 B/key), latency cold 333.8 ns, then mean 326.2 / min 322.4 ns
990.763,16.482312,333.820
[time 2.79 s, user 2.71 s, sys 0.07 s, maxrss 164400 KB]
[busy 299 jiffies]
[exit 0]
--- lexindex hashed0   load 0.71 0.84 0.88
1000000 keys
lexindex HashedDictIndex closed: build 569 ms, size 9.642 MiB (10.110 B/key), latency cold 44.0 ns, then mean 42.3 / min 41.8 ns
568.768,9.642032,44.035
[time 1.24 s, user 3.82 s, sys 0.41 s, maxrss 277048 KB]
[busy 447 jiffies]
[exit 0]
--- lexindex hashed8   load 0.71 0.84 0.88
1000000 keys
lexindex HashedDictIndex fp=8: build 566 ms, size 10.596 MiB (11.110 B/key), latency cold 49.0 ns, then mean 47.3 / min 46.3 ns
565.874,10.595706,48.955
[time 1.26 s, user 3.87 s, sys 0.39 s, maxrss 276976 KB]
[busy 450 jiffies]
[exit 0]
--- lexindex hashed16   load 0.71 0.84 0.88
1000000 keys
lexindex HashedDictIndex fp=16: build 563 ms, size 11.549 MiB (12.110 B/key), latency cold 50.6 ns, then mean 50.2 / min 49.0 ns
563.121,11.549380,50.565
[time 1.27 s, user 3.86 s, sys 0.41 s, maxrss 278060 KB]
[busy 447 jiffies]
[exit 0]
--- c2 case 0 rec 0   load 0.74 0.84 0.88
[TEST C2-FST]
Processing dataset...
Done!
Building trie...
Done!
build time: 1016.627156 ms (1016.627156 ns per key)
space cost: 11.326162 MB (56.595386% of original size 20.012519 MB)
Querying trie...
Done!
total time: 476.901440 ms, avg latency: 476.901440 ns
topology: 1.047974 MB, link: 2.330659 MB, data: 7.947530 MB
--- Unary Path Analysis (FST, cutoff=4) ---
  shared unary steps in main trie: 632648
  terminal suffixes: inplace=148307 (avg len=2.14)  links=794871 (84.3% of terminal)
  link len: avg=12.03  max=232  total_chars=9558452
  link length distribution (len:count):  4:67686  5:69275  6:65423  7:58787  8:51921  9:47544  10:42795  11:38054  12:34227  13:30736  14:30694  15:28260  16:25308  17:22807  18:19264  19:17586  20:15912  21:14224  22:12066  23:10759  24:9477  25:8347  26:7925  27:7112  28:6113  29:5746  30:5072  31:4462  32:3927  33:3658  34:3228  35:2847  36:2644  37:2353  38:2038  39:1870  40:1644  41:1489  42:1315  43:1143  44:928  45:846  46:722  47:679  48:610  49:543  50:459  51:451  52:342  53:339  54:284  55:273  56:239  57:215  58:214  59:177  60:158  61:140  62:127  63:109  64:95  65:79  66:80  67:78  68:75  69:69  70:68  71:54  72:51  73:42  74:46  75:42  76:35  77:41  78:38  79:39  80:21  81:18  82:21  83:19  84:14  85:18  86:14  87:15  88:11  89:14  90:13  91:7  92:5  93:8  94:7  95:5  96:8  97:8  98:5  99:7  100:11  101:5  102:6  103:3  104:3  105:3  106:5  107:4  108:5  109:1  110:2  111:6  112:1  113:1  114:1  115:4  116:1  118:1  119:2  121:2  123:2  125:1  126:1  128:1  129:1  131:1  132:2  134:1  135:1  136:1  137:3  138:1  139:1  141:2  145:1  152:1  154:1  156:1  159:3  165:1  168:1  174:1  175:1  179:1  181:1  199:1  201:1  202:1  204:1  207:1  216:1  217:1  219:1  233:1
1016.627156,11.326162,476.901440
[PASSED]
[time 2.05 s, user 1.91 s, sys 0.12 s, maxrss 185180 KB]
[busy 216 jiffies]
[exit 0]
--- c2 case 0 rec 1   load 0.68 0.82 0.87
[TEST C2-FST]
Processing dataset...
Done!
Building trie...
trie size: 3.096522 MB
Done!
build time: 1356.632863 ms (1356.632863 ns per key)
space cost: 9.522977 MB (47.585099% of original size 20.012519 MB)
Querying trie...
Done!
total time: 608.232493 ms, avg latency: 608.232493 ns
topology: 1.448536 MB, link: 2.515947 MB, data: 5.558494 MB
--- Unary Path Analysis (FST, cutoff=4) ---
  shared unary steps in main trie: 632648
  terminal suffixes: inplace=148307 (avg len=2.14)  links=794871 (84.3% of terminal)
  link len: avg=12.03  max=232  total_chars=9558452
  link length distribution (len:count):  4:67686  5:69275  6:65423  7:58787  8:51921  9:47544  10:42795  11:38054  12:34227  13:30736  14:30694  15:28260  16:25308  17:22807  18:19264  19:17586  20:15912  21:14224  22:12066  23:10759  24:9477  25:8347  26:7925  27:7112  28:6113  29:5746  30:5072  31:4462  32:3927  33:3658  34:3228  35:2847  36:2644  37:2353  38:2038  39:1870  40:1644  41:1489  42:1315  43:1143  44:928  45:846  46:722  47:679  48:610  49:543  50:459  51:451  52:342  53:339  54:284  55:273  56:239  57:215  58:214  59:177  60:158  61:140  62:127  63:109  64:95  65:79  66:80  67:78  68:75  69:69  70:68  71:54  72:51  73:42  74:46  75:42  76:35  77:41  78:38  79:39  80:21  81:18  82:21  83:19  84:14  85:18  86:14  87:15  88:11  89:14  90:13  91:7  92:5  93:8  94:7  95:5  96:8  97:8  98:5  99:7  100:11  101:5  102:6  103:3  104:3  105:3  106:5  107:4  108:5  109:1  110:2  111:6  112:1  113:1  114:1  115:4  116:1  118:1  119:2  121:2  123:2  125:1  126:1  128:1  129:1  131:1  132:2  134:1  135:1  136:1  137:3  138:1  139:1  141:2  145:1  152:1  154:1  156:1  159:3  165:1  168:1  174:1  175:1  179:1  181:1  199:1  201:1  202:1  204:1  207:1  216:1  217:1  219:1  233:1
1356.632863,9.522977,608.232493
[PASSED]
[time 2.54 s, user 2.39 s, sys 0.13 s, maxrss 180948 KB]
[busy 272 jiffies]
[exit 0]
--- c2 case 0 rec 2   load 0.68 0.82 0.87
[TEST C2-FST]
Processing dataset...
Done!
Building trie...
trie size: 3.096522 MB
trie size: 0.887704 MB
Done!
build time: 1463.523403 ms (1463.523403 ns per key)
space cost: 9.522977 MB (47.585099% of original size 20.012519 MB)
Querying trie...
Done!
total time: 619.955892 ms, avg latency: 619.955892 ns
topology: 1.448536 MB, link: 2.515947 MB, data: 5.558494 MB
--- Unary Path Analysis (FST, cutoff=4) ---
  shared unary steps in main trie: 632648
  terminal suffixes: inplace=148307 (avg len=2.14)  links=794871 (84.3% of terminal)
  link len: avg=12.03  max=232  total_chars=9558452
  link length distribution (len:count):  4:67686  5:69275  6:65423  7:58787  8:51921  9:47544  10:42795  11:38054  12:34227  13:30736  14:30694  15:28260  16:25308  17:22807  18:19264  19:17586  20:15912  21:14224  22:12066  23:10759  24:9477  25:8347  26:7925  27:7112  28:6113  29:5746  30:5072  31:4462  32:3927  33:3658  34:3228  35:2847  36:2644  37:2353  38:2038  39:1870  40:1644  41:1489  42:1315  43:1143  44:928  45:846  46:722  47:679  48:610  49:543  50:459  51:451  52:342  53:339  54:284  55:273  56:239  57:215  58:214  59:177  60:158  61:140  62:127  63:109  64:95  65:79  66:80  67:78  68:75  69:69  70:68  71:54  72:51  73:42  74:46  75:42  76:35  77:41  78:38  79:39  80:21  81:18  82:21  83:19  84:14  85:18  86:14  87:15  88:11  89:14  90:13  91:7  92:5  93:8  94:7  95:5  96:8  97:8  98:5  99:7  100:11  101:5  102:6  103:3  104:3  105:3  106:5  107:4  108:5  109:1  110:2  111:6  112:1  113:1  114:1  115:4  116:1  118:1  119:2  121:2  123:2  125:1  126:1  128:1  129:1  131:1  132:2  134:1  135:1  136:1  137:3  138:1  139:1  141:2  145:1  152:1  154:1  156:1  159:3  165:1  168:1  174:1  175:1  179:1  181:1  199:1  201:1  202:1  204:1  207:1  216:1  217:1  219:1  233:1
1463.523403,9.522977,619.955892
[PASSED]
[time 2.68 s, user 2.53 s, sys 0.14 s, maxrss 181184 KB]
[busy 284 jiffies]
[exit 0]
--- c2 case 1 rec 0   load 0.70 0.83 0.88
[TEST C2-CoCo(LOUDS-Sparse)]
Processing dataset...
Done!
Building trie...
Done!
build time: 2117.140871 ms (2117.140871 ns per key)
space cost: 12.265971 MB (61.291488% of original size 20.012519 MB)
Querying trie...
Done!
total time: 732.721235 ms, avg latency: 732.721235 ns
topology: 0.432648 MB, link: 3.282862 MB, data: 8.550461 MB
2117.140871,12.265971,732.721235
[PASSED]
[time 3.42 s, user 3.24 s, sys 0.16 s, maxrss 357924 KB]
[busy 356 jiffies]
[exit 0]
--- c2 case 1 rec 1   load 0.73 0.83 0.88
[TEST C2-CoCo(LOUDS-Sparse)]
Processing dataset...
Done!
Building trie...
trie size: 3.096522 MB
Done!
build time: 2435.190134 ms (2435.190134 ns per key)
space cost: 10.462785 MB (52.281201% of original size 20.012519 MB)
Querying trie...
Done!
total time: 869.496553 ms, avg latency: 869.496553 ns
topology: 0.833210 MB, link: 3.468150 MB, data: 6.161425 MB
2435.190134,10.462785,869.496553
[PASSED]
[time 3.89 s, user 3.70 s, sys 0.17 s, maxrss 344720 KB]
[busy 406 jiffies]
[exit 0]
--- c2 case 1 rec 2   load 0.75 0.83 0.88
[TEST C2-CoCo(LOUDS-Sparse)]
Processing dataset...
Done!
Building trie...
trie size: 3.096522 MB
trie size: 0.887704 MB
Done!
build time: 2529.433540 ms (2529.433540 ns per key)
space cost: 10.462785 MB (52.281201% of original size 20.012519 MB)
Querying trie...
Done!
total time: 868.771710 ms, avg latency: 868.771710 ns
topology: 0.833210 MB, link: 3.468150 MB, data: 6.161425 MB
2529.433540,10.462785,868.771710
[PASSED]
[time 3.98 s, user 3.76 s, sys 0.20 s, maxrss 344840 KB]
[busy 415 jiffies]
[exit 0]
--- c2 case 2 rec 0   load 0.77 0.84 0.88
[TEST C2-MARISA]
Processing dataset...
Done!
Building trie...
trie size: 2.238578 MB
Done!
build time: 1029.810107 ms (1029.810107 ns per key)
space cost: 10.766413 MB (53.798389% of original size 20.012519 MB)
Querying trie...
Done!
total time: 374.264987 ms, avg latency: 374.264987 ns
topology: 0.741383 MB, link: 2.768053 MB, data: 7.236469 MB
--- Unary Path Analysis (Marisa, cutoff=3) ---
  branches: 1523874  |  single-char: 417651 (27.4%)  short-unary: 97461 (6.4%)  links: 1008762 (66.2%)
  link len: avg=12.11  max=234  total_chars=12215333
  link length distribution (len:count):  3:76859  4:82017  5:81216  6:79010  7:72564  8:64127  9:55531  10:50303  11:44703  12:39548  13:35394  14:31778  15:31462  16:28952  17:25995  18:23521  19:19840  20:18044  21:16382  22:14569  23:12399  24:11015  25:9715  26:8556  27:8141  28:7267  29:6255  30:5853  31:5207  32:4578  33:4049  34:3736  35:3293  36:2910  37:2688  38:2423  39:2074  40:1908  41:1670  42:1511  43:1333  44:1158  45:939  46:855  47:728  48:689  49:615  50:544  51:465  52:457  53:344  54:344  55:284  56:276  57:242  58:216  59:216  60:177  61:159  62:140  63:127  64:109  65:95  66:79  67:80  68:79  69:75  70:69  71:69  72:55  73:51  74:42  75:46  76:42  77:35  78:41  79:38  80:39  81:21  82:18  83:21  84:19  85:14  86:18  87:14  88:15  89:11  90:14  91:13  92:7  93:5  94:8  95:7  96:5  97:9  98:8  99:5  100:7  101:11  102:5  103:6  104:3  105:3  106:3  107:5  108:4  109:5  110:1  111:2  112:6  113:1  114:1  115:1  116:4  117:1  119:1  120:2  122:2  124:2  126:1  127:1  129:1  130:1  132:1  133:2  135:1  136:1  137:1  138:3  139:1  140:1  142:2  146:1  153:1  155:1  157:1  160:3  166:1  169:1  175:1  176:1  180:1  182:1  200:1  202:1  203:1  205:1  208:1  217:1  218:1  220:1  234:1
  short unary avg len: 2.00
1029.810107,10.766413,374.264987
[PASSED]
[time 1.97 s, user 1.83 s, sys 0.13 s, maxrss 201732 KB]
[busy 208 jiffies]
[exit 0]
--- c2 case 2 rec 1   load 0.77 0.84 0.88
[TEST C2-MARISA]
Processing dataset...
Done!
Building trie...
trie size: 2.238578 MB
trie size: 3.821277 MB
Done!
build time: 1410.268315 ms (1410.268315 ns per key)
space cost: 8.586061 MB (42.903452% of original size 20.012519 MB)
Querying trie...
Done!
total time: 500.904320 ms, avg latency: 500.904320 ns
topology: 1.213478 MB, link: 2.963206 MB, data: 4.388869 MB
--- Unary Path Analysis (Marisa, cutoff=3) ---
  branches: 1523874  |  single-char: 417651 (27.4%)  short-unary: 97461 (6.4%)  links: 1008762 (66.2%)
  link len: avg=12.11  max=234  total_chars=12215333
  link length distribution (len:count):  3:76859  4:82017  5:81216  6:79010  7:72564  8:64127  9:55531  10:50303  11:44703  12:39548  13:35394  14:31778  15:31462  16:28952  17:25995  18:23521  19:19840  20:18044  21:16382  22:14569  23:12399  24:11015  25:9715  26:8556  27:8141  28:7267  29:6255  30:5853  31:5207  32:4578  33:4049  34:3736  35:3293  36:2910  37:2688  38:2423  39:2074  40:1908  41:1670  42:1511  43:1333  44:1158  45:939  46:855  47:728  48:689  49:615  50:544  51:465  52:457  53:344  54:344  55:284  56:276  57:242  58:216  59:216  60:177  61:159  62:140  63:127  64:109  65:95  66:79  67:80  68:79  69:75  70:69  71:69  72:55  73:51  74:42  75:46  76:42  77:35  78:41  79:38  80:39  81:21  82:18  83:21  84:19  85:14  86:18  87:14  88:15  89:11  90:14  91:13  92:7  93:5  94:8  95:7  96:5  97:9  98:8  99:5  100:7  101:11  102:5  103:6  104:3  105:3  106:3  107:5  108:4  109:5  110:1  111:2  112:6  113:1  114:1  115:1  116:4  117:1  119:1  120:2  122:2  124:2  126:1  127:1  129:1  130:1  132:1  133:2  135:1  136:1  137:1  138:3  139:1  140:1  142:2  146:1  153:1  155:1  157:1  160:3  166:1  169:1  175:1  176:1  180:1  182:1  200:1  202:1  203:1  205:1  208:1  217:1  218:1  220:1  234:1
  short unary avg len: 2.00
1410.268315,8.586061,500.904320
[PASSED]
[time 2.49 s, user 2.32 s, sys 0.15 s, maxrss 197064 KB]
[busy 265 jiffies]
[exit 0]
--- c2 case 2 rec 2   load 0.79 0.84 0.88
[TEST C2-MARISA]
Processing dataset...
Done!
Building trie...
trie size: 2.238578 MB
trie size: 3.821277 MB
trie size: 1.037524 MB
Done!
build time: 1527.605273 ms (1527.605273 ns per key)
space cost: 8.586061 MB (42.903452% of original size 20.012519 MB)
Querying trie...
Done!
total time: 503.137158 ms, avg latency: 503.137158 ns
topology: 1.213478 MB, link: 2.963206 MB, data: 4.388869 MB
--- Unary Path Analysis (Marisa, cutoff=3) ---
  branches: 1523874  |  single-char: 417651 (27.4%)  short-unary: 97461 (6.4%)  links: 1008762 (66.2%)
  link len: avg=12.11  max=234  total_chars=12215333
  link length distribution (len:count):  3:76859  4:82017  5:81216  6:79010  7:72564  8:64127  9:55531  10:50303  11:44703  12:39548  13:35394  14:31778  15:31462  16:28952  17:25995  18:23521  19:19840  20:18044  21:16382  22:14569  23:12399  24:11015  25:9715  26:8556  27:8141  28:7267  29:6255  30:5853  31:5207  32:4578  33:4049  34:3736  35:3293  36:2910  37:2688  38:2423  39:2074  40:1908  41:1670  42:1511  43:1333  44:1158  45:939  46:855  47:728  48:689  49:615  50:544  51:465  52:457  53:344  54:344  55:284  56:276  57:242  58:216  59:216  60:177  61:159  62:140  63:127  64:109  65:95  66:79  67:80  68:79  69:75  70:69  71:69  72:55  73:51  74:42  75:46  76:42  77:35  78:41  79:38  80:39  81:21  82:18  83:21  84:19  85:14  86:18  87:14  88:15  89:11  90:14  91:13  92:7  93:5  94:8  95:7  96:5  97:9  98:8  99:5  100:7  101:11  102:5  103:6  104:3  105:3  106:3  107:5  108:4  109:5  110:1  111:2  112:6  113:1  114:1  115:1  116:4  117:1  119:1  120:2  122:2  124:2  126:1  127:1  129:1  130:1  132:1  133:2  135:1  136:1  137:1  138:3  139:1  140:1  142:2  146:1  153:1  155:1  157:1  160:3  166:1  169:1  175:1  176:1  180:1  182:1  200:1  202:1  203:1  205:1  208:1  217:1  218:1  220:1  234:1
  short unary avg len: 2.00
1527.605273,8.586061,503.137158
[PASSED]
[time 2.61 s, user 2.44 s, sys 0.15 s, maxrss 197004 KB]
[busy 274 jiffies]
[exit 0]
--- c2 case 3 rec 0   load 0.81 0.84 0.88
[TEST FST]
Processing dataset...
Done!
Building trie...
Done!
build time: 792.768120 ms (792.768120 ns per key)
space cost: 12.223534 MB (61.079436% of original size 20.012519 MB)
Querying trie...
Done!
total time: 684.334549 ms, avg latency: 684.334549 ns
not implemented
792.768120,12.223534,684.334549
[PASSED]
[time 2.06 s, user 1.96 s, sys 0.08 s, maxrss 131184 KB]
[busy 215 jiffies]
[exit 0]
--- c2 case 4 rec 0   skipped: exit 134 in round 1
--- c2 case 5 rec 0   load 0.81 0.84 0.88
[TEST MARISA]
Processing dataset...
Done!
Building trie...
Done!
build time: 605.321031 ms (605.321031 ns per key)
space cost: 12.537066 MB (62.646119% of original size 20.012519 MB)
Querying trie...
Done!
total time: 506.065763 ms, avg latency: 506.065763 ns
not implemented
605.321031,12.537066,506.065763
[PASSED]
[time 1.70 s, user 1.57 s, sys 0.12 s, maxrss 194912 KB]
[busy 180 jiffies]
[exit 0]
--- c2 case 5 rec 1   load 0.74 0.83 0.88
[TEST MARISA]
Processing dataset...
Done!
Building trie...
Done!
build time: 770.757505 ms (770.757505 ns per key)
space cost: 8.680676 MB (43.376231% of original size 20.012519 MB)
Querying trie...
Done!
total time: 774.013055 ms, avg latency: 774.013055 ns
not implemented
770.757505,8.680676,774.013055
[PASSED]
[time 2.13 s, user 1.99 s, sys 0.13 s, maxrss 195340 KB]
[busy 225 jiffies]
[exit 0]
--- c2 case 5 rec 2   load 0.76 0.83 0.88
[TEST MARISA]
Processing dataset...
Done!
Building trie...
Done!
build time: 824.400041 ms (824.400041 ns per key)
space cost: 7.806685 MB (39.009010% of original size 20.012519 MB)
Querying trie...
Done!
total time: 895.923750 ms, avg latency: 895.923750 ns
not implemented
824.400041,7.806685,895.923750
[PASSED]
[time 2.30 s, user 2.15 s, sys 0.13 s, maxrss 194852 KB]
[busy 241 jiffies]
[exit 0]
--- c2 case 6 rec 0   load 0.76 0.83 0.88
[TEST PDT]
Processing dataset...
Done!
Building trie...
dict size: 157446, stream size: 7395682
Done!
build time: 3427.460885 ms (3427.460885 ns per key)
space cost: 8.479283 MB (42.369895% of original size 20.012519 MB)
Querying trie...
Done!
total time: 650.105826 ms, avg latency: 650.105826 ns
not implemented
3427.460885,8.479283,650.105826
[PASSED]
[time 4.65 s, user 4.46 s, sys 0.17 s, maxrss 256796 KB]
[busy 483 jiffies]
[exit 0]
--- c2 case 7 rec 0   load 0.78 0.83 0.88
[TEST ART]
Processing dataset...
Done!
Building trie...
Done!
build time: 158.780483 ms (158.780483 ns per key)
space cost: 32.696541 MB (163.380437% of original size 20.012519 MB)
Querying trie...
Done!
total time: 395.082960 ms, avg latency: 395.082960 ns
not implemented
158.780483,32.696541,395.082960
[PASSED]
[time 1.15 s, user 1.05 s, sys 0.09 s, maxrss 176520 KB]
[busy 125 jiffies]
[exit 0]
--- c2 case 8 rec 0   load 0.80 0.84 0.88
[TEST CART]
Processing dataset...
Done!
Building trie...
Done!
build time: 209.099040 ms (209.099040 ns per key)
space cost: 14.850546 MB (74.206280% of original size 20.012519 MB)
Querying trie...
Done!
total time: 453.193254 ms, avg latency: 453.193254 ns
not implemented
209.099040,14.850546,453.193254
[PASSED]
[time 1.25 s, user 1.14 s, sys 0.10 s, maxrss 163708 KB]
[busy 134 jiffies]
[exit 0]
--- xcdat 7   load 0.80 0.84 0.88
build time: 638.890184 ms
space cost: 14.813288 MiB (74.020106% of original size 20.012519 MiB)
avg latency: 279.805433 ns
638.890184,14.813288,279.805433
[time 1.51 s, user 1.41 s, sys 0.09 s, maxrss 161736 KB]
[busy 161 jiffies]
[exit 0]
--- xcdat 8   load 0.81 0.84 0.88
build time: 608.126454 ms
space cost: 14.333878 MiB (71.624555% of original size 20.012519 MiB)
avg latency: 260.211630 ns
608.126454,14.333878,260.211630
[time 1.46 s, user 1.34 s, sys 0.11 s, maxrss 160948 KB]
[busy 156 jiffies]
[exit 0]
--- xcdat 15   load 0.81 0.84 0.88
build time: 636.562659 ms
space cost: 16.333202 MiB (81.614925% of original size 20.012519 MiB)
avg latency: 256.128305 ns
636.562659,16.333202,256.128305
[time 1.49 s, user 1.37 s, sys 0.11 s, maxrss 163552 KB]
[busy 159 jiffies]
[exit 0]
--- xcdat 16   load 0.83 0.84 0.88
build time: 606.747012 ms
space cost: 16.875467 MiB (84.324554% of original size 20.012519 MiB)
avg latency: 261.679691 ns
606.747012,16.875467,261.679691
[time 1.46 s, user 1.35 s, sys 0.10 s, maxrss 164428 KB]
[busy 156 jiffies]
[exit 0]

##### titles-ru-1000000 (1000000 lines, 36819661 bytes)   round 3/3   2026-09-23T22:02:58+03:00
--- lexindex dict32   load 0.83 0.84 0.88
1000000 keys
lexindex DictIndex block 32: build 687 ms, size 6.963 MiB (7.302 B/key), latency cold 486.2 ns, then mean 479.5 / min 475.8 ns
687.179,6.963340,486.244
[time 3.21 s, user 5.15 s, sys 0.34 s, maxrss 300756 KB]
[busy 580 jiffies]
[exit 0]
--- lexindex dict256   load 0.84 0.85 0.88
1000000 keys
lexindex DictIndex block 256: build 689 ms, size 6.544 MiB (6.862 B/key), latency cold 519.2 ns, then mean 527.1 / min 523.0 ns
689.367,6.543816,519.210
[time 3.39 s, user 5.42 s, sys 0.34 s, maxrss 300544 KB]
[busy 604 jiffies]
[exit 0]
--- lexindex dict1024   load 0.86 0.85 0.88
1000000 keys
lexindex DictIndex block 1024: build 712 ms, size 6.388 MiB (6.698 B/key), latency cold 581.0 ns, then mean 576.8 / min 571.2 ns
711.928,6.387671,581.011
[time 3.62 s, user 4.82 s, sys 0.28 s, maxrss 300908 KB]
[busy 539 jiffies]
[exit 0]
--- lexindex string   load 0.87 0.85 0.88
1000000 keys
lexindex StringIndex: build 1489 ms, size 30.276 MiB (31.746 B/key), latency cold 539.6 ns, then mean 539.3 / min 538.7 ns
1488.919,30.275526,539.581
[time 4.22 s, user 4.10 s, sys 0.10 s, maxrss 213244 KB]
[busy 447 jiffies]
[exit 0]
--- lexindex hashed0   load 0.88 0.85 0.88
1000000 keys
lexindex HashedDictIndex closed: build 866 ms, size 9.157 MiB (9.602 B/key), latency cold 54.7 ns, then mean 51.8 / min 51.0 ns
866.008,9.157313,54.693
[time 1.67 s, user 3.79 s, sys 0.33 s, maxrss 302936 KB]
[busy 434 jiffies]
[exit 0]
--- lexindex hashed8   load 0.81 0.84 0.88
1000000 keys
lexindex HashedDictIndex fp=8: build 872 ms, size 10.111 MiB (10.602 B/key), latency cold 63.1 ns, then mean 62.9 / min 61.9 ns
871.840,10.110988,63.143
[time 1.71 s, user 3.82 s, sys 0.34 s, maxrss 304628 KB]
[busy 444 jiffies]
[exit 0]
--- lexindex hashed16   load 0.81 0.84 0.88
1000000 keys
lexindex HashedDictIndex fp=16: build 863 ms, size 11.065 MiB (11.602 B/key), latency cold 64.2 ns, then mean 62.2 / min 61.3 ns
863.412,11.064662,64.218
[time 1.71 s, user 3.83 s, sys 0.32 s, maxrss 304488 KB]
[busy 436 jiffies]
[exit 0]
--- c2 case 0 rec 0   load 0.82 0.84 0.88
[TEST C2-FST]
Processing dataset...
Done!
Building trie...
Done!
build time: 1260.073432 ms (1260.073432 ns per key)
space cost: 13.454716 MB (39.387006% of original size 34.160291 MB)
Querying trie...
Done!
total time: 734.306365 ms, avg latency: 734.306365 ns
topology: 1.316696 MB, link: 2.448647 MB, data: 9.689372 MB
--- Unary Path Analysis (FST, cutoff=4) ---
  shared unary steps in main trie: 1444849
  terminal suffixes: inplace=70261 (avg len=2.02)  links=837902 (92.3% of terminal)
  link len: avg=18.90  max=238  total_chars=15835418
  link length distribution (len:count):  4:38002  5:25136  6:46678  7:25626  8:51081  9:27061  10:49555  11:26346  12:44099  13:24737  14:35638  15:24081  16:29538  17:19279  18:25434  19:16078  20:16463  21:14405  22:12877  23:14367  24:11738  25:15079  26:11391  27:16946  28:11354  29:17411  30:12058  31:16873  32:11600  33:15555  34:11210  35:12790  36:9994  37:10106  38:7923  39:7962  40:6648  41:5829  42:4930  43:4945  44:3895  45:3528  46:3382  47:2749  48:2598  49:2269  50:2117  51:1901  52:1753  53:1665  54:1553  55:1449  56:1305  57:1145  58:1092  59:1004  60:875  61:848  62:788  63:815  64:741  65:605  66:640  67:594  68:554  69:512  70:530  71:482  72:415  73:428  74:424  75:368  76:310  77:349  78:289  79:299  80:274  81:267  82:209  83:198  84:204  85:187  86:188  87:169  88:154  89:148  90:143  91:149  92:108  93:110  94:105  95:111  96:95  97:79  98:91  99:85  100:98  101:68  102:61  103:57  104:50  105:52  106:54  107:61  108:50  109:62  110:44  111:43  112:42  113:44  114:37  115:29  116:42  117:29  118:35  119:28  120:37  121:28  122:24  123:19  124:19  125:31  126:29  127:26  128:15  129:19  130:30  131:11  132:22  133:9  134:11  135:14  136:17  137:15  138:6  139:7  140:14  141:16  142:8  143:9  144:14  145:12  146:8  147:11  148:7  149:9  150:6  151:12  152:9  153:13  154:7  155:5  156:6  157:3  158:8  159:4  160:7  161:11  162:5  163:11  164:3  165:5  166:7  167:4  168:4  169:6  170:3  171:4  172:3  173:9  174:4  175:1  176:4  177:5  178:6  179:4  180:4  181:2  182:6  183:7  184:4  185:2  186:3  187:2  188:2  190:1  191:1  192:3  193:3  194:2  196:2  197:2  198:4  200:1  202:1  205:2  207:2  208:1  210:2  212:2  213:1  217:2  218:2  220:1  222:1  228:2  234:1  239:1
1260.073432,13.454716,734.306365
[PASSED]
[time 2.71 s, user 2.56 s, sys 0.13 s, maxrss 226608 KB]
[busy 284 jiffies]
[exit 0]
--- c2 case 0 rec 1   load 0.82 0.84 0.88
[TEST C2-FST]
Processing dataset...
Done!
Building trie...
trie size: 3.233313 MB
Done!
build time: 1669.864960 ms (1669.864960 ns per key)
space cost: 10.950089 MB (32.055021% of original size 34.160291 MB)
Querying trie...
Done!
total time: 743.231663 ms, avg latency: 743.231663 ns
topology: 1.728611 MB, link: 2.656099 MB, data: 6.565378 MB
--- Unary Path Analysis (FST, cutoff=4) ---
  shared unary steps in main trie: 1444849
  terminal suffixes: inplace=70261 (avg len=2.02)  links=837902 (92.3% of terminal)
  link len: avg=18.90  max=238  total_chars=15835418
  link length distribution (len:count):  4:38002  5:25136  6:46678  7:25626  8:51081  9:27061  10:49555  11:26346  12:44099  13:24737  14:35638  15:24081  16:29538  17:19279  18:25434  19:16078  20:16463  21:14405  22:12877  23:14367  24:11738  25:15079  26:11391  27:16946  28:11354  29:17411  30:12058  31:16873  32:11600  33:15555  34:11210  35:12790  36:9994  37:10106  38:7923  39:7962  40:6648  41:5829  42:4930  43:4945  44:3895  45:3528  46:3382  47:2749  48:2598  49:2269  50:2117  51:1901  52:1753  53:1665  54:1553  55:1449  56:1305  57:1145  58:1092  59:1004  60:875  61:848  62:788  63:815  64:741  65:605  66:640  67:594  68:554  69:512  70:530  71:482  72:415  73:428  74:424  75:368  76:310  77:349  78:289  79:299  80:274  81:267  82:209  83:198  84:204  85:187  86:188  87:169  88:154  89:148  90:143  91:149  92:108  93:110  94:105  95:111  96:95  97:79  98:91  99:85  100:98  101:68  102:61  103:57  104:50  105:52  106:54  107:61  108:50  109:62  110:44  111:43  112:42  113:44  114:37  115:29  116:42  117:29  118:35  119:28  120:37  121:28  122:24  123:19  124:19  125:31  126:29  127:26  128:15  129:19  130:30  131:11  132:22  133:9  134:11  135:14  136:17  137:15  138:6  139:7  140:14  141:16  142:8  143:9  144:14  145:12  146:8  147:11  148:7  149:9  150:6  151:12  152:9  153:13  154:7  155:5  156:6  157:3  158:8  159:4  160:7  161:11  162:5  163:11  164:3  165:5  166:7  167:4  168:4  169:6  170:3  171:4  172:3  173:9  174:4  175:1  176:4  177:5  178:6  179:4  180:4  181:2  182:6  183:7  184:4  185:2  186:3  187:2  188:2  190:1  191:1  192:3  193:3  194:2  196:2  197:2  198:4  200:1  202:1  205:2  207:2  208:1  210:2  212:2  213:1  217:2  218:2  220:1  222:1  228:2  234:1  239:1
1669.864960,10.950089,743.231663
[PASSED]
[time 3.14 s, user 2.98 s, sys 0.14 s, maxrss 215400 KB]
[busy 327 jiffies]
[exit 0]
--- c2 case 0 rec 2   load 0.84 0.85 0.88
[TEST C2-FST]
Processing dataset...
Done!
Building trie...
trie size: 3.233313 MB
trie size: 0.910584 MB
Done!
build time: 1796.423332 ms (1796.423332 ns per key)
space cost: 10.950089 MB (32.055021% of original size 34.160291 MB)
Querying trie...
Done!
total time: 757.927678 ms, avg latency: 757.927678 ns
topology: 1.728611 MB, link: 2.656099 MB, data: 6.565378 MB
--- Unary Path Analysis (FST, cutoff=4) ---
  shared unary steps in main trie: 1444849
  terminal suffixes: inplace=70261 (avg len=2.02)  links=837902 (92.3% of terminal)
  link len: avg=18.90  max=238  total_chars=15835418
  link length distribution (len:count):  4:38002  5:25136  6:46678  7:25626  8:51081  9:27061  10:49555  11:26346  12:44099  13:24737  14:35638  15:24081  16:29538  17:19279  18:25434  19:16078  20:16463  21:14405  22:12877  23:14367  24:11738  25:15079  26:11391  27:16946  28:11354  29:17411  30:12058  31:16873  32:11600  33:15555  34:11210  35:12790  36:9994  37:10106  38:7923  39:7962  40:6648  41:5829  42:4930  43:4945  44:3895  45:3528  46:3382  47:2749  48:2598  49:2269  50:2117  51:1901  52:1753  53:1665  54:1553  55:1449  56:1305  57:1145  58:1092  59:1004  60:875  61:848  62:788  63:815  64:741  65:605  66:640  67:594  68:554  69:512  70:530  71:482  72:415  73:428  74:424  75:368  76:310  77:349  78:289  79:299  80:274  81:267  82:209  83:198  84:204  85:187  86:188  87:169  88:154  89:148  90:143  91:149  92:108  93:110  94:105  95:111  96:95  97:79  98:91  99:85  100:98  101:68  102:61  103:57  104:50  105:52  106:54  107:61  108:50  109:62  110:44  111:43  112:42  113:44  114:37  115:29  116:42  117:29  118:35  119:28  120:37  121:28  122:24  123:19  124:19  125:31  126:29  127:26  128:15  129:19  130:30  131:11  132:22  133:9  134:11  135:14  136:17  137:15  138:6  139:7  140:14  141:16  142:8  143:9  144:14  145:12  146:8  147:11  148:7  149:9  150:6  151:12  152:9  153:13  154:7  155:5  156:6  157:3  158:8  159:4  160:7  161:11  162:5  163:11  164:3  165:5  166:7  167:4  168:4  169:6  170:3  171:4  172:3  173:9  174:4  175:1  176:4  177:5  178:6  179:4  180:4  181:2  182:6  183:7  184:4  185:2  186:3  187:2  188:2  190:1  191:1  192:3  193:3  194:2  196:2  197:2  198:4  200:1  202:1  205:2  207:2  208:1  210:2  212:2  213:1  217:2  218:2  220:1  222:1  228:2  234:1  239:1
1796.423332,10.950089,757.927678
[PASSED]
[time 3.30 s, user 3.13 s, sys 0.15 s, maxrss 215364 KB]
[busy 347 jiffies]
[exit 0]
--- c2 case 1 rec 0   load 0.85 0.85 0.88
[TEST C2-CoCo(LOUDS-Sparse)]
Processing dataset...
Done!
Building trie...
Done!
build time: 3466.922424 ms (3466.922424 ns per key)
space cost: 14.618523 MB (42.793905% of original size 34.160291 MB)
Querying trie...
Done!
total time: 1000.806306 ms, avg latency: 1000.806306 ns
topology: 0.472511 MB, link: 3.816133 MB, data: 10.329878 MB
3466.922424,14.618523,1000.806306
[PASSED]
[time 5.17 s, user 4.92 s, sys 0.22 s, maxrss 445884 KB]
[busy 539 jiffies]
[exit 0]
--- c2 case 1 rec 1   load 0.86 0.85 0.88
[TEST C2-CoCo(LOUDS-Sparse)]
Processing dataset...
Done!
Building trie...
trie size: 3.233313 MB
Done!
build time: 3875.558580 ms (3875.558580 ns per key)
space cost: 12.113895 MB (35.461921% of original size 34.160291 MB)
Querying trie...
Done!
total time: 1045.779717 ms, avg latency: 1045.779717 ns
topology: 0.884426 MB, link: 4.023585 MB, data: 7.205884 MB
3875.558580,12.113895,1045.779717
[PASSED]
[time 5.63 s, user 5.36 s, sys 0.24 s, maxrss 432816 KB]
[busy 586 jiffies]
[exit 0]
--- c2 case 1 rec 2   load 0.88 0.86 0.89
[TEST C2-CoCo(LOUDS-Sparse)]
Processing dataset...
Done!
Building trie...
trie size: 3.233313 MB
trie size: 0.910584 MB
Done!
build time: 4006.540688 ms (4006.540688 ns per key)
space cost: 12.113895 MB (35.461921% of original size 34.160291 MB)
Querying trie...
Done!
total time: 1060.496661 ms, avg latency: 1060.496661 ns
topology: 0.884426 MB, link: 4.023585 MB, data: 7.205884 MB
4006.540688,12.113895,1060.496661
[PASSED]
[time 5.77 s, user 5.52 s, sys 0.23 s, maxrss 432752 KB]
[busy 602 jiffies]
[exit 0]
--- c2 case 2 rec 0   load 0.89 0.86 0.89
[TEST C2-MARISA]
Processing dataset...
Done!
Building trie...
trie size: 2.484302 MB
Done!
build time: 1222.447774 ms (1222.447774 ns per key)
space cost: 12.012337 MB (35.164621% of original size 34.160291 MB)
Querying trie...
Done!
total time: 529.594281 ms, avg latency: 529.594281 ns
topology: 0.823292 MB, link: 2.965906 MB, data: 8.202631 MB
--- Unary Path Analysis (Marisa, cutoff=3) ---
  branches: 1657128  |  single-char: 447774 (27.0%)  short-unary: 128432 (7.8%)  links: 1080922 (65.2%)
  link len: avg=17.77  max=240  total_chars=19212544
  link length distribution (len:count):  3:87321  4:48292  5:58975  6:36358  7:58121  8:33015  9:59626  10:32247  11:55687  12:30072  13:49121  14:27545  15:39628  16:26319  17:32373  18:20972  19:27510  20:17247  21:17760  22:15297  23:13707  24:14933  25:12396  26:15583  27:11863  28:17395  29:11704  30:17896  31:12395  32:17216  33:11862  34:15819  35:11459  36:13046  37:10194  38:10344  39:8104  40:8139  41:6769  42:6000  43:5033  44:5077  45:3963  46:3720  47:3456  48:2871  49:2663  50:2321  51:2168  52:1981  53:1813  54:1693  55:1597  56:1488  57:1344  58:1172  59:1122  60:1025  61:904  62:871  63:814  64:834  65:767  66:626  67:663  68:607  69:568  70:524  71:545  72:489  73:428  74:436  75:441  76:375  77:319  78:357  79:299  80:304  81:282  82:274  83:213  84:203  85:208  86:189  87:193  88:179  89:159  90:153  91:146  92:153  93:110  94:115  95:107  96:113  97:98  98:81  99:92  100:91  101:100  102:69  103:62  104:60  105:53  106:53  107:55  108:63  109:50  110:63  111:44  112:45  113:43  114:49  115:38  116:32  117:45  118:31  119:36  120:28  121:37  122:28  123:24  124:20  125:19  126:32  127:29  128:26  129:15  130:19  131:30  132:11  133:22  134:9  135:11  136:14  137:18  138:15  139:6  140:8  141:14  142:16  143:8  144:10  145:14  146:12  147:8  148:11  149:7  150:9  151:6  152:12  153:9  154:13  155:7  156:5  157:6  158:3  159:8  160:4  161:7  162:11  163:6  164:11  165:3  166:5  167:7  168:4  169:5  170:6  171:3  172:4  173:3  174:9  175:4  176:1  177:4  178:5  179:7  180:4  181:4  182:2  183:6  184:7  185:4  186:2  187:3  188:2  189:2  191:1  192:1  193:3  194:3  195:2  197:2  198:2  199:4  201:1  203:1  206:2  208:2  209:1  211:2  213:2  214:1  218:2  219:2  221:1  223:1  229:2  235:1  240:1
  short unary avg len: 2.00
1222.447774,12.012337,529.594281
[PASSED]
[time 2.45 s, user 2.30 s, sys 0.13 s, maxrss 243564 KB]
[busy 260 jiffies]
[exit 0]
--- c2 case 2 rec 1   load 0.90 0.86 0.89
[TEST C2-MARISA]
Processing dataset...
Done!
Building trie...
trie size: 2.484302 MB
trie size: 4.015308 MB
Done!
build time: 1652.678052 ms (1652.678052 ns per key)
space cost: 9.221785 MB (26.995627% of original size 34.160291 MB)
Querying trie...
Done!
total time: 407.163087 ms, avg latency: 407.163087 ns
topology: 1.302711 MB, link: 3.189349 MB, data: 4.709216 MB
--- Unary Path Analysis (Marisa, cutoff=3) ---
  branches: 1657128  |  single-char: 447774 (27.0%)  short-unary: 128432 (7.8%)  links: 1080922 (65.2%)
  link len: avg=17.77  max=240  total_chars=19212544
  link length distribution (len:count):  3:87321  4:48292  5:58975  6:36358  7:58121  8:33015  9:59626  10:32247  11:55687  12:30072  13:49121  14:27545  15:39628  16:26319  17:32373  18:20972  19:27510  20:17247  21:17760  22:15297  23:13707  24:14933  25:12396  26:15583  27:11863  28:17395  29:11704  30:17896  31:12395  32:17216  33:11862  34:15819  35:11459  36:13046  37:10194  38:10344  39:8104  40:8139  41:6769  42:6000  43:5033  44:5077  45:3963  46:3720  47:3456  48:2871  49:2663  50:2321  51:2168  52:1981  53:1813  54:1693  55:1597  56:1488  57:1344  58:1172  59:1122  60:1025  61:904  62:871  63:814  64:834  65:767  66:626  67:663  68:607  69:568  70:524  71:545  72:489  73:428  74:436  75:441  76:375  77:319  78:357  79:299  80:304  81:282  82:274  83:213  84:203  85:208  86:189  87:193  88:179  89:159  90:153  91:146  92:153  93:110  94:115  95:107  96:113  97:98  98:81  99:92  100:91  101:100  102:69  103:62  104:60  105:53  106:53  107:55  108:63  109:50  110:63  111:44  112:45  113:43  114:49  115:38  116:32  117:45  118:31  119:36  120:28  121:37  122:28  123:24  124:20  125:19  126:32  127:29  128:26  129:15  130:19  131:30  132:11  133:22  134:9  135:11  136:14  137:18  138:15  139:6  140:8  141:14  142:16  143:8  144:10  145:14  146:12  147:8  148:11  149:7  150:9  151:6  152:12  153:9  154:13  155:7  156:5  157:6  158:3  159:8  160:4  161:7  162:11  163:6  164:11  165:3  166:5  167:7  168:4  169:5  170:6  171:3  172:4  173:3  174:9  175:4  176:1  177:4  178:5  179:7  180:4  181:4  182:2  183:6  184:7  185:4  186:2  187:3  188:2  189:2  191:1  192:1  193:3  194:3  195:2  197:2  198:2  199:4  201:1  203:1  206:2  208:2  209:1  211:2  213:2  214:1  218:2  219:2  221:1  223:1  229:2  235:1  240:1
  short unary avg len: 2.00
1652.678052,9.221785,407.163087
[PASSED]
[time 2.78 s, user 2.61 s, sys 0.15 s, maxrss 227072 KB]
[busy 291 jiffies]
[exit 0]
--- c2 case 2 rec 2   load 0.83 0.85 0.88
[TEST C2-MARISA]
Processing dataset...
Done!
Building trie...
trie size: 2.484302 MB
trie size: 4.015308 MB
trie size: 1.015766 MB
Done!
build time: 1792.430296 ms (1792.430296 ns per key)
space cost: 8.714260 MB (25.509912% of original size 34.160291 MB)
Querying trie...
Done!
total time: 406.289615 ms, avg latency: 406.289615 ns
topology: 1.481594 MB, link: 3.266720 MB, data: 3.945438 MB
--- Unary Path Analysis (Marisa, cutoff=3) ---
  branches: 1657128  |  single-char: 447774 (27.0%)  short-unary: 128432 (7.8%)  links: 1080922 (65.2%)
  link len: avg=17.77  max=240  total_chars=19212544
  link length distribution (len:count):  3:87321  4:48292  5:58975  6:36358  7:58121  8:33015  9:59626  10:32247  11:55687  12:30072  13:49121  14:27545  15:39628  16:26319  17:32373  18:20972  19:27510  20:17247  21:17760  22:15297  23:13707  24:14933  25:12396  26:15583  27:11863  28:17395  29:11704  30:17896  31:12395  32:17216  33:11862  34:15819  35:11459  36:13046  37:10194  38:10344  39:8104  40:8139  41:6769  42:6000  43:5033  44:5077  45:3963  46:3720  47:3456  48:2871  49:2663  50:2321  51:2168  52:1981  53:1813  54:1693  55:1597  56:1488  57:1344  58:1172  59:1122  60:1025  61:904  62:871  63:814  64:834  65:767  66:626  67:663  68:607  69:568  70:524  71:545  72:489  73:428  74:436  75:441  76:375  77:319  78:357  79:299  80:304  81:282  82:274  83:213  84:203  85:208  86:189  87:193  88:179  89:159  90:153  91:146  92:153  93:110  94:115  95:107  96:113  97:98  98:81  99:92  100:91  101:100  102:69  103:62  104:60  105:53  106:53  107:55  108:63  109:50  110:63  111:44  112:45  113:43  114:49  115:38  116:32  117:45  118:31  119:36  120:28  121:37  122:28  123:24  124:20  125:19  126:32  127:29  128:26  129:15  130:19  131:30  132:11  133:22  134:9  135:11  136:14  137:18  138:15  139:6  140:8  141:14  142:16  143:8  144:10  145:14  146:12  147:8  148:11  149:7  150:9  151:6  152:12  153:9  154:13  155:7  156:5  157:6  158:3  159:8  160:4  161:7  162:11  163:6  164:11  165:3  166:5  167:7  168:4  169:5  170:6  171:3  172:4  173:3  174:9  175:4  176:1  177:4  178:5  179:7  180:4  181:4  182:2  183:6  184:7  185:4  186:2  187:3  188:2  189:2  191:1  192:1  193:3  194:3  195:2  197:2  198:2  199:4  201:1  203:1  206:2  208:2  209:1  211:2  213:2  214:1  218:2  219:2  221:1  223:1  229:2  235:1  240:1
  short unary avg len: 2.00
1792.430296,8.714260,406.289615
[PASSED]
[time 2.91 s, user 2.75 s, sys 0.14 s, maxrss 226972 KB]
[busy 307 jiffies]
[exit 0]
--- c2 case 3 rec 0   load 0.83 0.85 0.88
[TEST FST]
Processing dataset...
Done!
Building trie...
Done!
build time: 1149.959021 ms (1149.959021 ns per key)
space cost: 15.406425 MB (45.100393% of original size 34.160291 MB)
Querying trie...
Done!
total time: 1216.937827 ms, avg latency: 1216.937827 ns
not implemented
1149.959021,15.406425,1216.937827
[PASSED]
[time 3.09 s, user 2.97 s, sys 0.10 s, maxrss 177168 KB]
[busy 326 jiffies]
[exit 0]
--- c2 case 4 rec 0   skipped: exit 134 in round 1
--- c2 case 5 rec 0   load 0.84 0.85 0.88
[TEST MARISA]
Processing dataset...
Done!
Building trie...
Done!
build time: 766.196672 ms (766.196672 ns per key)
space cost: 14.925114 MB (43.691413% of original size 34.160291 MB)
Querying trie...
Done!
total time: 690.687020 ms, avg latency: 690.687020 ns
not implemented
766.196672,14.925114,690.687020
[PASSED]
[time 2.17 s, user 2.00 s, sys 0.15 s, maxrss 231328 KB]
[busy 230 jiffies]
[exit 0]
--- c2 case 5 rec 1   load 0.86 0.85 0.88
[TEST MARISA]
Processing dataset...
Done!
Building trie...
Done!
build time: 951.216709 ms (951.216709 ns per key)
space cost: 9.445531 MB (27.650616% of original size 34.160291 MB)
Querying trie...
Done!
total time: 1067.248584 ms, avg latency: 1067.248584 ns
not implemented
951.216709,9.445531,1067.248584
[PASSED]
[time 2.71 s, user 2.55 s, sys 0.15 s, maxrss 231268 KB]
[busy 287 jiffies]
[exit 0]
--- c2 case 5 rec 2   load 0.79 0.84 0.88
[TEST MARISA]
Processing dataset...
Done!
Building trie...
Done!
build time: 1011.987845 ms (1011.987845 ns per key)
space cost: 8.209226 MB (24.031487% of original size 34.160291 MB)
Querying trie...
Done!
total time: 1252.102799 ms, avg latency: 1252.102799 ns
not implemented
1011.987845,8.209226,1252.102799
[PASSED]
[time 2.95 s, user 2.79 s, sys 0.14 s, maxrss 231296 KB]
[busy 311 jiffies]
[exit 0]
--- c2 case 6 rec 0   load 0.79 0.84 0.88
[TEST PDT]
Processing dataset...
Done!
Building trie...
dict size: 149058, stream size: 8676288
Done!
build time: 2756.279741 ms (2756.279741 ns per key)
space cost: 9.692565 MB (28.373778% of original size 34.160291 MB)
Querying trie...
Done!
total time: 771.318289 ms, avg latency: 771.318289 ns
not implemented
2756.279741,9.692565,771.318289
[PASSED]
[time 4.25 s, user 4.03 s, sys 0.21 s, maxrss 238304 KB]
[busy 446 jiffies]
[exit 0]
--- c2 case 7 rec 0   load 0.80 0.84 0.88
[TEST ART]
Processing dataset...
Done!
Building trie...
Done!
build time: 233.546436 ms (233.546436 ns per key)
space cost: 37.032776 MB (108.408843% of original size 34.160291 MB)
Querying trie...
Done!
total time: 561.158544 ms, avg latency: 561.158544 ns
not implemented
233.546436,37.032776,561.158544
[PASSED]
[time 1.53 s, user 1.39 s, sys 0.12 s, maxrss 239288 KB]
[busy 165 jiffies]
[exit 0]
--- c2 case 8 rec 0   load 0.82 0.84 0.88
[TEST CART]
Processing dataset...
Done!
Building trie...
Done!
build time: 289.964089 ms (289.964089 ns per key)
space cost: 17.935776 MB (52.504752% of original size 34.160291 MB)
Querying trie...
Done!
total time: 642.101410 ms, avg latency: 642.101410 ns
not implemented
289.964089,17.935776,642.101410
[PASSED]
[time 1.67 s, user 1.54 s, sys 0.12 s, maxrss 228476 KB]
[busy 178 jiffies]
[exit 0]
--- xcdat 7   load 0.82 0.84 0.88
build time: 826.129463 ms
space cost: 18.793670 MiB (55.016129% of original size 34.160291 MiB)
avg latency: 400.504922 ns
826.129463,18.793670,400.504922
[time 1.94 s, user 1.79 s, sys 0.14 s, maxrss 207344 KB]
[busy 208 jiffies]
[exit 0]
--- xcdat 8   load 0.84 0.85 0.88
build time: 775.527863 ms
space cost: 18.486019 MiB (54.115521% of original size 34.160291 MiB)
avg latency: 386.431005 ns
775.527863,18.486019,386.431005
[time 1.88 s, user 1.72 s, sys 0.14 s, maxrss 207452 KB]
[busy 198 jiffies]
[exit 0]
--- xcdat 15   load 0.77 0.83 0.88
build time: 822.184586 ms
space cost: 22.013930 MiB (64.443041% of original size 34.160291 MiB)
avg latency: 370.629563 ns
822.184586,22.013930,370.629563
[time 1.91 s, user 1.75 s, sys 0.15 s, maxrss 213128 KB]
[busy 202 jiffies]
[exit 0]
--- xcdat 16   load 0.77 0.83 0.88
build time: 774.218732 ms
space cost: 22.860906 MiB (66.922456% of original size 34.160291 MiB)
avg latency: 376.721985 ns
774.218732,22.860906,376.721985
[time 1.87 s, user 1.71 s, sys 0.15 s, maxrss 213548 KB]
[busy 198 jiffies]
[exit 0]

##### titles-zh-1000000 (1000000 lines, 17871822 bytes)   round 3/3   2026-09-23T22:04:45+03:00
--- lexindex dict32   load 0.79 0.84 0.88
1000000 keys
lexindex DictIndex block 32: build 510 ms, size 5.823 MiB (6.105 B/key), latency cold 397.4 ns, then mean 395.7 / min 394.7 ns
510.342,5.822630,397.354
[time 2.61 s, user 3.89 s, sys 0.32 s, maxrss 251544 KB]
[busy 443 jiffies]
[exit 0]
--- lexindex dict256   load 0.79 0.84 0.88
1000000 keys
lexindex DictIndex block 256: build 526 ms, size 5.580 MiB (5.851 B/key), latency cold 442.8 ns, then mean 432.6 / min 430.7 ns
526.273,5.580144,442.820
[time 2.78 s, user 4.10 s, sys 0.37 s, maxrss 252184 KB]
[busy 473 jiffies]
[exit 0]
--- lexindex dict1024   load 0.80 0.84 0.88
1000000 keys
lexindex DictIndex block 1024: build 532 ms, size 5.423 MiB (5.687 B/key), latency cold 517.8 ns, then mean 515.9 / min 514.6 ns
532.422,5.423172,517.769
[time 3.11 s, user 3.80 s, sys 0.27 s, maxrss 246112 KB]
[busy 433 jiffies]
[exit 0]
--- lexindex string   load 0.82 0.84 0.88
1000000 keys
lexindex StringIndex: build 768 ms, size 16.712 MiB (17.523 B/key), latency cold 295.4 ns, then mean 277.7 / min 273.3 ns
767.646,16.711605,295.366
[time 2.40 s, user 2.30 s, sys 0.08 s, maxrss 152640 KB]
[busy 255 jiffies]
[exit 0]
--- lexindex hashed0   load 0.83 0.84 0.88
1000000 keys
lexindex HashedDictIndex closed: build 645 ms, size 8.194 MiB (8.592 B/key), latency cold 38.1 ns, then mean 32.5 / min 32.1 ns
644.814,8.193651,38.104
[time 1.28 s, user 2.63 s, sys 0.34 s, maxrss 255324 KB]
[busy 314 jiffies]
[exit 0]
--- lexindex hashed8   load 0.83 0.84 0.88
1000000 keys
lexindex HashedDictIndex fp=8: build 645 ms, size 9.147 MiB (9.592 B/key), latency cold 39.9 ns, then mean 38.0 / min 37.8 ns
644.627,9.147326,39.886
[time 1.31 s, user 2.66 s, sys 0.37 s, maxrss 256308 KB]
[busy 325 jiffies]
[exit 0]
--- lexindex hashed16   load 0.77 0.83 0.88
1000000 keys
lexindex HashedDictIndex fp=16: build 639 ms, size 10.101 MiB (10.592 B/key), latency cold 40.8 ns, then mean 38.6 / min 38.5 ns
638.698,10.101000,40.783
[time 1.30 s, user 2.70 s, sys 0.34 s, maxrss 256408 KB]
[busy 321 jiffies]
[exit 0]
--- c2 case 0 rec 0   load 0.77 0.83 0.88
[TEST C2-FST]
Processing dataset...
Done!
Building trie...
Done!
build time: 665.281663 ms (665.281663 ns per key)
space cost: 9.315402 MB (57.894796% of original size 16.090223 MB)
Querying trie...
Done!
total time: 427.686206 ms, avg latency: 427.686206 ns
topology: 1.013481 MB, link: 1.860200 MB, data: 6.441721 MB
--- Unary Path Analysis (FST, cutoff=4) ---
  shared unary steps in main trie: 533155
  terminal suffixes: inplace=237541 (avg len=1.85)  links=651614 (73.3% of terminal)
  link len: avg=9.49  max=219  total_chars=6184530
  link length distribution (len:count):  4:101787  5:75109  6:33236  7:70197  8:54797  9:28682  10:45020  11:39800  12:18111  13:26128  14:25316  15:13287  16:18412  17:17629  18:7811  19:11663  20:10322  21:4897  22:7909  23:6587  24:3201  25:5027  26:3953  27:2124  28:3009  29:2707  30:1318  31:2090  32:1807  33:932  34:1302  35:1246  36:576  37:856  38:792  39:335  40:596  41:485  42:228  43:398  44:289  45:126  46:187  47:184  48:83  49:123  50:115  51:56  52:76  53:79  54:43  55:73  56:58  57:28  58:35  59:27  60:9  61:32  62:19  63:18  64:20  65:11  66:19  67:16  68:13  69:6  70:14  71:16  72:6  73:9  74:5  75:5  76:7  77:5  78:2  79:17  80:2  81:7  82:8  83:7  84:3  85:7  86:7  87:3  88:3  89:2  90:4  91:3  92:3  93:1  94:1  95:3  96:5  97:1  98:4  101:2  102:1  103:1  104:1  106:2  107:1  112:2  113:1  115:1  116:1  120:1  121:1  122:1  124:1  130:1  138:1  148:1  151:1  155:2  184:1  188:1  204:1  220:1
665.281663,9.315402,427.686206
[PASSED]
[time 1.58 s, user 1.46 s, sys 0.10 s, maxrss 186212 KB]
[busy 171 jiffies]
[exit 0]
--- c2 case 0 rec 1   load 0.71 0.82 0.87
[TEST C2-FST]
Processing dataset...
Done!
Building trie...
trie size: 2.382156 MB
Done!
build time: 834.611998 ms (834.611998 ns per key)
space cost: 7.814046 MB (48.563937% of original size 16.090223 MB)
Querying trie...
Done!
total time: 443.686723 ms, avg latency: 443.686723 ns
topology: 1.289776 MB, link: 2.002253 MB, data: 4.522017 MB
--- Unary Path Analysis (FST, cutoff=4) ---
  shared unary steps in main trie: 533155
  terminal suffixes: inplace=237541 (avg len=1.85)  links=651614 (73.3% of terminal)
  link len: avg=9.49  max=219  total_chars=6184530
  link length distribution (len:count):  4:101787  5:75109  6:33236  7:70197  8:54797  9:28682  10:45020  11:39800  12:18111  13:26128  14:25316  15:13287  16:18412  17:17629  18:7811  19:11663  20:10322  21:4897  22:7909  23:6587  24:3201  25:5027  26:3953  27:2124  28:3009  29:2707  30:1318  31:2090  32:1807  33:932  34:1302  35:1246  36:576  37:856  38:792  39:335  40:596  41:485  42:228  43:398  44:289  45:126  46:187  47:184  48:83  49:123  50:115  51:56  52:76  53:79  54:43  55:73  56:58  57:28  58:35  59:27  60:9  61:32  62:19  63:18  64:20  65:11  66:19  67:16  68:13  69:6  70:14  71:16  72:6  73:9  74:5  75:5  76:7  77:5  78:2  79:17  80:2  81:7  82:8  83:7  84:3  85:7  86:7  87:3  88:3  89:2  90:4  91:3  92:3  93:1  94:1  95:3  96:5  97:1  98:4  101:2  102:1  103:1  104:1  106:2  107:1  112:2  113:1  115:1  116:1  120:1  121:1  122:1  124:1  130:1  138:1  148:1  151:1  155:2  184:1  188:1  204:1  220:1
834.611998,7.814046,443.686723
[PASSED]
[time 1.77 s, user 1.64 s, sys 0.12 s, maxrss 186276 KB]
[busy 185 jiffies]
[exit 0]
--- c2 case 0 rec 2   load 0.71 0.82 0.87
[TEST C2-FST]
Processing dataset...
Done!
Building trie...
trie size: 2.382156 MB
trie size: 0.519189 MB
Done!
build time: 879.592321 ms (879.592321 ns per key)
space cost: 7.814046 MB (48.563937% of original size 16.090223 MB)
Querying trie...
Done!
total time: 440.476459 ms, avg latency: 440.476459 ns
topology: 1.289776 MB, link: 2.002253 MB, data: 4.522017 MB
--- Unary Path Analysis (FST, cutoff=4) ---
  shared unary steps in main trie: 533155
  terminal suffixes: inplace=237541 (avg len=1.85)  links=651614 (73.3% of terminal)
  link len: avg=9.49  max=219  total_chars=6184530
  link length distribution (len:count):  4:101787  5:75109  6:33236  7:70197  8:54797  9:28682  10:45020  11:39800  12:18111  13:26128  14:25316  15:13287  16:18412  17:17629  18:7811  19:11663  20:10322  21:4897  22:7909  23:6587  24:3201  25:5027  26:3953  27:2124  28:3009  29:2707  30:1318  31:2090  32:1807  33:932  34:1302  35:1246  36:576  37:856  38:792  39:335  40:596  41:485  42:228  43:398  44:289  45:126  46:187  47:184  48:83  49:123  50:115  51:56  52:76  53:79  54:43  55:73  56:58  57:28  58:35  59:27  60:9  61:32  62:19  63:18  64:20  65:11  66:19  67:16  68:13  69:6  70:14  71:16  72:6  73:9  74:5  75:5  76:7  77:5  78:2  79:17  80:2  81:7  82:8  83:7  84:3  85:7  86:7  87:3  88:3  89:2  90:4  91:3  92:3  93:1  94:1  95:3  96:5  97:1  98:4  101:2  102:1  103:1  104:1  106:2  107:1  112:2  113:1  115:1  116:1  120:1  121:1  122:1  124:1  130:1  138:1  148:1  151:1  155:2  184:1  188:1  204:1  220:1
879.592321,7.814046,440.476459
[PASSED]
[time 1.82 s, user 1.70 s, sys 0.11 s, maxrss 186272 KB]
[busy 192 jiffies]
[exit 0]
--- c2 case 1 rec 0   load 0.73 0.82 0.87
[TEST C2-CoCo(LOUDS-Sparse)]
Processing dataset...
Done!
Building trie...
Done!
build time: 1625.135739 ms (1625.135739 ns per key)
space cost: 10.076944 MB (62.627748% of original size 16.090223 MB)
Querying trie...
Done!
total time: 631.281060 ms, avg latency: 631.281060 ns
topology: 0.428116 MB, link: 2.771456 MB, data: 6.877373 MB
1625.135739,10.076944,631.281060
[PASSED]
[time 2.74 s, user 2.56 s, sys 0.16 s, maxrss 343780 KB]
[busy 287 jiffies]
[exit 0]
--- c2 case 1 rec 1   load 0.67 0.81 0.87
[TEST C2-CoCo(LOUDS-Sparse)]
Processing dataset...
Done!
Building trie...
trie size: 2.382156 MB
Done!
build time: 1806.485938 ms (1806.485938 ns per key)
space cost: 8.575588 MB (53.296888% of original size 16.090223 MB)
Querying trie...
Done!
total time: 647.003765 ms, avg latency: 647.003765 ns
topology: 0.704411 MB, link: 2.913508 MB, data: 4.957669 MB
1806.485938,8.575588,647.003765
[PASSED]
[time 2.96 s, user 2.77 s, sys 0.18 s, maxrss 343608 KB]
[busy 312 jiffies]
[exit 0]
--- c2 case 1 rec 2   load 0.67 0.81 0.87
[TEST C2-CoCo(LOUDS-Sparse)]
Processing dataset...
Done!
Building trie...
trie size: 2.382156 MB
trie size: 0.519189 MB
Done!
build time: 1856.620590 ms (1856.620590 ns per key)
space cost: 8.575588 MB (53.296888% of original size 16.090223 MB)
Querying trie...
Done!
total time: 638.209824 ms, avg latency: 638.209824 ns
topology: 0.704411 MB, link: 2.913508 MB, data: 4.957669 MB
1856.620590,8.575588,638.209824
[PASSED]
[time 3.00 s, user 2.81 s, sys 0.17 s, maxrss 343688 KB]
[busy 315 jiffies]
[exit 0]
--- c2 case 2 rec 0   load 0.70 0.81 0.87
[TEST C2-MARISA]
Processing dataset...
Done!
Building trie...
trie size: 2.376703 MB
Done!
build time: 726.682915 ms (726.682915 ns per key)
space cost: 9.316646 MB (57.902525% of original size 16.090223 MB)
Querying trie...
Done!
total time: 319.961608 ms, avg latency: 319.961608 ns
topology: 0.787403 MB, link: 2.444094 MB, data: 6.064641 MB
--- Unary Path Analysis (Marisa, cutoff=3) ---
  branches: 1581104  |  single-char: 512959 (32.4%)  short-unary: 177539 (11.2%)  links: 890606 (56.3%)
  link len: avg=9.57  max=221  total_chars=8521548
  link length distribution (len:count):  3:117743  4:70413  5:118917  6:85174  7:37680  8:75877  9:57977  10:30193  11:47337  12:41279  13:18765  14:27062  15:25994  16:13620  17:18901  18:18001  19:8082  20:11948  21:10483  22:5017  23:8072  24:6695  25:3249  26:5099  27:4017  28:2164  29:3054  30:2749  31:1341  32:2116  33:1821  34:942  35:1314  36:1256  37:587  38:865  39:798  40:341  41:600  42:486  43:231  44:401  45:290  46:126  47:187  48:184  49:84  50:123  51:115  52:56  53:77  54:82  55:43  56:74  57:60  58:29  59:35  60:27  61:10  62:32  63:19  64:19  65:20  66:11  67:19  68:16  69:13  70:6  71:14  72:16  73:6  74:9  75:5  76:5  77:7  78:5  79:2  80:17  81:2  82:7  83:8  84:7  85:3  86:7  87:7  88:3  89:3  90:2  91:4  92:3  93:3  94:1  95:1  96:4  97:5  98:1  99:4  102:2  103:1  104:1  105:1  107:2  108:1  113:2  114:1  116:1  117:1  121:1  122:1  123:1  125:1  131:1  139:1  149:1  152:1  156:2  185:1  189:1  205:1  221:1
  short unary avg len: 2.00
726.682915,9.316646,319.961608
[PASSED]
[time 1.53 s, user 1.39 s, sys 0.13 s, maxrss 216160 KB]
[busy 162 jiffies]
[exit 0]
--- c2 case 2 rec 1   load 0.64 0.80 0.86
[TEST C2-MARISA]
Processing dataset...
Done!
Building trie...
trie size: 2.376703 MB
trie size: 3.200656 MB
Done!
build time: 934.953477 ms (934.953477 ns per key)
space cost: 7.215687 MB (44.845163% of original size 16.090223 MB)
Querying trie...
Done!
total time: 287.304930 ms, avg latency: 287.304930 ns
topology: 1.146584 MB, link: 2.476871 MB, data: 3.571725 MB
--- Unary Path Analysis (Marisa, cutoff=3) ---
  branches: 1581104  |  single-char: 512959 (32.4%)  short-unary: 177539 (11.2%)  links: 890606 (56.3%)
  link len: avg=9.57  max=221  total_chars=8521548
  link length distribution (len:count):  3:117743  4:70413  5:118917  6:85174  7:37680  8:75877  9:57977  10:30193  11:47337  12:41279  13:18765  14:27062  15:25994  16:13620  17:18901  18:18001  19:8082  20:11948  21:10483  22:5017  23:8072  24:6695  25:3249  26:5099  27:4017  28:2164  29:3054  30:2749  31:1341  32:2116  33:1821  34:942  35:1314  36:1256  37:587  38:865  39:798  40:341  41:600  42:486  43:231  44:401  45:290  46:126  47:187  48:184  49:84  50:123  51:115  52:56  53:77  54:82  55:43  56:74  57:60  58:29  59:35  60:27  61:10  62:32  63:19  64:19  65:20  66:11  67:19  68:16  69:13  70:6  71:14  72:16  73:6  74:9  75:5  76:5  77:7  78:5  79:2  80:17  81:2  82:7  83:8  84:7  85:3  86:7  87:7  88:3  89:3  90:2  91:4  92:3  93:3  94:1  95:1  96:4  97:5  98:1  99:4  102:2  103:1  104:1  105:1  107:2  108:1  113:2  114:1  116:1  117:1  121:1  122:1  123:1  125:1  131:1  139:1  149:1  152:1  156:2  185:1  189:1  205:1  221:1
  short unary avg len: 2.00
934.953477,7.215687,287.304930
[PASSED]
[time 1.71 s, user 1.56 s, sys 0.14 s, maxrss 216452 KB]
[busy 179 jiffies]
[exit 0]
--- c2 case 2 rec 2   load 0.64 0.80 0.86
[TEST C2-MARISA]
Processing dataset...
Done!
Building trie...
trie size: 2.376703 MB
trie size: 3.200656 MB
trie size: 0.643222 MB
Done!
build time: 995.996516 ms (995.996516 ns per key)
space cost: 7.215687 MB (44.845163% of original size 16.090223 MB)
Querying trie...
Done!
total time: 288.912682 ms, avg latency: 288.912682 ns
topology: 1.146584 MB, link: 2.476871 MB, data: 3.571725 MB
--- Unary Path Analysis (Marisa, cutoff=3) ---
  branches: 1581104  |  single-char: 512959 (32.4%)  short-unary: 177539 (11.2%)  links: 890606 (56.3%)
  link len: avg=9.57  max=221  total_chars=8521548
  link length distribution (len:count):  3:117743  4:70413  5:118917  6:85174  7:37680  8:75877  9:57977  10:30193  11:47337  12:41279  13:18765  14:27062  15:25994  16:13620  17:18901  18:18001  19:8082  20:11948  21:10483  22:5017  23:8072  24:6695  25:3249  26:5099  27:4017  28:2164  29:3054  30:2749  31:1341  32:2116  33:1821  34:942  35:1314  36:1256  37:587  38:865  39:798  40:341  41:600  42:486  43:231  44:401  45:290  46:126  47:187  48:184  49:84  50:123  51:115  52:56  53:77  54:82  55:43  56:74  57:60  58:29  59:35  60:27  61:10  62:32  63:19  64:19  65:20  66:11  67:19  68:16  69:13  70:6  71:14  72:16  73:6  74:9  75:5  76:5  77:7  78:5  79:2  80:17  81:2  82:7  83:8  84:7  85:3  86:7  87:7  88:3  89:3  90:2  91:4  92:3  93:3  94:1  95:1  96:4  97:5  98:1  99:4  102:2  103:1  104:1  105:1  107:2  108:1  113:2  114:1  116:1  117:1  121:1  122:1  123:1  125:1  131:1  139:1  149:1  152:1  156:2  185:1  189:1  205:1  221:1
  short unary avg len: 2.00
995.996516,7.215687,288.912682
[PASSED]
[time 1.79 s, user 1.64 s, sys 0.14 s, maxrss 216432 KB]
[busy 189 jiffies]
[exit 0]
--- c2 case 3 rec 0   load 0.67 0.80 0.86
[TEST FST]
Processing dataset...
Done!
Building trie...
Done!
build time: 664.188639 ms (664.188639 ns per key)
space cost: 9.251146 MB (57.495450% of original size 16.090223 MB)
Querying trie...
Done!
total time: 601.782219 ms, avg latency: 601.782219 ns
not implemented
664.188639,9.251146,601.782219
[PASSED]
[time 1.76 s, user 1.68 s, sys 0.06 s, maxrss 110680 KB]
[busy 182 jiffies]
[exit 0]
--- c2 case 4 rec 0   skipped: exit 134 in round 1
--- c2 case 5 rec 0   load 0.67 0.80 0.86
[TEST MARISA]
Processing dataset...
Done!
Building trie...
Done!
build time: 536.899664 ms (536.899664 ns per key)
space cost: 9.064179 MB (56.333459% of original size 16.090223 MB)
Querying trie...
Done!
total time: 466.426760 ms, avg latency: 466.426760 ns
not implemented
536.899664,9.064179,466.426760
[PASSED]
[time 1.51 s, user 1.39 s, sys 0.11 s, maxrss 182320 KB]
[busy 163 jiffies]
[exit 0]
--- c2 case 5 rec 1   load 0.70 0.80 0.87
[TEST MARISA]
Processing dataset...
Done!
Building trie...
Done!
build time: 651.467316 ms (651.467316 ns per key)
space cost: 6.703102 MB (41.659472% of original size 16.090223 MB)
Querying trie...
Done!
total time: 679.694277 ms, avg latency: 679.694277 ns
not implemented
651.467316,6.703102,679.694277
[PASSED]
[time 1.83 s, user 1.69 s, sys 0.13 s, maxrss 182372 KB]
[busy 192 jiffies]
[exit 0]
--- c2 case 5 rec 2   load 0.70 0.80 0.87
[TEST MARISA]
Processing dataset...
Done!
Building trie...
Done!
build time: 670.135187 ms (670.135187 ns per key)
space cost: 6.233802 MB (38.742793% of original size 16.090223 MB)
Querying trie...
Done!
total time: 772.069331 ms, avg latency: 772.069331 ns
not implemented
670.135187,6.233802,772.069331
[PASSED]
[time 1.94 s, user 1.81 s, sys 0.11 s, maxrss 182272 KB]
[busy 206 jiffies]
[exit 0]
--- c2 case 6 rec 0   load 0.72 0.81 0.87
[TEST PDT]
Processing dataset...
Done!
Building trie...
dict size: 161960, stream size: 6363323
Done!
build time: 3131.357035 ms (3131.357035 ns per key)
space cost: 7.499054 MB (46.606276% of original size 16.090223 MB)
Querying trie...
Done!
total time: 629.479023 ms, avg latency: 629.479023 ns
not implemented
3131.357035,7.499054,629.479023
[PASSED]
[time 4.27 s, user 4.15 s, sys 0.10 s, maxrss 166736 KB]
[busy 445 jiffies]
[exit 0]
--- c2 case 7 rec 0   load 0.74 0.81 0.87
[TEST ART]
Processing dataset...
Done!
Building trie...
Done!
build time: 132.281159 ms (132.281159 ns per key)
space cost: 33.565483 MB (208.607938% of original size 16.090223 MB)
Querying trie...
Done!
total time: 346.000615 ms, avg latency: 346.000615 ns
not implemented
132.281159,33.565483,346.000615
[PASSED]
[time 0.98 s, user 0.89 s, sys 0.08 s, maxrss 155824 KB]
[busy 104 jiffies]
[exit 0]
--- c2 case 8 rec 0   load 0.74 0.81 0.87
[TEST CART]
Processing dataset...
Done!
Building trie...
Done!
build time: 186.018745 ms (186.018745 ns per key)
space cost: 15.100161 MB (93.846806% of original size 16.090223 MB)
Querying trie...
Done!
total time: 411.447762 ms, avg latency: 411.447762 ns
not implemented
186.018745,15.100161,411.447762
[PASSED]
[time 1.11 s, user 1.03 s, sys 0.07 s, maxrss 146984 KB]
[busy 119 jiffies]
[exit 0]
--- xcdat 7   load 0.76 0.81 0.87
build time: 549.821704 ms
space cost: 11.666194 MiB (72.504860% of original size 16.090223 MiB)
avg latency: 222.064993 ns
549.821704,11.666194,222.064993
[time 1.30 s, user 1.21 s, sys 0.08 s, maxrss 148168 KB]
[busy 139 jiffies]
[exit 0]
--- xcdat 8   load 0.76 0.81 0.87
build time: 511.841189 ms
space cost: 11.129195 MiB (69.167438% of original size 16.090223 MiB)
avg latency: 216.456330 ns
511.841189,11.129195,216.456330
[time 1.24 s, user 1.14 s, sys 0.09 s, maxrss 148012 KB]
[busy 133 jiffies]
[exit 0]
--- xcdat 15   load 0.78 0.82 0.87
build time: 534.745765 ms
space cost: 12.949578 MiB (80.481035% of original size 16.090223 MiB)
avg latency: 189.595708 ns
534.745765,12.949578,189.595708
[time 1.25 s, user 1.15 s, sys 0.10 s, maxrss 148364 KB]
[busy 136 jiffies]
[exit 0]
--- xcdat 16   load 0.78 0.82 0.87
build time: 507.705405 ms
space cost: 13.463712 MiB (83.676351% of original size 16.090223 MiB)
avg latency: 214.467411 ns
507.705405,13.463712,214.467411
[time 1.23 s, user 1.13 s, sys 0.09 s, maxrss 149388 KB]
[busy 131 jiffies]
[exit 0]

##### urls-1000000 (1000000 lines, 53361181 bytes)   round 3/3   2026-09-23T22:06:04+03:00
--- lexindex dict32   load 0.80 0.82 0.87
1000000 keys
lexindex DictIndex block 32: build 529 ms, size 8.414 MiB (8.823 B/key), latency cold 460.2 ns, then mean 454.0 / min 450.2 ns
528.869,8.414411,460.162
[time 2.95 s, user 5.50 s, sys 0.43 s, maxrss 326020 KB]
[busy 622 jiffies]
[exit 0]
--- lexindex dict256   load 0.74 0.81 0.87
1000000 keys
lexindex DictIndex block 256: build 537 ms, size 7.163 MiB (7.511 B/key), latency cold 495.2 ns, then mean 487.4 / min 487.3 ns
536.832,7.163084,495.193
[time 3.09 s, user 5.69 s, sys 0.37 s, maxrss 320880 KB]
[busy 636 jiffies]
[exit 0]
--- lexindex dict1024   load 0.74 0.81 0.87
1000000 keys
lexindex DictIndex block 1024: build 560 ms, size 6.934 MiB (7.271 B/key), latency cold 560.4 ns, then mean 559.1 / min 554.5 ns
559.894,6.934203,560.394
[time 3.40 s, user 5.03 s, sys 0.30 s, maxrss 333788 KB]
[busy 564 jiffies]
[exit 0]
--- lexindex string   load 0.76 0.81 0.87
1000000 keys
lexindex StringIndex: build 1116 ms, size 16.099 MiB (16.881 B/key), latency cold 436.5 ns, then mean 428.8 / min 427.0 ns
1115.704,16.099341,436.472
[time 3.43 s, user 3.30 s, sys 0.11 s, maxrss 220428 KB]
[busy 364 jiffies]
[exit 0]
--- lexindex hashed0   load 0.78 0.81 0.87
1000000 keys
lexindex HashedDictIndex closed: build 641 ms, size 9.777 MiB (10.251 B/key), latency cold 60.9 ns, then mean 58.5 / min 58.3 ns
640.899,9.776591,60.893
[time 1.48 s, user 4.18 s, sys 0.37 s, maxrss 326740 KB]
[busy 475 jiffies]
[exit 0]
--- lexindex hashed8   load 0.72 0.80 0.86
1000000 keys
lexindex HashedDictIndex fp=8: build 635 ms, size 10.730 MiB (11.251 B/key), latency cold 74.9 ns, then mean 69.9 / min 69.7 ns
634.674,10.730266,74.895
[time 1.52 s, user 4.21 s, sys 0.37 s, maxrss 325284 KB]
[busy 482 jiffies]
[exit 0]
--- lexindex hashed16   load 0.72 0.80 0.86
1000000 keys
lexindex HashedDictIndex fp=16: build 640 ms, size 11.684 MiB (12.251 B/key), latency cold 75.1 ns, then mean 70.1 / min 69.9 ns
639.841,11.683940,75.063
[time 1.52 s, user 4.19 s, sys 0.39 s, maxrss 325536 KB]
[busy 482 jiffies]
[exit 0]
--- c2 case 0 rec 0   load 0.66 0.79 0.86
[TEST C2-FST]
Processing dataset...
Done!
Building trie...
Done!
build time: 1201.959631 ms (1201.959631 ns per key)
space cost: 11.640069 MB (23.310202% of original size 49.935513 MB)
Querying trie...
Done!
total time: 808.250974 ms, avg latency: 808.250974 ns
topology: 1.074997 MB, link: 2.347375 MB, data: 8.217697 MB
--- Unary Path Analysis (FST, cutoff=4) ---
  shared unary steps in main trie: 711966
  terminal suffixes: inplace=143732 (avg len=2.14)  links=800966 (84.8% of terminal)
  link len: avg=13.15  max=596  total_chars=10531952
  link length distribution (len:count):  4:63058  5:62039  6:59659  7:54131  8:47449  9:44821  10:40952  11:37727  12:34320  13:30594  14:29226  15:26885  16:26206  17:21450  18:19914  19:21120  20:19131  21:16702  22:14529  23:13405  24:12440  25:10970  26:9615  27:8669  28:7752  29:7002  30:6267  31:5704  32:4931  33:4493  34:4087  35:3562  36:3323  37:3007  38:2533  39:2401  40:2145  41:1856  42:1793  43:1565  44:1379  45:1246  46:1005  47:985  48:849  49:826  50:642  51:609  52:482  53:442  54:385  55:389  56:339  57:263  58:263  59:238  60:228  61:217  62:184  63:166  64:151  65:119  66:125  67:156  68:131  69:105  70:94  71:74  72:74  73:77  74:67  75:66  76:74  77:39  78:49  79:44  80:45  81:42  82:48  83:36  84:31  85:34  86:39  87:18  88:23  89:15  90:18  91:31  92:24  93:20  94:16  95:16  96:16  97:12  98:16  99:14  100:17  101:16  102:2  103:18  104:4  105:3  106:10  107:11  108:9  109:19  110:13  111:7  112:6  113:5  114:3  115:8  116:5  117:6  118:7  119:10  120:11  121:9  122:10  123:8  124:9  125:7  126:5  127:7  128:18  129:5  130:4  131:10  132:3  133:4  134:4  135:4  136:3  137:4  139:2  140:3  141:2  142:2  143:4  144:7  145:1  146:5  147:5  148:1  149:4  150:4  152:1  153:6  154:3  155:1  156:2  157:1  158:1  159:1  161:2  162:1  163:2  164:1  165:1  166:1  167:3  168:3  170:1  174:1  177:2  180:3  182:2  183:1  184:2  188:1  189:3  190:1  191:1  192:1  193:1  194:1  195:2  199:1  202:2  204:2  206:1  207:1  209:2  211:1  213:1  215:2  219:1  220:1  222:1  224:1  225:1  226:1  229:1  233:1  236:1  238:2  240:1  241:1  246:1  247:1  249:1  252:1  254:1  256:1  260:1  264:1  271:1  311:1  337:1  383:1  506:1  597:1
1201.959631,11.640069,808.250974
[PASSED]
[time 2.81 s, user 2.62 s, sys 0.17 s, maxrss 231056 KB]
[busy 296 jiffies]
[exit 0]
--- c2 case 0 rec 1   load 0.66 0.79 0.86
[TEST C2-FST]
Processing dataset...
Done!
Building trie...
trie size: 3.124794 MB
Done!
build time: 1549.181872 ms (1549.181872 ns per key)
space cost: 9.773470 MB (19.572183% of original size 49.935513 MB)
Querying trie...
Done!
total time: 970.868490 ms, avg latency: 970.868490 ns
topology: 1.480076 MB, link: 2.557474 MB, data: 5.735920 MB
--- Unary Path Analysis (FST, cutoff=4) ---
  shared unary steps in main trie: 711966
  terminal suffixes: inplace=143732 (avg len=2.14)  links=800966 (84.8% of terminal)
  link len: avg=13.15  max=596  total_chars=10531952
  link length distribution (len:count):  4:63058  5:62039  6:59659  7:54131  8:47449  9:44821  10:40952  11:37727  12:34320  13:30594  14:29226  15:26885  16:26206  17:21450  18:19914  19:21120  20:19131  21:16702  22:14529  23:13405  24:12440  25:10970  26:9615  27:8669  28:7752  29:7002  30:6267  31:5704  32:4931  33:4493  34:4087  35:3562  36:3323  37:3007  38:2533  39:2401  40:2145  41:1856  42:1793  43:1565  44:1379  45:1246  46:1005  47:985  48:849  49:826  50:642  51:609  52:482  53:442  54:385  55:389  56:339  57:263  58:263  59:238  60:228  61:217  62:184  63:166  64:151  65:119  66:125  67:156  68:131  69:105  70:94  71:74  72:74  73:77  74:67  75:66  76:74  77:39  78:49  79:44  80:45  81:42  82:48  83:36  84:31  85:34  86:39  87:18  88:23  89:15  90:18  91:31  92:24  93:20  94:16  95:16  96:16  97:12  98:16  99:14  100:17  101:16  102:2  103:18  104:4  105:3  106:10  107:11  108:9  109:19  110:13  111:7  112:6  113:5  114:3  115:8  116:5  117:6  118:7  119:10  120:11  121:9  122:10  123:8  124:9  125:7  126:5  127:7  128:18  129:5  130:4  131:10  132:3  133:4  134:4  135:4  136:3  137:4  139:2  140:3  141:2  142:2  143:4  144:7  145:1  146:5  147:5  148:1  149:4  150:4  152:1  153:6  154:3  155:1  156:2  157:1  158:1  159:1  161:2  162:1  163:2  164:1  165:1  166:1  167:3  168:3  170:1  174:1  177:2  180:3  182:2  183:1  184:2  188:1  189:3  190:1  191:1  192:1  193:1  194:1  195:2  199:1  202:2  204:2  206:1  207:1  209:2  211:1  213:1  215:2  219:1  220:1  222:1  224:1  225:1  226:1  229:1  233:1  236:1  238:2  240:1  241:1  246:1  247:1  249:1  252:1  254:1  256:1  260:1  264:1  271:1  311:1  337:1  383:1  506:1  597:1
1549.181872,9.773470,970.868490
[PASSED]
[time 3.32 s, user 3.12 s, sys 0.18 s, maxrss 228028 KB]
[busy 347 jiffies]
[exit 0]
--- c2 case 0 rec 2   load 0.69 0.79 0.86
[TEST C2-FST]
Processing dataset...
Done!
Building trie...
trie size: 3.124794 MB
trie size: 0.926831 MB
Done!
build time: 1695.298390 ms (1695.298390 ns per key)
space cost: 9.773470 MB (19.572183% of original size 49.935513 MB)
Querying trie...
Done!
total time: 999.753187 ms, avg latency: 999.753187 ns
topology: 1.480076 MB, link: 2.557474 MB, data: 5.735920 MB
--- Unary Path Analysis (FST, cutoff=4) ---
  shared unary steps in main trie: 711966
  terminal suffixes: inplace=143732 (avg len=2.14)  links=800966 (84.8% of terminal)
  link len: avg=13.15  max=596  total_chars=10531952
  link length distribution (len:count):  4:63058  5:62039  6:59659  7:54131  8:47449  9:44821  10:40952  11:37727  12:34320  13:30594  14:29226  15:26885  16:26206  17:21450  18:19914  19:21120  20:19131  21:16702  22:14529  23:13405  24:12440  25:10970  26:9615  27:8669  28:7752  29:7002  30:6267  31:5704  32:4931  33:4493  34:4087  35:3562  36:3323  37:3007  38:2533  39:2401  40:2145  41:1856  42:1793  43:1565  44:1379  45:1246  46:1005  47:985  48:849  49:826  50:642  51:609  52:482  53:442  54:385  55:389  56:339  57:263  58:263  59:238  60:228  61:217  62:184  63:166  64:151  65:119  66:125  67:156  68:131  69:105  70:94  71:74  72:74  73:77  74:67  75:66  76:74  77:39  78:49  79:44  80:45  81:42  82:48  83:36  84:31  85:34  86:39  87:18  88:23  89:15  90:18  91:31  92:24  93:20  94:16  95:16  96:16  97:12  98:16  99:14  100:17  101:16  102:2  103:18  104:4  105:3  106:10  107:11  108:9  109:19  110:13  111:7  112:6  113:5  114:3  115:8  116:5  117:6  118:7  119:10  120:11  121:9  122:10  123:8  124:9  125:7  126:5  127:7  128:18  129:5  130:4  131:10  132:3  133:4  134:4  135:4  136:3  137:4  139:2  140:3  141:2  142:2  143:4  144:7  145:1  146:5  147:5  148:1  149:4  150:4  152:1  153:6  154:3  155:1  156:2  157:1  158:1  159:1  161:2  162:1  163:2  164:1  165:1  166:1  167:3  168:3  170:1  174:1  177:2  180:3  182:2  183:1  184:2  188:1  189:3  190:1  191:1  192:1  193:1  194:1  195:2  199:1  202:2  204:2  206:1  207:1  209:2  211:1  213:1  215:2  219:1  220:1  222:1  224:1  225:1  226:1  229:1  233:1  236:1  238:2  240:1  241:1  246:1  247:1  249:1  252:1  254:1  256:1  260:1  264:1  271:1  311:1  337:1  383:1  506:1  597:1
1695.298390,9.773470,999.753187
[PASSED]
[time 3.49 s, user 3.32 s, sys 0.15 s, maxrss 228324 KB]
[busy 369 jiffies]
[exit 0]
--- c2 case 1 rec 0   load 0.71 0.79 0.86
[TEST C2-CoCo(LOUDS-Sparse)]
Processing dataset...
Done!
Building trie...
Done!
build time: 2496.095923 ms (2496.095923 ns per key)
space cost: 12.005466 MB (24.041940% of original size 49.935513 MB)
Querying trie...
Done!
total time: 884.758803 ms, avg latency: 884.758803 ns
topology: 0.422745 MB, link: 3.209543 MB, data: 8.373178 MB
2496.095923,12.005466,884.758803
[PASSED]
[time 4.17 s, user 3.94 s, sys 0.20 s, maxrss 408028 KB]
[busy 436 jiffies]
[exit 0]
--- c2 case 1 rec 1   load 0.73 0.80 0.86
[TEST C2-CoCo(LOUDS-Sparse)]
Processing dataset...
Done!
Building trie...
trie size: 3.124794 MB
Done!
build time: 2833.932983 ms (2833.932983 ns per key)
space cost: 10.138867 MB (20.303920% of original size 49.935513 MB)
Querying trie...
Done!
total time: 1048.796608 ms, avg latency: 1048.796608 ns
topology: 0.827824 MB, link: 3.419642 MB, data: 5.891401 MB
2833.932983,10.138867,1048.796608
[PASSED]
[time 4.68 s, user 4.45 s, sys 0.21 s, maxrss 397928 KB]
[busy 488 jiffies]
[exit 0]
--- c2 case 1 rec 2   load 0.76 0.80 0.86
[TEST C2-CoCo(LOUDS-Sparse)]
Processing dataset...
Done!
Building trie...
trie size: 3.124794 MB
trie size: 0.926831 MB
Done!
build time: 2953.822068 ms (2953.822068 ns per key)
space cost: 10.138867 MB (20.303920% of original size 49.935513 MB)
Querying trie...
Done!
total time: 1049.794393 ms, avg latency: 1049.794393 ns
topology: 0.827824 MB, link: 3.419642 MB, data: 5.891401 MB
2953.822068,10.138867,1049.794393
[PASSED]
[time 4.80 s, user 4.55 s, sys 0.22 s, maxrss 398404 KB]
[busy 499 jiffies]
[exit 0]
--- c2 case 2 rec 0   load 0.78 0.80 0.86
[TEST C2-MARISA]
Processing dataset...
Done!
Building trie...
trie size: 2.244002 MB
Done!
build time: 1185.621759 ms (1185.621759 ns per key)
space cost: 10.960715 MB (21.949740% of original size 49.935513 MB)
Querying trie...
Done!
total time: 461.150822 ms, avg latency: 461.150822 ns
topology: 0.743214 MB, link: 2.809175 MB, data: 7.387818 MB
--- Unary Path Analysis (Marisa, cutoff=3) ---
  branches: 1527762  |  single-char: 409800 (26.8%)  short-unary: 94203 (6.2%)  links: 1023759 (67.0%)
  link len: avg=12.97  max=598  total_chars=13282609
  link length distribution (len:count):  3:78091  4:83418  5:77115  6:71727  7:67342  8:60401  9:52007  10:48612  11:43341  12:39688  13:35797  14:31899  15:30173  16:27648  17:26857  18:22212  19:20563  20:21642  21:19617  22:17114  23:14842  24:13684  25:12695  26:11175  27:9829  28:8848  29:7935  30:7132  31:6445  32:5847  33:5055  34:4589  35:4148  36:3637  37:3382  38:3086  39:2567  40:2441  41:2168  42:1886  43:1827  44:1585  45:1405  46:1260  47:1016  48:995  49:861  50:844  51:650  52:616  53:486  54:450  55:392  56:393  57:345  58:266  59:265  60:240  61:230  62:219  63:185  64:166  65:151  66:119  67:125  68:158  69:131  70:105  71:94  72:74  73:75  74:77  75:68  76:66  77:74  78:40  79:49  80:44  81:45  82:43  83:48  84:36  85:31  86:35  87:40  88:19  89:24  90:15  91:18  92:31  93:24  94:20  95:16  96:16  97:16  98:12  99:16  100:14  101:17  102:16  103:2  104:18  105:4  106:3  107:10  108:11  109:9  110:19  111:13  112:7  113:6  114:5  115:3  116:8  117:5  118:6  119:8  120:10  121:11  122:9  123:10  124:8  125:9  126:7  127:5  128:7  129:18  130:5  131:4  132:10  133:3  134:4  135:4  136:4  137:4  138:4  140:2  141:3  142:2  143:2  144:4  145:7  146:1  147:5  148:5  149:1  150:4  151:4  153:1  154:6  155:3  156:1  157:2  158:1  159:1  160:1  162:2  163:1  164:2  165:1  166:1  167:1  168:3  169:3  171:1  175:1  178:2  181:3  183:2  184:1  185:2  189:1  190:3  191:1  192:1  193:1  194:1  195:1  196:2  200:1  203:2  205:2  207:1  208:1  210:2  212:1  214:1  216:2  220:1  221:1  223:1  225:1  226:1  227:1  230:1  234:1  237:1  239:2  241:1  242:1  247:1  248:1  250:1  253:1  255:1  257:1  261:1  265:1  272:1  312:1  338:1  384:1  507:1  598:1
  short unary avg len: 2.00
1185.621759,10.960715,461.150822
[PASSED]
[time 2.43 s, user 2.24 s, sys 0.18 s, maxrss 246528 KB]
[busy 258 jiffies]
[exit 0]
--- c2 case 2 rec 1   load 0.79 0.81 0.86
[TEST C2-MARISA]
Processing dataset...
Done!
Building trie...
trie size: 2.244002 MB
trie size: 3.864603 MB
Done!
build time: 1597.504909 ms (1597.504909 ns per key)
space cost: 8.779989 MB (17.582655% of original size 49.935513 MB)
Querying trie...
Done!
total time: 664.570758 ms, avg latency: 664.570758 ns
topology: 1.217873 MB, link: 3.069385 MB, data: 4.472224 MB
--- Unary Path Analysis (Marisa, cutoff=3) ---
  branches: 1527762  |  single-char: 409800 (26.8%)  short-unary: 94203 (6.2%)  links: 1023759 (67.0%)
  link len: avg=12.97  max=598  total_chars=13282609
  link length distribution (len:count):  3:78091  4:83418  5:77115  6:71727  7:67342  8:60401  9:52007  10:48612  11:43341  12:39688  13:35797  14:31899  15:30173  16:27648  17:26857  18:22212  19:20563  20:21642  21:19617  22:17114  23:14842  24:13684  25:12695  26:11175  27:9829  28:8848  29:7935  30:7132  31:6445  32:5847  33:5055  34:4589  35:4148  36:3637  37:3382  38:3086  39:2567  40:2441  41:2168  42:1886  43:1827  44:1585  45:1405  46:1260  47:1016  48:995  49:861  50:844  51:650  52:616  53:486  54:450  55:392  56:393  57:345  58:266  59:265  60:240  61:230  62:219  63:185  64:166  65:151  66:119  67:125  68:158  69:131  70:105  71:94  72:74  73:75  74:77  75:68  76:66  77:74  78:40  79:49  80:44  81:45  82:43  83:48  84:36  85:31  86:35  87:40  88:19  89:24  90:15  91:18  92:31  93:24  94:20  95:16  96:16  97:16  98:12  99:16  100:14  101:17  102:16  103:2  104:18  105:4  106:3  107:10  108:11  109:9  110:19  111:13  112:7  113:6  114:5  115:3  116:8  117:5  118:6  119:8  120:10  121:11  122:9  123:10  124:8  125:9  126:7  127:5  128:7  129:18  130:5  131:4  132:10  133:3  134:4  135:4  136:4  137:4  138:4  140:2  141:3  142:2  143:2  144:4  145:7  146:1  147:5  148:5  149:1  150:4  151:4  153:1  154:6  155:3  156:1  157:2  158:1  159:1  160:1  162:2  163:1  164:2  165:1  166:1  167:1  168:3  169:3  171:1  175:1  178:2  181:3  183:2  184:1  185:2  189:1  190:3  191:1  192:1  193:1  194:1  195:1  196:2  200:1  203:2  205:2  207:1  208:1  210:2  212:1  214:1  216:2  220:1  221:1  223:1  225:1  226:1  227:1  230:1  234:1  237:1  239:2  241:1  242:1  247:1  248:1  250:1  253:1  255:1  257:1  261:1  265:1  272:1  312:1  338:1  384:1  507:1  598:1
  short unary avg len: 2.00
1597.504909,8.779989,664.570758
[PASSED]
[time 3.07 s, user 2.87 s, sys 0.18 s, maxrss 242020 KB]
[busy 325 jiffies]
[exit 0]
--- c2 case 2 rec 2   load 0.81 0.81 0.86
[TEST C2-MARISA]
Processing dataset...
Done!
Building trie...
trie size: 2.244002 MB
trie size: 3.864603 MB
trie size: 1.068947 MB
Done!
build time: 1747.071883 ms (1747.071883 ns per key)
space cost: 8.365690 MB (16.752987% of original size 49.935513 MB)
Querying trie...
Done!
total time: 707.273629 ms, avg latency: 707.273629 ns
topology: 1.410183 MB, link: 3.158367 MB, data: 3.776632 MB
--- Unary Path Analysis (Marisa, cutoff=3) ---
  branches: 1527762  |  single-char: 409800 (26.8%)  short-unary: 94203 (6.2%)  links: 1023759 (67.0%)
  link len: avg=12.97  max=598  total_chars=13282609
  link length distribution (len:count):  3:78091  4:83418  5:77115  6:71727  7:67342  8:60401  9:52007  10:48612  11:43341  12:39688  13:35797  14:31899  15:30173  16:27648  17:26857  18:22212  19:20563  20:21642  21:19617  22:17114  23:14842  24:13684  25:12695  26:11175  27:9829  28:8848  29:7935  30:7132  31:6445  32:5847  33:5055  34:4589  35:4148  36:3637  37:3382  38:3086  39:2567  40:2441  41:2168  42:1886  43:1827  44:1585  45:1405  46:1260  47:1016  48:995  49:861  50:844  51:650  52:616  53:486  54:450  55:392  56:393  57:345  58:266  59:265  60:240  61:230  62:219  63:185  64:166  65:151  66:119  67:125  68:158  69:131  70:105  71:94  72:74  73:75  74:77  75:68  76:66  77:74  78:40  79:49  80:44  81:45  82:43  83:48  84:36  85:31  86:35  87:40  88:19  89:24  90:15  91:18  92:31  93:24  94:20  95:16  96:16  97:16  98:12  99:16  100:14  101:17  102:16  103:2  104:18  105:4  106:3  107:10  108:11  109:9  110:19  111:13  112:7  113:6  114:5  115:3  116:8  117:5  118:6  119:8  120:10  121:11  122:9  123:10  124:8  125:9  126:7  127:5  128:7  129:18  130:5  131:4  132:10  133:3  134:4  135:4  136:4  137:4  138:4  140:2  141:3  142:2  143:2  144:4  145:7  146:1  147:5  148:5  149:1  150:4  151:4  153:1  154:6  155:3  156:1  157:2  158:1  159:1  160:1  162:2  163:1  164:2  165:1  166:1  167:1  168:3  169:3  171:1  175:1  178:2  181:3  183:2  184:1  185:2  189:1  190:3  191:1  192:1  193:1  194:1  195:1  196:2  200:1  203:2  205:2  207:1  208:1  210:2  212:1  214:1  216:2  220:1  221:1  223:1  225:1  226:1  227:1  230:1  234:1  237:1  239:2  241:1  242:1  247:1  248:1  250:1  253:1  255:1  257:1  261:1  265:1  272:1  312:1  338:1  384:1  507:1  598:1
  short unary avg len: 2.00
1747.071883,8.365690,707.273629
[PASSED]
[time 3.26 s, user 3.06 s, sys 0.18 s, maxrss 241916 KB]
[busy 342 jiffies]
[exit 0]
--- c2 case 3 rec 0   load 0.83 0.81 0.87
[TEST FST]
Processing dataset...
Done!
Building trie...
Done!
build time: 1423.448882 ms (1423.448882 ns per key)
space cost: 12.952020 MB (25.937492% of original size 49.935513 MB)
Querying trie...
Done!
total time: 1215.714938 ms, avg latency: 1215.714938 ns
not implemented
1423.448882,12.952020,1215.714938
[PASSED]
[time 3.44 s, user 3.30 s, sys 0.12 s, maxrss 215156 KB]
[busy 360 jiffies]
[exit 0]
--- c2 case 4 rec 0   load 0.84 0.82 0.87
[TEST COCO]
Processing dataset...
Done!
Building trie...
num nodes = 618926, average depth = 10.757375
ef = 0.000126, pa = 0.112513, bv = 0.000294, de = 0.664175
efr = 0.000805, par = 0.102747, bvr = 0.000005, der = 0.119336
Done!
build time: 30724.660005 ms (30724.660005 ns per key)
space cost: 17.219774 MB (34.484023% of original size 49.935513 MB)
Querying trie...
Done!
total time: 1358.514640 ms, avg latency: 1358.514640 ns
not implemented
30724.660005,17.219774,1358.514640
[PASSED]
[time 33.89 s, user 27.28 s, sys 6.47 s, maxrss 15528328 KB]
[busy 3509 jiffies]
[exit 0]
--- c2 case 5 rec 0   load 0.91 0.84 0.87
[TEST MARISA]
Processing dataset...
Done!
Building trie...
Done!
build time: 1018.755907 ms (1018.755907 ns per key)
space cost: 13.234698 MB (26.503579% of original size 49.935513 MB)
Querying trie...
Done!
total time: 580.575525 ms, avg latency: 580.575525 ns
not implemented
1018.755907,13.234698,580.575525
[PASSED]
[time 2.36 s, user 2.20 s, sys 0.15 s, maxrss 267908 KB]
[busy 251 jiffies]
[exit 0]
--- c2 case 5 rec 1   load 0.91 0.84 0.87
[TEST MARISA]
Processing dataset...
Done!
Building trie...
Done!
build time: 1198.719860 ms (1198.719860 ns per key)
space cost: 8.973619 MB (17.970414% of original size 49.935513 MB)
Querying trie...
Done!
total time: 878.626836 ms, avg latency: 878.626836 ns
not implemented
1198.719860,8.973619,878.626836
[PASSED]
[time 2.85 s, user 2.68 s, sys 0.15 s, maxrss 267812 KB]
[busy 300 jiffies]
[exit 0]
--- c2 case 5 rec 2   load 0.92 0.84 0.87
[TEST MARISA]
Processing dataset...
Done!
Building trie...
Done!
build time: 1255.677218 ms (1255.677218 ns per key)
space cost: 8.005336 MB (16.031348% of original size 49.935513 MB)
Querying trie...
Done!
total time: 1015.673213 ms, avg latency: 1015.673213 ns
not implemented
1255.677218,8.005336,1015.673213
[PASSED]
[time 3.04 s, user 2.86 s, sys 0.16 s, maxrss 268108 KB]
[busy 325 jiffies]
[exit 0]
--- c2 case 6 rec 0   load 0.93 0.85 0.88
[TEST PDT]
Processing dataset...
Done!
Building trie...
dict size: 156062, stream size: 7596722
Done!
build time: 3560.098745 ms (3560.098745 ns per key)
space cost: 8.669690 MB (17.361772% of original size 49.935513 MB)
Querying trie...
Done!
total time: 736.079358 ms, avg latency: 736.079358 ns
not implemented
3560.098745,8.669690,736.079358
[PASSED]
[time 5.09 s, user 4.87 s, sys 0.19 s, maxrss 298896 KB]
[busy 531 jiffies]
[exit 0]
--- c2 case 7 rec 0   load 0.93 0.85 0.88
[TEST ART]
Processing dataset...
Done!
Building trie...
Done!
build time: 310.944768 ms (310.944768 ns per key)
space cost: 32.934517 MB (65.954097% of original size 49.935513 MB)
Querying trie...
Done!
total time: 604.154098 ms, avg latency: 604.154098 ns
not implemented
310.944768,32.934517,604.154098
[PASSED]
[time 1.73 s, user 1.57 s, sys 0.15 s, maxrss 290612 KB]
[busy 184 jiffies]
[exit 0]
--- c2 case 8 rec 0   load 0.94 0.85 0.88
[TEST CART]
Processing dataset...
Done!
Building trie...
Done!
build time: 356.489743 ms (356.489743 ns per key)
space cost: 15.060642 MB (30.160183% of original size 49.935513 MB)
Querying trie...
Done!
total time: 633.167225 ms, avg latency: 633.167225 ns
not implemented
356.489743,15.060642,633.167225
[PASSED]
[time 1.79 s, user 1.65 s, sys 0.13 s, maxrss 278248 KB]
[busy 189 jiffies]
[exit 0]
--- xcdat 7   load 0.94 0.85 0.88
build time: 1177.552440 ms
space cost: 15.639350 MiB (31.319093% of original size 49.935513 MiB)
avg latency: 403.123534 ns
1177.552440,15.639350,403.123534
[time 2.38 s, user 2.21 s, sys 0.15 s, maxrss 231336 KB]
[busy 253 jiffies]
[exit 0]
--- xcdat 8   load 0.94 0.85 0.88
build time: 1145.064801 ms
space cost: 15.165496 MiB (30.370161% of original size 49.935513 MiB)
avg latency: 386.891962 ns
1145.064801,15.165496,386.891962
[time 2.32 s, user 2.15 s, sys 0.15 s, maxrss 231012 KB]
[busy 244 jiffies]
[exit 0]
--- xcdat 15   load 0.87 0.84 0.87
build time: 1169.861824 ms
space cost: 17.302892 MiB (34.650473% of original size 49.935513 MiB)
avg latency: 350.802862 ns
1169.861824,17.302892,350.802862
[time 2.33 s, user 2.14 s, sys 0.17 s, maxrss 231312 KB]
[busy 244 jiffies]
[exit 0]
--- xcdat 16   load 0.87 0.84 0.87
build time: 1148.423765 ms
space cost: 17.859698 MiB (35.765524% of original size 49.935513 MiB)
avg latency: 389.339673 ns
1148.423765,17.859698,389.339673
[time 2.33 s, user 2.15 s, sys 0.16 s, maxrss 230944 KB]
[busy 249 jiffies]
[exit 0]

##### uuid-1000000 (1000000 lines, 37000000 bytes)   round 3/3   2026-09-23T22:08:26+03:00
--- lexindex dict32   load 0.88 0.84 0.87
1000000 keys
lexindex DictIndex block 32: build 295 ms, size 17.741 MiB (18.603 B/key), latency cold 464.9 ns, then mean 457.3 / min 451.8 ns
294.778,17.741351,464.895
[time 2.65 s, user 3.47 s, sys 0.37 s, maxrss 286668 KB]
[busy 410 jiffies]
[exit 0]
--- lexindex dict256   load 0.89 0.85 0.88
1000000 keys
lexindex DictIndex block 256: build 300 ms, size 17.205 MiB (18.040 B/key), latency cold 448.8 ns, then mean 450.1 / min 448.9 ns
300.145,17.204642,448.790
[time 2.61 s, user 3.44 s, sys 0.34 s, maxrss 284504 KB]
[busy 402 jiffies]
[exit 0]
--- lexindex dict1024   load 0.89 0.85 0.88
1000000 keys
lexindex DictIndex block 1024: build 295 ms, size 17.065 MiB (17.894 B/key), latency cold 502.8 ns, then mean 493.1 / min 492.2 ns
294.700,17.064983,502.789
[time 2.79 s, user 3.18 s, sys 0.21 s, maxrss 244204 KB]
[busy 363 jiffies]
[exit 0]
--- lexindex string   load 0.90 0.85 0.88
1000000 keys
lexindex StringIndex: build 2378 ms, size 35.389 MiB (37.108 B/key), latency cold 427.9 ns, then mean 430.0 / min 426.7 ns
2377.548,35.389391,427.919
[time 4.60 s, user 4.47 s, sys 0.10 s, maxrss 199764 KB]
[busy 483 jiffies]
[exit 0]
--- lexindex hashed0   load 0.91 0.85 0.88
1000000 keys
lexindex HashedDictIndex closed: build 396 ms, size 19.818 MiB (20.781 B/key), latency cold 58.0 ns, then mean 55.3 / min 55.3 ns
396.387,19.818487,58.007
[time 1.13 s, user 2.01 s, sys 0.37 s, maxrss 287080 KB]
[busy 257 jiffies]
[exit 0]
--- lexindex hashed8   load 0.91 0.85 0.88
1000000 keys
lexindex HashedDictIndex fp=8: build 391 ms, size 20.772 MiB (21.781 B/key), latency cold 68.5 ns, then mean 67.1 / min 65.7 ns
391.497,20.772161,68.462
[time 1.17 s, user 2.01 s, sys 0.36 s, maxrss 287132 KB]
[busy 254 jiffies]
[exit 0]
--- lexindex hashed16   load 0.91 0.85 0.88
1000000 keys
lexindex HashedDictIndex fp=16: build 393 ms, size 21.726 MiB (22.781 B/key), latency cold 72.1 ns, then mean 67.0 / min 66.9 ns
393.353,21.725836,72.053
[time 1.17 s, user 2.00 s, sys 0.37 s, maxrss 288252 KB]
[busy 256 jiffies]
[exit 0]
--- c2 case 0 rec 0   load 0.92 0.86 0.88
[TEST C2-FST]
Processing dataset...
Done!
Building trie...
Done!
build time: 1108.578645 ms (1108.578645 ns per key)
space cost: 22.510774 MB (65.567381% of original size 34.332275 MB)
Querying trie...
Done!
total time: 446.116100 ms, avg latency: 446.116100 ns
topology: 0.773712 MB, link: 3.131501 MB, data: 18.605560 MB
--- Unary Path Analysis (FST, cutoff=4) ---
  shared unary steps in main trie: 13682
  terminal suffixes: inplace=0 (avg len=0.00)  links=1000000 (100.0% of terminal)
  link len: avg=29.32  max=30  total_chars=29323284
  link length distribution (len:count):  24:2  25:10  26:206  28:3376  29:54458  30:556568  31:385380
1108.578645,22.510774,446.116100
[PASSED]
[time 2.25 s, user 2.08 s, sys 0.15 s, maxrss 312080 KB]
[busy 237 jiffies]
[exit 0]
--- c2 case 0 rec 1   load 0.92 0.86 0.88
[TEST C2-FST]
Processing dataset...
Done!
Building trie...
trie size: 4.445807 MB
Done!
build time: 2043.555596 ms (2043.555596 ns per key)
space cost: 22.510774 MB (65.567381% of original size 34.332275 MB)
Querying trie...
Done!
total time: 443.826887 ms, avg latency: 443.826887 ns
topology: 0.773712 MB, link: 3.131501 MB, data: 18.605560 MB
--- Unary Path Analysis (FST, cutoff=4) ---
  shared unary steps in main trie: 13682
  terminal suffixes: inplace=0 (avg len=0.00)  links=1000000 (100.0% of terminal)
  link len: avg=29.32  max=30  total_chars=29323284
  link length distribution (len:count):  24:2  25:10  26:206  28:3376  29:54458  30:556568  31:385380
2043.555596,22.510774,443.826887
[PASSED]
[time 3.16 s, user 2.96 s, sys 0.18 s, maxrss 361724 KB]
[busy 332 jiffies]
[exit 0]
--- c2 case 0 rec 2   load 0.93 0.86 0.88
[TEST C2-FST]
Processing dataset...
Done!
Building trie...
trie size: 4.445807 MB
Done!
build time: 2011.161072 ms (2011.161072 ns per key)
space cost: 22.510774 MB (65.567381% of original size 34.332275 MB)
Querying trie...
Done!
total time: 448.001684 ms, avg latency: 448.001684 ns
topology: 0.773712 MB, link: 3.131501 MB, data: 18.605560 MB
--- Unary Path Analysis (FST, cutoff=4) ---
  shared unary steps in main trie: 13682
  terminal suffixes: inplace=0 (avg len=0.00)  links=1000000 (100.0% of terminal)
  link len: avg=29.32  max=30  total_chars=29323284
  link length distribution (len:count):  24:2  25:10  26:206  28:3376  29:54458  30:556568  31:385380
2011.161072,22.510774,448.001684
[PASSED]
[time 3.14 s, user 2.96 s, sys 0.16 s, maxrss 361784 KB]
[busy 328 jiffies]
[exit 0]
--- c2 case 1 rec 0   load 0.93 0.86 0.88
[TEST C2-CoCo(LOUDS-Sparse)]
Processing dataset...
Done!
Building trie...
Done!
build time: 1457.987998 ms (1457.987998 ns per key)
space cost: 21.333610 MB (62.138642% of original size 34.332275 MB)
Querying trie...
Done!
total time: 493.801809 ms, avg latency: 493.801809 ns
topology: 0.346375 MB, link: 3.293192 MB, data: 17.694043 MB
1457.987998,21.333610,493.801809
[PASSED]
[time 2.64 s, user 2.42 s, sys 0.20 s, maxrss 431456 KB]
[busy 276 jiffies]
[exit 0]
--- c2 case 1 rec 1   load 0.94 0.86 0.88
[TEST C2-CoCo(LOUDS-Sparse)]
Processing dataset...
Done!
Building trie...
trie size: 4.445807 MB
Done!
build time: 2398.042515 ms (2398.042515 ns per key)
space cost: 21.333610 MB (62.138642% of original size 34.332275 MB)
Querying trie...
Done!
total time: 499.816455 ms, avg latency: 499.816455 ns
topology: 0.346375 MB, link: 3.293192 MB, data: 17.694043 MB
2398.042515,21.333610,499.816455
[PASSED]
[time 3.59 s, user 3.35 s, sys 0.22 s, maxrss 475268 KB]
[busy 373 jiffies]
[exit 0]
--- c2 case 1 rec 2   load 0.86 0.85 0.88
[TEST C2-CoCo(LOUDS-Sparse)]
Processing dataset...
Done!
Building trie...
trie size: 4.445807 MB
Done!
build time: 2394.220159 ms (2394.220159 ns per key)
space cost: 21.333610 MB (62.138642% of original size 34.332275 MB)
Querying trie...
Done!
total time: 510.395482 ms, avg latency: 510.395482 ns
topology: 0.346375 MB, link: 3.293192 MB, data: 17.694043 MB
2394.220159,21.333610,510.395482
[PASSED]
[time 3.60 s, user 3.35 s, sys 0.23 s, maxrss 475072 KB]
[busy 376 jiffies]
[exit 0]
--- c2 case 2 rec 0   load 0.87 0.85 0.88
[TEST C2-MARISA]
Processing dataset...
Done!
Building trie...
trie size: 1.966455 MB
Done!
build time: 1011.239849 ms (1011.239849 ns per key)
space cost: 21.883573 MB (63.740525% of original size 34.332275 MB)
Querying trie...
Done!
total time: 367.729641 ms, avg latency: 367.729641 ns
topology: 0.650684 MB, link: 2.984713 MB, data: 18.227668 MB
--- Unary Path Analysis (Marisa, cutoff=3) ---
  branches: 1358149  |  single-char: 345387 (25.4%)  short-unary: 12003 (0.9%)  links: 1000759 (73.7%)
  link len: avg=31.30  max=32  total_chars=31325722
  link length distribution (len:count):  3:655  4:51  5:49  6:4  25:2  26:10  27:206  29:3376  30:54458  31:556568  32:385380
  short unary avg len: 2.00
1011.239849,21.883573,367.729641
[PASSED]
[time 2.08 s, user 1.91 s, sys 0.16 s, maxrss 313472 KB]
[busy 221 jiffies]
[exit 0]
--- c2 case 2 rec 1   load 0.87 0.85 0.88
[TEST C2-MARISA]
Processing dataset...
Done!
Building trie...
trie size: 1.966455 MB
trie size: 4.448333 MB
Done!
build time: 1974.497693 ms (1974.497693 ns per key)
space cost: 21.883573 MB (63.740525% of original size 34.332275 MB)
Querying trie...
Done!
total time: 363.231776 ms, avg latency: 363.231776 ns
topology: 0.650684 MB, link: 2.984713 MB, data: 18.227668 MB
--- Unary Path Analysis (Marisa, cutoff=3) ---
  branches: 1358149  |  single-char: 345387 (25.4%)  short-unary: 12003 (0.9%)  links: 1000759 (73.7%)
  link len: avg=31.30  max=32  total_chars=31325722
  link length distribution (len:count):  3:655  4:51  5:49  6:4  25:2  26:10  27:206  29:3376  30:54458  31:556568  32:385380
  short unary avg len: 2.00
1974.497693,21.883573,363.231776
[PASSED]
[time 3.03 s, user 2.82 s, sys 0.19 s, maxrss 361656 KB]
[busy 318 jiffies]
[exit 0]
--- c2 case 2 rec 2   load 0.89 0.85 0.88
[TEST C2-MARISA]
Processing dataset...
Done!
Building trie...
trie size: 1.966455 MB
trie size: 4.448333 MB
Done!
build time: 1940.137222 ms (1940.137222 ns per key)
space cost: 21.883573 MB (63.740525% of original size 34.332275 MB)
Querying trie...
Done!
total time: 369.098735 ms, avg latency: 369.098735 ns
topology: 0.650684 MB, link: 2.984713 MB, data: 18.227668 MB
--- Unary Path Analysis (Marisa, cutoff=3) ---
  branches: 1358149  |  single-char: 345387 (25.4%)  short-unary: 12003 (0.9%)  links: 1000759 (73.7%)
  link len: avg=31.30  max=32  total_chars=31325722
  link length distribution (len:count):  3:655  4:51  5:49  6:4  25:2  26:10  27:206  29:3376  30:54458  31:556568  32:385380
  short unary avg len: 2.00
1940.137222,21.883573,369.098735
[PASSED]
[time 3.00 s, user 2.79 s, sys 0.19 s, maxrss 361784 KB]
[busy 313 jiffies]
[exit 0]
--- c2 case 3 rec 0   load 0.97 0.87 0.89
[TEST FST]
Processing dataset...
Done!
Building trie...
Done!
build time: 836.732674 ms (836.732674 ns per key)
space cost: 34.505507 MB (100.504572% of original size 34.332275 MB)
Querying trie...
Done!
total time: 462.852661 ms, avg latency: 462.852661 ns
not implemented
836.732674,34.505507,462.852661
[PASSED]
[time 1.99 s, user 1.86 s, sys 0.11 s, maxrss 207844 KB]
[busy 210 jiffies]
[exit 0]
--- c2 case 4 rec 0   skipped: exit 134 in round 1
--- c2 case 5 rec 0   load 0.97 0.87 0.89
[TEST MARISA]
Processing dataset...
Done!
Building trie...
Done!
build time: 670.313542 ms (670.313542 ns per key)
space cost: 34.975940 MB (101.874808% of original size 34.332275 MB)
Querying trie...
Done!
total time: 535.980546 ms, avg latency: 535.980546 ns
not implemented
670.313542,34.975940,535.980546
[PASSED]
[time 1.89 s, user 1.73 s, sys 0.15 s, maxrss 282356 KB]
[busy 199 jiffies]
[exit 0]
--- c2 case 5 rec 1   load 0.98 0.88 0.89
[TEST MARISA]
Processing dataset...
Done!
Building trie...
Done!
build time: 1063.268883 ms (1063.268883 ns per key)
space cost: 33.974524 MB (98.957975% of original size 34.332275 MB)
Querying trie...
Done!
total time: 806.027014 ms, avg latency: 806.027014 ns
not implemented
1063.268883,33.974524,806.027014
[PASSED]
[time 2.55 s, user 2.39 s, sys 0.15 s, maxrss 252052 KB]
[busy 268 jiffies]
[exit 0]
--- c2 case 5 rec 2   load 0.98 0.88 0.89
[TEST MARISA]
Processing dataset...
Done!
Building trie...
Done!
build time: 1335.414837 ms (1335.414837 ns per key)
space cost: 32.972683 MB (96.039900% of original size 34.332275 MB)
Querying trie...
Done!
total time: 1146.091100 ms, avg latency: 1146.091100 ns
not implemented
1335.414837,32.972683,1146.091100
[PASSED]
[time 3.19 s, user 3.02 s, sys 0.16 s, maxrss 273368 KB]
[busy 334 jiffies]
[exit 0]
--- c2 case 6 rec 0   load 0.90 0.86 0.88
[TEST PDT]
Processing dataset...
Done!
Building trie...
dict size: 166618, stream size: 19935113
Done!
build time: 16644.971667 ms (16644.971667 ns per key)
space cost: 20.446564 MB (59.554933% of original size 34.332275 MB)
Querying trie...
Done!
total time: 725.867442 ms, avg latency: 725.867442 ns
not implemented
16644.971667,20.446564,725.867442
[PASSED]
[time 18.06 s, user 17.59 s, sys 0.40 s, maxrss 648648 KB]
[busy 1874 jiffies]
[exit 0]
--- c2 case 7 rec 0   load 0.92 0.87 0.89
[TEST ART]
Processing dataset...
Done!
Building trie...
Done!
build time: 190.489248 ms (190.489248 ns per key)
space cost: 25.565071 MB (74.463667% of original size 34.332275 MB)
Querying trie...
Done!
total time: 362.884052 ms, avg latency: 362.884052 ns
not implemented
190.489248,25.565071,362.884052
[PASSED]
[time 1.27 s, user 1.13 s, sys 0.13 s, maxrss 225336 KB]
[busy 135 jiffies]
[exit 0]
--- c2 case 8 rec 0   load 0.93 0.87 0.89
[TEST CART]
Processing dataset...
Done!
Building trie...
Done!
build time: 221.546499 ms (221.546499 ns per key)
space cost: 12.300360 MB (35.827394% of original size 34.332275 MB)
Querying trie...
Done!
total time: 361.654241 ms, avg latency: 361.654241 ns
not implemented
221.546499,12.300360,361.654241
[PASSED]
[time 1.30 s, user 1.19 s, sys 0.11 s, maxrss 214604 KB]
[busy 136 jiffies]
[exit 0]
--- xcdat 7   load 0.93 0.87 0.89
build time: 865.563239 ms
space cost: 36.820305 MiB (107.246911% of original size 34.332275 MiB)
avg latency: 348.956151 ns
865.563239,36.820305,348.956151
[time 1.92 s, user 1.77 s, sys 0.13 s, maxrss 231436 KB]
[busy 204 jiffies]
[exit 0]
--- xcdat 8   load 0.93 0.88 0.89
build time: 791.418684 ms
space cost: 36.200803 MiB (105.442481% of original size 34.332275 MiB)
avg latency: 339.718256 ns
791.418684,36.200803,339.718256
[time 1.83 s, user 1.67 s, sys 0.15 s, maxrss 231044 KB]
[busy 192 jiffies]
[exit 0]
--- xcdat 15   load 0.93 0.88 0.89
build time: 812.936983 ms
space cost: 37.074831 MiB (107.988272% of original size 34.332275 MiB)
avg latency: 338.711223 ns
812.936983,37.074831,338.711223
[time 1.85 s, user 1.72 s, sys 0.12 s, maxrss 230912 KB]
[busy 198 jiffies]
[exit 0]
--- xcdat 16   load 0.94 0.88 0.89
build time: 791.726212 ms
space cost: 37.473558 MiB (109.149650% of original size 34.332275 MiB)
avg latency: 348.389876 ns
791.726212,37.473558,348.389876
[time 1.84 s, user 1.69 s, sys 0.14 s, maxrss 231212 KB]
[busy 193 jiffies]
[exit 0]

campaign done 2026-09-23T22:10:14+03:00, load 0.94 0.88 0.89
