frontier campaign
date: 2026-09-24T02:57:23+03:00
host: arz
commit: 726a783
table: frontier-1m
lexindex: 4.3.3
kernel: Linux 7.2.7-200.fc44.x86_64 x86_64
cpu: AMD Ryzen 7 5800HS with Radeon Graphics
cores/threads: 8 / 16
caches: L2 512 KiB, L3 16384 KiB
governor: powersave
transparent hugepages: always [madvise] never
compiler: c++ (GCC) 16.2.1 20260819 (Red Hat 16.2.1-2)
rustc: rustc 1.98.1 (48a229cea 2026-09-01)
load at start: 0.26 0.37 0.87
rounds: 3, even rounds in the reverse order
quiet before each process: under 1.0 busy CPUs for 1 s
clock ticks: 100
address space cap: 28000000 KB
timeout: 1800 s a process
pin c2: 92c1b861456b https://github.com/alexztc/C2
pin c2/lib/sdsl-lite: 4312ea9c9370 https://github.com/vgteam/sdsl-lite
pin c2/lib/ds2i: 4f46606cc077 https://github.com/aboffa/ds2i (modified: compact_elias_fano.hpp,succinct)
pin c2/lib/sux: 5944f6b5c1c7 https://github.com/vigna/sux (modified: sux/util/Vector.hpp)
pin c2/lib/fsst: e638d4cf8c26 https://github.com/cwida/fsst
pin c2/baseline_marisa/marisa: e54f296bb52d https://github.com/s-yata/marisa-trie
pin c2/baseline_ctriepp/ctriepp: 52d2c16a7bb6 https://gitlab.com/ofek.gila1/ctriepp
pin xcdat: 2451441dcc09 https://github.com/kampersanda/xcdat
pin c2/lib/ds2i/succinct: ea74747a8b1c (gitlink)
pin c2/lib/sdsl-lite/external/googletest: 71815bbf7de6 (gitlink)
pin c2/lib/sdsl-lite/external/libdivsufsort: 0f24acd8de20 (gitlink)
pin coco adapted headers: ee860d4b1e62 https://github.com/aboffa/CoCo-trie (by sha256)

##### words-full (479823 lines, 4953557 bytes)   round 1/3   2026-09-24T02:57:23+03:00
--- lexindex dict32   load 0.24 0.36 0.86
479823 keys
lexindex DictIndex block 32: build 57 ms, size 1.304 MiB (2.850 B/key), latency cold 234.2 ns, then mean 231.5 / min 230.4 ns
56.978,1.304057,234.248
[time 0.68 s, user 0.77 s, sys 0.05 s, maxrss 73340 KB]
[busy 91 jiffies]
[exit 0]
--- lexindex dict256   load 0.24 0.36 0.86
479823 keys
lexindex DictIndex block 256: build 57 ms, size 1.206 MiB (2.635 B/key), latency cold 274.0 ns, then mean 269.8 / min 269.6 ns
57.296,1.205790,273.978
[time 0.75 s, user 0.84 s, sys 0.06 s, maxrss 73492 KB]
[busy 98 jiffies]
[exit 0]
--- lexindex dict1024   load 0.24 0.36 0.86
479823 keys
lexindex DictIndex block 1024: build 66 ms, size 1.150 MiB (2.513 B/key), latency cold 340.8 ns, then mean 338.9 / min 338.2 ns
65.535,1.150117,340.842
[time 0.89 s, user 0.93 s, sys 0.04 s, maxrss 64716 KB]
[busy 105 jiffies]
[exit 0]
--- lexindex string   load 0.30 0.38 0.87
479823 keys
lexindex StringIndex: build 152 ms, size 2.724 MiB (5.953 B/key), latency cold 148.8 ns, then mean 145.8 / min 145.6 ns
151.913,2.724010,148.836
[time 0.60 s, user 0.56 s, sys 0.03 s, maxrss 64420 KB]
[busy 65 jiffies]
[exit 0]
--- lexindex hashed0   load 0.30 0.38 0.87
479823 keys
lexindex HashedDictIndex closed: build 97 ms, size 2.403 MiB (5.252 B/key), latency cold 13.5 ns, then mean 11.8 / min 11.7 ns
97.136,2.403296,13.486
[time 0.29 s, user 0.40 s, sys 0.06 s, maxrss 73772 KB]
[busy 53 jiffies]
[exit 0]
--- lexindex hashed8   load 0.30 0.38 0.87
479823 keys
lexindex HashedDictIndex fp=8: build 96 ms, size 2.861 MiB (6.252 B/key), latency cold 18.2 ns, then mean 14.9 / min 14.6 ns
96.036,2.860890,18.247
[time 0.30 s, user 0.41 s, sys 0.05 s, maxrss 79676 KB]
[busy 52 jiffies]
[exit 0]
--- lexindex hashed16   load 0.28 0.37 0.86
479823 keys
lexindex HashedDictIndex fp=16: build 97 ms, size 3.318 MiB (7.252 B/key), latency cold 17.8 ns, then mean 14.9 / min 14.8 ns
96.620,3.318485,17.770
[time 0.30 s, user 0.38 s, sys 0.07 s, maxrss 79936 KB]
[busy 52 jiffies]
[exit 0]
--- c2 case 0 rec 0   load 0.28 0.37 0.86
[TEST C2-FST]
Processing dataset...
Done!
Building trie...
Done!
build time: 69.256701 ms (144.338018 ns per key)
space cost: 1.889297 MB (44.282271% of original size 4.266485 MB)
Querying trie...
Done!
total time: 123.092056 ms, avg latency: 256.536381 ns
topology: 0.420059 MB, link: 0.189988 MB, data: 1.279249 MB
--- Unary Path Analysis (FST, cutoff=4) ---
  shared unary steps in main trie: 150595
  terminal suffixes: inplace=193950 (avg len=1.79)  links=60939 (23.9% of terminal)
  link len: avg=4.24  max=35  total_chars=258586
  link length distribution (len:count):  4:25346  5:15798  6:9608  7:4976  8:2612  9:1355  10:653  11:330  12:137  13:65  14:25  15:11  16:9  17:6  18:2  19:3  20:1  21:1  36:1
69.256701,1.889297,256.536381
[PASSED]
[time 0.37 s, user 0.34 s, sys 0.02 s, maxrss 48984 KB]
[busy 44 jiffies]
[exit 0]
--- c2 case 0 rec 1   load 0.28 0.37 0.86
[TEST C2-FST]
Processing dataset...
Done!
Building trie...
trie size: 0.142362 MB
Done!
build time: 72.566281 ms (151.235520 ns per key)
space cost: 1.889297 MB (44.282271% of original size 4.266485 MB)
Querying trie...
Done!
total time: 122.559766 ms, avg latency: 255.427035 ns
topology: 0.420059 MB, link: 0.189988 MB, data: 1.279249 MB
--- Unary Path Analysis (FST, cutoff=4) ---
  shared unary steps in main trie: 150595
  terminal suffixes: inplace=193950 (avg len=1.79)  links=60939 (23.9% of terminal)
  link len: avg=4.24  max=35  total_chars=258586
  link length distribution (len:count):  4:25346  5:15798  6:9608  7:4976  8:2612  9:1355  10:653  11:330  12:137  13:65  14:25  15:11  16:9  17:6  18:2  19:3  20:1  21:1  36:1
72.566281,1.889297,255.427035
[PASSED]
[time 0.37 s, user 0.34 s, sys 0.03 s, maxrss 48872 KB]
[busy 44 jiffies]
[exit 0]
--- c2 case 0 rec 2   load 0.28 0.37 0.86
[TEST C2-FST]
Processing dataset...
Done!
Building trie...
trie size: 0.142362 MB
Done!
build time: 72.939553 ms (152.013457 ns per key)
space cost: 1.889297 MB (44.282271% of original size 4.266485 MB)
Querying trie...
Done!
total time: 121.963485 ms, avg latency: 254.184324 ns
topology: 0.420059 MB, link: 0.189988 MB, data: 1.279249 MB
--- Unary Path Analysis (FST, cutoff=4) ---
  shared unary steps in main trie: 150595
  terminal suffixes: inplace=193950 (avg len=1.79)  links=60939 (23.9% of terminal)
  link len: avg=4.24  max=35  total_chars=258586
  link length distribution (len:count):  4:25346  5:15798  6:9608  7:4976  8:2612  9:1355  10:653  11:330  12:137  13:65  14:25  15:11  16:9  17:6  18:2  19:3  20:1  21:1  36:1
72.939553,1.889297,254.184324
[PASSED]
[time 0.37 s, user 0.33 s, sys 0.03 s, maxrss 48688 KB]
[busy 41 jiffies]
[exit 0]
--- c2 case 1 rec 0   load 0.25 0.36 0.86
[TEST C2-CoCo(LOUDS-Sparse)]
Processing dataset...
Done!
Building trie...
Done!
build time: 410.171483 ms (854.839145 ns per key)
space cost: 2.136750 MB (50.082199% of original size 4.266485 MB)
Querying trie...
Done!
total time: 193.626769 ms, avg latency: 403.537907 ns
topology: 0.195229 MB, link: 0.520357 MB, data: 1.421164 MB
410.171483,2.136750,403.537907
[PASSED]
[time 0.78 s, user 0.72 s, sys 0.05 s, maxrss 97576 KB]
[busy 83 jiffies]
[exit 0]
--- c2 case 1 rec 1   load 0.25 0.36 0.86
[TEST C2-CoCo(LOUDS-Sparse)]
Processing dataset...
Done!
Building trie...
trie size: 0.142362 MB
Done!
build time: 411.986094 ms (858.620979 ns per key)
space cost: 2.136750 MB (50.082199% of original size 4.266485 MB)
Querying trie...
Done!
total time: 195.206709 ms, avg latency: 406.830663 ns
topology: 0.195229 MB, link: 0.520357 MB, data: 1.421164 MB
411.986094,2.136750,406.830663
[PASSED]
[time 0.78 s, user 0.73 s, sys 0.04 s, maxrss 97908 KB]
[busy 84 jiffies]
[exit 0]
--- c2 case 1 rec 2   load 0.25 0.36 0.86
[TEST C2-CoCo(LOUDS-Sparse)]
Processing dataset...
Done!
Building trie...
trie size: 0.142362 MB
Done!
build time: 410.774466 ms (856.095823 ns per key)
space cost: 2.136750 MB (50.082199% of original size 4.266485 MB)
Querying trie...
Done!
total time: 196.492354 ms, avg latency: 409.510078 ns
topology: 0.195229 MB, link: 0.520357 MB, data: 1.421164 MB
410.774466,2.136750,409.510078
[PASSED]
[time 0.78 s, user 0.72 s, sys 0.05 s, maxrss 97908 KB]
[busy 85 jiffies]
[exit 0]
--- c2 case 2 rec 0   load 0.31 0.37 0.86
[TEST C2-MARISA]
Processing dataset...
Done!
Building trie...
trie size: 1.224291 MB
Done!
build time: 107.829139 ms (224.726908 ns per key)
space cost: 1.753984 MB (41.110759% of original size 4.266485 MB)
Querying trie...
Done!
total time: 98.220830 ms, avg latency: 204.702213 ns
topology: 0.405689 MB, link: 0.420969 MB, data: 0.917072 MB
--- Unary Path Analysis (Marisa, cutoff=3) ---
  branches: 742737  |  single-char: 411656 (55.4%)  short-unary: 124451 (16.8%)  links: 206630 (27.8%)
  link len: avg=4.35  max=37  total_chars=898820
  link length distribution (len:count):  3:81252  4:55503  5:30038  6:18037  7:10646  8:5519  9:2885  10:1442  11:688  12:346  13:146  14:66  15:26  16:12  17:9  18:7  19:2  20:3  21:1  22:1  37:1
  short unary avg len: 2.00
107.829139,1.753984,204.702213
[PASSED]
[time 0.38 s, user 0.33 s, sys 0.03 s, maxrss 62996 KB]
[busy 44 jiffies]
[exit 0]
--- c2 case 2 rec 1   load 0.31 0.37 0.86
[TEST C2-MARISA]
Processing dataset...
Done!
Building trie...
trie size: 1.224291 MB
trie size: 0.455650 MB
Done!
build time: 109.140203 ms (227.459299 ns per key)
space cost: 1.692706 MB (39.674487% of original size 4.266485 MB)
Querying trie...
Done!
total time: 103.555676 ms, avg latency: 215.820576 ns
topology: 0.426247 MB, link: 0.398585 MB, data: 0.857620 MB
--- Unary Path Analysis (Marisa, cutoff=3) ---
  branches: 742737  |  single-char: 411656 (55.4%)  short-unary: 124451 (16.8%)  links: 206630 (27.8%)
  link len: avg=4.35  max=37  total_chars=898820
  link length distribution (len:count):  3:81252  4:55503  5:30038  6:18037  7:10646  8:5519  9:2885  10:1442  11:688  12:346  13:146  14:66  15:26  16:12  17:9  18:7  19:2  20:3  21:1  22:1  37:1
  short unary avg len: 2.00
109.140203,1.692706,215.820576
[PASSED]
[time 0.38 s, user 0.34 s, sys 0.04 s, maxrss 62940 KB]
[busy 44 jiffies]
[exit 0]
--- c2 case 2 rec 2   load 0.31 0.37 0.86
[TEST C2-MARISA]
Processing dataset...
Done!
Building trie...
trie size: 1.224291 MB
trie size: 0.455650 MB
trie size: 0.007228 MB
Done!
build time: 112.708330 ms (234.895639 ns per key)
space cost: 1.692706 MB (39.674487% of original size 4.266485 MB)
Querying trie...
Done!
total time: 103.432405 ms, avg latency: 215.563666 ns
topology: 0.426247 MB, link: 0.398585 MB, data: 0.857620 MB
--- Unary Path Analysis (Marisa, cutoff=3) ---
  branches: 742737  |  single-char: 411656 (55.4%)  short-unary: 124451 (16.8%)  links: 206630 (27.8%)
  link len: avg=4.35  max=37  total_chars=898820
  link length distribution (len:count):  3:81252  4:55503  5:30038  6:18037  7:10646  8:5519  9:2885  10:1442  11:688  12:346  13:146  14:66  15:26  16:12  17:9  18:7  19:2  20:3  21:1  22:1  37:1
  short unary avg len: 2.00
112.708330,1.692706,215.563666
[PASSED]
[time 0.39 s, user 0.35 s, sys 0.04 s, maxrss 62952 KB]
[busy 46 jiffies]
[exit 0]
--- c2 case 3 rec 0   load 0.29 0.37 0.85
[TEST FST]
Processing dataset...
Done!
Building trie...
Done!
build time: 180.372537 ms (375.914737 ns per key)
space cost: 2.144493 MB (50.263695% of original size 4.266485 MB)
Querying trie...
Done!
total time: 198.936328 ms, avg latency: 414.603568 ns
not implemented
180.372537,2.144493,414.603568
[PASSED]
[time 0.55 s, user 0.51 s, sys 0.03 s, maxrss 41452 KB]
[busy 61 jiffies]
[exit 0]
--- c2 case 4 rec 0   load 0.29 0.37 0.85
[TEST COCO]
Processing dataset...
Done!
Building trie...
num nodes = 100870, average depth = 2.907644
ef = 0.002379, pa = 0.381531, bv = 0.002558, de = 0.468484
efr = 0.010370, par = 0.134639, bvr = 0.000020, der = 0.000020
Done!
build time: 1548.061521 ms (3226.317873 ns per key)
space cost: 2.485874 MB (58.265159% of original size 4.266485 MB)
Querying trie...
Done!
total time: 167.569002 ms, avg latency: 349.230866 ns
not implemented
1548.061521,2.485874,349.230866
[PASSED]
[time 1.94 s, user 1.55 s, sys 0.38 s, maxrss 920168 KB]
[busy 203 jiffies]
[exit 0]
--- c2 case 5 rec 0   load 0.26 0.36 0.85
[TEST MARISA]
Processing dataset...
Done!
Building trie...
Done!
build time: 150.744540 ms (314.166974 ns per key)
space cost: 1.546566 MB (36.249182% of original size 4.266485 MB)
Querying trie...
Done!
total time: 144.732550 ms, avg latency: 301.637375 ns
not implemented
150.744540,1.546566,301.637375
[PASSED]
[time 0.47 s, user 0.43 s, sys 0.03 s, maxrss 63160 KB]
[busy 52 jiffies]
[exit 0]
--- c2 case 5 rec 1   load 0.26 0.36 0.85
[TEST MARISA]
Processing dataset...
Done!
Building trie...
Done!
build time: 153.664167 ms (320.251774 ns per key)
space cost: 1.371034 MB (32.134968% of original size 4.266485 MB)
Querying trie...
Done!
total time: 164.538867 ms, avg latency: 342.915756 ns
not implemented
153.664167,1.371034,342.915756
[PASSED]
[time 0.49 s, user 0.44 s, sys 0.04 s, maxrss 63156 KB]
[busy 58 jiffies]
[exit 0]
--- c2 case 5 rec 2   load 0.26 0.36 0.85
[TEST MARISA]
Processing dataset...
Done!
Building trie...
Done!
build time: 154.666031 ms (322.339761 ns per key)
space cost: 1.362252 MB (31.929145% of original size 4.266485 MB)
Querying trie...
Done!
total time: 163.276714 ms, avg latency: 340.285301 ns
not implemented
154.666031,1.362252,340.285301
[PASSED]
[time 0.49 s, user 0.45 s, sys 0.03 s, maxrss 62984 KB]
[busy 56 jiffies]
[exit 0]
--- c2 case 6 rec 0   load 0.26 0.36 0.85
[TEST PDT]
Processing dataset...
Done!
Building trie...
dict size: 35774, stream size: 975943
Done!
build time: 333.183642 ms (694.388643 ns per key)
space cost: 1.577207 MB (36.967352% of original size 4.266485 MB)
Querying trie...
Done!
total time: 205.177018 ms, avg latency: 427.609802 ns
not implemented
333.183642,1.577207,427.609802
[PASSED]
[time 0.71 s, user 0.68 s, sys 0.02 s, maxrss 52892 KB]
[busy 78 jiffies]
[exit 0]
--- c2 case 7 rec 0   load 0.32 0.37 0.85
[TEST ART]
Processing dataset...
Done!
Building trie...
Done!
build time: 47.603883 ms (99.211340 ns per key)
space cost: 16.425407 MB (384.986859% of original size 4.266485 MB)
Querying trie...
Done!
total time: 82.424099 ms, avg latency: 171.780217 ns
not implemented
47.603883,16.425407,171.780217
[PASSED]
[time 0.30 s, user 0.27 s, sys 0.03 s, maxrss 61900 KB]
[busy 37 jiffies]
[exit 0]
--- c2 case 8 rec 0   load 0.32 0.37 0.85
[TEST CART]
Processing dataset...
Done!
Building trie...
Done!
build time: 67.342453 ms (140.348531 ns per key)
space cost: 7.328448 MB (171.767812% of original size 4.266485 MB)
Querying trie...
Done!
total time: 102.063913 ms, avg latency: 212.711589 ns
not implemented
67.342453,7.328448,212.711589
[PASSED]
[time 0.34 s, user 0.30 s, sys 0.03 s, maxrss 62192 KB]
[busy 39 jiffies]
[exit 0]
--- xcdat 7   load 0.32 0.37 0.85
build time: 109.174227 ms
space cost: 2.721505 MiB (63.787990% of original size 4.266485 MiB)
avg latency: 107.088422 ns
109.174227,2.721505,107.088422
[time 0.33 s, user 0.29 s, sys 0.04 s, maxrss 52004 KB]
[busy 38 jiffies]
[exit 0]
--- xcdat 8   load 0.30 0.37 0.84
build time: 96.747150 ms
space cost: 2.597720 MiB (60.886655% of original size 4.266485 MiB)
avg latency: 108.268259 ns
96.747150,2.597720,108.268259
[time 0.32 s, user 0.28 s, sys 0.02 s, maxrss 52092 KB]
[busy 38 jiffies]
[exit 0]
--- xcdat 15   load 0.30 0.37 0.84
build time: 105.982758 ms
space cost: 3.340850 MiB (78.304499% of original size 4.266485 MiB)
avg latency: 76.684878 ns
105.982758,3.340850,76.684878
[time 0.31 s, user 0.28 s, sys 0.03 s, maxrss 58196 KB]
[busy 39 jiffies]
[exit 0]
--- xcdat 16   load 0.30 0.37 0.84
build time: 98.230708 ms
space cost: 3.550420 MiB (83.216503% of original size 4.266485 MiB)
avg latency: 83.260573 ns
98.230708,3.550420,83.260573
[time 0.31 s, user 0.26 s, sys 0.04 s, maxrss 58180 KB]
[busy 38 jiffies]
[exit 0]

##### dna-1000000 (1000000 lines, 25000000 bytes)   round 1/3   2026-09-24T02:58:06+03:00
--- lexindex dict32   load 0.30 0.37 0.84
1000000 keys
lexindex DictIndex block 32: build 96 ms, size 4.768 MiB (5.000 B/key), latency cold 350.4 ns, then mean 343.8 / min 341.9 ns
96.160,4.768131,350.409
[time 1.98 s, user 2.43 s, sys 0.17 s, maxrss 183028 KB]
[busy 282 jiffies]
[exit 0]
--- lexindex dict256   load 0.35 0.38 0.84
1000000 keys
lexindex DictIndex block 256: build 97 ms, size 4.172 MiB (4.375 B/key), latency cold 339.6 ns, then mean 335.5 / min 334.3 ns
96.665,4.172320,339.559
[time 1.94 s, user 2.43 s, sys 0.16 s, maxrss 173736 KB]
[busy 277 jiffies]
[exit 0]
--- lexindex dict1024   load 0.33 0.37 0.84
1000000 keys
lexindex DictIndex block 1024: build 100 ms, size 4.035 MiB (4.231 B/key), latency cold 366.8 ns, then mean 363.8 / min 358.2 ns
99.696,4.034555,366.842
[time 2.06 s, user 2.31 s, sys 0.12 s, maxrss 160416 KB]
[busy 268 jiffies]
[exit 0]
--- lexindex string   load 0.33 0.37 0.84
1000000 keys
lexindex StringIndex: build 1100 ms, size 16.920 MiB (17.741 B/key), latency cold 421.9 ns, then mean 406.8 / min 403.3 ns
1099.914,16.919603,421.931
[time 3.23 s, user 3.14 s, sys 0.07 s, maxrss 165080 KB]
[busy 340 jiffies]
[exit 0]
--- lexindex hashed0   load 0.38 0.38 0.84
1000000 keys
lexindex HashedDictIndex closed: build 193 ms, size 6.786 MiB (7.115 B/key), latency cold 44.4 ns, then mean 43.1 / min 43.1 ns
193.076,6.785599,44.361
[time 0.85 s, user 1.34 s, sys 0.18 s, maxrss 174396 KB]
[busy 171 jiffies]
[exit 0]
--- lexindex hashed8   load 0.38 0.38 0.84
1000000 keys
lexindex HashedDictIndex fp=8: build 191 ms, size 7.739 MiB (8.115 B/key), latency cold 59.7 ns, then mean 57.6 / min 57.5 ns
191.440,7.739273,59.726
[time 0.91 s, user 1.43 s, sys 0.16 s, maxrss 174060 KB]
[busy 178 jiffies]
[exit 0]
--- lexindex hashed16   load 0.51 0.41 0.85
1000000 keys
lexindex HashedDictIndex fp=16: build 189 ms, size 8.693 MiB (9.115 B/key), latency cold 61.2 ns, then mean 61.2 / min 59.7 ns
189.326,8.692947,61.249
[time 0.91 s, user 1.46 s, sys 0.15 s, maxrss 174208 KB]
[busy 178 jiffies]
[exit 0]
--- c2 case 0 rec 0   load 0.51 0.41 0.85
[TEST C2-FST]
Processing dataset...
Done!
Building trie...
Done!
build time: 1421.168100 ms (1421.168100 ns per key)
space cost: 11.502727 MB (50.256179% of original size 22.888184 MB)
Querying trie...
Done!
total time: 412.781890 ms, avg latency: 412.781890 ns
topology: 0.892128 MB, link: 2.893083 MB, data: 7.717516 MB
--- Unary Path Analysis (FST, cutoff=4) ---
  shared unary steps in main trie: 98146
  terminal suffixes: inplace=2 (avg len=3.00)  links=999998 (100.0% of terminal)
  link len: avg=12.12  max=15  total_chars=12118007
  link length distribution (len:count):  4:2  5:10  6:40  7:176  8:732  9:2727  10:11261  11:42928  12:153933  13:402475  14:363824  15:21889  16:1
1421.168100,11.502727,412.781890
[PASSED]
[time 2.53 s, user 2.36 s, sys 0.15 s, maxrss 255744 KB]
[busy 266 jiffies]
[exit 0]
--- c2 case 0 rec 1   load 0.55 0.42 0.85
[TEST C2-FST]
Processing dataset...
Done!
Building trie...
trie size: 5.258043 MB
Done!
build time: 2147.734549 ms (2147.734549 ns per key)
space cost: 11.502727 MB (50.256179% of original size 22.888184 MB)
Querying trie...
Done!
total time: 408.475535 ms, avg latency: 408.475535 ns
topology: 0.892128 MB, link: 2.893083 MB, data: 7.717516 MB
--- Unary Path Analysis (FST, cutoff=4) ---
  shared unary steps in main trie: 98146
  terminal suffixes: inplace=2 (avg len=3.00)  links=999998 (100.0% of terminal)
  link len: avg=12.12  max=15  total_chars=12118007
  link length distribution (len:count):  4:2  5:10  6:40  7:176  8:732  9:2727  10:11261  11:42928  12:153933  13:402475  14:363824  15:21889  16:1
2147.734549,11.502727,408.475535
[PASSED]
[time 3.25 s, user 3.06 s, sys 0.18 s, maxrss 284204 KB]
[busy 338 jiffies]
[exit 0]
--- c2 case 0 rec 2   load 0.58 0.43 0.85
[TEST C2-FST]
Processing dataset...
Done!
Building trie...
trie size: 5.258043 MB
Done!
build time: 2147.754817 ms (2147.754817 ns per key)
space cost: 11.502727 MB (50.256179% of original size 22.888184 MB)
Querying trie...
Done!
total time: 410.222809 ms, avg latency: 410.222809 ns
topology: 0.892128 MB, link: 2.893083 MB, data: 7.717516 MB
--- Unary Path Analysis (FST, cutoff=4) ---
  shared unary steps in main trie: 98146
  terminal suffixes: inplace=2 (avg len=3.00)  links=999998 (100.0% of terminal)
  link len: avg=12.12  max=15  total_chars=12118007
  link length distribution (len:count):  4:2  5:10  6:40  7:176  8:732  9:2727  10:11261  11:42928  12:153933  13:402475  14:363824  15:21889  16:1
2147.754817,11.502727,410.222809
[PASSED]
[time 3.25 s, user 3.05 s, sys 0.18 s, maxrss 284236 KB]
[busy 337 jiffies]
[exit 0]
--- c2 case 1 rec 0   load 0.54 0.42 0.84
[TEST C2-CoCo(LOUDS-Sparse)]
Processing dataset...
Done!
Building trie...
Done!
build time: 1994.725833 ms (1994.725833 ns per key)
space cost: 9.777104 MB (42.716818% of original size 22.888184 MB)
Querying trie...
Done!
total time: 457.599856 ms, avg latency: 457.599856 ns
topology: 0.343521 MB, link: 3.029230 MB, data: 6.404353 MB
1994.725833,9.777104,457.599856
[PASSED]
[time 3.14 s, user 2.92 s, sys 0.21 s, maxrss 385836 KB]
[busy 331 jiffies]
[exit 0]
--- c2 case 1 rec 1   load 0.54 0.42 0.84
[TEST C2-CoCo(LOUDS-Sparse)]
Processing dataset...
Done!
Building trie...
trie size: 5.258043 MB
Done!
build time: 2706.243768 ms (2706.243768 ns per key)
space cost: 9.777104 MB (42.716818% of original size 22.888184 MB)
Querying trie...
Done!
total time: 461.466644 ms, avg latency: 461.466644 ns
topology: 0.343521 MB, link: 3.029230 MB, data: 6.404353 MB
2706.243768,9.777104,461.466644
[PASSED]
[time 3.86 s, user 3.64 s, sys 0.20 s, maxrss 413912 KB]
[busy 398 jiffies]
[exit 0]
--- c2 case 1 rec 2   load 0.58 0.43 0.84
[TEST C2-CoCo(LOUDS-Sparse)]
Processing dataset...
Done!
Building trie...
trie size: 5.258043 MB
Done!
build time: 2681.099289 ms (2681.099289 ns per key)
space cost: 9.777104 MB (42.716818% of original size 22.888184 MB)
Querying trie...
Done!
total time: 449.968333 ms, avg latency: 449.968333 ns
topology: 0.343521 MB, link: 3.029230 MB, data: 6.404353 MB
2681.099289,9.777104,449.968333
[PASSED]
[time 3.83 s, user 3.62 s, sys 0.19 s, maxrss 413876 KB]
[busy 395 jiffies]
[exit 0]
--- c2 case 2 rec 0   load 0.61 0.44 0.85
[TEST C2-MARISA]
Processing dataset...
Done!
Building trie...
trie size: 2.428399 MB
Done!
build time: 1324.085710 ms (1324.085710 ns per key)
space cost: 10.748939 MB (46.962829% of original size 22.888184 MB)
Querying trie...
Done!
total time: 381.589201 ms, avg latency: 381.589201 ns
topology: 0.804615 MB, link: 2.791285 MB, data: 7.132531 MB
--- Unary Path Analysis (Marisa, cutoff=3) ---
  branches: 1681124  |  single-char: 605889 (36.0%)  short-unary: 58000 (3.5%)  links: 1017235 (60.5%)
  link len: avg=13.94  max=17  total_chars=14175392
  link length distribution (len:count):  3:13001  4:3156  5:812  6:209  7:97  8:186  9:733  10:2730  11:11261  12:42928  13:153933  14:402475  15:363824  16:21889  17:1
  short unary avg len: 2.00
1324.085710,10.748939,381.589201
[PASSED]
[time 2.40 s, user 2.24 s, sys 0.15 s, maxrss 252080 KB]
[busy 254 jiffies]
[exit 0]
--- c2 case 2 rec 1   load 0.64 0.45 0.85
[TEST C2-MARISA]
Processing dataset...
Done!
Building trie...
trie size: 2.428399 MB
trie size: 5.162292 MB
Done!
build time: 2197.263150 ms (2197.263150 ns per key)
space cost: 10.748939 MB (46.962829% of original size 22.888184 MB)
Querying trie...
Done!
total time: 380.590905 ms, avg latency: 380.590905 ns
topology: 0.804615 MB, link: 2.791285 MB, data: 7.132531 MB
--- Unary Path Analysis (Marisa, cutoff=3) ---
  branches: 1681124  |  single-char: 605889 (36.0%)  short-unary: 58000 (3.5%)  links: 1017235 (60.5%)
  link len: avg=13.94  max=17  total_chars=14175392
  link length distribution (len:count):  3:13001  4:3156  5:812  6:209  7:97  8:186  9:733  10:2730  11:11261  12:42928  13:153933  14:402475  15:363824  16:21889  17:1
  short unary avg len: 2.00
2197.263150,10.748939,380.590905
[PASSED]
[time 3.30 s, user 3.06 s, sys 0.21 s, maxrss 285348 KB]
[busy 340 jiffies]
[exit 0]
--- c2 case 2 rec 2   load 0.67 0.46 0.85
[TEST C2-MARISA]
Processing dataset...
Done!
Building trie...
trie size: 2.428399 MB
trie size: 5.162292 MB
Done!
build time: 2210.408017 ms (2210.408017 ns per key)
space cost: 10.748939 MB (46.962829% of original size 22.888184 MB)
Querying trie...
Done!
total time: 386.698365 ms, avg latency: 386.698365 ns
topology: 0.804615 MB, link: 2.791285 MB, data: 7.132531 MB
--- Unary Path Analysis (Marisa, cutoff=3) ---
  branches: 1681124  |  single-char: 605889 (36.0%)  short-unary: 58000 (3.5%)  links: 1017235 (60.5%)
  link len: avg=13.94  max=17  total_chars=14175392
  link length distribution (len:count):  3:13001  4:3156  5:812  6:209  7:97  8:186  9:733  10:2730  11:11261  12:42928  13:153933  14:402475  15:363824  16:21889  17:1
  short unary avg len: 2.00
2210.408017,10.748939,386.698365
[PASSED]
[time 3.32 s, user 3.09 s, sys 0.21 s, maxrss 285016 KB]
[busy 347 jiffies]
[exit 0]
--- c2 case 3 rec 0   load 0.70 0.47 0.85
[TEST FST]
Processing dataset...
Done!
Building trie...
Done!
build time: 944.023819 ms (944.023819 ns per key)
space cost: 18.082896 MB (79.005379% of original size 22.888184 MB)
Querying trie...
Done!
total time: 551.442727 ms, avg latency: 551.442727 ns
not implemented
944.023819,18.082896,551.442727
[PASSED]
[time 2.20 s, user 2.09 s, sys 0.10 s, maxrss 179208 KB]
[busy 232 jiffies]
[exit 0]
--- c2 case 4 rec 0   load 0.70 0.47 0.85
[TEST COCO]
Processing dataset...
Done!
Building trie...
num nodes = 65537, average depth = 14.999878
ef = 0.000000, pa = 0.000000, bv = 0.000000, de = 0.000015
efr = 0.000015, par = 0.999969, bvr = 0.000000, der = 0.000000
Done!
build time: 22468.842587 ms (22468.842587 ns per key)
space cost: 5.857979 MB (25.593899% of original size 22.888184 MB)
Querying trie...
Done!
total time: 371.647325 ms, avg latency: 371.647325 ns
not implemented
22468.842587,5.857979,371.647325
[PASSED]
[time 24.52 s, user 18.55 s, sys 5.85 s, maxrss 13623992 KB]
[busy 2666 jiffies]
[exit 0]
--- c2 case 5 rec 0   load 0.74 0.50 0.85
[TEST MARISA]
Processing dataset...
Done!
Building trie...
Done!
build time: 682.432959 ms (682.432959 ns per key)
space cost: 18.867507 MB (82.433396% of original size 22.888184 MB)
Querying trie...
Done!
total time: 532.819785 ms, avg latency: 532.819785 ns
not implemented
682.432959,18.867507,532.819785
[PASSED]
[time 1.91 s, user 1.77 s, sys 0.13 s, maxrss 223028 KB]
[busy 201 jiffies]
[exit 0]
--- c2 case 5 rec 1   load 0.74 0.50 0.85
[TEST MARISA]
Processing dataset...
Done!
Building trie...
Done!
build time: 951.116339 ms (951.116339 ns per key)
space cost: 7.640043 MB (33.379858% of original size 22.888184 MB)
Querying trie...
Done!
total time: 728.512216 ms, avg latency: 728.512216 ns
not implemented
951.116339,7.640043,728.512216
[PASSED]
[time 2.39 s, user 2.23 s, sys 0.15 s, maxrss 222048 KB]
[busy 250 jiffies]
[exit 0]
--- c2 case 5 rec 2   load 0.76 0.51 0.85
[TEST MARISA]
Processing dataset...
Done!
Building trie...
Done!
build time: 944.239815 ms (944.239815 ns per key)
space cost: 7.210847 MB (31.504671% of original size 22.888184 MB)
Querying trie...
Done!
total time: 774.007326 ms, avg latency: 774.007326 ns
not implemented
944.239815,7.210847,774.007326
[PASSED]
[time 2.42 s, user 2.26 s, sys 0.14 s, maxrss 222000 KB]
[busy 251 jiffies]
[exit 0]
--- c2 case 6 rec 0   load 0.70 0.50 0.84
[TEST PDT]
Processing dataset...
Done!
Building trie...
dict size: 151324, stream size: 6218209
Done!
build time: 2900.138481 ms (2900.138481 ns per key)
space cost: 7.350519 MB (32.114908% of original size 22.888184 MB)
Querying trie...
Done!
total time: 764.969439 ms, avg latency: 764.969439 ns
not implemented
2900.138481,7.350519,764.969439
[PASSED]
[time 4.37 s, user 4.18 s, sys 0.17 s, maxrss 212896 KB]
[busy 453 jiffies]
[exit 0]
--- c2 case 7 rec 0   load 0.64 0.49 0.84
[TEST ART]
Processing dataset...
Done!
Building trie...
Done!
build time: 194.397938 ms (194.397938 ns per key)
space cost: 33.278465 MB (145.395833% of original size 22.888184 MB)
Querying trie...
Done!
total time: 408.382841 ms, avg latency: 408.382841 ns
not implemented
194.397938,33.278465,408.382841
[PASSED]
[time 1.33 s, user 1.20 s, sys 0.12 s, maxrss 222976 KB]
[busy 141 jiffies]
[exit 0]
--- c2 case 8 rec 0   load 0.64 0.49 0.84
[TEST CART]
Processing dataset...
Done!
Building trie...
Done!
build time: 243.075510 ms (243.075510 ns per key)
space cost: 15.643999 MB (68.349675% of original size 22.888184 MB)
Querying trie...
Done!
total time: 449.941232 ms, avg latency: 449.941232 ns
not implemented
243.075510,15.643999,449.941232
[PASSED]
[time 1.44 s, user 1.31 s, sys 0.11 s, maxrss 214632 KB]
[busy 151 jiffies]
[exit 0]
--- xcdat 7   load 0.59 0.49 0.83
build time: 830.632376 ms
space cost: 19.789600 MiB (86.462083% of original size 22.888184 MiB)
avg latency: 295.165455 ns
830.632376,19.789600,295.165455
[time 1.82 s, user 1.70 s, sys 0.11 s, maxrss 180572 KB]
[busy 191 jiffies]
[exit 0]
--- xcdat 8   load 0.59 0.49 0.83
build time: 783.596209 ms
space cost: 19.685819 MiB (86.008654% of original size 22.888184 MiB)
avg latency: 290.776165 ns
783.596209,19.685819,290.776165
[time 1.78 s, user 1.64 s, sys 0.12 s, maxrss 180460 KB]
[busy 185 jiffies]
[exit 0]
--- xcdat 15   load 0.54 0.48 0.83
build time: 812.969527 ms
space cost: 21.414997 MiB (93.563550% of original size 22.888184 MiB)
avg latency: 275.720467 ns
812.969527,21.414997,275.720467
[time 1.79 s, user 1.65 s, sys 0.13 s, maxrss 182212 KB]
[busy 193 jiffies]
[exit 0]
--- xcdat 16   load 0.54 0.48 0.83
build time: 786.671109 ms
space cost: 21.935129 MiB (95.836042% of original size 22.888184 MiB)
avg latency: 290.525954 ns
786.671109,21.935129,290.525954
[time 1.78 s, user 1.65 s, sys 0.11 s, maxrss 182560 KB]
[busy 187 jiffies]
[exit 0]

##### domains-1000000 (1000000 lines, 14782044 bytes)   round 1/3   2026-09-24T03:00:03+03:00
--- lexindex dict32   load 0.58 0.49 0.83
1000000 keys
lexindex DictIndex block 32: build 205 ms, size 4.599 MiB (4.822 B/key), latency cold 319.5 ns, then mean 307.7 / min 306.8 ns
204.831,4.598972,319.523
[time 1.92 s, user 3.17 s, sys 0.24 s, maxrss 237204 KB]
[busy 368 jiffies]
[exit 0]
--- lexindex dict256   load 0.58 0.49 0.83
1000000 keys
lexindex DictIndex block 256: build 203 ms, size 4.291 MiB (4.500 B/key), latency cold 326.6 ns, then mean 322.0 / min 318.6 ns
203.373,4.291158,326.590
[time 1.98 s, user 3.28 s, sys 0.23 s, maxrss 237596 KB]
[busy 373 jiffies]
[exit 0]
--- lexindex dict1024   load 0.61 0.50 0.83
1000000 keys
lexindex DictIndex block 1024: build 221 ms, size 4.160 MiB (4.363 B/key), latency cold 401.6 ns, then mean 394.9 / min 393.4 ns
220.961,4.160439,401.584
[time 2.27 s, user 3.05 s, sys 0.17 s, maxrss 215100 KB]
[busy 345 jiffies]
[exit 0]
--- lexindex string   load 0.64 0.50 0.83
1000000 keys
lexindex StringIndex: build 592 ms, size 10.017 MiB (10.504 B/key), latency cold 207.2 ns, then mean 202.7 / min 198.1 ns
591.910,10.017015,207.232
[time 1.86 s, user 1.79 s, sys 0.06 s, maxrss 136040 KB]
[busy 201 jiffies]
[exit 0]
--- lexindex hashed0   load 0.64 0.50 0.83
1000000 keys
lexindex HashedDictIndex closed: build 294 ms, size 6.905 MiB (7.240 B/key), latency cold 29.6 ns, then mean 25.2 / min 25.2 ns
294.101,6.904865,29.641
[time 0.86 s, user 2.21 s, sys 0.24 s, maxrss 247508 KB]
[busy 267 jiffies]
[exit 0]
--- lexindex hashed8   load 0.59 0.50 0.83
1000000 keys
lexindex HashedDictIndex fp=8: build 297 ms, size 7.859 MiB (8.240 B/key), latency cold 34.6 ns, then mean 30.2 / min 30.0 ns
297.254,7.858540,34.614
[time 0.89 s, user 2.18 s, sys 0.22 s, maxrss 248360 KB]
[busy 265 jiffies]
[exit 0]
--- lexindex hashed16   load 0.59 0.50 0.83
1000000 keys
lexindex HashedDictIndex fp=16: build 294 ms, size 8.812 MiB (9.240 B/key), latency cold 34.5 ns, then mean 30.6 / min 29.7 ns
293.524,8.812214,34.533
[time 0.89 s, user 2.24 s, sys 0.24 s, maxrss 249512 KB]
[busy 268 jiffies]
[exit 0]
--- c2 case 0 rec 0   load 0.59 0.50 0.83
[TEST C2-FST]
Processing dataset...
Done!
Building trie...
Done!
build time: 630.667253 ms (630.667253 ns per key)
space cost: 6.917822 MB (52.632701% of original size 13.143581 MB)
Querying trie...
Done!
total time: 331.675317 ms, avg latency: 331.675317 ns
topology: 0.942398 MB, link: 2.041207 MB, data: 3.934216 MB
--- Unary Path Analysis (FST, cutoff=4) ---
  shared unary steps in main trie: 268333
  terminal suffixes: inplace=220500 (avg len=1.97)  links=754948 (77.4% of terminal)
  link len: avg=6.76  max=63  total_chars=5105329
  link length distribution (len:count):  4:91687  5:111663  6:114934  7:103953  8:85177  9:68086  10:51456  11:37502  12:26935  13:19286  14:13392  15:9281  16:6718  17:4599  18:3138  19:2143  20:1561  21:980  22:717  23:511  24:315  25:289  26:154  27:98  28:76  29:70  30:38  31:24  32:35  33:24  34:15  35:9  36:12  37:9  38:5  39:5  40:5  41:8  42:4  43:7  45:3  46:1  48:1  50:1  52:4  54:2  55:1  56:5  57:4  59:2  63:2  64:1
630.667253,6.917822,331.675317
[PASSED]
[time 1.38 s, user 1.26 s, sys 0.11 s, maxrss 182924 KB]
[busy 144 jiffies]
[exit 0]
--- c2 case 0 rec 1   load 0.63 0.50 0.83
[TEST C2-FST]
Processing dataset...
Done!
Building trie...
trie size: 2.171301 MB
Done!
build time: 708.314605 ms (708.314605 ns per key)
space cost: 6.261899 MB (47.642258% of original size 13.143581 MB)
Querying trie...
Done!
total time: 391.980222 ms, avg latency: 391.980222 ns
topology: 1.096256 MB, link: 1.933458 MB, data: 3.232184 MB
--- Unary Path Analysis (FST, cutoff=4) ---
  shared unary steps in main trie: 268333
  terminal suffixes: inplace=220500 (avg len=1.97)  links=754948 (77.4% of terminal)
  link len: avg=6.76  max=63  total_chars=5105329
  link length distribution (len:count):  4:91687  5:111663  6:114934  7:103953  8:85177  9:68086  10:51456  11:37502  12:26935  13:19286  14:13392  15:9281  16:6718  17:4599  18:3138  19:2143  20:1561  21:980  22:717  23:511  24:315  25:289  26:154  27:98  28:76  29:70  30:38  31:24  32:35  33:24  34:15  35:9  36:12  37:9  38:5  39:5  40:5  41:8  42:4  43:7  45:3  46:1  48:1  50:1  52:4  54:2  55:1  56:5  57:4  59:2  63:2  64:1
708.314605,6.261899,391.980222
[PASSED]
[time 1.55 s, user 1.43 s, sys 0.11 s, maxrss 183228 KB]
[busy 167 jiffies]
[exit 0]
--- c2 case 0 rec 2   load 0.63 0.50 0.83
[TEST C2-FST]
Processing dataset...
Done!
Building trie...
trie size: 2.171301 MB
trie size: 0.145336 MB
Done!
build time: 692.905002 ms (692.905002 ns per key)
space cost: 6.261899 MB (47.642258% of original size 13.143581 MB)
Querying trie...
Done!
total time: 387.186913 ms, avg latency: 387.186913 ns
topology: 1.096256 MB, link: 1.933458 MB, data: 3.232184 MB
--- Unary Path Analysis (FST, cutoff=4) ---
  shared unary steps in main trie: 268333
  terminal suffixes: inplace=220500 (avg len=1.97)  links=754948 (77.4% of terminal)
  link len: avg=6.76  max=63  total_chars=5105329
  link length distribution (len:count):  4:91687  5:111663  6:114934  7:103953  8:85177  9:68086  10:51456  11:37502  12:26935  13:19286  14:13392  15:9281  16:6718  17:4599  18:3138  19:2143  20:1561  21:980  22:717  23:511  24:315  25:289  26:154  27:98  28:76  29:70  30:38  31:24  32:35  33:24  34:15  35:9  36:12  37:9  38:5  39:5  40:5  41:8  42:4  43:7  45:3  46:1  48:1  50:1  52:4  54:2  55:1  56:5  57:4  59:2  63:2  64:1
692.905002,6.261899,387.186913
[PASSED]
[time 1.51 s, user 1.39 s, sys 0.11 s, maxrss 183412 KB]
[busy 160 jiffies]
[exit 0]
--- c2 case 1 rec 0   load 0.66 0.51 0.83
[TEST C2-CoCo(LOUDS-Sparse)]
Processing dataset...
Done!
Building trie...
Done!
build time: 1352.199451 ms (1352.199451 ns per key)
space cost: 6.955368 MB (52.918365% of original size 13.143581 MB)
Querying trie...
Done!
total time: 489.296351 ms, avg latency: 489.296351 ns
topology: 0.405121 MB, link: 2.743303 MB, data: 3.806944 MB
1352.199451,6.955368,489.296351
[PASSED]
[time 2.26 s, user 2.06 s, sys 0.19 s, maxrss 326688 KB]
[busy 242 jiffies]
[exit 0]
--- c2 case 1 rec 1   load 0.60 0.50 0.83
[TEST C2-CoCo(LOUDS-Sparse)]
Processing dataset...
Done!
Building trie...
trie size: 2.171301 MB
Done!
build time: 1411.841510 ms (1411.841510 ns per key)
space cost: 6.299446 MB (47.927923% of original size 13.143581 MB)
Querying trie...
Done!
total time: 539.792501 ms, avg latency: 539.792501 ns
topology: 0.558979 MB, link: 2.635554 MB, data: 3.104912 MB
1411.841510,6.299446,539.792501
[PASSED]
[time 2.38 s, user 2.19 s, sys 0.18 s, maxrss 326984 KB]
[busy 247 jiffies]
[exit 0]
--- c2 case 1 rec 2   load 0.60 0.50 0.83
[TEST C2-CoCo(LOUDS-Sparse)]
Processing dataset...
Done!
Building trie...
trie size: 2.171301 MB
trie size: 0.145336 MB
Done!
build time: 1424.459506 ms (1424.459506 ns per key)
space cost: 6.299446 MB (47.927923% of original size 13.143581 MB)
Querying trie...
Done!
total time: 535.161136 ms, avg latency: 535.161136 ns
topology: 0.558979 MB, link: 2.635554 MB, data: 3.104912 MB
1424.459506,6.299446,535.161136
[PASSED]
[time 2.39 s, user 2.19 s, sys 0.18 s, maxrss 326916 KB]
[busy 251 jiffies]
[exit 0]
--- c2 case 2 rec 0   load 0.64 0.51 0.83
[TEST C2-MARISA]
Processing dataset...
Done!
Building trie...
trie size: 2.220281 MB
Done!
build time: 677.995689 ms (677.995689 ns per key)
space cost: 6.286226 MB (47.827347% of original size 13.143581 MB)
Querying trie...
Done!
total time: 261.163046 ms, avg latency: 261.163046 ns
topology: 0.735279 MB, link: 2.419176 MB, data: 3.111263 MB
--- Unary Path Analysis (Marisa, cutoff=3) ---
  branches: 1529804  |  single-char: 445053 (29.1%)  short-unary: 119280 (7.8%)  links: 965471 (63.1%)
  link len: avg=7.67  max=65  total_chars=7409785
  link length distribution (len:count):  3:106346  4:81524  5:100388  6:117171  7:118183  8:106006  9:86378  10:68801  11:51930  12:37786  13:27091  14:19390  15:13458  16:9322  17:6753  18:4616  19:3149  20:2153  21:1566  22:983  23:724  24:512  25:321  26:290  27:155  28:98  29:77  30:70  31:40  32:24  33:35  34:24  35:16  36:9  37:12  38:9  39:5  40:5  41:5  42:8  43:4  44:7  46:3  47:1  49:1  51:1  53:4  55:2  56:1  57:5  58:4  60:2  64:2  65:1
  short unary avg len: 2.00
677.995689,6.286226,261.163046
[PASSED]
[time 1.37 s, user 1.25 s, sys 0.11 s, maxrss 205836 KB]
[busy 147 jiffies]
[exit 0]
--- c2 case 2 rec 1   load 0.64 0.51 0.83
[TEST C2-MARISA]
Processing dataset...
Done!
Building trie...
trie size: 2.220281 MB
trie size: 2.823213 MB
Done!
build time: 777.834780 ms (777.834780 ns per key)
space cost: 5.413679 MB (41.188767% of original size 13.143581 MB)
Querying trie...
Done!
total time: 323.854256 ms, avg latency: 323.854256 ns
topology: 0.947487 MB, link: 2.305346 MB, data: 2.140338 MB
--- Unary Path Analysis (Marisa, cutoff=3) ---
  branches: 1529804  |  single-char: 445053 (29.1%)  short-unary: 119280 (7.8%)  links: 965471 (63.1%)
  link len: avg=7.67  max=65  total_chars=7409785
  link length distribution (len:count):  3:106346  4:81524  5:100388  6:117171  7:118183  8:106006  9:86378  10:68801  11:51930  12:37786  13:27091  14:19390  15:13458  16:9322  17:6753  18:4616  19:3149  20:2153  21:1566  22:983  23:724  24:512  25:321  26:290  27:155  28:98  29:77  30:70  31:40  32:24  33:35  34:24  35:16  36:9  37:12  38:9  39:5  40:5  41:5  42:8  43:4  44:7  46:3  47:1  49:1  51:1  53:4  55:2  56:1  57:5  58:4  60:2  64:2  65:1
  short unary avg len: 2.00
777.834780,5.413679,323.854256
[PASSED]
[time 1.54 s, user 1.41 s, sys 0.12 s, maxrss 206092 KB]
[busy 163 jiffies]
[exit 0]
--- c2 case 2 rec 2   load 0.66 0.52 0.83
[TEST C2-MARISA]
Processing dataset...
Done!
Building trie...
trie size: 2.220281 MB
trie size: 2.823213 MB
trie size: 0.214430 MB
Done!
build time: 797.075735 ms (797.075735 ns per key)
space cost: 5.413679 MB (41.188767% of original size 13.143581 MB)
Querying trie...
Done!
total time: 325.361750 ms, avg latency: 325.361750 ns
topology: 0.947487 MB, link: 2.305346 MB, data: 2.140338 MB
--- Unary Path Analysis (Marisa, cutoff=3) ---
  branches: 1529804  |  single-char: 445053 (29.1%)  short-unary: 119280 (7.8%)  links: 965471 (63.1%)
  link len: avg=7.67  max=65  total_chars=7409785
  link length distribution (len:count):  3:106346  4:81524  5:100388  6:117171  7:118183  8:106006  9:86378  10:68801  11:51930  12:37786  13:27091  14:19390  15:13458  16:9322  17:6753  18:4616  19:3149  20:2153  21:1566  22:983  23:724  24:512  25:321  26:290  27:155  28:98  29:77  30:70  31:40  32:24  33:35  34:24  35:16  36:9  37:12  38:9  39:5  40:5  41:5  42:8  43:4  44:7  46:3  47:1  49:1  51:1  53:4  55:2  56:1  57:5  58:4  60:2  64:2  65:1
  short unary avg len: 2.00
797.075735,5.413679,325.361750
[PASSED]
[time 1.57 s, user 1.45 s, sys 0.11 s, maxrss 205928 KB]
[busy 167 jiffies]
[exit 0]
--- c2 case 3 rec 0   load 0.66 0.52 0.83
[TEST FST]
Processing dataset...
Done!
Building trie...
Done!
build time: 591.304630 ms (591.304630 ns per key)
space cost: 6.751218 MB (51.365131% of original size 13.143581 MB)
Querying trie...
Done!
total time: 441.564017 ms, avg latency: 441.564017 ns
not implemented
591.304630,6.751218,441.564017
[PASSED]
[time 1.45 s, user 1.38 s, sys 0.06 s, maxrss 95104 KB]
[busy 152 jiffies]
[exit 0]
--- c2 case 4 rec 0   load 0.69 0.53 0.83
[TEST COCO]
Processing dataset...
Done!
Building trie...
num nodes = 310886, average depth = 6.283062
ef = 0.001168, pa = 0.211653, bv = 0.000885, de = 0.651638
efr = 0.002046, par = 0.129141, bvr = 0.000006, der = 0.003464
Done!
build time: 10284.387629 ms (10284.387629 ns per key)
space cost: 9.668336 MB (73.559374% of original size 13.143581 MB)
Querying trie...
Done!
total time: 407.869617 ms, avg latency: 407.869617 ns
not implemented
10284.387629,9.668336,407.869617
[PASSED]
[time 11.59 s, user 8.88 s, sys 2.65 s, maxrss 6138156 KB]
[busy 1191 jiffies]
[exit 0]
--- c2 case 5 rec 0   load 0.74 0.54 0.83
[TEST MARISA]
Processing dataset...
Done!
Building trie...
Done!
build time: 480.877237 ms (480.877237 ns per key)
space cost: 6.885828 MB (52.389283% of original size 13.143581 MB)
Querying trie...
Done!
total time: 378.655177 ms, avg latency: 378.655177 ns
not implemented
480.877237,6.885828,378.655177
[PASSED]
[time 1.29 s, user 1.17 s, sys 0.11 s, maxrss 172584 KB]
[busy 135 jiffies]
[exit 0]
--- c2 case 5 rec 1   load 0.76 0.55 0.83
[TEST MARISA]
Processing dataset...
Done!
Building trie...
Done!
build time: 539.470284 ms (539.470284 ns per key)
space cost: 4.826345 MB (36.720170% of original size 13.143581 MB)
Querying trie...
Done!
total time: 513.096775 ms, avg latency: 513.096775 ns
not implemented
539.470284,4.826345,513.096775
[PASSED]
[time 1.49 s, user 1.38 s, sys 0.10 s, maxrss 172640 KB]
[busy 158 jiffies]
[exit 0]
--- c2 case 5 rec 2   load 0.76 0.55 0.83
[TEST MARISA]
Processing dataset...
Done!
Building trie...
Done!
build time: 557.484043 ms (557.484043 ns per key)
space cost: 4.647946 MB (35.362861% of original size 13.143581 MB)
Querying trie...
Done!
total time: 533.450260 ms, avg latency: 533.450260 ns
not implemented
557.484043,4.647946,533.450260
[PASSED]
[time 1.52 s, user 1.40 s, sys 0.11 s, maxrss 172244 KB]
[busy 158 jiffies]
[exit 0]
--- c2 case 6 rec 0   load 0.78 0.56 0.83
[TEST PDT]
Processing dataset...
Done!
Building trie...
dict size: 155466, stream size: 4016746
Done!
build time: 1896.747940 ms (1896.747940 ns per key)
space cost: 5.254991 MB (39.981421% of original size 13.143581 MB)
Querying trie...
Done!
total time: 511.726800 ms, avg latency: 511.726800 ns
not implemented
1896.747940,5.254991,511.726800
[PASSED]
[time 2.85 s, user 2.74 s, sys 0.09 s, maxrss 152684 KB]
[busy 299 jiffies]
[exit 0]
--- c2 case 7 rec 0   load 0.72 0.55 0.83
[TEST ART]
Processing dataset...
Done!
Building trie...
Done!
build time: 116.020245 ms (116.020245 ns per key)
space cost: 31.580688 MB (240.274607% of original size 13.143581 MB)
Querying trie...
Done!
total time: 250.041482 ms, avg latency: 250.041482 ns
not implemented
116.020245,31.580688,250.041482
[PASSED]
[time 0.81 s, user 0.73 s, sys 0.07 s, maxrss 136068 KB]
[busy 88 jiffies]
[exit 0]
--- c2 case 8 rec 0   load 0.72 0.55 0.83
[TEST CART]
Processing dataset...
Done!
Building trie...
Done!
build time: 160.882144 ms (160.882144 ns per key)
space cost: 13.831998 MB (105.237663% of original size 13.143581 MB)
Querying trie...
Done!
total time: 313.862446 ms, avg latency: 313.862446 ns
not implemented
160.882144,13.831998,313.862446
[PASSED]
[time 0.91 s, user 0.83 s, sys 0.08 s, maxrss 134364 KB]
[busy 99 jiffies]
[exit 0]
--- xcdat 7   load 0.72 0.55 0.83
build time: 516.764890 ms
space cost: 9.017626 MiB (68.608590% of original size 13.143581 MiB)
avg latency: 174.032772 ns
516.764890,9.017626,174.032772
[time 1.13 s, user 1.04 s, sys 0.08 s, maxrss 139836 KB]
[busy 120 jiffies]
[exit 0]
--- xcdat 8   load 0.74 0.56 0.83
build time: 488.637041 ms
space cost: 8.488643 MiB (64.583940% of original size 13.143581 MiB)
avg latency: 174.076424 ns
488.637041,8.488643,174.076424
[time 1.11 s, user 1.00 s, sys 0.10 s, maxrss 139644 KB]
[busy 120 jiffies]
[exit 0]
--- xcdat 15   load 0.74 0.56 0.83
build time: 506.049861 ms
space cost: 9.847433 MiB (74.921993% of original size 13.143581 MiB)
avg latency: 141.528178 ns
506.049861,9.847433,141.528178
[time 1.10 s, user 1.00 s, sys 0.08 s, maxrss 139324 KB]
[busy 116 jiffies]
[exit 0]
--- xcdat 16   load 0.76 0.57 0.83
build time: 483.470541 ms
space cost: 10.260450 MiB (78.064342% of original size 13.143581 MiB)
avg latency: 151.628642 ns
483.470541,10.260450,151.628642
[time 1.09 s, user 0.99 s, sys 0.09 s, maxrss 139620 KB]
[busy 116 jiffies]
[exit 0]

##### idents-1000000 (1000000 lines, 18283976 bytes)   round 1/3   2026-09-24T03:01:25+03:00
--- lexindex dict32   load 0.76 0.57 0.83
1000000 keys
lexindex DictIndex block 32: build 238 ms, size 5.356 MiB (5.617 B/key), latency cold 368.5 ns, then mean 364.0 / min 363.1 ns
238.132,5.356443,368.504
[time 2.19 s, user 3.58 s, sys 0.23 s, maxrss 249660 KB]
[busy 404 jiffies]
[exit 0]
--- lexindex dict256   load 0.78 0.57 0.83
1000000 keys
lexindex DictIndex block 256: build 241 ms, size 4.986 MiB (5.228 B/key), latency cold 407.4 ns, then mean 392.2 / min 388.6 ns
241.349,4.986134,407.383
[time 2.34 s, user 3.73 s, sys 0.22 s, maxrss 249296 KB]
[busy 424 jiffies]
[exit 0]
--- lexindex dict1024   load 0.78 0.57 0.83
1000000 keys
lexindex DictIndex block 1024: build 266 ms, size 4.831 MiB (5.066 B/key), latency cold 466.9 ns, then mean 465.1 / min 462.9 ns
266.174,4.830847,466.948
[time 2.62 s, user 3.48 s, sys 0.18 s, maxrss 240612 KB]
[busy 390 jiffies]
[exit 0]
--- lexindex string   load 0.80 0.58 0.83
1000000 keys
lexindex StringIndex: build 650 ms, size 10.063 MiB (10.552 B/key), latency cold 250.6 ns, then mean 245.4 / min 244.3 ns
650.118,10.063018,250.589
[time 2.11 s, user 2.03 s, sys 0.07 s, maxrss 149196 KB]
[busy 228 jiffies]
[exit 0]
--- lexindex hashed0   load 0.81 0.59 0.83
1000000 keys
lexindex HashedDictIndex closed: build 339 ms, size 7.599 MiB (7.969 B/key), latency cold 38.2 ns, then mean 36.5 / min 36.2 ns
338.622,7.599383,38.156
[time 0.98 s, user 2.41 s, sys 0.23 s, maxrss 252576 KB]
[busy 285 jiffies]
[exit 0]
--- lexindex hashed8   load 0.81 0.59 0.83
1000000 keys
lexindex HashedDictIndex fp=8: build 341 ms, size 8.553 MiB (8.969 B/key), latency cold 46.9 ns, then mean 43.6 / min 43.1 ns
341.248,8.553058,46.867
[time 1.01 s, user 2.41 s, sys 0.25 s, maxrss 252596 KB]
[busy 291 jiffies]
[exit 0]
--- lexindex hashed16   load 0.75 0.58 0.83
1000000 keys
lexindex HashedDictIndex fp=16: build 341 ms, size 9.507 MiB (9.969 B/key), latency cold 47.4 ns, then mean 44.0 / min 42.9 ns
341.081,9.506732,47.358
[time 1.01 s, user 2.44 s, sys 0.22 s, maxrss 259676 KB]
[busy 286 jiffies]
[exit 0]
--- c2 case 0 rec 0   load 0.75 0.58 0.83
[TEST C2-FST]
Processing dataset...
Done!
Building trie...
Done!
build time: 591.480590 ms (591.480590 ns per key)
space cost: 8.227930 MB (49.916813% of original size 16.483284 MB)
Querying trie...
Done!
total time: 461.726773 ms, avg latency: 461.726773 ns
topology: 1.135506 MB, link: 1.406907 MB, data: 5.685517 MB
--- Unary Path Analysis (FST, cutoff=4) ---
  shared unary steps in main trie: 971668
  terminal suffixes: inplace=238747 (avg len=2.28)  links=478774 (66.7% of terminal)
  link len: avg=9.52  max=507  total_chars=4557473
  link length distribution (len:count):  4:79167  5:52258  6:44526  7:37562  8:33071  9:28872  10:26062  11:38559  12:20998  13:14985  14:12840  15:11027  16:9190  17:7956  18:6288  19:5522  20:4616  21:3760  22:3224  23:2642  24:2265  25:1817  26:1599  27:3319  28:3490  29:1071  30:1819  31:12530  32:2370  33:475  34:427  35:414  36:360  37:260  38:234  39:210  40:195  41:157  42:148  43:129  44:137  45:91  46:113  47:107  48:101  49:86  50:71  51:74  52:68  53:61  54:79  55:76  56:60  57:86  58:122  59:137  60:259  61:339  62:18  63:12  64:12  65:12  66:15  67:15  68:13  69:15  70:7  71:11  72:10  73:21  74:26  75:36  76:15  77:1  78:2  79:2  80:3  81:3  83:1  84:2  85:2  86:1  88:2  89:2  90:2  91:4  92:1  94:2  95:1  96:3  104:1  106:1  107:1  109:1  110:1  116:1  117:3  120:1  121:2  122:1  123:1  124:1  129:1  191:1  257:1  366:1  424:1  508:1
591.480590,8.227930,461.726773
[PASSED]
[time 1.57 s, user 1.44 s, sys 0.11 s, maxrss 162788 KB]
[busy 164 jiffies]
[exit 0]
--- c2 case 0 rec 1   load 0.69 0.57 0.82
[TEST C2-FST]
Processing dataset...
Done!
Building trie...
trie size: 1.626037 MB
Done!
build time: 699.804249 ms (699.804249 ns per key)
space cost: 7.389305 MB (44.829083% of original size 16.483284 MB)
Querying trie...
Done!
total time: 530.673020 ms, avg latency: 530.673020 ns
topology: 1.316097 MB, link: 1.431170 MB, data: 4.642038 MB
--- Unary Path Analysis (FST, cutoff=4) ---
  shared unary steps in main trie: 971668
  terminal suffixes: inplace=238747 (avg len=2.28)  links=478774 (66.7% of terminal)
  link len: avg=9.52  max=507  total_chars=4557473
  link length distribution (len:count):  4:79167  5:52258  6:44526  7:37562  8:33071  9:28872  10:26062  11:38559  12:20998  13:14985  14:12840  15:11027  16:9190  17:7956  18:6288  19:5522  20:4616  21:3760  22:3224  23:2642  24:2265  25:1817  26:1599  27:3319  28:3490  29:1071  30:1819  31:12530  32:2370  33:475  34:427  35:414  36:360  37:260  38:234  39:210  40:195  41:157  42:148  43:129  44:137  45:91  46:113  47:107  48:101  49:86  50:71  51:74  52:68  53:61  54:79  55:76  56:60  57:86  58:122  59:137  60:259  61:339  62:18  63:12  64:12  65:12  66:15  67:15  68:13  69:15  70:7  71:11  72:10  73:21  74:26  75:36  76:15  77:1  78:2  79:2  80:3  81:3  83:1  84:2  85:2  86:1  88:2  89:2  90:2  91:4  92:1  94:2  95:1  96:3  104:1  106:1  107:1  109:1  110:1  116:1  117:3  120:1  121:2  122:1  123:1  124:1  129:1  191:1  257:1  366:1  424:1  508:1
699.804249,7.389305,530.673020
[PASSED]
[time 1.75 s, user 1.62 s, sys 0.12 s, maxrss 163120 KB]
[busy 187 jiffies]
[exit 0]
--- c2 case 0 rec 2   load 0.69 0.57 0.82
[TEST C2-FST]
Processing dataset...
Done!
Building trie...
trie size: 1.626037 MB
trie size: 0.392475 MB
Done!
build time: 749.325877 ms (749.325877 ns per key)
space cost: 7.389305 MB (44.829083% of original size 16.483284 MB)
Querying trie...
Done!
total time: 519.113844 ms, avg latency: 519.113844 ns
topology: 1.316097 MB, link: 1.431170 MB, data: 4.642038 MB
--- Unary Path Analysis (FST, cutoff=4) ---
  shared unary steps in main trie: 971668
  terminal suffixes: inplace=238747 (avg len=2.28)  links=478774 (66.7% of terminal)
  link len: avg=9.52  max=507  total_chars=4557473
  link length distribution (len:count):  4:79167  5:52258  6:44526  7:37562  8:33071  9:28872  10:26062  11:38559  12:20998  13:14985  14:12840  15:11027  16:9190  17:7956  18:6288  19:5522  20:4616  21:3760  22:3224  23:2642  24:2265  25:1817  26:1599  27:3319  28:3490  29:1071  30:1819  31:12530  32:2370  33:475  34:427  35:414  36:360  37:260  38:234  39:210  40:195  41:157  42:148  43:129  44:137  45:91  46:113  47:107  48:101  49:86  50:71  51:74  52:68  53:61  54:79  55:76  56:60  57:86  58:122  59:137  60:259  61:339  62:18  63:12  64:12  65:12  66:15  67:15  68:13  69:15  70:7  71:11  72:10  73:21  74:26  75:36  76:15  77:1  78:2  79:2  80:3  81:3  83:1  84:2  85:2  86:1  88:2  89:2  90:2  91:4  92:1  94:2  95:1  96:3  104:1  106:1  107:1  109:1  110:1  116:1  117:3  120:1  121:2  122:1  123:1  124:1  129:1  191:1  257:1  366:1  424:1  508:1
749.325877,7.389305,519.113844
[PASSED]
[time 1.78 s, user 1.66 s, sys 0.11 s, maxrss 163144 KB]
[busy 185 jiffies]
[exit 0]
--- c2 case 1 rec 0   load 0.63 0.56 0.82
[TEST C2-CoCo(LOUDS-Sparse)]
Processing dataset...
Done!
Building trie...
Done!
build time: 2146.967988 ms (2146.967988 ns per key)
space cost: 8.350286 MB (50.659118% of original size 16.483284 MB)
Querying trie...
Done!
total time: 572.068695 ms, avg latency: 572.068695 ns
topology: 0.418800 MB, link: 2.233477 MB, data: 5.698009 MB
2146.967988,8.350286,572.068695
[PASSED]
[time 3.23 s, user 3.04 s, sys 0.18 s, maxrss 336044 KB]
[busy 338 jiffies]
[exit 0]
--- c2 case 1 rec 1   load 0.58 0.55 0.81
[TEST C2-CoCo(LOUDS-Sparse)]
Processing dataset...
Done!
Building trie...
trie size: 1.626037 MB
Done!
build time: 2249.137861 ms (2249.137861 ns per key)
space cost: 7.511661 MB (45.571388% of original size 16.483284 MB)
Querying trie...
Done!
total time: 623.958313 ms, avg latency: 623.958313 ns
topology: 0.599392 MB, link: 2.257739 MB, data: 4.654530 MB
2249.137861,7.511661,623.958313
[PASSED]
[time 3.40 s, user 3.19 s, sys 0.18 s, maxrss 335856 KB]
[busy 354 jiffies]
[exit 0]
--- c2 case 1 rec 2   load 0.58 0.55 0.81
[TEST C2-CoCo(LOUDS-Sparse)]
Processing dataset...
Done!
Building trie...
trie size: 1.626037 MB
trie size: 0.392475 MB
Done!
build time: 2284.870902 ms (2284.870902 ns per key)
space cost: 7.511661 MB (45.571388% of original size 16.483284 MB)
Querying trie...
Done!
total time: 641.858778 ms, avg latency: 641.858778 ns
topology: 0.599392 MB, link: 2.257739 MB, data: 4.654530 MB
2284.870902,7.511661,641.858778
[PASSED]
[time 3.45 s, user 3.26 s, sys 0.18 s, maxrss 335684 KB]
[busy 363 jiffies]
[exit 0]
--- c2 case 2 rec 0   load 0.62 0.56 0.81
[TEST C2-MARISA]
Processing dataset...
Done!
Building trie...
trie size: 2.268721 MB
Done!
build time: 664.434069 ms (664.434069 ns per key)
space cost: 7.402753 MB (44.910668% of original size 16.483284 MB)
Querying trie...
Done!
total time: 333.813576 ms, avg latency: 333.813576 ns
topology: 0.751392 MB, link: 2.163248 MB, data: 4.467605 MB
--- Unary Path Analysis (Marisa, cutoff=3) ---
  branches: 1404624  |  single-char: 479529 (34.1%)  short-unary: 101093 (7.2%)  links: 824002 (58.7%)
  link len: avg=8.83  max=511  total_chars=7275589
  link length distribution (len:count):  3:96296  4:151575  5:100673  6:68854  7:57858  8:46664  9:40166  10:34974  11:30498  12:41963  13:23674  14:17279  15:14913  16:12650  17:10496  18:9162  19:7137  20:6187  21:5166  22:4219  23:3575  24:2970  25:2515  26:2033  27:1786  28:3448  29:3574  30:1146  31:1929  32:12598  33:2418  34:520  35:464  36:440  37:386  38:271  39:250  40:221  41:206  42:160  43:154  44:139  45:143  46:95  47:113  48:108  49:103  50:87  51:72  52:78  53:68  54:62  55:80  56:76  57:60  58:86  59:123  60:137  61:260  62:340  63:18  64:12  65:14  66:12  67:15  68:15  69:13  70:15  71:7  72:12  73:10  74:22  75:26  76:36  77:15  78:1  79:2  80:2  81:3  82:3  83:1  84:2  85:2  86:2  87:2  89:2  90:2  91:2  92:4  93:1  95:2  96:1  97:3  105:1  107:1  108:1  110:1  111:1  117:1  118:3  121:1  122:2  123:1  124:1  125:1  130:1  136:1  137:1  192:1  258:1  337:1  367:1  425:1  509:1  511:1
  short unary avg len: 2.00
664.434069,7.402753,333.813576
[PASSED]
[time 1.50 s, user 1.37 s, sys 0.12 s, maxrss 204752 KB]
[busy 159 jiffies]
[exit 0]
--- c2 case 2 rec 1   load 0.65 0.56 0.82
[TEST C2-MARISA]
Processing dataset...
Done!
Building trie...
trie size: 2.268721 MB
trie size: 2.569425 MB
Done!
build time: 813.535841 ms (813.535841 ns per key)
space cost: 6.231204 MB (37.803171% of original size 16.483284 MB)
Querying trie...
Done!
total time: 431.317938 ms, avg latency: 431.317938 ns
topology: 0.985817 MB, link: 2.134608 MB, data: 3.090271 MB
--- Unary Path Analysis (Marisa, cutoff=3) ---
  branches: 1404624  |  single-char: 479529 (34.1%)  short-unary: 101093 (7.2%)  links: 824002 (58.7%)
  link len: avg=8.83  max=511  total_chars=7275589
  link length distribution (len:count):  3:96296  4:151575  5:100673  6:68854  7:57858  8:46664  9:40166  10:34974  11:30498  12:41963  13:23674  14:17279  15:14913  16:12650  17:10496  18:9162  19:7137  20:6187  21:5166  22:4219  23:3575  24:2970  25:2515  26:2033  27:1786  28:3448  29:3574  30:1146  31:1929  32:12598  33:2418  34:520  35:464  36:440  37:386  38:271  39:250  40:221  41:206  42:160  43:154  44:139  45:143  46:95  47:113  48:108  49:103  50:87  51:72  52:78  53:68  54:62  55:80  56:76  57:60  58:86  59:123  60:137  61:260  62:340  63:18  64:12  65:14  66:12  67:15  68:15  69:13  70:15  71:7  72:12  73:10  74:22  75:26  76:36  77:15  78:1  79:2  80:2  81:3  82:3  83:1  84:2  85:2  86:2  87:2  89:2  90:2  91:2  92:4  93:1  95:2  96:1  97:3  105:1  107:1  108:1  110:1  111:1  117:1  118:3  121:1  122:2  123:1  124:1  125:1  130:1  136:1  137:1  192:1  258:1  337:1  367:1  425:1  509:1  511:1
  short unary avg len: 2.00
813.535841,6.231204,431.317938
[PASSED]
[time 1.75 s, user 1.61 s, sys 0.12 s, maxrss 204604 KB]
[busy 184 jiffies]
[exit 0]
--- c2 case 2 rec 2   load 0.65 0.56 0.82
[TEST C2-MARISA]
Processing dataset...
Done!
Building trie...
trie size: 2.268721 MB
trie size: 2.569425 MB
trie size: 0.468599 MB
Done!
build time: 875.844433 ms (875.844433 ns per key)
space cost: 6.231204 MB (37.803171% of original size 16.483284 MB)
Querying trie...
Done!
total time: 426.742879 ms, avg latency: 426.742879 ns
topology: 0.985817 MB, link: 2.134608 MB, data: 3.090271 MB
--- Unary Path Analysis (Marisa, cutoff=3) ---
  branches: 1404624  |  single-char: 479529 (34.1%)  short-unary: 101093 (7.2%)  links: 824002 (58.7%)
  link len: avg=8.83  max=511  total_chars=7275589
  link length distribution (len:count):  3:96296  4:151575  5:100673  6:68854  7:57858  8:46664  9:40166  10:34974  11:30498  12:41963  13:23674  14:17279  15:14913  16:12650  17:10496  18:9162  19:7137  20:6187  21:5166  22:4219  23:3575  24:2970  25:2515  26:2033  27:1786  28:3448  29:3574  30:1146  31:1929  32:12598  33:2418  34:520  35:464  36:440  37:386  38:271  39:250  40:221  41:206  42:160  43:154  44:139  45:143  46:95  47:113  48:108  49:103  50:87  51:72  52:78  53:68  54:62  55:80  56:76  57:60  58:86  59:123  60:137  61:260  62:340  63:18  64:12  65:14  66:12  67:15  68:15  69:13  70:15  71:7  72:12  73:10  74:22  75:26  76:36  77:15  78:1  79:2  80:2  81:3  82:3  83:1  84:2  85:2  86:2  87:2  89:2  90:2  91:2  92:4  93:1  95:2  96:1  97:3  105:1  107:1  108:1  110:1  111:1  117:1  118:3  121:1  122:2  123:1  124:1  125:1  130:1  136:1  137:1  192:1  258:1  337:1  367:1  425:1  509:1  511:1
  short unary avg len: 2.00
875.844433,6.231204,426.742879
[PASSED]
[time 1.82 s, user 1.66 s, sys 0.14 s, maxrss 204520 KB]
[busy 191 jiffies]
[exit 0]
--- c2 case 3 rec 0   load 0.68 0.57 0.82
[TEST FST]
Processing dataset...
Done!
Building trie...
Done!
build time: 670.291478 ms (670.291478 ns per key)
space cost: 8.563316 MB (51.951519% of original size 16.483284 MB)
Querying trie...
Done!
total time: 737.303740 ms, avg latency: 737.303740 ns
not implemented
670.291478,8.563316,737.303740
[PASSED]
[time 1.92 s, user 1.83 s, sys 0.07 s, maxrss 114508 KB]
[busy 206 jiffies]
[exit 0]
--- c2 case 4 rec 0   load 0.68 0.57 0.82
[TEST COCO]
Processing dataset...
Done!
Building trie...
num nodes = 412937, average depth = 8.208172
ef = 0.000455, pa = 0.242352, bv = 0.003325, de = 0.563989
efr = 0.002477, par = 0.125714, bvr = 0.000545, der = 0.061142
Done!
build time: 14090.272936 ms (14090.272936 ns per key)
space cost: 9.974920 MB (60.515370% of original size 16.483284 MB)
Querying trie...
Done!
total time: 510.824173 ms, avg latency: 510.824173 ns
not implemented
14090.272936,9.974920,510.824173
[PASSED]
[time 15.70 s, user 12.20 s, sys 3.43 s, maxrss 7730296 KB]
[busy 1613 jiffies]
[exit 0]
--- c2 case 5 rec 0   load 0.77 0.60 0.82
[TEST MARISA]
Processing dataset...
Done!
Building trie...
Done!
build time: 465.036073 ms (465.036073 ns per key)
space cost: 7.279773 MB (44.164578% of original size 16.483284 MB)
Querying trie...
Done!
total time: 460.751951 ms, avg latency: 460.751951 ns
not implemented
465.036073,7.279773,460.751951
[PASSED]
[time 1.44 s, user 1.32 s, sys 0.12 s, maxrss 157744 KB]
[busy 156 jiffies]
[exit 0]
--- c2 case 5 rec 1   load 0.77 0.60 0.82
[TEST MARISA]
Processing dataset...
Done!
Building trie...
Done!
build time: 539.824460 ms (539.824460 ns per key)
space cost: 5.655286 MB (34.309218% of original size 16.483284 MB)
Querying trie...
Done!
total time: 663.564786 ms, avg latency: 663.564786 ns
not implemented
539.824460,5.655286,663.564786
[PASSED]
[time 1.70 s, user 1.60 s, sys 0.09 s, maxrss 157904 KB]
[busy 179 jiffies]
[exit 0]
--- c2 case 5 rec 2   load 0.79 0.61 0.82
[TEST MARISA]
Processing dataset...
Done!
Building trie...
Done!
build time: 561.471457 ms (561.471457 ns per key)
space cost: 5.354378 MB (32.483683% of original size 16.483284 MB)
Querying trie...
Done!
total time: 718.316363 ms, avg latency: 718.316363 ns
not implemented
561.471457,5.354378,718.316363
[PASSED]
[time 1.81 s, user 1.68 s, sys 0.12 s, maxrss 165792 KB]
[busy 190 jiffies]
[exit 0]
--- c2 case 6 rec 0   load 0.79 0.61 0.82
[TEST PDT]
Processing dataset...
Done!
Building trie...
dict size: 158636, stream size: 5032831
Done!
build time: 2583.771046 ms (2583.771046 ns per key)
space cost: 6.227028 MB (37.777835% of original size 16.483284 MB)
Querying trie...
Done!
total time: 582.812929 ms, avg latency: 582.812929 ns
not implemented
2583.771046,6.227028,582.812929
[PASSED]
[time 3.68 s, user 3.57 s, sys 0.09 s, maxrss 168344 KB]
[busy 379 jiffies]
[exit 0]
--- c2 case 7 rec 0   load 0.80 0.61 0.82
[TEST ART]
Processing dataset...
Done!
Building trie...
Done!
build time: 152.505870 ms (152.505870 ns per key)
space cost: 32.931778 MB (199.788937% of original size 16.483284 MB)
Querying trie...
Done!
total time: 398.156571 ms, avg latency: 398.156571 ns
not implemented
152.505870,32.931778,398.156571
[PASSED]
[time 1.08 s, user 0.99 s, sys 0.08 s, maxrss 160340 KB]
[busy 118 jiffies]
[exit 0]
--- c2 case 8 rec 0   load 0.82 0.62 0.82
[TEST CART]
Processing dataset...
Done!
Building trie...
Done!
build time: 202.993645 ms (202.993645 ns per key)
space cost: 15.673315 MB (95.086119% of original size 16.483284 MB)
Querying trie...
Done!
total time: 472.387490 ms, avg latency: 472.387490 ns
not implemented
202.993645,15.673315,472.387490
[PASSED]
[time 1.20 s, user 1.12 s, sys 0.07 s, maxrss 149304 KB]
[busy 129 jiffies]
[exit 0]
--- xcdat 7   load 0.82 0.62 0.82
build time: 504.669896 ms
space cost: 11.013126 MiB (66.813909% of original size 16.483284 MiB)
avg latency: 221.985480 ns
504.669896,11.013126,221.985480
[time 1.25 s, user 1.13 s, sys 0.12 s, maxrss 179796 KB]
[busy 134 jiffies]
[exit 0]
--- xcdat 8   load 0.83 0.63 0.83
build time: 463.908083 ms
space cost: 10.584354 MiB (64.212656% of original size 16.483284 MiB)
avg latency: 209.024640 ns
463.908083,10.584354,209.024640
[time 1.21 s, user 1.08 s, sys 0.12 s, maxrss 180112 KB]
[busy 133 jiffies]
[exit 0]
--- xcdat 15   load 0.83 0.63 0.83
build time: 494.940720 ms
space cost: 13.141485 MiB (79.726135% of original size 16.483284 MiB)
avg latency: 198.285585 ns
494.940720,13.141485,198.285585
[time 1.22 s, user 1.10 s, sys 0.11 s, maxrss 180028 KB]
[busy 129 jiffies]
[exit 0]
--- xcdat 16   load 0.77 0.62 0.82
build time: 460.760998 ms
space cost: 13.736038 MiB (83.333140% of original size 16.483284 MiB)
avg latency: 211.535079 ns
460.760998,13.736038,211.535079
[time 1.20 s, user 1.06 s, sys 0.13 s, maxrss 180152 KB]
[busy 126 jiffies]
[exit 0]

##### numeric-1000000 (1000000 lines, 6888890 bytes)   round 1/3   2026-09-24T03:03:00+03:00
--- lexindex dict32   load 0.77 0.62 0.82
1000000 keys
lexindex DictIndex block 32: build 71 ms, size 1.160 MiB (1.216 B/key), latency cold 251.3 ns, then mean 248.8 / min 248.6 ns
70.924,1.159871,251.279
[time 1.48 s, user 1.72 s, sys 0.15 s, maxrss 136648 KB]
[busy 202 jiffies]
[exit 0]
--- lexindex dict256   load 0.71 0.61 0.82
1000000 keys
lexindex DictIndex block 256: build 69 ms, size 0.964 MiB (1.011 B/key), latency cold 265.7 ns, then mean 264.2 / min 263.4 ns
68.918,0.964076,265.742
[time 1.54 s, user 1.78 s, sys 0.15 s, maxrss 137540 KB]
[busy 204 jiffies]
[exit 0]
--- lexindex dict1024   load 0.71 0.61 0.82
1000000 keys
lexindex DictIndex block 1024: build 67 ms, size 0.875 MiB (0.918 B/key), latency cold 288.8 ns, then mean 286.4 / min 286.0 ns
67.342,0.875449,288.786
[time 1.63 s, user 1.75 s, sys 0.08 s, maxrss 127864 KB]
[busy 197 jiffies]
[exit 0]
--- lexindex string   load 0.65 0.60 0.81
1000000 keys
lexindex StringIndex: build 146 ms, size 0.000 MiB (0.000 B/key), latency cold 83.5 ns, then mean 84.0 / min 83.9 ns
146.240,0.000287,83.481
[time 0.88 s, user 0.82 s, sys 0.05 s, maxrss 115272 KB]
[busy 99 jiffies]
[exit 0]
--- lexindex hashed0   load 0.65 0.60 0.81
1000000 keys
lexindex HashedDictIndex closed: build 153 ms, size 3.578 MiB (3.752 B/key), latency cold 13.1 ns, then mean 12.1 / min 12.0 ns
152.520,3.577960,13.078
[time 0.61 s, user 0.87 s, sys 0.16 s, maxrss 147572 KB]
[busy 116 jiffies]
[exit 0]
--- lexindex hashed8   load 0.65 0.60 0.81
1000000 keys
lexindex HashedDictIndex fp=8: build 154 ms, size 4.532 MiB (4.752 B/key), latency cold 17.6 ns, then mean 16.0 / min 15.8 ns
153.661,4.531634,17.603
[time 0.63 s, user 0.91 s, sys 0.15 s, maxrss 147144 KB]
[busy 120 jiffies]
[exit 0]
--- lexindex hashed16   load 0.60 0.59 0.81
1000000 keys
lexindex HashedDictIndex fp=16: build 150 ms, size 5.485 MiB (5.752 B/key), latency cold 19.6 ns, then mean 16.1 / min 16.0 ns
149.572,5.485309,19.611
[time 0.62 s, user 0.89 s, sys 0.17 s, maxrss 152028 KB]
[busy 120 jiffies]
[exit 0]
--- c2 case 0 rec 0   load 0.60 0.59 0.81
timeout: the monitored command dumped core
Command terminated by signal 11
[time 0.37 s, user 0.26 s, sys 0.04 s, maxrss 83960 KB]
[busy 44 jiffies]
[exit 139]
--- c2 case 0 rec 1   load 0.60 0.59 0.81
timeout: the monitored command dumped core
Command terminated by signal 11
[time 0.37 s, user 0.26 s, sys 0.05 s, maxrss 83912 KB]
[busy 44 jiffies]
[exit 139]
--- c2 case 0 rec 2   load 0.55 0.58 0.80
timeout: the monitored command dumped core
Command terminated by signal 11
[time 0.36 s, user 0.25 s, sys 0.05 s, maxrss 83840 KB]
[busy 43 jiffies]
[exit 139]
--- c2 case 1 rec 0   load 0.55 0.58 0.80
timeout: the monitored command dumped core
Command terminated by signal 11
[time 0.40 s, user 0.28 s, sys 0.05 s, maxrss 83924 KB]
[busy 47 jiffies]
[exit 139]
--- c2 case 1 rec 1   load 0.55 0.58 0.80
timeout: the monitored command dumped core
Command terminated by signal 11
[time 0.40 s, user 0.29 s, sys 0.05 s, maxrss 84008 KB]
[busy 49 jiffies]
[exit 139]
--- c2 case 1 rec 2   load 0.55 0.58 0.80
timeout: the monitored command dumped core
Command terminated by signal 11
[time 0.41 s, user 0.29 s, sys 0.05 s, maxrss 84092 KB]
[busy 46 jiffies]
[exit 139]
--- c2 case 2 rec 0   load 0.50 0.57 0.80
timeout: the monitored command dumped core
Command terminated by signal 11
[time 0.37 s, user 0.26 s, sys 0.05 s, maxrss 84020 KB]
[busy 43 jiffies]
[exit 139]
--- c2 case 2 rec 1   load 0.50 0.57 0.80
timeout: the monitored command dumped core
Command terminated by signal 11
[time 0.38 s, user 0.26 s, sys 0.05 s, maxrss 83852 KB]
[busy 46 jiffies]
[exit 139]
--- c2 case 2 rec 2   load 0.50 0.57 0.80
timeout: the monitored command dumped core
Command terminated by signal 11
[time 0.38 s, user 0.26 s, sys 0.05 s, maxrss 84152 KB]
[busy 45 jiffies]
[exit 139]
--- c2 case 3 rec 0   load 0.50 0.57 0.80
[TEST FST]
Processing dataset...
Done!
Building trie...
Done!
build time: 218.823567 ms (218.823567 ns per key)
space cost: 1.445107 MB (25.731589% of original size 5.616083 MB)
Querying trie...
Done!
total time: 245.436576 ms, avg latency: 245.436576 ns
not implemented
218.823567,1.445107,245.436576
[PASSED]
[time 0.79 s, user 0.73 s, sys 0.05 s, maxrss 73972 KB]
[busy 86 jiffies]
[exit 0]
--- c2 case 4 rec 0   load 0.54 0.57 0.80
[TEST COCO]
Processing dataset...
Done!
Building trie...
num nodes = 9001, average depth = 1.000222
ef = 0.000000, pa = 0.000000, bv = 0.000111, de = 0.999889
efr = 0.000000, par = 0.000000, bvr = 0.000000, der = 0.000000
Done!
build time: 697.389308 ms (697.389308 ns per key)
space cost: 0.497188 MB (8.852927% of original size 5.616083 MB)
Querying trie...
Done!
total time: 226.272307 ms, avg latency: 226.272307 ns
not implemented
697.389308,0.497188,226.272307
[PASSED]
[time 1.29 s, user 1.04 s, sys 0.24 s, maxrss 494452 KB]
[busy 140 jiffies]
[exit 0]
--- c2 case 5 rec 0   load 0.54 0.57 0.80
[TEST MARISA]
Processing dataset...
Done!
Building trie...
Done!
build time: 144.867544 ms (144.867544 ns per key)
space cost: 1.565816 MB (27.880925% of original size 5.616083 MB)
Querying trie...
Done!
total time: 185.198357 ms, avg latency: 185.198357 ns
not implemented
144.867544,1.565816,185.198357
[PASSED]
[time 0.66 s, user 0.58 s, sys 0.07 s, maxrss 108400 KB]
[busy 74 jiffies]
[exit 0]
--- c2 case 5 rec 1   load 0.50 0.56 0.80
[TEST MARISA]
Processing dataset...
Done!
Building trie...
Done!
build time: 143.045840 ms (143.045840 ns per key)
space cost: 1.565816 MB (27.880925% of original size 5.616083 MB)
Querying trie...
Done!
total time: 186.053013 ms, avg latency: 186.053013 ns
not implemented
143.045840,1.565816,186.053013
[PASSED]
[time 0.66 s, user 0.59 s, sys 0.06 s, maxrss 108216 KB]
[busy 75 jiffies]
[exit 0]
--- c2 case 5 rec 2   load 0.50 0.56 0.80
[TEST MARISA]
Processing dataset...
Done!
Building trie...
Done!
build time: 145.914431 ms (145.914431 ns per key)
space cost: 1.565816 MB (27.880925% of original size 5.616083 MB)
Querying trie...
Done!
total time: 185.331096 ms, avg latency: 185.331096 ns
not implemented
145.914431,1.565816,185.331096
[PASSED]
[time 0.67 s, user 0.59 s, sys 0.07 s, maxrss 108328 KB]
[busy 74 jiffies]
[exit 0]
--- c2 case 6 rec 0   load 0.50 0.56 0.80
[TEST PDT]
Processing dataset...
Done!
Building trie...
dict size: 92, stream size: 296698
Done!
build time: 108.271500 ms (108.271500 ns per key)
space cost: 1.559100 MB (27.761344% of original size 5.616083 MB)
Querying trie...
Done!
total time: 390.472757 ms, avg latency: 390.472757 ns
not implemented
108.271500,1.559100,390.472757
[PASSED]
[time 0.82 s, user 0.76 s, sys 0.05 s, maxrss 90156 KB]
[busy 89 jiffies]
[exit 0]
--- c2 case 7 rec 0   load 0.46 0.55 0.79
[TEST ART]
Processing dataset...
Done!
Building trie...
Done!
build time: 55.688018 ms (55.688018 ns per key)
space cost: 20.065308 MB (357.282951% of original size 5.616083 MB)
Querying trie...
Done!
total time: 69.886243 ms, avg latency: 69.886243 ns
not implemented
55.688018,20.065308,69.886243
[PASSED]
[time 0.46 s, user 0.40 s, sys 0.05 s, maxrss 103524 KB]
[busy 52 jiffies]
[exit 0]
--- c2 case 8 rec 0   load 0.46 0.55 0.79
[TEST CART]
Processing dataset...
Done!
Building trie...
Done!
build time: 71.270996 ms (71.270996 ns per key)
space cost: 11.262885 MB (200.546979% of original size 5.616083 MB)
Querying trie...
Done!
total time: 79.224205 ms, avg latency: 79.224205 ns
not implemented
71.270996,11.262885,79.224205
[PASSED]
[time 0.48 s, user 0.41 s, sys 0.06 s, maxrss 104764 KB]
[busy 54 jiffies]
[exit 0]
--- xcdat 7   load 0.46 0.55 0.79
build time: 272.040569 ms
space cost: 5.285287 MiB (94.109841% of original size 5.616083 MiB)
avg latency: 84.376448 ns
272.040569,5.285287,84.376448
[time 0.69 s, user 0.62 s, sys 0.06 s, maxrss 90160 KB]
[busy 73 jiffies]
[exit 0]
--- xcdat 8   load 0.42 0.55 0.79
build time: 181.916398 ms
space cost: 4.607934 MiB (82.048892% of original size 5.616083 MiB)
avg latency: 96.039109 ns
181.916398,4.607934,96.039109
[time 0.61 s, user 0.53 s, sys 0.07 s, maxrss 90228 KB]
[busy 67 jiffies]
[exit 0]
--- xcdat 15   load 0.42 0.55 0.79
build time: 208.095513 ms
space cost: 6.727912 MiB (119.797228% of original size 5.616083 MiB)
avg latency: 53.937547 ns
208.095513,6.727912,53.937547
[time 0.60 s, user 0.53 s, sys 0.06 s, maxrss 90340 KB]
[busy 65 jiffies]
[exit 0]
--- xcdat 16   load 0.42 0.55 0.79
build time: 183.219838 ms
space cost: 7.181439 MiB (127.872740% of original size 5.616083 MiB)
avg latency: 69.671621 ns
183.219838,7.181439,69.671621
[time 0.58 s, user 0.52 s, sys 0.05 s, maxrss 90456 KB]
[busy 67 jiffies]
[exit 0]

##### opaque-1000000 (1000000 lines, 17000000 bytes)   round 1/3   2026-09-24T03:03:47+03:00
--- lexindex dict32   load 0.39 0.54 0.78
1000000 keys
lexindex DictIndex block 32: build 121 ms, size 10.145 MiB (10.638 B/key), latency cold 348.8 ns, then mean 341.7 / min 335.1 ns
120.871,10.144960,348.799
[time 1.95 s, user 2.54 s, sys 0.25 s, maxrss 170800 KB]
[busy 300 jiffies]
[exit 0]
--- lexindex dict256   load 0.39 0.54 0.78
1000000 keys
lexindex DictIndex block 256: build 125 ms, size 9.917 MiB (10.399 B/key), latency cold 354.6 ns, then mean 348.5 / min 347.0 ns
124.569,9.916968,354.582
[time 1.97 s, user 2.58 s, sys 0.28 s, maxrss 167088 KB]
[busy 307 jiffies]
[exit 0]
--- lexindex dict1024   load 0.44 0.54 0.78
1000000 keys
lexindex DictIndex block 1024: build 133 ms, size 9.814 MiB (10.291 B/key), latency cold 399.9 ns, then mean 391.8 / min 389.8 ns
133.466,9.813874,399.933
[time 2.14 s, user 2.48 s, sys 0.17 s, maxrss 149540 KB]
[busy 285 jiffies]
[exit 0]
--- lexindex string   load 0.44 0.54 0.78
1000000 keys
lexindex StringIndex: build 1050 ms, size 20.443 MiB (21.436 B/key), latency cold 285.8 ns, then mean 281.1 / min 279.8 ns
1049.793,20.442799,285.806
[time 2.60 s, user 2.50 s, sys 0.08 s, maxrss 152596 KB]
[busy 278 jiffies]
[exit 0]
--- lexindex hashed0   load 0.48 0.55 0.79
1000000 keys
lexindex HashedDictIndex closed: build 214 ms, size 12.530 MiB (13.139 B/key), latency cold 48.8 ns, then mean 44.5 / min 44.4 ns
213.557,12.530238,48.842
[time 0.82 s, user 1.42 s, sys 0.32 s, maxrss 170964 KB]
[busy 193 jiffies]
[exit 0]
--- lexindex hashed8   load 0.44 0.54 0.78
1000000 keys
lexindex HashedDictIndex fp=8: build 216 ms, size 13.484 MiB (14.139 B/key), latency cold 56.6 ns, then mean 56.7 / min 56.6 ns
216.376,13.483912,56.579
[time 0.87 s, user 1.53 s, sys 0.28 s, maxrss 170160 KB]
[busy 193 jiffies]
[exit 0]
--- lexindex hashed16   load 0.44 0.54 0.78
1000000 keys
lexindex HashedDictIndex fp=16: build 218 ms, size 14.438 MiB (15.139 B/key), latency cold 57.7 ns, then mean 57.0 / min 56.8 ns
217.736,14.437587,57.735
[time 0.87 s, user 1.52 s, sys 0.28 s, maxrss 170500 KB]
[busy 199 jiffies]
[exit 0]
--- c2 case 0 rec 0   load 0.44 0.54 0.78
[TEST C2-FST]
Processing dataset...
Done!
Building trie...
Done!
build time: 1078.905441 ms (1078.905441 ns per key)
space cost: 16.922257 MB (110.901706% of original size 15.258789 MB)
Querying trie...
Done!
total time: 397.499895 ms, avg latency: 397.499895 ns
topology: 0.743332 MB, link: 3.012292 MB, data: 13.166634 MB
--- Unary Path Analysis (FST, cutoff=4) ---
  shared unary steps in main trie: 1041
  terminal suffixes: inplace=0 (avg len=0.00)  links=1000000 (100.0% of terminal)
  link len: avg=10.96  max=12  total_chars=10963783
  link length distribution (len:count):  9:6  10:856  11:56569  12:920487  13:22082
1078.905441,16.922257,397.499895
[PASSED]
[time 2.16 s, user 2.00 s, sys 0.15 s, maxrss 250196 KB]
[busy 226 jiffies]
[exit 0]
--- c2 case 0 rec 1   load 0.49 0.55 0.78
[TEST C2-FST]
Processing dataset...
Done!
Building trie...
trie size: 4.316751 MB
Done!
build time: 1952.230214 ms (1952.230214 ns per key)
space cost: 16.922257 MB (110.901706% of original size 15.258789 MB)
Querying trie...
Done!
total time: 389.607911 ms, avg latency: 389.607911 ns
topology: 0.743332 MB, link: 3.012292 MB, data: 13.166634 MB
--- Unary Path Analysis (FST, cutoff=4) ---
  shared unary steps in main trie: 1041
  terminal suffixes: inplace=0 (avg len=0.00)  links=1000000 (100.0% of terminal)
  link len: avg=10.96  max=12  total_chars=10963783
  link length distribution (len:count):  9:6  10:856  11:56569  12:920487  13:22082
1952.230214,16.922257,389.607911
[PASSED]
[time 2.99 s, user 2.78 s, sys 0.19 s, maxrss 311336 KB]
[busy 312 jiffies]
[exit 0]
--- c2 case 0 rec 2   load 0.53 0.56 0.78
[TEST C2-FST]
Processing dataset...
Done!
Building trie...
trie size: 4.316751 MB
Done!
build time: 1961.976653 ms (1961.976653 ns per key)
space cost: 16.922257 MB (110.901706% of original size 15.258789 MB)
Querying trie...
Done!
total time: 399.711111 ms, avg latency: 399.711111 ns
topology: 0.743332 MB, link: 3.012292 MB, data: 13.166634 MB
--- Unary Path Analysis (FST, cutoff=4) ---
  shared unary steps in main trie: 1041
  terminal suffixes: inplace=0 (avg len=0.00)  links=1000000 (100.0% of terminal)
  link len: avg=10.96  max=12  total_chars=10963783
  link length distribution (len:count):  9:6  10:856  11:56569  12:920487  13:22082
1961.976653,16.922257,399.711111
[PASSED]
[time 3.02 s, user 2.81 s, sys 0.19 s, maxrss 311332 KB]
[busy 313 jiffies]
[exit 0]
--- c2 case 1 rec 0   load 0.49 0.55 0.78
[TEST C2-CoCo(LOUDS-Sparse)]
Processing dataset...
Done!
Building trie...
Done!
build time: 1351.845220 ms (1351.845220 ns per key)
space cost: 16.089285 MB (105.442735% of original size 15.258789 MB)
Querying trie...
Done!
total time: 538.362100 ms, avg latency: 538.362100 ns
topology: 0.346626 MB, link: 3.175570 MB, data: 12.567089 MB
1351.845220,16.089285,538.362100
[PASSED]
[time 2.55 s, user 2.34 s, sys 0.19 s, maxrss 357132 KB]
[busy 269 jiffies]
[exit 0]
--- c2 case 1 rec 1   load 0.49 0.55 0.78
[TEST C2-CoCo(LOUDS-Sparse)]
Processing dataset...
Done!
Building trie...
trie size: 4.316751 MB
Done!
build time: 2197.016128 ms (2197.016128 ns per key)
space cost: 16.089285 MB (105.442735% of original size 15.258789 MB)
Querying trie...
Done!
total time: 519.019535 ms, avg latency: 519.019535 ns
topology: 0.346626 MB, link: 3.175570 MB, data: 12.567089 MB
2197.016128,16.089285,519.019535
[PASSED]
[time 3.37 s, user 3.13 s, sys 0.22 s, maxrss 419164 KB]
[busy 349 jiffies]
[exit 0]
--- c2 case 1 rec 2   load 0.53 0.56 0.78
[TEST C2-CoCo(LOUDS-Sparse)]
Processing dataset...
Done!
Building trie...
trie size: 4.316751 MB
Done!
build time: 2212.524848 ms (2212.524848 ns per key)
space cost: 16.089285 MB (105.442735% of original size 15.258789 MB)
Querying trie...
Done!
total time: 526.995807 ms, avg latency: 526.995807 ns
topology: 0.346626 MB, link: 3.175570 MB, data: 12.567089 MB
2212.524848,16.089285,526.995807
[PASSED]
[time 3.38 s, user 3.13 s, sys 0.23 s, maxrss 418792 KB]
[busy 351 jiffies]
[exit 0]
--- c2 case 2 rec 0   load 0.57 0.56 0.78
[TEST C2-MARISA]
Processing dataset...
Done!
Building trie...
trie size: 1.836515 MB
Done!
build time: 976.645229 ms (976.645229 ns per key)
space cost: 16.609414 MB (108.851456% of original size 15.258789 MB)
Querying trie...
Done!
total time: 336.010364 ms, avg latency: 336.010364 ns
topology: 0.607349 MB, link: 2.863268 MB, data: 13.118289 MB
--- Unary Path Analysis (Marisa, cutoff=3) ---
  branches: 1267337  |  single-char: 266306 (21.0%)  short-unary: 1021 (0.1%)  links: 1000010 (78.9%)
  link len: avg=12.96  max=14  total_chars=12963813
  link length distribution (len:count):  3:10  10:6  11:856  12:56569  13:920487  14:22082
  short unary avg len: 2.00
976.645229,16.609414,336.010364
[PASSED]
[time 1.96 s, user 1.81 s, sys 0.14 s, maxrss 236796 KB]
[busy 207 jiffies]
[exit 0]
--- c2 case 2 rec 1   load 0.52 0.55 0.78
[TEST C2-MARISA]
Processing dataset...
Done!
Building trie...
trie size: 1.836515 MB
trie size: 4.316792 MB
Done!
build time: 1984.393376 ms (1984.393376 ns per key)
space cost: 16.609414 MB (108.851456% of original size 15.258789 MB)
Querying trie...
Done!
total time: 326.189194 ms, avg latency: 326.189194 ns
topology: 0.607349 MB, link: 2.863268 MB, data: 13.118289 MB
--- Unary Path Analysis (Marisa, cutoff=3) ---
  branches: 1267337  |  single-char: 266306 (21.0%)  short-unary: 1021 (0.1%)  links: 1000010 (78.9%)
  link len: avg=12.96  max=14  total_chars=12963813
  link length distribution (len:count):  3:10  10:6  11:856  12:56569  13:920487  14:22082
  short unary avg len: 2.00
1984.393376,16.609414,326.189194
[PASSED]
[time 2.96 s, user 2.73 s, sys 0.20 s, maxrss 283892 KB]
[busy 307 jiffies]
[exit 0]
--- c2 case 2 rec 2   load 0.52 0.55 0.78
[TEST C2-MARISA]
Processing dataset...
Done!
Building trie...
trie size: 1.836515 MB
trie size: 4.316792 MB
Done!
build time: 1984.229208 ms (1984.229208 ns per key)
space cost: 16.609414 MB (108.851456% of original size 15.258789 MB)
Querying trie...
Done!
total time: 329.221323 ms, avg latency: 329.221323 ns
topology: 0.607349 MB, link: 2.863268 MB, data: 13.118289 MB
--- Unary Path Analysis (Marisa, cutoff=3) ---
  branches: 1267337  |  single-char: 266306 (21.0%)  short-unary: 1021 (0.1%)  links: 1000010 (78.9%)
  link len: avg=12.96  max=14  total_chars=12963813
  link length distribution (len:count):  3:10  10:6  11:856  12:56569  13:920487  14:22082
  short unary avg len: 2.00
1984.229208,16.609414,329.221323
[PASSED]
[time 2.95 s, user 2.75 s, sys 0.18 s, maxrss 283808 KB]
[busy 306 jiffies]
[exit 0]
--- c2 case 3 rec 0   load 0.56 0.56 0.78
[TEST FST]
Processing dataset...
Done!
Building trie...
Done!
build time: 658.362685 ms (658.362685 ns per key)
space cost: 16.760878 MB (109.844088% of original size 15.258789 MB)
Querying trie...
Done!
total time: 340.327657 ms, avg latency: 340.327657 ns
not implemented
658.362685,16.760878,340.327657
[PASSED]
[time 1.64 s, user 1.54 s, sys 0.09 s, maxrss 147068 KB]
[busy 171 jiffies]
[exit 0]
--- c2 case 4 rec 0   load 0.60 0.57 0.78
[TEST COCO]
Processing dataset...
Done!
Building trie...
num nodes = 4097, average depth = 12.997071
ef = 0.000000, pa = 0.000000, bv = 0.000000, de = 0.000000
efr = 0.000000, par = 0.999756, bvr = 0.000244, der = 0.000000
Done!
build time: 17457.834707 ms (17457.834707 ns per key)
space cost: 10.595579 MB (69.439184% of original size 15.258789 MB)
Querying trie...
Done!
total time: 459.661810 ms, avg latency: 459.661810 ns
not implemented
17457.834707,10.595579,459.661810
[PASSED]
[time 19.39 s, user 14.26 s, sys 5.05 s, maxrss 11388604 KB]
[busy 1994 jiffies]
[exit 0]
--- c2 case 5 rec 0   load 0.71 0.60 0.79
[TEST MARISA]
Processing dataset...
Done!
Building trie...
Done!
build time: 467.339621 ms (467.339621 ns per key)
space cost: 17.200768 MB (112.726950% of original size 15.258789 MB)
Querying trie...
Done!
total time: 453.709583 ms, avg latency: 453.709583 ns
not implemented
467.339621,17.200768,453.709583
[PASSED]
[time 1.55 s, user 1.43 s, sys 0.10 s, maxrss 195060 KB]
[busy 165 jiffies]
[exit 0]
--- c2 case 5 rec 1   load 0.71 0.60 0.79
[TEST MARISA]
Processing dataset...
Done!
Building trie...
Done!
build time: 725.510212 ms (725.510212 ns per key)
space cost: 17.634758 MB (115.571150% of original size 15.258789 MB)
Querying trie...
Done!
total time: 668.751882 ms, avg latency: 668.751882 ns
not implemented
725.510212,17.634758,668.751882
[PASSED]
[time 2.04 s, user 1.89 s, sys 0.13 s, maxrss 185344 KB]
[busy 214 jiffies]
[exit 0]
--- c2 case 5 rec 2   load 0.73 0.61 0.79
[TEST MARISA]
Processing dataset...
Done!
Building trie...
Done!
build time: 953.313627 ms (953.313627 ns per key)
space cost: 17.949429 MB (117.633375% of original size 15.258789 MB)
Querying trie...
Done!
total time: 971.487675 ms, avg latency: 971.487675 ns
not implemented
953.313627,17.949429,971.487675
[PASSED]
[time 2.59 s, user 2.42 s, sys 0.15 s, maxrss 225640 KB]
[busy 273 jiffies]
[exit 0]
--- c2 case 6 rec 0   load 0.76 0.61 0.79
[TEST PDT]
Processing dataset...
Done!
Building trie...
dict size: 177882, stream size: 12826382
Done!
build time: 15575.721320 ms (15575.721320 ns per key)
space cost: 13.677892 MB (89.639431% of original size 15.258789 MB)
Querying trie...
Done!
total time: 592.926206 ms, avg latency: 592.926206 ns
not implemented
15575.721320,13.677892,592.926206
[PASSED]
[time 16.81 s, user 16.53 s, sys 0.21 s, maxrss 361196 KB]
[busy 1722 jiffies]
[exit 0]
--- c2 case 7 rec 0   load 0.81 0.63 0.79
[TEST ART]
Processing dataset...
Done!
Building trie...
Done!
build time: 151.283523 ms (151.283523 ns per key)
space cost: 30.301407 MB (198.583300% of original size 15.258789 MB)
Querying trie...
Done!
total time: 182.087290 ms, avg latency: 182.087290 ns
not implemented
151.283523,30.301407,182.087290
[PASSED]
[time 1.00 s, user 0.90 s, sys 0.08 s, maxrss 178636 KB]
[busy 110 jiffies]
[exit 0]
--- c2 case 8 rec 0   load 0.83 0.64 0.80
[TEST CART]
Processing dataset...
Done!
Building trie...
Done!
build time: 172.239791 ms (172.239791 ns per key)
space cost: 11.383729 MB (74.604406% of original size 15.258789 MB)
Querying trie...
Done!
total time: 226.772527 ms, avg latency: 226.772527 ns
not implemented
172.239791,11.383729,226.772527
[PASSED]
[time 1.07 s, user 0.98 s, sys 0.07 s, maxrss 161172 KB]
[busy 113 jiffies]
[exit 0]
--- xcdat 7   load 0.83 0.64 0.80
build time: 666.818458 ms
space cost: 19.932177 MiB (130.627512% of original size 15.258789 MiB)
avg latency: 219.396233 ns
666.818458,19.932177,219.396233
[time 1.56 s, user 1.46 s, sys 0.09 s, maxrss 173196 KB]
[busy 163 jiffies]
[exit 0]
--- xcdat 8   load 0.76 0.63 0.79
build time: 634.700292 ms
space cost: 18.565336 MiB (121.669787% of original size 15.258789 MiB)
avg latency: 213.481106 ns
634.700292,18.565336,213.481106
[time 1.52 s, user 1.39 s, sys 0.12 s, maxrss 180108 KB]
[busy 163 jiffies]
[exit 0]
--- xcdat 15   load 0.76 0.63 0.79
build time: 652.189413 ms
space cost: 19.094490 MiB (125.137650% of original size 15.258789 MiB)
avg latency: 202.549339 ns
652.189413,19.094490,202.549339
[time 1.53 s, user 1.42 s, sys 0.10 s, maxrss 181084 KB]
[busy 161 jiffies]
[exit 0]
--- xcdat 16   load 0.70 0.62 0.79
build time: 631.843051 ms
space cost: 19.227987 MiB (126.012538% of original size 15.258789 MiB)
avg latency: 208.045950 ns
631.843051,19.227987,208.045950
[time 1.51 s, user 1.40 s, sys 0.10 s, maxrss 180104 KB]
[busy 158 jiffies]
[exit 0]

##### paths-1000000 (1000000 lines, 125978312 bytes)   round 1/3   2026-09-24T03:05:45+03:00
--- lexindex dict32   load 0.70 0.62 0.79
1000000 keys
lexindex DictIndex block 32: build 498 ms, size 12.389 MiB (12.991 B/key), latency cold 777.2 ns, then mean 766.3 / min 763.0 ns
498.238,12.389187,777.183
[time 4.38 s, user 7.02 s, sys 0.39 s, maxrss 491212 KB]
[busy 770 jiffies]
[exit 0]
--- lexindex dict256   load 0.72 0.62 0.79
1000000 keys
lexindex DictIndex block 256: build 508 ms, size 9.414 MiB (9.871 B/key), latency cold 799.1 ns, then mean 792.0 / min 786.4 ns
507.691,9.413641,799.059
[time 4.49 s, user 7.23 s, sys 0.42 s, maxrss 490196 KB]
[busy 813 jiffies]
[exit 0]
--- lexindex dict1024   load 0.75 0.63 0.79
1000000 keys
lexindex DictIndex block 1024: build 567 ms, size 8.891 MiB (9.323 B/key), latency cold 832.9 ns, then mean 830.9 / min 828.1 ns
566.522,8.891459,832.928
[time 4.70 s, user 6.48 s, sys 0.34 s, maxrss 497312 KB]
[busy 712 jiffies]
[exit 0]
--- lexindex string   load 0.77 0.64 0.79
1000000 keys
lexindex StringIndex: build 1428 ms, size 16.673 MiB (17.483 B/key), latency cold 765.4 ns, then mean 751.5 / min 749.8 ns
1428.430,16.673446,765.388
[time 5.23 s, user 5.03 s, sys 0.18 s, maxrss 363396 KB]
[busy 550 jiffies]
[exit 0]
--- lexindex hashed0   load 0.72 0.63 0.79
1000000 keys
lexindex HashedDictIndex closed: build 664 ms, size 12.027 MiB (12.611 B/key), latency cold 77.5 ns, then mean 77.6 / min 76.7 ns
664.372,12.027206,77.459
[time 1.77 s, user 4.55 s, sys 0.40 s, maxrss 497152 KB]
[busy 520 jiffies]
[exit 0]
--- lexindex hashed8   load 0.72 0.63 0.79
1000000 keys
lexindex HashedDictIndex fp=8: build 664 ms, size 12.981 MiB (13.611 B/key), latency cold 103.8 ns, then mean 100.9 / min 98.2 ns
664.476,12.980881,103.786
[time 1.86 s, user 4.65 s, sys 0.40 s, maxrss 495508 KB]
[busy 528 jiffies]
[exit 0]
--- lexindex hashed16   load 0.74 0.64 0.79
1000000 keys
lexindex HashedDictIndex fp=16: build 667 ms, size 13.935 MiB (14.611 B/key), latency cold 110.1 ns, then mean 103.3 / min 100.1 ns
666.690,13.934555,110.076
[time 1.89 s, user 4.68 s, sys 0.40 s, maxrss 498736 KB]
[busy 532 jiffies]
[exit 0]
--- c2 case 0 rec 0   load 0.74 0.64 0.79
[TEST C2-FST]
Processing dataset...
Done!
Building trie...
Done!
build time: 1419.955145 ms (1419.955145 ns per key)
space cost: 14.260756 MB (11.964866% of original size 119.188606 MB)
Querying trie...
Done!
total time: 2413.871065 ms, avg latency: 2413.871065 ns
topology: 1.699890 MB, link: 2.595201 MB, data: 9.965666 MB
--- Unary Path Analysis (FST, cutoff=4) ---
  shared unary steps in main trie: 2658278
  terminal suffixes: inplace=39819 (avg len=2.28)  links=891354 (95.7% of terminal)
  link len: avg=14.94  max=443  total_chars=13318660
  link length distribution (len:count):  4:40001  5:49577  6:45421  7:46380  8:50483  9:55180  10:56608  11:54673  12:51140  13:35047  14:30416  15:36724  16:35248  17:24069  18:19466  19:17073  20:16018  21:15299  22:13878  23:12677  24:11568  25:37816  26:26754  27:6712  28:5420  29:5541  30:5676  31:5365  32:4659  33:5334  34:4520  35:4652  36:5350  37:9255  38:4943  39:11477  40:3024  41:2087  42:2051  43:1854  44:1606  45:1448  46:1135  47:1025  48:963  49:801  50:774  51:907  52:679  53:727  54:589  55:642  56:710  57:689  58:824  59:515  60:781  61:937  62:666  63:360  64:436  65:381  66:289  67:245  68:235  69:250  70:244  71:266  72:444  73:249  74:341  75:214  76:315  77:82  78:131  79:63  80:31  81:46  82:38  83:33  84:32  85:58  86:34  87:20  88:33  89:21  90:5  91:6  92:18  93:7  94:11  95:14  96:12  97:3  98:4  99:4  100:10  101:17  102:11  103:6  104:17  105:9  106:12  107:11  108:7  109:2  110:3  111:1  112:2  113:4  114:3  115:4  116:3  117:4  118:13  119:5  120:1  122:2  123:3  124:38  125:23  126:156  127:15  128:61  129:3  130:1  131:3  132:2  133:1  136:3  137:6  138:1  139:1  142:4  143:1  144:2  145:2  146:2  151:3  152:1  154:2  159:2  160:2  161:2  165:3  167:1  171:1  172:3  173:1  174:1  175:1  182:1  187:3  188:1  190:2  191:1  194:1  195:3  198:1  201:1  202:1  203:1  205:1  206:1  215:1  219:1  233:1  235:1  243:1  247:1  257:1  265:1  444:1
1419.955145,14.260756,2413.871065
[PASSED]
[time 4.83 s, user 4.58 s, sys 0.22 s, maxrss 358688 KB]
[busy 496 jiffies]
[exit 0]
--- c2 case 0 rec 1   load 0.70 0.63 0.79
[TEST C2-FST]
Processing dataset...
Done!
Building trie...
trie size: 2.746100 MB
Done!
build time: 1658.173455 ms (1658.173455 ns per key)
space cost: 12.500864 MB (10.488305% of original size 119.188606 MB)
Querying trie...
Done!
total time: 2616.408141 ms, avg latency: 2616.408141 ns
topology: 1.942371 MB, link: 2.552141 MB, data: 8.006351 MB
--- Unary Path Analysis (FST, cutoff=4) ---
  shared unary steps in main trie: 2658278
  terminal suffixes: inplace=39819 (avg len=2.28)  links=891354 (95.7% of terminal)
  link len: avg=14.94  max=443  total_chars=13318660
  link length distribution (len:count):  4:40001  5:49577  6:45421  7:46380  8:50483  9:55180  10:56608  11:54673  12:51140  13:35047  14:30416  15:36724  16:35248  17:24069  18:19466  19:17073  20:16018  21:15299  22:13878  23:12677  24:11568  25:37816  26:26754  27:6712  28:5420  29:5541  30:5676  31:5365  32:4659  33:5334  34:4520  35:4652  36:5350  37:9255  38:4943  39:11477  40:3024  41:2087  42:2051  43:1854  44:1606  45:1448  46:1135  47:1025  48:963  49:801  50:774  51:907  52:679  53:727  54:589  55:642  56:710  57:689  58:824  59:515  60:781  61:937  62:666  63:360  64:436  65:381  66:289  67:245  68:235  69:250  70:244  71:266  72:444  73:249  74:341  75:214  76:315  77:82  78:131  79:63  80:31  81:46  82:38  83:33  84:32  85:58  86:34  87:20  88:33  89:21  90:5  91:6  92:18  93:7  94:11  95:14  96:12  97:3  98:4  99:4  100:10  101:17  102:11  103:6  104:17  105:9  106:12  107:11  108:7  109:2  110:3  111:1  112:2  113:4  114:3  115:4  116:3  117:4  118:13  119:5  120:1  122:2  123:3  124:38  125:23  126:156  127:15  128:61  129:3  130:1  131:3  132:2  133:1  136:3  137:6  138:1  139:1  142:4  143:1  144:2  145:2  146:2  151:3  152:1  154:2  159:2  160:2  161:2  165:3  167:1  171:1  172:3  173:1  174:1  175:1  182:1  187:3  188:1  190:2  191:1  194:1  195:3  198:1  201:1  202:1  203:1  205:1  206:1  215:1  219:1  233:1  235:1  243:1  247:1  257:1  265:1  444:1
1658.173455,12.500864,2616.408141
[PASSED]
[time 5.27 s, user 5.03 s, sys 0.21 s, maxrss 356960 KB]
[busy 543 jiffies]
[exit 0]
--- c2 case 0 rec 2   load 0.73 0.64 0.79
[TEST C2-FST]
Processing dataset...
Done!
Building trie...
trie size: 2.746100 MB
trie size: 0.687543 MB
Done!
build time: 1762.247736 ms (1762.247736 ns per key)
space cost: 12.500864 MB (10.488305% of original size 119.188606 MB)
Querying trie...
Done!
total time: 2613.438839 ms, avg latency: 2613.438839 ns
topology: 1.942371 MB, link: 2.552141 MB, data: 8.006351 MB
--- Unary Path Analysis (FST, cutoff=4) ---
  shared unary steps in main trie: 2658278
  terminal suffixes: inplace=39819 (avg len=2.28)  links=891354 (95.7% of terminal)
  link len: avg=14.94  max=443  total_chars=13318660
  link length distribution (len:count):  4:40001  5:49577  6:45421  7:46380  8:50483  9:55180  10:56608  11:54673  12:51140  13:35047  14:30416  15:36724  16:35248  17:24069  18:19466  19:17073  20:16018  21:15299  22:13878  23:12677  24:11568  25:37816  26:26754  27:6712  28:5420  29:5541  30:5676  31:5365  32:4659  33:5334  34:4520  35:4652  36:5350  37:9255  38:4943  39:11477  40:3024  41:2087  42:2051  43:1854  44:1606  45:1448  46:1135  47:1025  48:963  49:801  50:774  51:907  52:679  53:727  54:589  55:642  56:710  57:689  58:824  59:515  60:781  61:937  62:666  63:360  64:436  65:381  66:289  67:245  68:235  69:250  70:244  71:266  72:444  73:249  74:341  75:214  76:315  77:82  78:131  79:63  80:31  81:46  82:38  83:33  84:32  85:58  86:34  87:20  88:33  89:21  90:5  91:6  92:18  93:7  94:11  95:14  96:12  97:3  98:4  99:4  100:10  101:17  102:11  103:6  104:17  105:9  106:12  107:11  108:7  109:2  110:3  111:1  112:2  113:4  114:3  115:4  116:3  117:4  118:13  119:5  120:1  122:2  123:3  124:38  125:23  126:156  127:15  128:61  129:3  130:1  131:3  132:2  133:1  136:3  137:6  138:1  139:1  142:4  143:1  144:2  145:2  146:2  151:3  152:1  154:2  159:2  160:2  161:2  165:3  167:1  171:1  172:3  173:1  174:1  175:1  182:1  187:3  188:1  190:2  191:1  194:1  195:3  198:1  201:1  202:1  203:1  205:1  206:1  215:1  219:1  233:1  235:1  243:1  247:1  257:1  265:1  444:1
1762.247736,12.500864,2613.438839
[PASSED]
[time 5.37 s, user 5.12 s, sys 0.22 s, maxrss 356636 KB]
[busy 552 jiffies]
[exit 0]
--- c2 case 1 rec 0   load 0.75 0.65 0.79
[TEST C2-CoCo(LOUDS-Sparse)]
Processing dataset...
Done!
Building trie...
Done!
build time: 5092.769687 ms (5092.769687 ns per key)
space cost: 14.878411 MB (12.483082% of original size 119.188606 MB)
Querying trie...
Done!
total time: 1631.095401 ms, avg latency: 1631.095401 ns
topology: 0.476959 MB, link: 4.004946 MB, data: 10.396506 MB
5092.769687,14.878411,1631.095401
[PASSED]
[time 7.72 s, user 7.32 s, sys 0.37 s, maxrss 595920 KB]
[busy 796 jiffies]
[exit 0]
--- c2 case 1 rec 1   load 0.79 0.66 0.79
[TEST C2-CoCo(LOUDS-Sparse)]
Processing dataset...
Done!
Building trie...
trie size: 2.746100 MB
Done!
build time: 5342.681416 ms (5342.681416 ns per key)
space cost: 13.118518 MB (11.006521% of original size 119.188606 MB)
Querying trie...
Done!
total time: 1802.592696 ms, avg latency: 1802.592696 ns
topology: 0.719440 MB, link: 3.961886 MB, data: 8.437192 MB
5342.681416,13.118518,1802.592696
[PASSED]
[time 8.13 s, user 7.76 s, sys 0.33 s, maxrss 587860 KB]
[busy 834 jiffies]
[exit 0]
--- c2 case 1 rec 2   load 0.74 0.65 0.79
[TEST C2-CoCo(LOUDS-Sparse)]
Processing dataset...
Done!
Building trie...
trie size: 2.746100 MB
trie size: 0.687543 MB
Done!
build time: 5442.480822 ms (5442.480822 ns per key)
space cost: 13.118518 MB (11.006521% of original size 119.188606 MB)
Querying trie...
Done!
total time: 1799.741597 ms, avg latency: 1799.741597 ns
topology: 0.719440 MB, link: 3.961886 MB, data: 8.437192 MB
5442.480822,13.118518,1799.741597
[PASSED]
[time 8.23 s, user 7.84 s, sys 0.35 s, maxrss 591092 KB]
[busy 848 jiffies]
[exit 0]
--- c2 case 2 rec 0   load 0.70 0.65 0.79
[TEST C2-MARISA]
Processing dataset...
Done!
Building trie...
trie size: 2.297644 MB
Done!
build time: 1323.870470 ms (1323.870470 ns per key)
space cost: 11.928165 MB (10.007807% of original size 119.188606 MB)
Querying trie...
Done!
total time: 883.317336 ms, avg latency: 883.317336 ns
topology: 0.761036 MB, link: 3.343996 MB, data: 7.802626 MB
--- Unary Path Analysis (Marisa, cutoff=3) ---
  branches: 1534795  |  single-char: 270841 (17.6%)  short-unary: 45134 (2.9%)  links: 1218820 (79.4%)
  link len: avg=14.88  max=445  total_chars=18132830
  link length distribution (len:count):  3:37127  4:49365  5:75461  6:91989  7:72185  8:66513  9:63973  10:68956  11:73223  12:65790  13:57380  14:41495  15:36762  16:42631  17:41179  18:27817  19:22377  20:18838  21:17845  22:16718  23:15115  24:13613  25:12555  26:39233  27:27982  28:7379  29:6328  30:6087  31:6172  32:5955  33:5265  34:5643  35:4792  36:4909  37:5534  38:9417  39:5190  40:12044  41:4130  42:3423  43:3194  44:2134  45:1772  46:1642  47:1384  48:1261  49:1057  50:900  51:919  52:1030  53:750  54:799  55:667  56:702  57:772  58:823  59:1198  60:1008  61:899  62:972  63:712  64:409  65:454  66:414  67:320  68:269  69:256  70:270  71:258  72:280  73:453  74:258  75:356  76:221  77:315  78:88  79:138  80:65  81:34  82:48  83:40  84:34  85:38  86:63  87:38  88:23  89:36  90:23  91:6  92:6  93:19  94:8  95:11  96:14  97:13  98:3  99:5  100:4  101:12  102:17  103:11  104:6  105:17  106:9  107:12  108:11  109:7  110:2  111:4  112:1  113:2  114:4  115:4  116:4  117:3  118:4  119:14  120:6  121:1  123:2  124:3  125:38  126:23  127:156  128:15  129:61  130:3  131:1  132:3  133:2  134:1  136:1  137:3  138:6  139:1  140:1  143:4  144:2  145:2  146:2  147:2  149:1  152:3  153:1  155:2  157:1  160:2  161:2  162:2  166:3  167:1  168:1  172:1  173:3  174:1  175:1  176:1  183:2  185:1  188:4  189:2  191:2  192:3  195:2  196:3  199:1  202:1  203:1  204:1  206:1  207:2  216:1  220:1  230:1  234:1  236:1  244:1  248:1  258:1  266:1  445:1
  short unary avg len: 2.00
1323.870470,11.928165,883.317336
[PASSED]
[time 3.20 s, user 2.95 s, sys 0.23 s, maxrss 356288 KB]
[busy 335 jiffies]
[exit 0]
--- c2 case 2 rec 1   load 0.70 0.65 0.79
[TEST C2-MARISA]
Processing dataset...
Done!
Building trie...
trie size: 2.297644 MB
trie size: 3.841883 MB
Done!
build time: 1633.591151 ms (1633.591151 ns per key)
space cost: 9.839272 MB (8.255212% of original size 119.188606 MB)
Querying trie...
Done!
total time: 1584.060527 ms, avg latency: 1584.060527 ns
topology: 1.073097 MB, link: 3.403300 MB, data: 5.342366 MB
--- Unary Path Analysis (Marisa, cutoff=3) ---
  branches: 1534795  |  single-char: 270841 (17.6%)  short-unary: 45134 (2.9%)  links: 1218820 (79.4%)
  link len: avg=14.88  max=445  total_chars=18132830
  link length distribution (len:count):  3:37127  4:49365  5:75461  6:91989  7:72185  8:66513  9:63973  10:68956  11:73223  12:65790  13:57380  14:41495  15:36762  16:42631  17:41179  18:27817  19:22377  20:18838  21:17845  22:16718  23:15115  24:13613  25:12555  26:39233  27:27982  28:7379  29:6328  30:6087  31:6172  32:5955  33:5265  34:5643  35:4792  36:4909  37:5534  38:9417  39:5190  40:12044  41:4130  42:3423  43:3194  44:2134  45:1772  46:1642  47:1384  48:1261  49:1057  50:900  51:919  52:1030  53:750  54:799  55:667  56:702  57:772  58:823  59:1198  60:1008  61:899  62:972  63:712  64:409  65:454  66:414  67:320  68:269  69:256  70:270  71:258  72:280  73:453  74:258  75:356  76:221  77:315  78:88  79:138  80:65  81:34  82:48  83:40  84:34  85:38  86:63  87:38  88:23  89:36  90:23  91:6  92:6  93:19  94:8  95:11  96:14  97:13  98:3  99:5  100:4  101:12  102:17  103:11  104:6  105:17  106:9  107:12  108:11  109:7  110:2  111:4  112:1  113:2  114:4  115:4  116:4  117:3  118:4  119:14  120:6  121:1  123:2  124:3  125:38  126:23  127:156  128:15  129:61  130:3  131:1  132:3  133:2  134:1  136:1  137:3  138:6  139:1  140:1  143:4  144:2  145:2  146:2  147:2  149:1  152:3  153:1  155:2  157:1  160:2  161:2  162:2  166:3  167:1  168:1  172:1  173:3  174:1  175:1  176:1  183:2  185:1  188:4  189:2  191:2  192:3  195:2  196:3  199:1  202:1  203:1  204:1  206:1  207:2  216:1  220:1  230:1  234:1  236:1  244:1  248:1  258:1  266:1  445:1
  short unary avg len: 2.00
1633.591151,9.839272,1584.060527
[PASSED]
[time 4.22 s, user 3.95 s, sys 0.24 s, maxrss 354132 KB]
[busy 437 jiffies]
[exit 0]
--- c2 case 2 rec 2   load 0.72 0.65 0.79
[TEST C2-MARISA]
Processing dataset...
Done!
Building trie...
trie size: 2.297644 MB
trie size: 3.841883 MB
trie size: 0.864431 MB
Done!
build time: 1790.601117 ms (1790.601117 ns per key)
space cost: 9.839272 MB (8.255212% of original size 119.188606 MB)
Querying trie...
Done!
total time: 1614.014807 ms, avg latency: 1614.014807 ns
topology: 1.073097 MB, link: 3.403300 MB, data: 5.342366 MB
--- Unary Path Analysis (Marisa, cutoff=3) ---
  branches: 1534795  |  single-char: 270841 (17.6%)  short-unary: 45134 (2.9%)  links: 1218820 (79.4%)
  link len: avg=14.88  max=445  total_chars=18132830
  link length distribution (len:count):  3:37127  4:49365  5:75461  6:91989  7:72185  8:66513  9:63973  10:68956  11:73223  12:65790  13:57380  14:41495  15:36762  16:42631  17:41179  18:27817  19:22377  20:18838  21:17845  22:16718  23:15115  24:13613  25:12555  26:39233  27:27982  28:7379  29:6328  30:6087  31:6172  32:5955  33:5265  34:5643  35:4792  36:4909  37:5534  38:9417  39:5190  40:12044  41:4130  42:3423  43:3194  44:2134  45:1772  46:1642  47:1384  48:1261  49:1057  50:900  51:919  52:1030  53:750  54:799  55:667  56:702  57:772  58:823  59:1198  60:1008  61:899  62:972  63:712  64:409  65:454  66:414  67:320  68:269  69:256  70:270  71:258  72:280  73:453  74:258  75:356  76:221  77:315  78:88  79:138  80:65  81:34  82:48  83:40  84:34  85:38  86:63  87:38  88:23  89:36  90:23  91:6  92:6  93:19  94:8  95:11  96:14  97:13  98:3  99:5  100:4  101:12  102:17  103:11  104:6  105:17  106:9  107:12  108:11  109:7  110:2  111:4  112:1  113:2  114:4  115:4  116:4  117:3  118:4  119:14  120:6  121:1  123:2  124:3  125:38  126:23  127:156  128:15  129:61  130:3  131:1  132:3  133:2  134:1  136:1  137:3  138:6  139:1  140:1  143:4  144:2  145:2  146:2  147:2  149:1  152:3  153:1  155:2  157:1  160:2  161:2  162:2  166:3  167:1  168:1  172:1  173:3  174:1  175:1  176:1  183:2  185:1  188:4  189:2  191:2  192:3  195:2  196:3  199:1  202:1  203:1  204:1  206:1  207:2  216:1  220:1  230:1  234:1  236:1  244:1  248:1  258:1  266:1  445:1
  short unary avg len: 2.00
1790.601117,9.839272,1614.014807
[PASSED]
[time 4.39 s, user 4.15 s, sys 0.23 s, maxrss 354232 KB]
[busy 453 jiffies]
[exit 0]
--- c2 case 3 rec 0   load 0.75 0.66 0.79
[TEST FST]
Processing dataset...
Done!
Building trie...
Done!
build time: 3305.880317 ms (3305.880317 ns per key)
space cost: 14.021067 MB (11.763764% of original size 119.188606 MB)
Querying trie...
Done!
total time: 4557.431702 ms, avg latency: 4557.431702 ns
not implemented
3305.880317,14.021067,4557.431702
[PASSED]
[time 8.87 s, user 8.64 s, sys 0.20 s, maxrss 357980 KB]
[busy 912 jiffies]
[exit 0]
--- c2 case 4 rec 0   load 0.79 0.67 0.79
[TEST COCO]
Processing dataset...
Done!
Building trie...
num nodes = 584148, average depth = 12.594651
ef = 0.000038, pa = 0.103241, bv = 0.000608, de = 0.597184
efr = 0.000176, par = 0.181430, bvr = 0.000135, der = 0.117188
Done!
build time: 45368.526745 ms (45368.526745 ns per key)
space cost: 19.697372 MB (16.526221% of original size 119.188606 MB)
Querying trie...
Done!
total time: 1362.056463 ms, avg latency: 1362.056463 ns
not implemented
45368.526745,19.697372,1362.056463
[PASSED]
[time 49.39 s, user 38.88 s, sys 10.31 s, maxrss 23293368 KB]
[busy 5279 jiffies]
[exit 0]
--- c2 case 5 rec 0   load 0.88 0.73 0.81
[TEST MARISA]
Processing dataset...
Done!
Building trie...
Done!
build time: 1638.028681 ms (1638.028681 ns per key)
space cost: 12.257486 MB (10.284109% of original size 119.188606 MB)
Querying trie...
Done!
total time: 969.579438 ms, avg latency: 969.579438 ns
not implemented
1638.028681,12.257486,969.579438
[PASSED]
[time 3.57 s, user 3.31 s, sys 0.24 s, maxrss 411460 KB]
[busy 372 jiffies]
[exit 0]
--- c2 case 5 rec 1   load 0.88 0.73 0.81
[TEST MARISA]
Processing dataset...
Done!
Building trie...
Done!
build time: 1730.076920 ms (1730.076920 ns per key)
space cost: 9.428862 MB (7.910875% of original size 119.188606 MB)
Querying trie...
Done!
total time: 1765.800754 ms, avg latency: 1765.800754 ns
not implemented
1730.076920,9.428862,1765.800754
[PASSED]
[time 4.50 s, user 4.23 s, sys 0.25 s, maxrss 411564 KB]
[busy 465 jiffies]
[exit 0]
--- c2 case 5 rec 2   load 0.82 0.72 0.81
[TEST MARISA]
Processing dataset...
Done!
Building trie...
Done!
build time: 1801.317960 ms (1801.317960 ns per key)
space cost: 9.029414 MB (7.575736% of original size 119.188606 MB)
Querying trie...
Done!
total time: 2202.389648 ms, avg latency: 2202.389648 ns
not implemented
1801.317960,9.029414,2202.389648
[PASSED]
[time 4.96 s, user 4.70 s, sys 0.23 s, maxrss 411476 KB]
[busy 508 jiffies]
[exit 0]
--- c2 case 6 rec 0   load 0.84 0.72 0.81
[TEST PDT]
Processing dataset...
Done!
Building trie...
dict size: 153672, stream size: 10323140
Done!
build time: 4764.149816 ms (4764.149816 ns per key)
space cost: 11.267526 MB (9.453526% of original size 119.188606 MB)
Querying trie...
Done!
total time: 1075.171642 ms, avg latency: 1075.171642 ns
not implemented
4764.149816,11.267526,1075.171642
[PASSED]
[time 6.85 s, user 6.51 s, sys 0.30 s, maxrss 389080 KB]
[busy 704 jiffies]
[exit 0]
--- c2 case 7 rec 0   load 0.85 0.73 0.81
[TEST ART]
Processing dataset...
Done!
Building trie...
Done!
build time: 410.671291 ms (410.671291 ns per key)
space cost: 34.675591 MB (29.093041% of original size 119.188606 MB)
Querying trie...
Done!
total time: 779.088975 ms, avg latency: 779.088975 ns
not implemented
410.671291,34.675591,779.088975
[PASSED]
[time 2.22 s, user 1.95 s, sys 0.26 s, maxrss 505144 KB]
[busy 232 jiffies]
[exit 0]
--- c2 case 8 rec 0   load 0.86 0.73 0.81
[TEST CART]
Processing dataset...
Done!
Building trie...
Done!
build time: 465.566689 ms (465.566689 ns per key)
space cost: 18.620093 MB (15.622377% of original size 119.188606 MB)
Querying trie...
Done!
total time: 833.697774 ms, avg latency: 833.697774 ns
not implemented
465.566689,18.620093,833.697774
[PASSED]
[time 2.33 s, user 2.06 s, sys 0.26 s, maxrss 496304 KB]
[busy 245 jiffies]
[exit 0]
--- xcdat 7   load 0.79 0.72 0.81
build time: 1412.647059 ms
space cost: 18.455355 MiB (15.484160% of original size 119.188606 MiB)
avg latency: 716.268702 ns
1412.647059,18.455355,716.268702
[time 3.12 s, user 2.86 s, sys 0.24 s, maxrss 362508 KB]
[busy 325 jiffies]
[exit 0]
--- xcdat 8   load 0.79 0.72 0.81
build time: 1350.602575 ms
space cost: 18.497238 MiB (15.519301% of original size 119.188606 MiB)
avg latency: 719.615662 ns
1350.602575,18.497238,719.615662
[time 3.07 s, user 2.81 s, sys 0.23 s, maxrss 362248 KB]
[busy 321 jiffies]
[exit 0]
--- xcdat 15   load 0.81 0.73 0.81
build time: 1410.132753 ms
space cost: 23.949356 MiB (20.093662% of original size 119.188606 MiB)
avg latency: 624.874944 ns
1410.132753,23.949356,624.874944
[time 3.05 s, user 2.78 s, sys 0.26 s, maxrss 367632 KB]
[busy 316 jiffies]
[exit 0]
--- xcdat 16   load 0.83 0.73 0.81
build time: 1345.535771 ms
space cost: 25.154240 MiB (21.104567% of original size 119.188606 MiB)
avg latency: 678.870941 ns
1345.535771,25.154240,678.870941
[time 3.04 s, user 2.75 s, sys 0.27 s, maxrss 369400 KB]
[busy 315 jiffies]
[exit 0]

##### pypi-full (889864 lines, 12756399 bytes)   round 1/3   2026-09-24T03:09:04+03:00
--- lexindex dict32   load 0.84 0.74 0.81
889864 keys
lexindex DictIndex block 32: build 171 ms, size 3.800 MiB (4.478 B/key), latency cold 329.5 ns, then mean 318.0 / min 315.9 ns
171.428,3.799900,329.514
[time 1.73 s, user 2.66 s, sys 0.16 s, maxrss 204760 KB]
[busy 301 jiffies]
[exit 0]
--- lexindex dict256   load 0.84 0.74 0.81
889864 keys
lexindex DictIndex block 256: build 177 ms, size 3.535 MiB (4.165 B/key), latency cold 351.2 ns, then mean 343.0 / min 342.1 ns
176.972,3.534916,351.185
[time 1.82 s, user 2.77 s, sys 0.15 s, maxrss 205140 KB]
[busy 310 jiffies]
[exit 0]
--- lexindex dict1024   load 0.93 0.76 0.82
889864 keys
lexindex DictIndex block 1024: build 195 ms, size 3.413 MiB (4.022 B/key), latency cold 421.8 ns, then mean 418.3 / min 416.6 ns
195.329,3.413095,421.783
[time 2.10 s, user 2.65 s, sys 0.15 s, maxrss 187316 KB]
[busy 295 jiffies]
[exit 0]
--- lexindex string   load 0.86 0.75 0.81
889864 keys
lexindex StringIndex: build 487 ms, size 8.484 MiB (9.998 B/key), latency cold 218.7 ns, then mean 205.9 / min 201.9 ns
487.195,8.484477,218.709
[time 1.64 s, user 1.57 s, sys 0.06 s, maxrss 122644 KB]
[busy 183 jiffies]
[exit 0]
--- lexindex hashed0   load 0.86 0.75 0.81
889864 keys
lexindex HashedDictIndex closed: build 260 ms, size 5.861 MiB (6.906 B/key), latency cold 29.6 ns, then mean 25.2 / min 24.5 ns
259.722,5.860833,29.645
[time 0.77 s, user 1.72 s, sys 0.19 s, maxrss 214760 KB]
[busy 208 jiffies]
[exit 0]
--- lexindex hashed8   load 0.79 0.73 0.81
889864 keys
lexindex HashedDictIndex fp=8: build 256 ms, size 6.709 MiB (7.906 B/key), latency cold 31.5 ns, then mean 25.2 / min 22.7 ns
255.675,6.709474,31.492
[time 0.77 s, user 1.74 s, sys 0.17 s, maxrss 215088 KB]
[busy 209 jiffies]
[exit 0]
--- lexindex hashed16   load 0.79 0.73 0.81
889864 keys
lexindex HashedDictIndex fp=16: build 257 ms, size 7.558 MiB (8.906 B/key), latency cold 35.1 ns, then mean 28.9 / min 28.3 ns
256.647,7.558114,35.142
[time 0.79 s, user 1.71 s, sys 0.20 s, maxrss 217112 KB]
[busy 210 jiffies]
[exit 0]
--- c2 case 0 rec 0   load 0.79 0.73 0.81
[TEST C2-FST]
Processing dataset...
Done!
Building trie...
Done!
build time: 402.536792 ms (452.357655 ns per key)
space cost: 5.574753 MB (49.260816% of original size 11.316810 MB)
Querying trie...
Done!
total time: 318.606241 ms, avg latency: 358.039252 ns
topology: 0.851089 MB, link: 1.149713 MB, data: 3.573951 MB
--- Unary Path Analysis (FST, cutoff=4) ---
  shared unary steps in main trie: 344931
  terminal suffixes: inplace=288151 (avg len=1.99)  links=405388 (58.5% of terminal)
  link len: avg=7.08  max=176  total_chars=2869854
  link length distribution (len:count):  4:74698  5:65971  6:53798  7:40968  8:33851  9:27326  10:20764  11:16938  12:14649  13:12025  14:9410  15:7294  16:5909  17:4518  18:3598  19:2810  20:2154  21:1673  22:1340  23:1095  24:876  25:726  26:550  27:431  28:361  29:400  30:312  31:173  32:150  33:103  34:106  35:75  36:44  37:52  38:50  39:27  40:24  41:13  42:21  43:16  44:7  45:10  46:6  47:5  48:10  49:1  50:4  51:5  52:2  53:2  54:2  55:1  56:5  57:3  60:2  62:2  63:1  64:3  65:2  67:1  68:3  71:1  75:1  77:2  82:1  86:1  99:2  106:1  113:1  153:1  177:1
402.536792,5.574753,358.039252
[PASSED]
[time 1.11 s, user 1.03 s, sys 0.08 s, maxrss 129548 KB]
[busy 120 jiffies]
[exit 0]
--- c2 case 0 rec 1   load 0.81 0.74 0.81
[TEST C2-FST]
Processing dataset...
Done!
Building trie...
trie size: 1.301167 MB
Done!
build time: 456.491842 ms (512.990572 ns per key)
space cost: 5.131913 MB (45.347703% of original size 11.316810 MB)
Querying trie...
Done!
total time: 369.519605 ms, avg latency: 415.254022 ns
topology: 0.978825 MB, link: 1.146868 MB, data: 3.006221 MB
--- Unary Path Analysis (FST, cutoff=4) ---
  shared unary steps in main trie: 344931
  terminal suffixes: inplace=288151 (avg len=1.99)  links=405388 (58.5% of terminal)
  link len: avg=7.08  max=176  total_chars=2869854
  link length distribution (len:count):  4:74698  5:65971  6:53798  7:40968  8:33851  9:27326  10:20764  11:16938  12:14649  13:12025  14:9410  15:7294  16:5909  17:4518  18:3598  19:2810  20:2154  21:1673  22:1340  23:1095  24:876  25:726  26:550  27:431  28:361  29:400  30:312  31:173  32:150  33:103  34:106  35:75  36:44  37:52  38:50  39:27  40:24  41:13  42:21  43:16  44:7  45:10  46:6  47:5  48:10  49:1  50:4  51:5  52:2  53:2  54:2  55:1  56:5  57:3  60:2  62:2  63:1  64:3  65:2  67:1  68:3  71:1  75:1  77:2  82:1  86:1  99:2  106:1  113:1  153:1  177:1
456.491842,5.131913,415.254022
[PASSED]
[time 1.22 s, user 1.13 s, sys 0.08 s, maxrss 129496 KB]
[busy 132 jiffies]
[exit 0]
--- c2 case 0 rec 2   load 0.81 0.74 0.81
[TEST C2-FST]
Processing dataset...
Done!
Building trie...
trie size: 1.301167 MB
trie size: 0.188086 MB
Done!
build time: 472.785266 ms (531.300588 ns per key)
space cost: 5.131913 MB (45.347703% of original size 11.316810 MB)
Querying trie...
Done!
total time: 358.804445 ms, avg latency: 403.212676 ns
topology: 0.978825 MB, link: 1.146868 MB, data: 3.006221 MB
--- Unary Path Analysis (FST, cutoff=4) ---
  shared unary steps in main trie: 344931
  terminal suffixes: inplace=288151 (avg len=1.99)  links=405388 (58.5% of terminal)
  link len: avg=7.08  max=176  total_chars=2869854
  link length distribution (len:count):  4:74698  5:65971  6:53798  7:40968  8:33851  9:27326  10:20764  11:16938  12:14649  13:12025  14:9410  15:7294  16:5909  17:4518  18:3598  19:2810  20:2154  21:1673  22:1340  23:1095  24:876  25:726  26:550  27:431  28:361  29:400  30:312  31:173  32:150  33:103  34:106  35:75  36:44  37:52  38:50  39:27  40:24  41:13  42:21  43:16  44:7  45:10  46:6  47:5  48:10  49:1  50:4  51:5  52:2  53:2  54:2  55:1  56:5  57:3  60:2  62:2  63:1  64:3  65:2  67:1  68:3  71:1  75:1  77:2  82:1  86:1  99:2  106:1  113:1  153:1  177:1
472.785266,5.131913,403.212676
[PASSED]
[time 1.23 s, user 1.14 s, sys 0.08 s, maxrss 129624 KB]
[busy 130 jiffies]
[exit 0]
--- c2 case 1 rec 0   load 0.74 0.72 0.80
[TEST C2-CoCo(LOUDS-Sparse)]
Processing dataset...
Done!
Building trie...
Done!
build time: 1183.146304 ms (1329.581042 ns per key)
space cost: 5.902932 MB (52.160740% of original size 11.316810 MB)
Querying trie...
Done!
total time: 480.501279 ms, avg latency: 539.971590 ns
topology: 0.365089 MB, link: 1.816309 MB, data: 3.721533 MB
1183.146304,5.902932,539.971590
[PASSED]
[time 2.05 s, user 1.91 s, sys 0.12 s, maxrss 251664 KB]
[busy 216 jiffies]
[exit 0]
--- c2 case 1 rec 1   load 0.74 0.72 0.80
[TEST C2-CoCo(LOUDS-Sparse)]
Processing dataset...
Done!
Building trie...
trie size: 1.301167 MB
Done!
build time: 1247.611770 ms (1402.025220 ns per key)
space cost: 5.460092 MB (48.247627% of original size 11.316810 MB)
Querying trie...
Done!
total time: 518.217799 ms, avg latency: 582.356179 ns
topology: 0.492825 MB, link: 1.813464 MB, data: 3.153803 MB
1247.611770,5.460092,582.356179
[PASSED]
[time 2.16 s, user 2.01 s, sys 0.13 s, maxrss 251732 KB]
[busy 225 jiffies]
[exit 0]
--- c2 case 1 rec 2   load 0.76 0.73 0.81
[TEST C2-CoCo(LOUDS-Sparse)]
Processing dataset...
Done!
Building trie...
trie size: 1.301167 MB
trie size: 0.188086 MB
Done!
build time: 1260.018528 ms (1415.967528 ns per key)
space cost: 5.460092 MB (48.247627% of original size 11.316810 MB)
Querying trie...
Done!
total time: 518.685668 ms, avg latency: 582.881955 ns
topology: 0.492825 MB, link: 1.813464 MB, data: 3.153803 MB
1260.018528,5.460092,582.881955
[PASSED]
[time 2.17 s, user 2.03 s, sys 0.12 s, maxrss 251248 KB]
[busy 229 jiffies]
[exit 0]
--- c2 case 2 rec 0   load 0.76 0.73 0.81
[TEST C2-MARISA]
Processing dataset...
Done!
Building trie...
trie size: 2.034968 MB
Done!
build time: 489.248980 ms (549.801970 ns per key)
space cost: 5.148748 MB (45.496465% of original size 11.316810 MB)
Querying trie...
Done!
total time: 230.428057 ms, avg latency: 258.947499 ns
topology: 0.673512 MB, link: 1.684298 MB, data: 2.770432 MB
--- Unary Path Analysis (Marisa, cutoff=3) ---
  branches: 1290446  |  single-char: 483681 (37.5%)  short-unary: 134846 (10.4%)  links: 671919 (52.1%)
  link len: avg=7.04  max=178  total_chars=4731655
  link length distribution (len:count):  3:128200  4:106194  5:84287  6:72656  7:58516  8:44149  9:36040  10:28839  11:21753  12:17688  13:15308  14:12510  15:9745  16:7525  17:6122  18:4690  19:3698  20:2882  21:2216  22:1721  23:1367  24:1119  25:897  26:746  27:562  28:441  29:368  30:406  31:316  32:177  33:153  34:106  35:106  36:75  37:44  38:54  39:50  40:27  41:25  42:13  43:21  44:16  45:7  46:10  47:6  48:5  49:10  50:2  51:4  52:5  53:2  54:2  55:2  56:1  57:5  58:3  61:2  63:2  64:1  65:3  66:2  68:2  69:3  72:1  76:1  78:2  83:1  87:1  100:2  107:1  114:1  154:1  178:1
  short unary avg len: 2.00
489.248980,5.148748,258.947499
[PASSED]
[time 1.11 s, user 1.01 s, sys 0.08 s, maxrss 159000 KB]
[busy 119 jiffies]
[exit 0]
--- c2 case 2 rec 1   load 0.78 0.73 0.81
[TEST C2-MARISA]
Processing dataset...
Done!
Building trie...
trie size: 2.034968 MB
trie size: 2.021012 MB
Done!
build time: 562.205495 ms (631.788110 ns per key)
space cost: 4.528195 MB (40.013003% of original size 11.316810 MB)
Querying trie...
Done!
total time: 288.778299 ms, avg latency: 324.519588 ns
topology: 0.839943 MB, link: 1.648341 MB, data: 2.019403 MB
--- Unary Path Analysis (Marisa, cutoff=3) ---
  branches: 1290446  |  single-char: 483681 (37.5%)  short-unary: 134846 (10.4%)  links: 671919 (52.1%)
  link len: avg=7.04  max=178  total_chars=4731655
  link length distribution (len:count):  3:128200  4:106194  5:84287  6:72656  7:58516  8:44149  9:36040  10:28839  11:21753  12:17688  13:15308  14:12510  15:9745  16:7525  17:6122  18:4690  19:3698  20:2882  21:2216  22:1721  23:1367  24:1119  25:897  26:746  27:562  28:441  29:368  30:406  31:316  32:177  33:153  34:106  35:106  36:75  37:44  38:54  39:50  40:27  41:25  42:13  43:21  44:16  45:7  46:10  47:6  48:5  49:10  50:2  51:4  52:5  53:2  54:2  55:2  56:1  57:5  58:3  61:2  63:2  64:1  65:3  66:2  68:2  69:3  72:1  76:1  78:2  83:1  87:1  100:2  107:1  114:1  154:1  178:1
  short unary avg len: 2.00
562.205495,4.528195,324.519588
[PASSED]
[time 1.25 s, user 1.14 s, sys 0.10 s, maxrss 158908 KB]
[busy 135 jiffies]
[exit 0]
--- c2 case 2 rec 2   load 0.78 0.73 0.81
[TEST C2-MARISA]
Processing dataset...
Done!
Building trie...
trie size: 2.034968 MB
trie size: 2.021012 MB
trie size: 0.240847 MB
Done!
build time: 585.771327 ms (658.270620 ns per key)
space cost: 4.528195 MB (40.013003% of original size 11.316810 MB)
Querying trie...
Done!
total time: 289.069226 ms, avg latency: 324.846523 ns
topology: 0.839943 MB, link: 1.648341 MB, data: 2.019403 MB
--- Unary Path Analysis (Marisa, cutoff=3) ---
  branches: 1290446  |  single-char: 483681 (37.5%)  short-unary: 134846 (10.4%)  links: 671919 (52.1%)
  link len: avg=7.04  max=178  total_chars=4731655
  link length distribution (len:count):  3:128200  4:106194  5:84287  6:72656  7:58516  8:44149  9:36040  10:28839  11:21753  12:17688  13:15308  14:12510  15:9745  16:7525  17:6122  18:4690  19:3698  20:2882  21:2216  22:1721  23:1367  24:1119  25:897  26:746  27:562  28:441  29:368  30:406  31:316  32:177  33:153  34:106  35:106  36:75  37:44  38:54  39:50  40:27  41:25  42:13  43:21  44:16  45:7  46:10  47:6  48:5  49:10  50:2  51:4  52:5  53:2  54:2  55:2  56:1  57:5  58:3  61:2  63:2  64:1  65:3  66:2  68:2  69:3  72:1  76:1  78:2  83:1  87:1  100:2  107:1  114:1  154:1  178:1
  short unary avg len: 2.00
585.771327,4.528195,324.846523
[PASSED]
[time 1.27 s, user 1.16 s, sys 0.10 s, maxrss 158628 KB]
[busy 134 jiffies]
[exit 0]
--- c2 case 3 rec 0   load 0.80 0.74 0.81
[TEST FST]
Processing dataset...
Done!
Building trie...
Done!
build time: 503.710792 ms (566.053680 ns per key)
space cost: 5.878841 MB (51.947869% of original size 11.316810 MB)
Querying trie...
Done!
total time: 483.143756 ms, avg latency: 542.941119 ns
not implemented
503.710792,5.878841,542.941119
[PASSED]
[time 1.38 s, user 1.31 s, sys 0.06 s, maxrss 86752 KB]
[busy 147 jiffies]
[exit 0]
--- c2 case 4 rec 0   load 0.80 0.74 0.81
[TEST COCO]
Processing dataset...
Done!
Building trie...
num nodes = 375656, average depth = 5.235279
ef = 0.000442, pa = 0.203029, bv = 0.001044, de = 0.703223
efr = 0.002106, par = 0.078420, bvr = 0.000029, der = 0.011708
Done!
build time: 7797.319964 ms (8762.372637 ns per key)
space cost: 7.666221 MB (67.741891% of original size 11.316810 MB)
Querying trie...
Done!
total time: 432.858873 ms, avg latency: 486.432616 ns
not implemented
7797.319964,7.666221,486.432616
[PASSED]
[time 9.01 s, user 6.95 s, sys 2.02 s, maxrss 4347612 KB]
[busy 934 jiffies]
[exit 0]
--- c2 case 5 rec 0   load 0.83 0.75 0.81
[TEST MARISA]
Processing dataset...
Done!
Building trie...
Done!
build time: 376.223204 ms (422.787307 ns per key)
space cost: 5.316237 MB (46.976468% of original size 11.316810 MB)
Querying trie...
Done!
total time: 339.763267 ms, avg latency: 381.814825 ns
not implemented
376.223204,5.316237,381.814825
[PASSED]
[time 1.11 s, user 1.00 s, sys 0.09 s, maxrss 131864 KB]
[busy 118 jiffies]
[exit 0]
--- c2 case 5 rec 1   load 0.84 0.75 0.81
[TEST MARISA]
Processing dataset...
Done!
Building trie...
Done!
build time: 423.962763 ms (476.435459 ns per key)
space cost: 4.038295 MB (35.684039% of original size 11.316810 MB)
Querying trie...
Done!
total time: 456.854423 ms, avg latency: 513.398028 ns
not implemented
423.962763,4.038295,513.398028
[PASSED]
[time 1.27 s, user 1.19 s, sys 0.07 s, maxrss 132140 KB]
[busy 136 jiffies]
[exit 0]
--- c2 case 5 rec 2   load 0.84 0.75 0.81
[TEST MARISA]
Processing dataset...
Done!
Building trie...
Done!
build time: 434.346289 ms (488.104125 ns per key)
space cost: 3.830196 MB (33.845196% of original size 11.316810 MB)
Querying trie...
Done!
total time: 471.391817 ms, avg latency: 529.734675 ns
not implemented
434.346289,3.830196,529.734675
[PASSED]
[time 1.29 s, user 1.21 s, sys 0.07 s, maxrss 132184 KB]
[busy 134 jiffies]
[exit 0]
--- c2 case 6 rec 0   load 0.78 0.74 0.81
[TEST PDT]
Processing dataset...
Done!
Building trie...
dict size: 158766, stream size: 3178838
Done!
build time: 1636.530005 ms (1839.078786 ns per key)
space cost: 4.318639 MB (38.161275% of original size 11.316810 MB)
Querying trie...
Done!
total time: 464.979425 ms, avg latency: 522.528639 ns
not implemented
1636.530005,4.318639,522.528639
[PASSED]
[time 2.51 s, user 2.41 s, sys 0.08 s, maxrss 137352 KB]
[busy 262 jiffies]
[exit 0]
--- c2 case 7 rec 0   load 0.78 0.74 0.81
[TEST ART]
Processing dataset...
Done!
Building trie...
Done!
build time: 99.308694 ms (111.599856 ns per key)
space cost: 28.637695 MB (253.054493% of original size 11.316810 MB)
Querying trie...
Done!
total time: 249.986197 ms, avg latency: 280.926295 ns
not implemented
99.308694,28.637695,280.926295
[PASSED]
[time 0.74 s, user 0.67 s, sys 0.07 s, maxrss 123544 KB]
[busy 80 jiffies]
[exit 0]
--- c2 case 8 rec 0   load 0.79 0.74 0.81
[TEST CART]
Processing dataset...
Done!
Building trie...
Done!
build time: 139.709558 ms (157.001023 ns per key)
space cost: 12.686618 MB (112.104190% of original size 11.316810 MB)
Querying trie...
Done!
total time: 309.885551 ms, avg latency: 348.239226 ns
not implemented
139.709558,12.686618,348.239226
[PASSED]
[time 0.86 s, user 0.78 s, sys 0.07 s, maxrss 120964 KB]
[busy 93 jiffies]
[exit 0]
--- xcdat 7   load 0.79 0.74 0.81
build time: 372.241020 ms
space cost: 7.451407 MiB (65.843711% of original size 11.316810 MiB)
avg latency: 168.849314 ns
372.241020,7.451407,168.849314
[time 0.92 s, user 0.84 s, sys 0.07 s, maxrss 125028 KB]
[busy 100 jiffies]
[exit 0]
--- xcdat 8   load 0.79 0.74 0.81
build time: 348.326321 ms
space cost: 7.063261 MiB (62.413889% of original size 11.316810 MiB)
avg latency: 163.663326 ns
348.326321,7.063261,163.663326
[time 0.89 s, user 0.81 s, sys 0.07 s, maxrss 124820 KB]
[busy 96 jiffies]
[exit 0]
--- xcdat 15   load 0.81 0.75 0.81
build time: 369.698912 ms
space cost: 8.417356 MiB (74.379227% of original size 11.316810 MiB)
avg latency: 139.485037 ns
369.698912,8.417356,139.485037
[time 0.90 s, user 0.81 s, sys 0.08 s, maxrss 125200 KB]
[busy 98 jiffies]
[exit 0]
--- xcdat 16   load 0.81 0.75 0.81
build time: 348.201297 ms
space cost: 8.791730 MiB (77.687354% of original size 11.316810 MiB)
avg latency: 146.377223 ns
348.201297,8.791730,146.377223
[time 0.88 s, user 0.79 s, sys 0.08 s, maxrss 125008 KB]
[busy 94 jiffies]
[exit 0]

##### titles-en-1000000 (1000000 lines, 21984647 bytes)   round 1/3   2026-09-24T03:10:18+03:00
--- lexindex dict32   load 0.75 0.74 0.81
1000000 keys
lexindex DictIndex block 32: build 386 ms, size 7.447 MiB (7.809 B/key), latency cold 393.4 ns, then mean 391.1 / min 386.5 ns
386.018,7.446899,393.409
[time 2.47 s, user 4.73 s, sys 0.36 s, maxrss 275880 KB]
[busy 537 jiffies]
[exit 0]
--- lexindex dict256   load 0.75 0.74 0.81
1000000 keys
lexindex DictIndex block 256: build 386 ms, size 7.029 MiB (7.370 B/key), latency cold 418.6 ns, then mean 408.3 / min 407.0 ns
386.191,7.028672,418.575
[time 2.54 s, user 4.83 s, sys 0.37 s, maxrss 272956 KB]
[busy 544 jiffies]
[exit 0]
--- lexindex dict1024   load 0.77 0.74 0.81
1000000 keys
lexindex DictIndex block 1024: build 419 ms, size 6.878 MiB (7.212 B/key), latency cold 483.3 ns, then mean 476.3 / min 474.7 ns
419.365,6.877800,483.312
[time 2.83 s, user 4.27 s, sys 0.29 s, maxrss 275240 KB]
[busy 484 jiffies]
[exit 0]
--- lexindex string   load 0.79 0.74 0.81
1000000 keys
lexindex StringIndex: build 993 ms, size 16.482 MiB (17.283 B/key), latency cold 336.1 ns, then mean 322.0 / min 319.7 ns
992.982,16.482312,336.075
[time 2.79 s, user 2.67 s, sys 0.10 s, maxrss 163972 KB]
[busy 299 jiffies]
[exit 0]
--- lexindex hashed0   load 0.72 0.73 0.81
1000000 keys
lexindex HashedDictIndex closed: build 491 ms, size 9.642 MiB (10.110 B/key), latency cold 43.7 ns, then mean 41.6 / min 40.9 ns
490.556,9.642032,43.729
[time 1.16 s, user 3.51 s, sys 0.35 s, maxrss 274940 KB]
[busy 410 jiffies]
[exit 0]
--- lexindex hashed8   load 0.72 0.73 0.81
1000000 keys
lexindex HashedDictIndex fp=8: build 496 ms, size 10.596 MiB (11.110 B/key), latency cold 51.9 ns, then mean 49.7 / min 48.8 ns
495.737,10.595706,51.932
[time 1.20 s, user 3.54 s, sys 0.38 s, maxrss 276568 KB]
[busy 417 jiffies]
[exit 0]
--- lexindex hashed16   load 0.72 0.73 0.81
1000000 keys
lexindex HashedDictIndex fp=16: build 498 ms, size 11.549 MiB (12.110 B/key), latency cold 52.8 ns, then mean 49.7 / min 47.8 ns
497.968,11.549380,52.839
[time 1.20 s, user 3.56 s, sys 0.36 s, maxrss 278288 KB]
[busy 415 jiffies]
[exit 0]
--- c2 case 0 rec 0   load 0.74 0.74 0.81
[TEST C2-FST]
Processing dataset...
Done!
Building trie...
Done!
build time: 1011.720835 ms (1011.720835 ns per key)
space cost: 11.326162 MB (56.595386% of original size 20.012519 MB)
Querying trie...
Done!
total time: 472.267223 ms, avg latency: 472.267223 ns
topology: 1.047974 MB, link: 2.330659 MB, data: 7.947530 MB
--- Unary Path Analysis (FST, cutoff=4) ---
  shared unary steps in main trie: 632648
  terminal suffixes: inplace=148307 (avg len=2.14)  links=794871 (84.3% of terminal)
  link len: avg=12.03  max=232  total_chars=9558452
  link length distribution (len:count):  4:67686  5:69275  6:65423  7:58787  8:51921  9:47544  10:42795  11:38054  12:34227  13:30736  14:30694  15:28260  16:25308  17:22807  18:19264  19:17586  20:15912  21:14224  22:12066  23:10759  24:9477  25:8347  26:7925  27:7112  28:6113  29:5746  30:5072  31:4462  32:3927  33:3658  34:3228  35:2847  36:2644  37:2353  38:2038  39:1870  40:1644  41:1489  42:1315  43:1143  44:928  45:846  46:722  47:679  48:610  49:543  50:459  51:451  52:342  53:339  54:284  55:273  56:239  57:215  58:214  59:177  60:158  61:140  62:127  63:109  64:95  65:79  66:80  67:78  68:75  69:69  70:68  71:54  72:51  73:42  74:46  75:42  76:35  77:41  78:38  79:39  80:21  81:18  82:21  83:19  84:14  85:18  86:14  87:15  88:11  89:14  90:13  91:7  92:5  93:8  94:7  95:5  96:8  97:8  98:5  99:7  100:11  101:5  102:6  103:3  104:3  105:3  106:5  107:4  108:5  109:1  110:2  111:6  112:1  113:1  114:1  115:4  116:1  118:1  119:2  121:2  123:2  125:1  126:1  128:1  129:1  131:1  132:2  134:1  135:1  136:1  137:3  138:1  139:1  141:2  145:1  152:1  154:1  156:1  159:3  165:1  168:1  174:1  175:1  179:1  181:1  199:1  201:1  202:1  204:1  207:1  216:1  217:1  219:1  233:1
1011.720835,11.326162,472.267223
[PASSED]
[time 2.05 s, user 1.92 s, sys 0.11 s, maxrss 185340 KB]
[busy 221 jiffies]
[exit 0]
--- c2 case 0 rec 1   load 0.68 0.72 0.80
[TEST C2-FST]
Processing dataset...
Done!
Building trie...
trie size: 3.096522 MB
Done!
build time: 1310.616299 ms (1310.616299 ns per key)
space cost: 9.522977 MB (47.585099% of original size 20.012519 MB)
Querying trie...
Done!
total time: 608.650931 ms, avg latency: 608.650931 ns
topology: 1.448536 MB, link: 2.515947 MB, data: 5.558494 MB
--- Unary Path Analysis (FST, cutoff=4) ---
  shared unary steps in main trie: 632648
  terminal suffixes: inplace=148307 (avg len=2.14)  links=794871 (84.3% of terminal)
  link len: avg=12.03  max=232  total_chars=9558452
  link length distribution (len:count):  4:67686  5:69275  6:65423  7:58787  8:51921  9:47544  10:42795  11:38054  12:34227  13:30736  14:30694  15:28260  16:25308  17:22807  18:19264  19:17586  20:15912  21:14224  22:12066  23:10759  24:9477  25:8347  26:7925  27:7112  28:6113  29:5746  30:5072  31:4462  32:3927  33:3658  34:3228  35:2847  36:2644  37:2353  38:2038  39:1870  40:1644  41:1489  42:1315  43:1143  44:928  45:846  46:722  47:679  48:610  49:543  50:459  51:451  52:342  53:339  54:284  55:273  56:239  57:215  58:214  59:177  60:158  61:140  62:127  63:109  64:95  65:79  66:80  67:78  68:75  69:69  70:68  71:54  72:51  73:42  74:46  75:42  76:35  77:41  78:38  79:39  80:21  81:18  82:21  83:19  84:14  85:18  86:14  87:15  88:11  89:14  90:13  91:7  92:5  93:8  94:7  95:5  96:8  97:8  98:5  99:7  100:11  101:5  102:6  103:3  104:3  105:3  106:5  107:4  108:5  109:1  110:2  111:6  112:1  113:1  114:1  115:4  116:1  118:1  119:2  121:2  123:2  125:1  126:1  128:1  129:1  131:1  132:2  134:1  135:1  136:1  137:3  138:1  139:1  141:2  145:1  152:1  154:1  156:1  159:3  165:1  168:1  174:1  175:1  179:1  181:1  199:1  201:1  202:1  204:1  207:1  216:1  217:1  219:1  233:1
1310.616299,9.522977,608.650931
[PASSED]
[time 2.49 s, user 2.36 s, sys 0.11 s, maxrss 181020 KB]
[busy 261 jiffies]
[exit 0]
--- c2 case 0 rec 2   load 0.68 0.72 0.80
[TEST C2-FST]
Processing dataset...
Done!
Building trie...
trie size: 3.096522 MB
trie size: 0.887704 MB
Done!
build time: 1438.342044 ms (1438.342044 ns per key)
space cost: 9.522977 MB (47.585099% of original size 20.012519 MB)
Querying trie...
Done!
total time: 596.298614 ms, avg latency: 596.298614 ns
topology: 1.448536 MB, link: 2.515947 MB, data: 5.558494 MB
--- Unary Path Analysis (FST, cutoff=4) ---
  shared unary steps in main trie: 632648
  terminal suffixes: inplace=148307 (avg len=2.14)  links=794871 (84.3% of terminal)
  link len: avg=12.03  max=232  total_chars=9558452
  link length distribution (len:count):  4:67686  5:69275  6:65423  7:58787  8:51921  9:47544  10:42795  11:38054  12:34227  13:30736  14:30694  15:28260  16:25308  17:22807  18:19264  19:17586  20:15912  21:14224  22:12066  23:10759  24:9477  25:8347  26:7925  27:7112  28:6113  29:5746  30:5072  31:4462  32:3927  33:3658  34:3228  35:2847  36:2644  37:2353  38:2038  39:1870  40:1644  41:1489  42:1315  43:1143  44:928  45:846  46:722  47:679  48:610  49:543  50:459  51:451  52:342  53:339  54:284  55:273  56:239  57:215  58:214  59:177  60:158  61:140  62:127  63:109  64:95  65:79  66:80  67:78  68:75  69:69  70:68  71:54  72:51  73:42  74:46  75:42  76:35  77:41  78:38  79:39  80:21  81:18  82:21  83:19  84:14  85:18  86:14  87:15  88:11  89:14  90:13  91:7  92:5  93:8  94:7  95:5  96:8  97:8  98:5  99:7  100:11  101:5  102:6  103:3  104:3  105:3  106:5  107:4  108:5  109:1  110:2  111:6  112:1  113:1  114:1  115:4  116:1  118:1  119:2  121:2  123:2  125:1  126:1  128:1  129:1  131:1  132:2  134:1  135:1  136:1  137:3  138:1  139:1  141:2  145:1  152:1  154:1  156:1  159:3  165:1  168:1  174:1  175:1  179:1  181:1  199:1  201:1  202:1  204:1  207:1  216:1  217:1  219:1  233:1
1438.342044,9.522977,596.298614
[PASSED]
[time 2.61 s, user 2.47 s, sys 0.12 s, maxrss 181208 KB]
[busy 276 jiffies]
[exit 0]
--- c2 case 1 rec 0   load 0.71 0.73 0.80
[TEST C2-CoCo(LOUDS-Sparse)]
Processing dataset...
Done!
Building trie...
Done!
build time: 2103.709645 ms (2103.709645 ns per key)
space cost: 12.265971 MB (61.291488% of original size 20.012519 MB)
Querying trie...
Done!
total time: 719.912731 ms, avg latency: 719.912731 ns
topology: 0.432648 MB, link: 3.282862 MB, data: 8.550461 MB
2103.709645,12.265971,719.912731
[PASSED]
[time 3.40 s, user 3.20 s, sys 0.17 s, maxrss 358268 KB]
[busy 349 jiffies]
[exit 0]
--- c2 case 1 rec 1   load 0.73 0.73 0.81
[TEST C2-CoCo(LOUDS-Sparse)]
Processing dataset...
Done!
Building trie...
trie size: 3.096522 MB
Done!
build time: 2419.203367 ms (2419.203367 ns per key)
space cost: 10.462785 MB (52.281201% of original size 20.012519 MB)
Querying trie...
Done!
total time: 842.779543 ms, avg latency: 842.779543 ns
topology: 0.833210 MB, link: 3.468150 MB, data: 6.161425 MB
2419.203367,10.462785,842.779543
[PASSED]
[time 3.84 s, user 3.62 s, sys 0.20 s, maxrss 344936 KB]
[busy 396 jiffies]
[exit 0]
--- c2 case 1 rec 2   load 0.75 0.74 0.81
[TEST C2-CoCo(LOUDS-Sparse)]
Processing dataset...
Done!
Building trie...
trie size: 3.096522 MB
trie size: 0.887704 MB
Done!
build time: 2552.414972 ms (2552.414972 ns per key)
space cost: 10.462785 MB (52.281201% of original size 20.012519 MB)
Querying trie...
Done!
total time: 839.724261 ms, avg latency: 839.724261 ns
topology: 0.833210 MB, link: 3.468150 MB, data: 6.161425 MB
2552.414972,10.462785,839.724261
[PASSED]
[time 3.96 s, user 3.74 s, sys 0.19 s, maxrss 344856 KB]
[busy 413 jiffies]
[exit 0]
--- c2 case 2 rec 0   load 0.77 0.74 0.81
[TEST C2-MARISA]
Processing dataset...
Done!
Building trie...
trie size: 2.238578 MB
Done!
build time: 1022.978564 ms (1022.978564 ns per key)
space cost: 10.766413 MB (53.798389% of original size 20.012519 MB)
Querying trie...
Done!
total time: 364.514467 ms, avg latency: 364.514467 ns
topology: 0.741383 MB, link: 2.768053 MB, data: 7.236469 MB
--- Unary Path Analysis (Marisa, cutoff=3) ---
  branches: 1523874  |  single-char: 417651 (27.4%)  short-unary: 97461 (6.4%)  links: 1008762 (66.2%)
  link len: avg=12.11  max=234  total_chars=12215333
  link length distribution (len:count):  3:76859  4:82017  5:81216  6:79010  7:72564  8:64127  9:55531  10:50303  11:44703  12:39548  13:35394  14:31778  15:31462  16:28952  17:25995  18:23521  19:19840  20:18044  21:16382  22:14569  23:12399  24:11015  25:9715  26:8556  27:8141  28:7267  29:6255  30:5853  31:5207  32:4578  33:4049  34:3736  35:3293  36:2910  37:2688  38:2423  39:2074  40:1908  41:1670  42:1511  43:1333  44:1158  45:939  46:855  47:728  48:689  49:615  50:544  51:465  52:457  53:344  54:344  55:284  56:276  57:242  58:216  59:216  60:177  61:159  62:140  63:127  64:109  65:95  66:79  67:80  68:79  69:75  70:69  71:69  72:55  73:51  74:42  75:46  76:42  77:35  78:41  79:38  80:39  81:21  82:18  83:21  84:19  85:14  86:18  87:14  88:15  89:11  90:14  91:13  92:7  93:5  94:8  95:7  96:5  97:9  98:8  99:5  100:7  101:11  102:5  103:6  104:3  105:3  106:3  107:5  108:4  109:5  110:1  111:2  112:6  113:1  114:1  115:1  116:4  117:1  119:1  120:2  122:2  124:2  126:1  127:1  129:1  130:1  132:1  133:2  135:1  136:1  137:1  138:3  139:1  140:1  142:2  146:1  153:1  155:1  157:1  160:3  166:1  169:1  175:1  176:1  180:1  182:1  200:1  202:1  203:1  205:1  208:1  217:1  218:1  220:1  234:1
  short unary avg len: 2.00
1022.978564,10.766413,364.514467
[PASSED]
[time 1.95 s, user 1.82 s, sys 0.12 s, maxrss 201704 KB]
[busy 211 jiffies]
[exit 0]
--- c2 case 2 rec 1   load 0.77 0.74 0.81
[TEST C2-MARISA]
Processing dataset...
Done!
Building trie...
trie size: 2.238578 MB
trie size: 3.821277 MB
Done!
build time: 1388.924141 ms (1388.924141 ns per key)
space cost: 8.586061 MB (42.903452% of original size 20.012519 MB)
Querying trie...
Done!
total time: 507.261084 ms, avg latency: 507.261084 ns
topology: 1.213478 MB, link: 2.963206 MB, data: 4.388869 MB
--- Unary Path Analysis (Marisa, cutoff=3) ---
  branches: 1523874  |  single-char: 417651 (27.4%)  short-unary: 97461 (6.4%)  links: 1008762 (66.2%)
  link len: avg=12.11  max=234  total_chars=12215333
  link length distribution (len:count):  3:76859  4:82017  5:81216  6:79010  7:72564  8:64127  9:55531  10:50303  11:44703  12:39548  13:35394  14:31778  15:31462  16:28952  17:25995  18:23521  19:19840  20:18044  21:16382  22:14569  23:12399  24:11015  25:9715  26:8556  27:8141  28:7267  29:6255  30:5853  31:5207  32:4578  33:4049  34:3736  35:3293  36:2910  37:2688  38:2423  39:2074  40:1908  41:1670  42:1511  43:1333  44:1158  45:939  46:855  47:728  48:689  49:615  50:544  51:465  52:457  53:344  54:344  55:284  56:276  57:242  58:216  59:216  60:177  61:159  62:140  63:127  64:109  65:95  66:79  67:80  68:79  69:75  70:69  71:69  72:55  73:51  74:42  75:46  76:42  77:35  78:41  79:38  80:39  81:21  82:18  83:21  84:19  85:14  86:18  87:14  88:15  89:11  90:14  91:13  92:7  93:5  94:8  95:7  96:5  97:9  98:8  99:5  100:7  101:11  102:5  103:6  104:3  105:3  106:3  107:5  108:4  109:5  110:1  111:2  112:6  113:1  114:1  115:1  116:4  117:1  119:1  120:2  122:2  124:2  126:1  127:1  129:1  130:1  132:1  133:2  135:1  136:1  137:1  138:3  139:1  140:1  142:2  146:1  153:1  155:1  157:1  160:3  166:1  169:1  175:1  176:1  180:1  182:1  200:1  202:1  203:1  205:1  208:1  217:1  218:1  220:1  234:1
  short unary avg len: 2.00
1388.924141,8.586061,507.261084
[PASSED]
[time 2.47 s, user 2.30 s, sys 0.15 s, maxrss 197172 KB]
[busy 256 jiffies]
[exit 0]
--- c2 case 2 rec 2   load 0.79 0.75 0.81
[TEST C2-MARISA]
Processing dataset...
Done!
Building trie...
trie size: 2.238578 MB
trie size: 3.821277 MB
trie size: 1.037524 MB
Done!
build time: 1507.973729 ms (1507.973729 ns per key)
space cost: 8.586061 MB (42.903452% of original size 20.012519 MB)
Querying trie...
Done!
total time: 499.813376 ms, avg latency: 499.813376 ns
topology: 1.213478 MB, link: 2.963206 MB, data: 4.388869 MB
--- Unary Path Analysis (Marisa, cutoff=3) ---
  branches: 1523874  |  single-char: 417651 (27.4%)  short-unary: 97461 (6.4%)  links: 1008762 (66.2%)
  link len: avg=12.11  max=234  total_chars=12215333
  link length distribution (len:count):  3:76859  4:82017  5:81216  6:79010  7:72564  8:64127  9:55531  10:50303  11:44703  12:39548  13:35394  14:31778  15:31462  16:28952  17:25995  18:23521  19:19840  20:18044  21:16382  22:14569  23:12399  24:11015  25:9715  26:8556  27:8141  28:7267  29:6255  30:5853  31:5207  32:4578  33:4049  34:3736  35:3293  36:2910  37:2688  38:2423  39:2074  40:1908  41:1670  42:1511  43:1333  44:1158  45:939  46:855  47:728  48:689  49:615  50:544  51:465  52:457  53:344  54:344  55:284  56:276  57:242  58:216  59:216  60:177  61:159  62:140  63:127  64:109  65:95  66:79  67:80  68:79  69:75  70:69  71:69  72:55  73:51  74:42  75:46  76:42  77:35  78:41  79:38  80:39  81:21  82:18  83:21  84:19  85:14  86:18  87:14  88:15  89:11  90:14  91:13  92:7  93:5  94:8  95:7  96:5  97:9  98:8  99:5  100:7  101:11  102:5  103:6  104:3  105:3  106:3  107:5  108:4  109:5  110:1  111:2  112:6  113:1  114:1  115:1  116:4  117:1  119:1  120:2  122:2  124:2  126:1  127:1  129:1  130:1  132:1  133:2  135:1  136:1  137:1  138:3  139:1  140:1  142:2  146:1  153:1  155:1  157:1  160:3  166:1  169:1  175:1  176:1  180:1  182:1  200:1  202:1  203:1  205:1  208:1  217:1  218:1  220:1  234:1
  short unary avg len: 2.00
1507.973729,8.586061,499.813376
[PASSED]
[time 2.59 s, user 2.41 s, sys 0.16 s, maxrss 197084 KB]
[busy 271 jiffies]
[exit 0]
--- c2 case 3 rec 0   load 0.81 0.75 0.81
[TEST FST]
Processing dataset...
Done!
Building trie...
Done!
build time: 794.913297 ms (794.913297 ns per key)
space cost: 12.223534 MB (61.079436% of original size 20.012519 MB)
Querying trie...
Done!
total time: 682.029949 ms, avg latency: 682.029949 ns
not implemented
794.913297,12.223534,682.029949
[PASSED]
[time 2.04 s, user 1.94 s, sys 0.09 s, maxrss 131048 KB]
[busy 214 jiffies]
[exit 0]
--- c2 case 4 rec 0   load 0.81 0.75 0.81
terminate called after throwing an instance of 'std::runtime_error'
  what():  Sequence is not sorted
timeout: the monitored command dumped core
Command terminated by signal 6
[time 22.64 s, user 16.43 s, sys 6.05 s, maxrss 13650548 KB]
[busy 2332 jiffies]
[exit 134]
--- c2 case 5 rec 0   load 0.95 0.79 0.82
[TEST MARISA]
Processing dataset...
Done!
Building trie...
Done!
build time: 592.361735 ms (592.361735 ns per key)
space cost: 12.537066 MB (62.646119% of original size 20.012519 MB)
Querying trie...
Done!
total time: 495.226936 ms, avg latency: 495.226936 ns
not implemented
592.361735,12.537066,495.226936
[PASSED]
[time 1.66 s, user 1.52 s, sys 0.12 s, maxrss 195080 KB]
[busy 176 jiffies]
[exit 0]
--- c2 case 5 rec 1   load 0.87 0.78 0.82
[TEST MARISA]
Processing dataset...
Done!
Building trie...
Done!
build time: 761.010345 ms (761.010345 ns per key)
space cost: 8.680676 MB (43.376231% of original size 20.012519 MB)
Querying trie...
Done!
total time: 772.780258 ms, avg latency: 772.780258 ns
not implemented
761.010345,8.680676,772.780258
[PASSED]
[time 2.11 s, user 1.97 s, sys 0.12 s, maxrss 195232 KB]
[busy 226 jiffies]
[exit 0]
--- c2 case 5 rec 2   load 0.87 0.78 0.82
[TEST MARISA]
Processing dataset...
Done!
Building trie...
Done!
build time: 802.878759 ms (802.878759 ns per key)
space cost: 7.806685 MB (39.009010% of original size 20.012519 MB)
Querying trie...
Done!
total time: 884.465493 ms, avg latency: 884.465493 ns
not implemented
802.878759,7.806685,884.465493
[PASSED]
[time 2.27 s, user 2.14 s, sys 0.12 s, maxrss 195108 KB]
[busy 239 jiffies]
[exit 0]
--- c2 case 6 rec 0   load 0.88 0.78 0.82
[TEST PDT]
Processing dataset...
Done!
Building trie...
dict size: 157446, stream size: 7395682
Done!
build time: 3401.273351 ms (3401.273351 ns per key)
space cost: 8.479283 MB (42.369895% of original size 20.012519 MB)
Querying trie...
Done!
total time: 633.118439 ms, avg latency: 633.118439 ns
not implemented
3401.273351,8.479283,633.118439
[PASSED]
[time 4.60 s, user 4.40 s, sys 0.18 s, maxrss 256804 KB]
[busy 476 jiffies]
[exit 0]
--- c2 case 7 rec 0   load 0.89 0.78 0.82
[TEST ART]
Processing dataset...
Done!
Building trie...
Done!
build time: 158.577011 ms (158.577011 ns per key)
space cost: 32.696541 MB (163.380437% of original size 20.012519 MB)
Querying trie...
Done!
total time: 390.540805 ms, avg latency: 390.540805 ns
not implemented
158.577011,32.696541,390.540805
[PASSED]
[time 1.13 s, user 1.02 s, sys 0.10 s, maxrss 176108 KB]
[busy 121 jiffies]
[exit 0]
--- c2 case 8 rec 0   load 0.82 0.77 0.82
[TEST CART]
Processing dataset...
Done!
Building trie...
Done!
build time: 208.508339 ms (208.508339 ns per key)
space cost: 14.850546 MB (74.206280% of original size 20.012519 MB)
Querying trie...
Done!
total time: 453.334147 ms, avg latency: 453.334147 ns
not implemented
208.508339,14.850546,453.334147
[PASSED]
[time 1.24 s, user 1.15 s, sys 0.08 s, maxrss 163888 KB]
[busy 133 jiffies]
[exit 0]
--- xcdat 7   load 0.82 0.77 0.82
build time: 638.184149 ms
space cost: 14.813288 MiB (74.020106% of original size 20.012519 MiB)
avg latency: 258.697441 ns
638.184149,14.813288,258.697441
[time 1.48 s, user 1.37 s, sys 0.10 s, maxrss 161764 KB]
[busy 156 jiffies]
[exit 0]
--- xcdat 8   load 0.82 0.77 0.82
build time: 600.824260 ms
space cost: 14.333878 MiB (71.624555% of original size 20.012519 MiB)
avg latency: 261.611538 ns
600.824260,14.333878,261.611538
[time 1.45 s, user 1.34 s, sys 0.11 s, maxrss 160948 KB]
[busy 153 jiffies]
[exit 0]
--- xcdat 15   load 0.84 0.77 0.82
build time: 630.367568 ms
space cost: 16.333202 MiB (81.614925% of original size 20.012519 MiB)
avg latency: 241.243696 ns
630.367568,16.333202,241.243696
[time 1.45 s, user 1.34 s, sys 0.09 s, maxrss 163504 KB]
[busy 157 jiffies]
[exit 0]
--- xcdat 16   load 0.84 0.77 0.82
build time: 597.481857 ms
space cost: 16.875467 MiB (84.324554% of original size 20.012519 MiB)
avg latency: 258.707129 ns
597.481857,16.875467,258.707129
[time 1.44 s, user 1.32 s, sys 0.11 s, maxrss 164492 KB]
[busy 151 jiffies]
[exit 0]

##### titles-ru-1000000 (1000000 lines, 36819661 bytes)   round 1/3   2026-09-24T03:12:09+03:00
--- lexindex dict32   load 0.85 0.78 0.82
1000000 keys
lexindex DictIndex block 32: build 315 ms, size 6.963 MiB (7.302 B/key), latency cold 468.0 ns, then mean 465.3 / min 460.9 ns
315.299,6.963340,468.049
[time 2.77 s, user 4.78 s, sys 0.31 s, maxrss 302640 KB]
[busy 544 jiffies]
[exit 0]
--- lexindex dict256   load 0.86 0.78 0.82
1000000 keys
lexindex DictIndex block 256: build 323 ms, size 6.544 MiB (6.862 B/key), latency cold 503.9 ns, then mean 490.7 / min 488.9 ns
323.414,6.543816,503.934
[time 2.88 s, user 4.96 s, sys 0.30 s, maxrss 300424 KB]
[busy 557 jiffies]
[exit 0]
--- lexindex dict1024   load 0.79 0.77 0.82
1000000 keys
lexindex DictIndex block 1024: build 333 ms, size 6.388 MiB (6.698 B/key), latency cold 561.0 ns, then mean 557.5 / min 554.2 ns
333.119,6.387671,561.033
[time 3.16 s, user 4.49 s, sys 0.24 s, maxrss 302920 KB]
[busy 502 jiffies]
[exit 0]
--- lexindex string   load 0.79 0.77 0.82
1000000 keys
lexindex StringIndex: build 1506 ms, size 30.276 MiB (31.746 B/key), latency cold 542.0 ns, then mean 553.4 / min 545.6 ns
1505.538,30.275526,542.027
[time 4.29 s, user 4.15 s, sys 0.11 s, maxrss 213352 KB]
[busy 456 jiffies]
[exit 0]
--- lexindex hashed0   load 0.81 0.77 0.82
1000000 keys
lexindex HashedDictIndex closed: build 486 ms, size 9.157 MiB (9.602 B/key), latency cold 54.7 ns, then mean 54.4 / min 54.2 ns
485.633,9.157313,54.708
[time 1.28 s, user 3.42 s, sys 0.30 s, maxrss 303236 KB]
[busy 392 jiffies]
[exit 0]
--- lexindex hashed8   load 0.91 0.79 0.82
1000000 keys
lexindex HashedDictIndex fp=8: build 487 ms, size 10.111 MiB (10.602 B/key), latency cold 65.3 ns, then mean 62.7 / min 62.7 ns
486.880,10.110988,65.321
[time 1.33 s, user 3.46 s, sys 0.31 s, maxrss 304588 KB]
[busy 402 jiffies]
[exit 0]
--- lexindex hashed16   load 0.91 0.79 0.82
1000000 keys
lexindex HashedDictIndex fp=16: build 491 ms, size 11.065 MiB (11.602 B/key), latency cold 66.4 ns, then mean 63.0 / min 61.9 ns
491.357,11.064662,66.424
[time 1.33 s, user 3.41 s, sys 0.32 s, maxrss 306324 KB]
[busy 394 jiffies]
[exit 0]
--- c2 case 0 rec 0   load 0.91 0.80 0.82
[TEST C2-FST]
Processing dataset...
Done!
Building trie...
Done!
build time: 1267.264958 ms (1267.264958 ns per key)
space cost: 13.454716 MB (39.387006% of original size 34.160291 MB)
Querying trie...
Done!
total time: 715.438231 ms, avg latency: 715.438231 ns
topology: 1.316696 MB, link: 2.448647 MB, data: 9.689372 MB
--- Unary Path Analysis (FST, cutoff=4) ---
  shared unary steps in main trie: 1444849
  terminal suffixes: inplace=70261 (avg len=2.02)  links=837902 (92.3% of terminal)
  link len: avg=18.90  max=238  total_chars=15835418
  link length distribution (len:count):  4:38002  5:25136  6:46678  7:25626  8:51081  9:27061  10:49555  11:26346  12:44099  13:24737  14:35638  15:24081  16:29538  17:19279  18:25434  19:16078  20:16463  21:14405  22:12877  23:14367  24:11738  25:15079  26:11391  27:16946  28:11354  29:17411  30:12058  31:16873  32:11600  33:15555  34:11210  35:12790  36:9994  37:10106  38:7923  39:7962  40:6648  41:5829  42:4930  43:4945  44:3895  45:3528  46:3382  47:2749  48:2598  49:2269  50:2117  51:1901  52:1753  53:1665  54:1553  55:1449  56:1305  57:1145  58:1092  59:1004  60:875  61:848  62:788  63:815  64:741  65:605  66:640  67:594  68:554  69:512  70:530  71:482  72:415  73:428  74:424  75:368  76:310  77:349  78:289  79:299  80:274  81:267  82:209  83:198  84:204  85:187  86:188  87:169  88:154  89:148  90:143  91:149  92:108  93:110  94:105  95:111  96:95  97:79  98:91  99:85  100:98  101:68  102:61  103:57  104:50  105:52  106:54  107:61  108:50  109:62  110:44  111:43  112:42  113:44  114:37  115:29  116:42  117:29  118:35  119:28  120:37  121:28  122:24  123:19  124:19  125:31  126:29  127:26  128:15  129:19  130:30  131:11  132:22  133:9  134:11  135:14  136:17  137:15  138:6  139:7  140:14  141:16  142:8  143:9  144:14  145:12  146:8  147:11  148:7  149:9  150:6  151:12  152:9  153:13  154:7  155:5  156:6  157:3  158:8  159:4  160:7  161:11  162:5  163:11  164:3  165:5  166:7  167:4  168:4  169:6  170:3  171:4  172:3  173:9  174:4  175:1  176:4  177:5  178:6  179:4  180:4  181:2  182:6  183:7  184:4  185:2  186:3  187:2  188:2  190:1  191:1  192:3  193:3  194:2  196:2  197:2  198:4  200:1  202:1  205:2  207:2  208:1  210:2  212:2  213:1  217:2  218:2  220:1  222:1  228:2  234:1  239:1
1267.264958,13.454716,715.438231
[PASSED]
[time 2.70 s, user 2.55 s, sys 0.13 s, maxrss 226924 KB]
[busy 283 jiffies]
[exit 0]
--- c2 case 0 rec 1   load 0.84 0.78 0.82
[TEST C2-FST]
Processing dataset...
Done!
Building trie...
trie size: 3.233313 MB
Done!
build time: 1655.495962 ms (1655.495962 ns per key)
space cost: 10.950089 MB (32.055021% of original size 34.160291 MB)
Querying trie...
Done!
total time: 738.803817 ms, avg latency: 738.803817 ns
topology: 1.728611 MB, link: 2.656099 MB, data: 6.565378 MB
--- Unary Path Analysis (FST, cutoff=4) ---
  shared unary steps in main trie: 1444849
  terminal suffixes: inplace=70261 (avg len=2.02)  links=837902 (92.3% of terminal)
  link len: avg=18.90  max=238  total_chars=15835418
  link length distribution (len:count):  4:38002  5:25136  6:46678  7:25626  8:51081  9:27061  10:49555  11:26346  12:44099  13:24737  14:35638  15:24081  16:29538  17:19279  18:25434  19:16078  20:16463  21:14405  22:12877  23:14367  24:11738  25:15079  26:11391  27:16946  28:11354  29:17411  30:12058  31:16873  32:11600  33:15555  34:11210  35:12790  36:9994  37:10106  38:7923  39:7962  40:6648  41:5829  42:4930  43:4945  44:3895  45:3528  46:3382  47:2749  48:2598  49:2269  50:2117  51:1901  52:1753  53:1665  54:1553  55:1449  56:1305  57:1145  58:1092  59:1004  60:875  61:848  62:788  63:815  64:741  65:605  66:640  67:594  68:554  69:512  70:530  71:482  72:415  73:428  74:424  75:368  76:310  77:349  78:289  79:299  80:274  81:267  82:209  83:198  84:204  85:187  86:188  87:169  88:154  89:148  90:143  91:149  92:108  93:110  94:105  95:111  96:95  97:79  98:91  99:85  100:98  101:68  102:61  103:57  104:50  105:52  106:54  107:61  108:50  109:62  110:44  111:43  112:42  113:44  114:37  115:29  116:42  117:29  118:35  119:28  120:37  121:28  122:24  123:19  124:19  125:31  126:29  127:26  128:15  129:19  130:30  131:11  132:22  133:9  134:11  135:14  136:17  137:15  138:6  139:7  140:14  141:16  142:8  143:9  144:14  145:12  146:8  147:11  148:7  149:9  150:6  151:12  152:9  153:13  154:7  155:5  156:6  157:3  158:8  159:4  160:7  161:11  162:5  163:11  164:3  165:5  166:7  167:4  168:4  169:6  170:3  171:4  172:3  173:9  174:4  175:1  176:4  177:5  178:6  179:4  180:4  181:2  182:6  183:7  184:4  185:2  186:3  187:2  188:2  190:1  191:1  192:3  193:3  194:2  196:2  197:2  198:4  200:1  202:1  205:2  207:2  208:1  210:2  212:2  213:1  217:2  218:2  220:1  222:1  228:2  234:1  239:1
1655.495962,10.950089,738.803817
[PASSED]
[time 3.11 s, user 2.95 s, sys 0.14 s, maxrss 215268 KB]
[busy 331 jiffies]
[exit 0]
--- c2 case 0 rec 2   load 0.84 0.78 0.82
[TEST C2-FST]
Processing dataset...
Done!
Building trie...
trie size: 3.233313 MB
trie size: 0.910584 MB
Done!
build time: 1754.219146 ms (1754.219146 ns per key)
space cost: 10.950089 MB (32.055021% of original size 34.160291 MB)
Querying trie...
Done!
total time: 756.668094 ms, avg latency: 756.668094 ns
topology: 1.728611 MB, link: 2.656099 MB, data: 6.565378 MB
--- Unary Path Analysis (FST, cutoff=4) ---
  shared unary steps in main trie: 1444849
  terminal suffixes: inplace=70261 (avg len=2.02)  links=837902 (92.3% of terminal)
  link len: avg=18.90  max=238  total_chars=15835418
  link length distribution (len:count):  4:38002  5:25136  6:46678  7:25626  8:51081  9:27061  10:49555  11:26346  12:44099  13:24737  14:35638  15:24081  16:29538  17:19279  18:25434  19:16078  20:16463  21:14405  22:12877  23:14367  24:11738  25:15079  26:11391  27:16946  28:11354  29:17411  30:12058  31:16873  32:11600  33:15555  34:11210  35:12790  36:9994  37:10106  38:7923  39:7962  40:6648  41:5829  42:4930  43:4945  44:3895  45:3528  46:3382  47:2749  48:2598  49:2269  50:2117  51:1901  52:1753  53:1665  54:1553  55:1449  56:1305  57:1145  58:1092  59:1004  60:875  61:848  62:788  63:815  64:741  65:605  66:640  67:594  68:554  69:512  70:530  71:482  72:415  73:428  74:424  75:368  76:310  77:349  78:289  79:299  80:274  81:267  82:209  83:198  84:204  85:187  86:188  87:169  88:154  89:148  90:143  91:149  92:108  93:110  94:105  95:111  96:95  97:79  98:91  99:85  100:98  101:68  102:61  103:57  104:50  105:52  106:54  107:61  108:50  109:62  110:44  111:43  112:42  113:44  114:37  115:29  116:42  117:29  118:35  119:28  120:37  121:28  122:24  123:19  124:19  125:31  126:29  127:26  128:15  129:19  130:30  131:11  132:22  133:9  134:11  135:14  136:17  137:15  138:6  139:7  140:14  141:16  142:8  143:9  144:14  145:12  146:8  147:11  148:7  149:9  150:6  151:12  152:9  153:13  154:7  155:5  156:6  157:3  158:8  159:4  160:7  161:11  162:5  163:11  164:3  165:5  166:7  167:4  168:4  169:6  170:3  171:4  172:3  173:9  174:4  175:1  176:4  177:5  178:6  179:4  180:4  181:2  182:6  183:7  184:4  185:2  186:3  187:2  188:2  190:1  191:1  192:3  193:3  194:2  196:2  197:2  198:4  200:1  202:1  205:2  207:2  208:1  210:2  212:2  213:1  217:2  218:2  220:1  222:1  228:2  234:1  239:1
1754.219146,10.950089,756.668094
[PASSED]
[time 3.23 s, user 3.07 s, sys 0.14 s, maxrss 215436 KB]
[busy 340 jiffies]
[exit 0]
--- c2 case 1 rec 0   load 0.85 0.79 0.82
[TEST C2-CoCo(LOUDS-Sparse)]
Processing dataset...
Done!
Building trie...
Done!
build time: 3471.601095 ms (3471.601095 ns per key)
space cost: 14.618523 MB (42.793905% of original size 34.160291 MB)
Querying trie...
Done!
total time: 990.749598 ms, avg latency: 990.749598 ns
topology: 0.472511 MB, link: 3.816133 MB, data: 10.329878 MB
3471.601095,14.618523,990.749598
[PASSED]
[time 5.16 s, user 4.90 s, sys 0.24 s, maxrss 445912 KB]
[busy 531 jiffies]
[exit 0]
--- c2 case 1 rec 1   load 0.87 0.79 0.82
[TEST C2-CoCo(LOUDS-Sparse)]
Processing dataset...
Done!
Building trie...
trie size: 3.233313 MB
Done!
build time: 3834.458068 ms (3834.458068 ns per key)
space cost: 12.113895 MB (35.461921% of original size 34.160291 MB)
Querying trie...
Done!
total time: 1003.585043 ms, avg latency: 1003.585043 ns
topology: 0.884426 MB, link: 4.023585 MB, data: 7.205884 MB
3834.458068,12.113895,1003.585043
[PASSED]
[time 5.55 s, user 5.30 s, sys 0.23 s, maxrss 432656 KB]
[busy 572 jiffies]
[exit 0]
--- c2 case 1 rec 2   load 0.89 0.80 0.82
[TEST C2-CoCo(LOUDS-Sparse)]
Processing dataset...
Done!
Building trie...
trie size: 3.233313 MB
trie size: 0.910584 MB
Done!
build time: 3992.181665 ms (3992.181665 ns per key)
space cost: 12.113895 MB (35.461921% of original size 34.160291 MB)
Querying trie...
Done!
total time: 1016.883358 ms, avg latency: 1016.883358 ns
topology: 0.884426 MB, link: 4.023585 MB, data: 7.205884 MB
3992.181665,12.113895,1016.883358
[PASSED]
[time 5.72 s, user 5.47 s, sys 0.22 s, maxrss 432552 KB]
[busy 595 jiffies]
[exit 0]
--- c2 case 2 rec 0   load 0.90 0.80 0.82
[TEST C2-MARISA]
Processing dataset...
Done!
Building trie...
trie size: 2.484302 MB
Done!
build time: 1217.056120 ms (1217.056120 ns per key)
space cost: 12.012337 MB (35.164621% of original size 34.160291 MB)
Querying trie...
Done!
total time: 530.547993 ms, avg latency: 530.547993 ns
topology: 0.823292 MB, link: 2.965906 MB, data: 8.202631 MB
--- Unary Path Analysis (Marisa, cutoff=3) ---
  branches: 1657128  |  single-char: 447774 (27.0%)  short-unary: 128432 (7.8%)  links: 1080922 (65.2%)
  link len: avg=17.77  max=240  total_chars=19212544
  link length distribution (len:count):  3:87321  4:48292  5:58975  6:36358  7:58121  8:33015  9:59626  10:32247  11:55687  12:30072  13:49121  14:27545  15:39628  16:26319  17:32373  18:20972  19:27510  20:17247  21:17760  22:15297  23:13707  24:14933  25:12396  26:15583  27:11863  28:17395  29:11704  30:17896  31:12395  32:17216  33:11862  34:15819  35:11459  36:13046  37:10194  38:10344  39:8104  40:8139  41:6769  42:6000  43:5033  44:5077  45:3963  46:3720  47:3456  48:2871  49:2663  50:2321  51:2168  52:1981  53:1813  54:1693  55:1597  56:1488  57:1344  58:1172  59:1122  60:1025  61:904  62:871  63:814  64:834  65:767  66:626  67:663  68:607  69:568  70:524  71:545  72:489  73:428  74:436  75:441  76:375  77:319  78:357  79:299  80:304  81:282  82:274  83:213  84:203  85:208  86:189  87:193  88:179  89:159  90:153  91:146  92:153  93:110  94:115  95:107  96:113  97:98  98:81  99:92  100:91  101:100  102:69  103:62  104:60  105:53  106:53  107:55  108:63  109:50  110:63  111:44  112:45  113:43  114:49  115:38  116:32  117:45  118:31  119:36  120:28  121:37  122:28  123:24  124:20  125:19  126:32  127:29  128:26  129:15  130:19  131:30  132:11  133:22  134:9  135:11  136:14  137:18  138:15  139:6  140:8  141:14  142:16  143:8  144:10  145:14  146:12  147:8  148:11  149:7  150:9  151:6  152:12  153:9  154:13  155:7  156:5  157:6  158:3  159:8  160:4  161:7  162:11  163:6  164:11  165:3  166:5  167:7  168:4  169:5  170:6  171:3  172:4  173:3  174:9  175:4  176:1  177:4  178:5  179:7  180:4  181:4  182:2  183:6  184:7  185:4  186:2  187:3  188:2  189:2  191:1  192:1  193:3  194:3  195:2  197:2  198:2  199:4  201:1  203:1  206:2  208:2  209:1  211:2  213:2  214:1  218:2  219:2  221:1  223:1  229:2  235:1  240:1
  short unary avg len: 2.00
1217.056120,12.012337,530.547993
[PASSED]
[time 2.45 s, user 2.29 s, sys 0.14 s, maxrss 243532 KB]
[busy 253 jiffies]
[exit 0]
--- c2 case 2 rec 1   load 0.90 0.81 0.83
[TEST C2-MARISA]
Processing dataset...
Done!
Building trie...
trie size: 2.484302 MB
trie size: 4.015308 MB
Done!
build time: 1639.758483 ms (1639.758483 ns per key)
space cost: 9.221785 MB (26.995627% of original size 34.160291 MB)
Querying trie...
Done!
total time: 393.329066 ms, avg latency: 393.329066 ns
topology: 1.302711 MB, link: 3.189349 MB, data: 4.709216 MB
--- Unary Path Analysis (Marisa, cutoff=3) ---
  branches: 1657128  |  single-char: 447774 (27.0%)  short-unary: 128432 (7.8%)  links: 1080922 (65.2%)
  link len: avg=17.77  max=240  total_chars=19212544
  link length distribution (len:count):  3:87321  4:48292  5:58975  6:36358  7:58121  8:33015  9:59626  10:32247  11:55687  12:30072  13:49121  14:27545  15:39628  16:26319  17:32373  18:20972  19:27510  20:17247  21:17760  22:15297  23:13707  24:14933  25:12396  26:15583  27:11863  28:17395  29:11704  30:17896  31:12395  32:17216  33:11862  34:15819  35:11459  36:13046  37:10194  38:10344  39:8104  40:8139  41:6769  42:6000  43:5033  44:5077  45:3963  46:3720  47:3456  48:2871  49:2663  50:2321  51:2168  52:1981  53:1813  54:1693  55:1597  56:1488  57:1344  58:1172  59:1122  60:1025  61:904  62:871  63:814  64:834  65:767  66:626  67:663  68:607  69:568  70:524  71:545  72:489  73:428  74:436  75:441  76:375  77:319  78:357  79:299  80:304  81:282  82:274  83:213  84:203  85:208  86:189  87:193  88:179  89:159  90:153  91:146  92:153  93:110  94:115  95:107  96:113  97:98  98:81  99:92  100:91  101:100  102:69  103:62  104:60  105:53  106:53  107:55  108:63  109:50  110:63  111:44  112:45  113:43  114:49  115:38  116:32  117:45  118:31  119:36  120:28  121:37  122:28  123:24  124:20  125:19  126:32  127:29  128:26  129:15  130:19  131:30  132:11  133:22  134:9  135:11  136:14  137:18  138:15  139:6  140:8  141:14  142:16  143:8  144:10  145:14  146:12  147:8  148:11  149:7  150:9  151:6  152:12  153:9  154:13  155:7  156:5  157:6  158:3  159:8  160:4  161:7  162:11  163:6  164:11  165:3  166:5  167:7  168:4  169:5  170:6  171:3  172:4  173:3  174:9  175:4  176:1  177:4  178:5  179:7  180:4  181:4  182:2  183:6  184:7  185:4  186:2  187:3  188:2  189:2  191:1  192:1  193:3  194:3  195:2  197:2  198:2  199:4  201:1  203:1  206:2  208:2  209:1  211:2  213:2  214:1  218:2  219:2  221:1  223:1  229:2  235:1  240:1
  short unary avg len: 2.00
1639.758483,9.221785,393.329066
[PASSED]
[time 2.76 s, user 2.58 s, sys 0.16 s, maxrss 227000 KB]
[busy 291 jiffies]
[exit 0]
--- c2 case 2 rec 2   load 0.83 0.79 0.82
[TEST C2-MARISA]
Processing dataset...
Done!
Building trie...
trie size: 2.484302 MB
trie size: 4.015308 MB
trie size: 1.015766 MB
Done!
build time: 1772.027808 ms (1772.027808 ns per key)
space cost: 8.714260 MB (25.509912% of original size 34.160291 MB)
Querying trie...
Done!
total time: 385.140545 ms, avg latency: 385.140545 ns
topology: 1.481594 MB, link: 3.266720 MB, data: 3.945438 MB
--- Unary Path Analysis (Marisa, cutoff=3) ---
  branches: 1657128  |  single-char: 447774 (27.0%)  short-unary: 128432 (7.8%)  links: 1080922 (65.2%)
  link len: avg=17.77  max=240  total_chars=19212544
  link length distribution (len:count):  3:87321  4:48292  5:58975  6:36358  7:58121  8:33015  9:59626  10:32247  11:55687  12:30072  13:49121  14:27545  15:39628  16:26319  17:32373  18:20972  19:27510  20:17247  21:17760  22:15297  23:13707  24:14933  25:12396  26:15583  27:11863  28:17395  29:11704  30:17896  31:12395  32:17216  33:11862  34:15819  35:11459  36:13046  37:10194  38:10344  39:8104  40:8139  41:6769  42:6000  43:5033  44:5077  45:3963  46:3720  47:3456  48:2871  49:2663  50:2321  51:2168  52:1981  53:1813  54:1693  55:1597  56:1488  57:1344  58:1172  59:1122  60:1025  61:904  62:871  63:814  64:834  65:767  66:626  67:663  68:607  69:568  70:524  71:545  72:489  73:428  74:436  75:441  76:375  77:319  78:357  79:299  80:304  81:282  82:274  83:213  84:203  85:208  86:189  87:193  88:179  89:159  90:153  91:146  92:153  93:110  94:115  95:107  96:113  97:98  98:81  99:92  100:91  101:100  102:69  103:62  104:60  105:53  106:53  107:55  108:63  109:50  110:63  111:44  112:45  113:43  114:49  115:38  116:32  117:45  118:31  119:36  120:28  121:37  122:28  123:24  124:20  125:19  126:32  127:29  128:26  129:15  130:19  131:30  132:11  133:22  134:9  135:11  136:14  137:18  138:15  139:6  140:8  141:14  142:16  143:8  144:10  145:14  146:12  147:8  148:11  149:7  150:9  151:6  152:12  153:9  154:13  155:7  156:5  157:6  158:3  159:8  160:4  161:7  162:11  163:6  164:11  165:3  166:5  167:7  168:4  169:5  170:6  171:3  172:4  173:3  174:9  175:4  176:1  177:4  178:5  179:7  180:4  181:4  182:2  183:6  184:7  185:4  186:2  187:3  188:2  189:2  191:1  192:1  193:3  194:3  195:2  197:2  198:2  199:4  201:1  203:1  206:2  208:2  209:1  211:2  213:2  214:1  218:2  219:2  221:1  223:1  229:2  235:1  240:1
  short unary avg len: 2.00
1772.027808,8.714260,385.140545
[PASSED]
[time 2.86 s, user 2.69 s, sys 0.15 s, maxrss 227188 KB]
[busy 299 jiffies]
[exit 0]
--- c2 case 3 rec 0   load 0.83 0.79 0.82
[TEST FST]
Processing dataset...
Done!
Building trie...
Done!
build time: 1143.763794 ms (1143.763794 ns per key)
space cost: 15.406425 MB (45.100393% of original size 34.160291 MB)
Querying trie...
Done!
total time: 1201.323038 ms, avg latency: 1201.323038 ns
not implemented
1143.763794,15.406425,1201.323038
[PASSED]
[time 3.06 s, user 2.95 s, sys 0.09 s, maxrss 176956 KB]
[busy 320 jiffies]
[exit 0]
--- c2 case 4 rec 0   load 0.85 0.80 0.82
terminate called after throwing an instance of 'std::runtime_error'
  what():  Sequence is not sorted
timeout: the monitored command dumped core
Command terminated by signal 6
[time 47.69 s, user 35.67 s, sys 11.75 s, maxrss 26677076 KB]
[busy 5011 jiffies]
[exit 134]
--- c2 case 5 rec 0   load 0.93 0.83 0.83
[TEST MARISA]
Processing dataset...
Done!
Building trie...
Done!
build time: 751.513035 ms (751.513035 ns per key)
space cost: 14.925114 MB (43.691413% of original size 34.160291 MB)
Querying trie...
Done!
total time: 683.317249 ms, avg latency: 683.317249 ns
not implemented
751.513035,14.925114,683.317249
[PASSED]
[time 2.17 s, user 1.98 s, sys 0.17 s, maxrss 230924 KB]
[busy 240 jiffies]
[exit 0]
--- c2 case 5 rec 1   load 0.86 0.82 0.83
[TEST MARISA]
Processing dataset...
Done!
Building trie...
Done!
build time: 943.544995 ms (943.544995 ns per key)
space cost: 9.445531 MB (27.650616% of original size 34.160291 MB)
Querying trie...
Done!
total time: 1096.468341 ms, avg latency: 1096.468341 ns
not implemented
943.544995,9.445531,1096.468341
[PASSED]
[time 2.73 s, user 2.55 s, sys 0.16 s, maxrss 231072 KB]
[busy 283 jiffies]
[exit 0]
--- c2 case 5 rec 2   load 0.86 0.82 0.83
[TEST MARISA]
Processing dataset...
Done!
Building trie...
Done!
build time: 986.415002 ms (986.415002 ns per key)
space cost: 8.209226 MB (24.031487% of original size 34.160291 MB)
Querying trie...
Done!
total time: 1218.787563 ms, avg latency: 1218.787563 ns
not implemented
986.415002,8.209226,1218.787563
[PASSED]
[time 2.90 s, user 2.74 s, sys 0.14 s, maxrss 231196 KB]
[busy 300 jiffies]
[exit 0]
--- c2 case 6 rec 0   load 0.87 0.82 0.83
[TEST PDT]
Processing dataset...
Done!
Building trie...
dict size: 149058, stream size: 8676288
Done!
build time: 2749.829691 ms (2749.829691 ns per key)
space cost: 9.692565 MB (28.373778% of original size 34.160291 MB)
Querying trie...
Done!
total time: 764.286062 ms, avg latency: 764.286062 ns
not implemented
2749.829691,9.692565,764.286062
[PASSED]
[time 4.22 s, user 4.00 s, sys 0.20 s, maxrss 238192 KB]
[busy 438 jiffies]
[exit 0]
--- c2 case 7 rec 0   load 0.88 0.82 0.83
[TEST ART]
Processing dataset...
Done!
Building trie...
Done!
build time: 228.109780 ms (228.109780 ns per key)
space cost: 37.032776 MB (108.408843% of original size 34.160291 MB)
Querying trie...
Done!
total time: 571.697185 ms, avg latency: 571.697185 ns
not implemented
228.109780,37.032776,571.697185
[PASSED]
[time 1.52 s, user 1.38 s, sys 0.13 s, maxrss 239260 KB]
[busy 161 jiffies]
[exit 0]
--- c2 case 8 rec 0   load 0.81 0.81 0.82
[TEST CART]
Processing dataset...
Done!
Building trie...
Done!
build time: 289.684452 ms (289.684452 ns per key)
space cost: 17.935776 MB (52.504752% of original size 34.160291 MB)
Querying trie...
Done!
total time: 661.970967 ms, avg latency: 661.970967 ns
not implemented
289.684452,17.935776,661.970967
[PASSED]
[time 1.68 s, user 1.54 s, sys 0.12 s, maxrss 228296 KB]
[busy 181 jiffies]
[exit 0]
--- xcdat 7   load 0.81 0.81 0.82
build time: 827.593501 ms
space cost: 18.793670 MiB (55.016129% of original size 34.160291 MiB)
avg latency: 386.831593 ns
827.593501,18.793670,386.831593
[time 1.92 s, user 1.74 s, sys 0.17 s, maxrss 207180 KB]
[busy 200 jiffies]
[exit 0]
--- xcdat 8   load 0.83 0.81 0.82
build time: 777.483237 ms
space cost: 18.486019 MiB (54.115521% of original size 34.160291 MiB)
avg latency: 364.463642 ns
777.483237,18.486019,364.463642
[time 1.87 s, user 1.70 s, sys 0.15 s, maxrss 207280 KB]
[busy 203 jiffies]
[exit 0]
--- xcdat 15   load 0.83 0.81 0.82
build time: 813.618334 ms
space cost: 22.013930 MiB (64.443041% of original size 34.160291 MiB)
avg latency: 359.351724 ns
813.618334,22.013930,359.351724
[time 1.88 s, user 1.73 s, sys 0.14 s, maxrss 213248 KB]
[busy 197 jiffies]
[exit 0]
--- xcdat 16   load 0.84 0.82 0.83
build time: 771.267794 ms
space cost: 22.860906 MiB (66.922456% of original size 34.160291 MiB)
avg latency: 372.632566 ns
771.267794,22.860906,372.632566
[time 1.85 s, user 1.70 s, sys 0.14 s, maxrss 213640 KB]
[busy 194 jiffies]
[exit 0]

##### titles-zh-1000000 (1000000 lines, 17871822 bytes)   round 1/3   2026-09-24T03:14:42+03:00
--- lexindex dict32   load 0.77 0.80 0.82
1000000 keys
lexindex DictIndex block 32: build 257 ms, size 5.823 MiB (6.105 B/key), latency cold 379.0 ns, then mean 379.6 / min 376.6 ns
256.972,5.822630,379.012
[time 2.28 s, user 3.62 s, sys 0.24 s, maxrss 258480 KB]
[busy 412 jiffies]
[exit 0]
--- lexindex dict256   load 0.77 0.80 0.82
1000000 keys
lexindex DictIndex block 256: build 265 ms, size 5.580 MiB (5.851 B/key), latency cold 409.5 ns, then mean 402.6 / min 398.9 ns
265.300,5.580144,409.474
[time 2.39 s, user 3.75 s, sys 0.25 s, maxrss 266116 KB]
[busy 424 jiffies]
[exit 0]
--- lexindex dict1024   load 0.79 0.81 0.82
1000000 keys
lexindex DictIndex block 1024: build 286 ms, size 5.423 MiB (5.687 B/key), latency cold 495.7 ns, then mean 488.9 / min 487.3 ns
285.878,5.423172,495.677
[time 2.76 s, user 3.59 s, sys 0.20 s, maxrss 249144 KB]
[busy 405 jiffies]
[exit 0]
--- lexindex string   load 0.73 0.79 0.82
1000000 keys
lexindex StringIndex: build 774 ms, size 16.712 MiB (17.523 B/key), latency cold 283.0 ns, then mean 285.0 / min 273.9 ns
773.653,16.711605,282.960
[time 2.41 s, user 2.32 s, sys 0.08 s, maxrss 152788 KB]
[busy 265 jiffies]
[exit 0]
--- lexindex hashed0   load 0.73 0.79 0.82
1000000 keys
lexindex HashedDictIndex closed: build 382 ms, size 8.194 MiB (8.592 B/key), latency cold 36.3 ns, then mean 34.2 / min 34.1 ns
381.549,8.193651,36.313
[time 1.02 s, user 2.41 s, sys 0.27 s, maxrss 265544 KB]
[busy 291 jiffies]
[exit 0]
--- lexindex hashed8   load 0.91 0.83 0.83
1000000 keys
lexindex HashedDictIndex fp=8: build 382 ms, size 9.147 MiB (9.592 B/key), latency cold 40.4 ns, then mean 38.2 / min 38.0 ns
381.858,9.147326,40.389
[time 1.05 s, user 2.46 s, sys 0.26 s, maxrss 261028 KB]
[busy 291 jiffies]
[exit 0]
--- lexindex hashed16   load 0.91 0.83 0.83
1000000 keys
lexindex HashedDictIndex fp=16: build 375 ms, size 10.101 MiB (10.592 B/key), latency cold 43.8 ns, then mean 39.5 / min 36.9 ns
375.373,10.101000,43.754
[time 1.04 s, user 2.37 s, sys 0.26 s, maxrss 262224 KB]
[busy 282 jiffies]
[exit 0]
--- c2 case 0 rec 0   load 0.84 0.81 0.82
[TEST C2-FST]
Processing dataset...
Done!
Building trie...
Done!
build time: 661.438837 ms (661.438837 ns per key)
space cost: 9.315402 MB (57.894796% of original size 16.090223 MB)
Querying trie...
Done!
total time: 419.097919 ms, avg latency: 419.097919 ns
topology: 1.013481 MB, link: 1.860200 MB, data: 6.441721 MB
--- Unary Path Analysis (FST, cutoff=4) ---
  shared unary steps in main trie: 533155
  terminal suffixes: inplace=237541 (avg len=1.85)  links=651614 (73.3% of terminal)
  link len: avg=9.49  max=219  total_chars=6184530
  link length distribution (len:count):  4:101787  5:75109  6:33236  7:70197  8:54797  9:28682  10:45020  11:39800  12:18111  13:26128  14:25316  15:13287  16:18412  17:17629  18:7811  19:11663  20:10322  21:4897  22:7909  23:6587  24:3201  25:5027  26:3953  27:2124  28:3009  29:2707  30:1318  31:2090  32:1807  33:932  34:1302  35:1246  36:576  37:856  38:792  39:335  40:596  41:485  42:228  43:398  44:289  45:126  46:187  47:184  48:83  49:123  50:115  51:56  52:76  53:79  54:43  55:73  56:58  57:28  58:35  59:27  60:9  61:32  62:19  63:18  64:20  65:11  66:19  67:16  68:13  69:6  70:14  71:16  72:6  73:9  74:5  75:5  76:7  77:5  78:2  79:17  80:2  81:7  82:8  83:7  84:3  85:7  86:7  87:3  88:3  89:2  90:4  91:3  92:3  93:1  94:1  95:3  96:5  97:1  98:4  101:2  102:1  103:1  104:1  106:2  107:1  112:2  113:1  115:1  116:1  120:1  121:1  122:1  124:1  130:1  138:1  148:1  151:1  155:2  184:1  188:1  204:1  220:1
661.438837,9.315402,419.097919
[PASSED]
[time 1.56 s, user 1.45 s, sys 0.10 s, maxrss 186168 KB]
[busy 165 jiffies]
[exit 0]
--- c2 case 0 rec 1   load 0.84 0.81 0.82
[TEST C2-FST]
Processing dataset...
Done!
Building trie...
trie size: 2.382156 MB
Done!
build time: 831.929090 ms (831.929090 ns per key)
space cost: 7.814046 MB (48.563937% of original size 16.090223 MB)
Querying trie...
Done!
total time: 436.563136 ms, avg latency: 436.563136 ns
topology: 1.289776 MB, link: 2.002253 MB, data: 4.522017 MB
--- Unary Path Analysis (FST, cutoff=4) ---
  shared unary steps in main trie: 533155
  terminal suffixes: inplace=237541 (avg len=1.85)  links=651614 (73.3% of terminal)
  link len: avg=9.49  max=219  total_chars=6184530
  link length distribution (len:count):  4:101787  5:75109  6:33236  7:70197  8:54797  9:28682  10:45020  11:39800  12:18111  13:26128  14:25316  15:13287  16:18412  17:17629  18:7811  19:11663  20:10322  21:4897  22:7909  23:6587  24:3201  25:5027  26:3953  27:2124  28:3009  29:2707  30:1318  31:2090  32:1807  33:932  34:1302  35:1246  36:576  37:856  38:792  39:335  40:596  41:485  42:228  43:398  44:289  45:126  46:187  47:184  48:83  49:123  50:115  51:56  52:76  53:79  54:43  55:73  56:58  57:28  58:35  59:27  60:9  61:32  62:19  63:18  64:20  65:11  66:19  67:16  68:13  69:6  70:14  71:16  72:6  73:9  74:5  75:5  76:7  77:5  78:2  79:17  80:2  81:7  82:8  83:7  84:3  85:7  86:7  87:3  88:3  89:2  90:4  91:3  92:3  93:1  94:1  95:3  96:5  97:1  98:4  101:2  102:1  103:1  104:1  106:2  107:1  112:2  113:1  115:1  116:1  120:1  121:1  122:1  124:1  130:1  138:1  148:1  151:1  155:2  184:1  188:1  204:1  220:1
831.929090,7.814046,436.563136
[PASSED]
[time 1.76 s, user 1.63 s, sys 0.12 s, maxrss 186476 KB]
[busy 183 jiffies]
[exit 0]
--- c2 case 0 rec 2   load 0.77 0.80 0.82
[TEST C2-FST]
Processing dataset...
Done!
Building trie...
trie size: 2.382156 MB
trie size: 0.519189 MB
Done!
build time: 871.524701 ms (871.524701 ns per key)
space cost: 7.814046 MB (48.563937% of original size 16.090223 MB)
Querying trie...
Done!
total time: 442.433429 ms, avg latency: 442.433429 ns
topology: 1.289776 MB, link: 2.002253 MB, data: 4.522017 MB
--- Unary Path Analysis (FST, cutoff=4) ---
  shared unary steps in main trie: 533155
  terminal suffixes: inplace=237541 (avg len=1.85)  links=651614 (73.3% of terminal)
  link len: avg=9.49  max=219  total_chars=6184530
  link length distribution (len:count):  4:101787  5:75109  6:33236  7:70197  8:54797  9:28682  10:45020  11:39800  12:18111  13:26128  14:25316  15:13287  16:18412  17:17629  18:7811  19:11663  20:10322  21:4897  22:7909  23:6587  24:3201  25:5027  26:3953  27:2124  28:3009  29:2707  30:1318  31:2090  32:1807  33:932  34:1302  35:1246  36:576  37:856  38:792  39:335  40:596  41:485  42:228  43:398  44:289  45:126  46:187  47:184  48:83  49:123  50:115  51:56  52:76  53:79  54:43  55:73  56:58  57:28  58:35  59:27  60:9  61:32  62:19  63:18  64:20  65:11  66:19  67:16  68:13  69:6  70:14  71:16  72:6  73:9  74:5  75:5  76:7  77:5  78:2  79:17  80:2  81:7  82:8  83:7  84:3  85:7  86:7  87:3  88:3  89:2  90:4  91:3  92:3  93:1  94:1  95:3  96:5  97:1  98:4  101:2  102:1  103:1  104:1  106:2  107:1  112:2  113:1  115:1  116:1  120:1  121:1  122:1  124:1  130:1  138:1  148:1  151:1  155:2  184:1  188:1  204:1  220:1
871.524701,7.814046,442.433429
[PASSED]
[time 1.83 s, user 1.69 s, sys 0.12 s, maxrss 186116 KB]
[busy 192 jiffies]
[exit 0]
--- c2 case 1 rec 0   load 0.77 0.80 0.82
[TEST C2-CoCo(LOUDS-Sparse)]
Processing dataset...
Done!
Building trie...
Done!
build time: 1640.993895 ms (1640.993895 ns per key)
space cost: 10.076944 MB (62.627748% of original size 16.090223 MB)
Querying trie...
Done!
total time: 609.788279 ms, avg latency: 609.788279 ns
topology: 0.428116 MB, link: 2.771456 MB, data: 6.877373 MB
1640.993895,10.076944,609.788279
[PASSED]
[time 2.74 s, user 2.53 s, sys 0.19 s, maxrss 343376 KB]
[busy 284 jiffies]
[exit 0]
--- c2 case 1 rec 1   load 0.79 0.80 0.82
[TEST C2-CoCo(LOUDS-Sparse)]
Processing dataset...
Done!
Building trie...
trie size: 2.382156 MB
Done!
build time: 1804.603104 ms (1804.603104 ns per key)
space cost: 8.575588 MB (53.296888% of original size 16.090223 MB)
Querying trie...
Done!
total time: 633.379088 ms, avg latency: 633.379088 ns
topology: 0.704411 MB, link: 2.913508 MB, data: 4.957669 MB
1804.603104,8.575588,633.379088
[PASSED]
[time 2.95 s, user 2.74 s, sys 0.19 s, maxrss 343652 KB]
[busy 304 jiffies]
[exit 0]
--- c2 case 1 rec 2   load 0.81 0.81 0.82
[TEST C2-CoCo(LOUDS-Sparse)]
Processing dataset...
Done!
Building trie...
trie size: 2.382156 MB
trie size: 0.519189 MB
Done!
build time: 1849.370686 ms (1849.370686 ns per key)
space cost: 8.575588 MB (53.296888% of original size 16.090223 MB)
Querying trie...
Done!
total time: 626.119694 ms, avg latency: 626.119694 ns
topology: 0.704411 MB, link: 2.913508 MB, data: 4.957669 MB
1849.370686,8.575588,626.119694
[PASSED]
[time 2.97 s, user 2.77 s, sys 0.18 s, maxrss 343704 KB]
[busy 312 jiffies]
[exit 0]
--- c2 case 2 rec 0   load 0.74 0.79 0.82
[TEST C2-MARISA]
Processing dataset...
Done!
Building trie...
trie size: 2.376703 MB
Done!
build time: 723.293866 ms (723.293866 ns per key)
space cost: 9.316646 MB (57.902525% of original size 16.090223 MB)
Querying trie...
Done!
total time: 323.421953 ms, avg latency: 323.421953 ns
topology: 0.787403 MB, link: 2.444094 MB, data: 6.064641 MB
--- Unary Path Analysis (Marisa, cutoff=3) ---
  branches: 1581104  |  single-char: 512959 (32.4%)  short-unary: 177539 (11.2%)  links: 890606 (56.3%)
  link len: avg=9.57  max=221  total_chars=8521548
  link length distribution (len:count):  3:117743  4:70413  5:118917  6:85174  7:37680  8:75877  9:57977  10:30193  11:47337  12:41279  13:18765  14:27062  15:25994  16:13620  17:18901  18:18001  19:8082  20:11948  21:10483  22:5017  23:8072  24:6695  25:3249  26:5099  27:4017  28:2164  29:3054  30:2749  31:1341  32:2116  33:1821  34:942  35:1314  36:1256  37:587  38:865  39:798  40:341  41:600  42:486  43:231  44:401  45:290  46:126  47:187  48:184  49:84  50:123  51:115  52:56  53:77  54:82  55:43  56:74  57:60  58:29  59:35  60:27  61:10  62:32  63:19  64:19  65:20  66:11  67:19  68:16  69:13  70:6  71:14  72:16  73:6  74:9  75:5  76:5  77:7  78:5  79:2  80:17  81:2  82:7  83:8  84:7  85:3  86:7  87:7  88:3  89:3  90:2  91:4  92:3  93:3  94:1  95:1  96:4  97:5  98:1  99:4  102:2  103:1  104:1  105:1  107:2  108:1  113:2  114:1  116:1  117:1  121:1  122:1  123:1  125:1  131:1  139:1  149:1  152:1  156:2  185:1  189:1  205:1  221:1
  short unary avg len: 2.00
723.293866,9.316646,323.421953
[PASSED]
[time 1.53 s, user 1.39 s, sys 0.13 s, maxrss 216420 KB]
[busy 162 jiffies]
[exit 0]
--- c2 case 2 rec 1   load 0.74 0.79 0.82
[TEST C2-MARISA]
Processing dataset...
Done!
Building trie...
trie size: 2.376703 MB
trie size: 3.200656 MB
Done!
build time: 926.770968 ms (926.770968 ns per key)
space cost: 7.215687 MB (44.845163% of original size 16.090223 MB)
Querying trie...
Done!
total time: 283.373000 ms, avg latency: 283.373000 ns
topology: 1.146584 MB, link: 2.476871 MB, data: 3.571725 MB
--- Unary Path Analysis (Marisa, cutoff=3) ---
  branches: 1581104  |  single-char: 512959 (32.4%)  short-unary: 177539 (11.2%)  links: 890606 (56.3%)
  link len: avg=9.57  max=221  total_chars=8521548
  link length distribution (len:count):  3:117743  4:70413  5:118917  6:85174  7:37680  8:75877  9:57977  10:30193  11:47337  12:41279  13:18765  14:27062  15:25994  16:13620  17:18901  18:18001  19:8082  20:11948  21:10483  22:5017  23:8072  24:6695  25:3249  26:5099  27:4017  28:2164  29:3054  30:2749  31:1341  32:2116  33:1821  34:942  35:1314  36:1256  37:587  38:865  39:798  40:341  41:600  42:486  43:231  44:401  45:290  46:126  47:187  48:184  49:84  50:123  51:115  52:56  53:77  54:82  55:43  56:74  57:60  58:29  59:35  60:27  61:10  62:32  63:19  64:19  65:20  66:11  67:19  68:16  69:13  70:6  71:14  72:16  73:6  74:9  75:5  76:5  77:7  78:5  79:2  80:17  81:2  82:7  83:8  84:7  85:3  86:7  87:7  88:3  89:3  90:2  91:4  92:3  93:3  94:1  95:1  96:4  97:5  98:1  99:4  102:2  103:1  104:1  105:1  107:2  108:1  113:2  114:1  116:1  117:1  121:1  122:1  123:1  125:1  131:1  139:1  149:1  152:1  156:2  185:1  189:1  205:1  221:1
  short unary avg len: 2.00
926.770968,7.215687,283.373000
[PASSED]
[time 1.71 s, user 1.56 s, sys 0.13 s, maxrss 216316 KB]
[busy 178 jiffies]
[exit 0]
--- c2 case 2 rec 2   load 0.68 0.78 0.81
[TEST C2-MARISA]
Processing dataset...
Done!
Building trie...
trie size: 2.376703 MB
trie size: 3.200656 MB
trie size: 0.643222 MB
Done!
build time: 1005.730055 ms (1005.730055 ns per key)
space cost: 7.215687 MB (44.845163% of original size 16.090223 MB)
Querying trie...
Done!
total time: 290.499974 ms, avg latency: 290.499974 ns
topology: 1.146584 MB, link: 2.476871 MB, data: 3.571725 MB
--- Unary Path Analysis (Marisa, cutoff=3) ---
  branches: 1581104  |  single-char: 512959 (32.4%)  short-unary: 177539 (11.2%)  links: 890606 (56.3%)
  link len: avg=9.57  max=221  total_chars=8521548
  link length distribution (len:count):  3:117743  4:70413  5:118917  6:85174  7:37680  8:75877  9:57977  10:30193  11:47337  12:41279  13:18765  14:27062  15:25994  16:13620  17:18901  18:18001  19:8082  20:11948  21:10483  22:5017  23:8072  24:6695  25:3249  26:5099  27:4017  28:2164  29:3054  30:2749  31:1341  32:2116  33:1821  34:942  35:1314  36:1256  37:587  38:865  39:798  40:341  41:600  42:486  43:231  44:401  45:290  46:126  47:187  48:184  49:84  50:123  51:115  52:56  53:77  54:82  55:43  56:74  57:60  58:29  59:35  60:27  61:10  62:32  63:19  64:19  65:20  66:11  67:19  68:16  69:13  70:6  71:14  72:16  73:6  74:9  75:5  76:5  77:7  78:5  79:2  80:17  81:2  82:7  83:8  84:7  85:3  86:7  87:7  88:3  89:3  90:2  91:4  92:3  93:3  94:1  95:1  96:4  97:5  98:1  99:4  102:2  103:1  104:1  105:1  107:2  108:1  113:2  114:1  116:1  117:1  121:1  122:1  123:1  125:1  131:1  139:1  149:1  152:1  156:2  185:1  189:1  205:1  221:1
  short unary avg len: 2.00
1005.730055,7.215687,290.499974
[PASSED]
[time 1.79 s, user 1.62 s, sys 0.15 s, maxrss 216192 KB]
[busy 188 jiffies]
[exit 0]
--- c2 case 3 rec 0   load 0.68 0.78 0.81
[TEST FST]
Processing dataset...
Done!
Building trie...
Done!
build time: 662.469966 ms (662.469966 ns per key)
space cost: 9.251146 MB (57.495450% of original size 16.090223 MB)
Querying trie...
Done!
total time: 598.187584 ms, avg latency: 598.187584 ns
not implemented
662.469966,9.251146,598.187584
[PASSED]
[time 1.75 s, user 1.67 s, sys 0.07 s, maxrss 110888 KB]
[busy 185 jiffies]
[exit 0]
--- c2 case 4 rec 0   load 0.63 0.77 0.81
terminate called after throwing an instance of 'std::runtime_error'
  what():  Sequence is not sorted
timeout: the monitored command dumped core
Command terminated by signal 6
[time 14.10 s, user 10.03 s, sys 3.94 s, maxrss 8765212 KB]
[busy 1456 jiffies]
[exit 134]
--- c2 case 5 rec 0   load 0.71 0.78 0.81
[TEST MARISA]
Processing dataset...
Done!
Building trie...
Done!
build time: 525.354151 ms (525.354151 ns per key)
space cost: 9.064179 MB (56.333459% of original size 16.090223 MB)
Querying trie...
Done!
total time: 461.383246 ms, avg latency: 461.383246 ns
not implemented
525.354151,9.064179,461.383246
[PASSED]
[time 1.50 s, user 1.36 s, sys 0.12 s, maxrss 182324 KB]
[busy 159 jiffies]
[exit 0]
--- c2 case 5 rec 1   load 0.71 0.78 0.81
[TEST MARISA]
Processing dataset...
Done!
Building trie...
Done!
build time: 629.187189 ms (629.187189 ns per key)
space cost: 6.703102 MB (41.659472% of original size 16.090223 MB)
Querying trie...
Done!
total time: 672.226683 ms, avg latency: 672.226683 ns
not implemented
629.187189,6.703102,672.226683
[PASSED]
[time 1.79 s, user 1.67 s, sys 0.11 s, maxrss 182112 KB]
[busy 187 jiffies]
[exit 0]
--- c2 case 5 rec 2   load 0.73 0.78 0.81
[TEST MARISA]
Processing dataset...
Done!
Building trie...
Done!
build time: 669.387357 ms (669.387357 ns per key)
space cost: 6.233802 MB (38.742793% of original size 16.090223 MB)
Querying trie...
Done!
total time: 751.212360 ms, avg latency: 751.212360 ns
not implemented
669.387357,6.233802,751.212360
[PASSED]
[time 1.90 s, user 1.78 s, sys 0.11 s, maxrss 181988 KB]
[busy 201 jiffies]
[exit 0]
--- c2 case 6 rec 0   load 0.73 0.78 0.81
[TEST PDT]
Processing dataset...
Done!
Building trie...
dict size: 161960, stream size: 6363323
Done!
build time: 3122.674055 ms (3122.674055 ns per key)
space cost: 7.499054 MB (46.606276% of original size 16.090223 MB)
Querying trie...
Done!
total time: 633.647452 ms, avg latency: 633.647452 ns
not implemented
3122.674055,7.499054,633.647452
[PASSED]
[time 4.25 s, user 4.14 s, sys 0.09 s, maxrss 166652 KB]
[busy 443 jiffies]
[exit 0]
--- c2 case 7 rec 0   load 0.75 0.79 0.81
[TEST ART]
Processing dataset...
Done!
Building trie...
Done!
build time: 132.810362 ms (132.810362 ns per key)
space cost: 33.565483 MB (208.607938% of original size 16.090223 MB)
Querying trie...
Done!
total time: 337.620549 ms, avg latency: 337.620549 ns
not implemented
132.810362,33.565483,337.620549
[PASSED]
[time 0.98 s, user 0.89 s, sys 0.08 s, maxrss 155740 KB]
[busy 104 jiffies]
[exit 0]
--- c2 case 8 rec 0   load 0.77 0.79 0.82
[TEST CART]
Processing dataset...
Done!
Building trie...
Done!
build time: 191.167796 ms (191.167796 ns per key)
space cost: 15.100161 MB (93.846806% of original size 16.090223 MB)
Querying trie...
Done!
total time: 407.611009 ms, avg latency: 407.611009 ns
not implemented
191.167796,15.100161,407.611009
[PASSED]
[time 1.10 s, user 1.02 s, sys 0.07 s, maxrss 146568 KB]
[busy 123 jiffies]
[exit 0]
--- xcdat 7   load 0.77 0.79 0.82
build time: 543.792787 ms
space cost: 11.666194 MiB (72.504860% of original size 16.090223 MiB)
avg latency: 227.326218 ns
543.792787,11.666194,227.326218
[time 1.27 s, user 1.17 s, sys 0.09 s, maxrss 147872 KB]
[busy 134 jiffies]
[exit 0]
--- xcdat 8   load 0.79 0.79 0.82
build time: 508.722501 ms
space cost: 11.129195 MiB (69.167438% of original size 16.090223 MiB)
avg latency: 231.216410 ns
508.722501,11.129195,231.216410
[time 1.24 s, user 1.13 s, sys 0.10 s, maxrss 147984 KB]
[busy 134 jiffies]
[exit 0]
--- xcdat 15   load 0.79 0.79 0.82
build time: 525.984717 ms
space cost: 12.949578 MiB (80.481035% of original size 16.090223 MiB)
avg latency: 191.269708 ns
525.984717,12.949578,191.269708
[time 1.22 s, user 1.12 s, sys 0.09 s, maxrss 148420 KB]
[busy 130 jiffies]
[exit 0]
--- xcdat 16   load 0.73 0.78 0.81
build time: 507.852957 ms
space cost: 13.463712 MiB (83.676351% of original size 16.090223 MiB)
avg latency: 202.752591 ns
507.852957,13.463712,202.752591
[time 1.22 s, user 1.11 s, sys 0.09 s, maxrss 149172 KB]
[busy 134 jiffies]
[exit 0]

##### urls-1000000 (1000000 lines, 53361181 bytes)   round 1/3   2026-09-24T03:16:15+03:00
--- lexindex dict32   load 0.73 0.78 0.81
1000000 keys
lexindex DictIndex block 32: build 388 ms, size 8.414 MiB (8.823 B/key), latency cold 445.6 ns, then mean 441.7 / min 436.5 ns
387.509,8.414411,445.644
[time 2.75 s, user 5.15 s, sys 0.33 s, maxrss 326112 KB]
[busy 574 jiffies]
[exit 0]
--- lexindex dict256   load 0.75 0.79 0.81
1000000 keys
lexindex DictIndex block 256: build 398 ms, size 7.163 MiB (7.511 B/key), latency cold 481.0 ns, then mean 467.6 / min 463.6 ns
398.261,7.163084,480.972
[time 2.89 s, user 5.35 s, sys 0.34 s, maxrss 321260 KB]
[busy 600 jiffies]
[exit 0]
--- lexindex dict1024   load 0.69 0.77 0.81
1000000 keys
lexindex DictIndex block 1024: build 431 ms, size 6.934 MiB (7.271 B/key), latency cold 537.3 ns, then mean 535.3 / min 532.4 ns
430.509,6.934203,537.348
[time 3.18 s, user 4.73 s, sys 0.29 s, maxrss 330524 KB]
[busy 531 jiffies]
[exit 0]
--- lexindex string   load 0.69 0.77 0.81
1000000 keys
lexindex StringIndex: build 1102 ms, size 16.099 MiB (16.881 B/key), latency cold 426.8 ns, then mean 427.0 / min 423.1 ns
1102.248,16.099341,426.787
[time 3.39 s, user 3.24 s, sys 0.12 s, maxrss 220064 KB]
[busy 360 jiffies]
[exit 0]
--- lexindex hashed0   load 0.72 0.78 0.81
1000000 keys
lexindex HashedDictIndex closed: build 517 ms, size 9.777 MiB (10.251 B/key), latency cold 59.9 ns, then mean 60.6 / min 60.4 ns
517.046,9.776591,59.884
[time 1.34 s, user 3.82 s, sys 0.35 s, maxrss 324348 KB]
[busy 442 jiffies]
[exit 0]
--- lexindex hashed8   load 0.74 0.78 0.81
1000000 keys
lexindex HashedDictIndex fp=8: build 516 ms, size 10.730 MiB (11.251 B/key), latency cold 74.1 ns, then mean 71.2 / min 70.9 ns
516.004,10.730266,74.140
[time 1.39 s, user 3.83 s, sys 0.33 s, maxrss 325028 KB]
[busy 444 jiffies]
[exit 0]
--- lexindex hashed16   load 0.74 0.78 0.81
1000000 keys
lexindex HashedDictIndex fp=16: build 496 ms, size 11.684 MiB (12.251 B/key), latency cold 74.6 ns, then mean 72.2 / min 71.6 ns
495.831,11.683940,74.573
[time 1.38 s, user 3.86 s, sys 0.35 s, maxrss 327584 KB]
[busy 446 jiffies]
[exit 0]
--- c2 case 0 rec 0   load 0.76 0.78 0.81
[TEST C2-FST]
Processing dataset...
Done!
Building trie...
Done!
build time: 1191.163703 ms (1191.163703 ns per key)
space cost: 11.640069 MB (23.310202% of original size 49.935513 MB)
Querying trie...
Done!
total time: 800.759956 ms, avg latency: 800.759956 ns
topology: 1.074997 MB, link: 2.347375 MB, data: 8.217697 MB
--- Unary Path Analysis (FST, cutoff=4) ---
  shared unary steps in main trie: 711966
  terminal suffixes: inplace=143732 (avg len=2.14)  links=800966 (84.8% of terminal)
  link len: avg=13.15  max=596  total_chars=10531952
  link length distribution (len:count):  4:63058  5:62039  6:59659  7:54131  8:47449  9:44821  10:40952  11:37727  12:34320  13:30594  14:29226  15:26885  16:26206  17:21450  18:19914  19:21120  20:19131  21:16702  22:14529  23:13405  24:12440  25:10970  26:9615  27:8669  28:7752  29:7002  30:6267  31:5704  32:4931  33:4493  34:4087  35:3562  36:3323  37:3007  38:2533  39:2401  40:2145  41:1856  42:1793  43:1565  44:1379  45:1246  46:1005  47:985  48:849  49:826  50:642  51:609  52:482  53:442  54:385  55:389  56:339  57:263  58:263  59:238  60:228  61:217  62:184  63:166  64:151  65:119  66:125  67:156  68:131  69:105  70:94  71:74  72:74  73:77  74:67  75:66  76:74  77:39  78:49  79:44  80:45  81:42  82:48  83:36  84:31  85:34  86:39  87:18  88:23  89:15  90:18  91:31  92:24  93:20  94:16  95:16  96:16  97:12  98:16  99:14  100:17  101:16  102:2  103:18  104:4  105:3  106:10  107:11  108:9  109:19  110:13  111:7  112:6  113:5  114:3  115:8  116:5  117:6  118:7  119:10  120:11  121:9  122:10  123:8  124:9  125:7  126:5  127:7  128:18  129:5  130:4  131:10  132:3  133:4  134:4  135:4  136:3  137:4  139:2  140:3  141:2  142:2  143:4  144:7  145:1  146:5  147:5  148:1  149:4  150:4  152:1  153:6  154:3  155:1  156:2  157:1  158:1  159:1  161:2  162:1  163:2  164:1  165:1  166:1  167:3  168:3  170:1  174:1  177:2  180:3  182:2  183:1  184:2  188:1  189:3  190:1  191:1  192:1  193:1  194:1  195:2  199:1  202:2  204:2  206:1  207:1  209:2  211:1  213:1  215:2  219:1  220:1  222:1  224:1  225:1  226:1  229:1  233:1  236:1  238:2  240:1  241:1  246:1  247:1  249:1  252:1  254:1  256:1  260:1  264:1  271:1  311:1  337:1  383:1  506:1  597:1
1191.163703,11.640069,800.759956
[PASSED]
[time 2.78 s, user 2.60 s, sys 0.16 s, maxrss 231428 KB]
[busy 291 jiffies]
[exit 0]
--- c2 case 0 rec 1   load 0.70 0.77 0.81
[TEST C2-FST]
Processing dataset...
Done!
Building trie...
trie size: 3.124794 MB
Done!
build time: 1548.456738 ms (1548.456738 ns per key)
space cost: 9.773470 MB (19.572183% of original size 49.935513 MB)
Querying trie...
Done!
total time: 946.965946 ms, avg latency: 946.965946 ns
topology: 1.480076 MB, link: 2.557474 MB, data: 5.735920 MB
--- Unary Path Analysis (FST, cutoff=4) ---
  shared unary steps in main trie: 711966
  terminal suffixes: inplace=143732 (avg len=2.14)  links=800966 (84.8% of terminal)
  link len: avg=13.15  max=596  total_chars=10531952
  link length distribution (len:count):  4:63058  5:62039  6:59659  7:54131  8:47449  9:44821  10:40952  11:37727  12:34320  13:30594  14:29226  15:26885  16:26206  17:21450  18:19914  19:21120  20:19131  21:16702  22:14529  23:13405  24:12440  25:10970  26:9615  27:8669  28:7752  29:7002  30:6267  31:5704  32:4931  33:4493  34:4087  35:3562  36:3323  37:3007  38:2533  39:2401  40:2145  41:1856  42:1793  43:1565  44:1379  45:1246  46:1005  47:985  48:849  49:826  50:642  51:609  52:482  53:442  54:385  55:389  56:339  57:263  58:263  59:238  60:228  61:217  62:184  63:166  64:151  65:119  66:125  67:156  68:131  69:105  70:94  71:74  72:74  73:77  74:67  75:66  76:74  77:39  78:49  79:44  80:45  81:42  82:48  83:36  84:31  85:34  86:39  87:18  88:23  89:15  90:18  91:31  92:24  93:20  94:16  95:16  96:16  97:12  98:16  99:14  100:17  101:16  102:2  103:18  104:4  105:3  106:10  107:11  108:9  109:19  110:13  111:7  112:6  113:5  114:3  115:8  116:5  117:6  118:7  119:10  120:11  121:9  122:10  123:8  124:9  125:7  126:5  127:7  128:18  129:5  130:4  131:10  132:3  133:4  134:4  135:4  136:3  137:4  139:2  140:3  141:2  142:2  143:4  144:7  145:1  146:5  147:5  148:1  149:4  150:4  152:1  153:6  154:3  155:1  156:2  157:1  158:1  159:1  161:2  162:1  163:2  164:1  165:1  166:1  167:3  168:3  170:1  174:1  177:2  180:3  182:2  183:1  184:2  188:1  189:3  190:1  191:1  192:1  193:1  194:1  195:2  199:1  202:2  204:2  206:1  207:1  209:2  211:1  213:1  215:2  219:1  220:1  222:1  224:1  225:1  226:1  229:1  233:1  236:1  238:2  240:1  241:1  246:1  247:1  249:1  252:1  254:1  256:1  260:1  264:1  271:1  311:1  337:1  383:1  506:1  597:1
1548.456738,9.773470,946.965946
[PASSED]
[time 3.29 s, user 3.09 s, sys 0.18 s, maxrss 228148 KB]
[busy 342 jiffies]
[exit 0]
--- c2 case 0 rec 2   load 0.70 0.77 0.81
[TEST C2-FST]
Processing dataset...
Done!
Building trie...
trie size: 3.124794 MB
trie size: 0.926831 MB
Done!
build time: 1675.288112 ms (1675.288112 ns per key)
space cost: 9.773470 MB (19.572183% of original size 49.935513 MB)
Querying trie...
Done!
total time: 987.411324 ms, avg latency: 987.411324 ns
topology: 1.480076 MB, link: 2.557474 MB, data: 5.735920 MB
--- Unary Path Analysis (FST, cutoff=4) ---
  shared unary steps in main trie: 711966
  terminal suffixes: inplace=143732 (avg len=2.14)  links=800966 (84.8% of terminal)
  link len: avg=13.15  max=596  total_chars=10531952
  link length distribution (len:count):  4:63058  5:62039  6:59659  7:54131  8:47449  9:44821  10:40952  11:37727  12:34320  13:30594  14:29226  15:26885  16:26206  17:21450  18:19914  19:21120  20:19131  21:16702  22:14529  23:13405  24:12440  25:10970  26:9615  27:8669  28:7752  29:7002  30:6267  31:5704  32:4931  33:4493  34:4087  35:3562  36:3323  37:3007  38:2533  39:2401  40:2145  41:1856  42:1793  43:1565  44:1379  45:1246  46:1005  47:985  48:849  49:826  50:642  51:609  52:482  53:442  54:385  55:389  56:339  57:263  58:263  59:238  60:228  61:217  62:184  63:166  64:151  65:119  66:125  67:156  68:131  69:105  70:94  71:74  72:74  73:77  74:67  75:66  76:74  77:39  78:49  79:44  80:45  81:42  82:48  83:36  84:31  85:34  86:39  87:18  88:23  89:15  90:18  91:31  92:24  93:20  94:16  95:16  96:16  97:12  98:16  99:14  100:17  101:16  102:2  103:18  104:4  105:3  106:10  107:11  108:9  109:19  110:13  111:7  112:6  113:5  114:3  115:8  116:5  117:6  118:7  119:10  120:11  121:9  122:10  123:8  124:9  125:7  126:5  127:7  128:18  129:5  130:4  131:10  132:3  133:4  134:4  135:4  136:3  137:4  139:2  140:3  141:2  142:2  143:4  144:7  145:1  146:5  147:5  148:1  149:4  150:4  152:1  153:6  154:3  155:1  156:2  157:1  158:1  159:1  161:2  162:1  163:2  164:1  165:1  166:1  167:3  168:3  170:1  174:1  177:2  180:3  182:2  183:1  184:2  188:1  189:3  190:1  191:1  192:1  193:1  194:1  195:2  199:1  202:2  204:2  206:1  207:1  209:2  211:1  213:1  215:2  219:1  220:1  222:1  224:1  225:1  226:1  229:1  233:1  236:1  238:2  240:1  241:1  246:1  247:1  249:1  252:1  254:1  256:1  260:1  264:1  271:1  311:1  337:1  383:1  506:1  597:1
1675.288112,9.773470,987.411324
[PASSED]
[time 3.44 s, user 3.28 s, sys 0.14 s, maxrss 228536 KB]
[busy 358 jiffies]
[exit 0]
--- c2 case 1 rec 0   load 0.72 0.77 0.81
[TEST C2-CoCo(LOUDS-Sparse)]
Processing dataset...
Done!
Building trie...
Done!
build time: 2487.011324 ms (2487.011324 ns per key)
space cost: 12.005466 MB (24.041940% of original size 49.935513 MB)
Querying trie...
Done!
total time: 875.461561 ms, avg latency: 875.461561 ns
topology: 0.422745 MB, link: 3.209543 MB, data: 8.373178 MB
2487.011324,12.005466,875.461561
[PASSED]
[time 4.12 s, user 3.89 s, sys 0.21 s, maxrss 407864 KB]
[busy 425 jiffies]
[exit 0]
--- c2 case 1 rec 1   load 0.75 0.78 0.81
[TEST C2-CoCo(LOUDS-Sparse)]
Processing dataset...
Done!
Building trie...
trie size: 3.124794 MB
Done!
build time: 2819.852440 ms (2819.852440 ns per key)
space cost: 10.138867 MB (20.303920% of original size 49.935513 MB)
Querying trie...
Done!
total time: 1015.837692 ms, avg latency: 1015.837692 ns
topology: 0.827824 MB, link: 3.419642 MB, data: 5.891401 MB
2819.852440,10.138867,1015.837692
[PASSED]
[time 4.62 s, user 4.37 s, sys 0.22 s, maxrss 398228 KB]
[busy 479 jiffies]
[exit 0]
--- c2 case 1 rec 2   load 0.77 0.78 0.81
[TEST C2-CoCo(LOUDS-Sparse)]
Processing dataset...
Done!
Building trie...
trie size: 3.124794 MB
trie size: 0.926831 MB
Done!
build time: 2963.958423 ms (2963.958423 ns per key)
space cost: 10.138867 MB (20.303920% of original size 49.935513 MB)
Querying trie...
Done!
total time: 1029.698083 ms, avg latency: 1029.698083 ns
topology: 0.827824 MB, link: 3.419642 MB, data: 5.891401 MB
2963.958423,10.138867,1029.698083
[PASSED]
[time 4.78 s, user 4.52 s, sys 0.23 s, maxrss 397952 KB]
[busy 498 jiffies]
[exit 0]
--- c2 case 2 rec 0   load 0.72 0.77 0.81
[TEST C2-MARISA]
Processing dataset...
Done!
Building trie...
trie size: 2.244002 MB
Done!
build time: 1174.990936 ms (1174.990936 ns per key)
space cost: 10.960715 MB (21.949740% of original size 49.935513 MB)
Querying trie...
Done!
total time: 463.117936 ms, avg latency: 463.117936 ns
topology: 0.743214 MB, link: 2.809175 MB, data: 7.387818 MB
--- Unary Path Analysis (Marisa, cutoff=3) ---
  branches: 1527762  |  single-char: 409800 (26.8%)  short-unary: 94203 (6.2%)  links: 1023759 (67.0%)
  link len: avg=12.97  max=598  total_chars=13282609
  link length distribution (len:count):  3:78091  4:83418  5:77115  6:71727  7:67342  8:60401  9:52007  10:48612  11:43341  12:39688  13:35797  14:31899  15:30173  16:27648  17:26857  18:22212  19:20563  20:21642  21:19617  22:17114  23:14842  24:13684  25:12695  26:11175  27:9829  28:8848  29:7935  30:7132  31:6445  32:5847  33:5055  34:4589  35:4148  36:3637  37:3382  38:3086  39:2567  40:2441  41:2168  42:1886  43:1827  44:1585  45:1405  46:1260  47:1016  48:995  49:861  50:844  51:650  52:616  53:486  54:450  55:392  56:393  57:345  58:266  59:265  60:240  61:230  62:219  63:185  64:166  65:151  66:119  67:125  68:158  69:131  70:105  71:94  72:74  73:75  74:77  75:68  76:66  77:74  78:40  79:49  80:44  81:45  82:43  83:48  84:36  85:31  86:35  87:40  88:19  89:24  90:15  91:18  92:31  93:24  94:20  95:16  96:16  97:16  98:12  99:16  100:14  101:17  102:16  103:2  104:18  105:4  106:3  107:10  108:11  109:9  110:19  111:13  112:7  113:6  114:5  115:3  116:8  117:5  118:6  119:8  120:10  121:11  122:9  123:10  124:8  125:9  126:7  127:5  128:7  129:18  130:5  131:4  132:10  133:3  134:4  135:4  136:4  137:4  138:4  140:2  141:3  142:2  143:2  144:4  145:7  146:1  147:5  148:5  149:1  150:4  151:4  153:1  154:6  155:3  156:1  157:2  158:1  159:1  160:1  162:2  163:1  164:2  165:1  166:1  167:1  168:3  169:3  171:1  175:1  178:2  181:3  183:2  184:1  185:2  189:1  190:3  191:1  192:1  193:1  194:1  195:1  196:2  200:1  203:2  205:2  207:1  208:1  210:2  212:1  214:1  216:2  220:1  221:1  223:1  225:1  226:1  227:1  230:1  234:1  237:1  239:2  241:1  242:1  247:1  248:1  250:1  253:1  255:1  257:1  261:1  265:1  272:1  312:1  338:1  384:1  507:1  598:1
  short unary avg len: 2.00
1174.990936,10.960715,463.117936
[PASSED]
[time 2.42 s, user 2.23 s, sys 0.17 s, maxrss 247012 KB]
[busy 252 jiffies]
[exit 0]
--- c2 case 2 rec 1   load 0.72 0.77 0.81
[TEST C2-MARISA]
Processing dataset...
Done!
Building trie...
trie size: 2.244002 MB
trie size: 3.864603 MB
Done!
build time: 1589.026340 ms (1589.026340 ns per key)
space cost: 8.779989 MB (17.582655% of original size 49.935513 MB)
Querying trie...
Done!
total time: 612.968295 ms, avg latency: 612.968295 ns
topology: 1.217873 MB, link: 3.069385 MB, data: 4.472224 MB
--- Unary Path Analysis (Marisa, cutoff=3) ---
  branches: 1527762  |  single-char: 409800 (26.8%)  short-unary: 94203 (6.2%)  links: 1023759 (67.0%)
  link len: avg=12.97  max=598  total_chars=13282609
  link length distribution (len:count):  3:78091  4:83418  5:77115  6:71727  7:67342  8:60401  9:52007  10:48612  11:43341  12:39688  13:35797  14:31899  15:30173  16:27648  17:26857  18:22212  19:20563  20:21642  21:19617  22:17114  23:14842  24:13684  25:12695  26:11175  27:9829  28:8848  29:7935  30:7132  31:6445  32:5847  33:5055  34:4589  35:4148  36:3637  37:3382  38:3086  39:2567  40:2441  41:2168  42:1886  43:1827  44:1585  45:1405  46:1260  47:1016  48:995  49:861  50:844  51:650  52:616  53:486  54:450  55:392  56:393  57:345  58:266  59:265  60:240  61:230  62:219  63:185  64:166  65:151  66:119  67:125  68:158  69:131  70:105  71:94  72:74  73:75  74:77  75:68  76:66  77:74  78:40  79:49  80:44  81:45  82:43  83:48  84:36  85:31  86:35  87:40  88:19  89:24  90:15  91:18  92:31  93:24  94:20  95:16  96:16  97:16  98:12  99:16  100:14  101:17  102:16  103:2  104:18  105:4  106:3  107:10  108:11  109:9  110:19  111:13  112:7  113:6  114:5  115:3  116:8  117:5  118:6  119:8  120:10  121:11  122:9  123:10  124:8  125:9  126:7  127:5  128:7  129:18  130:5  131:4  132:10  133:3  134:4  135:4  136:4  137:4  138:4  140:2  141:3  142:2  143:2  144:4  145:7  146:1  147:5  148:5  149:1  150:4  151:4  153:1  154:6  155:3  156:1  157:2  158:1  159:1  160:1  162:2  163:1  164:2  165:1  166:1  167:1  168:3  169:3  171:1  175:1  178:2  181:3  183:2  184:1  185:2  189:1  190:3  191:1  192:1  193:1  194:1  195:1  196:2  200:1  203:2  205:2  207:1  208:1  210:2  212:1  214:1  216:2  220:1  221:1  223:1  225:1  226:1  227:1  230:1  234:1  237:1  239:2  241:1  242:1  247:1  248:1  250:1  253:1  255:1  257:1  261:1  265:1  272:1  312:1  338:1  384:1  507:1  598:1
  short unary avg len: 2.00
1589.026340,8.779989,612.968295
[PASSED]
[time 3.02 s, user 2.79 s, sys 0.21 s, maxrss 241980 KB]
[busy 310 jiffies]
[exit 0]
--- c2 case 2 rec 2   load 0.74 0.78 0.81
[TEST C2-MARISA]
Processing dataset...
Done!
Building trie...
trie size: 2.244002 MB
trie size: 3.864603 MB
trie size: 1.068947 MB
Done!
build time: 1724.471635 ms (1724.471635 ns per key)
space cost: 8.365690 MB (16.752987% of original size 49.935513 MB)
Querying trie...
Done!
total time: 696.343011 ms, avg latency: 696.343011 ns
topology: 1.410183 MB, link: 3.158367 MB, data: 3.776632 MB
--- Unary Path Analysis (Marisa, cutoff=3) ---
  branches: 1527762  |  single-char: 409800 (26.8%)  short-unary: 94203 (6.2%)  links: 1023759 (67.0%)
  link len: avg=12.97  max=598  total_chars=13282609
  link length distribution (len:count):  3:78091  4:83418  5:77115  6:71727  7:67342  8:60401  9:52007  10:48612  11:43341  12:39688  13:35797  14:31899  15:30173  16:27648  17:26857  18:22212  19:20563  20:21642  21:19617  22:17114  23:14842  24:13684  25:12695  26:11175  27:9829  28:8848  29:7935  30:7132  31:6445  32:5847  33:5055  34:4589  35:4148  36:3637  37:3382  38:3086  39:2567  40:2441  41:2168  42:1886  43:1827  44:1585  45:1405  46:1260  47:1016  48:995  49:861  50:844  51:650  52:616  53:486  54:450  55:392  56:393  57:345  58:266  59:265  60:240  61:230  62:219  63:185  64:166  65:151  66:119  67:125  68:158  69:131  70:105  71:94  72:74  73:75  74:77  75:68  76:66  77:74  78:40  79:49  80:44  81:45  82:43  83:48  84:36  85:31  86:35  87:40  88:19  89:24  90:15  91:18  92:31  93:24  94:20  95:16  96:16  97:16  98:12  99:16  100:14  101:17  102:16  103:2  104:18  105:4  106:3  107:10  108:11  109:9  110:19  111:13  112:7  113:6  114:5  115:3  116:8  117:5  118:6  119:8  120:10  121:11  122:9  123:10  124:8  125:9  126:7  127:5  128:7  129:18  130:5  131:4  132:10  133:3  134:4  135:4  136:4  137:4  138:4  140:2  141:3  142:2  143:2  144:4  145:7  146:1  147:5  148:5  149:1  150:4  151:4  153:1  154:6  155:3  156:1  157:2  158:1  159:1  160:1  162:2  163:1  164:2  165:1  166:1  167:1  168:3  169:3  171:1  175:1  178:2  181:3  183:2  184:1  185:2  189:1  190:3  191:1  192:1  193:1  194:1  195:1  196:2  200:1  203:2  205:2  207:1  208:1  210:2  212:1  214:1  216:2  220:1  221:1  223:1  225:1  226:1  227:1  230:1  234:1  237:1  239:2  241:1  242:1  247:1  248:1  250:1  253:1  255:1  257:1  261:1  265:1  272:1  312:1  338:1  384:1  507:1  598:1
  short unary avg len: 2.00
1724.471635,8.365690,696.343011
[PASSED]
[time 3.21 s, user 2.99 s, sys 0.20 s, maxrss 241904 KB]
[busy 334 jiffies]
[exit 0]
--- c2 case 3 rec 0   load 0.76 0.78 0.81
[TEST FST]
Processing dataset...
Done!
Building trie...
Done!
build time: 1416.986575 ms (1416.986575 ns per key)
space cost: 12.952020 MB (25.937492% of original size 49.935513 MB)
Querying trie...
Done!
total time: 1197.574754 ms, avg latency: 1197.574754 ns
not implemented
1416.986575,12.952020,1197.574754
[PASSED]
[time 3.42 s, user 3.27 s, sys 0.13 s, maxrss 214916 KB]
[busy 351 jiffies]
[exit 0]
--- c2 case 4 rec 0   load 0.78 0.78 0.82
[TEST COCO]
Processing dataset...
Done!
Building trie...
num nodes = 618926, average depth = 10.757375
ef = 0.000126, pa = 0.112513, bv = 0.000294, de = 0.664175
efr = 0.000805, par = 0.102747, bvr = 0.000005, der = 0.119336
Done!
build time: 30895.380133 ms (30895.380133 ns per key)
space cost: 17.219774 MB (34.484023% of original size 49.935513 MB)
Querying trie...
Done!
total time: 1367.235146 ms, avg latency: 1367.235146 ns
not implemented
30895.380133,17.219774,1367.235146
[PASSED]
[time 34.20 s, user 27.27 s, sys 6.80 s, maxrss 15528688 KB]
[busy 3516 jiffies]
[exit 0]
--- c2 case 5 rec 0   load 0.88 0.81 0.82
[TEST MARISA]
Processing dataset...
Done!
Building trie...
Done!
build time: 995.338083 ms (995.338083 ns per key)
space cost: 13.234698 MB (26.503579% of original size 49.935513 MB)
Querying trie...
Done!
total time: 572.383675 ms, avg latency: 572.383675 ns
not implemented
995.338083,13.234698,572.383675
[PASSED]
[time 2.32 s, user 2.15 s, sys 0.16 s, maxrss 267704 KB]
[busy 246 jiffies]
[exit 0]
--- c2 case 5 rec 1   load 0.81 0.80 0.82
[TEST MARISA]
Processing dataset...
Done!
Building trie...
Done!
build time: 1171.352258 ms (1171.352258 ns per key)
space cost: 8.973619 MB (17.970414% of original size 49.935513 MB)
Querying trie...
Done!
total time: 908.106738 ms, avg latency: 908.106738 ns
not implemented
1171.352258,8.973619,908.106738
[PASSED]
[time 2.84 s, user 2.66 s, sys 0.16 s, maxrss 267492 KB]
[busy 301 jiffies]
[exit 0]
--- c2 case 5 rec 2   load 0.81 0.80 0.82
[TEST MARISA]
Processing dataset...
Done!
Building trie...
Done!
build time: 1228.750068 ms (1228.750068 ns per key)
space cost: 8.005336 MB (16.031348% of original size 49.935513 MB)
Querying trie...
Done!
total time: 995.432531 ms, avg latency: 995.432531 ns
not implemented
1228.750068,8.005336,995.432531
[PASSED]
[time 2.99 s, user 2.82 s, sys 0.16 s, maxrss 267804 KB]
[busy 314 jiffies]
[exit 0]
--- c2 case 6 rec 0   load 0.83 0.80 0.82
[TEST PDT]
Processing dataset...
Done!
Building trie...
dict size: 156062, stream size: 7596722
Done!
build time: 3527.431690 ms (3527.431690 ns per key)
space cost: 8.669690 MB (17.361772% of original size 49.935513 MB)
Querying trie...
Done!
total time: 726.851413 ms, avg latency: 726.851413 ns
not implemented
3527.431690,8.669690,726.851413
[PASSED]
[time 5.03 s, user 4.81 s, sys 0.20 s, maxrss 298516 KB]
[busy 520 jiffies]
[exit 0]
--- c2 case 7 rec 0   load 0.84 0.80 0.82
[TEST ART]
Processing dataset...
Done!
Building trie...
Done!
build time: 306.357319 ms (306.357319 ns per key)
space cost: 32.934517 MB (65.954097% of original size 49.935513 MB)
Querying trie...
Done!
total time: 614.287935 ms, avg latency: 614.287935 ns
not implemented
306.357319,32.934517,614.287935
[PASSED]
[time 1.73 s, user 1.57 s, sys 0.15 s, maxrss 290688 KB]
[busy 186 jiffies]
[exit 0]
--- c2 case 8 rec 0   load 0.85 0.81 0.82
[TEST CART]
Processing dataset...
Done!
Building trie...
Done!
build time: 355.009593 ms (355.009593 ns per key)
space cost: 15.060642 MB (30.160183% of original size 49.935513 MB)
Querying trie...
Done!
total time: 642.313490 ms, avg latency: 642.313490 ns
not implemented
355.009593,15.060642,642.313490
[PASSED]
[time 1.80 s, user 1.63 s, sys 0.15 s, maxrss 277940 KB]
[busy 190 jiffies]
[exit 0]
--- xcdat 7   load 0.85 0.81 0.82
build time: 1153.222662 ms
space cost: 15.639350 MiB (31.319093% of original size 49.935513 MiB)
avg latency: 392.305872 ns
1153.222662,15.639350,392.305872
[time 2.32 s, user 2.16 s, sys 0.15 s, maxrss 231464 KB]
[busy 242 jiffies]
[exit 0]
--- xcdat 8   load 0.87 0.81 0.82
build time: 1126.040823 ms
space cost: 15.165496 MiB (30.370161% of original size 49.935513 MiB)
avg latency: 372.469118 ns
1126.040823,15.165496,372.469118
[time 2.31 s, user 2.14 s, sys 0.15 s, maxrss 231212 KB]
[busy 241 jiffies]
[exit 0]
--- xcdat 15   load 0.88 0.81 0.82
build time: 1150.851015 ms
space cost: 17.302892 MiB (34.650473% of original size 49.935513 MiB)
avg latency: 363.350369 ns
1150.851015,17.302892,363.350369
[time 2.31 s, user 2.13 s, sys 0.17 s, maxrss 230920 KB]
[busy 243 jiffies]
[exit 0]
--- xcdat 16   load 0.88 0.81 0.82
build time: 1122.561634 ms
space cost: 17.859698 MiB (35.765524% of original size 49.935513 MiB)
avg latency: 371.589826 ns
1122.561634,17.859698,371.589826
[time 2.29 s, user 2.12 s, sys 0.16 s, maxrss 230968 KB]
[busy 239 jiffies]
[exit 0]

##### uuid-1000000 (1000000 lines, 37000000 bytes)   round 1/3   2026-09-24T03:18:35+03:00
--- lexindex dict32   load 0.89 0.82 0.83
1000000 keys
lexindex DictIndex block 32: build 206 ms, size 17.741 MiB (18.603 B/key), latency cold 445.7 ns, then mean 443.5 / min 441.2 ns
206.066,17.741351,445.653
[time 2.48 s, user 3.21 s, sys 0.36 s, maxrss 260616 KB]
[busy 377 jiffies]
[exit 0]
--- lexindex dict256   load 0.90 0.82 0.83
1000000 keys
lexindex DictIndex block 256: build 211 ms, size 17.205 MiB (18.040 B/key), latency cold 439.9 ns, then mean 434.2 / min 432.5 ns
210.736,17.204642,439.908
[time 2.46 s, user 3.20 s, sys 0.34 s, maxrss 222092 KB]
[busy 376 jiffies]
[exit 0]
--- lexindex dict1024   load 0.82 0.81 0.82
1000000 keys
lexindex DictIndex block 1024: build 209 ms, size 17.065 MiB (17.894 B/key), latency cold 473.6 ns, then mean 476.5 / min 472.8 ns
209.276,17.064983,473.581
[time 2.62 s, user 2.99 s, sys 0.19 s, maxrss 236612 KB]
[busy 343 jiffies]
[exit 0]
--- lexindex string   load 0.82 0.81 0.82
1000000 keys
lexindex StringIndex: build 2311 ms, size 35.389 MiB (37.108 B/key), latency cold 424.5 ns, then mean 426.1 / min 424.8 ns
2310.857,35.389391,424.462
[time 4.50 s, user 4.38 s, sys 0.10 s, maxrss 199444 KB]
[busy 474 jiffies]
[exit 0]
--- lexindex hashed0   load 0.84 0.81 0.82
1000000 keys
lexindex HashedDictIndex closed: build 316 ms, size 19.818 MiB (20.781 B/key), latency cold 58.0 ns, then mean 58.2 / min 57.9 ns
316.024,19.818487,57.990
[time 1.03 s, user 1.84 s, sys 0.32 s, maxrss 223296 KB]
[busy 233 jiffies]
[exit 0]
--- lexindex hashed8   load 0.85 0.81 0.82
1000000 keys
lexindex HashedDictIndex fp=8: build 318 ms, size 20.772 MiB (21.781 B/key), latency cold 68.2 ns, then mean 68.4 / min 66.6 ns
317.865,20.772161,68.212
[time 1.09 s, user 1.87 s, sys 0.35 s, maxrss 223700 KB]
[busy 243 jiffies]
[exit 0]
--- lexindex hashed16   load 0.85 0.81 0.82
1000000 keys
lexindex HashedDictIndex fp=16: build 317 ms, size 21.726 MiB (22.781 B/key), latency cold 71.2 ns, then mean 69.2 / min 68.8 ns
317.308,21.725836,71.202
[time 1.09 s, user 1.88 s, sys 0.35 s, maxrss 224476 KB]
[busy 242 jiffies]
[exit 0]
--- c2 case 0 rec 0   load 0.78 0.80 0.82
[TEST C2-FST]
Processing dataset...
Done!
Building trie...
Done!
build time: 1092.644253 ms (1092.644253 ns per key)
space cost: 22.510774 MB (65.567381% of original size 34.332275 MB)
Querying trie...
Done!
total time: 446.923768 ms, avg latency: 446.923768 ns
topology: 0.773712 MB, link: 3.131501 MB, data: 18.605560 MB
--- Unary Path Analysis (FST, cutoff=4) ---
  shared unary steps in main trie: 13682
  terminal suffixes: inplace=0 (avg len=0.00)  links=1000000 (100.0% of terminal)
  link len: avg=29.32  max=30  total_chars=29323284
  link length distribution (len:count):  24:2  25:10  26:206  28:3376  29:54458  30:556568  31:385380
1092.644253,22.510774,446.923768
[PASSED]
[time 2.23 s, user 2.05 s, sys 0.17 s, maxrss 312312 KB]
[busy 237 jiffies]
[exit 0]
--- c2 case 0 rec 1   load 0.78 0.80 0.82
[TEST C2-FST]
Processing dataset...
Done!
Building trie...
trie size: 4.445807 MB
Done!
build time: 2041.266221 ms (2041.266221 ns per key)
space cost: 22.510774 MB (65.567381% of original size 34.332275 MB)
Querying trie...
Done!
total time: 442.207224 ms, avg latency: 442.207224 ns
topology: 0.773712 MB, link: 3.131501 MB, data: 18.605560 MB
--- Unary Path Analysis (FST, cutoff=4) ---
  shared unary steps in main trie: 13682
  terminal suffixes: inplace=0 (avg len=0.00)  links=1000000 (100.0% of terminal)
  link len: avg=29.32  max=30  total_chars=29323284
  link length distribution (len:count):  24:2  25:10  26:206  28:3376  29:54458  30:556568  31:385380
2041.266221,22.510774,442.207224
[PASSED]
[time 3.16 s, user 2.97 s, sys 0.18 s, maxrss 361920 KB]
[busy 331 jiffies]
[exit 0]
--- c2 case 0 rec 2   load 0.80 0.80 0.82
[TEST C2-FST]
Processing dataset...
Done!
Building trie...
trie size: 4.445807 MB
Done!
build time: 2030.951524 ms (2030.951524 ns per key)
space cost: 22.510774 MB (65.567381% of original size 34.332275 MB)
Querying trie...
Done!
total time: 436.156160 ms, avg latency: 436.156160 ns
topology: 0.773712 MB, link: 3.131501 MB, data: 18.605560 MB
--- Unary Path Analysis (FST, cutoff=4) ---
  shared unary steps in main trie: 13682
  terminal suffixes: inplace=0 (avg len=0.00)  links=1000000 (100.0% of terminal)
  link len: avg=29.32  max=30  total_chars=29323284
  link length distribution (len:count):  24:2  25:10  26:206  28:3376  29:54458  30:556568  31:385380
2030.951524,22.510774,436.156160
[PASSED]
[time 3.15 s, user 2.94 s, sys 0.19 s, maxrss 361544 KB]
[busy 327 jiffies]
[exit 0]
--- c2 case 1 rec 0   load 0.82 0.81 0.82
[TEST C2-CoCo(LOUDS-Sparse)]
Processing dataset...
Done!
Building trie...
Done!
build time: 1457.133263 ms (1457.133263 ns per key)
space cost: 21.333610 MB (62.138642% of original size 34.332275 MB)
Querying trie...
Done!
total time: 496.295043 ms, avg latency: 496.295043 ns
topology: 0.346375 MB, link: 3.293192 MB, data: 17.694043 MB
1457.133263,21.333610,496.295043
[PASSED]
[time 2.64 s, user 2.42 s, sys 0.21 s, maxrss 431192 KB]
[busy 274 jiffies]
[exit 0]
--- c2 case 1 rec 1   load 0.75 0.79 0.82
[TEST C2-CoCo(LOUDS-Sparse)]
Processing dataset...
Done!
Building trie...
trie size: 4.445807 MB
Done!
build time: 2403.283144 ms (2403.283144 ns per key)
space cost: 21.333610 MB (62.138642% of original size 34.332275 MB)
Querying trie...
Done!
total time: 505.394928 ms, avg latency: 505.394928 ns
topology: 0.346375 MB, link: 3.293192 MB, data: 17.694043 MB
2403.283144,21.333610,505.394928
[PASSED]
[time 3.59 s, user 3.32 s, sys 0.25 s, maxrss 474876 KB]
[busy 376 jiffies]
[exit 0]
--- c2 case 1 rec 2   load 0.69 0.78 0.81
[TEST C2-CoCo(LOUDS-Sparse)]
Processing dataset...
Done!
Building trie...
trie size: 4.445807 MB
Done!
build time: 2390.720883 ms (2390.720883 ns per key)
space cost: 21.333610 MB (62.138642% of original size 34.332275 MB)
Querying trie...
Done!
total time: 500.169947 ms, avg latency: 500.169947 ns
topology: 0.346375 MB, link: 3.293192 MB, data: 17.694043 MB
2390.720883,21.333610,500.169947
[PASSED]
[time 3.57 s, user 3.31 s, sys 0.25 s, maxrss 474992 KB]
[busy 369 jiffies]
[exit 0]
--- c2 case 2 rec 0   load 0.69 0.78 0.81
[TEST C2-MARISA]
Processing dataset...
Done!
Building trie...
trie size: 1.966455 MB
Done!
build time: 1029.566065 ms (1029.566065 ns per key)
space cost: 21.883573 MB (63.740525% of original size 34.332275 MB)
Querying trie...
Done!
total time: 364.573138 ms, avg latency: 364.573138 ns
topology: 0.650684 MB, link: 2.984713 MB, data: 18.227668 MB
--- Unary Path Analysis (Marisa, cutoff=3) ---
  branches: 1358149  |  single-char: 345387 (25.4%)  short-unary: 12003 (0.9%)  links: 1000759 (73.7%)
  link len: avg=31.30  max=32  total_chars=31325722
  link length distribution (len:count):  3:655  4:51  5:49  6:4  25:2  26:10  27:206  29:3376  30:54458  31:556568  32:385380
  short unary avg len: 2.00
1029.566065,21.883573,364.573138
[PASSED]
[time 2.09 s, user 1.90 s, sys 0.18 s, maxrss 313476 KB]
[busy 227 jiffies]
[exit 0]
--- c2 case 2 rec 1   load 0.72 0.78 0.81
[TEST C2-MARISA]
Processing dataset...
Done!
Building trie...
trie size: 1.966455 MB
trie size: 4.448333 MB
Done!
build time: 1945.791142 ms (1945.791142 ns per key)
space cost: 21.883573 MB (63.740525% of original size 34.332275 MB)
Querying trie...
Done!
total time: 363.531851 ms, avg latency: 363.531851 ns
topology: 0.650684 MB, link: 2.984713 MB, data: 18.227668 MB
--- Unary Path Analysis (Marisa, cutoff=3) ---
  branches: 1358149  |  single-char: 345387 (25.4%)  short-unary: 12003 (0.9%)  links: 1000759 (73.7%)
  link len: avg=31.30  max=32  total_chars=31325722
  link length distribution (len:count):  3:655  4:51  5:49  6:4  25:2  26:10  27:206  29:3376  30:54458  31:556568  32:385380
  short unary avg len: 2.00
1945.791142,21.883573,363.531851
[PASSED]
[time 3.01 s, user 2.80 s, sys 0.19 s, maxrss 361568 KB]
[busy 311 jiffies]
[exit 0]
--- c2 case 2 rec 2   load 0.74 0.79 0.81
[TEST C2-MARISA]
Processing dataset...
Done!
Building trie...
trie size: 1.966455 MB
trie size: 4.448333 MB
Done!
build time: 1951.686563 ms (1951.686563 ns per key)
space cost: 21.883573 MB (63.740525% of original size 34.332275 MB)
Querying trie...
Done!
total time: 363.241996 ms, avg latency: 363.241996 ns
topology: 0.650684 MB, link: 2.984713 MB, data: 18.227668 MB
--- Unary Path Analysis (Marisa, cutoff=3) ---
  branches: 1358149  |  single-char: 345387 (25.4%)  short-unary: 12003 (0.9%)  links: 1000759 (73.7%)
  link len: avg=31.30  max=32  total_chars=31325722
  link length distribution (len:count):  3:655  4:51  5:49  6:4  25:2  26:10  27:206  29:3376  30:54458  31:556568  32:385380
  short unary avg len: 2.00
1951.686563,21.883573,363.241996
[PASSED]
[time 3.00 s, user 2.79 s, sys 0.19 s, maxrss 361728 KB]
[busy 312 jiffies]
[exit 0]
--- c2 case 3 rec 0   load 0.76 0.79 0.82
[TEST FST]
Processing dataset...
Done!
Building trie...
Done!
build time: 835.779837 ms (835.779837 ns per key)
space cost: 34.505507 MB (100.504572% of original size 34.332275 MB)
Querying trie...
Done!
total time: 454.863672 ms, avg latency: 454.863672 ns
not implemented
835.779837,34.505507,454.863672
[PASSED]
[time 1.98 s, user 1.84 s, sys 0.13 s, maxrss 207656 KB]
[busy 209 jiffies]
[exit 0]
--- c2 case 4 rec 0   load 0.76 0.79 0.82
terminate called after throwing an instance of 'std::bad_alloc'
  what():  std::bad_alloc
timeout: the monitored command dumped core
Command terminated by signal 6
[time 46.19 s, user 29.77 s, sys 16.16 s, maxrss 27995228 KB]
[busy 5589 jiffies]
[exit 134]
--- c2 case 5 rec 0   load 0.97 0.84 0.83
[TEST MARISA]
Processing dataset...
Done!
Building trie...
Done!
build time: 675.451354 ms (675.451354 ns per key)
space cost: 34.975940 MB (101.874808% of original size 34.332275 MB)
Querying trie...
Done!
total time: 526.845825 ms, avg latency: 526.845825 ns
not implemented
675.451354,34.975940,526.845825
[PASSED]
[time 1.89 s, user 1.70 s, sys 0.17 s, maxrss 282396 KB]
[busy 200 jiffies]
[exit 0]
--- c2 case 5 rec 1   load 0.97 0.84 0.83
[TEST MARISA]
Processing dataset...
Done!
Building trie...
Done!
build time: 1044.303915 ms (1044.303915 ns per key)
space cost: 33.974524 MB (98.957975% of original size 34.332275 MB)
Querying trie...
Done!
total time: 788.183539 ms, avg latency: 788.183539 ns
not implemented
1044.303915,33.974524,788.183539
[PASSED]
[time 2.51 s, user 2.34 s, sys 0.15 s, maxrss 251860 KB]
[busy 262 jiffies]
[exit 0]
--- c2 case 5 rec 2   load 0.97 0.85 0.83
[TEST MARISA]
Processing dataset...
Done!
Building trie...
Done!
build time: 1313.911453 ms (1313.911453 ns per key)
space cost: 32.972683 MB (96.039900% of original size 34.332275 MB)
Querying trie...
Done!
total time: 1110.506826 ms, avg latency: 1110.506826 ns
not implemented
1313.911453,32.972683,1110.506826
[PASSED]
[time 3.10 s, user 2.92 s, sys 0.17 s, maxrss 273368 KB]
[busy 321 jiffies]
[exit 0]
--- c2 case 6 rec 0   load 0.98 0.85 0.83
[TEST PDT]
Processing dataset...
Done!
Building trie...
dict size: 166618, stream size: 19935113
Done!
build time: 16533.228483 ms (16533.228483 ns per key)
space cost: 20.446564 MB (59.554933% of original size 34.332275 MB)
Querying trie...
Done!
total time: 719.283344 ms, avg latency: 719.283344 ns
not implemented
16533.228483,20.446564,719.283344
[PASSED]
[time 17.95 s, user 17.44 s, sys 0.44 s, maxrss 648748 KB]
[busy 1845 jiffies]
[exit 0]
--- c2 case 7 rec 0   load 0.90 0.84 0.83
[TEST ART]
Processing dataset...
Done!
Building trie...
Done!
build time: 190.093128 ms (190.093128 ns per key)
space cost: 25.565071 MB (74.463667% of original size 34.332275 MB)
Querying trie...
Done!
total time: 367.926804 ms, avg latency: 367.926804 ns
not implemented
190.093128,25.565071,367.926804
[PASSED]
[time 1.27 s, user 1.14 s, sys 0.12 s, maxrss 225268 KB]
[busy 138 jiffies]
[exit 0]
--- c2 case 8 rec 0   load 0.90 0.84 0.83
[TEST CART]
Processing dataset...
Done!
Building trie...
Done!
build time: 223.685447 ms (223.685447 ns per key)
space cost: 12.300360 MB (35.827394% of original size 34.332275 MB)
Querying trie...
Done!
total time: 369.474043 ms, avg latency: 369.474043 ns
not implemented
223.685447,12.300360,369.474043
[PASSED]
[time 1.30 s, user 1.17 s, sys 0.11 s, maxrss 214688 KB]
[busy 137 jiffies]
[exit 0]
--- xcdat 7   load 0.83 0.83 0.83
build time: 861.473967 ms
space cost: 36.820305 MiB (107.246911% of original size 34.332275 MiB)
avg latency: 361.351575 ns
861.473967,36.820305,361.351575
[time 1.92 s, user 1.77 s, sys 0.14 s, maxrss 231476 KB]
[busy 204 jiffies]
[exit 0]
--- xcdat 8   load 0.83 0.83 0.83
build time: 790.335239 ms
space cost: 36.200803 MiB (105.442481% of original size 34.332275 MiB)
avg latency: 344.942405 ns
790.335239,36.200803,344.942405
[time 1.82 s, user 1.66 s, sys 0.15 s, maxrss 230920 KB]
[busy 190 jiffies]
[exit 0]
--- xcdat 15   load 0.84 0.83 0.83
build time: 817.325148 ms
space cost: 37.074831 MiB (107.988272% of original size 34.332275 MiB)
avg latency: 335.671469 ns
817.325148,37.074831,335.671469
[time 1.84 s, user 1.67 s, sys 0.15 s, maxrss 230968 KB]
[busy 197 jiffies]
[exit 0]
--- xcdat 16   load 0.84 0.83 0.83
build time: 789.130395 ms
space cost: 37.473558 MiB (109.149650% of original size 34.332275 MiB)
avg latency: 339.199670 ns
789.130395,37.473558,339.199670
[time 1.82 s, user 1.67 s, sys 0.13 s, maxrss 231100 KB]
[busy 192 jiffies]
[exit 0]

##### uuid-1000000 (1000000 lines, 37000000 bytes)   round 2/3   2026-09-24T03:21:09+03:00
--- xcdat 16   load 0.86 0.83 0.83
build time: 790.303910 ms
space cost: 37.473558 MiB (109.149650% of original size 34.332275 MiB)
avg latency: 342.649144 ns
790.303910,37.473558,342.649144
[time 1.82 s, user 1.68 s, sys 0.13 s, maxrss 230844 KB]
[busy 193 jiffies]
[exit 0]
--- xcdat 15   load 0.86 0.83 0.83
build time: 808.415111 ms
space cost: 37.074831 MiB (107.988272% of original size 34.332275 MiB)
avg latency: 331.979119 ns
808.415111,37.074831,331.979119
[time 1.84 s, user 1.68 s, sys 0.14 s, maxrss 230824 KB]
[busy 192 jiffies]
[exit 0]
--- xcdat 8   load 0.87 0.84 0.83
build time: 789.483528 ms
space cost: 36.200803 MiB (105.442481% of original size 34.332275 MiB)
avg latency: 347.198534 ns
789.483528,36.200803,347.198534
[time 1.83 s, user 1.70 s, sys 0.12 s, maxrss 230788 KB]
[busy 191 jiffies]
[exit 0]
--- xcdat 7   load 0.80 0.82 0.82
build time: 860.041054 ms
space cost: 36.820305 MiB (107.246911% of original size 34.332275 MiB)
avg latency: 357.832341 ns
860.041054,36.820305,357.832341
[time 1.90 s, user 1.74 s, sys 0.14 s, maxrss 231720 KB]
[busy 198 jiffies]
[exit 0]
--- c2 case 8 rec 0   load 0.80 0.82 0.82
[TEST CART]
Processing dataset...
Done!
Building trie...
Done!
build time: 220.444344 ms (220.444344 ns per key)
space cost: 12.300360 MB (35.827394% of original size 34.332275 MB)
Querying trie...
Done!
total time: 369.638031 ms, avg latency: 369.638031 ns
not implemented
220.444344,12.300360,369.638031
[PASSED]
[time 1.29 s, user 1.18 s, sys 0.11 s, maxrss 214892 KB]
[busy 138 jiffies]
[exit 0]
--- c2 case 7 rec 0   load 0.73 0.81 0.82
[TEST ART]
Processing dataset...
Done!
Building trie...
Done!
build time: 191.148502 ms (191.148502 ns per key)
space cost: 25.565071 MB (74.463667% of original size 34.332275 MB)
Querying trie...
Done!
total time: 365.882752 ms, avg latency: 365.882752 ns
not implemented
191.148502,25.565071,365.882752
[PASSED]
[time 1.26 s, user 1.12 s, sys 0.13 s, maxrss 225148 KB]
[busy 135 jiffies]
[exit 0]
--- c2 case 6 rec 0   load 0.73 0.81 0.82
[TEST PDT]
Processing dataset...
Done!
Building trie...
dict size: 166618, stream size: 19935113
Done!
build time: 16519.211708 ms (16519.211708 ns per key)
space cost: 20.446564 MB (59.554933% of original size 34.332275 MB)
Querying trie...
Done!
total time: 715.883874 ms, avg latency: 715.883874 ns
not implemented
16519.211708,20.446564,715.883874
[PASSED]
[time 17.92 s, user 17.42 s, sys 0.43 s, maxrss 648736 KB]
[busy 1836 jiffies]
[exit 0]
--- c2 case 5 rec 2   load 0.81 0.82 0.82
[TEST MARISA]
Processing dataset...
Done!
Building trie...
Done!
build time: 1321.536385 ms (1321.536385 ns per key)
space cost: 32.972683 MB (96.039900% of original size 34.332275 MB)
Querying trie...
Done!
total time: 1129.751937 ms, avg latency: 1129.751937 ns
not implemented
1321.536385,32.972683,1129.751937
[PASSED]
[time 3.13 s, user 2.95 s, sys 0.16 s, maxrss 273024 KB]
[busy 329 jiffies]
[exit 0]
--- c2 case 5 rec 1   load 0.83 0.83 0.82
[TEST MARISA]
Processing dataset...
Done!
Building trie...
Done!
build time: 1037.572161 ms (1037.572161 ns per key)
space cost: 33.974524 MB (98.957975% of original size 34.332275 MB)
Querying trie...
Done!
total time: 790.737515 ms, avg latency: 790.737515 ns
not implemented
1037.572161,33.974524,790.737515
[PASSED]
[time 2.50 s, user 2.34 s, sys 0.15 s, maxrss 252148 KB]
[busy 261 jiffies]
[exit 0]
--- c2 case 5 rec 0   load 0.83 0.83 0.82
[TEST MARISA]
Processing dataset...
Done!
Building trie...
Done!
build time: 674.812198 ms (674.812198 ns per key)
space cost: 34.975940 MB (101.874808% of original size 34.332275 MB)
Querying trie...
Done!
total time: 535.099723 ms, avg latency: 535.099723 ns
not implemented
674.812198,34.975940,535.099723
[PASSED]
[time 1.90 s, user 1.72 s, sys 0.16 s, maxrss 282296 KB]
[busy 202 jiffies]
[exit 0]
--- c2 case 4 rec 0   skipped: exit 134 in round 1
--- c2 case 3 rec 0   load 0.84 0.83 0.83
[TEST FST]
Processing dataset...
Done!
Building trie...
Done!
build time: 834.061724 ms (834.061724 ns per key)
space cost: 34.505507 MB (100.504572% of original size 34.332275 MB)
Querying trie...
Done!
total time: 461.766089 ms, avg latency: 461.766089 ns
not implemented
834.061724,34.505507,461.766089
[PASSED]
[time 1.99 s, user 1.84 s, sys 0.13 s, maxrss 207704 KB]
[busy 206 jiffies]
[exit 0]
--- c2 case 2 rec 2   load 0.77 0.81 0.82
[TEST C2-MARISA]
Processing dataset...
Done!
Building trie...
trie size: 1.966455 MB
trie size: 4.448333 MB
Done!
build time: 1939.973704 ms (1939.973704 ns per key)
space cost: 21.883573 MB (63.740525% of original size 34.332275 MB)
Querying trie...
Done!
total time: 368.866230 ms, avg latency: 368.866230 ns
topology: 0.650684 MB, link: 2.984713 MB, data: 18.227668 MB
--- Unary Path Analysis (Marisa, cutoff=3) ---
  branches: 1358149  |  single-char: 345387 (25.4%)  short-unary: 12003 (0.9%)  links: 1000759 (73.7%)
  link len: avg=31.30  max=32  total_chars=31325722
  link length distribution (len:count):  3:655  4:51  5:49  6:4  25:2  26:10  27:206  29:3376  30:54458  31:556568  32:385380
  short unary avg len: 2.00
1939.973704,21.883573,368.866230
[PASSED]
[time 3.00 s, user 2.80 s, sys 0.18 s, maxrss 361840 KB]
[busy 314 jiffies]
[exit 0]
--- c2 case 2 rec 1   load 0.77 0.81 0.82
[TEST C2-MARISA]
Processing dataset...
Done!
Building trie...
trie size: 1.966455 MB
trie size: 4.448333 MB
Done!
build time: 1930.575740 ms (1930.575740 ns per key)
space cost: 21.883573 MB (63.740525% of original size 34.332275 MB)
Querying trie...
Done!
total time: 364.717482 ms, avg latency: 364.717482 ns
topology: 0.650684 MB, link: 2.984713 MB, data: 18.227668 MB
--- Unary Path Analysis (Marisa, cutoff=3) ---
  branches: 1358149  |  single-char: 345387 (25.4%)  short-unary: 12003 (0.9%)  links: 1000759 (73.7%)
  link len: avg=31.30  max=32  total_chars=31325722
  link length distribution (len:count):  3:655  4:51  5:49  6:4  25:2  26:10  27:206  29:3376  30:54458  31:556568  32:385380
  short unary avg len: 2.00
1930.575740,21.883573,364.717482
[PASSED]
[time 3.02 s, user 2.82 s, sys 0.19 s, maxrss 361580 KB]
[busy 316 jiffies]
[exit 0]
--- c2 case 2 rec 0   load 0.79 0.82 0.82
[TEST C2-MARISA]
Processing dataset...
Done!
Building trie...
trie size: 1.966455 MB
Done!
build time: 1024.421745 ms (1024.421745 ns per key)
space cost: 21.883573 MB (63.740525% of original size 34.332275 MB)
Querying trie...
Done!
total time: 364.819033 ms, avg latency: 364.819033 ns
topology: 0.650684 MB, link: 2.984713 MB, data: 18.227668 MB
--- Unary Path Analysis (Marisa, cutoff=3) ---
  branches: 1358149  |  single-char: 345387 (25.4%)  short-unary: 12003 (0.9%)  links: 1000759 (73.7%)
  link len: avg=31.30  max=32  total_chars=31325722
  link length distribution (len:count):  3:655  4:51  5:49  6:4  25:2  26:10  27:206  29:3376  30:54458  31:556568  32:385380
  short unary avg len: 2.00
1024.421745,21.883573,364.819033
[PASSED]
[time 2.07 s, user 1.88 s, sys 0.18 s, maxrss 313428 KB]
[busy 217 jiffies]
[exit 0]
--- c2 case 1 rec 2   load 0.81 0.82 0.82
[TEST C2-CoCo(LOUDS-Sparse)]
Processing dataset...
Done!
Building trie...
trie size: 4.445807 MB
Done!
build time: 2401.244812 ms (2401.244812 ns per key)
space cost: 21.333610 MB (62.138642% of original size 34.332275 MB)
Querying trie...
Done!
total time: 502.301227 ms, avg latency: 502.301227 ns
topology: 0.346375 MB, link: 3.293192 MB, data: 17.694043 MB
2401.244812,21.333610,502.301227
[PASSED]
[time 3.59 s, user 3.33 s, sys 0.24 s, maxrss 474964 KB]
[busy 374 jiffies]
[exit 0]
--- c2 case 1 rec 1   load 0.82 0.82 0.82
[TEST C2-CoCo(LOUDS-Sparse)]
Processing dataset...
Done!
Building trie...
trie size: 4.445807 MB
Done!
build time: 2393.475470 ms (2393.475470 ns per key)
space cost: 21.333610 MB (62.138642% of original size 34.332275 MB)
Querying trie...
Done!
total time: 495.900847 ms, avg latency: 495.900847 ns
topology: 0.346375 MB, link: 3.293192 MB, data: 17.694043 MB
2393.475470,21.333610,495.900847
[PASSED]
[time 3.57 s, user 3.31 s, sys 0.25 s, maxrss 475268 KB]
[busy 369 jiffies]
[exit 0]
--- c2 case 1 rec 0   load 0.76 0.81 0.82
[TEST C2-CoCo(LOUDS-Sparse)]
Processing dataset...
Done!
Building trie...
Done!
build time: 1451.258233 ms (1451.258233 ns per key)
space cost: 21.333610 MB (62.138642% of original size 34.332275 MB)
Querying trie...
Done!
total time: 506.494799 ms, avg latency: 506.494799 ns
topology: 0.346375 MB, link: 3.293192 MB, data: 17.694043 MB
1451.258233,21.333610,506.494799
[PASSED]
[time 2.63 s, user 2.41 s, sys 0.21 s, maxrss 431180 KB]
[busy 279 jiffies]
[exit 0]
--- c2 case 0 rec 2   load 0.76 0.81 0.82
[TEST C2-FST]
Processing dataset...
Done!
Building trie...
trie size: 4.445807 MB
Done!
build time: 2033.611951 ms (2033.611951 ns per key)
space cost: 22.510774 MB (65.567381% of original size 34.332275 MB)
Querying trie...
Done!
total time: 445.581600 ms, avg latency: 445.581600 ns
topology: 0.773712 MB, link: 3.131501 MB, data: 18.605560 MB
--- Unary Path Analysis (FST, cutoff=4) ---
  shared unary steps in main trie: 13682
  terminal suffixes: inplace=0 (avg len=0.00)  links=1000000 (100.0% of terminal)
  link len: avg=29.32  max=30  total_chars=29323284
  link length distribution (len:count):  24:2  25:10  26:206  28:3376  29:54458  30:556568  31:385380
2033.611951,22.510774,445.581600
[PASSED]
[time 3.15 s, user 2.95 s, sys 0.18 s, maxrss 361572 KB]
[busy 327 jiffies]
[exit 0]
--- c2 case 0 rec 1   load 0.78 0.81 0.82
[TEST C2-FST]
Processing dataset...
Done!
Building trie...
trie size: 4.445807 MB
Done!
build time: 2012.304092 ms (2012.304092 ns per key)
space cost: 22.510774 MB (65.567381% of original size 34.332275 MB)
Querying trie...
Done!
total time: 444.911350 ms, avg latency: 444.911350 ns
topology: 0.773712 MB, link: 3.131501 MB, data: 18.605560 MB
--- Unary Path Analysis (FST, cutoff=4) ---
  shared unary steps in main trie: 13682
  terminal suffixes: inplace=0 (avg len=0.00)  links=1000000 (100.0% of terminal)
  link len: avg=29.32  max=30  total_chars=29323284
  link length distribution (len:count):  24:2  25:10  26:206  28:3376  29:54458  30:556568  31:385380
2012.304092,22.510774,444.911350
[PASSED]
[time 3.13 s, user 2.93 s, sys 0.18 s, maxrss 361780 KB]
[busy 324 jiffies]
[exit 0]
--- c2 case 0 rec 0   load 0.80 0.82 0.82
[TEST C2-FST]
Processing dataset...
Done!
Building trie...
Done!
build time: 1088.423238 ms (1088.423238 ns per key)
space cost: 22.510774 MB (65.567381% of original size 34.332275 MB)
Querying trie...
Done!
total time: 443.069869 ms, avg latency: 443.069869 ns
topology: 0.773712 MB, link: 3.131501 MB, data: 18.605560 MB
--- Unary Path Analysis (FST, cutoff=4) ---
  shared unary steps in main trie: 13682
  terminal suffixes: inplace=0 (avg len=0.00)  links=1000000 (100.0% of terminal)
  link len: avg=29.32  max=30  total_chars=29323284
  link length distribution (len:count):  24:2  25:10  26:206  28:3376  29:54458  30:556568  31:385380
1088.423238,22.510774,443.069869
[PASSED]
[time 2.22 s, user 2.02 s, sys 0.18 s, maxrss 312080 KB]
[busy 231 jiffies]
[exit 0]
--- lexindex hashed16   load 0.81 0.82 0.82
1000000 keys
lexindex HashedDictIndex fp=16: build 315 ms, size 21.726 MiB (22.781 B/key), latency cold 71.1 ns, then mean 70.0 / min 68.8 ns
315.447,21.725836,71.073
[time 1.09 s, user 1.85 s, sys 0.36 s, maxrss 224760 KB]
[busy 241 jiffies]
[exit 0]
--- lexindex hashed8   load 0.81 0.82 0.82
1000000 keys
lexindex HashedDictIndex fp=8: build 317 ms, size 20.772 MiB (21.781 B/key), latency cold 69.5 ns, then mean 67.8 / min 67.6 ns
316.598,20.772161,69.540
[time 1.07 s, user 1.85 s, sys 0.36 s, maxrss 230532 KB]
[busy 236 jiffies]
[exit 0]
--- lexindex hashed0   load 0.75 0.81 0.82
1000000 keys
lexindex HashedDictIndex closed: build 312 ms, size 19.818 MiB (20.781 B/key), latency cold 58.2 ns, then mean 58.3 / min 57.5 ns
311.841,19.818487,58.186
[time 1.04 s, user 1.80 s, sys 0.33 s, maxrss 224488 KB]
[busy 231 jiffies]
[exit 0]
--- lexindex string   load 0.75 0.81 0.82
1000000 keys
lexindex StringIndex: build 2315 ms, size 35.389 MiB (37.108 B/key), latency cold 424.2 ns, then mean 421.9 / min 421.1 ns
2314.712,35.389391,424.192
[time 4.48 s, user 4.35 s, sys 0.11 s, maxrss 199176 KB]
[busy 468 jiffies]
[exit 0]
--- lexindex dict1024   load 0.77 0.81 0.82
1000000 keys
lexindex DictIndex block 1024: build 206 ms, size 17.065 MiB (17.894 B/key), latency cold 470.8 ns, then mean 470.8 / min 465.8 ns
205.988,17.064983,470.802
[time 2.59 s, user 2.95 s, sys 0.20 s, maxrss 237060 KB]
[busy 339 jiffies]
[exit 0]
--- lexindex dict256   load 0.79 0.81 0.82
1000000 keys
lexindex DictIndex block 256: build 212 ms, size 17.205 MiB (18.040 B/key), latency cold 436.1 ns, then mean 432.0 / min 429.9 ns
212.489,17.204642,436.060
[time 2.45 s, user 3.21 s, sys 0.34 s, maxrss 221220 KB]
[busy 376 jiffies]
[exit 0]
--- lexindex dict32   load 0.72 0.80 0.81
1000000 keys
lexindex DictIndex block 32: build 209 ms, size 17.741 MiB (18.603 B/key), latency cold 448.2 ns, then mean 445.8 / min 435.2 ns
209.126,17.741351,448.155
[time 2.50 s, user 3.21 s, sys 0.36 s, maxrss 254192 KB]
[busy 381 jiffies]
[exit 0]

##### urls-1000000 (1000000 lines, 53361181 bytes)   round 2/3   2026-09-24T03:22:56+03:00
--- xcdat 16   load 0.72 0.80 0.81
build time: 1118.857731 ms
space cost: 17.859698 MiB (35.765524% of original size 49.935513 MiB)
avg latency: 381.845915 ns
1118.857731,17.859698,381.845915
[time 2.28 s, user 2.11 s, sys 0.16 s, maxrss 231304 KB]
[busy 239 jiffies]
[exit 0]
--- xcdat 15   load 0.75 0.80 0.82
build time: 1149.287335 ms
space cost: 17.302892 MiB (34.650473% of original size 49.935513 MiB)
avg latency: 354.294221 ns
1149.287335,17.302892,354.294221
[time 2.30 s, user 2.12 s, sys 0.16 s, maxrss 231128 KB]
[busy 243 jiffies]
[exit 0]
--- xcdat 8   load 0.69 0.79 0.81
build time: 1120.678022 ms
space cost: 15.165496 MiB (30.370161% of original size 49.935513 MiB)
avg latency: 390.427716 ns
1120.678022,15.165496,390.427716
[time 2.29 s, user 2.12 s, sys 0.15 s, maxrss 231048 KB]
[busy 241 jiffies]
[exit 0]
--- xcdat 7   load 0.69 0.79 0.81
build time: 1156.927125 ms
space cost: 15.639350 MiB (31.319093% of original size 49.935513 MiB)
avg latency: 396.032640 ns
1156.927125,15.639350,396.032640
[time 2.34 s, user 2.17 s, sys 0.16 s, maxrss 231392 KB]
[busy 243 jiffies]
[exit 0]
--- c2 case 8 rec 0   load 0.71 0.79 0.81
[TEST CART]
Processing dataset...
Done!
Building trie...
Done!
build time: 356.254305 ms (356.254305 ns per key)
space cost: 15.060642 MB (30.160183% of original size 49.935513 MB)
Querying trie...
Done!
total time: 658.392888 ms, avg latency: 658.392888 ns
not implemented
356.254305,15.060642,658.392888
[PASSED]
[time 1.83 s, user 1.67 s, sys 0.15 s, maxrss 278516 KB]
[busy 195 jiffies]
[exit 0]
--- c2 case 7 rec 0   load 0.71 0.79 0.81
[TEST ART]
Processing dataset...
Done!
Building trie...
Done!
build time: 306.142789 ms (306.142789 ns per key)
space cost: 32.934517 MB (65.954097% of original size 49.935513 MB)
Querying trie...
Done!
total time: 605.380989 ms, avg latency: 605.380989 ns
not implemented
306.142789,32.934517,605.380989
[PASSED]
[time 1.72 s, user 1.55 s, sys 0.16 s, maxrss 290876 KB]
[busy 181 jiffies]
[exit 0]
--- c2 case 6 rec 0   load 0.73 0.80 0.81
[TEST PDT]
Processing dataset...
Done!
Building trie...
dict size: 156062, stream size: 7596722
Done!
build time: 3532.926086 ms (3532.926086 ns per key)
space cost: 8.669690 MB (17.361772% of original size 49.935513 MB)
Querying trie...
Done!
total time: 735.658953 ms, avg latency: 735.658953 ns
not implemented
3532.926086,8.669690,735.658953
[PASSED]
[time 5.05 s, user 4.85 s, sys 0.18 s, maxrss 298888 KB]
[busy 524 jiffies]
[exit 0]
--- c2 case 5 rec 2   load 0.76 0.80 0.82
[TEST MARISA]
Processing dataset...
Done!
Building trie...
Done!
build time: 1218.717001 ms (1218.717001 ns per key)
space cost: 8.005336 MB (16.031348% of original size 49.935513 MB)
Querying trie...
Done!
total time: 999.890868 ms, avg latency: 999.890868 ns
not implemented
1218.717001,8.005336,999.890868
[PASSED]
[time 2.97 s, user 2.79 s, sys 0.16 s, maxrss 268008 KB]
[busy 308 jiffies]
[exit 0]
--- c2 case 5 rec 1   load 0.78 0.80 0.82
[TEST MARISA]
Processing dataset...
Done!
Building trie...
Done!
build time: 1166.984528 ms (1166.984528 ns per key)
space cost: 8.973619 MB (17.970414% of original size 49.935513 MB)
Querying trie...
Done!
total time: 866.082620 ms, avg latency: 866.082620 ns
not implemented
1166.984528,8.973619,866.082620
[PASSED]
[time 2.79 s, user 2.61 s, sys 0.16 s, maxrss 267968 KB]
[busy 288 jiffies]
[exit 0]
--- c2 case 5 rec 0   load 0.79 0.81 0.82
[TEST MARISA]
Processing dataset...
Done!
Building trie...
Done!
build time: 994.613860 ms (994.613860 ns per key)
space cost: 13.234698 MB (26.503579% of original size 49.935513 MB)
Querying trie...
Done!
total time: 579.594122 ms, avg latency: 579.594122 ns
not implemented
994.613860,13.234698,579.594122
[PASSED]
[time 2.32 s, user 2.16 s, sys 0.15 s, maxrss 267932 KB]
[busy 245 jiffies]
[exit 0]
--- c2 case 4 rec 0   load 0.79 0.81 0.82
[TEST COCO]
Processing dataset...
Done!
Building trie...
num nodes = 618926, average depth = 10.757375
ef = 0.000126, pa = 0.112513, bv = 0.000294, de = 0.664175
efr = 0.000805, par = 0.102747, bvr = 0.000005, der = 0.119336
Done!
build time: 30820.834152 ms (30820.834152 ns per key)
space cost: 17.219774 MB (34.484023% of original size 49.935513 MB)
Querying trie...
Done!
total time: 1377.486325 ms, avg latency: 1377.486325 ns
not implemented
30820.834152,17.219774,1377.486325
[PASSED]
[time 34.17 s, user 27.16 s, sys 6.88 s, maxrss 15528628 KB]
[busy 3513 jiffies]
[exit 0]
--- c2 case 3 rec 0   load 0.89 0.83 0.83
[TEST FST]
Processing dataset...
Done!
Building trie...
Done!
build time: 1420.178697 ms (1420.178697 ns per key)
space cost: 12.952020 MB (25.937492% of original size 49.935513 MB)
Querying trie...
Done!
total time: 1217.741347 ms, avg latency: 1217.741347 ns
not implemented
1420.178697,12.952020,1217.741347
[PASSED]
[time 3.43 s, user 3.29 s, sys 0.12 s, maxrss 214816 KB]
[busy 358 jiffies]
[exit 0]
--- c2 case 2 rec 2   load 0.98 0.85 0.83
[TEST C2-MARISA]
Processing dataset...
Done!
Building trie...
trie size: 2.244002 MB
trie size: 3.864603 MB
trie size: 1.068947 MB
Done!
build time: 1725.761573 ms (1725.761573 ns per key)
space cost: 8.365690 MB (16.752987% of original size 49.935513 MB)
Querying trie...
Done!
total time: 704.748515 ms, avg latency: 704.748515 ns
topology: 1.410183 MB, link: 3.158367 MB, data: 3.776632 MB
--- Unary Path Analysis (Marisa, cutoff=3) ---
  branches: 1527762  |  single-char: 409800 (26.8%)  short-unary: 94203 (6.2%)  links: 1023759 (67.0%)
  link len: avg=12.97  max=598  total_chars=13282609
  link length distribution (len:count):  3:78091  4:83418  5:77115  6:71727  7:67342  8:60401  9:52007  10:48612  11:43341  12:39688  13:35797  14:31899  15:30173  16:27648  17:26857  18:22212  19:20563  20:21642  21:19617  22:17114  23:14842  24:13684  25:12695  26:11175  27:9829  28:8848  29:7935  30:7132  31:6445  32:5847  33:5055  34:4589  35:4148  36:3637  37:3382  38:3086  39:2567  40:2441  41:2168  42:1886  43:1827  44:1585  45:1405  46:1260  47:1016  48:995  49:861  50:844  51:650  52:616  53:486  54:450  55:392  56:393  57:345  58:266  59:265  60:240  61:230  62:219  63:185  64:166  65:151  66:119  67:125  68:158  69:131  70:105  71:94  72:74  73:75  74:77  75:68  76:66  77:74  78:40  79:49  80:44  81:45  82:43  83:48  84:36  85:31  86:35  87:40  88:19  89:24  90:15  91:18  92:31  93:24  94:20  95:16  96:16  97:16  98:12  99:16  100:14  101:17  102:16  103:2  104:18  105:4  106:3  107:10  108:11  109:9  110:19  111:13  112:7  113:6  114:5  115:3  116:8  117:5  118:6  119:8  120:10  121:11  122:9  123:10  124:8  125:9  126:7  127:5  128:7  129:18  130:5  131:4  132:10  133:3  134:4  135:4  136:4  137:4  138:4  140:2  141:3  142:2  143:2  144:4  145:7  146:1  147:5  148:5  149:1  150:4  151:4  153:1  154:6  155:3  156:1  157:2  158:1  159:1  160:1  162:2  163:1  164:2  165:1  166:1  167:1  168:3  169:3  171:1  175:1  178:2  181:3  183:2  184:1  185:2  189:1  190:3  191:1  192:1  193:1  194:1  195:1  196:2  200:1  203:2  205:2  207:1  208:1  210:2  212:1  214:1  216:2  220:1  221:1  223:1  225:1  226:1  227:1  230:1  234:1  237:1  239:2  241:1  242:1  247:1  248:1  250:1  253:1  255:1  257:1  261:1  265:1  272:1  312:1  338:1  384:1  507:1  598:1
  short unary avg len: 2.00
1725.761573,8.365690,704.748515
[PASSED]
[time 3.22 s, user 3.03 s, sys 0.18 s, maxrss 242088 KB]
[busy 335 jiffies]
[exit 0]
--- c2 case 2 rec 1   load 0.98 0.85 0.83
[TEST C2-MARISA]
Processing dataset...
Done!
Building trie...
trie size: 2.244002 MB
trie size: 3.864603 MB
Done!
build time: 1579.364975 ms (1579.364975 ns per key)
space cost: 8.779989 MB (17.582655% of original size 49.935513 MB)
Querying trie...
Done!
total time: 613.602321 ms, avg latency: 613.602321 ns
topology: 1.217873 MB, link: 3.069385 MB, data: 4.472224 MB
--- Unary Path Analysis (Marisa, cutoff=3) ---
  branches: 1527762  |  single-char: 409800 (26.8%)  short-unary: 94203 (6.2%)  links: 1023759 (67.0%)
  link len: avg=12.97  max=598  total_chars=13282609
  link length distribution (len:count):  3:78091  4:83418  5:77115  6:71727  7:67342  8:60401  9:52007  10:48612  11:43341  12:39688  13:35797  14:31899  15:30173  16:27648  17:26857  18:22212  19:20563  20:21642  21:19617  22:17114  23:14842  24:13684  25:12695  26:11175  27:9829  28:8848  29:7935  30:7132  31:6445  32:5847  33:5055  34:4589  35:4148  36:3637  37:3382  38:3086  39:2567  40:2441  41:2168  42:1886  43:1827  44:1585  45:1405  46:1260  47:1016  48:995  49:861  50:844  51:650  52:616  53:486  54:450  55:392  56:393  57:345  58:266  59:265  60:240  61:230  62:219  63:185  64:166  65:151  66:119  67:125  68:158  69:131  70:105  71:94  72:74  73:75  74:77  75:68  76:66  77:74  78:40  79:49  80:44  81:45  82:43  83:48  84:36  85:31  86:35  87:40  88:19  89:24  90:15  91:18  92:31  93:24  94:20  95:16  96:16  97:16  98:12  99:16  100:14  101:17  102:16  103:2  104:18  105:4  106:3  107:10  108:11  109:9  110:19  111:13  112:7  113:6  114:5  115:3  116:8  117:5  118:6  119:8  120:10  121:11  122:9  123:10  124:8  125:9  126:7  127:5  128:7  129:18  130:5  131:4  132:10  133:3  134:4  135:4  136:4  137:4  138:4  140:2  141:3  142:2  143:2  144:4  145:7  146:1  147:5  148:5  149:1  150:4  151:4  153:1  154:6  155:3  156:1  157:2  158:1  159:1  160:1  162:2  163:1  164:2  165:1  166:1  167:1  168:3  169:3  171:1  175:1  178:2  181:3  183:2  184:1  185:2  189:1  190:3  191:1  192:1  193:1  194:1  195:1  196:2  200:1  203:2  205:2  207:1  208:1  210:2  212:1  214:1  216:2  220:1  221:1  223:1  225:1  226:1  227:1  230:1  234:1  237:1  239:2  241:1  242:1  247:1  248:1  250:1  253:1  255:1  257:1  261:1  265:1  272:1  312:1  338:1  384:1  507:1  598:1
  short unary avg len: 2.00
1579.364975,8.779989,613.602321
[PASSED]
[time 2.98 s, user 2.76 s, sys 0.21 s, maxrss 242056 KB]
[busy 310 jiffies]
[exit 0]
--- c2 case 2 rec 0   load 0.98 0.86 0.83
[TEST C2-MARISA]
Processing dataset...
Done!
Building trie...
trie size: 2.244002 MB
Done!
build time: 1171.357767 ms (1171.357767 ns per key)
space cost: 10.960715 MB (21.949740% of original size 49.935513 MB)
Querying trie...
Done!
total time: 441.116728 ms, avg latency: 441.116728 ns
topology: 0.743214 MB, link: 2.809175 MB, data: 7.387818 MB
--- Unary Path Analysis (Marisa, cutoff=3) ---
  branches: 1527762  |  single-char: 409800 (26.8%)  short-unary: 94203 (6.2%)  links: 1023759 (67.0%)
  link len: avg=12.97  max=598  total_chars=13282609
  link length distribution (len:count):  3:78091  4:83418  5:77115  6:71727  7:67342  8:60401  9:52007  10:48612  11:43341  12:39688  13:35797  14:31899  15:30173  16:27648  17:26857  18:22212  19:20563  20:21642  21:19617  22:17114  23:14842  24:13684  25:12695  26:11175  27:9829  28:8848  29:7935  30:7132  31:6445  32:5847  33:5055  34:4589  35:4148  36:3637  37:3382  38:3086  39:2567  40:2441  41:2168  42:1886  43:1827  44:1585  45:1405  46:1260  47:1016  48:995  49:861  50:844  51:650  52:616  53:486  54:450  55:392  56:393  57:345  58:266  59:265  60:240  61:230  62:219  63:185  64:166  65:151  66:119  67:125  68:158  69:131  70:105  71:94  72:74  73:75  74:77  75:68  76:66  77:74  78:40  79:49  80:44  81:45  82:43  83:48  84:36  85:31  86:35  87:40  88:19  89:24  90:15  91:18  92:31  93:24  94:20  95:16  96:16  97:16  98:12  99:16  100:14  101:17  102:16  103:2  104:18  105:4  106:3  107:10  108:11  109:9  110:19  111:13  112:7  113:6  114:5  115:3  116:8  117:5  118:6  119:8  120:10  121:11  122:9  123:10  124:8  125:9  126:7  127:5  128:7  129:18  130:5  131:4  132:10  133:3  134:4  135:4  136:4  137:4  138:4  140:2  141:3  142:2  143:2  144:4  145:7  146:1  147:5  148:5  149:1  150:4  151:4  153:1  154:6  155:3  156:1  157:2  158:1  159:1  160:1  162:2  163:1  164:2  165:1  166:1  167:1  168:3  169:3  171:1  175:1  178:2  181:3  183:2  184:1  185:2  189:1  190:3  191:1  192:1  193:1  194:1  195:1  196:2  200:1  203:2  205:2  207:1  208:1  210:2  212:1  214:1  216:2  220:1  221:1  223:1  225:1  226:1  227:1  230:1  234:1  237:1  239:2  241:1  242:1  247:1  248:1  250:1  253:1  255:1  257:1  261:1  265:1  272:1  312:1  338:1  384:1  507:1  598:1
  short unary avg len: 2.00
1171.357767,10.960715,441.116728
[PASSED]
[time 2.40 s, user 2.21 s, sys 0.17 s, maxrss 246940 KB]
[busy 250 jiffies]
[exit 0]
--- c2 case 1 rec 2   load 0.90 0.84 0.83
[TEST C2-CoCo(LOUDS-Sparse)]
Processing dataset...
Done!
Building trie...
trie size: 3.124794 MB
trie size: 0.926831 MB
Done!
build time: 2929.212140 ms (2929.212140 ns per key)
space cost: 10.138867 MB (20.303920% of original size 49.935513 MB)
Querying trie...
Done!
total time: 1017.060489 ms, avg latency: 1017.060489 ns
topology: 0.827824 MB, link: 3.419642 MB, data: 5.891401 MB
2929.212140,10.138867,1017.060489
[PASSED]
[time 4.73 s, user 4.48 s, sys 0.23 s, maxrss 398456 KB]
[busy 490 jiffies]
[exit 0]
--- c2 case 1 rec 1   load 0.91 0.84 0.83
[TEST C2-CoCo(LOUDS-Sparse)]
Processing dataset...
Done!
Building trie...
trie size: 3.124794 MB
Done!
build time: 2828.754336 ms (2828.754336 ns per key)
space cost: 10.138867 MB (20.303920% of original size 49.935513 MB)
Querying trie...
Done!
total time: 1007.248517 ms, avg latency: 1007.248517 ns
topology: 0.827824 MB, link: 3.419642 MB, data: 5.891401 MB
2828.754336,10.138867,1007.248517
[PASSED]
[time 4.62 s, user 4.38 s, sys 0.22 s, maxrss 398072 KB]
[busy 479 jiffies]
[exit 0]
--- c2 case 1 rec 0   load 0.92 0.85 0.83
[TEST C2-CoCo(LOUDS-Sparse)]
Processing dataset...
Done!
Building trie...
Done!
build time: 2486.272787 ms (2486.272787 ns per key)
space cost: 12.005466 MB (24.041940% of original size 49.935513 MB)
Querying trie...
Done!
total time: 876.756802 ms, avg latency: 876.756802 ns
topology: 0.422745 MB, link: 3.209543 MB, data: 8.373178 MB
2486.272787,12.005466,876.756802
[PASSED]
[time 4.12 s, user 3.90 s, sys 0.20 s, maxrss 407984 KB]
[busy 434 jiffies]
[exit 0]
--- c2 case 0 rec 2   load 0.92 0.85 0.83
[TEST C2-FST]
Processing dataset...
Done!
Building trie...
trie size: 3.124794 MB
trie size: 0.926831 MB
Done!
build time: 1667.623641 ms (1667.623641 ns per key)
space cost: 9.773470 MB (19.572183% of original size 49.935513 MB)
Querying trie...
Done!
total time: 985.488678 ms, avg latency: 985.488678 ns
topology: 1.480076 MB, link: 2.557474 MB, data: 5.735920 MB
--- Unary Path Analysis (FST, cutoff=4) ---
  shared unary steps in main trie: 711966
  terminal suffixes: inplace=143732 (avg len=2.14)  links=800966 (84.8% of terminal)
  link len: avg=13.15  max=596  total_chars=10531952
  link length distribution (len:count):  4:63058  5:62039  6:59659  7:54131  8:47449  9:44821  10:40952  11:37727  12:34320  13:30594  14:29226  15:26885  16:26206  17:21450  18:19914  19:21120  20:19131  21:16702  22:14529  23:13405  24:12440  25:10970  26:9615  27:8669  28:7752  29:7002  30:6267  31:5704  32:4931  33:4493  34:4087  35:3562  36:3323  37:3007  38:2533  39:2401  40:2145  41:1856  42:1793  43:1565  44:1379  45:1246  46:1005  47:985  48:849  49:826  50:642  51:609  52:482  53:442  54:385  55:389  56:339  57:263  58:263  59:238  60:228  61:217  62:184  63:166  64:151  65:119  66:125  67:156  68:131  69:105  70:94  71:74  72:74  73:77  74:67  75:66  76:74  77:39  78:49  79:44  80:45  81:42  82:48  83:36  84:31  85:34  86:39  87:18  88:23  89:15  90:18  91:31  92:24  93:20  94:16  95:16  96:16  97:12  98:16  99:14  100:17  101:16  102:2  103:18  104:4  105:3  106:10  107:11  108:9  109:19  110:13  111:7  112:6  113:5  114:3  115:8  116:5  117:6  118:7  119:10  120:11  121:9  122:10  123:8  124:9  125:7  126:5  127:7  128:18  129:5  130:4  131:10  132:3  133:4  134:4  135:4  136:3  137:4  139:2  140:3  141:2  142:2  143:4  144:7  145:1  146:5  147:5  148:1  149:4  150:4  152:1  153:6  154:3  155:1  156:2  157:1  158:1  159:1  161:2  162:1  163:2  164:1  165:1  166:1  167:3  168:3  170:1  174:1  177:2  180:3  182:2  183:1  184:2  188:1  189:3  190:1  191:1  192:1  193:1  194:1  195:2  199:1  202:2  204:2  206:1  207:1  209:2  211:1  213:1  215:2  219:1  220:1  222:1  224:1  225:1  226:1  229:1  233:1  236:1  238:2  240:1  241:1  246:1  247:1  249:1  252:1  254:1  256:1  260:1  264:1  271:1  311:1  337:1  383:1  506:1  597:1
1667.623641,9.773470,985.488678
[PASSED]
[time 3.44 s, user 3.25 s, sys 0.17 s, maxrss 228084 KB]
[busy 358 jiffies]
[exit 0]
--- c2 case 0 rec 1   load 0.93 0.85 0.83
[TEST C2-FST]
Processing dataset...
Done!
Building trie...
trie size: 3.124794 MB
Done!
build time: 1537.115485 ms (1537.115485 ns per key)
space cost: 9.773470 MB (19.572183% of original size 49.935513 MB)
Querying trie...
Done!
total time: 963.163237 ms, avg latency: 963.163237 ns
topology: 1.480076 MB, link: 2.557474 MB, data: 5.735920 MB
--- Unary Path Analysis (FST, cutoff=4) ---
  shared unary steps in main trie: 711966
  terminal suffixes: inplace=143732 (avg len=2.14)  links=800966 (84.8% of terminal)
  link len: avg=13.15  max=596  total_chars=10531952
  link length distribution (len:count):  4:63058  5:62039  6:59659  7:54131  8:47449  9:44821  10:40952  11:37727  12:34320  13:30594  14:29226  15:26885  16:26206  17:21450  18:19914  19:21120  20:19131  21:16702  22:14529  23:13405  24:12440  25:10970  26:9615  27:8669  28:7752  29:7002  30:6267  31:5704  32:4931  33:4493  34:4087  35:3562  36:3323  37:3007  38:2533  39:2401  40:2145  41:1856  42:1793  43:1565  44:1379  45:1246  46:1005  47:985  48:849  49:826  50:642  51:609  52:482  53:442  54:385  55:389  56:339  57:263  58:263  59:238  60:228  61:217  62:184  63:166  64:151  65:119  66:125  67:156  68:131  69:105  70:94  71:74  72:74  73:77  74:67  75:66  76:74  77:39  78:49  79:44  80:45  81:42  82:48  83:36  84:31  85:34  86:39  87:18  88:23  89:15  90:18  91:31  92:24  93:20  94:16  95:16  96:16  97:12  98:16  99:14  100:17  101:16  102:2  103:18  104:4  105:3  106:10  107:11  108:9  109:19  110:13  111:7  112:6  113:5  114:3  115:8  116:5  117:6  118:7  119:10  120:11  121:9  122:10  123:8  124:9  125:7  126:5  127:7  128:18  129:5  130:4  131:10  132:3  133:4  134:4  135:4  136:3  137:4  139:2  140:3  141:2  142:2  143:4  144:7  145:1  146:5  147:5  148:1  149:4  150:4  152:1  153:6  154:3  155:1  156:2  157:1  158:1  159:1  161:2  162:1  163:2  164:1  165:1  166:1  167:3  168:3  170:1  174:1  177:2  180:3  182:2  183:1  184:2  188:1  189:3  190:1  191:1  192:1  193:1  194:1  195:2  199:1  202:2  204:2  206:1  207:1  209:2  211:1  213:1  215:2  219:1  220:1  222:1  224:1  225:1  226:1  229:1  233:1  236:1  238:2  240:1  241:1  246:1  247:1  249:1  252:1  254:1  256:1  260:1  264:1  271:1  311:1  337:1  383:1  506:1  597:1
1537.115485,9.773470,963.163237
[PASSED]
[time 3.30 s, user 3.09 s, sys 0.19 s, maxrss 228200 KB]
[busy 343 jiffies]
[exit 0]
--- c2 case 0 rec 0   load 0.94 0.86 0.83
[TEST C2-FST]
Processing dataset...
Done!
Building trie...
Done!
build time: 1206.308218 ms (1206.308218 ns per key)
space cost: 11.640069 MB (23.310202% of original size 49.935513 MB)
Querying trie...
Done!
total time: 796.769272 ms, avg latency: 796.769272 ns
topology: 1.074997 MB, link: 2.347375 MB, data: 8.217697 MB
--- Unary Path Analysis (FST, cutoff=4) ---
  shared unary steps in main trie: 711966
  terminal suffixes: inplace=143732 (avg len=2.14)  links=800966 (84.8% of terminal)
  link len: avg=13.15  max=596  total_chars=10531952
  link length distribution (len:count):  4:63058  5:62039  6:59659  7:54131  8:47449  9:44821  10:40952  11:37727  12:34320  13:30594  14:29226  15:26885  16:26206  17:21450  18:19914  19:21120  20:19131  21:16702  22:14529  23:13405  24:12440  25:10970  26:9615  27:8669  28:7752  29:7002  30:6267  31:5704  32:4931  33:4493  34:4087  35:3562  36:3323  37:3007  38:2533  39:2401  40:2145  41:1856  42:1793  43:1565  44:1379  45:1246  46:1005  47:985  48:849  49:826  50:642  51:609  52:482  53:442  54:385  55:389  56:339  57:263  58:263  59:238  60:228  61:217  62:184  63:166  64:151  65:119  66:125  67:156  68:131  69:105  70:94  71:74  72:74  73:77  74:67  75:66  76:74  77:39  78:49  79:44  80:45  81:42  82:48  83:36  84:31  85:34  86:39  87:18  88:23  89:15  90:18  91:31  92:24  93:20  94:16  95:16  96:16  97:12  98:16  99:14  100:17  101:16  102:2  103:18  104:4  105:3  106:10  107:11  108:9  109:19  110:13  111:7  112:6  113:5  114:3  115:8  116:5  117:6  118:7  119:10  120:11  121:9  122:10  123:8  124:9  125:7  126:5  127:7  128:18  129:5  130:4  131:10  132:3  133:4  134:4  135:4  136:3  137:4  139:2  140:3  141:2  142:2  143:4  144:7  145:1  146:5  147:5  148:1  149:4  150:4  152:1  153:6  154:3  155:1  156:2  157:1  158:1  159:1  161:2  162:1  163:2  164:1  165:1  166:1  167:3  168:3  170:1  174:1  177:2  180:3  182:2  183:1  184:2  188:1  189:3  190:1  191:1  192:1  193:1  194:1  195:2  199:1  202:2  204:2  206:1  207:1  209:2  211:1  213:1  215:2  219:1  220:1  222:1  224:1  225:1  226:1  229:1  233:1  236:1  238:2  240:1  241:1  246:1  247:1  249:1  252:1  254:1  256:1  260:1  264:1  271:1  311:1  337:1  383:1  506:1  597:1
1206.308218,11.640069,796.769272
[PASSED]
[time 2.79 s, user 2.62 s, sys 0.16 s, maxrss 231548 KB]
[busy 295 jiffies]
[exit 0]
--- lexindex hashed16   load 0.86 0.84 0.83
1000000 keys
lexindex HashedDictIndex fp=16: build 514 ms, size 11.684 MiB (12.251 B/key), latency cold 75.5 ns, then mean 72.6 / min 72.4 ns
514.342,11.683940,75.532
[time 1.39 s, user 3.83 s, sys 0.35 s, maxrss 325260 KB]
[busy 440 jiffies]
[exit 0]
--- lexindex hashed8   load 0.86 0.84 0.83
1000000 keys
lexindex HashedDictIndex fp=8: build 511 ms, size 10.730 MiB (11.251 B/key), latency cold 73.3 ns, then mean 71.5 / min 71.2 ns
511.439,10.730266,73.349
[time 1.38 s, user 3.82 s, sys 0.33 s, maxrss 324868 KB]
[busy 441 jiffies]
[exit 0]
--- lexindex hashed0   load 0.86 0.84 0.83
1000000 keys
lexindex HashedDictIndex closed: build 518 ms, size 9.777 MiB (10.251 B/key), latency cold 60.4 ns, then mean 60.8 / min 60.6 ns
517.677,9.776591,60.445
[time 1.35 s, user 3.79 s, sys 0.34 s, maxrss 325252 KB]
[busy 433 jiffies]
[exit 0]
--- lexindex string   load 0.87 0.84 0.83
1000000 keys
lexindex StringIndex: build 1105 ms, size 16.099 MiB (16.881 B/key), latency cold 432.4 ns, then mean 425.8 / min 421.5 ns
1105.435,16.099341,432.359
[time 3.40 s, user 3.28 s, sys 0.10 s, maxrss 219964 KB]
[busy 361 jiffies]
[exit 0]
--- lexindex dict1024   load 0.88 0.85 0.83
1000000 keys
lexindex DictIndex block 1024: build 433 ms, size 6.934 MiB (7.271 B/key), latency cold 536.4 ns, then mean 531.1 / min 529.8 ns
433.044,6.934203,536.351
[time 3.17 s, user 4.72 s, sys 0.28 s, maxrss 330648 KB]
[busy 530 jiffies]
[exit 0]
--- lexindex dict256   load 0.81 0.83 0.83
1000000 keys
lexindex DictIndex block 256: build 394 ms, size 7.163 MiB (7.511 B/key), latency cold 483.3 ns, then mean 471.9 / min 471.3 ns
393.559,7.163084,483.289
[time 2.90 s, user 5.27 s, sys 0.34 s, maxrss 321380 KB]
[busy 595 jiffies]
[exit 0]
--- lexindex dict32   load 0.81 0.83 0.83
1000000 keys
lexindex DictIndex block 32: build 389 ms, size 8.414 MiB (8.823 B/key), latency cold 455.6 ns, then mean 455.5 / min 452.9 ns
388.837,8.414411,455.617
[time 2.81 s, user 5.18 s, sys 0.32 s, maxrss 324112 KB]
[busy 579 jiffies]
[exit 0]

##### titles-zh-1000000 (1000000 lines, 17871822 bytes)   round 2/3   2026-09-24T03:25:16+03:00
--- xcdat 16   load 0.83 0.84 0.83
build time: 505.381326 ms
space cost: 13.463712 MiB (83.676351% of original size 16.090223 MiB)
avg latency: 198.435218 ns
505.381326,13.463712,198.435218
[time 1.21 s, user 1.09 s, sys 0.10 s, maxrss 149316 KB]
[busy 130 jiffies]
[exit 0]
--- xcdat 15   load 0.76 0.82 0.82
build time: 530.404417 ms
space cost: 12.949578 MiB (80.481035% of original size 16.090223 MiB)
avg latency: 204.628017 ns
530.404417,12.949578,204.628017
[time 1.25 s, user 1.13 s, sys 0.10 s, maxrss 148328 KB]
[busy 135 jiffies]
[exit 0]
--- xcdat 8   load 0.76 0.82 0.82
build time: 506.474029 ms
space cost: 11.129195 MiB (69.167438% of original size 16.090223 MiB)
avg latency: 212.318261 ns
506.474029,11.129195,212.318261
[time 1.22 s, user 1.11 s, sys 0.10 s, maxrss 147640 KB]
[busy 129 jiffies]
[exit 0]
--- xcdat 7   load 0.70 0.81 0.82
build time: 549.008966 ms
space cost: 11.666194 MiB (72.504860% of original size 16.090223 MiB)
avg latency: 222.142356 ns
549.008966,11.666194,222.142356
[time 1.28 s, user 1.18 s, sys 0.09 s, maxrss 148192 KB]
[busy 136 jiffies]
[exit 0]
--- c2 case 8 rec 0   load 0.70 0.81 0.82
[TEST CART]
Processing dataset...
Done!
Building trie...
Done!
build time: 184.505136 ms (184.505136 ns per key)
space cost: 15.100161 MB (93.846806% of original size 16.090223 MB)
Querying trie...
Done!
total time: 418.672322 ms, avg latency: 418.672322 ns
not implemented
184.505136,15.100161,418.672322
[PASSED]
[time 1.12 s, user 1.03 s, sys 0.08 s, maxrss 146988 KB]
[busy 118 jiffies]
[exit 0]
--- c2 case 7 rec 0   load 0.70 0.81 0.82
[TEST ART]
Processing dataset...
Done!
Building trie...
Done!
build time: 132.519957 ms (132.519957 ns per key)
space cost: 33.565483 MB (208.607938% of original size 16.090223 MB)
Querying trie...
Done!
total time: 344.775570 ms, avg latency: 344.775570 ns
not implemented
132.519957,33.565483,344.775570
[PASSED]
[time 0.99 s, user 0.90 s, sys 0.08 s, maxrss 155652 KB]
[busy 106 jiffies]
[exit 0]
--- c2 case 6 rec 0   load 0.80 0.83 0.82
[TEST PDT]
Processing dataset...
Done!
Building trie...
dict size: 161960, stream size: 6363323
Done!
build time: 3132.898748 ms (3132.898748 ns per key)
space cost: 7.499054 MB (46.606276% of original size 16.090223 MB)
Querying trie...
Done!
total time: 616.260157 ms, avg latency: 616.260157 ns
not implemented
3132.898748,7.499054,616.260157
[PASSED]
[time 4.25 s, user 4.15 s, sys 0.09 s, maxrss 166680 KB]
[busy 438 jiffies]
[exit 0]
--- c2 case 5 rec 2   load 0.82 0.83 0.83
[TEST MARISA]
Processing dataset...
Done!
Building trie...
Done!
build time: 669.333121 ms (669.333121 ns per key)
space cost: 6.233802 MB (38.742793% of original size 16.090223 MB)
Querying trie...
Done!
total time: 752.841428 ms, avg latency: 752.841428 ns
not implemented
669.333121,6.233802,752.841428
[PASSED]
[time 1.91 s, user 1.80 s, sys 0.10 s, maxrss 182280 KB]
[busy 200 jiffies]
[exit 0]
--- c2 case 5 rec 1   load 0.75 0.82 0.82
[TEST MARISA]
Processing dataset...
Done!
Building trie...
Done!
build time: 635.295425 ms (635.295425 ns per key)
space cost: 6.703102 MB (41.659472% of original size 16.090223 MB)
Querying trie...
Done!
total time: 672.327659 ms, avg latency: 672.327659 ns
not implemented
635.295425,6.703102,672.327659
[PASSED]
[time 1.81 s, user 1.67 s, sys 0.13 s, maxrss 182324 KB]
[busy 188 jiffies]
[exit 0]
--- c2 case 5 rec 0   load 0.75 0.82 0.82
[TEST MARISA]
Processing dataset...
Done!
Building trie...
Done!
build time: 524.712660 ms (524.712660 ns per key)
space cost: 9.064179 MB (56.333459% of original size 16.090223 MB)
Querying trie...
Done!
total time: 467.342080 ms, avg latency: 467.342080 ns
not implemented
524.712660,9.064179,467.342080
[PASSED]
[time 1.51 s, user 1.38 s, sys 0.11 s, maxrss 182152 KB]
[busy 162 jiffies]
[exit 0]
--- c2 case 4 rec 0   skipped: exit 134 in round 1
--- c2 case 3 rec 0   load 0.69 0.80 0.82
[TEST FST]
Processing dataset...
Done!
Building trie...
Done!
build time: 659.766660 ms (659.766660 ns per key)
space cost: 9.251146 MB (57.495450% of original size 16.090223 MB)
Querying trie...
Done!
total time: 606.715819 ms, avg latency: 606.715819 ns
not implemented
659.766660,9.251146,606.715819
[PASSED]
[time 1.76 s, user 1.66 s, sys 0.08 s, maxrss 110652 KB]
[busy 187 jiffies]
[exit 0]
--- c2 case 2 rec 2   load 0.69 0.80 0.82
[TEST C2-MARISA]
Processing dataset...
Done!
Building trie...
trie size: 2.376703 MB
trie size: 3.200656 MB
trie size: 0.643222 MB
Done!
build time: 992.391503 ms (992.391503 ns per key)
space cost: 7.215687 MB (44.845163% of original size 16.090223 MB)
Querying trie...
Done!
total time: 283.208783 ms, avg latency: 283.208783 ns
topology: 1.146584 MB, link: 2.476871 MB, data: 3.571725 MB
--- Unary Path Analysis (Marisa, cutoff=3) ---
  branches: 1581104  |  single-char: 512959 (32.4%)  short-unary: 177539 (11.2%)  links: 890606 (56.3%)
  link len: avg=9.57  max=221  total_chars=8521548
  link length distribution (len:count):  3:117743  4:70413  5:118917  6:85174  7:37680  8:75877  9:57977  10:30193  11:47337  12:41279  13:18765  14:27062  15:25994  16:13620  17:18901  18:18001  19:8082  20:11948  21:10483  22:5017  23:8072  24:6695  25:3249  26:5099  27:4017  28:2164  29:3054  30:2749  31:1341  32:2116  33:1821  34:942  35:1314  36:1256  37:587  38:865  39:798  40:341  41:600  42:486  43:231  44:401  45:290  46:126  47:187  48:184  49:84  50:123  51:115  52:56  53:77  54:82  55:43  56:74  57:60  58:29  59:35  60:27  61:10  62:32  63:19  64:19  65:20  66:11  67:19  68:16  69:13  70:6  71:14  72:16  73:6  74:9  75:5  76:5  77:7  78:5  79:2  80:17  81:2  82:7  83:8  84:7  85:3  86:7  87:7  88:3  89:3  90:2  91:4  92:3  93:3  94:1  95:1  96:4  97:5  98:1  99:4  102:2  103:1  104:1  105:1  107:2  108:1  113:2  114:1  116:1  117:1  121:1  122:1  123:1  125:1  131:1  139:1  149:1  152:1  156:2  185:1  189:1  205:1  221:1
  short unary avg len: 2.00
992.391503,7.215687,283.208783
[PASSED]
[time 1.77 s, user 1.62 s, sys 0.13 s, maxrss 216420 KB]
[busy 186 jiffies]
[exit 0]
--- c2 case 2 rec 1   load 0.72 0.81 0.82
[TEST C2-MARISA]
Processing dataset...
Done!
Building trie...
trie size: 2.376703 MB
trie size: 3.200656 MB
Done!
build time: 924.090798 ms (924.090798 ns per key)
space cost: 7.215687 MB (44.845163% of original size 16.090223 MB)
Querying trie...
Done!
total time: 285.701167 ms, avg latency: 285.701167 ns
topology: 1.146584 MB, link: 2.476871 MB, data: 3.571725 MB
--- Unary Path Analysis (Marisa, cutoff=3) ---
  branches: 1581104  |  single-char: 512959 (32.4%)  short-unary: 177539 (11.2%)  links: 890606 (56.3%)
  link len: avg=9.57  max=221  total_chars=8521548
  link length distribution (len:count):  3:117743  4:70413  5:118917  6:85174  7:37680  8:75877  9:57977  10:30193  11:47337  12:41279  13:18765  14:27062  15:25994  16:13620  17:18901  18:18001  19:8082  20:11948  21:10483  22:5017  23:8072  24:6695  25:3249  26:5099  27:4017  28:2164  29:3054  30:2749  31:1341  32:2116  33:1821  34:942  35:1314  36:1256  37:587  38:865  39:798  40:341  41:600  42:486  43:231  44:401  45:290  46:126  47:187  48:184  49:84  50:123  51:115  52:56  53:77  54:82  55:43  56:74  57:60  58:29  59:35  60:27  61:10  62:32  63:19  64:19  65:20  66:11  67:19  68:16  69:13  70:6  71:14  72:16  73:6  74:9  75:5  76:5  77:7  78:5  79:2  80:17  81:2  82:7  83:8  84:7  85:3  86:7  87:7  88:3  89:3  90:2  91:4  92:3  93:3  94:1  95:1  96:4  97:5  98:1  99:4  102:2  103:1  104:1  105:1  107:2  108:1  113:2  114:1  116:1  117:1  121:1  122:1  123:1  125:1  131:1  139:1  149:1  152:1  156:2  185:1  189:1  205:1  221:1
  short unary avg len: 2.00
924.090798,7.215687,285.701167
[PASSED]
[time 1.71 s, user 1.55 s, sys 0.14 s, maxrss 216536 KB]
[busy 181 jiffies]
[exit 0]
--- c2 case 2 rec 0   load 0.72 0.81 0.82
[TEST C2-MARISA]
Processing dataset...
Done!
Building trie...
trie size: 2.376703 MB
Done!
build time: 712.267808 ms (712.267808 ns per key)
space cost: 9.316646 MB (57.902525% of original size 16.090223 MB)
Querying trie...
Done!
total time: 323.387841 ms, avg latency: 323.387841 ns
topology: 0.787403 MB, link: 2.444094 MB, data: 6.064641 MB
--- Unary Path Analysis (Marisa, cutoff=3) ---
  branches: 1581104  |  single-char: 512959 (32.4%)  short-unary: 177539 (11.2%)  links: 890606 (56.3%)
  link len: avg=9.57  max=221  total_chars=8521548
  link length distribution (len:count):  3:117743  4:70413  5:118917  6:85174  7:37680  8:75877  9:57977  10:30193  11:47337  12:41279  13:18765  14:27062  15:25994  16:13620  17:18901  18:18001  19:8082  20:11948  21:10483  22:5017  23:8072  24:6695  25:3249  26:5099  27:4017  28:2164  29:3054  30:2749  31:1341  32:2116  33:1821  34:942  35:1314  36:1256  37:587  38:865  39:798  40:341  41:600  42:486  43:231  44:401  45:290  46:126  47:187  48:184  49:84  50:123  51:115  52:56  53:77  54:82  55:43  56:74  57:60  58:29  59:35  60:27  61:10  62:32  63:19  64:19  65:20  66:11  67:19  68:16  69:13  70:6  71:14  72:16  73:6  74:9  75:5  76:5  77:7  78:5  79:2  80:17  81:2  82:7  83:8  84:7  85:3  86:7  87:7  88:3  89:3  90:2  91:4  92:3  93:3  94:1  95:1  96:4  97:5  98:1  99:4  102:2  103:1  104:1  105:1  107:2  108:1  113:2  114:1  116:1  117:1  121:1  122:1  123:1  125:1  131:1  139:1  149:1  152:1  156:2  185:1  189:1  205:1  221:1
  short unary avg len: 2.00
712.267808,9.316646,323.387841
[PASSED]
[time 1.51 s, user 1.38 s, sys 0.12 s, maxrss 216256 KB]
[busy 161 jiffies]
[exit 0]
--- c2 case 1 rec 2   load 0.74 0.81 0.82
[TEST C2-CoCo(LOUDS-Sparse)]
Processing dataset...
Done!
Building trie...
trie size: 2.382156 MB
trie size: 0.519189 MB
Done!
build time: 1840.535125 ms (1840.535125 ns per key)
space cost: 8.575588 MB (53.296888% of original size 16.090223 MB)
Querying trie...
Done!
total time: 639.586640 ms, avg latency: 639.586640 ns
topology: 0.704411 MB, link: 2.913508 MB, data: 4.957669 MB
1840.535125,8.575588,639.586640
[PASSED]
[time 2.98 s, user 2.76 s, sys 0.20 s, maxrss 343620 KB]
[busy 308 jiffies]
[exit 0]
--- c2 case 1 rec 1   load 0.68 0.80 0.81
[TEST C2-CoCo(LOUDS-Sparse)]
Processing dataset...
Done!
Building trie...
trie size: 2.382156 MB
Done!
build time: 1800.695966 ms (1800.695966 ns per key)
space cost: 8.575588 MB (53.296888% of original size 16.090223 MB)
Querying trie...
Done!
total time: 630.074111 ms, avg latency: 630.074111 ns
topology: 0.704411 MB, link: 2.913508 MB, data: 4.957669 MB
1800.695966,8.575588,630.074111
[PASSED]
[time 2.94 s, user 2.74 s, sys 0.18 s, maxrss 343872 KB]
[busy 306 jiffies]
[exit 0]
--- c2 case 1 rec 0   load 0.68 0.80 0.81
[TEST C2-CoCo(LOUDS-Sparse)]
Processing dataset...
Done!
Building trie...
Done!
build time: 1614.835152 ms (1614.835152 ns per key)
space cost: 10.076944 MB (62.627748% of original size 16.090223 MB)
Querying trie...
Done!
total time: 619.746510 ms, avg latency: 619.746510 ns
topology: 0.428116 MB, link: 2.771456 MB, data: 6.877373 MB
1614.835152,10.076944,619.746510
[PASSED]
[time 2.72 s, user 2.52 s, sys 0.19 s, maxrss 343876 KB]
[busy 285 jiffies]
[exit 0]
--- c2 case 0 rec 2   load 0.71 0.80 0.81
[TEST C2-FST]
Processing dataset...
Done!
Building trie...
trie size: 2.382156 MB
trie size: 0.519189 MB
Done!
build time: 870.550678 ms (870.550678 ns per key)
space cost: 7.814046 MB (48.563937% of original size 16.090223 MB)
Querying trie...
Done!
total time: 434.193896 ms, avg latency: 434.193896 ns
topology: 1.289776 MB, link: 2.002253 MB, data: 4.522017 MB
--- Unary Path Analysis (FST, cutoff=4) ---
  shared unary steps in main trie: 533155
  terminal suffixes: inplace=237541 (avg len=1.85)  links=651614 (73.3% of terminal)
  link len: avg=9.49  max=219  total_chars=6184530
  link length distribution (len:count):  4:101787  5:75109  6:33236  7:70197  8:54797  9:28682  10:45020  11:39800  12:18111  13:26128  14:25316  15:13287  16:18412  17:17629  18:7811  19:11663  20:10322  21:4897  22:7909  23:6587  24:3201  25:5027  26:3953  27:2124  28:3009  29:2707  30:1318  31:2090  32:1807  33:932  34:1302  35:1246  36:576  37:856  38:792  39:335  40:596  41:485  42:228  43:398  44:289  45:126  46:187  47:184  48:83  49:123  50:115  51:56  52:76  53:79  54:43  55:73  56:58  57:28  58:35  59:27  60:9  61:32  62:19  63:18  64:20  65:11  66:19  67:16  68:13  69:6  70:14  71:16  72:6  73:9  74:5  75:5  76:7  77:5  78:2  79:17  80:2  81:7  82:8  83:7  84:3  85:7  86:7  87:3  88:3  89:2  90:4  91:3  92:3  93:1  94:1  95:3  96:5  97:1  98:4  101:2  102:1  103:1  104:1  106:2  107:1  112:2  113:1  115:1  116:1  120:1  121:1  122:1  124:1  130:1  138:1  148:1  151:1  155:2  184:1  188:1  204:1  220:1
870.550678,7.814046,434.193896
[PASSED]
[time 1.81 s, user 1.69 s, sys 0.11 s, maxrss 186464 KB]
[busy 189 jiffies]
[exit 0]
--- c2 case 0 rec 1   load 0.65 0.79 0.81
[TEST C2-FST]
Processing dataset...
Done!
Building trie...
trie size: 2.382156 MB
Done!
build time: 826.497668 ms (826.497668 ns per key)
space cost: 7.814046 MB (48.563937% of original size 16.090223 MB)
Querying trie...
Done!
total time: 441.361428 ms, avg latency: 441.361428 ns
topology: 1.289776 MB, link: 2.002253 MB, data: 4.522017 MB
--- Unary Path Analysis (FST, cutoff=4) ---
  shared unary steps in main trie: 533155
  terminal suffixes: inplace=237541 (avg len=1.85)  links=651614 (73.3% of terminal)
  link len: avg=9.49  max=219  total_chars=6184530
  link length distribution (len:count):  4:101787  5:75109  6:33236  7:70197  8:54797  9:28682  10:45020  11:39800  12:18111  13:26128  14:25316  15:13287  16:18412  17:17629  18:7811  19:11663  20:10322  21:4897  22:7909  23:6587  24:3201  25:5027  26:3953  27:2124  28:3009  29:2707  30:1318  31:2090  32:1807  33:932  34:1302  35:1246  36:576  37:856  38:792  39:335  40:596  41:485  42:228  43:398  44:289  45:126  46:187  47:184  48:83  49:123  50:115  51:56  52:76  53:79  54:43  55:73  56:58  57:28  58:35  59:27  60:9  61:32  62:19  63:18  64:20  65:11  66:19  67:16  68:13  69:6  70:14  71:16  72:6  73:9  74:5  75:5  76:7  77:5  78:2  79:17  80:2  81:7  82:8  83:7  84:3  85:7  86:7  87:3  88:3  89:2  90:4  91:3  92:3  93:1  94:1  95:3  96:5  97:1  98:4  101:2  102:1  103:1  104:1  106:2  107:1  112:2  113:1  115:1  116:1  120:1  121:1  122:1  124:1  130:1  138:1  148:1  151:1  155:2  184:1  188:1  204:1  220:1
826.497668,7.814046,441.361428
[PASSED]
[time 1.77 s, user 1.63 s, sys 0.12 s, maxrss 186124 KB]
[busy 187 jiffies]
[exit 0]
--- c2 case 0 rec 0   load 0.65 0.79 0.81
[TEST C2-FST]
Processing dataset...
Done!
Building trie...
Done!
build time: 659.564169 ms (659.564169 ns per key)
space cost: 9.315402 MB (57.894796% of original size 16.090223 MB)
Querying trie...
Done!
total time: 418.125575 ms, avg latency: 418.125575 ns
topology: 1.013481 MB, link: 1.860200 MB, data: 6.441721 MB
--- Unary Path Analysis (FST, cutoff=4) ---
  shared unary steps in main trie: 533155
  terminal suffixes: inplace=237541 (avg len=1.85)  links=651614 (73.3% of terminal)
  link len: avg=9.49  max=219  total_chars=6184530
  link length distribution (len:count):  4:101787  5:75109  6:33236  7:70197  8:54797  9:28682  10:45020  11:39800  12:18111  13:26128  14:25316  15:13287  16:18412  17:17629  18:7811  19:11663  20:10322  21:4897  22:7909  23:6587  24:3201  25:5027  26:3953  27:2124  28:3009  29:2707  30:1318  31:2090  32:1807  33:932  34:1302  35:1246  36:576  37:856  38:792  39:335  40:596  41:485  42:228  43:398  44:289  45:126  46:187  47:184  48:83  49:123  50:115  51:56  52:76  53:79  54:43  55:73  56:58  57:28  58:35  59:27  60:9  61:32  62:19  63:18  64:20  65:11  66:19  67:16  68:13  69:6  70:14  71:16  72:6  73:9  74:5  75:5  76:7  77:5  78:2  79:17  80:2  81:7  82:8  83:7  84:3  85:7  86:7  87:3  88:3  89:2  90:4  91:3  92:3  93:1  94:1  95:3  96:5  97:1  98:4  101:2  102:1  103:1  104:1  106:2  107:1  112:2  113:1  115:1  116:1  120:1  121:1  122:1  124:1  130:1  138:1  148:1  151:1  155:2  184:1  188:1  204:1  220:1
659.564169,9.315402,418.125575
[PASSED]
[time 1.56 s, user 1.45 s, sys 0.10 s, maxrss 186204 KB]
[busy 166 jiffies]
[exit 0]
--- lexindex hashed16   load 0.68 0.79 0.81
1000000 keys
lexindex HashedDictIndex fp=16: build 379 ms, size 10.101 MiB (10.592 B/key), latency cold 41.4 ns, then mean 39.7 / min 39.1 ns
379.254,10.101000,41.360
[time 1.05 s, user 2.44 s, sys 0.26 s, maxrss 262724 KB]
[busy 295 jiffies]
[exit 0]
--- lexindex hashed8   load 0.68 0.79 0.81
1000000 keys
lexindex HashedDictIndex fp=8: build 374 ms, size 9.147 MiB (9.592 B/key), latency cold 40.3 ns, then mean 37.0 / min 34.6 ns
374.381,9.147326,40.280
[time 1.04 s, user 2.41 s, sys 0.27 s, maxrss 260132 KB]
[busy 291 jiffies]
[exit 0]
--- lexindex hashed0   load 0.62 0.78 0.81
1000000 keys
lexindex HashedDictIndex closed: build 377 ms, size 8.194 MiB (8.592 B/key), latency cold 37.0 ns, then mean 34.4 / min 34.1 ns
377.071,8.193651,36.978
[time 1.03 s, user 2.41 s, sys 0.25 s, maxrss 260292 KB]
[busy 288 jiffies]
[exit 0]
--- lexindex string   load 0.62 0.78 0.81
1000000 keys
lexindex StringIndex: build 775 ms, size 16.712 MiB (17.523 B/key), latency cold 292.1 ns, then mean 277.0 / min 274.4 ns
775.235,16.711605,292.086
[time 2.39 s, user 2.29 s, sys 0.08 s, maxrss 152920 KB]
[busy 258 jiffies]
[exit 0]
--- lexindex dict1024   load 0.57 0.76 0.80
1000000 keys
lexindex DictIndex block 1024: build 281 ms, size 5.423 MiB (5.687 B/key), latency cold 502.0 ns, then mean 490.2 / min 489.1 ns
280.826,5.423172,502.047
[time 2.76 s, user 3.58 s, sys 0.18 s, maxrss 245232 KB]
[busy 400 jiffies]
[exit 0]
--- lexindex dict256   load 0.57 0.76 0.80
1000000 keys
lexindex DictIndex block 256: build 263 ms, size 5.580 MiB (5.851 B/key), latency cold 407.3 ns, then mean 401.8 / min 400.1 ns
262.797,5.580144,407.255
[time 2.39 s, user 3.74 s, sys 0.24 s, maxrss 263500 KB]
[busy 423 jiffies]
[exit 0]
--- lexindex dict32   load 0.61 0.77 0.80
1000000 keys
lexindex DictIndex block 32: build 259 ms, size 5.823 MiB (6.105 B/key), latency cold 383.3 ns, then mean 382.1 / min 380.8 ns
258.958,5.822630,383.349
[time 2.30 s, user 3.59 s, sys 0.27 s, maxrss 262284 KB]
[busy 412 jiffies]
[exit 0]

##### titles-ru-1000000 (1000000 lines, 36819661 bytes)   round 2/3   2026-09-24T03:26:34+03:00
--- xcdat 16   load 0.64 0.77 0.81
build time: 776.886412 ms
space cost: 22.860906 MiB (66.922456% of original size 34.160291 MiB)
avg latency: 377.221734 ns
776.886412,22.860906,377.221734
[time 1.87 s, user 1.70 s, sys 0.15 s, maxrss 213556 KB]
[busy 198 jiffies]
[exit 0]
--- xcdat 15   load 0.64 0.77 0.81
build time: 815.551955 ms
space cost: 22.013930 MiB (64.443041% of original size 34.160291 MiB)
avg latency: 356.488316 ns
815.551955,22.013930,356.488316
[time 1.89 s, user 1.73 s, sys 0.14 s, maxrss 213688 KB]
[busy 198 jiffies]
[exit 0]
--- xcdat 8   load 0.67 0.78 0.81
build time: 773.003033 ms
space cost: 18.486019 MiB (54.115521% of original size 34.160291 MiB)
avg latency: 369.201480 ns
773.003033,18.486019,369.201480
[time 1.87 s, user 1.70 s, sys 0.16 s, maxrss 207200 KB]
[busy 199 jiffies]
[exit 0]
--- xcdat 7   load 0.62 0.76 0.80
build time: 824.163351 ms
space cost: 18.793670 MiB (55.016129% of original size 34.160291 MiB)
avg latency: 384.239865 ns
824.163351,18.793670,384.239865
[time 1.92 s, user 1.76 s, sys 0.14 s, maxrss 207092 KB]
[busy 202 jiffies]
[exit 0]
--- c2 case 8 rec 0   load 0.62 0.76 0.80
[TEST CART]
Processing dataset...
Done!
Building trie...
Done!
build time: 290.431308 ms (290.431308 ns per key)
space cost: 17.935776 MB (52.504752% of original size 34.160291 MB)
Querying trie...
Done!
total time: 654.596642 ms, avg latency: 654.596642 ns
not implemented
290.431308,17.935776,654.596642
[PASSED]
[time 1.68 s, user 1.56 s, sys 0.11 s, maxrss 228528 KB]
[busy 175 jiffies]
[exit 0]
--- c2 case 7 rec 0   load 0.57 0.75 0.80
[TEST ART]
Processing dataset...
Done!
Building trie...
Done!
build time: 227.220240 ms (227.220240 ns per key)
space cost: 37.032776 MB (108.408843% of original size 34.160291 MB)
Querying trie...
Done!
total time: 569.388530 ms, avg latency: 569.388530 ns
not implemented
227.220240,37.032776,569.388530
[PASSED]
[time 1.52 s, user 1.39 s, sys 0.12 s, maxrss 239240 KB]
[busy 161 jiffies]
[exit 0]
--- c2 case 6 rec 0   load 0.57 0.75 0.80
[TEST PDT]
Processing dataset...
Done!
Building trie...
dict size: 149058, stream size: 8676288
Done!
build time: 2736.039624 ms (2736.039624 ns per key)
space cost: 9.692565 MB (28.373778% of original size 34.160291 MB)
Querying trie...
Done!
total time: 777.490086 ms, avg latency: 777.490086 ns
not implemented
2736.039624,9.692565,777.490086
[PASSED]
[time 4.24 s, user 4.02 s, sys 0.20 s, maxrss 238296 KB]
[busy 437 jiffies]
[exit 0]
--- c2 case 5 rec 2   load 0.60 0.75 0.80
[TEST MARISA]
Processing dataset...
Done!
Building trie...
Done!
build time: 983.661955 ms (983.661955 ns per key)
space cost: 8.209226 MB (24.031487% of original size 34.160291 MB)
Querying trie...
Done!
total time: 1224.601000 ms, avg latency: 1224.601000 ns
not implemented
983.661955,8.209226,1224.601000
[PASSED]
[time 2.90 s, user 2.76 s, sys 0.12 s, maxrss 231248 KB]
[busy 300 jiffies]
[exit 0]
--- c2 case 5 rec 1   load 0.63 0.76 0.80
[TEST MARISA]
Processing dataset...
Done!
Building trie...
Done!
build time: 944.292479 ms (944.292479 ns per key)
space cost: 9.445531 MB (27.650616% of original size 34.160291 MB)
Querying trie...
Done!
total time: 1088.547141 ms, avg latency: 1088.547141 ns
not implemented
944.292479,9.445531,1088.547141
[PASSED]
[time 2.74 s, user 2.57 s, sys 0.15 s, maxrss 231212 KB]
[busy 287 jiffies]
[exit 0]
--- c2 case 5 rec 0   load 0.66 0.76 0.80
[TEST MARISA]
Processing dataset...
Done!
Building trie...
Done!
build time: 760.743811 ms (760.743811 ns per key)
space cost: 14.925114 MB (43.691413% of original size 34.160291 MB)
Querying trie...
Done!
total time: 691.734855 ms, avg latency: 691.734855 ns
not implemented
760.743811,14.925114,691.734855
[PASSED]
[time 2.16 s, user 1.99 s, sys 0.16 s, maxrss 231116 KB]
[busy 229 jiffies]
[exit 0]
--- c2 case 4 rec 0   skipped: exit 134 in round 1
--- c2 case 3 rec 0   load 0.66 0.76 0.80
[TEST FST]
Processing dataset...
Done!
Building trie...
Done!
build time: 1145.840346 ms (1145.840346 ns per key)
space cost: 15.406425 MB (45.100393% of original size 34.160291 MB)
Querying trie...
Done!
total time: 1208.878148 ms, avg latency: 1208.878148 ns
not implemented
1145.840346,15.406425,1208.878148
[PASSED]
[time 3.05 s, user 2.94 s, sys 0.09 s, maxrss 177044 KB]
[busy 317 jiffies]
[exit 0]
--- c2 case 2 rec 2   load 0.69 0.77 0.80
[TEST C2-MARISA]
Processing dataset...
Done!
Building trie...
trie size: 2.484302 MB
trie size: 4.015308 MB
trie size: 1.015766 MB
Done!
build time: 1761.144397 ms (1761.144397 ns per key)
space cost: 8.714260 MB (25.509912% of original size 34.160291 MB)
Querying trie...
Done!
total time: 399.132206 ms, avg latency: 399.132206 ns
topology: 1.481594 MB, link: 3.266720 MB, data: 3.945438 MB
--- Unary Path Analysis (Marisa, cutoff=3) ---
  branches: 1657128  |  single-char: 447774 (27.0%)  short-unary: 128432 (7.8%)  links: 1080922 (65.2%)
  link len: avg=17.77  max=240  total_chars=19212544
  link length distribution (len:count):  3:87321  4:48292  5:58975  6:36358  7:58121  8:33015  9:59626  10:32247  11:55687  12:30072  13:49121  14:27545  15:39628  16:26319  17:32373  18:20972  19:27510  20:17247  21:17760  22:15297  23:13707  24:14933  25:12396  26:15583  27:11863  28:17395  29:11704  30:17896  31:12395  32:17216  33:11862  34:15819  35:11459  36:13046  37:10194  38:10344  39:8104  40:8139  41:6769  42:6000  43:5033  44:5077  45:3963  46:3720  47:3456  48:2871  49:2663  50:2321  51:2168  52:1981  53:1813  54:1693  55:1597  56:1488  57:1344  58:1172  59:1122  60:1025  61:904  62:871  63:814  64:834  65:767  66:626  67:663  68:607  69:568  70:524  71:545  72:489  73:428  74:436  75:441  76:375  77:319  78:357  79:299  80:304  81:282  82:274  83:213  84:203  85:208  86:189  87:193  88:179  89:159  90:153  91:146  92:153  93:110  94:115  95:107  96:113  97:98  98:81  99:92  100:91  101:100  102:69  103:62  104:60  105:53  106:53  107:55  108:63  109:50  110:63  111:44  112:45  113:43  114:49  115:38  116:32  117:45  118:31  119:36  120:28  121:37  122:28  123:24  124:20  125:19  126:32  127:29  128:26  129:15  130:19  131:30  132:11  133:22  134:9  135:11  136:14  137:18  138:15  139:6  140:8  141:14  142:16  143:8  144:10  145:14  146:12  147:8  148:11  149:7  150:9  151:6  152:12  153:9  154:13  155:7  156:5  157:6  158:3  159:8  160:4  161:7  162:11  163:6  164:11  165:3  166:5  167:7  168:4  169:5  170:6  171:3  172:4  173:3  174:9  175:4  176:1  177:4  178:5  179:7  180:4  181:4  182:2  183:6  184:7  185:4  186:2  187:3  188:2  189:2  191:1  192:1  193:3  194:3  195:2  197:2  198:2  199:4  201:1  203:1  206:2  208:2  209:1  211:2  213:2  214:1  218:2  219:2  221:1  223:1  229:2  235:1  240:1
  short unary avg len: 2.00
1761.144397,8.714260,399.132206
[PASSED]
[time 2.87 s, user 2.72 s, sys 0.14 s, maxrss 227236 KB]
[busy 300 jiffies]
[exit 0]
--- c2 case 2 rec 1   load 0.72 0.77 0.81
[TEST C2-MARISA]
Processing dataset...
Done!
Building trie...
trie size: 2.484302 MB
trie size: 4.015308 MB
Done!
build time: 1641.729562 ms (1641.729562 ns per key)
space cost: 9.221785 MB (26.995627% of original size 34.160291 MB)
Querying trie...
Done!
total time: 397.655180 ms, avg latency: 397.655180 ns
topology: 1.302711 MB, link: 3.189349 MB, data: 4.709216 MB
--- Unary Path Analysis (Marisa, cutoff=3) ---
  branches: 1657128  |  single-char: 447774 (27.0%)  short-unary: 128432 (7.8%)  links: 1080922 (65.2%)
  link len: avg=17.77  max=240  total_chars=19212544
  link length distribution (len:count):  3:87321  4:48292  5:58975  6:36358  7:58121  8:33015  9:59626  10:32247  11:55687  12:30072  13:49121  14:27545  15:39628  16:26319  17:32373  18:20972  19:27510  20:17247  21:17760  22:15297  23:13707  24:14933  25:12396  26:15583  27:11863  28:17395  29:11704  30:17896  31:12395  32:17216  33:11862  34:15819  35:11459  36:13046  37:10194  38:10344  39:8104  40:8139  41:6769  42:6000  43:5033  44:5077  45:3963  46:3720  47:3456  48:2871  49:2663  50:2321  51:2168  52:1981  53:1813  54:1693  55:1597  56:1488  57:1344  58:1172  59:1122  60:1025  61:904  62:871  63:814  64:834  65:767  66:626  67:663  68:607  69:568  70:524  71:545  72:489  73:428  74:436  75:441  76:375  77:319  78:357  79:299  80:304  81:282  82:274  83:213  84:203  85:208  86:189  87:193  88:179  89:159  90:153  91:146  92:153  93:110  94:115  95:107  96:113  97:98  98:81  99:92  100:91  101:100  102:69  103:62  104:60  105:53  106:53  107:55  108:63  109:50  110:63  111:44  112:45  113:43  114:49  115:38  116:32  117:45  118:31  119:36  120:28  121:37  122:28  123:24  124:20  125:19  126:32  127:29  128:26  129:15  130:19  131:30  132:11  133:22  134:9  135:11  136:14  137:18  138:15  139:6  140:8  141:14  142:16  143:8  144:10  145:14  146:12  147:8  148:11  149:7  150:9  151:6  152:12  153:9  154:13  155:7  156:5  157:6  158:3  159:8  160:4  161:7  162:11  163:6  164:11  165:3  166:5  167:7  168:4  169:5  170:6  171:3  172:4  173:3  174:9  175:4  176:1  177:4  178:5  179:7  180:4  181:4  182:2  183:6  184:7  185:4  186:2  187:3  188:2  189:2  191:1  192:1  193:3  194:3  195:2  197:2  198:2  199:4  201:1  203:1  206:2  208:2  209:1  211:2  213:2  214:1  218:2  219:2  221:1  223:1  229:2  235:1  240:1
  short unary avg len: 2.00
1641.729562,9.221785,397.655180
[PASSED]
[time 2.76 s, user 2.59 s, sys 0.16 s, maxrss 227132 KB]
[busy 285 jiffies]
[exit 0]
--- c2 case 2 rec 0   load 0.74 0.77 0.81
[TEST C2-MARISA]
Processing dataset...
Done!
Building trie...
trie size: 2.484302 MB
Done!
build time: 1211.740789 ms (1211.740789 ns per key)
space cost: 12.012337 MB (35.164621% of original size 34.160291 MB)
Querying trie...
Done!
total time: 519.122803 ms, avg latency: 519.122803 ns
topology: 0.823292 MB, link: 2.965906 MB, data: 8.202631 MB
--- Unary Path Analysis (Marisa, cutoff=3) ---
  branches: 1657128  |  single-char: 447774 (27.0%)  short-unary: 128432 (7.8%)  links: 1080922 (65.2%)
  link len: avg=17.77  max=240  total_chars=19212544
  link length distribution (len:count):  3:87321  4:48292  5:58975  6:36358  7:58121  8:33015  9:59626  10:32247  11:55687  12:30072  13:49121  14:27545  15:39628  16:26319  17:32373  18:20972  19:27510  20:17247  21:17760  22:15297  23:13707  24:14933  25:12396  26:15583  27:11863  28:17395  29:11704  30:17896  31:12395  32:17216  33:11862  34:15819  35:11459  36:13046  37:10194  38:10344  39:8104  40:8139  41:6769  42:6000  43:5033  44:5077  45:3963  46:3720  47:3456  48:2871  49:2663  50:2321  51:2168  52:1981  53:1813  54:1693  55:1597  56:1488  57:1344  58:1172  59:1122  60:1025  61:904  62:871  63:814  64:834  65:767  66:626  67:663  68:607  69:568  70:524  71:545  72:489  73:428  74:436  75:441  76:375  77:319  78:357  79:299  80:304  81:282  82:274  83:213  84:203  85:208  86:189  87:193  88:179  89:159  90:153  91:146  92:153  93:110  94:115  95:107  96:113  97:98  98:81  99:92  100:91  101:100  102:69  103:62  104:60  105:53  106:53  107:55  108:63  109:50  110:63  111:44  112:45  113:43  114:49  115:38  116:32  117:45  118:31  119:36  120:28  121:37  122:28  123:24  124:20  125:19  126:32  127:29  128:26  129:15  130:19  131:30  132:11  133:22  134:9  135:11  136:14  137:18  138:15  139:6  140:8  141:14  142:16  143:8  144:10  145:14  146:12  147:8  148:11  149:7  150:9  151:6  152:12  153:9  154:13  155:7  156:5  157:6  158:3  159:8  160:4  161:7  162:11  163:6  164:11  165:3  166:5  167:7  168:4  169:5  170:6  171:3  172:4  173:3  174:9  175:4  176:1  177:4  178:5  179:7  180:4  181:4  182:2  183:6  184:7  185:4  186:2  187:3  188:2  189:2  191:1  192:1  193:3  194:3  195:2  197:2  198:2  199:4  201:1  203:1  206:2  208:2  209:1  211:2  213:2  214:1  218:2  219:2  221:1  223:1  229:2  235:1  240:1
  short unary avg len: 2.00
1211.740789,12.012337,519.122803
[PASSED]
[time 2.44 s, user 2.28 s, sys 0.15 s, maxrss 243608 KB]
[busy 260 jiffies]
[exit 0]
--- c2 case 1 rec 2   load 0.74 0.77 0.81
[TEST C2-CoCo(LOUDS-Sparse)]
Processing dataset...
Done!
Building trie...
trie size: 3.233313 MB
trie size: 0.910584 MB
Done!
build time: 3957.981486 ms (3957.981486 ns per key)
space cost: 12.113895 MB (35.461921% of original size 34.160291 MB)
Querying trie...
Done!
total time: 1018.532045 ms, avg latency: 1018.532045 ns
topology: 0.884426 MB, link: 4.023585 MB, data: 7.205884 MB
3957.981486,12.113895,1018.532045
[PASSED]
[time 5.68 s, user 5.42 s, sys 0.24 s, maxrss 432616 KB]
[busy 587 jiffies]
[exit 0]
--- c2 case 1 rec 1   load 0.78 0.78 0.81
[TEST C2-CoCo(LOUDS-Sparse)]
Processing dataset...
Done!
Building trie...
trie size: 3.233313 MB
Done!
build time: 3834.845197 ms (3834.845197 ns per key)
space cost: 12.113895 MB (35.461921% of original size 34.160291 MB)
Querying trie...
Done!
total time: 1005.005701 ms, avg latency: 1005.005701 ns
topology: 0.884426 MB, link: 4.023585 MB, data: 7.205884 MB
3834.845197,12.113895,1005.005701
[PASSED]
[time 5.55 s, user 5.30 s, sys 0.22 s, maxrss 432448 KB]
[busy 571 jiffies]
[exit 0]
--- c2 case 1 rec 0   load 0.80 0.79 0.81
[TEST C2-CoCo(LOUDS-Sparse)]
Processing dataset...
Done!
Building trie...
Done!
build time: 3449.481769 ms (3449.481769 ns per key)
space cost: 14.618523 MB (42.793905% of original size 34.160291 MB)
Querying trie...
Done!
total time: 997.357085 ms, avg latency: 997.357085 ns
topology: 0.472511 MB, link: 3.816133 MB, data: 10.329878 MB
3449.481769,14.618523,997.357085
[PASSED]
[time 5.14 s, user 4.89 s, sys 0.22 s, maxrss 445776 KB]
[busy 531 jiffies]
[exit 0]
--- c2 case 0 rec 2   load 0.81 0.79 0.81
[TEST C2-FST]
Processing dataset...
Done!
Building trie...
trie size: 3.233313 MB
trie size: 0.910584 MB
Done!
build time: 1769.189457 ms (1769.189457 ns per key)
space cost: 10.950089 MB (32.055021% of original size 34.160291 MB)
Querying trie...
Done!
total time: 740.061707 ms, avg latency: 740.061707 ns
topology: 1.728611 MB, link: 2.656099 MB, data: 6.565378 MB
--- Unary Path Analysis (FST, cutoff=4) ---
  shared unary steps in main trie: 1444849
  terminal suffixes: inplace=70261 (avg len=2.02)  links=837902 (92.3% of terminal)
  link len: avg=18.90  max=238  total_chars=15835418
  link length distribution (len:count):  4:38002  5:25136  6:46678  7:25626  8:51081  9:27061  10:49555  11:26346  12:44099  13:24737  14:35638  15:24081  16:29538  17:19279  18:25434  19:16078  20:16463  21:14405  22:12877  23:14367  24:11738  25:15079  26:11391  27:16946  28:11354  29:17411  30:12058  31:16873  32:11600  33:15555  34:11210  35:12790  36:9994  37:10106  38:7923  39:7962  40:6648  41:5829  42:4930  43:4945  44:3895  45:3528  46:3382  47:2749  48:2598  49:2269  50:2117  51:1901  52:1753  53:1665  54:1553  55:1449  56:1305  57:1145  58:1092  59:1004  60:875  61:848  62:788  63:815  64:741  65:605  66:640  67:594  68:554  69:512  70:530  71:482  72:415  73:428  74:424  75:368  76:310  77:349  78:289  79:299  80:274  81:267  82:209  83:198  84:204  85:187  86:188  87:169  88:154  89:148  90:143  91:149  92:108  93:110  94:105  95:111  96:95  97:79  98:91  99:85  100:98  101:68  102:61  103:57  104:50  105:52  106:54  107:61  108:50  109:62  110:44  111:43  112:42  113:44  114:37  115:29  116:42  117:29  118:35  119:28  120:37  121:28  122:24  123:19  124:19  125:31  126:29  127:26  128:15  129:19  130:30  131:11  132:22  133:9  134:11  135:14  136:17  137:15  138:6  139:7  140:14  141:16  142:8  143:9  144:14  145:12  146:8  147:11  148:7  149:9  150:6  151:12  152:9  153:13  154:7  155:5  156:6  157:3  158:8  159:4  160:7  161:11  162:5  163:11  164:3  165:5  166:7  167:4  168:4  169:6  170:3  171:4  172:3  173:9  174:4  175:1  176:4  177:5  178:6  179:4  180:4  181:2  182:6  183:7  184:4  185:2  186:3  187:2  188:2  190:1  191:1  192:3  193:3  194:2  196:2  197:2  198:4  200:1  202:1  205:2  207:2  208:1  210:2  212:2  213:1  217:2  218:2  220:1  222:1  228:2  234:1  239:1
1769.189457,10.950089,740.061707
[PASSED]
[time 3.24 s, user 3.07 s, sys 0.15 s, maxrss 215472 KB]
[busy 335 jiffies]
[exit 0]
--- c2 case 0 rec 1   load 0.83 0.79 0.81
[TEST C2-FST]
Processing dataset...
Done!
Building trie...
trie size: 3.233313 MB
Done!
build time: 1643.068598 ms (1643.068598 ns per key)
space cost: 10.950089 MB (32.055021% of original size 34.160291 MB)
Querying trie...
Done!
total time: 747.146284 ms, avg latency: 747.146284 ns
topology: 1.728611 MB, link: 2.656099 MB, data: 6.565378 MB
--- Unary Path Analysis (FST, cutoff=4) ---
  shared unary steps in main trie: 1444849
  terminal suffixes: inplace=70261 (avg len=2.02)  links=837902 (92.3% of terminal)
  link len: avg=18.90  max=238  total_chars=15835418
  link length distribution (len:count):  4:38002  5:25136  6:46678  7:25626  8:51081  9:27061  10:49555  11:26346  12:44099  13:24737  14:35638  15:24081  16:29538  17:19279  18:25434  19:16078  20:16463  21:14405  22:12877  23:14367  24:11738  25:15079  26:11391  27:16946  28:11354  29:17411  30:12058  31:16873  32:11600  33:15555  34:11210  35:12790  36:9994  37:10106  38:7923  39:7962  40:6648  41:5829  42:4930  43:4945  44:3895  45:3528  46:3382  47:2749  48:2598  49:2269  50:2117  51:1901  52:1753  53:1665  54:1553  55:1449  56:1305  57:1145  58:1092  59:1004  60:875  61:848  62:788  63:815  64:741  65:605  66:640  67:594  68:554  69:512  70:530  71:482  72:415  73:428  74:424  75:368  76:310  77:349  78:289  79:299  80:274  81:267  82:209  83:198  84:204  85:187  86:188  87:169  88:154  89:148  90:143  91:149  92:108  93:110  94:105  95:111  96:95  97:79  98:91  99:85  100:98  101:68  102:61  103:57  104:50  105:52  106:54  107:61  108:50  109:62  110:44  111:43  112:42  113:44  114:37  115:29  116:42  117:29  118:35  119:28  120:37  121:28  122:24  123:19  124:19  125:31  126:29  127:26  128:15  129:19  130:30  131:11  132:22  133:9  134:11  135:14  136:17  137:15  138:6  139:7  140:14  141:16  142:8  143:9  144:14  145:12  146:8  147:11  148:7  149:9  150:6  151:12  152:9  153:13  154:7  155:5  156:6  157:3  158:8  159:4  160:7  161:11  162:5  163:11  164:3  165:5  166:7  167:4  168:4  169:6  170:3  171:4  172:3  173:9  174:4  175:1  176:4  177:5  178:6  179:4  180:4  181:2  182:6  183:7  184:4  185:2  186:3  187:2  188:2  190:1  191:1  192:3  193:3  194:2  196:2  197:2  198:4  200:1  202:1  205:2  207:2  208:1  210:2  212:2  213:1  217:2  218:2  220:1  222:1  228:2  234:1  239:1
1643.068598,10.950089,747.146284
[PASSED]
[time 3.10 s, user 2.94 s, sys 0.14 s, maxrss 215132 KB]
[busy 324 jiffies]
[exit 0]
--- c2 case 0 rec 0   load 0.84 0.80 0.82
[TEST C2-FST]
Processing dataset...
Done!
Building trie...
Done!
build time: 1267.480193 ms (1267.480193 ns per key)
space cost: 13.454716 MB (39.387006% of original size 34.160291 MB)
Querying trie...
Done!
total time: 731.202647 ms, avg latency: 731.202647 ns
topology: 1.316696 MB, link: 2.448647 MB, data: 9.689372 MB
--- Unary Path Analysis (FST, cutoff=4) ---
  shared unary steps in main trie: 1444849
  terminal suffixes: inplace=70261 (avg len=2.02)  links=837902 (92.3% of terminal)
  link len: avg=18.90  max=238  total_chars=15835418
  link length distribution (len:count):  4:38002  5:25136  6:46678  7:25626  8:51081  9:27061  10:49555  11:26346  12:44099  13:24737  14:35638  15:24081  16:29538  17:19279  18:25434  19:16078  20:16463  21:14405  22:12877  23:14367  24:11738  25:15079  26:11391  27:16946  28:11354  29:17411  30:12058  31:16873  32:11600  33:15555  34:11210  35:12790  36:9994  37:10106  38:7923  39:7962  40:6648  41:5829  42:4930  43:4945  44:3895  45:3528  46:3382  47:2749  48:2598  49:2269  50:2117  51:1901  52:1753  53:1665  54:1553  55:1449  56:1305  57:1145  58:1092  59:1004  60:875  61:848  62:788  63:815  64:741  65:605  66:640  67:594  68:554  69:512  70:530  71:482  72:415  73:428  74:424  75:368  76:310  77:349  78:289  79:299  80:274  81:267  82:209  83:198  84:204  85:187  86:188  87:169  88:154  89:148  90:143  91:149  92:108  93:110  94:105  95:111  96:95  97:79  98:91  99:85  100:98  101:68  102:61  103:57  104:50  105:52  106:54  107:61  108:50  109:62  110:44  111:43  112:42  113:44  114:37  115:29  116:42  117:29  118:35  119:28  120:37  121:28  122:24  123:19  124:19  125:31  126:29  127:26  128:15  129:19  130:30  131:11  132:22  133:9  134:11  135:14  136:17  137:15  138:6  139:7  140:14  141:16  142:8  143:9  144:14  145:12  146:8  147:11  148:7  149:9  150:6  151:12  152:9  153:13  154:7  155:5  156:6  157:3  158:8  159:4  160:7  161:11  162:5  163:11  164:3  165:5  166:7  167:4  168:4  169:6  170:3  171:4  172:3  173:9  174:4  175:1  176:4  177:5  178:6  179:4  180:4  181:2  182:6  183:7  184:4  185:2  186:3  187:2  188:2  190:1  191:1  192:3  193:3  194:2  196:2  197:2  198:4  200:1  202:1  205:2  207:2  208:1  210:2  212:2  213:1  217:2  218:2  220:1  222:1  228:2  234:1  239:1
1267.480193,13.454716,731.202647
[PASSED]
[time 2.70 s, user 2.55 s, sys 0.14 s, maxrss 227056 KB]
[busy 284 jiffies]
[exit 0]
--- lexindex hashed16   load 0.86 0.80 0.82
1000000 keys
lexindex HashedDictIndex fp=16: build 484 ms, size 11.065 MiB (11.602 B/key), latency cold 65.2 ns, then mean 63.4 / min 62.7 ns
483.817,11.064662,65.208
[time 1.32 s, user 3.47 s, sys 0.28 s, maxrss 305832 KB]
[busy 400 jiffies]
[exit 0]
--- lexindex hashed8   load 0.86 0.80 0.82
1000000 keys
lexindex HashedDictIndex fp=8: build 484 ms, size 10.111 MiB (10.602 B/key), latency cold 63.8 ns, then mean 62.7 / min 62.3 ns
483.599,10.110988,63.798
[time 1.32 s, user 3.46 s, sys 0.28 s, maxrss 304412 KB]
[busy 397 jiffies]
[exit 0]
--- lexindex hashed0   load 0.79 0.79 0.81
1000000 keys
lexindex HashedDictIndex closed: build 495 ms, size 9.157 MiB (9.602 B/key), latency cold 54.9 ns, then mean 55.1 / min 54.1 ns
494.633,9.157313,54.885
[time 1.30 s, user 3.38 s, sys 0.30 s, maxrss 303696 KB]
[busy 396 jiffies]
[exit 0]
--- lexindex string   load 0.79 0.79 0.81
1000000 keys
lexindex StringIndex: build 1449 ms, size 30.276 MiB (31.746 B/key), latency cold 537.1 ns, then mean 531.6 / min 523.2 ns
1449.035,30.275526,537.128
[time 4.16 s, user 4.02 s, sys 0.12 s, maxrss 212860 KB]
[busy 439 jiffies]
[exit 0]
--- lexindex dict1024   load 0.80 0.79 0.81
1000000 keys
lexindex DictIndex block 1024: build 335 ms, size 6.388 MiB (6.698 B/key), latency cold 558.3 ns, then mean 554.5 / min 553.8 ns
334.740,6.387671,558.293
[time 3.15 s, user 4.47 s, sys 0.24 s, maxrss 300656 KB]
[busy 496 jiffies]
[exit 0]
--- lexindex dict256   load 0.82 0.80 0.82
1000000 keys
lexindex DictIndex block 256: build 319 ms, size 6.544 MiB (6.862 B/key), latency cold 496.1 ns, then mean 491.6 / min 490.2 ns
319.292,6.543816,496.083
[time 2.87 s, user 4.95 s, sys 0.30 s, maxrss 301304 KB]
[busy 554 jiffies]
[exit 0]
--- lexindex dict32   load 0.83 0.80 0.82
1000000 keys
lexindex DictIndex block 32: build 308 ms, size 6.963 MiB (7.302 B/key), latency cold 466.0 ns, then mean 458.8 / min 456.2 ns
307.797,6.963340,466.019
[time 2.73 s, user 4.75 s, sys 0.25 s, maxrss 301328 KB]
[busy 526 jiffies]
[exit 0]

##### titles-en-1000000 (1000000 lines, 21984647 bytes)   round 2/3   2026-09-24T03:28:17+03:00
--- xcdat 16   load 0.77 0.79 0.81
build time: 603.643484 ms
space cost: 16.875467 MiB (84.324554% of original size 20.012519 MiB)
avg latency: 248.498153 ns
603.643484,16.875467,248.498153
[time 1.43 s, user 1.33 s, sys 0.10 s, maxrss 164556 KB]
[busy 154 jiffies]
[exit 0]
--- xcdat 15   load 0.77 0.79 0.81
build time: 628.397810 ms
space cost: 16.333202 MiB (81.614925% of original size 20.012519 MiB)
avg latency: 235.194508 ns
628.397810,16.333202,235.194508
[time 1.45 s, user 1.32 s, sys 0.12 s, maxrss 163344 KB]
[busy 153 jiffies]
[exit 0]
--- xcdat 8   load 0.71 0.77 0.81
build time: 604.709047 ms
space cost: 14.333878 MiB (71.624555% of original size 20.012519 MiB)
avg latency: 256.587227 ns
604.709047,14.333878,256.587227
[time 1.45 s, user 1.34 s, sys 0.10 s, maxrss 161016 KB]
[busy 154 jiffies]
[exit 0]
--- xcdat 7   load 0.71 0.77 0.81
build time: 638.374332 ms
space cost: 14.813288 MiB (74.020106% of original size 20.012519 MiB)
avg latency: 261.578789 ns
638.374332,14.813288,261.578789
[time 1.48 s, user 1.37 s, sys 0.10 s, maxrss 161380 KB]
[busy 160 jiffies]
[exit 0]
--- c2 case 8 rec 0   load 0.65 0.76 0.80
[TEST CART]
Processing dataset...
Done!
Building trie...
Done!
build time: 209.906638 ms (209.906638 ns per key)
space cost: 14.850546 MB (74.206280% of original size 20.012519 MB)
Querying trie...
Done!
total time: 455.317018 ms, avg latency: 455.317018 ns
not implemented
209.906638,14.850546,455.317018
[PASSED]
[time 1.26 s, user 1.18 s, sys 0.07 s, maxrss 163624 KB]
[busy 132 jiffies]
[exit 0]
--- c2 case 7 rec 0   load 0.65 0.76 0.80
[TEST ART]
Processing dataset...
Done!
Building trie...
Done!
build time: 159.900610 ms (159.900610 ns per key)
space cost: 32.696541 MB (163.380437% of original size 20.012519 MB)
Querying trie...
Done!
total time: 390.716969 ms, avg latency: 390.716969 ns
not implemented
159.900610,32.696541,390.716969
[PASSED]
[time 1.13 s, user 1.04 s, sys 0.08 s, maxrss 176548 KB]
[busy 119 jiffies]
[exit 0]
--- c2 case 6 rec 0   load 0.65 0.76 0.80
[TEST PDT]
Processing dataset...
Done!
Building trie...
dict size: 157446, stream size: 7395682
Done!
build time: 3407.628594 ms (3407.628594 ns per key)
space cost: 8.479283 MB (42.369895% of original size 20.012519 MB)
Querying trie...
Done!
total time: 640.221904 ms, avg latency: 640.221904 ns
not implemented
3407.628594,8.479283,640.221904
[PASSED]
[time 4.62 s, user 4.42 s, sys 0.17 s, maxrss 256768 KB]
[busy 475 jiffies]
[exit 0]
--- c2 case 5 rec 2   load 0.62 0.75 0.80
[TEST MARISA]
Processing dataset...
Done!
Building trie...
Done!
build time: 812.113092 ms (812.113092 ns per key)
space cost: 7.806685 MB (39.009010% of original size 20.012519 MB)
Querying trie...
Done!
total time: 888.198337 ms, avg latency: 888.198337 ns
not implemented
812.113092,7.806685,888.198337
[PASSED]
[time 2.27 s, user 2.11 s, sys 0.15 s, maxrss 195324 KB]
[busy 237 jiffies]
[exit 0]
--- c2 case 5 rec 1   load 0.62 0.75 0.80
[TEST MARISA]
Processing dataset...
Done!
Building trie...
Done!
build time: 764.515800 ms (764.515800 ns per key)
space cost: 8.680676 MB (43.376231% of original size 20.012519 MB)
Querying trie...
Done!
total time: 774.546203 ms, avg latency: 774.546203 ns
not implemented
764.515800,8.680676,774.546203
[PASSED]
[time 2.11 s, user 1.96 s, sys 0.14 s, maxrss 195208 KB]
[busy 219 jiffies]
[exit 0]
--- c2 case 5 rec 0   load 0.65 0.75 0.80
[TEST MARISA]
Processing dataset...
Done!
Building trie...
Done!
build time: 602.245576 ms (602.245576 ns per key)
space cost: 12.537066 MB (62.646119% of original size 20.012519 MB)
Querying trie...
Done!
total time: 497.802672 ms, avg latency: 497.802672 ns
not implemented
602.245576,12.537066,497.802672
[PASSED]
[time 1.68 s, user 1.53 s, sys 0.14 s, maxrss 195264 KB]
[busy 179 jiffies]
[exit 0]
--- c2 case 4 rec 0   skipped: exit 134 in round 1
--- c2 case 3 rec 0   load 0.65 0.75 0.80
[TEST FST]
Processing dataset...
Done!
Building trie...
Done!
build time: 795.750147 ms (795.750147 ns per key)
space cost: 12.223534 MB (61.079436% of original size 20.012519 MB)
Querying trie...
Done!
total time: 673.984562 ms, avg latency: 673.984562 ns
not implemented
795.750147,12.223534,673.984562
[PASSED]
[time 2.05 s, user 1.94 s, sys 0.09 s, maxrss 131144 KB]
[busy 212 jiffies]
[exit 0]
--- c2 case 2 rec 2   load 0.68 0.76 0.80
[TEST C2-MARISA]
Processing dataset...
Done!
Building trie...
trie size: 2.238578 MB
trie size: 3.821277 MB
trie size: 1.037524 MB
Done!
build time: 1526.684699 ms (1526.684699 ns per key)
space cost: 8.586061 MB (42.903452% of original size 20.012519 MB)
Querying trie...
Done!
total time: 496.694749 ms, avg latency: 496.694749 ns
topology: 1.213478 MB, link: 2.963206 MB, data: 4.388869 MB
--- Unary Path Analysis (Marisa, cutoff=3) ---
  branches: 1523874  |  single-char: 417651 (27.4%)  short-unary: 97461 (6.4%)  links: 1008762 (66.2%)
  link len: avg=12.11  max=234  total_chars=12215333
  link length distribution (len:count):  3:76859  4:82017  5:81216  6:79010  7:72564  8:64127  9:55531  10:50303  11:44703  12:39548  13:35394  14:31778  15:31462  16:28952  17:25995  18:23521  19:19840  20:18044  21:16382  22:14569  23:12399  24:11015  25:9715  26:8556  27:8141  28:7267  29:6255  30:5853  31:5207  32:4578  33:4049  34:3736  35:3293  36:2910  37:2688  38:2423  39:2074  40:1908  41:1670  42:1511  43:1333  44:1158  45:939  46:855  47:728  48:689  49:615  50:544  51:465  52:457  53:344  54:344  55:284  56:276  57:242  58:216  59:216  60:177  61:159  62:140  63:127  64:109  65:95  66:79  67:80  68:79  69:75  70:69  71:69  72:55  73:51  74:42  75:46  76:42  77:35  78:41  79:38  80:39  81:21  82:18  83:21  84:19  85:14  86:18  87:14  88:15  89:11  90:14  91:13  92:7  93:5  94:8  95:7  96:5  97:9  98:8  99:5  100:7  101:11  102:5  103:6  104:3  105:3  106:3  107:5  108:4  109:5  110:1  111:2  112:6  113:1  114:1  115:1  116:4  117:1  119:1  120:2  122:2  124:2  126:1  127:1  129:1  130:1  132:1  133:2  135:1  136:1  137:1  138:3  139:1  140:1  142:2  146:1  153:1  155:1  157:1  160:3  166:1  169:1  175:1  176:1  180:1  182:1  200:1  202:1  203:1  205:1  208:1  217:1  218:1  220:1  234:1
  short unary avg len: 2.00
1526.684699,8.586061,496.694749
[PASSED]
[time 2.60 s, user 2.44 s, sys 0.14 s, maxrss 197316 KB]
[busy 275 jiffies]
[exit 0]
--- c2 case 2 rec 1   load 0.71 0.76 0.81
[TEST C2-MARISA]
Processing dataset...
Done!
Building trie...
trie size: 2.238578 MB
trie size: 3.821277 MB
Done!
build time: 1391.895608 ms (1391.895608 ns per key)
space cost: 8.586061 MB (42.903452% of original size 20.012519 MB)
Querying trie...
Done!
total time: 495.517726 ms, avg latency: 495.517726 ns
topology: 1.213478 MB, link: 2.963206 MB, data: 4.388869 MB
--- Unary Path Analysis (Marisa, cutoff=3) ---
  branches: 1523874  |  single-char: 417651 (27.4%)  short-unary: 97461 (6.4%)  links: 1008762 (66.2%)
  link len: avg=12.11  max=234  total_chars=12215333
  link length distribution (len:count):  3:76859  4:82017  5:81216  6:79010  7:72564  8:64127  9:55531  10:50303  11:44703  12:39548  13:35394  14:31778  15:31462  16:28952  17:25995  18:23521  19:19840  20:18044  21:16382  22:14569  23:12399  24:11015  25:9715  26:8556  27:8141  28:7267  29:6255  30:5853  31:5207  32:4578  33:4049  34:3736  35:3293  36:2910  37:2688  38:2423  39:2074  40:1908  41:1670  42:1511  43:1333  44:1158  45:939  46:855  47:728  48:689  49:615  50:544  51:465  52:457  53:344  54:344  55:284  56:276  57:242  58:216  59:216  60:177  61:159  62:140  63:127  64:109  65:95  66:79  67:80  68:79  69:75  70:69  71:69  72:55  73:51  74:42  75:46  76:42  77:35  78:41  79:38  80:39  81:21  82:18  83:21  84:19  85:14  86:18  87:14  88:15  89:11  90:14  91:13  92:7  93:5  94:8  95:7  96:5  97:9  98:8  99:5  100:7  101:11  102:5  103:6  104:3  105:3  106:3  107:5  108:4  109:5  110:1  111:2  112:6  113:1  114:1  115:1  116:4  117:1  119:1  120:2  122:2  124:2  126:1  127:1  129:1  130:1  132:1  133:2  135:1  136:1  137:1  138:3  139:1  140:1  142:2  146:1  153:1  155:1  157:1  160:3  166:1  169:1  175:1  176:1  180:1  182:1  200:1  202:1  203:1  205:1  208:1  217:1  218:1  220:1  234:1
  short unary avg len: 2.00
1391.895608,8.586061,495.517726
[PASSED]
[time 2.47 s, user 2.30 s, sys 0.15 s, maxrss 197112 KB]
[busy 258 jiffies]
[exit 0]
--- c2 case 2 rec 0   load 0.71 0.76 0.81
[TEST C2-MARISA]
Processing dataset...
Done!
Building trie...
trie size: 2.238578 MB
Done!
build time: 1017.858188 ms (1017.858188 ns per key)
space cost: 10.766413 MB (53.798389% of original size 20.012519 MB)
Querying trie...
Done!
total time: 368.510471 ms, avg latency: 368.510471 ns
topology: 0.741383 MB, link: 2.768053 MB, data: 7.236469 MB
--- Unary Path Analysis (Marisa, cutoff=3) ---
  branches: 1523874  |  single-char: 417651 (27.4%)  short-unary: 97461 (6.4%)  links: 1008762 (66.2%)
  link len: avg=12.11  max=234  total_chars=12215333
  link length distribution (len:count):  3:76859  4:82017  5:81216  6:79010  7:72564  8:64127  9:55531  10:50303  11:44703  12:39548  13:35394  14:31778  15:31462  16:28952  17:25995  18:23521  19:19840  20:18044  21:16382  22:14569  23:12399  24:11015  25:9715  26:8556  27:8141  28:7267  29:6255  30:5853  31:5207  32:4578  33:4049  34:3736  35:3293  36:2910  37:2688  38:2423  39:2074  40:1908  41:1670  42:1511  43:1333  44:1158  45:939  46:855  47:728  48:689  49:615  50:544  51:465  52:457  53:344  54:344  55:284  56:276  57:242  58:216  59:216  60:177  61:159  62:140  63:127  64:109  65:95  66:79  67:80  68:79  69:75  70:69  71:69  72:55  73:51  74:42  75:46  76:42  77:35  78:41  79:38  80:39  81:21  82:18  83:21  84:19  85:14  86:18  87:14  88:15  89:11  90:14  91:13  92:7  93:5  94:8  95:7  96:5  97:9  98:8  99:5  100:7  101:11  102:5  103:6  104:3  105:3  106:3  107:5  108:4  109:5  110:1  111:2  112:6  113:1  114:1  115:1  116:4  117:1  119:1  120:2  122:2  124:2  126:1  127:1  129:1  130:1  132:1  133:2  135:1  136:1  137:1  138:3  139:1  140:1  142:2  146:1  153:1  155:1  157:1  160:3  166:1  169:1  175:1  176:1  180:1  182:1  200:1  202:1  203:1  205:1  208:1  217:1  218:1  220:1  234:1
  short unary avg len: 2.00
1017.858188,10.766413,368.510471
[PASSED]
[time 1.95 s, user 1.81 s, sys 0.13 s, maxrss 201600 KB]
[busy 205 jiffies]
[exit 0]
--- c2 case 1 rec 2   load 0.73 0.77 0.81
[TEST C2-CoCo(LOUDS-Sparse)]
Processing dataset...
Done!
Building trie...
trie size: 3.096522 MB
trie size: 0.887704 MB
Done!
build time: 2510.105451 ms (2510.105451 ns per key)
space cost: 10.462785 MB (52.281201% of original size 20.012519 MB)
Querying trie...
Done!
total time: 848.500473 ms, avg latency: 848.500473 ns
topology: 0.833210 MB, link: 3.468150 MB, data: 6.161425 MB
2510.105451,10.462785,848.500473
[PASSED]
[time 3.93 s, user 3.71 s, sys 0.20 s, maxrss 344776 KB]
[busy 405 jiffies]
[exit 0]
--- c2 case 1 rec 1   load 0.75 0.77 0.81
[TEST C2-CoCo(LOUDS-Sparse)]
Processing dataset...
Done!
Building trie...
trie size: 3.096522 MB
Done!
build time: 2404.191751 ms (2404.191751 ns per key)
space cost: 10.462785 MB (52.281201% of original size 20.012519 MB)
Querying trie...
Done!
total time: 841.912221 ms, avg latency: 841.912221 ns
topology: 0.833210 MB, link: 3.468150 MB, data: 6.161425 MB
2404.191751,10.462785,841.912221
[PASSED]
[time 3.82 s, user 3.62 s, sys 0.18 s, maxrss 344860 KB]
[busy 394 jiffies]
[exit 0]
--- c2 case 1 rec 0   load 0.77 0.78 0.81
[TEST C2-CoCo(LOUDS-Sparse)]
Processing dataset...
Done!
Building trie...
Done!
build time: 2103.446558 ms (2103.446558 ns per key)
space cost: 12.265971 MB (61.291488% of original size 20.012519 MB)
Querying trie...
Done!
total time: 725.754867 ms, avg latency: 725.754867 ns
topology: 0.432648 MB, link: 3.282862 MB, data: 8.550461 MB
2103.446558,12.265971,725.754867
[PASSED]
[time 3.39 s, user 3.19 s, sys 0.18 s, maxrss 358116 KB]
[busy 354 jiffies]
[exit 0]
--- c2 case 0 rec 2   load 0.79 0.78 0.81
[TEST C2-FST]
Processing dataset...
Done!
Building trie...
trie size: 3.096522 MB
trie size: 0.887704 MB
Done!
build time: 1430.762300 ms (1430.762300 ns per key)
space cost: 9.522977 MB (47.585099% of original size 20.012519 MB)
Querying trie...
Done!
total time: 601.731601 ms, avg latency: 601.731601 ns
topology: 1.448536 MB, link: 2.515947 MB, data: 5.558494 MB
--- Unary Path Analysis (FST, cutoff=4) ---
  shared unary steps in main trie: 632648
  terminal suffixes: inplace=148307 (avg len=2.14)  links=794871 (84.3% of terminal)
  link len: avg=12.03  max=232  total_chars=9558452
  link length distribution (len:count):  4:67686  5:69275  6:65423  7:58787  8:51921  9:47544  10:42795  11:38054  12:34227  13:30736  14:30694  15:28260  16:25308  17:22807  18:19264  19:17586  20:15912  21:14224  22:12066  23:10759  24:9477  25:8347  26:7925  27:7112  28:6113  29:5746  30:5072  31:4462  32:3927  33:3658  34:3228  35:2847  36:2644  37:2353  38:2038  39:1870  40:1644  41:1489  42:1315  43:1143  44:928  45:846  46:722  47:679  48:610  49:543  50:459  51:451  52:342  53:339  54:284  55:273  56:239  57:215  58:214  59:177  60:158  61:140  62:127  63:109  64:95  65:79  66:80  67:78  68:75  69:69  70:68  71:54  72:51  73:42  74:46  75:42  76:35  77:41  78:38  79:39  80:21  81:18  82:21  83:19  84:14  85:18  86:14  87:15  88:11  89:14  90:13  91:7  92:5  93:8  94:7  95:5  96:8  97:8  98:5  99:7  100:11  101:5  102:6  103:3  104:3  105:3  106:5  107:4  108:5  109:1  110:2  111:6  112:1  113:1  114:1  115:4  116:1  118:1  119:2  121:2  123:2  125:1  126:1  128:1  129:1  131:1  132:2  134:1  135:1  136:1  137:3  138:1  139:1  141:2  145:1  152:1  154:1  156:1  159:3  165:1  168:1  174:1  175:1  179:1  181:1  199:1  201:1  202:1  204:1  207:1  216:1  217:1  219:1  233:1
1430.762300,9.522977,601.731601
[PASSED]
[time 2.61 s, user 2.45 s, sys 0.14 s, maxrss 180964 KB]
[busy 273 jiffies]
[exit 0]
--- c2 case 0 rec 1   load 0.73 0.77 0.81
[TEST C2-FST]
Processing dataset...
Done!
Building trie...
trie size: 3.096522 MB
Done!
build time: 1310.835472 ms (1310.835472 ns per key)
space cost: 9.522977 MB (47.585099% of original size 20.012519 MB)
Querying trie...
Done!
total time: 599.258091 ms, avg latency: 599.258091 ns
topology: 1.448536 MB, link: 2.515947 MB, data: 5.558494 MB
--- Unary Path Analysis (FST, cutoff=4) ---
  shared unary steps in main trie: 632648
  terminal suffixes: inplace=148307 (avg len=2.14)  links=794871 (84.3% of terminal)
  link len: avg=12.03  max=232  total_chars=9558452
  link length distribution (len:count):  4:67686  5:69275  6:65423  7:58787  8:51921  9:47544  10:42795  11:38054  12:34227  13:30736  14:30694  15:28260  16:25308  17:22807  18:19264  19:17586  20:15912  21:14224  22:12066  23:10759  24:9477  25:8347  26:7925  27:7112  28:6113  29:5746  30:5072  31:4462  32:3927  33:3658  34:3228  35:2847  36:2644  37:2353  38:2038  39:1870  40:1644  41:1489  42:1315  43:1143  44:928  45:846  46:722  47:679  48:610  49:543  50:459  51:451  52:342  53:339  54:284  55:273  56:239  57:215  58:214  59:177  60:158  61:140  62:127  63:109  64:95  65:79  66:80  67:78  68:75  69:69  70:68  71:54  72:51  73:42  74:46  75:42  76:35  77:41  78:38  79:39  80:21  81:18  82:21  83:19  84:14  85:18  86:14  87:15  88:11  89:14  90:13  91:7  92:5  93:8  94:7  95:5  96:8  97:8  98:5  99:7  100:11  101:5  102:6  103:3  104:3  105:3  106:5  107:4  108:5  109:1  110:2  111:6  112:1  113:1  114:1  115:4  116:1  118:1  119:2  121:2  123:2  125:1  126:1  128:1  129:1  131:1  132:2  134:1  135:1  136:1  137:3  138:1  139:1  141:2  145:1  152:1  154:1  156:1  159:3  165:1  168:1  174:1  175:1  179:1  181:1  199:1  201:1  202:1  204:1  207:1  216:1  217:1  219:1  233:1
1310.835472,9.522977,599.258091
[PASSED]
[time 2.49 s, user 2.35 s, sys 0.12 s, maxrss 181224 KB]
[busy 258 jiffies]
[exit 0]
--- c2 case 0 rec 0   load 0.73 0.77 0.81
[TEST C2-FST]
Processing dataset...
Done!
Building trie...
Done!
build time: 1000.110861 ms (1000.110861 ns per key)
space cost: 11.326162 MB (56.595386% of original size 20.012519 MB)
Querying trie...
Done!
total time: 474.143814 ms, avg latency: 474.143814 ns
topology: 1.047974 MB, link: 2.330659 MB, data: 7.947530 MB
--- Unary Path Analysis (FST, cutoff=4) ---
  shared unary steps in main trie: 632648
  terminal suffixes: inplace=148307 (avg len=2.14)  links=794871 (84.3% of terminal)
  link len: avg=12.03  max=232  total_chars=9558452
  link length distribution (len:count):  4:67686  5:69275  6:65423  7:58787  8:51921  9:47544  10:42795  11:38054  12:34227  13:30736  14:30694  15:28260  16:25308  17:22807  18:19264  19:17586  20:15912  21:14224  22:12066  23:10759  24:9477  25:8347  26:7925  27:7112  28:6113  29:5746  30:5072  31:4462  32:3927  33:3658  34:3228  35:2847  36:2644  37:2353  38:2038  39:1870  40:1644  41:1489  42:1315  43:1143  44:928  45:846  46:722  47:679  48:610  49:543  50:459  51:451  52:342  53:339  54:284  55:273  56:239  57:215  58:214  59:177  60:158  61:140  62:127  63:109  64:95  65:79  66:80  67:78  68:75  69:69  70:68  71:54  72:51  73:42  74:46  75:42  76:35  77:41  78:38  79:39  80:21  81:18  82:21  83:19  84:14  85:18  86:14  87:15  88:11  89:14  90:13  91:7  92:5  93:8  94:7  95:5  96:8  97:8  98:5  99:7  100:11  101:5  102:6  103:3  104:3  105:3  106:5  107:4  108:5  109:1  110:2  111:6  112:1  113:1  114:1  115:4  116:1  118:1  119:2  121:2  123:2  125:1  126:1  128:1  129:1  131:1  132:2  134:1  135:1  136:1  137:3  138:1  139:1  141:2  145:1  152:1  154:1  156:1  159:3  165:1  168:1  174:1  175:1  179:1  181:1  199:1  201:1  202:1  204:1  207:1  216:1  217:1  219:1  233:1
1000.110861,11.326162,474.143814
[PASSED]
[time 2.03 s, user 1.90 s, sys 0.11 s, maxrss 185120 KB]
[busy 210 jiffies]
[exit 0]
--- lexindex hashed16   load 0.75 0.77 0.81
1000000 keys
lexindex HashedDictIndex fp=16: build 498 ms, size 11.549 MiB (12.110 B/key), latency cold 53.5 ns, then mean 49.7 / min 48.0 ns
498.077,11.549380,53.459
[time 1.20 s, user 3.56 s, sys 0.34 s, maxrss 278116 KB]
[busy 413 jiffies]
[exit 0]
--- lexindex hashed8   load 0.75 0.77 0.81
1000000 keys
lexindex HashedDictIndex fp=8: build 487 ms, size 10.596 MiB (11.110 B/key), latency cold 52.4 ns, then mean 50.0 / min 49.6 ns
487.451,10.595706,52.411
[time 1.19 s, user 3.55 s, sys 0.36 s, maxrss 276532 KB]
[busy 414 jiffies]
[exit 0]
--- lexindex hashed0   load 0.77 0.77 0.81
1000000 keys
lexindex HashedDictIndex closed: build 495 ms, size 9.642 MiB (10.110 B/key), latency cold 45.2 ns, then mean 43.1 / min 42.5 ns
494.503,9.642032,45.195
[time 1.16 s, user 3.53 s, sys 0.34 s, maxrss 275136 KB]
[busy 410 jiffies]
[exit 0]
--- lexindex string   load 0.77 0.77 0.81
1000000 keys
lexindex StringIndex: build 988 ms, size 16.482 MiB (17.283 B/key), latency cold 327.0 ns, then mean 324.0 / min 322.6 ns
988.011,16.482312,326.965
[time 2.76 s, user 2.67 s, sys 0.08 s, maxrss 164260 KB]
[busy 290 jiffies]
[exit 0]
--- lexindex dict1024   load 0.79 0.78 0.81
1000000 keys
lexindex DictIndex block 1024: build 419 ms, size 6.878 MiB (7.212 B/key), latency cold 481.7 ns, then mean 475.5 / min 474.5 ns
419.021,6.877800,481.704
[time 2.83 s, user 4.24 s, sys 0.33 s, maxrss 284832 KB]
[busy 486 jiffies]
[exit 0]
--- lexindex dict256   load 0.97 0.82 0.82
1000000 keys
lexindex DictIndex block 256: build 389 ms, size 7.029 MiB (7.370 B/key), latency cold 421.3 ns, then mean 410.4 / min 408.5 ns
388.860,7.028672,421.283
[time 2.54 s, user 4.86 s, sys 0.36 s, maxrss 272260 KB]
[busy 549 jiffies]
[exit 0]
--- lexindex dict32   load 0.97 0.82 0.82
1000000 keys
lexindex DictIndex block 32: build 377 ms, size 7.447 MiB (7.809 B/key), latency cold 391.8 ns, then mean 390.4 / min 389.4 ns
376.769,7.446899,391.822
[time 2.44 s, user 4.69 s, sys 0.34 s, maxrss 273548 KB]
[busy 528 jiffies]
[exit 0]

##### pypi-full (889864 lines, 12756399 bytes)   round 2/3   2026-09-24T03:29:45+03:00
--- xcdat 16   load 0.97 0.82 0.83
build time: 348.992296 ms
space cost: 8.791730 MiB (77.687354% of original size 11.316810 MiB)
avg latency: 140.227345 ns
348.992296,8.791730,140.227345
[time 0.87 s, user 0.78 s, sys 0.08 s, maxrss 125220 KB]
[busy 93 jiffies]
[exit 0]
--- xcdat 15   load 0.97 0.82 0.83
build time: 365.954357 ms
space cost: 8.417356 MiB (74.379227% of original size 11.316810 MiB)
avg latency: 135.081844 ns
365.954357,8.417356,135.081844
[time 0.88 s, user 0.79 s, sys 0.08 s, maxrss 125172 KB]
[busy 94 jiffies]
[exit 0]
--- xcdat 8   load 0.97 0.82 0.83
build time: 353.177813 ms
space cost: 7.063261 MiB (62.413889% of original size 11.316810 MiB)
avg latency: 170.645910 ns
353.177813,7.063261,170.645910
[time 0.91 s, user 0.82 s, sys 0.09 s, maxrss 125060 KB]
[busy 98 jiffies]
[exit 0]
--- xcdat 7   load 0.97 0.82 0.83
build time: 372.963371 ms
space cost: 7.451407 MiB (65.843711% of original size 11.316810 MiB)
avg latency: 165.192288 ns
372.963371,7.451407,165.192288
[time 0.92 s, user 0.83 s, sys 0.08 s, maxrss 125136 KB]
[busy 99 jiffies]
[exit 0]
--- c2 case 8 rec 0   load 0.89 0.81 0.82
[TEST CART]
Processing dataset...
Done!
Building trie...
Done!
build time: 140.937208 ms (158.380615 ns per key)
space cost: 12.686618 MB (112.104190% of original size 11.316810 MB)
Querying trie...
Done!
total time: 309.160070 ms, avg latency: 347.423955 ns
not implemented
140.937208,12.686618,347.423955
[PASSED]
[time 0.84 s, user 0.77 s, sys 0.06 s, maxrss 120896 KB]
[busy 92 jiffies]
[exit 0]
--- c2 case 7 rec 0   load 0.89 0.81 0.82
[TEST ART]
Processing dataset...
Done!
Building trie...
Done!
build time: 98.764522 ms (110.988333 ns per key)
space cost: 28.637695 MB (253.054493% of original size 11.316810 MB)
Querying trie...
Done!
total time: 262.859275 ms, avg latency: 295.392639 ns
not implemented
98.764522,28.637695,295.392639
[PASSED]
[time 0.77 s, user 0.69 s, sys 0.07 s, maxrss 123844 KB]
[busy 84 jiffies]
[exit 0]
--- c2 case 6 rec 0   load 0.89 0.81 0.82
[TEST PDT]
Processing dataset...
Done!
Building trie...
dict size: 158766, stream size: 3178838
Done!
build time: 1632.146519 ms (1834.152768 ns per key)
space cost: 4.318639 MB (38.161275% of original size 11.316810 MB)
Querying trie...
Done!
total time: 465.537518 ms, avg latency: 523.155806 ns
not implemented
1632.146519,4.318639,523.155806
[PASSED]
[time 2.50 s, user 2.40 s, sys 0.09 s, maxrss 137244 KB]
[busy 266 jiffies]
[exit 0]
--- c2 case 5 rec 2   load 0.90 0.81 0.82
[TEST MARISA]
Processing dataset...
Done!
Building trie...
Done!
build time: 432.303202 ms (485.808171 ns per key)
space cost: 3.830196 MB (33.845196% of original size 11.316810 MB)
Querying trie...
Done!
total time: 471.325897 ms, avg latency: 529.660596 ns
not implemented
432.303202,3.830196,529.660596
[PASSED]
[time 1.28 s, user 1.20 s, sys 0.07 s, maxrss 131964 KB]
[busy 136 jiffies]
[exit 0]
--- c2 case 5 rec 1   load 0.83 0.80 0.82
[TEST MARISA]
Processing dataset...
Done!
Building trie...
Done!
build time: 428.761195 ms (481.827779 ns per key)
space cost: 4.038295 MB (35.684039% of original size 11.316810 MB)
Querying trie...
Done!
total time: 450.722172 ms, avg latency: 506.506806 ns
not implemented
428.761195,4.038295,506.506806
[PASSED]
[time 1.26 s, user 1.17 s, sys 0.08 s, maxrss 131980 KB]
[busy 133 jiffies]
[exit 0]
--- c2 case 5 rec 0   load 0.83 0.80 0.82
[TEST MARISA]
Processing dataset...
Done!
Building trie...
Done!
build time: 378.721743 ms (425.595083 ns per key)
space cost: 5.316237 MB (46.976468% of original size 11.316810 MB)
Querying trie...
Done!
total time: 336.497281 ms, avg latency: 378.144616 ns
not implemented
378.721743,5.316237,378.144616
[PASSED]
[time 1.12 s, user 1.02 s, sys 0.09 s, maxrss 132068 KB]
[busy 119 jiffies]
[exit 0]
--- c2 case 4 rec 0   load 0.83 0.80 0.82
[TEST COCO]
Processing dataset...
Done!
Building trie...
num nodes = 375656, average depth = 5.235279
ef = 0.000442, pa = 0.203029, bv = 0.001044, de = 0.703223
efr = 0.002106, par = 0.078420, bvr = 0.000029, der = 0.011708
Done!
build time: 7836.274945 ms (8806.148968 ns per key)
space cost: 7.666221 MB (67.741891% of original size 11.316810 MB)
Querying trie...
Done!
total time: 453.428508 ms, avg latency: 509.548097 ns
not implemented
7836.274945,7.666221,509.548097
[PASSED]
[time 9.08 s, user 7.03 s, sys 2.01 s, maxrss 4347372 KB]
[busy 939 jiffies]
[exit 0]
--- c2 case 3 rec 0   load 0.86 0.81 0.82
[TEST FST]
Processing dataset...
Done!
Building trie...
Done!
build time: 499.509870 ms (561.332822 ns per key)
space cost: 5.878841 MB (51.947869% of original size 11.316810 MB)
Querying trie...
Done!
total time: 483.336693 ms, avg latency: 543.157935 ns
not implemented
499.509870,5.878841,543.157935
[PASSED]
[time 1.38 s, user 1.31 s, sys 0.06 s, maxrss 86640 KB]
[busy 147 jiffies]
[exit 0]
--- c2 case 2 rec 2   load 0.87 0.81 0.82
[TEST C2-MARISA]
Processing dataset...
Done!
Building trie...
trie size: 2.034968 MB
trie size: 2.021012 MB
trie size: 0.240847 MB
Done!
build time: 581.516245 ms (653.488898 ns per key)
space cost: 4.528195 MB (40.013003% of original size 11.316810 MB)
Querying trie...
Done!
total time: 287.304310 ms, avg latency: 322.863168 ns
topology: 0.839943 MB, link: 1.648341 MB, data: 2.019403 MB
--- Unary Path Analysis (Marisa, cutoff=3) ---
  branches: 1290446  |  single-char: 483681 (37.5%)  short-unary: 134846 (10.4%)  links: 671919 (52.1%)
  link len: avg=7.04  max=178  total_chars=4731655
  link length distribution (len:count):  3:128200  4:106194  5:84287  6:72656  7:58516  8:44149  9:36040  10:28839  11:21753  12:17688  13:15308  14:12510  15:9745  16:7525  17:6122  18:4690  19:3698  20:2882  21:2216  22:1721  23:1367  24:1119  25:897  26:746  27:562  28:441  29:368  30:406  31:316  32:177  33:153  34:106  35:106  36:75  37:44  38:54  39:50  40:27  41:25  42:13  43:21  44:16  45:7  46:10  47:6  48:5  49:10  50:2  51:4  52:5  53:2  54:2  55:2  56:1  57:5  58:3  61:2  63:2  64:1  65:3  66:2  68:2  69:3  72:1  76:1  78:2  83:1  87:1  100:2  107:1  114:1  154:1  178:1
  short unary avg len: 2.00
581.516245,4.528195,322.863168
[PASSED]
[time 1.26 s, user 1.15 s, sys 0.10 s, maxrss 158900 KB]
[busy 134 jiffies]
[exit 0]
--- c2 case 2 rec 1   load 0.87 0.81 0.82
[TEST C2-MARISA]
Processing dataset...
Done!
Building trie...
trie size: 2.034968 MB
trie size: 2.021012 MB
Done!
build time: 562.453225 ms (632.066501 ns per key)
space cost: 4.528195 MB (40.013003% of original size 11.316810 MB)
Querying trie...
Done!
total time: 287.865155 ms, avg latency: 323.493427 ns
topology: 0.839943 MB, link: 1.648341 MB, data: 2.019403 MB
--- Unary Path Analysis (Marisa, cutoff=3) ---
  branches: 1290446  |  single-char: 483681 (37.5%)  short-unary: 134846 (10.4%)  links: 671919 (52.1%)
  link len: avg=7.04  max=178  total_chars=4731655
  link length distribution (len:count):  3:128200  4:106194  5:84287  6:72656  7:58516  8:44149  9:36040  10:28839  11:21753  12:17688  13:15308  14:12510  15:9745  16:7525  17:6122  18:4690  19:3698  20:2882  21:2216  22:1721  23:1367  24:1119  25:897  26:746  27:562  28:441  29:368  30:406  31:316  32:177  33:153  34:106  35:106  36:75  37:44  38:54  39:50  40:27  41:25  42:13  43:21  44:16  45:7  46:10  47:6  48:5  49:10  50:2  51:4  52:5  53:2  54:2  55:2  56:1  57:5  58:3  61:2  63:2  64:1  65:3  66:2  68:2  69:3  72:1  76:1  78:2  83:1  87:1  100:2  107:1  114:1  154:1  178:1
  short unary avg len: 2.00
562.453225,4.528195,323.493427
[PASSED]
[time 1.24 s, user 1.14 s, sys 0.10 s, maxrss 158888 KB]
[busy 136 jiffies]
[exit 0]
--- c2 case 2 rec 0   load 0.88 0.81 0.82
[TEST C2-MARISA]
Processing dataset...
Done!
Building trie...
trie size: 2.034968 MB
Done!
build time: 485.770707 ms (545.893201 ns per key)
space cost: 5.148748 MB (45.496465% of original size 11.316810 MB)
Querying trie...
Done!
total time: 232.766544 ms, avg latency: 261.575414 ns
topology: 0.673512 MB, link: 1.684298 MB, data: 2.770432 MB
--- Unary Path Analysis (Marisa, cutoff=3) ---
  branches: 1290446  |  single-char: 483681 (37.5%)  short-unary: 134846 (10.4%)  links: 671919 (52.1%)
  link len: avg=7.04  max=178  total_chars=4731655
  link length distribution (len:count):  3:128200  4:106194  5:84287  6:72656  7:58516  8:44149  9:36040  10:28839  11:21753  12:17688  13:15308  14:12510  15:9745  16:7525  17:6122  18:4690  19:3698  20:2882  21:2216  22:1721  23:1367  24:1119  25:897  26:746  27:562  28:441  29:368  30:406  31:316  32:177  33:153  34:106  35:106  36:75  37:44  38:54  39:50  40:27  41:25  42:13  43:21  44:16  45:7  46:10  47:6  48:5  49:10  50:2  51:4  52:5  53:2  54:2  55:2  56:1  57:5  58:3  61:2  63:2  64:1  65:3  66:2  68:2  69:3  72:1  76:1  78:2  83:1  87:1  100:2  107:1  114:1  154:1  178:1
  short unary avg len: 2.00
485.770707,5.148748,261.575414
[PASSED]
[time 1.10 s, user 1.00 s, sys 0.09 s, maxrss 159068 KB]
[busy 119 jiffies]
[exit 0]
--- c2 case 1 rec 2   load 0.88 0.81 0.82
[TEST C2-CoCo(LOUDS-Sparse)]
Processing dataset...
Done!
Building trie...
trie size: 1.301167 MB
trie size: 0.188086 MB
Done!
build time: 1254.995027 ms (1410.322282 ns per key)
space cost: 5.460092 MB (48.247627% of original size 11.316810 MB)
Querying trie...
Done!
total time: 508.906912 ms, avg latency: 571.892909 ns
topology: 0.492825 MB, link: 1.813464 MB, data: 3.153803 MB
1254.995027,5.460092,571.892909
[PASSED]
[time 2.14 s, user 2.01 s, sys 0.12 s, maxrss 251644 KB]
[busy 223 jiffies]
[exit 0]
--- c2 case 1 rec 1   load 0.89 0.82 0.82
[TEST C2-CoCo(LOUDS-Sparse)]
Processing dataset...
Done!
Building trie...
trie size: 1.301167 MB
Done!
build time: 1244.327527 ms (1398.334495 ns per key)
space cost: 5.460092 MB (48.247627% of original size 11.316810 MB)
Querying trie...
Done!
total time: 505.322455 ms, avg latency: 567.864814 ns
topology: 0.492825 MB, link: 1.813464 MB, data: 3.153803 MB
1244.327527,5.460092,567.864814
[PASSED]
[time 2.13 s, user 1.98 s, sys 0.14 s, maxrss 251564 KB]
[busy 222 jiffies]
[exit 0]
--- c2 case 1 rec 0   load 0.82 0.80 0.82
[TEST C2-CoCo(LOUDS-Sparse)]
Processing dataset...
Done!
Building trie...
Done!
build time: 1186.183543 ms (1332.994191 ns per key)
space cost: 5.902932 MB (52.160740% of original size 11.316810 MB)
Querying trie...
Done!
total time: 481.861830 ms, avg latency: 541.500533 ns
topology: 0.365089 MB, link: 1.816309 MB, data: 3.721533 MB
1186.183543,5.902932,541.500533
[PASSED]
[time 2.05 s, user 1.92 s, sys 0.11 s, maxrss 251652 KB]
[busy 214 jiffies]
[exit 0]
--- c2 case 0 rec 2   load 0.82 0.80 0.82
[TEST C2-FST]
Processing dataset...
Done!
Building trie...
trie size: 1.301167 MB
trie size: 0.188086 MB
Done!
build time: 472.342038 ms (530.802502 ns per key)
space cost: 5.131913 MB (45.347703% of original size 11.316810 MB)
Querying trie...
Done!
total time: 357.081359 ms, avg latency: 401.276329 ns
topology: 0.978825 MB, link: 1.146868 MB, data: 3.006221 MB
--- Unary Path Analysis (FST, cutoff=4) ---
  shared unary steps in main trie: 344931
  terminal suffixes: inplace=288151 (avg len=1.99)  links=405388 (58.5% of terminal)
  link len: avg=7.08  max=176  total_chars=2869854
  link length distribution (len:count):  4:74698  5:65971  6:53798  7:40968  8:33851  9:27326  10:20764  11:16938  12:14649  13:12025  14:9410  15:7294  16:5909  17:4518  18:3598  19:2810  20:2154  21:1673  22:1340  23:1095  24:876  25:726  26:550  27:431  28:361  29:400  30:312  31:173  32:150  33:103  34:106  35:75  36:44  37:52  38:50  39:27  40:24  41:13  42:21  43:16  44:7  45:10  46:6  47:5  48:10  49:1  50:4  51:5  52:2  53:2  54:2  55:1  56:5  57:3  60:2  62:2  63:1  64:3  65:2  67:1  68:3  71:1  75:1  77:2  82:1  86:1  99:2  106:1  113:1  153:1  177:1
472.342038,5.131913,401.276329
[PASSED]
[time 1.23 s, user 1.13 s, sys 0.09 s, maxrss 129712 KB]
[busy 134 jiffies]
[exit 0]
--- c2 case 0 rec 1   load 0.75 0.79 0.81
[TEST C2-FST]
Processing dataset...
Done!
Building trie...
trie size: 1.301167 MB
Done!
build time: 453.721840 ms (509.877734 ns per key)
space cost: 5.131913 MB (45.347703% of original size 11.316810 MB)
Querying trie...
Done!
total time: 355.425528 ms, avg latency: 399.415560 ns
topology: 0.978825 MB, link: 1.146868 MB, data: 3.006221 MB
--- Unary Path Analysis (FST, cutoff=4) ---
  shared unary steps in main trie: 344931
  terminal suffixes: inplace=288151 (avg len=1.99)  links=405388 (58.5% of terminal)
  link len: avg=7.08  max=176  total_chars=2869854
  link length distribution (len:count):  4:74698  5:65971  6:53798  7:40968  8:33851  9:27326  10:20764  11:16938  12:14649  13:12025  14:9410  15:7294  16:5909  17:4518  18:3598  19:2810  20:2154  21:1673  22:1340  23:1095  24:876  25:726  26:550  27:431  28:361  29:400  30:312  31:173  32:150  33:103  34:106  35:75  36:44  37:52  38:50  39:27  40:24  41:13  42:21  43:16  44:7  45:10  46:6  47:5  48:10  49:1  50:4  51:5  52:2  53:2  54:2  55:1  56:5  57:3  60:2  62:2  63:1  64:3  65:2  67:1  68:3  71:1  75:1  77:2  82:1  86:1  99:2  106:1  113:1  153:1  177:1
453.721840,5.131913,399.415560
[PASSED]
[time 1.20 s, user 1.12 s, sys 0.07 s, maxrss 129708 KB]
[busy 126 jiffies]
[exit 0]
--- c2 case 0 rec 0   load 0.75 0.79 0.81
[TEST C2-FST]
Processing dataset...
Done!
Building trie...
Done!
build time: 404.508902 ms (454.573847 ns per key)
space cost: 5.574753 MB (49.260816% of original size 11.316810 MB)
Querying trie...
Done!
total time: 317.219036 ms, avg latency: 356.480357 ns
topology: 0.851089 MB, link: 1.149713 MB, data: 3.573951 MB
--- Unary Path Analysis (FST, cutoff=4) ---
  shared unary steps in main trie: 344931
  terminal suffixes: inplace=288151 (avg len=1.99)  links=405388 (58.5% of terminal)
  link len: avg=7.08  max=176  total_chars=2869854
  link length distribution (len:count):  4:74698  5:65971  6:53798  7:40968  8:33851  9:27326  10:20764  11:16938  12:14649  13:12025  14:9410  15:7294  16:5909  17:4518  18:3598  19:2810  20:2154  21:1673  22:1340  23:1095  24:876  25:726  26:550  27:431  28:361  29:400  30:312  31:173  32:150  33:103  34:106  35:75  36:44  37:52  38:50  39:27  40:24  41:13  42:21  43:16  44:7  45:10  46:6  47:5  48:10  49:1  50:4  51:5  52:2  53:2  54:2  55:1  56:5  57:3  60:2  62:2  63:1  64:3  65:2  67:1  68:3  71:1  75:1  77:2  82:1  86:1  99:2  106:1  113:1  153:1  177:1
404.508902,5.574753,356.480357
[PASSED]
[time 1.11 s, user 1.04 s, sys 0.06 s, maxrss 129608 KB]
[busy 118 jiffies]
[exit 0]
--- lexindex hashed16   load 0.75 0.79 0.81
889864 keys
lexindex HashedDictIndex fp=16: build 256 ms, size 7.558 MiB (8.906 B/key), latency cold 36.1 ns, then mean 30.2 / min 29.4 ns
256.299,7.558114,36.135
[time 0.78 s, user 1.76 s, sys 0.17 s, maxrss 215436 KB]
[busy 214 jiffies]
[exit 0]
--- lexindex hashed8   load 0.77 0.79 0.81
889864 keys
lexindex HashedDictIndex fp=8: build 259 ms, size 6.709 MiB (7.906 B/key), latency cold 32.1 ns, then mean 27.1 / min 25.6 ns
258.506,6.709474,32.081
[time 0.78 s, user 1.75 s, sys 0.18 s, maxrss 216080 KB]
[busy 211 jiffies]
[exit 0]
--- lexindex hashed0   load 0.77 0.79 0.81
889864 keys
lexindex HashedDictIndex closed: build 255 ms, size 5.861 MiB (6.906 B/key), latency cold 29.8 ns, then mean 24.5 / min 24.4 ns
255.124,5.860833,29.760
[time 0.76 s, user 1.75 s, sys 0.16 s, maxrss 215324 KB]
[busy 211 jiffies]
[exit 0]
--- lexindex string   load 0.71 0.78 0.81
889864 keys
lexindex StringIndex: build 482 ms, size 8.484 MiB (9.998 B/key), latency cold 212.4 ns, then mean 205.8 / min 204.7 ns
481.991,8.484477,212.397
[time 1.62 s, user 1.56 s, sys 0.05 s, maxrss 122320 KB]
[busy 179 jiffies]
[exit 0]
--- lexindex dict1024   load 0.71 0.78 0.81
889864 keys
lexindex DictIndex block 1024: build 197 ms, size 3.413 MiB (4.022 B/key), latency cold 419.1 ns, then mean 413.6 / min 411.5 ns
196.627,3.413095,419.085
[time 2.09 s, user 2.66 s, sys 0.12 s, maxrss 188044 KB]
[busy 293 jiffies]
[exit 0]
--- lexindex dict256   load 0.65 0.77 0.81
889864 keys
lexindex DictIndex block 256: build 176 ms, size 3.535 MiB (4.165 B/key), latency cold 342.9 ns, then mean 339.4 / min 335.9 ns
175.697,3.534916,342.918
[time 1.80 s, user 2.71 s, sys 0.18 s, maxrss 205276 KB]
[busy 310 jiffies]
[exit 0]
--- lexindex dict32   load 0.65 0.77 0.81
889864 keys
lexindex DictIndex block 32: build 173 ms, size 3.800 MiB (4.478 B/key), latency cold 326.9 ns, then mean 317.1 / min 315.3 ns
172.966,3.799900,326.914
[time 1.73 s, user 2.64 s, sys 0.17 s, maxrss 204832 KB]
[busy 300 jiffies]
[exit 0]

##### paths-1000000 (1000000 lines, 125978312 bytes)   round 2/3   2026-09-24T03:30:59+03:00
--- xcdat 16   load 0.68 0.77 0.81
build time: 1345.782176 ms
space cost: 25.154240 MiB (21.104567% of original size 119.188606 MiB)
avg latency: 684.194704 ns
1345.782176,25.154240,684.194704
[time 3.03 s, user 2.78 s, sys 0.24 s, maxrss 369212 KB]
[busy 314 jiffies]
[exit 0]
--- xcdat 15   load 0.63 0.76 0.80
build time: 1423.230533 ms
space cost: 23.949356 MiB (20.093662% of original size 119.188606 MiB)
avg latency: 623.040792 ns
1423.230533,23.949356,623.040792
[time 3.05 s, user 2.77 s, sys 0.27 s, maxrss 368124 KB]
[busy 319 jiffies]
[exit 0]
--- xcdat 8   load 0.63 0.76 0.80
build time: 1352.797792 ms
space cost: 18.497238 MiB (15.519301% of original size 119.188606 MiB)
avg latency: 718.905543 ns
1352.797792,18.497238,718.905543
[time 3.07 s, user 2.80 s, sys 0.25 s, maxrss 362384 KB]
[busy 323 jiffies]
[exit 0]
--- xcdat 7   load 0.66 0.76 0.80
build time: 1401.527702 ms
space cost: 18.455355 MiB (15.484160% of original size 119.188606 MiB)
avg latency: 709.063124 ns
1401.527702,18.455355,709.063124
[time 3.11 s, user 2.84 s, sys 0.25 s, maxrss 362468 KB]
[busy 321 jiffies]
[exit 0]
--- c2 case 8 rec 0   load 0.68 0.77 0.81
[TEST CART]
Processing dataset...
Done!
Building trie...
Done!
build time: 463.905270 ms (463.905270 ns per key)
space cost: 18.620093 MB (15.622377% of original size 119.188606 MB)
Querying trie...
Done!
total time: 832.271360 ms, avg latency: 832.271360 ns
not implemented
463.905270,18.620093,832.271360
[PASSED]
[time 2.32 s, user 2.05 s, sys 0.26 s, maxrss 496256 KB]
[busy 241 jiffies]
[exit 0]
--- c2 case 7 rec 0   load 0.71 0.77 0.81
[TEST ART]
Processing dataset...
Done!
Building trie...
Done!
build time: 411.987398 ms (411.987398 ns per key)
space cost: 34.675591 MB (29.093041% of original size 119.188606 MB)
Querying trie...
Done!
total time: 741.790968 ms, avg latency: 741.790968 ns
not implemented
411.987398,34.675591,741.790968
[PASSED]
[time 2.19 s, user 1.92 s, sys 0.26 s, maxrss 505232 KB]
[busy 229 jiffies]
[exit 0]
--- c2 case 6 rec 0   load 0.71 0.77 0.81
[TEST PDT]
Processing dataset...
Done!
Building trie...
dict size: 153672, stream size: 10323140
Done!
build time: 4804.020453 ms (4804.020453 ns per key)
space cost: 11.267526 MB (9.453526% of original size 119.188606 MB)
Querying trie...
Done!
total time: 1065.337848 ms, avg latency: 1065.337848 ns
not implemented
4804.020453,11.267526,1065.337848
[PASSED]
[time 6.88 s, user 6.55 s, sys 0.30 s, maxrss 388984 KB]
[busy 704 jiffies]
[exit 0]
--- c2 case 5 rec 2   load 0.75 0.78 0.81
[TEST MARISA]
Processing dataset...
Done!
Building trie...
Done!
build time: 1790.956139 ms (1790.956139 ns per key)
space cost: 9.029414 MB (7.575736% of original size 119.188606 MB)
Querying trie...
Done!
total time: 2227.070194 ms, avg latency: 2227.070194 ns
not implemented
1790.956139,9.029414,2227.070194
[PASSED]
[time 4.97 s, user 4.71 s, sys 0.24 s, maxrss 411764 KB]
[busy 516 jiffies]
[exit 0]
--- c2 case 5 rec 1   load 0.77 0.78 0.81
[TEST MARISA]
Processing dataset...
Done!
Building trie...
Done!
build time: 1736.814237 ms (1736.814237 ns per key)
space cost: 9.428862 MB (7.910875% of original size 119.188606 MB)
Querying trie...
Done!
total time: 1796.060763 ms, avg latency: 1796.060763 ns
not implemented
1736.814237,9.428862,1796.060763
[PASSED]
[time 4.48 s, user 4.22 s, sys 0.24 s, maxrss 411444 KB]
[busy 458 jiffies]
[exit 0]
--- c2 case 5 rec 0   load 0.79 0.78 0.81
[TEST MARISA]
Processing dataset...
Done!
Building trie...
Done!
build time: 1623.315862 ms (1623.315862 ns per key)
space cost: 12.257486 MB (10.284109% of original size 119.188606 MB)
Querying trie...
Done!
total time: 989.076422 ms, avg latency: 989.076422 ns
not implemented
1623.315862,12.257486,989.076422
[PASSED]
[time 3.56 s, user 3.32 s, sys 0.23 s, maxrss 411632 KB]
[busy 369 jiffies]
[exit 0]
--- c2 case 4 rec 0   load 0.81 0.79 0.81
[TEST COCO]
Processing dataset...
Done!
Building trie...
num nodes = 584148, average depth = 12.594651
ef = 0.000038, pa = 0.103241, bv = 0.000608, de = 0.597184
efr = 0.000176, par = 0.181430, bvr = 0.000135, der = 0.117188
Done!
build time: 45102.266187 ms (45102.266187 ns per key)
space cost: 19.697372 MB (16.526221% of original size 119.188606 MB)
Querying trie...
Done!
total time: 1378.465335 ms, avg latency: 1378.465335 ns
not implemented
45102.266187,19.697372,1378.465335
[PASSED]
[time 49.13 s, user 38.69 s, sys 10.25 s, maxrss 23293636 KB]
[busy 5036 jiffies]
[exit 0]
--- c2 case 3 rec 0   load 0.92 0.82 0.83
[TEST FST]
Processing dataset...
Done!
Building trie...
Done!
build time: 3313.999424 ms (3313.999424 ns per key)
space cost: 14.021067 MB (11.763764% of original size 119.188606 MB)
Querying trie...
Done!
total time: 4568.741256 ms, avg latency: 4568.741256 ns
not implemented
3313.999424,14.021067,4568.741256
[PASSED]
[time 8.90 s, user 8.67 s, sys 0.19 s, maxrss 357796 KB]
[busy 915 jiffies]
[exit 0]
--- c2 case 2 rec 2   load 0.93 0.83 0.83
[TEST C2-MARISA]
Processing dataset...
Done!
Building trie...
trie size: 2.297644 MB
trie size: 3.841883 MB
trie size: 0.864431 MB
Done!
build time: 1776.826892 ms (1776.826892 ns per key)
space cost: 9.839272 MB (8.255212% of original size 119.188606 MB)
Querying trie...
Done!
total time: 1603.695495 ms, avg latency: 1603.695495 ns
topology: 1.073097 MB, link: 3.403300 MB, data: 5.342366 MB
--- Unary Path Analysis (Marisa, cutoff=3) ---
  branches: 1534795  |  single-char: 270841 (17.6%)  short-unary: 45134 (2.9%)  links: 1218820 (79.4%)
  link len: avg=14.88  max=445  total_chars=18132830
  link length distribution (len:count):  3:37127  4:49365  5:75461  6:91989  7:72185  8:66513  9:63973  10:68956  11:73223  12:65790  13:57380  14:41495  15:36762  16:42631  17:41179  18:27817  19:22377  20:18838  21:17845  22:16718  23:15115  24:13613  25:12555  26:39233  27:27982  28:7379  29:6328  30:6087  31:6172  32:5955  33:5265  34:5643  35:4792  36:4909  37:5534  38:9417  39:5190  40:12044  41:4130  42:3423  43:3194  44:2134  45:1772  46:1642  47:1384  48:1261  49:1057  50:900  51:919  52:1030  53:750  54:799  55:667  56:702  57:772  58:823  59:1198  60:1008  61:899  62:972  63:712  64:409  65:454  66:414  67:320  68:269  69:256  70:270  71:258  72:280  73:453  74:258  75:356  76:221  77:315  78:88  79:138  80:65  81:34  82:48  83:40  84:34  85:38  86:63  87:38  88:23  89:36  90:23  91:6  92:6  93:19  94:8  95:11  96:14  97:13  98:3  99:5  100:4  101:12  102:17  103:11  104:6  105:17  106:9  107:12  108:11  109:7  110:2  111:4  112:1  113:2  114:4  115:4  116:4  117:3  118:4  119:14  120:6  121:1  123:2  124:3  125:38  126:23  127:156  128:15  129:61  130:3  131:1  132:3  133:2  134:1  136:1  137:3  138:6  139:1  140:1  143:4  144:2  145:2  146:2  147:2  149:1  152:3  153:1  155:2  157:1  160:2  161:2  162:2  166:3  167:1  168:1  172:1  173:3  174:1  175:1  176:1  183:2  185:1  188:4  189:2  191:2  192:3  195:2  196:3  199:1  202:1  203:1  204:1  206:1  207:2  216:1  220:1  230:1  234:1  236:1  244:1  248:1  258:1  266:1  445:1
  short unary avg len: 2.00
1776.826892,9.839272,1603.695495
[PASSED]
[time 4.37 s, user 4.09 s, sys 0.25 s, maxrss 353984 KB]
[busy 452 jiffies]
[exit 0]
--- c2 case 2 rec 1   load 0.94 0.83 0.83
[TEST C2-MARISA]
Processing dataset...
Done!
Building trie...
trie size: 2.297644 MB
trie size: 3.841883 MB
Done!
build time: 1633.434099 ms (1633.434099 ns per key)
space cost: 9.839272 MB (8.255212% of original size 119.188606 MB)
Querying trie...
Done!
total time: 1599.089558 ms, avg latency: 1599.089558 ns
topology: 1.073097 MB, link: 3.403300 MB, data: 5.342366 MB
--- Unary Path Analysis (Marisa, cutoff=3) ---
  branches: 1534795  |  single-char: 270841 (17.6%)  short-unary: 45134 (2.9%)  links: 1218820 (79.4%)
  link len: avg=14.88  max=445  total_chars=18132830
  link length distribution (len:count):  3:37127  4:49365  5:75461  6:91989  7:72185  8:66513  9:63973  10:68956  11:73223  12:65790  13:57380  14:41495  15:36762  16:42631  17:41179  18:27817  19:22377  20:18838  21:17845  22:16718  23:15115  24:13613  25:12555  26:39233  27:27982  28:7379  29:6328  30:6087  31:6172  32:5955  33:5265  34:5643  35:4792  36:4909  37:5534  38:9417  39:5190  40:12044  41:4130  42:3423  43:3194  44:2134  45:1772  46:1642  47:1384  48:1261  49:1057  50:900  51:919  52:1030  53:750  54:799  55:667  56:702  57:772  58:823  59:1198  60:1008  61:899  62:972  63:712  64:409  65:454  66:414  67:320  68:269  69:256  70:270  71:258  72:280  73:453  74:258  75:356  76:221  77:315  78:88  79:138  80:65  81:34  82:48  83:40  84:34  85:38  86:63  87:38  88:23  89:36  90:23  91:6  92:6  93:19  94:8  95:11  96:14  97:13  98:3  99:5  100:4  101:12  102:17  103:11  104:6  105:17  106:9  107:12  108:11  109:7  110:2  111:4  112:1  113:2  114:4  115:4  116:4  117:3  118:4  119:14  120:6  121:1  123:2  124:3  125:38  126:23  127:156  128:15  129:61  130:3  131:1  132:3  133:2  134:1  136:1  137:3  138:6  139:1  140:1  143:4  144:2  145:2  146:2  147:2  149:1  152:3  153:1  155:2  157:1  160:2  161:2  162:2  166:3  167:1  168:1  172:1  173:3  174:1  175:1  176:1  183:2  185:1  188:4  189:2  191:2  192:3  195:2  196:3  199:1  202:1  203:1  204:1  206:1  207:2  216:1  220:1  230:1  234:1  236:1  244:1  248:1  258:1  266:1  445:1
  short unary avg len: 2.00
1633.434099,9.839272,1599.089558
[PASSED]
[time 4.22 s, user 3.97 s, sys 0.23 s, maxrss 353512 KB]
[busy 438 jiffies]
[exit 0]
--- c2 case 2 rec 0   load 0.94 0.84 0.83
[TEST C2-MARISA]
Processing dataset...
Done!
Building trie...
trie size: 2.297644 MB
Done!
build time: 1316.326021 ms (1316.326021 ns per key)
space cost: 11.928165 MB (10.007807% of original size 119.188606 MB)
Querying trie...
Done!
total time: 901.712448 ms, avg latency: 901.712448 ns
topology: 0.761036 MB, link: 3.343996 MB, data: 7.802626 MB
--- Unary Path Analysis (Marisa, cutoff=3) ---
  branches: 1534795  |  single-char: 270841 (17.6%)  short-unary: 45134 (2.9%)  links: 1218820 (79.4%)
  link len: avg=14.88  max=445  total_chars=18132830
  link length distribution (len:count):  3:37127  4:49365  5:75461  6:91989  7:72185  8:66513  9:63973  10:68956  11:73223  12:65790  13:57380  14:41495  15:36762  16:42631  17:41179  18:27817  19:22377  20:18838  21:17845  22:16718  23:15115  24:13613  25:12555  26:39233  27:27982  28:7379  29:6328  30:6087  31:6172  32:5955  33:5265  34:5643  35:4792  36:4909  37:5534  38:9417  39:5190  40:12044  41:4130  42:3423  43:3194  44:2134  45:1772  46:1642  47:1384  48:1261  49:1057  50:900  51:919  52:1030  53:750  54:799  55:667  56:702  57:772  58:823  59:1198  60:1008  61:899  62:972  63:712  64:409  65:454  66:414  67:320  68:269  69:256  70:270  71:258  72:280  73:453  74:258  75:356  76:221  77:315  78:88  79:138  80:65  81:34  82:48  83:40  84:34  85:38  86:63  87:38  88:23  89:36  90:23  91:6  92:6  93:19  94:8  95:11  96:14  97:13  98:3  99:5  100:4  101:12  102:17  103:11  104:6  105:17  106:9  107:12  108:11  109:7  110:2  111:4  112:1  113:2  114:4  115:4  116:4  117:3  118:4  119:14  120:6  121:1  123:2  124:3  125:38  126:23  127:156  128:15  129:61  130:3  131:1  132:3  133:2  134:1  136:1  137:3  138:6  139:1  140:1  143:4  144:2  145:2  146:2  147:2  149:1  152:3  153:1  155:2  157:1  160:2  161:2  162:2  166:3  167:1  168:1  172:1  173:3  174:1  175:1  176:1  183:2  185:1  188:4  189:2  191:2  192:3  195:2  196:3  199:1  202:1  203:1  204:1  206:1  207:2  216:1  220:1  230:1  234:1  236:1  244:1  248:1  258:1  266:1  445:1
  short unary avg len: 2.00
1316.326021,11.928165,901.712448
[PASSED]
[time 3.21 s, user 2.94 s, sys 0.26 s, maxrss 356252 KB]
[busy 335 jiffies]
[exit 0]
--- c2 case 1 rec 2   load 0.95 0.84 0.83
[TEST C2-CoCo(LOUDS-Sparse)]
Processing dataset...
Done!
Building trie...
trie size: 2.746100 MB
trie size: 0.687543 MB
Done!
build time: 5458.815277 ms (5458.815277 ns per key)
space cost: 13.118518 MB (11.006521% of original size 119.188606 MB)
Querying trie...
Done!
total time: 1800.218999 ms, avg latency: 1800.218999 ns
topology: 0.719440 MB, link: 3.961886 MB, data: 8.437192 MB
5458.815277,13.118518,1800.218999
[PASSED]
[time 8.24 s, user 7.88 s, sys 0.32 s, maxrss 590940 KB]
[busy 846 jiffies]
[exit 0]
--- c2 case 1 rec 1   load 0.96 0.84 0.83
[TEST C2-CoCo(LOUDS-Sparse)]
Processing dataset...
Done!
Building trie...
trie size: 2.746100 MB
Done!
build time: 5341.544853 ms (5341.544853 ns per key)
space cost: 13.118518 MB (11.006521% of original size 119.188606 MB)
Querying trie...
Done!
total time: 1772.124945 ms, avg latency: 1772.124945 ns
topology: 0.719440 MB, link: 3.961886 MB, data: 8.437192 MB
5341.544853,13.118518,1772.124945
[PASSED]
[time 8.11 s, user 7.74 s, sys 0.33 s, maxrss 587276 KB]
[busy 829 jiffies]
[exit 0]
--- c2 case 1 rec 0   load 0.96 0.85 0.83
[TEST C2-CoCo(LOUDS-Sparse)]
Processing dataset...
Done!
Building trie...
Done!
build time: 5112.152330 ms (5112.152330 ns per key)
space cost: 14.878411 MB (12.483082% of original size 119.188606 MB)
Querying trie...
Done!
total time: 1646.480101 ms, avg latency: 1646.480101 ns
topology: 0.476959 MB, link: 4.004946 MB, data: 10.396506 MB
5112.152330,14.878411,1646.480101
[PASSED]
[time 7.76 s, user 7.36 s, sys 0.36 s, maxrss 596080 KB]
[busy 799 jiffies]
[exit 0]
--- c2 case 0 rec 2   load 0.89 0.84 0.83
[TEST C2-FST]
Processing dataset...
Done!
Building trie...
trie size: 2.746100 MB
trie size: 0.687543 MB
Done!
build time: 1746.789366 ms (1746.789366 ns per key)
space cost: 12.500864 MB (10.488305% of original size 119.188606 MB)
Querying trie...
Done!
total time: 2631.210002 ms, avg latency: 2631.210002 ns
topology: 1.942371 MB, link: 2.552141 MB, data: 8.006351 MB
--- Unary Path Analysis (FST, cutoff=4) ---
  shared unary steps in main trie: 2658278
  terminal suffixes: inplace=39819 (avg len=2.28)  links=891354 (95.7% of terminal)
  link len: avg=14.94  max=443  total_chars=13318660
  link length distribution (len:count):  4:40001  5:49577  6:45421  7:46380  8:50483  9:55180  10:56608  11:54673  12:51140  13:35047  14:30416  15:36724  16:35248  17:24069  18:19466  19:17073  20:16018  21:15299  22:13878  23:12677  24:11568  25:37816  26:26754  27:6712  28:5420  29:5541  30:5676  31:5365  32:4659  33:5334  34:4520  35:4652  36:5350  37:9255  38:4943  39:11477  40:3024  41:2087  42:2051  43:1854  44:1606  45:1448  46:1135  47:1025  48:963  49:801  50:774  51:907  52:679  53:727  54:589  55:642  56:710  57:689  58:824  59:515  60:781  61:937  62:666  63:360  64:436  65:381  66:289  67:245  68:235  69:250  70:244  71:266  72:444  73:249  74:341  75:214  76:315  77:82  78:131  79:63  80:31  81:46  82:38  83:33  84:32  85:58  86:34  87:20  88:33  89:21  90:5  91:6  92:18  93:7  94:11  95:14  96:12  97:3  98:4  99:4  100:10  101:17  102:11  103:6  104:17  105:9  106:12  107:11  108:7  109:2  110:3  111:1  112:2  113:4  114:3  115:4  116:3  117:4  118:13  119:5  120:1  122:2  123:3  124:38  125:23  126:156  127:15  128:61  129:3  130:1  131:3  132:2  133:1  136:3  137:6  138:1  139:1  142:4  143:1  144:2  145:2  146:2  151:3  152:1  154:2  159:2  160:2  161:2  165:3  167:1  171:1  172:3  173:1  174:1  175:1  182:1  187:3  188:1  190:2  191:1  194:1  195:3  198:1  201:1  202:1  203:1  205:1  206:1  215:1  219:1  233:1  235:1  243:1  247:1  257:1  265:1  444:1
1746.789366,12.500864,2631.210002
[PASSED]
[time 5.37 s, user 5.14 s, sys 0.21 s, maxrss 356708 KB]
[busy 557 jiffies]
[exit 0]
--- c2 case 0 rec 1   load 0.98 0.86 0.84
[TEST C2-FST]
Processing dataset...
Done!
Building trie...
trie size: 2.746100 MB
Done!
build time: 1631.417550 ms (1631.417550 ns per key)
space cost: 12.500864 MB (10.488305% of original size 119.188606 MB)
Querying trie...
Done!
total time: 2660.475918 ms, avg latency: 2660.475918 ns
topology: 1.942371 MB, link: 2.552141 MB, data: 8.006351 MB
--- Unary Path Analysis (FST, cutoff=4) ---
  shared unary steps in main trie: 2658278
  terminal suffixes: inplace=39819 (avg len=2.28)  links=891354 (95.7% of terminal)
  link len: avg=14.94  max=443  total_chars=13318660
  link length distribution (len:count):  4:40001  5:49577  6:45421  7:46380  8:50483  9:55180  10:56608  11:54673  12:51140  13:35047  14:30416  15:36724  16:35248  17:24069  18:19466  19:17073  20:16018  21:15299  22:13878  23:12677  24:11568  25:37816  26:26754  27:6712  28:5420  29:5541  30:5676  31:5365  32:4659  33:5334  34:4520  35:4652  36:5350  37:9255  38:4943  39:11477  40:3024  41:2087  42:2051  43:1854  44:1606  45:1448  46:1135  47:1025  48:963  49:801  50:774  51:907  52:679  53:727  54:589  55:642  56:710  57:689  58:824  59:515  60:781  61:937  62:666  63:360  64:436  65:381  66:289  67:245  68:235  69:250  70:244  71:266  72:444  73:249  74:341  75:214  76:315  77:82  78:131  79:63  80:31  81:46  82:38  83:33  84:32  85:58  86:34  87:20  88:33  89:21  90:5  91:6  92:18  93:7  94:11  95:14  96:12  97:3  98:4  99:4  100:10  101:17  102:11  103:6  104:17  105:9  106:12  107:11  108:7  109:2  110:3  111:1  112:2  113:4  114:3  115:4  116:3  117:4  118:13  119:5  120:1  122:2  123:3  124:38  125:23  126:156  127:15  128:61  129:3  130:1  131:3  132:2  133:1  136:3  137:6  138:1  139:1  142:4  143:1  144:2  145:2  146:2  151:3  152:1  154:2  159:2  160:2  161:2  165:3  167:1  171:1  172:3  173:1  174:1  175:1  182:1  187:3  188:1  190:2  191:1  194:1  195:3  198:1  201:1  202:1  203:1  205:1  206:1  215:1  219:1  233:1  235:1  243:1  247:1  257:1  265:1  444:1
1631.417550,12.500864,2660.475918
[PASSED]
[time 5.29 s, user 5.03 s, sys 0.23 s, maxrss 356696 KB]
[busy 545 jiffies]
[exit 0]
--- c2 case 0 rec 0   load 0.98 0.86 0.84
[TEST C2-FST]
Processing dataset...
Done!
Building trie...
Done!
build time: 1410.638465 ms (1410.638465 ns per key)
space cost: 14.260756 MB (11.964866% of original size 119.188606 MB)
Querying trie...
Done!
total time: 2420.191233 ms, avg latency: 2420.191233 ns
topology: 1.699890 MB, link: 2.595201 MB, data: 9.965666 MB
--- Unary Path Analysis (FST, cutoff=4) ---
  shared unary steps in main trie: 2658278
  terminal suffixes: inplace=39819 (avg len=2.28)  links=891354 (95.7% of terminal)
  link len: avg=14.94  max=443  total_chars=13318660
  link length distribution (len:count):  4:40001  5:49577  6:45421  7:46380  8:50483  9:55180  10:56608  11:54673  12:51140  13:35047  14:30416  15:36724  16:35248  17:24069  18:19466  19:17073  20:16018  21:15299  22:13878  23:12677  24:11568  25:37816  26:26754  27:6712  28:5420  29:5541  30:5676  31:5365  32:4659  33:5334  34:4520  35:4652  36:5350  37:9255  38:4943  39:11477  40:3024  41:2087  42:2051  43:1854  44:1606  45:1448  46:1135  47:1025  48:963  49:801  50:774  51:907  52:679  53:727  54:589  55:642  56:710  57:689  58:824  59:515  60:781  61:937  62:666  63:360  64:436  65:381  66:289  67:245  68:235  69:250  70:244  71:266  72:444  73:249  74:341  75:214  76:315  77:82  78:131  79:63  80:31  81:46  82:38  83:33  84:32  85:58  86:34  87:20  88:33  89:21  90:5  91:6  92:18  93:7  94:11  95:14  96:12  97:3  98:4  99:4  100:10  101:17  102:11  103:6  104:17  105:9  106:12  107:11  108:7  109:2  110:3  111:1  112:2  113:4  114:3  115:4  116:3  117:4  118:13  119:5  120:1  122:2  123:3  124:38  125:23  126:156  127:15  128:61  129:3  130:1  131:3  132:2  133:1  136:3  137:6  138:1  139:1  142:4  143:1  144:2  145:2  146:2  151:3  152:1  154:2  159:2  160:2  161:2  165:3  167:1  171:1  172:3  173:1  174:1  175:1  182:1  187:3  188:1  190:2  191:1  194:1  195:3  198:1  201:1  202:1  203:1  205:1  206:1  215:1  219:1  233:1  235:1  243:1  247:1  257:1  265:1  444:1
1410.638465,14.260756,2420.191233
[PASSED]
[time 4.82 s, user 4.59 s, sys 0.21 s, maxrss 358372 KB]
[busy 496 jiffies]
[exit 0]
--- lexindex hashed16   load 0.98 0.86 0.84
1000000 keys
lexindex HashedDictIndex fp=16: build 668 ms, size 13.935 MiB (14.611 B/key), latency cold 104.1 ns, then mean 100.9 / min 96.2 ns
667.677,13.934555,104.148
[time 1.88 s, user 4.65 s, sys 0.41 s, maxrss 500492 KB]
[busy 531 jiffies]
[exit 0]
--- lexindex hashed8   load 2.19 1.11 0.92
1000000 keys
lexindex HashedDictIndex fp=8: build 663 ms, size 12.981 MiB (13.611 B/key), latency cold 99.9 ns, then mean 99.4 / min 98.4 ns
663.315,12.980881,99.926
[time 1.86 s, user 4.63 s, sys 0.40 s, maxrss 498132 KB]
[busy 523 jiffies]
[exit 0]
--- lexindex hashed0   load 2.19 1.11 0.92
1000000 keys
lexindex HashedDictIndex closed: build 671 ms, size 12.027 MiB (12.611 B/key), latency cold 76.6 ns, then mean 75.7 / min 75.5 ns
670.873,12.027206,76.633
[time 1.76 s, user 4.58 s, sys 0.38 s, maxrss 493584 KB]
[busy 514 jiffies]
[exit 0]
--- lexindex string   load 2.09 1.11 0.92
1000000 keys
lexindex StringIndex: build 1448 ms, size 16.673 MiB (17.483 B/key), latency cold 756.1 ns, then mean 755.9 / min 754.1 ns
1448.134,16.673446,756.132
[time 5.25 s, user 5.03 s, sys 0.19 s, maxrss 363480 KB]
[busy 548 jiffies]
[exit 0]
--- lexindex dict1024   load 2.00 1.11 0.92
1000000 keys
lexindex DictIndex block 1024: build 565 ms, size 8.891 MiB (9.323 B/key), latency cold 837.1 ns, then mean 839.8 / min 838.9 ns
565.462,8.891459,837.130
[time 4.72 s, user 6.46 s, sys 0.36 s, maxrss 494928 KB]
[busy 714 jiffies]
[exit 0]
--- lexindex dict256   load 2.24 1.18 0.94
1000000 keys
lexindex DictIndex block 256: build 507 ms, size 9.414 MiB (9.871 B/key), latency cold 792.3 ns, then mean 789.8 / min 785.1 ns
506.899,9.413641,792.328
[time 4.48 s, user 7.22 s, sys 0.41 s, maxrss 495220 KB]
[busy 796 jiffies]
[exit 0]
--- lexindex dict32   load 1.97 1.15 0.94
1000000 keys
lexindex DictIndex block 32: build 495 ms, size 12.389 MiB (12.991 B/key), latency cold 796.7 ns, then mean 784.8 / min 782.8 ns
495.176,12.389187,796.654
[time 4.45 s, user 7.08 s, sys 0.39 s, maxrss 497740 KB]
[busy 776 jiffies]
[exit 0]

##### opaque-1000000 (1000000 lines, 17000000 bytes)   round 2/3   2026-09-24T03:34:18+03:00
--- xcdat 16   load 1.81 1.13 0.93
build time: 638.151042 ms
space cost: 19.227987 MiB (126.012538% of original size 15.258789 MiB)
avg latency: 207.320769 ns
638.151042,19.227987,207.320769
[time 1.53 s, user 1.41 s, sys 0.11 s, maxrss 180088 KB]
[busy 162 jiffies]
[exit 0]
--- xcdat 15   load 1.81 1.13 0.93
build time: 658.183594 ms
space cost: 19.094490 MiB (125.137650% of original size 15.258789 MiB)
avg latency: 204.027789 ns
658.183594,19.094490,204.027789
[time 1.53 s, user 1.41 s, sys 0.11 s, maxrss 181136 KB]
[busy 162 jiffies]
[exit 0]
--- xcdat 8   load 1.67 1.11 0.93
build time: 642.468697 ms
space cost: 18.565336 MiB (121.669787% of original size 15.258789 MiB)
avg latency: 217.006022 ns
642.468697,18.565336,217.006022
[time 1.55 s, user 1.43 s, sys 0.10 s, maxrss 179904 KB]
[busy 166 jiffies]
[exit 0]
--- xcdat 7   load 1.67 1.11 0.93
build time: 667.120402 ms
space cost: 19.932177 MiB (130.627512% of original size 15.258789 MiB)
avg latency: 223.325330 ns
667.120402,19.932177,223.325330
[time 1.57 s, user 1.47 s, sys 0.09 s, maxrss 173144 KB]
[busy 165 jiffies]
[exit 0]
--- c2 case 8 rec 0   load 1.61 1.11 0.93
[TEST CART]
Processing dataset...
Done!
Building trie...
Done!
build time: 173.247717 ms (173.247717 ns per key)
space cost: 11.383729 MB (74.604406% of original size 15.258789 MB)
Querying trie...
Done!
total time: 230.151730 ms, avg latency: 230.151730 ns
not implemented
173.247717,11.383729,230.151730
[PASSED]
[time 1.06 s, user 0.98 s, sys 0.07 s, maxrss 160768 KB]
[busy 114 jiffies]
[exit 0]
--- c2 case 7 rec 0   load 1.61 1.11 0.93
[TEST ART]
Processing dataset...
Done!
Building trie...
Done!
build time: 144.811028 ms (144.811028 ns per key)
space cost: 30.301407 MB (198.583300% of original size 15.258789 MB)
Querying trie...
Done!
total time: 183.572533 ms, avg latency: 183.572533 ns
not implemented
144.811028,30.301407,183.572533
[PASSED]
[time 0.99 s, user 0.89 s, sys 0.09 s, maxrss 178564 KB]
[busy 107 jiffies]
[exit 0]
--- c2 case 6 rec 0   load 1.48 1.09 0.92
[TEST PDT]
Processing dataset...
Done!
Building trie...
dict size: 177882, stream size: 12826382
Done!
build time: 15742.656169 ms (15742.656169 ns per key)
space cost: 13.677892 MB (89.639431% of original size 15.258789 MB)
Querying trie...
Done!
total time: 591.931661 ms, avg latency: 591.931661 ns
not implemented
15742.656169,13.677892,591.931661
[PASSED]
[time 16.98 s, user 16.70 s, sys 0.21 s, maxrss 361244 KB]
[busy 1737 jiffies]
[exit 0]
--- c2 case 5 rec 2   load 1.38 1.09 0.92
[TEST MARISA]
Processing dataset...
Done!
Building trie...
Done!
build time: 945.183022 ms (945.183022 ns per key)
space cost: 17.949429 MB (117.633375% of original size 15.258789 MB)
Querying trie...
Done!
total time: 943.344887 ms, avg latency: 943.344887 ns
not implemented
945.183022,17.949429,943.344887
[PASSED]
[time 2.54 s, user 2.38 s, sys 0.14 s, maxrss 225324 KB]
[busy 265 jiffies]
[exit 0]
--- c2 case 5 rec 1   load 1.35 1.09 0.93
[TEST MARISA]
Processing dataset...
Done!
Building trie...
Done!
build time: 734.021465 ms (734.021465 ns per key)
space cost: 17.634758 MB (115.571150% of original size 15.258789 MB)
Querying trie...
Done!
total time: 681.652004 ms, avg latency: 681.652004 ns
not implemented
734.021465,17.634758,681.652004
[PASSED]
[time 2.13 s, user 1.98 s, sys 0.13 s, maxrss 185524 KB]
[busy 221 jiffies]
[exit 0]
--- c2 case 5 rec 0   load 1.35 1.09 0.93
[TEST MARISA]
Processing dataset...
Done!
Building trie...
Done!
build time: 470.763230 ms (470.763230 ns per key)
space cost: 17.200768 MB (112.726950% of original size 15.258789 MB)
Querying trie...
Done!
total time: 462.065442 ms, avg latency: 462.065442 ns
not implemented
470.763230,17.200768,462.065442
[PASSED]
[time 1.57 s, user 1.45 s, sys 0.11 s, maxrss 195008 KB]
[busy 166 jiffies]
[exit 0]
--- c2 case 4 rec 0   load 1.32 1.08 0.93
[TEST COCO]
Processing dataset...
Done!
Building trie...
num nodes = 4097, average depth = 12.997071
ef = 0.000000, pa = 0.000000, bv = 0.000000, de = 0.000000
efr = 0.000000, par = 0.999756, bvr = 0.000244, der = 0.000000
Done!
build time: 17496.737059 ms (17496.737059 ns per key)
space cost: 10.595579 MB (69.439184% of original size 15.258789 MB)
Querying trie...
Done!
total time: 472.709127 ms, avg latency: 472.709127 ns
not implemented
17496.737059,10.595579,472.709127
[PASSED]
[time 19.57 s, user 14.31 s, sys 5.18 s, maxrss 11389064 KB]
[busy 2010 jiffies]
[exit 0]
--- c2 case 3 rec 0   load 1.23 1.08 0.93
[TEST FST]
Processing dataset...
Done!
Building trie...
Done!
build time: 656.499319 ms (656.499319 ns per key)
space cost: 16.760878 MB (109.844088% of original size 15.258789 MB)
Querying trie...
Done!
total time: 341.650817 ms, avg latency: 341.650817 ns
not implemented
656.499319,16.760878,341.650817
[PASSED]
[time 1.65 s, user 1.54 s, sys 0.09 s, maxrss 147108 KB]
[busy 173 jiffies]
[exit 0]
--- c2 case 2 rec 2   load 1.13 1.06 0.92
[TEST C2-MARISA]
Processing dataset...
Done!
Building trie...
trie size: 1.836515 MB
trie size: 4.316792 MB
Done!
build time: 1987.827848 ms (1987.827848 ns per key)
space cost: 16.609414 MB (108.851456% of original size 15.258789 MB)
Querying trie...
Done!
total time: 323.329992 ms, avg latency: 323.329992 ns
topology: 0.607349 MB, link: 2.863268 MB, data: 13.118289 MB
--- Unary Path Analysis (Marisa, cutoff=3) ---
  branches: 1267337  |  single-char: 266306 (21.0%)  short-unary: 1021 (0.1%)  links: 1000010 (78.9%)
  link len: avg=12.96  max=14  total_chars=12963813
  link length distribution (len:count):  3:10  10:6  11:856  12:56569  13:920487  14:22082
  short unary avg len: 2.00
1987.827848,16.609414,323.329992
[PASSED]
[time 2.96 s, user 2.76 s, sys 0.18 s, maxrss 283736 KB]
[busy 307 jiffies]
[exit 0]
--- c2 case 2 rec 1   load 1.13 1.06 0.92
[TEST C2-MARISA]
Processing dataset...
Done!
Building trie...
trie size: 1.836515 MB
trie size: 4.316792 MB
Done!
build time: 1998.424826 ms (1998.424826 ns per key)
space cost: 16.609414 MB (108.851456% of original size 15.258789 MB)
Querying trie...
Done!
total time: 325.354568 ms, avg latency: 325.354568 ns
topology: 0.607349 MB, link: 2.863268 MB, data: 13.118289 MB
--- Unary Path Analysis (Marisa, cutoff=3) ---
  branches: 1267337  |  single-char: 266306 (21.0%)  short-unary: 1021 (0.1%)  links: 1000010 (78.9%)
  link len: avg=12.96  max=14  total_chars=12963813
  link length distribution (len:count):  3:10  10:6  11:856  12:56569  13:920487  14:22082
  short unary avg len: 2.00
1998.424826,16.609414,325.354568
[PASSED]
[time 2.96 s, user 2.77 s, sys 0.17 s, maxrss 283544 KB]
[busy 312 jiffies]
[exit 0]
--- c2 case 2 rec 0   load 1.12 1.06 0.92
[TEST C2-MARISA]
Processing dataset...
Done!
Building trie...
trie size: 1.836515 MB
Done!
build time: 974.218576 ms (974.218576 ns per key)
space cost: 16.609414 MB (108.851456% of original size 15.258789 MB)
Querying trie...
Done!
total time: 327.761021 ms, avg latency: 327.761021 ns
topology: 0.607349 MB, link: 2.863268 MB, data: 13.118289 MB
--- Unary Path Analysis (Marisa, cutoff=3) ---
  branches: 1267337  |  single-char: 266306 (21.0%)  short-unary: 1021 (0.1%)  links: 1000010 (78.9%)
  link len: avg=12.96  max=14  total_chars=12963813
  link length distribution (len:count):  3:10  10:6  11:856  12:56569  13:920487  14:22082
  short unary avg len: 2.00
974.218576,16.609414,327.761021
[PASSED]
[time 1.94 s, user 1.79 s, sys 0.14 s, maxrss 236820 KB]
[busy 202 jiffies]
[exit 0]
--- c2 case 1 rec 2   load 1.11 1.06 0.92
[TEST C2-CoCo(LOUDS-Sparse)]
Processing dataset...
Done!
Building trie...
trie size: 4.316751 MB
Done!
build time: 2227.963994 ms (2227.963994 ns per key)
space cost: 16.089285 MB (105.442735% of original size 15.258789 MB)
Querying trie...
Done!
total time: 533.957636 ms, avg latency: 533.957636 ns
topology: 0.346626 MB, link: 3.175570 MB, data: 12.567089 MB
2227.963994,16.089285,533.957636
[PASSED]
[time 3.42 s, user 3.17 s, sys 0.23 s, maxrss 418884 KB]
[busy 358 jiffies]
[exit 0]
--- c2 case 1 rec 1   load 1.10 1.06 0.92
[TEST C2-CoCo(LOUDS-Sparse)]
Processing dataset...
Done!
Building trie...
trie size: 4.316751 MB
Done!
build time: 2219.649567 ms (2219.649567 ns per key)
space cost: 16.089285 MB (105.442735% of original size 15.258789 MB)
Querying trie...
Done!
total time: 537.087399 ms, avg latency: 537.087399 ns
topology: 0.346626 MB, link: 3.175570 MB, data: 12.567089 MB
2219.649567,16.089285,537.087399
[PASSED]
[time 3.41 s, user 3.16 s, sys 0.23 s, maxrss 419088 KB]
[busy 353 jiffies]
[exit 0]
--- c2 case 1 rec 0   load 1.01 1.04 0.92
[TEST C2-CoCo(LOUDS-Sparse)]
Processing dataset...
Done!
Building trie...
Done!
build time: 1345.611605 ms (1345.611605 ns per key)
space cost: 16.089285 MB (105.442735% of original size 15.258789 MB)
Querying trie...
Done!
total time: 527.896354 ms, avg latency: 527.896354 ns
topology: 0.346626 MB, link: 3.175570 MB, data: 12.567089 MB
1345.611605,16.089285,527.896354
[PASSED]
[time 2.51 s, user 2.32 s, sys 0.18 s, maxrss 357060 KB]
[busy 261 jiffies]
[exit 0]
--- c2 case 0 rec 2   load 1.01 1.04 0.92
[TEST C2-FST]
Processing dataset...
Done!
Building trie...
trie size: 4.316751 MB
Done!
build time: 1970.123422 ms (1970.123422 ns per key)
space cost: 16.922257 MB (110.901706% of original size 15.258789 MB)
Querying trie...
Done!
total time: 407.698247 ms, avg latency: 407.698247 ns
topology: 0.743332 MB, link: 3.012292 MB, data: 13.166634 MB
--- Unary Path Analysis (FST, cutoff=4) ---
  shared unary steps in main trie: 1041
  terminal suffixes: inplace=0 (avg len=0.00)  links=1000000 (100.0% of terminal)
  link len: avg=10.96  max=12  total_chars=10963783
  link length distribution (len:count):  9:6  10:856  11:56569  12:920487  13:22082
1970.123422,16.922257,407.698247
[PASSED]
[time 3.02 s, user 2.79 s, sys 0.21 s, maxrss 311356 KB]
[busy 315 jiffies]
[exit 0]
--- c2 case 0 rec 1   load 1.01 1.04 0.92
[TEST C2-FST]
Processing dataset...
Done!
Building trie...
trie size: 4.316751 MB
Done!
build time: 1958.872525 ms (1958.872525 ns per key)
space cost: 16.922257 MB (110.901706% of original size 15.258789 MB)
Querying trie...
Done!
total time: 401.691085 ms, avg latency: 401.691085 ns
topology: 0.743332 MB, link: 3.012292 MB, data: 13.166634 MB
--- Unary Path Analysis (FST, cutoff=4) ---
  shared unary steps in main trie: 1041
  terminal suffixes: inplace=0 (avg len=0.00)  links=1000000 (100.0% of terminal)
  link len: avg=10.96  max=12  total_chars=10963783
  link length distribution (len:count):  9:6  10:856  11:56569  12:920487  13:22082
1958.872525,16.922257,401.691085
[PASSED]
[time 3.00 s, user 2.76 s, sys 0.22 s, maxrss 311336 KB]
[busy 309 jiffies]
[exit 0]
--- c2 case 0 rec 0   load 1.01 1.04 0.92
[TEST C2-FST]
Processing dataset...
Done!
Building trie...
Done!
build time: 1076.736643 ms (1076.736643 ns per key)
space cost: 16.922257 MB (110.901706% of original size 15.258789 MB)
Querying trie...
Done!
total time: 396.287098 ms, avg latency: 396.287098 ns
topology: 0.743332 MB, link: 3.012292 MB, data: 13.166634 MB
--- Unary Path Analysis (FST, cutoff=4) ---
  shared unary steps in main trie: 1041
  terminal suffixes: inplace=0 (avg len=0.00)  links=1000000 (100.0% of terminal)
  link len: avg=10.96  max=12  total_chars=10963783
  link length distribution (len:count):  9:6  10:856  11:56569  12:920487  13:22082
1076.736643,16.922257,396.287098
[PASSED]
[time 2.11 s, user 1.95 s, sys 0.15 s, maxrss 250452 KB]
[busy 223 jiffies]
[exit 0]
--- lexindex hashed16   load 0.93 1.02 0.91
1000000 keys
lexindex HashedDictIndex fp=16: build 211 ms, size 14.438 MiB (15.139 B/key), latency cold 59.6 ns, then mean 58.4 / min 58.3 ns
211.368,14.437587,59.557
[time 0.87 s, user 1.50 s, sys 0.29 s, maxrss 170616 KB]
[busy 196 jiffies]
[exit 0]
--- lexindex hashed8   load 0.93 1.02 0.91
1000000 keys
lexindex HashedDictIndex fp=8: build 213 ms, size 13.484 MiB (14.139 B/key), latency cold 57.0 ns, then mean 56.2 / min 56.0 ns
213.005,13.483912,57.045
[time 0.87 s, user 1.50 s, sys 0.26 s, maxrss 171104 KB]
[busy 193 jiffies]
[exit 0]
--- lexindex hashed0   load 0.93 1.02 0.91
1000000 keys
lexindex HashedDictIndex closed: build 210 ms, size 12.530 MiB (13.139 B/key), latency cold 49.0 ns, then mean 45.2 / min 44.8 ns
210.248,12.530238,49.039
[time 0.82 s, user 1.46 s, sys 0.27 s, maxrss 172020 KB]
[busy 192 jiffies]
[exit 0]
--- lexindex string   load 0.85 1.00 0.91
1000000 keys
lexindex StringIndex: build 1076 ms, size 20.443 MiB (21.436 B/key), latency cold 285.2 ns, then mean 280.7 / min 279.4 ns
1075.632,20.442799,285.183
[time 2.63 s, user 2.54 s, sys 0.07 s, maxrss 152252 KB]
[busy 280 jiffies]
[exit 0]
--- lexindex dict1024   load 0.85 1.00 0.91
1000000 keys
lexindex DictIndex block 1024: build 129 ms, size 9.814 MiB (10.291 B/key), latency cold 397.3 ns, then mean 398.2 / min 397.2 ns
128.993,9.813874,397.329
[time 2.17 s, user 2.49 s, sys 0.18 s, maxrss 153520 KB]
[busy 292 jiffies]
[exit 0]
--- lexindex dict256   load 0.87 1.00 0.91
1000000 keys
lexindex DictIndex block 256: build 121 ms, size 9.917 MiB (10.399 B/key), latency cold 354.0 ns, then mean 349.3 / min 349.0 ns
121.450,9.916968,354.042
[time 1.97 s, user 2.56 s, sys 0.27 s, maxrss 172136 KB]
[busy 303 jiffies]
[exit 0]
--- lexindex dict32   load 0.80 0.99 0.90
1000000 keys
lexindex DictIndex block 32: build 121 ms, size 10.145 MiB (10.638 B/key), latency cold 337.5 ns, then mean 335.2 / min 333.6 ns
120.881,10.144960,337.506
[time 1.90 s, user 2.51 s, sys 0.27 s, maxrss 170672 KB]
[busy 298 jiffies]
[exit 0]

##### numeric-1000000 (1000000 lines, 6888890 bytes)   round 2/3   2026-09-24T03:36:16+03:00
--- xcdat 16   load 0.80 0.99 0.90
build time: 179.969170 ms
space cost: 7.181439 MiB (127.872740% of original size 5.616083 MiB)
avg latency: 69.611879 ns
179.969170,7.181439,69.611879
[time 0.57 s, user 0.50 s, sys 0.06 s, maxrss 90280 KB]
[busy 63 jiffies]
[exit 0]
--- xcdat 15   load 0.73 0.97 0.90
build time: 207.604411 ms
space cost: 6.727912 MiB (119.797228% of original size 5.616083 MiB)
avg latency: 54.015594 ns
207.604411,6.727912,54.015594
[time 0.59 s, user 0.52 s, sys 0.06 s, maxrss 90424 KB]
[busy 64 jiffies]
[exit 0]
--- xcdat 8   load 0.73 0.97 0.90
build time: 186.408933 ms
space cost: 4.607934 MiB (82.048892% of original size 5.616083 MiB)
avg latency: 94.939974 ns
186.408933,4.607934,94.939974
[time 0.62 s, user 0.54 s, sys 0.07 s, maxrss 90388 KB]
[busy 68 jiffies]
[exit 0]
--- xcdat 7   load 0.73 0.97 0.90
build time: 279.399905 ms
space cost: 5.285287 MiB (94.109841% of original size 5.616083 MiB)
avg latency: 86.452080 ns
279.399905,5.285287,86.452080
[time 0.70 s, user 0.63 s, sys 0.06 s, maxrss 90412 KB]
[busy 76 jiffies]
[exit 0]
--- c2 case 8 rec 0   load 0.67 0.95 0.89
[TEST CART]
Processing dataset...
Done!
Building trie...
Done!
build time: 69.891124 ms (69.891124 ns per key)
space cost: 11.262885 MB (200.546979% of original size 5.616083 MB)
Querying trie...
Done!
total time: 80.116603 ms, avg latency: 80.116603 ns
not implemented
69.891124,11.262885,80.116603
[PASSED]
[time 0.48 s, user 0.40 s, sys 0.06 s, maxrss 105048 KB]
[busy 53 jiffies]
[exit 0]
--- c2 case 7 rec 0   load 0.67 0.95 0.89
[TEST ART]
Processing dataset...
Done!
Building trie...
Done!
build time: 55.124859 ms (55.124859 ns per key)
space cost: 20.065308 MB (357.282951% of original size 5.616083 MB)
Querying trie...
Done!
total time: 72.608080 ms, avg latency: 72.608080 ns
not implemented
55.124859,20.065308,72.608080
[PASSED]
[time 0.45 s, user 0.39 s, sys 0.05 s, maxrss 103344 KB]
[busy 52 jiffies]
[exit 0]
--- c2 case 6 rec 0   load 0.67 0.95 0.89
[TEST PDT]
Processing dataset...
Done!
Building trie...
dict size: 92, stream size: 296698
Done!
build time: 107.935710 ms (107.935710 ns per key)
space cost: 1.559100 MB (27.761344% of original size 5.616083 MB)
Querying trie...
Done!
total time: 391.629655 ms, avg latency: 391.629655 ns
not implemented
107.935710,1.559100,391.629655
[PASSED]
[time 0.82 s, user 0.77 s, sys 0.05 s, maxrss 90004 KB]
[busy 88 jiffies]
[exit 0]
--- c2 case 5 rec 2   load 0.67 0.95 0.89
[TEST MARISA]
Processing dataset...
Done!
Building trie...
Done!
build time: 144.114589 ms (144.114589 ns per key)
space cost: 1.565816 MB (27.880925% of original size 5.616083 MB)
Querying trie...
Done!
total time: 186.169915 ms, avg latency: 186.169915 ns
not implemented
144.114589,1.565816,186.169915
[PASSED]
[time 0.65 s, user 0.58 s, sys 0.06 s, maxrss 108172 KB]
[busy 72 jiffies]
[exit 0]
--- c2 case 5 rec 1   load 0.70 0.95 0.90
[TEST MARISA]
Processing dataset...
Done!
Building trie...
Done!
build time: 146.027966 ms (146.027966 ns per key)
space cost: 1.565816 MB (27.880925% of original size 5.616083 MB)
Querying trie...
Done!
total time: 188.429923 ms, avg latency: 188.429923 ns
not implemented
146.027966,1.565816,188.429923
[PASSED]
[time 0.66 s, user 0.60 s, sys 0.06 s, maxrss 108208 KB]
[busy 73 jiffies]
[exit 0]
--- c2 case 5 rec 0   load 0.70 0.95 0.90
[TEST MARISA]
Processing dataset...
Done!
Building trie...
Done!
build time: 143.795570 ms (143.795570 ns per key)
space cost: 1.565816 MB (27.880925% of original size 5.616083 MB)
Querying trie...
Done!
total time: 185.000897 ms, avg latency: 185.000897 ns
not implemented
143.795570,1.565816,185.000897
[PASSED]
[time 0.67 s, user 0.59 s, sys 0.07 s, maxrss 108308 KB]
[busy 73 jiffies]
[exit 0]
--- c2 case 4 rec 0   load 0.64 0.94 0.89
[TEST COCO]
Processing dataset...
Done!
Building trie...
num nodes = 9001, average depth = 1.000222
ef = 0.000000, pa = 0.000000, bv = 0.000111, de = 0.999889
efr = 0.000000, par = 0.000000, bvr = 0.000000, der = 0.000000
Done!
build time: 697.593617 ms (697.593617 ns per key)
space cost: 0.497188 MB (8.852927% of original size 5.616083 MB)
Querying trie...
Done!
total time: 237.883382 ms, avg latency: 237.883382 ns
not implemented
697.593617,0.497188,237.883382
[PASSED]
[time 1.30 s, user 1.04 s, sys 0.24 s, maxrss 494856 KB]
[busy 137 jiffies]
[exit 0]
--- c2 case 3 rec 0   load 0.64 0.94 0.89
[TEST FST]
Processing dataset...
Done!
Building trie...
Done!
build time: 220.307808 ms (220.307808 ns per key)
space cost: 1.445107 MB (25.731589% of original size 5.616083 MB)
Querying trie...
Done!
total time: 246.796866 ms, avg latency: 246.796866 ns
not implemented
220.307808,1.445107,246.796866
[PASSED]
[time 0.80 s, user 0.73 s, sys 0.06 s, maxrss 73964 KB]
[busy 85 jiffies]
[exit 0]
--- c2 case 2 rec 2   skipped: exit 139 in round 1
--- c2 case 2 rec 1   skipped: exit 139 in round 1
--- c2 case 2 rec 0   skipped: exit 139 in round 1
--- c2 case 1 rec 2   skipped: exit 139 in round 1
--- c2 case 1 rec 1   skipped: exit 139 in round 1
--- c2 case 1 rec 0   skipped: exit 139 in round 1
--- c2 case 0 rec 2   skipped: exit 139 in round 1
--- c2 case 0 rec 1   skipped: exit 139 in round 1
--- c2 case 0 rec 0   skipped: exit 139 in round 1
--- lexindex hashed16   load 0.64 0.94 0.89
1000000 keys
lexindex HashedDictIndex fp=16: build 155 ms, size 5.485 MiB (5.752 B/key), latency cold 17.1 ns, then mean 15.0 / min 14.9 ns
154.724,5.485309,17.109
[time 0.63 s, user 0.88 s, sys 0.17 s, maxrss 149140 KB]
[busy 118 jiffies]
[exit 0]
--- lexindex hashed8   load 0.59 0.92 0.89
1000000 keys
lexindex HashedDictIndex fp=8: build 151 ms, size 4.532 MiB (4.752 B/key), latency cold 17.9 ns, then mean 16.0 / min 16.0 ns
150.984,4.531634,17.881
[time 0.62 s, user 0.87 s, sys 0.18 s, maxrss 156404 KB]
[busy 119 jiffies]
[exit 0]
--- lexindex hashed0   load 0.59 0.92 0.89
1000000 keys
lexindex HashedDictIndex closed: build 152 ms, size 3.578 MiB (3.752 B/key), latency cold 13.9 ns, then mean 12.9 / min 12.8 ns
152.265,3.577960,13.945
[time 0.61 s, user 0.89 s, sys 0.15 s, maxrss 153344 KB]
[busy 118 jiffies]
[exit 0]
--- lexindex string   load 0.59 0.92 0.89
1000000 keys
lexindex StringIndex: build 147 ms, size 0.000 MiB (0.000 B/key), latency cold 83.8 ns, then mean 84.4 / min 84.2 ns
146.737,0.000287,83.816
[time 0.88 s, user 0.83 s, sys 0.05 s, maxrss 115284 KB]
[busy 100 jiffies]
[exit 0]
--- lexindex dict1024   load 0.62 0.92 0.89
1000000 keys
lexindex DictIndex block 1024: build 68 ms, size 0.875 MiB (0.918 B/key), latency cold 289.1 ns, then mean 288.8 / min 288.2 ns
68.070,0.875449,289.096
[time 1.64 s, user 1.74 s, sys 0.10 s, maxrss 128220 KB]
[busy 199 jiffies]
[exit 0]
--- lexindex dict256   load 0.62 0.92 0.89
1000000 keys
lexindex DictIndex block 256: build 71 ms, size 0.964 MiB (1.011 B/key), latency cold 269.1 ns, then mean 269.9 / min 269.7 ns
70.871,0.964076,269.120
[time 1.56 s, user 1.77 s, sys 0.16 s, maxrss 137224 KB]
[busy 209 jiffies]
[exit 0]
--- lexindex dict32   load 0.65 0.92 0.89
1000000 keys
lexindex DictIndex block 32: build 70 ms, size 1.160 MiB (1.216 B/key), latency cold 252.0 ns, then mean 247.8 / min 247.3 ns
70.050,1.159871,251.979
[time 1.48 s, user 1.70 s, sys 0.16 s, maxrss 136076 KB]
[busy 203 jiffies]
[exit 0]

##### idents-1000000 (1000000 lines, 18283976 bytes)   round 2/3   2026-09-24T03:36:51+03:00
--- xcdat 16   load 0.65 0.92 0.89
build time: 461.902104 ms
space cost: 13.736038 MiB (83.333140% of original size 16.483284 MiB)
avg latency: 207.356856 ns
461.902104,13.736038,207.356856
[time 1.19 s, user 1.07 s, sys 0.11 s, maxrss 180160 KB]
[busy 127 jiffies]
[exit 0]
--- xcdat 15   load 0.68 0.93 0.89
build time: 500.221919 ms
space cost: 13.141485 MiB (79.726135% of original size 16.483284 MiB)
avg latency: 203.286526 ns
500.221919,13.141485,203.286526
[time 1.23 s, user 1.11 s, sys 0.11 s, maxrss 179780 KB]
[busy 136 jiffies]
[exit 0]
--- xcdat 8   load 0.68 0.93 0.89
build time: 460.382489 ms
space cost: 10.584354 MiB (64.212656% of original size 16.483284 MiB)
avg latency: 212.064605 ns
460.382489,10.584354,212.064605
[time 1.19 s, user 1.07 s, sys 0.12 s, maxrss 179912 KB]
[busy 128 jiffies]
[exit 0]
--- xcdat 7   load 0.63 0.91 0.88
build time: 503.249690 ms
space cost: 11.013126 MiB (66.813909% of original size 16.483284 MiB)
avg latency: 225.796304 ns
503.249690,11.013126,225.796304
[time 1.25 s, user 1.13 s, sys 0.11 s, maxrss 179740 KB]
[busy 134 jiffies]
[exit 0]
--- c2 case 8 rec 0   load 0.63 0.91 0.88
[TEST CART]
Processing dataset...
Done!
Building trie...
Done!
build time: 198.476525 ms (198.476525 ns per key)
space cost: 15.673315 MB (95.086119% of original size 16.483284 MB)
Querying trie...
Done!
total time: 457.165343 ms, avg latency: 457.165343 ns
not implemented
198.476525,15.673315,457.165343
[PASSED]
[time 1.17 s, user 1.09 s, sys 0.07 s, maxrss 149064 KB]
[busy 125 jiffies]
[exit 0]
--- c2 case 7 rec 0   load 0.63 0.91 0.88
[TEST ART]
Processing dataset...
Done!
Building trie...
Done!
build time: 150.117603 ms (150.117603 ns per key)
space cost: 32.931778 MB (199.788937% of original size 16.483284 MB)
Querying trie...
Done!
total time: 403.546192 ms, avg latency: 403.546192 ns
not implemented
150.117603,32.931778,403.546192
[PASSED]
[time 1.08 s, user 0.98 s, sys 0.09 s, maxrss 160704 KB]
[busy 114 jiffies]
[exit 0]
--- c2 case 6 rec 0   load 0.66 0.91 0.88
[TEST PDT]
Processing dataset...
Done!
Building trie...
dict size: 158636, stream size: 5032831
Done!
build time: 2560.902917 ms (2560.902917 ns per key)
space cost: 6.227028 MB (37.777835% of original size 16.483284 MB)
Querying trie...
Done!
total time: 581.682357 ms, avg latency: 581.682357 ns
not implemented
2560.902917,6.227028,581.682357
[PASSED]
[time 3.65 s, user 3.52 s, sys 0.11 s, maxrss 168132 KB]
[busy 380 jiffies]
[exit 0]
--- c2 case 5 rec 2   load 0.69 0.91 0.89
[TEST MARISA]
Processing dataset...
Done!
Building trie...
Done!
build time: 564.078049 ms (564.078049 ns per key)
space cost: 5.354378 MB (32.483683% of original size 16.483284 MB)
Querying trie...
Done!
total time: 721.594708 ms, avg latency: 721.594708 ns
not implemented
564.078049,5.354378,721.594708
[PASSED]
[time 1.81 s, user 1.68 s, sys 0.11 s, maxrss 165636 KB]
[busy 192 jiffies]
[exit 0]
--- c2 case 5 rec 1   load 0.69 0.91 0.89
[TEST MARISA]
Processing dataset...
Done!
Building trie...
Done!
build time: 544.724002 ms (544.724002 ns per key)
space cost: 5.655286 MB (34.309218% of original size 16.483284 MB)
Querying trie...
Done!
total time: 663.248404 ms, avg latency: 663.248404 ns
not implemented
544.724002,5.655286,663.248404
[PASSED]
[time 1.71 s, user 1.61 s, sys 0.09 s, maxrss 157800 KB]
[busy 183 jiffies]
[exit 0]
--- c2 case 5 rec 0   load 0.71 0.92 0.89
[TEST MARISA]
Processing dataset...
Done!
Building trie...
Done!
build time: 461.468610 ms (461.468610 ns per key)
space cost: 7.279773 MB (44.164578% of original size 16.483284 MB)
Querying trie...
Done!
total time: 460.716446 ms, avg latency: 460.716446 ns
not implemented
461.468610,7.279773,460.716446
[PASSED]
[time 1.43 s, user 1.32 s, sys 0.10 s, maxrss 157936 KB]
[busy 152 jiffies]
[exit 0]
--- c2 case 4 rec 0   load 0.71 0.92 0.89
[TEST COCO]
Processing dataset...
Done!
Building trie...
num nodes = 412937, average depth = 8.208172
ef = 0.000455, pa = 0.242352, bv = 0.003325, de = 0.563989
efr = 0.002477, par = 0.125714, bvr = 0.000545, der = 0.061142
Done!
build time: 14265.477678 ms (14265.477678 ns per key)
space cost: 9.974920 MB (60.515370% of original size 16.483284 MB)
Querying trie...
Done!
total time: 518.189259 ms, avg latency: 518.189259 ns
not implemented
14265.477678,9.974920,518.189259
[PASSED]
[time 15.96 s, user 12.30 s, sys 3.59 s, maxrss 7730608 KB]
[busy 1639 jiffies]
[exit 0]
--- c2 case 3 rec 0   load 0.79 0.92 0.89
[TEST FST]
Processing dataset...
Done!
Building trie...
Done!
build time: 673.537222 ms (673.537222 ns per key)
space cost: 8.563316 MB (51.951519% of original size 16.483284 MB)
Querying trie...
Done!
total time: 743.019477 ms, avg latency: 743.019477 ns
not implemented
673.537222,8.563316,743.019477
[PASSED]
[time 1.93 s, user 1.85 s, sys 0.07 s, maxrss 114768 KB]
[busy 204 jiffies]
[exit 0]
--- c2 case 2 rec 2   load 0.79 0.92 0.89
[TEST C2-MARISA]
Processing dataset...
Done!
Building trie...
trie size: 2.268721 MB
trie size: 2.569425 MB
trie size: 0.468599 MB
Done!
build time: 867.447014 ms (867.447014 ns per key)
space cost: 6.231204 MB (37.803171% of original size 16.483284 MB)
Querying trie...
Done!
total time: 428.187768 ms, avg latency: 428.187768 ns
topology: 0.985817 MB, link: 2.134608 MB, data: 3.090271 MB
--- Unary Path Analysis (Marisa, cutoff=3) ---
  branches: 1404624  |  single-char: 479529 (34.1%)  short-unary: 101093 (7.2%)  links: 824002 (58.7%)
  link len: avg=8.83  max=511  total_chars=7275589
  link length distribution (len:count):  3:96296  4:151575  5:100673  6:68854  7:57858  8:46664  9:40166  10:34974  11:30498  12:41963  13:23674  14:17279  15:14913  16:12650  17:10496  18:9162  19:7137  20:6187  21:5166  22:4219  23:3575  24:2970  25:2515  26:2033  27:1786  28:3448  29:3574  30:1146  31:1929  32:12598  33:2418  34:520  35:464  36:440  37:386  38:271  39:250  40:221  41:206  42:160  43:154  44:139  45:143  46:95  47:113  48:108  49:103  50:87  51:72  52:78  53:68  54:62  55:80  56:76  57:60  58:86  59:123  60:137  61:260  62:340  63:18  64:12  65:14  66:12  67:15  68:15  69:13  70:15  71:7  72:12  73:10  74:22  75:26  76:36  77:15  78:1  79:2  80:2  81:3  82:3  83:1  84:2  85:2  86:2  87:2  89:2  90:2  91:2  92:4  93:1  95:2  96:1  97:3  105:1  107:1  108:1  110:1  111:1  117:1  118:3  121:1  122:2  123:1  124:1  125:1  130:1  136:1  137:1  192:1  258:1  337:1  367:1  425:1  509:1  511:1
  short unary avg len: 2.00
867.447014,6.231204,428.187768
[PASSED]
[time 1.81 s, user 1.67 s, sys 0.13 s, maxrss 204848 KB]
[busy 189 jiffies]
[exit 0]
--- c2 case 2 rec 1   load 0.81 0.92 0.89
[TEST C2-MARISA]
Processing dataset...
Done!
Building trie...
trie size: 2.268721 MB
trie size: 2.569425 MB
Done!
build time: 813.518914 ms (813.518914 ns per key)
space cost: 6.231204 MB (37.803171% of original size 16.483284 MB)
Querying trie...
Done!
total time: 426.623767 ms, avg latency: 426.623767 ns
topology: 0.985817 MB, link: 2.134608 MB, data: 3.090271 MB
--- Unary Path Analysis (Marisa, cutoff=3) ---
  branches: 1404624  |  single-char: 479529 (34.1%)  short-unary: 101093 (7.2%)  links: 824002 (58.7%)
  link len: avg=8.83  max=511  total_chars=7275589
  link length distribution (len:count):  3:96296  4:151575  5:100673  6:68854  7:57858  8:46664  9:40166  10:34974  11:30498  12:41963  13:23674  14:17279  15:14913  16:12650  17:10496  18:9162  19:7137  20:6187  21:5166  22:4219  23:3575  24:2970  25:2515  26:2033  27:1786  28:3448  29:3574  30:1146  31:1929  32:12598  33:2418  34:520  35:464  36:440  37:386  38:271  39:250  40:221  41:206  42:160  43:154  44:139  45:143  46:95  47:113  48:108  49:103  50:87  51:72  52:78  53:68  54:62  55:80  56:76  57:60  58:86  59:123  60:137  61:260  62:340  63:18  64:12  65:14  66:12  67:15  68:15  69:13  70:15  71:7  72:12  73:10  74:22  75:26  76:36  77:15  78:1  79:2  80:2  81:3  82:3  83:1  84:2  85:2  86:2  87:2  89:2  90:2  91:2  92:4  93:1  95:2  96:1  97:3  105:1  107:1  108:1  110:1  111:1  117:1  118:3  121:1  122:2  123:1  124:1  125:1  130:1  136:1  137:1  192:1  258:1  337:1  367:1  425:1  509:1  511:1
  short unary avg len: 2.00
813.518914,6.231204,426.623767
[PASSED]
[time 1.75 s, user 1.61 s, sys 0.13 s, maxrss 204592 KB]
[busy 183 jiffies]
[exit 0]
--- c2 case 2 rec 0   load 0.75 0.91 0.89
[TEST C2-MARISA]
Processing dataset...
Done!
Building trie...
trie size: 2.268721 MB
Done!
build time: 662.326992 ms (662.326992 ns per key)
space cost: 7.402753 MB (44.910668% of original size 16.483284 MB)
Querying trie...
Done!
total time: 338.890369 ms, avg latency: 338.890369 ns
topology: 0.751392 MB, link: 2.163248 MB, data: 4.467605 MB
--- Unary Path Analysis (Marisa, cutoff=3) ---
  branches: 1404624  |  single-char: 479529 (34.1%)  short-unary: 101093 (7.2%)  links: 824002 (58.7%)
  link len: avg=8.83  max=511  total_chars=7275589
  link length distribution (len:count):  3:96296  4:151575  5:100673  6:68854  7:57858  8:46664  9:40166  10:34974  11:30498  12:41963  13:23674  14:17279  15:14913  16:12650  17:10496  18:9162  19:7137  20:6187  21:5166  22:4219  23:3575  24:2970  25:2515  26:2033  27:1786  28:3448  29:3574  30:1146  31:1929  32:12598  33:2418  34:520  35:464  36:440  37:386  38:271  39:250  40:221  41:206  42:160  43:154  44:139  45:143  46:95  47:113  48:108  49:103  50:87  51:72  52:78  53:68  54:62  55:80  56:76  57:60  58:86  59:123  60:137  61:260  62:340  63:18  64:12  65:14  66:12  67:15  68:15  69:13  70:15  71:7  72:12  73:10  74:22  75:26  76:36  77:15  78:1  79:2  80:2  81:3  82:3  83:1  84:2  85:2  86:2  87:2  89:2  90:2  91:2  92:4  93:1  95:2  96:1  97:3  105:1  107:1  108:1  110:1  111:1  117:1  118:3  121:1  122:2  123:1  124:1  125:1  130:1  136:1  137:1  192:1  258:1  337:1  367:1  425:1  509:1  511:1
  short unary avg len: 2.00
662.326992,7.402753,338.890369
[PASSED]
[time 1.51 s, user 1.37 s, sys 0.12 s, maxrss 204244 KB]
[busy 161 jiffies]
[exit 0]
--- c2 case 1 rec 2   load 0.75 0.91 0.89
[TEST C2-CoCo(LOUDS-Sparse)]
Processing dataset...
Done!
Building trie...
trie size: 1.626037 MB
trie size: 0.392475 MB
Done!
build time: 2277.663727 ms (2277.663727 ns per key)
space cost: 7.511661 MB (45.571388% of original size 16.483284 MB)
Querying trie...
Done!
total time: 623.669203 ms, avg latency: 623.669203 ns
topology: 0.599392 MB, link: 2.257739 MB, data: 4.654530 MB
2277.663727,7.511661,623.669203
[PASSED]
[time 3.43 s, user 3.23 s, sys 0.18 s, maxrss 335912 KB]
[busy 354 jiffies]
[exit 0]
--- c2 case 1 rec 1   load 0.77 0.91 0.89
[TEST C2-CoCo(LOUDS-Sparse)]
Processing dataset...
Done!
Building trie...
trie size: 1.626037 MB
Done!
build time: 2239.413885 ms (2239.413885 ns per key)
space cost: 7.511661 MB (45.571388% of original size 16.483284 MB)
Querying trie...
Done!
total time: 630.368926 ms, avg latency: 630.368926 ns
topology: 0.599392 MB, link: 2.257739 MB, data: 4.654530 MB
2239.413885,7.511661,630.368926
[PASSED]
[time 3.39 s, user 3.19 s, sys 0.18 s, maxrss 335840 KB]
[busy 351 jiffies]
[exit 0]
--- c2 case 1 rec 0   load 0.79 0.91 0.89
[TEST C2-CoCo(LOUDS-Sparse)]
Processing dataset...
Done!
Building trie...
Done!
build time: 2131.922651 ms (2131.922651 ns per key)
space cost: 8.350286 MB (50.659118% of original size 16.483284 MB)
Querying trie...
Done!
total time: 572.591951 ms, avg latency: 572.591951 ns
topology: 0.418800 MB, link: 2.233477 MB, data: 5.698009 MB
2131.922651,8.350286,572.591951
[PASSED]
[time 3.22 s, user 3.02 s, sys 0.18 s, maxrss 336036 KB]
[busy 335 jiffies]
[exit 0]
--- c2 case 0 rec 2   load 0.72 0.90 0.88
[TEST C2-FST]
Processing dataset...
Done!
Building trie...
trie size: 1.626037 MB
trie size: 0.392475 MB
Done!
build time: 753.353635 ms (753.353635 ns per key)
space cost: 7.389305 MB (44.829083% of original size 16.483284 MB)
Querying trie...
Done!
total time: 522.341390 ms, avg latency: 522.341390 ns
topology: 1.316097 MB, link: 1.431170 MB, data: 4.642038 MB
--- Unary Path Analysis (FST, cutoff=4) ---
  shared unary steps in main trie: 971668
  terminal suffixes: inplace=238747 (avg len=2.28)  links=478774 (66.7% of terminal)
  link len: avg=9.52  max=507  total_chars=4557473
  link length distribution (len:count):  4:79167  5:52258  6:44526  7:37562  8:33071  9:28872  10:26062  11:38559  12:20998  13:14985  14:12840  15:11027  16:9190  17:7956  18:6288  19:5522  20:4616  21:3760  22:3224  23:2642  24:2265  25:1817  26:1599  27:3319  28:3490  29:1071  30:1819  31:12530  32:2370  33:475  34:427  35:414  36:360  37:260  38:234  39:210  40:195  41:157  42:148  43:129  44:137  45:91  46:113  47:107  48:101  49:86  50:71  51:74  52:68  53:61  54:79  55:76  56:60  57:86  58:122  59:137  60:259  61:339  62:18  63:12  64:12  65:12  66:15  67:15  68:13  69:15  70:7  71:11  72:10  73:21  74:26  75:36  76:15  77:1  78:2  79:2  80:3  81:3  83:1  84:2  85:2  86:1  88:2  89:2  90:2  91:4  92:1  94:2  95:1  96:3  104:1  106:1  107:1  109:1  110:1  116:1  117:3  120:1  121:2  122:1  123:1  124:1  129:1  191:1  257:1  366:1  424:1  508:1
753.353635,7.389305,522.341390
[PASSED]
[time 1.80 s, user 1.68 s, sys 0.11 s, maxrss 163360 KB]
[busy 192 jiffies]
[exit 0]
--- c2 case 0 rec 1   load 0.72 0.90 0.88
[TEST C2-FST]
Processing dataset...
Done!
Building trie...
trie size: 1.626037 MB
Done!
build time: 704.020131 ms (704.020131 ns per key)
space cost: 7.389305 MB (44.829083% of original size 16.483284 MB)
Querying trie...
Done!
total time: 534.462952 ms, avg latency: 534.462952 ns
topology: 1.316097 MB, link: 1.431170 MB, data: 4.642038 MB
--- Unary Path Analysis (FST, cutoff=4) ---
  shared unary steps in main trie: 971668
  terminal suffixes: inplace=238747 (avg len=2.28)  links=478774 (66.7% of terminal)
  link len: avg=9.52  max=507  total_chars=4557473
  link length distribution (len:count):  4:79167  5:52258  6:44526  7:37562  8:33071  9:28872  10:26062  11:38559  12:20998  13:14985  14:12840  15:11027  16:9190  17:7956  18:6288  19:5522  20:4616  21:3760  22:3224  23:2642  24:2265  25:1817  26:1599  27:3319  28:3490  29:1071  30:1819  31:12530  32:2370  33:475  34:427  35:414  36:360  37:260  38:234  39:210  40:195  41:157  42:148  43:129  44:137  45:91  46:113  47:107  48:101  49:86  50:71  51:74  52:68  53:61  54:79  55:76  56:60  57:86  58:122  59:137  60:259  61:339  62:18  63:12  64:12  65:12  66:15  67:15  68:13  69:15  70:7  71:11  72:10  73:21  74:26  75:36  76:15  77:1  78:2  79:2  80:3  81:3  83:1  84:2  85:2  86:1  88:2  89:2  90:2  91:4  92:1  94:2  95:1  96:3  104:1  106:1  107:1  109:1  110:1  116:1  117:3  120:1  121:2  122:1  123:1  124:1  129:1  191:1  257:1  366:1  424:1  508:1
704.020131,7.389305,534.462952
[PASSED]
[time 1.76 s, user 1.63 s, sys 0.11 s, maxrss 162952 KB]
[busy 187 jiffies]
[exit 0]
--- c2 case 0 rec 0   load 0.74 0.90 0.88
[TEST C2-FST]
Processing dataset...
Done!
Building trie...
Done!
build time: 593.736449 ms (593.736449 ns per key)
space cost: 8.227930 MB (49.916813% of original size 16.483284 MB)
Querying trie...
Done!
total time: 466.063603 ms, avg latency: 466.063603 ns
topology: 1.135506 MB, link: 1.406907 MB, data: 5.685517 MB
--- Unary Path Analysis (FST, cutoff=4) ---
  shared unary steps in main trie: 971668
  terminal suffixes: inplace=238747 (avg len=2.28)  links=478774 (66.7% of terminal)
  link len: avg=9.52  max=507  total_chars=4557473
  link length distribution (len:count):  4:79167  5:52258  6:44526  7:37562  8:33071  9:28872  10:26062  11:38559  12:20998  13:14985  14:12840  15:11027  16:9190  17:7956  18:6288  19:5522  20:4616  21:3760  22:3224  23:2642  24:2265  25:1817  26:1599  27:3319  28:3490  29:1071  30:1819  31:12530  32:2370  33:475  34:427  35:414  36:360  37:260  38:234  39:210  40:195  41:157  42:148  43:129  44:137  45:91  46:113  47:107  48:101  49:86  50:71  51:74  52:68  53:61  54:79  55:76  56:60  57:86  58:122  59:137  60:259  61:339  62:18  63:12  64:12  65:12  66:15  67:15  68:13  69:15  70:7  71:11  72:10  73:21  74:26  75:36  76:15  77:1  78:2  79:2  80:3  81:3  83:1  84:2  85:2  86:1  88:2  89:2  90:2  91:4  92:1  94:2  95:1  96:3  104:1  106:1  107:1  109:1  110:1  116:1  117:3  120:1  121:2  122:1  123:1  124:1  129:1  191:1  257:1  366:1  424:1  508:1
593.736449,8.227930,466.063603
[PASSED]
[time 1.58 s, user 1.48 s, sys 0.09 s, maxrss 162992 KB]
[busy 170 jiffies]
[exit 0]
--- lexindex hashed16   load 0.74 0.90 0.88
1000000 keys
lexindex HashedDictIndex fp=16: build 342 ms, size 9.507 MiB (9.969 B/key), latency cold 46.7 ns, then mean 43.4 / min 42.0 ns
342.437,9.506732,46.683
[time 1.01 s, user 2.42 s, sys 0.24 s, maxrss 259720 KB]
[busy 287 jiffies]
[exit 0]
--- lexindex hashed8   load 0.77 0.90 0.89
1000000 keys
lexindex HashedDictIndex fp=8: build 339 ms, size 8.553 MiB (8.969 B/key), latency cold 44.1 ns, then mean 42.0 / min 41.9 ns
339.226,8.553058,44.065
[time 1.00 s, user 2.43 s, sys 0.22 s, maxrss 257924 KB]
[busy 285 jiffies]
[exit 0]
--- lexindex hashed0   load 0.77 0.90 0.89
1000000 keys
lexindex HashedDictIndex closed: build 338 ms, size 7.599 MiB (7.969 B/key), latency cold 39.4 ns, then mean 37.6 / min 37.5 ns
338.236,7.599383,39.377
[time 0.98 s, user 2.36 s, sys 0.24 s, maxrss 253256 KB]
[busy 282 jiffies]
[exit 0]
--- lexindex string   load 0.70 0.88 0.88
1000000 keys
lexindex StringIndex: build 651 ms, size 10.063 MiB (10.552 B/key), latency cold 248.9 ns, then mean 245.8 / min 242.0 ns
650.701,10.063018,248.899
[time 2.12 s, user 2.04 s, sys 0.06 s, maxrss 149016 KB]
[busy 229 jiffies]
[exit 0]
--- lexindex dict1024   load 0.70 0.88 0.88
1000000 keys
lexindex DictIndex block 1024: build 267 ms, size 4.831 MiB (5.066 B/key), latency cold 466.7 ns, then mean 461.5 / min 460.8 ns
266.904,4.830847,466.728
[time 2.61 s, user 3.45 s, sys 0.20 s, maxrss 240432 KB]
[busy 393 jiffies]
[exit 0]
--- lexindex dict256   load 0.73 0.89 0.88
1000000 keys
lexindex DictIndex block 256: build 243 ms, size 4.986 MiB (5.228 B/key), latency cold 398.8 ns, then mean 387.8 / min 386.7 ns
243.025,4.986134,398.790
[time 2.31 s, user 3.67 s, sys 0.26 s, maxrss 249808 KB]
[busy 418 jiffies]
[exit 0]
--- lexindex dict32   load 0.67 0.87 0.88
1000000 keys
lexindex DictIndex block 32: build 238 ms, size 5.356 MiB (5.617 B/key), latency cold 372.0 ns, then mean 367.5 / min 365.6 ns
238.488,5.356443,371.990
[time 2.21 s, user 3.57 s, sys 0.21 s, maxrss 249588 KB]
[busy 403 jiffies]
[exit 0]

##### domains-1000000 (1000000 lines, 14782044 bytes)   round 2/3   2026-09-24T03:38:26+03:00
--- xcdat 16   load 0.67 0.87 0.88
build time: 485.486830 ms
space cost: 10.260450 MiB (78.064342% of original size 13.143581 MiB)
avg latency: 152.764466 ns
485.486830,10.260450,152.764466
[time 1.09 s, user 0.99 s, sys 0.09 s, maxrss 139628 KB]
[busy 114 jiffies]
[exit 0]
--- xcdat 15   load 0.62 0.86 0.87
build time: 509.646579 ms
space cost: 9.847433 MiB (74.921993% of original size 13.143581 MiB)
avg latency: 145.073591 ns
509.646579,9.847433,145.073591
[time 1.10 s, user 1.01 s, sys 0.08 s, maxrss 139716 KB]
[busy 116 jiffies]
[exit 0]
--- xcdat 8   load 0.62 0.86 0.87
build time: 487.246477 ms
space cost: 8.488643 MiB (64.583940% of original size 13.143581 MiB)
avg latency: 172.117701 ns
487.246477,8.488643,172.117701
[time 1.11 s, user 1.01 s, sys 0.09 s, maxrss 139908 KB]
[busy 123 jiffies]
[exit 0]
--- xcdat 7   load 0.62 0.86 0.87
build time: 516.873994 ms
space cost: 9.017626 MiB (68.608590% of original size 13.143581 MiB)
avg latency: 172.124353 ns
516.873994,9.017626,172.124353
[time 1.14 s, user 1.04 s, sys 0.09 s, maxrss 139532 KB]
[busy 120 jiffies]
[exit 0]
--- c2 case 8 rec 0   load 0.65 0.86 0.87
[TEST CART]
Processing dataset...
Done!
Building trie...
Done!
build time: 160.716563 ms (160.716563 ns per key)
space cost: 13.831998 MB (105.237663% of original size 13.143581 MB)
Querying trie...
Done!
total time: 321.852483 ms, avg latency: 321.852483 ns
not implemented
160.716563,13.831998,321.852483
[PASSED]
[time 0.94 s, user 0.84 s, sys 0.09 s, maxrss 133828 KB]
[busy 101 jiffies]
[exit 0]
--- c2 case 7 rec 0   load 0.65 0.86 0.87
[TEST ART]
Processing dataset...
Done!
Building trie...
Done!
build time: 114.374831 ms (114.374831 ns per key)
space cost: 31.580688 MB (240.274607% of original size 13.143581 MB)
Querying trie...
Done!
total time: 252.195701 ms, avg latency: 252.195701 ns
not implemented
114.374831,31.580688,252.195701
[PASSED]
[time 0.81 s, user 0.74 s, sys 0.06 s, maxrss 136116 KB]
[busy 87 jiffies]
[exit 0]
--- c2 case 6 rec 0   load 0.59 0.84 0.87
[TEST PDT]
Processing dataset...
Done!
Building trie...
dict size: 155466, stream size: 4016746
Done!
build time: 1917.191450 ms (1917.191450 ns per key)
space cost: 5.254991 MB (39.981421% of original size 13.143581 MB)
Querying trie...
Done!
total time: 520.566934 ms, avg latency: 520.566934 ns
not implemented
1917.191450,5.254991,520.566934
[PASSED]
[time 2.88 s, user 2.78 s, sys 0.09 s, maxrss 152720 KB]
[busy 299 jiffies]
[exit 0]
--- c2 case 5 rec 2   load 0.59 0.84 0.87
[TEST MARISA]
Processing dataset...
Done!
Building trie...
Done!
build time: 560.416984 ms (560.416984 ns per key)
space cost: 4.647946 MB (35.362861% of original size 13.143581 MB)
Querying trie...
Done!
total time: 537.637489 ms, avg latency: 537.637489 ns
not implemented
560.416984,4.647946,537.637489
[PASSED]
[time 1.53 s, user 1.40 s, sys 0.11 s, maxrss 172264 KB]
[busy 161 jiffies]
[exit 0]
--- c2 case 5 rec 1   load 0.63 0.85 0.87
[TEST MARISA]
Processing dataset...
Done!
Building trie...
Done!
build time: 554.270071 ms (554.270071 ns per key)
space cost: 4.826345 MB (36.720170% of original size 13.143581 MB)
Querying trie...
Done!
total time: 513.351172 ms, avg latency: 513.351172 ns
not implemented
554.270071,4.826345,513.351172
[PASSED]
[time 1.51 s, user 1.39 s, sys 0.11 s, maxrss 172664 KB]
[busy 160 jiffies]
[exit 0]
--- c2 case 5 rec 0   load 0.63 0.85 0.87
[TEST MARISA]
Processing dataset...
Done!
Building trie...
Done!
build time: 482.173423 ms (482.173423 ns per key)
space cost: 6.885828 MB (52.389283% of original size 13.143581 MB)
Querying trie...
Done!
total time: 381.583529 ms, avg latency: 381.583529 ns
not implemented
482.173423,6.885828,381.583529
[PASSED]
[time 1.29 s, user 1.19 s, sys 0.09 s, maxrss 172408 KB]
[busy 137 jiffies]
[exit 0]
--- c2 case 4 rec 0   load 0.66 0.85 0.87
[TEST COCO]
Processing dataset...
Done!
Building trie...
num nodes = 310886, average depth = 6.283062
ef = 0.001168, pa = 0.211653, bv = 0.000885, de = 0.651638
efr = 0.002046, par = 0.129141, bvr = 0.000006, der = 0.003464
Done!
build time: 10326.773521 ms (10326.773521 ns per key)
space cost: 9.668336 MB (73.559374% of original size 13.143581 MB)
Querying trie...
Done!
total time: 418.763210 ms, avg latency: 418.763210 ns
not implemented
10326.773521,9.668336,418.763210
[PASSED]
[time 11.70 s, user 8.80 s, sys 2.85 s, maxrss 6138096 KB]
[busy 1208 jiffies]
[exit 0]
--- c2 case 3 rec 0   load 0.71 0.86 0.87
[TEST FST]
Processing dataset...
Done!
Building trie...
Done!
build time: 596.969035 ms (596.969035 ns per key)
space cost: 6.751218 MB (51.365131% of original size 13.143581 MB)
Querying trie...
Done!
total time: 442.025793 ms, avg latency: 442.025793 ns
not implemented
596.969035,6.751218,442.025793
[PASSED]
[time 1.46 s, user 1.40 s, sys 0.05 s, maxrss 95284 KB]
[busy 154 jiffies]
[exit 0]
--- c2 case 2 rec 2   load 0.81 0.87 0.88
[TEST C2-MARISA]
Processing dataset...
Done!
Building trie...
trie size: 2.220281 MB
trie size: 2.823213 MB
trie size: 0.214430 MB
Done!
build time: 790.691813 ms (790.691813 ns per key)
space cost: 5.413679 MB (41.188767% of original size 13.143581 MB)
Querying trie...
Done!
total time: 331.748804 ms, avg latency: 331.748804 ns
topology: 0.947487 MB, link: 2.305346 MB, data: 2.140338 MB
--- Unary Path Analysis (Marisa, cutoff=3) ---
  branches: 1529804  |  single-char: 445053 (29.1%)  short-unary: 119280 (7.8%)  links: 965471 (63.1%)
  link len: avg=7.67  max=65  total_chars=7409785
  link length distribution (len:count):  3:106346  4:81524  5:100388  6:117171  7:118183  8:106006  9:86378  10:68801  11:51930  12:37786  13:27091  14:19390  15:13458  16:9322  17:6753  18:4616  19:3149  20:2153  21:1566  22:983  23:724  24:512  25:321  26:290  27:155  28:98  29:77  30:70  31:40  32:24  33:35  34:24  35:16  36:9  37:12  38:9  39:5  40:5  41:5  42:8  43:4  44:7  46:3  47:1  49:1  51:1  53:4  55:2  56:1  57:5  58:4  60:2  64:2  65:1
  short unary avg len: 2.00
790.691813,5.413679,331.748804
[PASSED]
[time 1.56 s, user 1.44 s, sys 0.11 s, maxrss 205884 KB]
[busy 164 jiffies]
[exit 0]
--- c2 case 2 rec 1   load 0.81 0.87 0.88
[TEST C2-MARISA]
Processing dataset...
Done!
Building trie...
trie size: 2.220281 MB
trie size: 2.823213 MB
Done!
build time: 781.426960 ms (781.426960 ns per key)
space cost: 5.413679 MB (41.188767% of original size 13.143581 MB)
Querying trie...
Done!
total time: 325.195727 ms, avg latency: 325.195727 ns
topology: 0.947487 MB, link: 2.305346 MB, data: 2.140338 MB
--- Unary Path Analysis (Marisa, cutoff=3) ---
  branches: 1529804  |  single-char: 445053 (29.1%)  short-unary: 119280 (7.8%)  links: 965471 (63.1%)
  link len: avg=7.67  max=65  total_chars=7409785
  link length distribution (len:count):  3:106346  4:81524  5:100388  6:117171  7:118183  8:106006  9:86378  10:68801  11:51930  12:37786  13:27091  14:19390  15:13458  16:9322  17:6753  18:4616  19:3149  20:2153  21:1566  22:983  23:724  24:512  25:321  26:290  27:155  28:98  29:77  30:70  31:40  32:24  33:35  34:24  35:16  36:9  37:12  38:9  39:5  40:5  41:5  42:8  43:4  44:7  46:3  47:1  49:1  51:1  53:4  55:2  56:1  57:5  58:4  60:2  64:2  65:1
  short unary avg len: 2.00
781.426960,5.413679,325.195727
[PASSED]
[time 1.54 s, user 1.41 s, sys 0.12 s, maxrss 205956 KB]
[busy 164 jiffies]
[exit 0]
--- c2 case 2 rec 0   load 0.83 0.88 0.88
[TEST C2-MARISA]
Processing dataset...
Done!
Building trie...
trie size: 2.220281 MB
Done!
build time: 684.740745 ms (684.740745 ns per key)
space cost: 6.286226 MB (47.827347% of original size 13.143581 MB)
Querying trie...
Done!
total time: 255.121610 ms, avg latency: 255.121610 ns
topology: 0.735279 MB, link: 2.419176 MB, data: 3.111263 MB
--- Unary Path Analysis (Marisa, cutoff=3) ---
  branches: 1529804  |  single-char: 445053 (29.1%)  short-unary: 119280 (7.8%)  links: 965471 (63.1%)
  link len: avg=7.67  max=65  total_chars=7409785
  link length distribution (len:count):  3:106346  4:81524  5:100388  6:117171  7:118183  8:106006  9:86378  10:68801  11:51930  12:37786  13:27091  14:19390  15:13458  16:9322  17:6753  18:4616  19:3149  20:2153  21:1566  22:983  23:724  24:512  25:321  26:290  27:155  28:98  29:77  30:70  31:40  32:24  33:35  34:24  35:16  36:9  37:12  38:9  39:5  40:5  41:5  42:8  43:4  44:7  46:3  47:1  49:1  51:1  53:4  55:2  56:1  57:5  58:4  60:2  64:2  65:1
  short unary avg len: 2.00
684.740745,6.286226,255.121610
[PASSED]
[time 1.37 s, user 1.24 s, sys 0.12 s, maxrss 205804 KB]
[busy 148 jiffies]
[exit 0]
--- c2 case 1 rec 2   load 0.83 0.88 0.88
[TEST C2-CoCo(LOUDS-Sparse)]
Processing dataset...
Done!
Building trie...
trie size: 2.171301 MB
trie size: 0.145336 MB
Done!
build time: 1426.897705 ms (1426.897705 ns per key)
space cost: 6.299446 MB (47.927923% of original size 13.143581 MB)
Querying trie...
Done!
total time: 558.779686 ms, avg latency: 558.779686 ns
topology: 0.558979 MB, link: 2.635554 MB, data: 3.104912 MB
1426.897705,6.299446,558.779686
[PASSED]
[time 2.42 s, user 2.23 s, sys 0.18 s, maxrss 326720 KB]
[busy 253 jiffies]
[exit 0]
--- c2 case 1 rec 1   load 0.84 0.88 0.88
[TEST C2-CoCo(LOUDS-Sparse)]
Processing dataset...
Done!
Building trie...
trie size: 2.171301 MB
Done!
build time: 1432.132194 ms (1432.132194 ns per key)
space cost: 6.299446 MB (47.927923% of original size 13.143581 MB)
Querying trie...
Done!
total time: 535.803412 ms, avg latency: 535.803412 ns
topology: 0.558979 MB, link: 2.635554 MB, data: 3.104912 MB
1432.132194,6.299446,535.803412
[PASSED]
[time 2.40 s, user 2.21 s, sys 0.17 s, maxrss 326688 KB]
[busy 252 jiffies]
[exit 0]
--- c2 case 1 rec 0   load 0.86 0.88 0.88
[TEST C2-CoCo(LOUDS-Sparse)]
Processing dataset...
Done!
Building trie...
Done!
build time: 1341.407523 ms (1341.407523 ns per key)
space cost: 6.955368 MB (52.918365% of original size 13.143581 MB)
Querying trie...
Done!
total time: 483.319607 ms, avg latency: 483.319607 ns
topology: 0.405121 MB, link: 2.743303 MB, data: 3.806944 MB
1341.407523,6.955368,483.319607
[PASSED]
[time 2.26 s, user 2.08 s, sys 0.17 s, maxrss 326880 KB]
[busy 235 jiffies]
[exit 0]
--- c2 case 0 rec 2   load 0.79 0.87 0.88
[TEST C2-FST]
Processing dataset...
Done!
Building trie...
trie size: 2.171301 MB
trie size: 0.145336 MB
Done!
build time: 699.653343 ms (699.653343 ns per key)
space cost: 6.261899 MB (47.642258% of original size 13.143581 MB)
Querying trie...
Done!
total time: 390.499367 ms, avg latency: 390.499367 ns
topology: 1.096256 MB, link: 1.933458 MB, data: 3.232184 MB
--- Unary Path Analysis (FST, cutoff=4) ---
  shared unary steps in main trie: 268333
  terminal suffixes: inplace=220500 (avg len=1.97)  links=754948 (77.4% of terminal)
  link len: avg=6.76  max=63  total_chars=5105329
  link length distribution (len:count):  4:91687  5:111663  6:114934  7:103953  8:85177  9:68086  10:51456  11:37502  12:26935  13:19286  14:13392  15:9281  16:6718  17:4599  18:3138  19:2143  20:1561  21:980  22:717  23:511  24:315  25:289  26:154  27:98  28:76  29:70  30:38  31:24  32:35  33:24  34:15  35:9  36:12  37:9  38:5  39:5  40:5  41:8  42:4  43:7  45:3  46:1  48:1  50:1  52:4  54:2  55:1  56:5  57:4  59:2  63:2  64:1
699.653343,6.261899,390.499367
[PASSED]
[time 1.52 s, user 1.39 s, sys 0.11 s, maxrss 183208 KB]
[busy 164 jiffies]
[exit 0]
--- c2 case 0 rec 1   load 0.79 0.87 0.88
[TEST C2-FST]
Processing dataset...
Done!
Building trie...
trie size: 2.171301 MB
Done!
build time: 685.252857 ms (685.252857 ns per key)
space cost: 6.261899 MB (47.642258% of original size 13.143581 MB)
Querying trie...
Done!
total time: 390.289774 ms, avg latency: 390.289774 ns
topology: 1.096256 MB, link: 1.933458 MB, data: 3.232184 MB
--- Unary Path Analysis (FST, cutoff=4) ---
  shared unary steps in main trie: 268333
  terminal suffixes: inplace=220500 (avg len=1.97)  links=754948 (77.4% of terminal)
  link len: avg=6.76  max=63  total_chars=5105329
  link length distribution (len:count):  4:91687  5:111663  6:114934  7:103953  8:85177  9:68086  10:51456  11:37502  12:26935  13:19286  14:13392  15:9281  16:6718  17:4599  18:3138  19:2143  20:1561  21:980  22:717  23:511  24:315  25:289  26:154  27:98  28:76  29:70  30:38  31:24  32:35  33:24  34:15  35:9  36:12  37:9  38:5  39:5  40:5  41:8  42:4  43:7  45:3  46:1  48:1  50:1  52:4  54:2  55:1  56:5  57:4  59:2  63:2  64:1
685.252857,6.261899,390.289774
[PASSED]
[time 1.51 s, user 1.40 s, sys 0.10 s, maxrss 183212 KB]
[busy 159 jiffies]
[exit 0]
--- c2 case 0 rec 0   load 0.72 0.85 0.87
[TEST C2-FST]
Processing dataset...
Done!
Building trie...
Done!
build time: 608.038991 ms (608.038991 ns per key)
space cost: 6.917822 MB (52.632701% of original size 13.143581 MB)
Querying trie...
Done!
total time: 336.295409 ms, avg latency: 336.295409 ns
topology: 0.942398 MB, link: 2.041207 MB, data: 3.934216 MB
--- Unary Path Analysis (FST, cutoff=4) ---
  shared unary steps in main trie: 268333
  terminal suffixes: inplace=220500 (avg len=1.97)  links=754948 (77.4% of terminal)
  link len: avg=6.76  max=63  total_chars=5105329
  link length distribution (len:count):  4:91687  5:111663  6:114934  7:103953  8:85177  9:68086  10:51456  11:37502  12:26935  13:19286  14:13392  15:9281  16:6718  17:4599  18:3138  19:2143  20:1561  21:980  22:717  23:511  24:315  25:289  26:154  27:98  28:76  29:70  30:38  31:24  32:35  33:24  34:15  35:9  36:12  37:9  38:5  39:5  40:5  41:8  42:4  43:7  45:3  46:1  48:1  50:1  52:4  54:2  55:1  56:5  57:4  59:2  63:2  64:1
608.038991,6.917822,336.295409
[PASSED]
[time 1.36 s, user 1.24 s, sys 0.12 s, maxrss 183044 KB]
[busy 142 jiffies]
[exit 0]
--- lexindex hashed16   load 0.72 0.85 0.87
1000000 keys
lexindex HashedDictIndex fp=16: build 293 ms, size 8.812 MiB (9.240 B/key), latency cold 35.7 ns, then mean 31.1 / min 30.5 ns
293.227,8.812214,35.722
[time 0.89 s, user 2.20 s, sys 0.22 s, maxrss 248968 KB]
[busy 260 jiffies]
[exit 0]
--- lexindex hashed8   load 0.72 0.85 0.87
1000000 keys
lexindex HashedDictIndex fp=8: build 293 ms, size 7.859 MiB (8.240 B/key), latency cold 34.7 ns, then mean 29.8 / min 29.8 ns
293.149,7.858540,34.707
[time 0.89 s, user 2.22 s, sys 0.21 s, maxrss 249188 KB]
[busy 265 jiffies]
[exit 0]
--- lexindex hashed0   load 0.75 0.86 0.87
1000000 keys
lexindex HashedDictIndex closed: build 295 ms, size 6.905 MiB (7.240 B/key), latency cold 27.2 ns, then mean 23.9 / min 23.7 ns
295.274,6.904865,27.203
[time 0.87 s, user 2.19 s, sys 0.24 s, maxrss 246292 KB]
[busy 268 jiffies]
[exit 0]
--- lexindex string   load 0.75 0.86 0.87
1000000 keys
lexindex StringIndex: build 586 ms, size 10.017 MiB (10.504 B/key), latency cold 209.4 ns, then mean 203.0 / min 202.9 ns
585.671,10.017015,209.368
[time 1.86 s, user 1.79 s, sys 0.06 s, maxrss 136100 KB]
[busy 200 jiffies]
[exit 0]
--- lexindex dict1024   load 0.77 0.86 0.87
1000000 keys
lexindex DictIndex block 1024: build 219 ms, size 4.160 MiB (4.363 B/key), latency cold 405.2 ns, then mean 397.8 / min 397.1 ns
218.880,4.160439,405.222
[time 2.28 s, user 3.04 s, sys 0.17 s, maxrss 214496 KB]
[busy 343 jiffies]
[exit 0]
--- lexindex dict256   load 0.77 0.86 0.87
1000000 keys
lexindex DictIndex block 256: build 203 ms, size 4.291 MiB (4.500 B/key), latency cold 333.9 ns, then mean 325.8 / min 324.7 ns
203.187,4.291158,333.877
[time 1.98 s, user 3.25 s, sys 0.20 s, maxrss 237352 KB]
[busy 370 jiffies]
[exit 0]
--- lexindex dict32   load 0.79 0.86 0.87
1000000 keys
lexindex DictIndex block 32: build 206 ms, size 4.599 MiB (4.822 B/key), latency cold 312.6 ns, then mean 307.1 / min 305.9 ns
206.004,4.598972,312.560
[time 1.91 s, user 3.13 s, sys 0.24 s, maxrss 237036 KB]
[busy 358 jiffies]
[exit 0]

##### dna-1000000 (1000000 lines, 25000000 bytes)   round 2/3   2026-09-24T03:39:48+03:00
--- xcdat 16   load 0.72 0.85 0.87
build time: 790.091415 ms
space cost: 21.935129 MiB (95.836042% of original size 22.888184 MiB)
avg latency: 297.463082 ns
790.091415,21.935129,297.463082
[time 1.79 s, user 1.65 s, sys 0.13 s, maxrss 182668 KB]
[busy 188 jiffies]
[exit 0]
--- xcdat 15   load 0.72 0.85 0.87
build time: 813.932165 ms
space cost: 21.414997 MiB (93.563550% of original size 22.888184 MiB)
avg latency: 276.650875 ns
813.932165,21.414997,276.650875
[time 1.79 s, user 1.66 s, sys 0.12 s, maxrss 182188 KB]
[busy 187 jiffies]
[exit 0]
--- xcdat 8   load 0.75 0.85 0.87
build time: 792.628744 ms
space cost: 19.685819 MiB (86.008654% of original size 22.888184 MiB)
avg latency: 292.748090 ns
792.628744,19.685819,292.748090
[time 1.80 s, user 1.66 s, sys 0.12 s, maxrss 180428 KB]
[busy 190 jiffies]
[exit 0]
--- xcdat 7   load 0.75 0.85 0.87
build time: 830.433770 ms
space cost: 19.789600 MiB (86.462083% of original size 22.888184 MiB)
avg latency: 295.790619 ns
830.433770,19.789600,295.790619
[time 1.82 s, user 1.69 s, sys 0.12 s, maxrss 180308 KB]
[busy 194 jiffies]
[exit 0]
--- c2 case 8 rec 0   load 0.77 0.85 0.87
[TEST CART]
Processing dataset...
Done!
Building trie...
Done!
build time: 248.319546 ms (248.319546 ns per key)
space cost: 15.643999 MB (68.349675% of original size 22.888184 MB)
Querying trie...
Done!
total time: 444.544147 ms, avg latency: 444.544147 ns
not implemented
248.319546,15.643999,444.544147
[PASSED]
[time 1.42 s, user 1.30 s, sys 0.11 s, maxrss 214476 KB]
[busy 150 jiffies]
[exit 0]
--- c2 case 7 rec 0   load 0.77 0.85 0.87
[TEST ART]
Processing dataset...
Done!
Building trie...
Done!
build time: 194.799653 ms (194.799653 ns per key)
space cost: 33.278465 MB (145.395833% of original size 22.888184 MB)
Querying trie...
Done!
total time: 405.731166 ms, avg latency: 405.731166 ns
not implemented
194.799653,33.278465,405.731166
[PASSED]
[time 1.33 s, user 1.21 s, sys 0.11 s, maxrss 222812 KB]
[busy 141 jiffies]
[exit 0]
--- c2 case 6 rec 0   load 0.78 0.85 0.87
[TEST PDT]
Processing dataset...
Done!
Building trie...
dict size: 151324, stream size: 6218209
Done!
build time: 2887.546146 ms (2887.546146 ns per key)
space cost: 7.350519 MB (32.114908% of original size 22.888184 MB)
Querying trie...
Done!
total time: 776.773494 ms, avg latency: 776.773494 ns
not implemented
2887.546146,7.350519,776.773494
[PASSED]
[time 4.37 s, user 4.20 s, sys 0.15 s, maxrss 212852 KB]
[busy 454 jiffies]
[exit 0]
--- c2 case 5 rec 2   load 0.80 0.86 0.87
[TEST MARISA]
Processing dataset...
Done!
Building trie...
Done!
build time: 940.928379 ms (940.928379 ns per key)
space cost: 7.210847 MB (31.504671% of original size 22.888184 MB)
Querying trie...
Done!
total time: 778.051896 ms, avg latency: 778.051896 ns
not implemented
940.928379,7.210847,778.051896
[PASSED]
[time 2.42 s, user 2.28 s, sys 0.12 s, maxrss 222136 KB]
[busy 255 jiffies]
[exit 0]
--- c2 case 5 rec 1   load 0.74 0.84 0.87
[TEST MARISA]
Processing dataset...
Done!
Building trie...
Done!
build time: 945.235364 ms (945.235364 ns per key)
space cost: 7.640043 MB (33.379858% of original size 22.888184 MB)
Querying trie...
Done!
total time: 730.355680 ms, avg latency: 730.355680 ns
not implemented
945.235364,7.640043,730.355680
[PASSED]
[time 2.39 s, user 2.21 s, sys 0.16 s, maxrss 221896 KB]
[busy 251 jiffies]
[exit 0]
--- c2 case 5 rec 0   load 0.74 0.84 0.87
[TEST MARISA]
Processing dataset...
Done!
Building trie...
Done!
build time: 676.400239 ms (676.400239 ns per key)
space cost: 18.867507 MB (82.433396% of original size 22.888184 MB)
Querying trie...
Done!
total time: 540.730783 ms, avg latency: 540.730783 ns
not implemented
676.400239,18.867507,540.730783
[PASSED]
[time 1.91 s, user 1.76 s, sys 0.13 s, maxrss 223016 KB]
[busy 202 jiffies]
[exit 0]
--- c2 case 4 rec 0   load 0.76 0.85 0.87
[TEST COCO]
Processing dataset...
Done!
Building trie...
num nodes = 65537, average depth = 14.999878
ef = 0.000000, pa = 0.000000, bv = 0.000000, de = 0.000015
efr = 0.000015, par = 0.999969, bvr = 0.000000, der = 0.000000
Done!
build time: 22385.164479 ms (22385.164479 ns per key)
space cost: 5.857979 MB (25.593899% of original size 22.888184 MB)
Querying trie...
Done!
total time: 382.754381 ms, avg latency: 382.754381 ns
not implemented
22385.164479,5.857979,382.754381
[PASSED]
[time 24.55 s, user 18.47 s, sys 5.98 s, maxrss 13623536 KB]
[busy 2515 jiffies]
[exit 0]
--- c2 case 3 rec 0   load 0.84 0.86 0.87
[TEST FST]
Processing dataset...
Done!
Building trie...
Done!
build time: 947.921843 ms (947.921843 ns per key)
space cost: 18.082896 MB (79.005379% of original size 22.888184 MB)
Querying trie...
Done!
total time: 551.166297 ms, avg latency: 551.166297 ns
not implemented
947.921843,18.082896,551.166297
[PASSED]
[time 2.21 s, user 2.10 s, sys 0.10 s, maxrss 179096 KB]
[busy 234 jiffies]
[exit 0]
--- c2 case 2 rec 2   load 0.77 0.84 0.87
[TEST C2-MARISA]
Processing dataset...
Done!
Building trie...
trie size: 2.428399 MB
trie size: 5.162292 MB
Done!
build time: 2195.148781 ms (2195.148781 ns per key)
space cost: 10.748939 MB (46.962829% of original size 22.888184 MB)
Querying trie...
Done!
total time: 380.845353 ms, avg latency: 380.845353 ns
topology: 0.804615 MB, link: 2.791285 MB, data: 7.132531 MB
--- Unary Path Analysis (Marisa, cutoff=3) ---
  branches: 1681124  |  single-char: 605889 (36.0%)  short-unary: 58000 (3.5%)  links: 1017235 (60.5%)
  link len: avg=13.94  max=17  total_chars=14175392
  link length distribution (len:count):  3:13001  4:3156  5:812  6:209  7:97  8:186  9:733  10:2730  11:11261  12:42928  13:153933  14:402475  15:363824  16:21889  17:1
  short unary avg len: 2.00
2195.148781,10.748939,380.845353
[PASSED]
[time 3.30 s, user 3.06 s, sys 0.22 s, maxrss 285460 KB]
[busy 345 jiffies]
[exit 0]
--- c2 case 2 rec 1   load 0.77 0.84 0.87
[TEST C2-MARISA]
Processing dataset...
Done!
Building trie...
trie size: 2.428399 MB
trie size: 5.162292 MB
Done!
build time: 2207.315339 ms (2207.315339 ns per key)
space cost: 10.748939 MB (46.962829% of original size 22.888184 MB)
Querying trie...
Done!
total time: 383.719765 ms, avg latency: 383.719765 ns
topology: 0.804615 MB, link: 2.791285 MB, data: 7.132531 MB
--- Unary Path Analysis (Marisa, cutoff=3) ---
  branches: 1681124  |  single-char: 605889 (36.0%)  short-unary: 58000 (3.5%)  links: 1017235 (60.5%)
  link len: avg=13.94  max=17  total_chars=14175392
  link length distribution (len:count):  3:13001  4:3156  5:812  6:209  7:97  8:186  9:733  10:2730  11:11261  12:42928  13:153933  14:402475  15:363824  16:21889  17:1
  short unary avg len: 2.00
2207.315339,10.748939,383.719765
[PASSED]
[time 3.31 s, user 3.08 s, sys 0.22 s, maxrss 285272 KB]
[busy 343 jiffies]
[exit 0]
--- c2 case 2 rec 0   load 0.79 0.85 0.87
[TEST C2-MARISA]
Processing dataset...
Done!
Building trie...
trie size: 2.428399 MB
Done!
build time: 1312.364847 ms (1312.364847 ns per key)
space cost: 10.748939 MB (46.962829% of original size 22.888184 MB)
Querying trie...
Done!
total time: 387.215295 ms, avg latency: 387.215295 ns
topology: 0.804615 MB, link: 2.791285 MB, data: 7.132531 MB
--- Unary Path Analysis (Marisa, cutoff=3) ---
  branches: 1681124  |  single-char: 605889 (36.0%)  short-unary: 58000 (3.5%)  links: 1017235 (60.5%)
  link len: avg=13.94  max=17  total_chars=14175392
  link length distribution (len:count):  3:13001  4:3156  5:812  6:209  7:97  8:186  9:733  10:2730  11:11261  12:42928  13:153933  14:402475  15:363824  16:21889  17:1
  short unary avg len: 2.00
1312.364847,10.748939,387.215295
[PASSED]
[time 2.40 s, user 2.22 s, sys 0.16 s, maxrss 252236 KB]
[busy 251 jiffies]
[exit 0]
--- c2 case 1 rec 2   load 0.81 0.85 0.87
[TEST C2-CoCo(LOUDS-Sparse)]
Processing dataset...
Done!
Building trie...
trie size: 5.258043 MB
Done!
build time: 2682.537254 ms (2682.537254 ns per key)
space cost: 9.777104 MB (42.716818% of original size 22.888184 MB)
Querying trie...
Done!
total time: 460.177280 ms, avg latency: 460.177280 ns
topology: 0.343521 MB, link: 3.029230 MB, data: 6.404353 MB
2682.537254,9.777104,460.177280
[PASSED]
[time 3.84 s, user 3.62 s, sys 0.20 s, maxrss 413676 KB]
[busy 400 jiffies]
[exit 0]
--- c2 case 1 rec 1   load 0.83 0.85 0.87
[TEST C2-CoCo(LOUDS-Sparse)]
Processing dataset...
Done!
Building trie...
trie size: 5.258043 MB
Done!
build time: 2687.434069 ms (2687.434069 ns per key)
space cost: 9.777104 MB (42.716818% of original size 22.888184 MB)
Querying trie...
Done!
total time: 456.739789 ms, avg latency: 456.739789 ns
topology: 0.343521 MB, link: 3.029230 MB, data: 6.404353 MB
2687.434069,9.777104,456.739789
[PASSED]
[time 3.84 s, user 3.60 s, sys 0.21 s, maxrss 413956 KB]
[busy 395 jiffies]
[exit 0]
--- c2 case 1 rec 0   load 0.84 0.86 0.87
[TEST C2-CoCo(LOUDS-Sparse)]
Processing dataset...
Done!
Building trie...
Done!
build time: 1993.474246 ms (1993.474246 ns per key)
space cost: 9.777104 MB (42.716818% of original size 22.888184 MB)
Querying trie...
Done!
total time: 459.798478 ms, avg latency: 459.798478 ns
topology: 0.343521 MB, link: 3.029230 MB, data: 6.404353 MB
1993.474246,9.777104,459.798478
[PASSED]
[time 3.14 s, user 2.94 s, sys 0.18 s, maxrss 385744 KB]
[busy 324 jiffies]
[exit 0]
--- c2 case 0 rec 2   load 0.85 0.86 0.87
[TEST C2-FST]
Processing dataset...
Done!
Building trie...
trie size: 5.258043 MB
Done!
build time: 2115.336491 ms (2115.336491 ns per key)
space cost: 11.502727 MB (50.256179% of original size 22.888184 MB)
Querying trie...
Done!
total time: 409.943413 ms, avg latency: 409.943413 ns
topology: 0.892128 MB, link: 2.893083 MB, data: 7.717516 MB
--- Unary Path Analysis (FST, cutoff=4) ---
  shared unary steps in main trie: 98146
  terminal suffixes: inplace=2 (avg len=3.00)  links=999998 (100.0% of terminal)
  link len: avg=12.12  max=15  total_chars=12118007
  link length distribution (len:count):  4:2  5:10  6:40  7:176  8:732  9:2727  10:11261  11:42928  12:153933  13:402475  14:363824  15:21889  16:1
2115.336491,11.502727,409.943413
[PASSED]
[time 3.22 s, user 3.03 s, sys 0.17 s, maxrss 284472 KB]
[busy 339 jiffies]
[exit 0]
--- c2 case 0 rec 1   load 0.78 0.84 0.87
[TEST C2-FST]
Processing dataset...
Done!
Building trie...
trie size: 5.258043 MB
Done!
build time: 2123.205892 ms (2123.205892 ns per key)
space cost: 11.502727 MB (50.256179% of original size 22.888184 MB)
Querying trie...
Done!
total time: 411.334638 ms, avg latency: 411.334638 ns
topology: 0.892128 MB, link: 2.893083 MB, data: 7.717516 MB
--- Unary Path Analysis (FST, cutoff=4) ---
  shared unary steps in main trie: 98146
  terminal suffixes: inplace=2 (avg len=3.00)  links=999998 (100.0% of terminal)
  link len: avg=12.12  max=15  total_chars=12118007
  link length distribution (len:count):  4:2  5:10  6:40  7:176  8:732  9:2727  10:11261  11:42928  12:153933  13:402475  14:363824  15:21889  16:1
2123.205892,11.502727,411.334638
[PASSED]
[time 3.24 s, user 3.06 s, sys 0.17 s, maxrss 284344 KB]
[busy 336 jiffies]
[exit 0]
--- c2 case 0 rec 0   load 0.78 0.84 0.87
[TEST C2-FST]
Processing dataset...
Done!
Building trie...
Done!
build time: 1409.086288 ms (1409.086288 ns per key)
space cost: 11.502727 MB (50.256179% of original size 22.888184 MB)
Querying trie...
Done!
total time: 413.005358 ms, avg latency: 413.005358 ns
topology: 0.892128 MB, link: 2.893083 MB, data: 7.717516 MB
--- Unary Path Analysis (FST, cutoff=4) ---
  shared unary steps in main trie: 98146
  terminal suffixes: inplace=2 (avg len=3.00)  links=999998 (100.0% of terminal)
  link len: avg=12.12  max=15  total_chars=12118007
  link length distribution (len:count):  4:2  5:10  6:40  7:176  8:732  9:2727  10:11261  11:42928  12:153933  13:402475  14:363824  15:21889  16:1
1409.086288,11.502727,413.005358
[PASSED]
[time 2.52 s, user 2.35 s, sys 0.16 s, maxrss 255768 KB]
[busy 264 jiffies]
[exit 0]
--- lexindex hashed16   load 0.80 0.85 0.87
1000000 keys
lexindex HashedDictIndex fp=16: build 191 ms, size 8.693 MiB (9.115 B/key), latency cold 60.0 ns, then mean 57.2 / min 56.5 ns
191.278,8.692947,60.023
[time 0.91 s, user 1.42 s, sys 0.16 s, maxrss 174628 KB]
[busy 177 jiffies]
[exit 0]
--- lexindex hashed8   load 0.74 0.83 0.87
1000000 keys
lexindex HashedDictIndex fp=8: build 189 ms, size 7.739 MiB (8.115 B/key), latency cold 58.1 ns, then mean 56.4 / min 56.2 ns
189.344,7.739273,58.085
[time 0.90 s, user 1.41 s, sys 0.17 s, maxrss 173836 KB]
[busy 177 jiffies]
[exit 0]
--- lexindex hashed0   load 0.74 0.83 0.87
1000000 keys
lexindex HashedDictIndex closed: build 191 ms, size 6.786 MiB (7.115 B/key), latency cold 44.4 ns, then mean 43.0 / min 42.3 ns
191.002,6.785599,44.428
[time 0.86 s, user 1.33 s, sys 0.19 s, maxrss 173132 KB]
[busy 170 jiffies]
[exit 0]
--- lexindex string   load 0.74 0.83 0.87
1000000 keys
lexindex StringIndex: build 1098 ms, size 16.920 MiB (17.741 B/key), latency cold 416.5 ns, then mean 420.3 / min 416.5 ns
1098.282,16.919603,416.503
[time 3.25 s, user 3.15 s, sys 0.08 s, maxrss 164832 KB]
[busy 349 jiffies]
[exit 0]
--- lexindex dict1024   load 0.76 0.83 0.87
1000000 keys
lexindex DictIndex block 1024: build 99 ms, size 4.035 MiB (4.231 B/key), latency cold 375.3 ns, then mean 370.3 / min 369.7 ns
98.706,4.034555,375.262
[time 2.08 s, user 2.32 s, sys 0.12 s, maxrss 154836 KB]
[busy 262 jiffies]
[exit 0]
--- lexindex dict256   load 0.78 0.84 0.87
1000000 keys
lexindex DictIndex block 256: build 99 ms, size 4.172 MiB (4.375 B/key), latency cold 348.5 ns, then mean 338.1 / min 336.9 ns
98.584,4.172320,348.541
[time 1.97 s, user 2.43 s, sys 0.17 s, maxrss 174364 KB]
[busy 286 jiffies]
[exit 0]
--- lexindex dict32   load 0.78 0.84 0.87
1000000 keys
lexindex DictIndex block 32: build 96 ms, size 4.768 MiB (5.000 B/key), latency cold 356.0 ns, then mean 344.1 / min 342.7 ns
95.688,4.768131,355.988
[time 1.99 s, user 2.42 s, sys 0.17 s, maxrss 180788 KB]
[busy 282 jiffies]
[exit 0]

##### words-full (479823 lines, 4953557 bytes)   round 2/3   2026-09-24T03:41:45+03:00
--- xcdat 16   load 0.80 0.84 0.87
build time: 97.288998 ms
space cost: 3.550420 MiB (83.216503% of original size 4.266485 MiB)
avg latency: 84.692061 ns
97.288998,3.550420,84.692061
[time 0.31 s, user 0.27 s, sys 0.04 s, maxrss 58256 KB]
[busy 37 jiffies]
[exit 0]
--- xcdat 15   load 0.80 0.84 0.87
build time: 107.728440 ms
space cost: 3.340850 MiB (78.304499% of original size 4.266485 MiB)
avg latency: 77.757204 ns
107.728440,3.340850,77.757204
[time 0.32 s, user 0.27 s, sys 0.04 s, maxrss 58160 KB]
[busy 38 jiffies]
[exit 0]
--- xcdat 8   load 0.73 0.83 0.86
build time: 96.959980 ms
space cost: 2.597720 MiB (60.886655% of original size 4.266485 MiB)
avg latency: 108.747607 ns
96.959980,2.597720,108.747607
[time 0.32 s, user 0.29 s, sys 0.02 s, maxrss 51940 KB]
[busy 38 jiffies]
[exit 0]
--- xcdat 7   load 0.73 0.83 0.86
build time: 107.959634 ms
space cost: 2.721505 MiB (63.787990% of original size 4.266485 MiB)
avg latency: 107.019328 ns
107.959634,2.721505,107.019328
[time 0.33 s, user 0.29 s, sys 0.03 s, maxrss 52076 KB]
[busy 42 jiffies]
[exit 0]
--- c2 case 8 rec 0   load 0.73 0.83 0.86
[TEST CART]
Processing dataset...
Done!
Building trie...
Done!
build time: 68.155772 ms (142.043570 ns per key)
space cost: 7.328448 MB (171.767812% of original size 4.266485 MB)
Querying trie...
Done!
total time: 102.882521 ms, avg latency: 214.417652 ns
not implemented
68.155772,7.328448,214.417652
[PASSED]
[time 0.34 s, user 0.31 s, sys 0.03 s, maxrss 62360 KB]
[busy 42 jiffies]
[exit 0]
--- c2 case 7 rec 0   load 0.73 0.83 0.86
[TEST ART]
Processing dataset...
Done!
Building trie...
Done!
build time: 46.670229 ms (97.265510 ns per key)
space cost: 16.425407 MB (384.986859% of original size 4.266485 MB)
Querying trie...
Done!
total time: 82.662236 ms, avg latency: 172.276519 ns
not implemented
46.670229,16.425407,172.276519
[PASSED]
[time 0.30 s, user 0.27 s, sys 0.03 s, maxrss 62056 KB]
[busy 36 jiffies]
[exit 0]
--- c2 case 6 rec 0   load 0.67 0.81 0.86
[TEST PDT]
Processing dataset...
Done!
Building trie...
dict size: 35774, stream size: 975943
Done!
build time: 337.856343 ms (704.127028 ns per key)
space cost: 1.577207 MB (36.967352% of original size 4.266485 MB)
Querying trie...
Done!
total time: 206.827931 ms, avg latency: 431.050473 ns
not implemented
337.856343,1.577207,431.050473
[PASSED]
[time 0.72 s, user 0.68 s, sys 0.03 s, maxrss 52740 KB]
[busy 79 jiffies]
[exit 0]
--- c2 case 5 rec 2   load 0.67 0.81 0.86
[TEST MARISA]
Processing dataset...
Done!
Building trie...
Done!
build time: 156.161632 ms (325.456746 ns per key)
space cost: 1.362252 MB (31.929145% of original size 4.266485 MB)
Querying trie...
Done!
total time: 165.149645 ms, avg latency: 344.188680 ns
not implemented
156.161632,1.362252,344.188680
[PASSED]
[time 0.50 s, user 0.45 s, sys 0.04 s, maxrss 63056 KB]
[busy 58 jiffies]
[exit 0]
--- c2 case 5 rec 1   load 0.67 0.81 0.86
[TEST MARISA]
Processing dataset...
Done!
Building trie...
Done!
build time: 154.626035 ms (322.256405 ns per key)
space cost: 1.371034 MB (32.134968% of original size 4.266485 MB)
Querying trie...
Done!
total time: 163.931165 ms, avg latency: 341.649244 ns
not implemented
154.626035,1.371034,341.649244
[PASSED]
[time 0.49 s, user 0.44 s, sys 0.04 s, maxrss 63160 KB]
[busy 55 jiffies]
[exit 0]
--- c2 case 5 rec 0   load 0.62 0.80 0.85
[TEST MARISA]
Processing dataset...
Done!
Building trie...
Done!
build time: 150.649922 ms (313.969781 ns per key)
space cost: 1.546566 MB (36.249182% of original size 4.266485 MB)
Querying trie...
Done!
total time: 146.812760 ms, avg latency: 305.972744 ns
not implemented
150.649922,1.546566,305.972744
[PASSED]
[time 0.47 s, user 0.43 s, sys 0.04 s, maxrss 63104 KB]
[busy 53 jiffies]
[exit 0]
--- c2 case 4 rec 0   load 0.62 0.80 0.85
[TEST COCO]
Processing dataset...
Done!
Building trie...
num nodes = 100870, average depth = 2.907644
ef = 0.002379, pa = 0.381531, bv = 0.002558, de = 0.468484
efr = 0.010370, par = 0.134639, bvr = 0.000020, der = 0.000020
Done!
build time: 1600.159638 ms (3334.895655 ns per key)
space cost: 2.485874 MB (58.265159% of original size 4.266485 MB)
Querying trie...
Done!
total time: 175.038582 ms, avg latency: 364.798232 ns
not implemented
1600.159638,2.485874,364.798232
[PASSED]
[time 2.02 s, user 1.54 s, sys 0.46 s, maxrss 920112 KB]
[busy 210 jiffies]
[exit 0]
--- c2 case 3 rec 0   load 0.62 0.80 0.85
[TEST FST]
Processing dataset...
Done!
Building trie...
Done!
build time: 181.421227 ms (378.100314 ns per key)
space cost: 2.144493 MB (50.263695% of original size 4.266485 MB)
Querying trie...
Done!
total time: 201.531897 ms, avg latency: 420.012999 ns
not implemented
181.421227,2.144493,420.012999
[PASSED]
[time 0.55 s, user 0.52 s, sys 0.03 s, maxrss 41464 KB]
[busy 61 jiffies]
[exit 0]
--- c2 case 2 rec 2   load 0.65 0.80 0.85
[TEST C2-MARISA]
Processing dataset...
Done!
Building trie...
trie size: 1.224291 MB
trie size: 0.455650 MB
trie size: 0.007228 MB
Done!
build time: 121.289719 ms (252.780127 ns per key)
space cost: 1.692706 MB (39.674487% of original size 4.266485 MB)
Querying trie...
Done!
total time: 104.823288 ms, avg latency: 218.462408 ns
topology: 0.426247 MB, link: 0.398585 MB, data: 0.857620 MB
--- Unary Path Analysis (Marisa, cutoff=3) ---
  branches: 742737  |  single-char: 411656 (55.4%)  short-unary: 124451 (16.8%)  links: 206630 (27.8%)
  link len: avg=4.35  max=37  total_chars=898820
  link length distribution (len:count):  3:81252  4:55503  5:30038  6:18037  7:10646  8:5519  9:2885  10:1442  11:688  12:346  13:146  14:66  15:26  16:12  17:9  18:7  19:2  20:3  21:1  22:1  37:1
  short unary avg len: 2.00
121.289719,1.692706,218.462408
[PASSED]
[time 0.40 s, user 0.36 s, sys 0.04 s, maxrss 62656 KB]
[busy 48 jiffies]
[exit 0]
--- c2 case 2 rec 1   load 0.65 0.80 0.85
[TEST C2-MARISA]
Processing dataset...
Done!
Building trie...
trie size: 1.224291 MB
trie size: 0.455650 MB
Done!
build time: 112.694894 ms (234.867637 ns per key)
space cost: 1.692706 MB (39.674487% of original size 4.266485 MB)
Querying trie...
Done!
total time: 106.852122 ms, avg latency: 222.690705 ns
topology: 0.426247 MB, link: 0.398585 MB, data: 0.857620 MB
--- Unary Path Analysis (Marisa, cutoff=3) ---
  branches: 742737  |  single-char: 411656 (55.4%)  short-unary: 124451 (16.8%)  links: 206630 (27.8%)
  link len: avg=4.35  max=37  total_chars=898820
  link length distribution (len:count):  3:81252  4:55503  5:30038  6:18037  7:10646  8:5519  9:2885  10:1442  11:688  12:346  13:146  14:66  15:26  16:12  17:9  18:7  19:2  20:3  21:1  22:1  37:1
  short unary avg len: 2.00
112.694894,1.692706,222.690705
[PASSED]
[time 0.39 s, user 0.34 s, sys 0.04 s, maxrss 63036 KB]
[busy 45 jiffies]
[exit 0]
--- c2 case 2 rec 0   load 0.65 0.80 0.85
[TEST C2-MARISA]
Processing dataset...
Done!
Building trie...
trie size: 1.224291 MB
Done!
build time: 111.275506 ms (231.909487 ns per key)
space cost: 1.753984 MB (41.110759% of original size 4.266485 MB)
Querying trie...
Done!
total time: 99.587859 ms, avg latency: 207.551241 ns
topology: 0.405689 MB, link: 0.420969 MB, data: 0.917072 MB
--- Unary Path Analysis (Marisa, cutoff=3) ---
  branches: 742737  |  single-char: 411656 (55.4%)  short-unary: 124451 (16.8%)  links: 206630 (27.8%)
  link len: avg=4.35  max=37  total_chars=898820
  link length distribution (len:count):  3:81252  4:55503  5:30038  6:18037  7:10646  8:5519  9:2885  10:1442  11:688  12:346  13:146  14:66  15:26  16:12  17:9  18:7  19:2  20:3  21:1  22:1  37:1
  short unary avg len: 2.00
111.275506,1.753984,207.551241
[PASSED]
[time 0.38 s, user 0.34 s, sys 0.04 s, maxrss 62852 KB]
[busy 43 jiffies]
[exit 0]
--- c2 case 1 rec 2   load 0.60 0.79 0.85
[TEST C2-CoCo(LOUDS-Sparse)]
Processing dataset...
Done!
Building trie...
trie size: 0.142362 MB
Done!
build time: 417.564798 ms (870.247566 ns per key)
space cost: 2.136750 MB (50.082199% of original size 4.266485 MB)
Querying trie...
Done!
total time: 198.918714 ms, avg latency: 414.566859 ns
topology: 0.195229 MB, link: 0.520357 MB, data: 1.421164 MB
417.564798,2.136750,414.566859
[PASSED]
[time 0.79 s, user 0.73 s, sys 0.05 s, maxrss 97828 KB]
[busy 89 jiffies]
[exit 0]
--- c2 case 1 rec 1   load 0.60 0.79 0.85
[TEST C2-CoCo(LOUDS-Sparse)]
Processing dataset...
Done!
Building trie...
trie size: 0.142362 MB
Done!
build time: 418.942146 ms (873.118100 ns per key)
space cost: 2.136750 MB (50.082199% of original size 4.266485 MB)
Querying trie...
Done!
total time: 198.239899 ms, avg latency: 413.152139 ns
topology: 0.195229 MB, link: 0.520357 MB, data: 1.421164 MB
418.942146,2.136750,413.152139
[PASSED]
[time 0.79 s, user 0.74 s, sys 0.05 s, maxrss 97804 KB]
[busy 85 jiffies]
[exit 0]
--- c2 case 1 rec 0   load 0.60 0.79 0.85
[TEST C2-CoCo(LOUDS-Sparse)]
Processing dataset...
Done!
Building trie...
Done!
build time: 415.349825 ms (865.631337 ns per key)
space cost: 2.136750 MB (50.082199% of original size 4.266485 MB)
Querying trie...
Done!
total time: 197.220303 ms, avg latency: 411.027198 ns
topology: 0.195229 MB, link: 0.520357 MB, data: 1.421164 MB
415.349825,2.136750,411.027198
[PASSED]
[time 0.79 s, user 0.73 s, sys 0.05 s, maxrss 97728 KB]
[busy 85 jiffies]
[exit 0]
--- c2 case 0 rec 2   load 0.63 0.79 0.85
[TEST C2-FST]
Processing dataset...
Done!
Building trie...
trie size: 0.142362 MB
Done!
build time: 72.534611 ms (151.169517 ns per key)
space cost: 1.889297 MB (44.282271% of original size 4.266485 MB)
Querying trie...
Done!
total time: 123.958224 ms, avg latency: 258.341563 ns
topology: 0.420059 MB, link: 0.189988 MB, data: 1.279249 MB
--- Unary Path Analysis (FST, cutoff=4) ---
  shared unary steps in main trie: 150595
  terminal suffixes: inplace=193950 (avg len=1.79)  links=60939 (23.9% of terminal)
  link len: avg=4.24  max=35  total_chars=258586
  link length distribution (len:count):  4:25346  5:15798  6:9608  7:4976  8:2612  9:1355  10:653  11:330  12:137  13:65  14:25  15:11  16:9  17:6  18:2  19:3  20:1  21:1  36:1
72.534611,1.889297,258.341563
[PASSED]
[time 0.37 s, user 0.34 s, sys 0.03 s, maxrss 49076 KB]
[busy 43 jiffies]
[exit 0]
--- c2 case 0 rec 1   load 0.63 0.79 0.85
[TEST C2-FST]
Processing dataset...
Done!
Building trie...
trie size: 0.142362 MB
Done!
build time: 73.348541 ms (152.865830 ns per key)
space cost: 1.889297 MB (44.282271% of original size 4.266485 MB)
Querying trie...
Done!
total time: 123.355261 ms, avg latency: 257.084927 ns
topology: 0.420059 MB, link: 0.189988 MB, data: 1.279249 MB
--- Unary Path Analysis (FST, cutoff=4) ---
  shared unary steps in main trie: 150595
  terminal suffixes: inplace=193950 (avg len=1.79)  links=60939 (23.9% of terminal)
  link len: avg=4.24  max=35  total_chars=258586
  link length distribution (len:count):  4:25346  5:15798  6:9608  7:4976  8:2612  9:1355  10:653  11:330  12:137  13:65  14:25  15:11  16:9  17:6  18:2  19:3  20:1  21:1  36:1
73.348541,1.889297,257.084927
[PASSED]
[time 0.37 s, user 0.34 s, sys 0.03 s, maxrss 48724 KB]
[busy 43 jiffies]
[exit 0]
--- c2 case 0 rec 0   load 0.63 0.79 0.85
[TEST C2-FST]
Processing dataset...
Done!
Building trie...
Done!
build time: 69.424505 ms (144.687739 ns per key)
space cost: 1.889297 MB (44.282271% of original size 4.266485 MB)
Querying trie...
Done!
total time: 122.761755 ms, avg latency: 255.848000 ns
topology: 0.420059 MB, link: 0.189988 MB, data: 1.279249 MB
--- Unary Path Analysis (FST, cutoff=4) ---
  shared unary steps in main trie: 150595
  terminal suffixes: inplace=193950 (avg len=1.79)  links=60939 (23.9% of terminal)
  link len: avg=4.24  max=35  total_chars=258586
  link length distribution (len:count):  4:25346  5:15798  6:9608  7:4976  8:2612  9:1355  10:653  11:330  12:137  13:65  14:25  15:11  16:9  17:6  18:2  19:3  20:1  21:1  36:1
69.424505,1.889297,255.848000
[PASSED]
[time 0.37 s, user 0.34 s, sys 0.03 s, maxrss 49032 KB]
[busy 43 jiffies]
[exit 0]
--- lexindex hashed16   load 0.58 0.78 0.85
479823 keys
lexindex HashedDictIndex fp=16: build 98 ms, size 3.318 MiB (7.252 B/key), latency cold 16.7 ns, then mean 13.7 / min 13.6 ns
98.077,3.318485,16.661
[time 0.30 s, user 0.38 s, sys 0.07 s, maxrss 73908 KB]
[busy 53 jiffies]
[exit 0]
--- lexindex hashed8   load 0.58 0.78 0.85
479823 keys
lexindex HashedDictIndex fp=8: build 98 ms, size 2.861 MiB (6.252 B/key), latency cold 17.5 ns, then mean 14.9 / min 14.8 ns
97.705,2.860890,17.528
[time 0.30 s, user 0.38 s, sys 0.08 s, maxrss 78820 KB]
[busy 55 jiffies]
[exit 0]
--- lexindex hashed0   load 0.58 0.78 0.85
479823 keys
lexindex HashedDictIndex closed: build 97 ms, size 2.403 MiB (5.252 B/key), latency cold 14.6 ns, then mean 12.7 / min 12.6 ns
96.827,2.403296,14.570
[time 0.30 s, user 0.39 s, sys 0.06 s, maxrss 73768 KB]
[busy 57 jiffies]
[exit 0]
--- lexindex string   load 0.58 0.78 0.85
479823 keys
lexindex StringIndex: build 155 ms, size 2.724 MiB (5.953 B/key), latency cold 151.7 ns, then mean 147.6 / min 147.3 ns
155.262,2.724010,151.725
[time 0.61 s, user 0.58 s, sys 0.02 s, maxrss 64404 KB]
[busy 70 jiffies]
[exit 0]
--- lexindex dict1024   load 0.53 0.77 0.84
479823 keys
lexindex DictIndex block 1024: build 66 ms, size 1.150 MiB (2.513 B/key), latency cold 352.0 ns, then mean 344.6 / min 341.4 ns
65.819,1.150117,351.969
[time 0.91 s, user 0.95 s, sys 0.04 s, maxrss 64660 KB]
[busy 115 jiffies]
[exit 0]
--- lexindex dict256   load 0.53 0.77 0.84
479823 keys
lexindex DictIndex block 256: build 57 ms, size 1.206 MiB (2.635 B/key), latency cold 275.7 ns, then mean 272.0 / min 271.6 ns
57.345,1.205790,275.723
[time 0.75 s, user 0.84 s, sys 0.06 s, maxrss 73468 KB]
[busy 99 jiffies]
[exit 0]
--- lexindex dict32   load 0.53 0.77 0.84
479823 keys
lexindex DictIndex block 32: build 57 ms, size 1.304 MiB (2.850 B/key), latency cold 234.8 ns, then mean 231.5 / min 230.0 ns
57.181,1.304057,234.782
[time 0.68 s, user 0.75 s, sys 0.07 s, maxrss 73136 KB]
[busy 93 jiffies]
[exit 0]

##### words-full (479823 lines, 4953557 bytes)   round 3/3   2026-09-24T03:42:29+03:00
--- lexindex dict32   load 0.57 0.77 0.84
479823 keys
lexindex DictIndex block 32: build 58 ms, size 1.304 MiB (2.850 B/key), latency cold 239.8 ns, then mean 235.0 / min 233.0 ns
58.475,1.304057,239.848
[time 0.69 s, user 0.77 s, sys 0.06 s, maxrss 73768 KB]
[busy 92 jiffies]
[exit 0]
--- lexindex dict256   load 0.57 0.77 0.84
479823 keys
lexindex DictIndex block 256: build 61 ms, size 1.206 MiB (2.635 B/key), latency cold 277.7 ns, then mean 276.3 / min 275.5 ns
61.247,1.205790,277.676
[time 0.77 s, user 0.85 s, sys 0.06 s, maxrss 74356 KB]
[busy 101 jiffies]
[exit 0]
--- lexindex dict1024   load 0.57 0.77 0.84
479823 keys
lexindex DictIndex block 1024: build 66 ms, size 1.150 MiB (2.513 B/key), latency cold 356.0 ns, then mean 356.2 / min 355.6 ns
66.294,1.150117,356.043
[time 0.92 s, user 0.96 s, sys 0.05 s, maxrss 65416 KB]
[busy 110 jiffies]
[exit 0]
--- lexindex string   load 0.60 0.77 0.84
479823 keys
lexindex StringIndex: build 154 ms, size 2.724 MiB (5.953 B/key), latency cold 151.7 ns, then mean 149.4 / min 148.9 ns
154.423,2.724010,151.713
[time 0.62 s, user 0.58 s, sys 0.03 s, maxrss 64200 KB]
[busy 68 jiffies]
[exit 0]
--- lexindex hashed0   load 0.60 0.77 0.84
479823 keys
lexindex HashedDictIndex closed: build 97 ms, size 2.403 MiB (5.252 B/key), latency cold 15.2 ns, then mean 12.8 / min 12.7 ns
96.583,2.403296,15.230
[time 0.30 s, user 0.38 s, sys 0.07 s, maxrss 73152 KB]
[busy 58 jiffies]
[exit 0]
--- lexindex hashed8   load 0.60 0.77 0.84
479823 keys
lexindex HashedDictIndex fp=8: build 98 ms, size 2.861 MiB (6.252 B/key), latency cold 18.6 ns, then mean 15.0 / min 14.7 ns
97.593,2.860890,18.565
[time 0.30 s, user 0.38 s, sys 0.08 s, maxrss 77900 KB]
[busy 54 jiffies]
[exit 0]
--- lexindex hashed16   load 0.64 0.78 0.84
479823 keys
lexindex HashedDictIndex fp=16: build 97 ms, size 3.318 MiB (7.252 B/key), latency cold 19.0 ns, then mean 16.0 / min 15.9 ns
97.306,3.318485,18.968
[time 0.31 s, user 0.40 s, sys 0.06 s, maxrss 74036 KB]
[busy 57 jiffies]
[exit 0]
--- c2 case 0 rec 0   load 0.64 0.78 0.84
[TEST C2-FST]
Processing dataset...
Done!
Building trie...
Done!
build time: 69.547157 ms (144.943358 ns per key)
space cost: 1.889297 MB (44.282271% of original size 4.266485 MB)
Querying trie...
Done!
total time: 124.547361 ms, avg latency: 259.569385 ns
topology: 0.420059 MB, link: 0.189988 MB, data: 1.279249 MB
--- Unary Path Analysis (FST, cutoff=4) ---
  shared unary steps in main trie: 150595
  terminal suffixes: inplace=193950 (avg len=1.79)  links=60939 (23.9% of terminal)
  link len: avg=4.24  max=35  total_chars=258586
  link length distribution (len:count):  4:25346  5:15798  6:9608  7:4976  8:2612  9:1355  10:653  11:330  12:137  13:65  14:25  15:11  16:9  17:6  18:2  19:3  20:1  21:1  36:1
69.547157,1.889297,259.569385
[PASSED]
[time 0.37 s, user 0.33 s, sys 0.03 s, maxrss 48704 KB]
[busy 42 jiffies]
[exit 0]
--- c2 case 0 rec 1   load 0.64 0.78 0.84
[TEST C2-FST]
Processing dataset...
Done!
Building trie...
trie size: 0.142362 MB
Done!
build time: 72.402333 ms (150.893836 ns per key)
space cost: 1.889297 MB (44.282271% of original size 4.266485 MB)
Querying trie...
Done!
total time: 123.193467 ms, avg latency: 256.747732 ns
topology: 0.420059 MB, link: 0.189988 MB, data: 1.279249 MB
--- Unary Path Analysis (FST, cutoff=4) ---
  shared unary steps in main trie: 150595
  terminal suffixes: inplace=193950 (avg len=1.79)  links=60939 (23.9% of terminal)
  link len: avg=4.24  max=35  total_chars=258586
  link length distribution (len:count):  4:25346  5:15798  6:9608  7:4976  8:2612  9:1355  10:653  11:330  12:137  13:65  14:25  15:11  16:9  17:6  18:2  19:3  20:1  21:1  36:1
72.402333,1.889297,256.747732
[PASSED]
[time 0.37 s, user 0.34 s, sys 0.03 s, maxrss 49060 KB]
[busy 43 jiffies]
[exit 0]
--- c2 case 0 rec 2   load 0.59 0.76 0.84
[TEST C2-FST]
Processing dataset...
Done!
Building trie...
trie size: 0.142362 MB
Done!
build time: 73.116615 ms (152.382472 ns per key)
space cost: 1.889297 MB (44.282271% of original size 4.266485 MB)
Querying trie...
Done!
total time: 123.752146 ms, avg latency: 257.912076 ns
topology: 0.420059 MB, link: 0.189988 MB, data: 1.279249 MB
--- Unary Path Analysis (FST, cutoff=4) ---
  shared unary steps in main trie: 150595
  terminal suffixes: inplace=193950 (avg len=1.79)  links=60939 (23.9% of terminal)
  link len: avg=4.24  max=35  total_chars=258586
  link length distribution (len:count):  4:25346  5:15798  6:9608  7:4976  8:2612  9:1355  10:653  11:330  12:137  13:65  14:25  15:11  16:9  17:6  18:2  19:3  20:1  21:1  36:1
73.116615,1.889297,257.912076
[PASSED]
[time 0.37 s, user 0.34 s, sys 0.03 s, maxrss 49076 KB]
[busy 44 jiffies]
[exit 0]
--- c2 case 1 rec 0   load 0.59 0.76 0.84
[TEST C2-CoCo(LOUDS-Sparse)]
Processing dataset...
Done!
Building trie...
Done!
build time: 412.588245 ms (859.875923 ns per key)
space cost: 2.136750 MB (50.082199% of original size 4.266485 MB)
Querying trie...
Done!
total time: 196.324810 ms, avg latency: 409.160899 ns
topology: 0.195229 MB, link: 0.520357 MB, data: 1.421164 MB
412.588245,2.136750,409.160899
[PASSED]
[time 0.79 s, user 0.73 s, sys 0.05 s, maxrss 97612 KB]
[busy 87 jiffies]
[exit 0]
--- c2 case 1 rec 1   load 0.59 0.76 0.84
[TEST C2-CoCo(LOUDS-Sparse)]
Processing dataset...
Done!
Building trie...
trie size: 0.142362 MB
Done!
build time: 418.337210 ms (871.857352 ns per key)
space cost: 2.136750 MB (50.082199% of original size 4.266485 MB)
Querying trie...
Done!
total time: 198.342021 ms, avg latency: 413.364972 ns
topology: 0.195229 MB, link: 0.520357 MB, data: 1.421164 MB
418.337210,2.136750,413.364972
[PASSED]
[time 0.79 s, user 0.73 s, sys 0.05 s, maxrss 98044 KB]
[busy 88 jiffies]
[exit 0]
--- c2 case 1 rec 2   load 0.54 0.75 0.83
[TEST C2-CoCo(LOUDS-Sparse)]
Processing dataset...
Done!
Building trie...
trie size: 0.142362 MB
Done!
build time: 417.094815 ms (869.268074 ns per key)
space cost: 2.136750 MB (50.082199% of original size 4.266485 MB)
Querying trie...
Done!
total time: 195.870195 ms, avg latency: 408.213435 ns
topology: 0.195229 MB, link: 0.520357 MB, data: 1.421164 MB
417.094815,2.136750,408.213435
[PASSED]
[time 0.79 s, user 0.73 s, sys 0.05 s, maxrss 97812 KB]
[busy 85 jiffies]
[exit 0]
--- c2 case 2 rec 0   load 0.54 0.75 0.83
[TEST C2-MARISA]
Processing dataset...
Done!
Building trie...
trie size: 1.224291 MB
Done!
build time: 111.242744 ms (231.841208 ns per key)
space cost: 1.753984 MB (41.110759% of original size 4.266485 MB)
Querying trie...
Done!
total time: 98.571959 ms, avg latency: 205.434002 ns
topology: 0.405689 MB, link: 0.420969 MB, data: 0.917072 MB
--- Unary Path Analysis (Marisa, cutoff=3) ---
  branches: 742737  |  single-char: 411656 (55.4%)  short-unary: 124451 (16.8%)  links: 206630 (27.8%)
  link len: avg=4.35  max=37  total_chars=898820
  link length distribution (len:count):  3:81252  4:55503  5:30038  6:18037  7:10646  8:5519  9:2885  10:1442  11:688  12:346  13:146  14:66  15:26  16:12  17:9  18:7  19:2  20:3  21:1  22:1  37:1
  short unary avg len: 2.00
111.242744,1.753984,205.434002
[PASSED]
[time 0.38 s, user 0.34 s, sys 0.04 s, maxrss 62648 KB]
[busy 43 jiffies]
[exit 0]
--- c2 case 2 rec 1   load 0.54 0.75 0.83
[TEST C2-MARISA]
Processing dataset...
Done!
Building trie...
trie size: 1.224291 MB
trie size: 0.455650 MB
Done!
build time: 112.736272 ms (234.953873 ns per key)
space cost: 1.692706 MB (39.674487% of original size 4.266485 MB)
Querying trie...
Done!
total time: 103.912417 ms, avg latency: 216.564060 ns
topology: 0.426247 MB, link: 0.398585 MB, data: 0.857620 MB
--- Unary Path Analysis (Marisa, cutoff=3) ---
  branches: 742737  |  single-char: 411656 (55.4%)  short-unary: 124451 (16.8%)  links: 206630 (27.8%)
  link len: avg=4.35  max=37  total_chars=898820
  link length distribution (len:count):  3:81252  4:55503  5:30038  6:18037  7:10646  8:5519  9:2885  10:1442  11:688  12:346  13:146  14:66  15:26  16:12  17:9  18:7  19:2  20:3  21:1  22:1  37:1
  short unary avg len: 2.00
112.736272,1.692706,216.564060
[PASSED]
[time 0.39 s, user 0.35 s, sys 0.03 s, maxrss 62936 KB]
[busy 46 jiffies]
[exit 0]
--- c2 case 2 rec 2   load 0.54 0.75 0.83
[TEST C2-MARISA]
Processing dataset...
Done!
Building trie...
trie size: 1.224291 MB
trie size: 0.455650 MB
trie size: 0.007228 MB
Done!
build time: 111.492143 ms (232.360981 ns per key)
space cost: 1.692706 MB (39.674487% of original size 4.266485 MB)
Querying trie...
Done!
total time: 103.999491 ms, avg latency: 216.745531 ns
topology: 0.426247 MB, link: 0.398585 MB, data: 0.857620 MB
--- Unary Path Analysis (Marisa, cutoff=3) ---
  branches: 742737  |  single-char: 411656 (55.4%)  short-unary: 124451 (16.8%)  links: 206630 (27.8%)
  link len: avg=4.35  max=37  total_chars=898820
  link length distribution (len:count):  3:81252  4:55503  5:30038  6:18037  7:10646  8:5519  9:2885  10:1442  11:688  12:346  13:146  14:66  15:26  16:12  17:9  18:7  19:2  20:3  21:1  22:1  37:1
  short unary avg len: 2.00
111.492143,1.692706,216.745531
[PASSED]
[time 0.39 s, user 0.35 s, sys 0.03 s, maxrss 63040 KB]
[busy 43 jiffies]
[exit 0]
--- c2 case 3 rec 0   load 0.58 0.76 0.84
[TEST FST]
Processing dataset...
Done!
Building trie...
Done!
build time: 181.686356 ms (378.652870 ns per key)
space cost: 2.144493 MB (50.263695% of original size 4.266485 MB)
Querying trie...
Done!
total time: 205.943789 ms, avg latency: 429.207831 ns
not implemented
181.686356,2.144493,429.207831
[PASSED]
[time 0.56 s, user 0.53 s, sys 0.02 s, maxrss 41448 KB]
[busy 67 jiffies]
[exit 0]
--- c2 case 4 rec 0   load 0.58 0.76 0.84
[TEST COCO]
Processing dataset...
Done!
Building trie...
num nodes = 100870, average depth = 2.907644
ef = 0.002379, pa = 0.381531, bv = 0.002558, de = 0.468484
efr = 0.010370, par = 0.134639, bvr = 0.000020, der = 0.000020
Done!
build time: 1600.477625 ms (3335.558373 ns per key)
space cost: 2.485874 MB (58.265159% of original size 4.266485 MB)
Querying trie...
Done!
total time: 175.136295 ms, avg latency: 365.001876 ns
not implemented
1600.477625,2.485874,365.001876
[PASSED]
[time 2.03 s, user 1.57 s, sys 0.45 s, maxrss 919944 KB]
[busy 210 jiffies]
[exit 0]
--- c2 case 5 rec 0   load 0.53 0.74 0.83
[TEST MARISA]
Processing dataset...
Done!
Building trie...
Done!
build time: 149.050816 ms (310.637081 ns per key)
space cost: 1.546566 MB (36.249182% of original size 4.266485 MB)
Querying trie...
Done!
total time: 144.004362 ms, avg latency: 300.119757 ns
not implemented
149.050816,1.546566,300.119757
[PASSED]
[time 0.46 s, user 0.42 s, sys 0.04 s, maxrss 63420 KB]
[busy 53 jiffies]
[exit 0]
--- c2 case 5 rec 1   load 0.53 0.74 0.83
[TEST MARISA]
Processing dataset...
Done!
Building trie...
Done!
build time: 155.416380 ms (323.903564 ns per key)
space cost: 1.371034 MB (32.134968% of original size 4.266485 MB)
Querying trie...
Done!
total time: 164.222723 ms, avg latency: 342.256880 ns
not implemented
155.416380,1.371034,342.256880
[PASSED]
[time 0.49 s, user 0.44 s, sys 0.04 s, maxrss 63220 KB]
[busy 55 jiffies]
[exit 0]
--- c2 case 5 rec 2   load 0.53 0.74 0.83
[TEST MARISA]
Processing dataset...
Done!
Building trie...
Done!
build time: 155.500970 ms (324.079859 ns per key)
space cost: 1.362252 MB (31.929145% of original size 4.266485 MB)
Querying trie...
Done!
total time: 166.187045 ms, avg latency: 346.350727 ns
not implemented
155.500970,1.362252,346.350727
[PASSED]
[time 0.49 s, user 0.45 s, sys 0.04 s, maxrss 62912 KB]
[busy 55 jiffies]
[exit 0]
--- c2 case 6 rec 0   load 0.49 0.73 0.83
[TEST PDT]
Processing dataset...
Done!
Building trie...
dict size: 35774, stream size: 975943
Done!
build time: 333.435484 ms (694.913508 ns per key)
space cost: 1.577207 MB (36.967352% of original size 4.266485 MB)
Querying trie...
Done!
total time: 205.171027 ms, avg latency: 427.597316 ns
not implemented
333.435484,1.577207,427.597316
[PASSED]
[time 0.71 s, user 0.68 s, sys 0.03 s, maxrss 52876 KB]
[busy 78 jiffies]
[exit 0]
--- c2 case 7 rec 0   load 0.49 0.73 0.83
[TEST ART]
Processing dataset...
Done!
Building trie...
Done!
build time: 48.246541 ms (100.550705 ns per key)
space cost: 16.425407 MB (384.986859% of original size 4.266485 MB)
Querying trie...
Done!
total time: 82.314864 ms, avg latency: 171.552560 ns
not implemented
48.246541,16.425407,171.552560
[PASSED]
[time 0.31 s, user 0.26 s, sys 0.04 s, maxrss 61832 KB]
[busy 37 jiffies]
[exit 0]
--- c2 case 8 rec 0   load 0.49 0.73 0.83
[TEST CART]
Processing dataset...
Done!
Building trie...
Done!
build time: 68.756210 ms (143.294944 ns per key)
space cost: 7.328448 MB (171.767812% of original size 4.266485 MB)
Querying trie...
Done!
total time: 101.341234 ms, avg latency: 211.205453 ns
not implemented
68.756210,7.328448,211.205453
[PASSED]
[time 0.34 s, user 0.31 s, sys 0.03 s, maxrss 62476 KB]
[busy 40 jiffies]
[exit 0]
--- xcdat 7   load 0.49 0.73 0.83
build time: 107.965014 ms
space cost: 2.721505 MiB (63.787990% of original size 4.266485 MiB)
avg latency: 105.752250 ns
107.965014,2.721505,105.752250
[time 0.33 s, user 0.30 s, sys 0.02 s, maxrss 51988 KB]
[busy 37 jiffies]
[exit 0]
--- xcdat 8   load 0.53 0.74 0.83
build time: 97.076619 ms
space cost: 2.597720 MiB (60.886655% of original size 4.266485 MiB)
avg latency: 109.805632 ns
97.076619,2.597720,109.805632
[time 0.32 s, user 0.29 s, sys 0.02 s, maxrss 52040 KB]
[busy 36 jiffies]
[exit 0]
--- xcdat 15   load 0.53 0.74 0.83
build time: 107.549503 ms
space cost: 3.340850 MiB (78.304499% of original size 4.266485 MiB)
avg latency: 79.284595 ns
107.549503,3.340850,79.284595
[time 0.32 s, user 0.28 s, sys 0.03 s, maxrss 58352 KB]
[busy 39 jiffies]
[exit 0]
--- xcdat 16   load 0.53 0.74 0.83
build time: 97.978334 ms
space cost: 3.550420 MiB (83.216503% of original size 4.266485 MiB)
avg latency: 83.813127 ns
97.978334,3.550420,83.813127
[time 0.31 s, user 0.27 s, sys 0.03 s, maxrss 58260 KB]
[busy 38 jiffies]
[exit 0]

##### dna-1000000 (1000000 lines, 25000000 bytes)   round 3/3   2026-09-24T03:43:13+03:00
--- lexindex dict32   load 0.49 0.72 0.82
1000000 keys
lexindex DictIndex block 32: build 96 ms, size 4.768 MiB (5.000 B/key), latency cold 345.9 ns, then mean 342.1 / min 338.3 ns
95.510,4.768131,345.916
[time 1.98 s, user 2.43 s, sys 0.16 s, maxrss 178268 KB]
[busy 286 jiffies]
[exit 0]
--- lexindex dict256   load 0.49 0.72 0.82
1000000 keys
lexindex DictIndex block 256: build 96 ms, size 4.172 MiB (4.375 B/key), latency cold 340.8 ns, then mean 338.6 / min 333.9 ns
95.949,4.172320,340.810
[time 1.95 s, user 2.39 s, sys 0.18 s, maxrss 174900 KB]
[busy 277 jiffies]
[exit 0]
--- lexindex dict1024   load 0.53 0.73 0.82
1000000 keys
lexindex DictIndex block 1024: build 105 ms, size 4.035 MiB (4.231 B/key), latency cold 374.2 ns, then mean 371.5 / min 370.4 ns
104.993,4.034555,374.250
[time 2.09 s, user 2.34 s, sys 0.12 s, maxrss 157952 KB]
[busy 268 jiffies]
[exit 0]
--- lexindex string   load 0.53 0.73 0.82
1000000 keys
lexindex StringIndex: build 1108 ms, size 16.920 MiB (17.741 B/key), latency cold 417.0 ns, then mean 415.5 / min 411.2 ns
1107.622,16.919603,417.047
[time 3.25 s, user 3.15 s, sys 0.08 s, maxrss 164632 KB]
[busy 346 jiffies]
[exit 0]
--- lexindex hashed0   load 0.56 0.73 0.82
1000000 keys
lexindex HashedDictIndex closed: build 190 ms, size 6.786 MiB (7.115 B/key), latency cold 44.2 ns, then mean 43.0 / min 43.0 ns
190.340,6.785599,44.194
[time 0.85 s, user 1.35 s, sys 0.17 s, maxrss 174608 KB]
[busy 168 jiffies]
[exit 0]
--- lexindex hashed8   load 0.52 0.72 0.82
1000000 keys
lexindex HashedDictIndex fp=8: build 191 ms, size 7.739 MiB (8.115 B/key), latency cold 58.6 ns, then mean 56.3 / min 56.3 ns
191.354,7.739273,58.640
[time 0.90 s, user 1.41 s, sys 0.17 s, maxrss 174140 KB]
[busy 176 jiffies]
[exit 0]
--- lexindex hashed16   load 0.52 0.72 0.82
1000000 keys
lexindex HashedDictIndex fp=16: build 190 ms, size 8.693 MiB (9.115 B/key), latency cold 59.1 ns, then mean 57.9 / min 57.6 ns
189.917,8.692947,59.090
[time 0.91 s, user 1.41 s, sys 0.18 s, maxrss 173876 KB]
[busy 176 jiffies]
[exit 0]
--- c2 case 0 rec 0   load 0.52 0.72 0.82
[TEST C2-FST]
Processing dataset...
Done!
Building trie...
Done!
build time: 1409.387133 ms (1409.387133 ns per key)
space cost: 11.502727 MB (50.256179% of original size 22.888184 MB)
Querying trie...
Done!
total time: 408.950617 ms, avg latency: 408.950617 ns
topology: 0.892128 MB, link: 2.893083 MB, data: 7.717516 MB
--- Unary Path Analysis (FST, cutoff=4) ---
  shared unary steps in main trie: 98146
  terminal suffixes: inplace=2 (avg len=3.00)  links=999998 (100.0% of terminal)
  link len: avg=12.12  max=15  total_chars=12118007
  link length distribution (len:count):  4:2  5:10  6:40  7:176  8:732  9:2727  10:11261  11:42928  12:153933  13:402475  14:363824  15:21889  16:1
1409.387133,11.502727,408.950617
[PASSED]
[time 2.52 s, user 2.35 s, sys 0.15 s, maxrss 255568 KB]
[busy 265 jiffies]
[exit 0]
--- c2 case 0 rec 1   load 0.56 0.73 0.82
[TEST C2-FST]
Processing dataset...
Done!
Building trie...
trie size: 5.258043 MB
Done!
build time: 2112.907866 ms (2112.907866 ns per key)
space cost: 11.502727 MB (50.256179% of original size 22.888184 MB)
Querying trie...
Done!
total time: 411.011751 ms, avg latency: 411.011751 ns
topology: 0.892128 MB, link: 2.893083 MB, data: 7.717516 MB
--- Unary Path Analysis (FST, cutoff=4) ---
  shared unary steps in main trie: 98146
  terminal suffixes: inplace=2 (avg len=3.00)  links=999998 (100.0% of terminal)
  link len: avg=12.12  max=15  total_chars=12118007
  link length distribution (len:count):  4:2  5:10  6:40  7:176  8:732  9:2727  10:11261  11:42928  12:153933  13:402475  14:363824  15:21889  16:1
2112.907866,11.502727,411.011751
[PASSED]
[time 3.22 s, user 3.03 s, sys 0.17 s, maxrss 284128 KB]
[busy 332 jiffies]
[exit 0]
--- c2 case 0 rec 2   load 0.59 0.73 0.82
[TEST C2-FST]
Processing dataset...
Done!
Building trie...
trie size: 5.258043 MB
Done!
build time: 2124.554527 ms (2124.554527 ns per key)
space cost: 11.502727 MB (50.256179% of original size 22.888184 MB)
Querying trie...
Done!
total time: 413.083205 ms, avg latency: 413.083205 ns
topology: 0.892128 MB, link: 2.893083 MB, data: 7.717516 MB
--- Unary Path Analysis (FST, cutoff=4) ---
  shared unary steps in main trie: 98146
  terminal suffixes: inplace=2 (avg len=3.00)  links=999998 (100.0% of terminal)
  link len: avg=12.12  max=15  total_chars=12118007
  link length distribution (len:count):  4:2  5:10  6:40  7:176  8:732  9:2727  10:11261  11:42928  12:153933  13:402475  14:363824  15:21889  16:1
2124.554527,11.502727,413.083205
[PASSED]
[time 3.22 s, user 3.03 s, sys 0.18 s, maxrss 283832 KB]
[busy 333 jiffies]
[exit 0]
--- c2 case 1 rec 0   load 0.63 0.74 0.82
[TEST C2-CoCo(LOUDS-Sparse)]
Processing dataset...
Done!
Building trie...
Done!
build time: 2003.492776 ms (2003.492776 ns per key)
space cost: 9.777104 MB (42.716818% of original size 22.888184 MB)
Querying trie...
Done!
total time: 456.533531 ms, avg latency: 456.533531 ns
topology: 0.343521 MB, link: 3.029230 MB, data: 6.404353 MB
2003.492776,9.777104,456.533531
[PASSED]
[time 3.15 s, user 2.94 s, sys 0.19 s, maxrss 385816 KB]
[busy 331 jiffies]
[exit 0]
--- c2 case 1 rec 1   load 0.58 0.72 0.82
[TEST C2-CoCo(LOUDS-Sparse)]
Processing dataset...
Done!
Building trie...
trie size: 5.258043 MB
Done!
build time: 2682.749504 ms (2682.749504 ns per key)
space cost: 9.777104 MB (42.716818% of original size 22.888184 MB)
Querying trie...
Done!
total time: 461.433271 ms, avg latency: 461.433271 ns
topology: 0.343521 MB, link: 3.029230 MB, data: 6.404353 MB
2682.749504,9.777104,461.433271
[PASSED]
[time 3.83 s, user 3.61 s, sys 0.20 s, maxrss 413816 KB]
[busy 396 jiffies]
[exit 0]
--- c2 case 1 rec 2   load 0.53 0.71 0.81
[TEST C2-CoCo(LOUDS-Sparse)]
Processing dataset...
Done!
Building trie...
trie size: 5.258043 MB
Done!
build time: 2677.709891 ms (2677.709891 ns per key)
space cost: 9.777104 MB (42.716818% of original size 22.888184 MB)
Querying trie...
Done!
total time: 454.848343 ms, avg latency: 454.848343 ns
topology: 0.343521 MB, link: 3.029230 MB, data: 6.404353 MB
2677.709891,9.777104,454.848343
[PASSED]
[time 3.83 s, user 3.61 s, sys 0.20 s, maxrss 413744 KB]
[busy 396 jiffies]
[exit 0]
--- c2 case 2 rec 0   load 0.49 0.70 0.81
[TEST C2-MARISA]
Processing dataset...
Done!
Building trie...
trie size: 2.428399 MB
Done!
build time: 1321.657422 ms (1321.657422 ns per key)
space cost: 10.748939 MB (46.962829% of original size 22.888184 MB)
Querying trie...
Done!
total time: 383.465948 ms, avg latency: 383.465948 ns
topology: 0.804615 MB, link: 2.791285 MB, data: 7.132531 MB
--- Unary Path Analysis (Marisa, cutoff=3) ---
  branches: 1681124  |  single-char: 605889 (36.0%)  short-unary: 58000 (3.5%)  links: 1017235 (60.5%)
  link len: avg=13.94  max=17  total_chars=14175392
  link length distribution (len:count):  3:13001  4:3156  5:812  6:209  7:97  8:186  9:733  10:2730  11:11261  12:42928  13:153933  14:402475  15:363824  16:21889  17:1
  short unary avg len: 2.00
1321.657422,10.748939,383.465948
[PASSED]
[time 2.40 s, user 2.24 s, sys 0.14 s, maxrss 252536 KB]
[busy 255 jiffies]
[exit 0]
--- c2 case 2 rec 1   load 0.49 0.70 0.81
[TEST C2-MARISA]
Processing dataset...
Done!
Building trie...
trie size: 2.428399 MB
trie size: 5.162292 MB
Done!
build time: 2197.563269 ms (2197.563269 ns per key)
space cost: 10.748939 MB (46.962829% of original size 22.888184 MB)
Querying trie...
Done!
total time: 393.382617 ms, avg latency: 393.382617 ns
topology: 0.804615 MB, link: 2.791285 MB, data: 7.132531 MB
--- Unary Path Analysis (Marisa, cutoff=3) ---
  branches: 1681124  |  single-char: 605889 (36.0%)  short-unary: 58000 (3.5%)  links: 1017235 (60.5%)
  link len: avg=13.94  max=17  total_chars=14175392
  link length distribution (len:count):  3:13001  4:3156  5:812  6:209  7:97  8:186  9:733  10:2730  11:11261  12:42928  13:153933  14:402475  15:363824  16:21889  17:1
  short unary avg len: 2.00
2197.563269,10.748939,393.382617
[PASSED]
[time 3.31 s, user 3.08 s, sys 0.21 s, maxrss 285304 KB]
[busy 345 jiffies]
[exit 0]
--- c2 case 2 rec 2   load 0.53 0.70 0.81
[TEST C2-MARISA]
Processing dataset...
Done!
Building trie...
trie size: 2.428399 MB
trie size: 5.162292 MB
Done!
build time: 2203.744296 ms (2203.744296 ns per key)
space cost: 10.748939 MB (46.962829% of original size 22.888184 MB)
Querying trie...
Done!
total time: 381.057431 ms, avg latency: 381.057431 ns
topology: 0.804615 MB, link: 2.791285 MB, data: 7.132531 MB
--- Unary Path Analysis (Marisa, cutoff=3) ---
  branches: 1681124  |  single-char: 605889 (36.0%)  short-unary: 58000 (3.5%)  links: 1017235 (60.5%)
  link len: avg=13.94  max=17  total_chars=14175392
  link length distribution (len:count):  3:13001  4:3156  5:812  6:209  7:97  8:186  9:733  10:2730  11:11261  12:42928  13:153933  14:402475  15:363824  16:21889  17:1
  short unary avg len: 2.00
2203.744296,10.748939,381.057431
[PASSED]
[time 3.30 s, user 3.05 s, sys 0.23 s, maxrss 285308 KB]
[busy 345 jiffies]
[exit 0]
--- c2 case 3 rec 0   load 0.57 0.71 0.81
[TEST FST]
Processing dataset...
Done!
Building trie...
Done!
build time: 945.123413 ms (945.123413 ns per key)
space cost: 18.082896 MB (79.005379% of original size 22.888184 MB)
Querying trie...
Done!
total time: 551.952505 ms, avg latency: 551.952505 ns
not implemented
945.123413,18.082896,551.952505
[PASSED]
[time 2.20 s, user 2.07 s, sys 0.11 s, maxrss 178904 KB]
[busy 227 jiffies]
[exit 0]
--- c2 case 4 rec 0   load 0.52 0.70 0.81
[TEST COCO]
Processing dataset...
Done!
Building trie...
num nodes = 65537, average depth = 14.999878
ef = 0.000000, pa = 0.000000, bv = 0.000000, de = 0.000015
efr = 0.000015, par = 0.999969, bvr = 0.000000, der = 0.000000
Done!
build time: 22380.775019 ms (22380.775019 ns per key)
space cost: 5.857979 MB (25.593899% of original size 22.888184 MB)
Querying trie...
Done!
total time: 379.906949 ms, avg latency: 379.906949 ns
not implemented
22380.775019,5.857979,379.906949
[PASSED]
[time 24.54 s, user 18.50 s, sys 5.94 s, maxrss 13623828 KB]
[busy 2522 jiffies]
[exit 0]
--- c2 case 5 rec 0   load 0.69 0.72 0.81
[TEST MARISA]
Processing dataset...
Done!
Building trie...
Done!
build time: 682.746596 ms (682.746596 ns per key)
space cost: 18.867507 MB (82.433396% of original size 22.888184 MB)
Querying trie...
Done!
total time: 534.617944 ms, avg latency: 534.617944 ns
not implemented
682.746596,18.867507,534.617944
[PASSED]
[time 1.90 s, user 1.77 s, sys 0.12 s, maxrss 222856 KB]
[busy 202 jiffies]
[exit 0]
--- c2 case 5 rec 1   load 0.69 0.72 0.81
[TEST MARISA]
Processing dataset...
Done!
Building trie...
Done!
build time: 964.065525 ms (964.065525 ns per key)
space cost: 7.640043 MB (33.379858% of original size 22.888184 MB)
Querying trie...
Done!
total time: 735.295525 ms, avg latency: 735.295525 ns
not implemented
964.065525,7.640043,735.295525
[PASSED]
[time 2.40 s, user 2.22 s, sys 0.17 s, maxrss 222008 KB]
[busy 250 jiffies]
[exit 0]
--- c2 case 5 rec 2   load 0.71 0.73 0.82
[TEST MARISA]
Processing dataset...
Done!
Building trie...
Done!
build time: 942.286271 ms (942.286271 ns per key)
space cost: 7.210847 MB (31.504671% of original size 22.888184 MB)
Querying trie...
Done!
total time: 775.747796 ms, avg latency: 775.747796 ns
not implemented
942.286271,7.210847,775.747796
[PASSED]
[time 2.41 s, user 2.26 s, sys 0.13 s, maxrss 221884 KB]
[busy 250 jiffies]
[exit 0]
--- c2 case 6 rec 0   load 0.65 0.71 0.81
[TEST PDT]
Processing dataset...
Done!
Building trie...
dict size: 151324, stream size: 6218209
Done!
build time: 2897.872676 ms (2897.872676 ns per key)
space cost: 7.350519 MB (32.114908% of original size 22.888184 MB)
Querying trie...
Done!
total time: 777.648729 ms, avg latency: 777.648729 ns
not implemented
2897.872676,7.350519,777.648729
[PASSED]
[time 4.39 s, user 4.19 s, sys 0.17 s, maxrss 212964 KB]
[busy 457 jiffies]
[exit 0]
--- c2 case 7 rec 0   load 0.68 0.72 0.81
[TEST ART]
Processing dataset...
Done!
Building trie...
Done!
build time: 195.467549 ms (195.467549 ns per key)
space cost: 33.278465 MB (145.395833% of original size 22.888184 MB)
Querying trie...
Done!
total time: 403.599560 ms, avg latency: 403.599560 ns
not implemented
195.467549,33.278465,403.599560
[PASSED]
[time 1.34 s, user 1.20 s, sys 0.12 s, maxrss 222752 KB]
[busy 143 jiffies]
[exit 0]
--- c2 case 8 rec 0   load 0.68 0.72 0.81
[TEST CART]
Processing dataset...
Done!
Building trie...
Done!
build time: 244.797445 ms (244.797445 ns per key)
space cost: 15.643999 MB (68.349675% of original size 22.888184 MB)
Querying trie...
Done!
total time: 438.224198 ms, avg latency: 438.224198 ns
not implemented
244.797445,15.643999,438.224198
[PASSED]
[time 1.42 s, user 1.30 s, sys 0.11 s, maxrss 214524 KB]
[busy 151 jiffies]
[exit 0]
--- xcdat 7   load 0.71 0.72 0.81
build time: 832.564996 ms
space cost: 19.789600 MiB (86.462083% of original size 22.888184 MiB)
avg latency: 294.782775 ns
832.564996,19.789600,294.782775
[time 1.83 s, user 1.69 s, sys 0.13 s, maxrss 180552 KB]
[busy 198 jiffies]
[exit 0]
--- xcdat 8   load 0.71 0.72 0.81
build time: 791.301279 ms
space cost: 19.685819 MiB (86.008654% of original size 22.888184 MiB)
avg latency: 297.438416 ns
791.301279,19.685819,297.438416
[time 1.79 s, user 1.65 s, sys 0.13 s, maxrss 180448 KB]
[busy 186 jiffies]
[exit 0]
--- xcdat 15   load 0.73 0.73 0.82
build time: 811.654453 ms
space cost: 21.414997 MiB (93.563550% of original size 22.888184 MiB)
avg latency: 281.289314 ns
811.654453,21.414997,281.289314
[time 1.80 s, user 1.67 s, sys 0.12 s, maxrss 182104 KB]
[busy 189 jiffies]
[exit 0]
--- xcdat 16   load 0.73 0.73 0.82
build time: 791.225196 ms
space cost: 21.935129 MiB (95.836042% of original size 22.888184 MiB)
avg latency: 287.131674 ns
791.225196,21.935129,287.131674
[time 1.78 s, user 1.64 s, sys 0.12 s, maxrss 182676 KB]
[busy 188 jiffies]
[exit 0]

##### domains-1000000 (1000000 lines, 14782044 bytes)   round 3/3   2026-09-24T03:45:10+03:00
--- lexindex dict32   load 0.75 0.73 0.82
1000000 keys
lexindex DictIndex block 32: build 206 ms, size 4.599 MiB (4.822 B/key), latency cold 309.1 ns, then mean 302.9 / min 301.7 ns
205.934,4.598972,309.076
[time 1.90 s, user 3.14 s, sys 0.23 s, maxrss 236716 KB]
[busy 359 jiffies]
[exit 0]
--- lexindex dict256   load 0.69 0.72 0.81
1000000 keys
lexindex DictIndex block 256: build 204 ms, size 4.291 MiB (4.500 B/key), latency cold 327.4 ns, then mean 325.2 / min 321.4 ns
204.325,4.291158,327.409
[time 1.97 s, user 3.24 s, sys 0.21 s, maxrss 237556 KB]
[busy 367 jiffies]
[exit 0]
--- lexindex dict1024   load 0.69 0.72 0.81
1000000 keys
lexindex DictIndex block 1024: build 218 ms, size 4.160 MiB (4.363 B/key), latency cold 400.7 ns, then mean 397.0 / min 395.7 ns
217.946,4.160439,400.703
[time 2.27 s, user 3.05 s, sys 0.16 s, maxrss 215384 KB]
[busy 339 jiffies]
[exit 0]
--- lexindex string   load 0.72 0.73 0.81
1000000 keys
lexindex StringIndex: build 592 ms, size 10.017 MiB (10.504 B/key), latency cold 207.1 ns, then mean 203.8 / min 201.8 ns
591.576,10.017015,207.114
[time 1.86 s, user 1.78 s, sys 0.06 s, maxrss 136236 KB]
[busy 201 jiffies]
[exit 0]
--- lexindex hashed0   load 0.72 0.73 0.81
1000000 keys
lexindex HashedDictIndex closed: build 293 ms, size 6.905 MiB (7.240 B/key), latency cold 30.0 ns, then mean 24.8 / min 24.7 ns
292.525,6.904865,29.951
[time 0.86 s, user 2.19 s, sys 0.22 s, maxrss 248400 KB]
[busy 259 jiffies]
[exit 0]
--- lexindex hashed8   load 0.74 0.73 0.82
1000000 keys
lexindex HashedDictIndex fp=8: build 291 ms, size 7.859 MiB (8.240 B/key), latency cold 35.9 ns, then mean 28.4 / min 28.3 ns
291.344,7.858540,35.944
[time 0.89 s, user 2.19 s, sys 0.24 s, maxrss 249064 KB]
[busy 262 jiffies]
[exit 0]
--- lexindex hashed16   load 0.74 0.73 0.82
1000000 keys
lexindex HashedDictIndex fp=16: build 292 ms, size 8.812 MiB (9.240 B/key), latency cold 36.0 ns, then mean 31.7 / min 31.0 ns
292.440,8.812214,36.043
[time 0.89 s, user 2.20 s, sys 0.24 s, maxrss 249084 KB]
[busy 263 jiffies]
[exit 0]
--- c2 case 0 rec 0   load 0.68 0.72 0.81
[TEST C2-FST]
Processing dataset...
Done!
Building trie...
Done!
build time: 606.178374 ms (606.178374 ns per key)
space cost: 6.917822 MB (52.632701% of original size 13.143581 MB)
Querying trie...
Done!
total time: 334.831037 ms, avg latency: 334.831037 ns
topology: 0.942398 MB, link: 2.041207 MB, data: 3.934216 MB
--- Unary Path Analysis (FST, cutoff=4) ---
  shared unary steps in main trie: 268333
  terminal suffixes: inplace=220500 (avg len=1.97)  links=754948 (77.4% of terminal)
  link len: avg=6.76  max=63  total_chars=5105329
  link length distribution (len:count):  4:91687  5:111663  6:114934  7:103953  8:85177  9:68086  10:51456  11:37502  12:26935  13:19286  14:13392  15:9281  16:6718  17:4599  18:3138  19:2143  20:1561  21:980  22:717  23:511  24:315  25:289  26:154  27:98  28:76  29:70  30:38  31:24  32:35  33:24  34:15  35:9  36:12  37:9  38:5  39:5  40:5  41:8  42:4  43:7  45:3  46:1  48:1  50:1  52:4  54:2  55:1  56:5  57:4  59:2  63:2  64:1
606.178374,6.917822,334.831037
[PASSED]
[time 1.36 s, user 1.24 s, sys 0.10 s, maxrss 183148 KB]
[busy 141 jiffies]
[exit 0]
--- c2 case 0 rec 1   load 0.68 0.72 0.81
[TEST C2-FST]
Processing dataset...
Done!
Building trie...
trie size: 2.171301 MB
Done!
build time: 695.766008 ms (695.766008 ns per key)
space cost: 6.261899 MB (47.642258% of original size 13.143581 MB)
Querying trie...
Done!
total time: 393.320500 ms, avg latency: 393.320500 ns
topology: 1.096256 MB, link: 1.933458 MB, data: 3.232184 MB
--- Unary Path Analysis (FST, cutoff=4) ---
  shared unary steps in main trie: 268333
  terminal suffixes: inplace=220500 (avg len=1.97)  links=754948 (77.4% of terminal)
  link len: avg=6.76  max=63  total_chars=5105329
  link length distribution (len:count):  4:91687  5:111663  6:114934  7:103953  8:85177  9:68086  10:51456  11:37502  12:26935  13:19286  14:13392  15:9281  16:6718  17:4599  18:3138  19:2143  20:1561  21:980  22:717  23:511  24:315  25:289  26:154  27:98  28:76  29:70  30:38  31:24  32:35  33:24  34:15  35:9  36:12  37:9  38:5  39:5  40:5  41:8  42:4  43:7  45:3  46:1  48:1  50:1  52:4  54:2  55:1  56:5  57:4  59:2  63:2  64:1
695.766008,6.261899,393.320500
[PASSED]
[time 1.53 s, user 1.41 s, sys 0.10 s, maxrss 183028 KB]
[busy 162 jiffies]
[exit 0]
--- c2 case 0 rec 2   load 0.63 0.71 0.81
[TEST C2-FST]
Processing dataset...
Done!
Building trie...
trie size: 2.171301 MB
trie size: 0.145336 MB
Done!
build time: 697.777929 ms (697.777929 ns per key)
space cost: 6.261899 MB (47.642258% of original size 13.143581 MB)
Querying trie...
Done!
total time: 390.039803 ms, avg latency: 390.039803 ns
topology: 1.096256 MB, link: 1.933458 MB, data: 3.232184 MB
--- Unary Path Analysis (FST, cutoff=4) ---
  shared unary steps in main trie: 268333
  terminal suffixes: inplace=220500 (avg len=1.97)  links=754948 (77.4% of terminal)
  link len: avg=6.76  max=63  total_chars=5105329
  link length distribution (len:count):  4:91687  5:111663  6:114934  7:103953  8:85177  9:68086  10:51456  11:37502  12:26935  13:19286  14:13392  15:9281  16:6718  17:4599  18:3138  19:2143  20:1561  21:980  22:717  23:511  24:315  25:289  26:154  27:98  28:76  29:70  30:38  31:24  32:35  33:24  34:15  35:9  36:12  37:9  38:5  39:5  40:5  41:8  42:4  43:7  45:3  46:1  48:1  50:1  52:4  54:2  55:1  56:5  57:4  59:2  63:2  64:1
697.777929,6.261899,390.039803
[PASSED]
[time 1.53 s, user 1.40 s, sys 0.11 s, maxrss 182980 KB]
[busy 161 jiffies]
[exit 0]
--- c2 case 1 rec 0   load 0.63 0.71 0.81
[TEST C2-CoCo(LOUDS-Sparse)]
Processing dataset...
Done!
Building trie...
Done!
build time: 1345.846187 ms (1345.846187 ns per key)
space cost: 6.955368 MB (52.918365% of original size 13.143581 MB)
Querying trie...
Done!
total time: 479.977254 ms, avg latency: 479.977254 ns
topology: 0.405121 MB, link: 2.743303 MB, data: 3.806944 MB
1345.846187,6.955368,479.977254
[PASSED]
[time 2.25 s, user 2.05 s, sys 0.19 s, maxrss 326832 KB]
[busy 234 jiffies]
[exit 0]
--- c2 case 1 rec 1   load 0.58 0.70 0.80
[TEST C2-CoCo(LOUDS-Sparse)]
Processing dataset...
Done!
Building trie...
trie size: 2.171301 MB
Done!
build time: 1423.205035 ms (1423.205035 ns per key)
space cost: 6.299446 MB (47.927923% of original size 13.143581 MB)
Querying trie...
Done!
total time: 532.371822 ms, avg latency: 532.371822 ns
topology: 0.558979 MB, link: 2.635554 MB, data: 3.104912 MB
1423.205035,6.299446,532.371822
[PASSED]
[time 2.39 s, user 2.19 s, sys 0.19 s, maxrss 326824 KB]
[busy 250 jiffies]
[exit 0]
--- c2 case 1 rec 2   load 0.58 0.70 0.80
[TEST C2-CoCo(LOUDS-Sparse)]
Processing dataset...
Done!
Building trie...
trie size: 2.171301 MB
trie size: 0.145336 MB
Done!
build time: 1431.898665 ms (1431.898665 ns per key)
space cost: 6.299446 MB (47.927923% of original size 13.143581 MB)
Querying trie...
Done!
total time: 538.802879 ms, avg latency: 538.802879 ns
topology: 0.558979 MB, link: 2.635554 MB, data: 3.104912 MB
1431.898665,6.299446,538.802879
[PASSED]
[time 2.40 s, user 2.21 s, sys 0.18 s, maxrss 326956 KB]
[busy 249 jiffies]
[exit 0]
--- c2 case 2 rec 0   load 0.61 0.70 0.80
[TEST C2-MARISA]
Processing dataset...
Done!
Building trie...
trie size: 2.220281 MB
Done!
build time: 687.016983 ms (687.016983 ns per key)
space cost: 6.286226 MB (47.827347% of original size 13.143581 MB)
Querying trie...
Done!
total time: 257.930900 ms, avg latency: 257.930900 ns
topology: 0.735279 MB, link: 2.419176 MB, data: 3.111263 MB
--- Unary Path Analysis (Marisa, cutoff=3) ---
  branches: 1529804  |  single-char: 445053 (29.1%)  short-unary: 119280 (7.8%)  links: 965471 (63.1%)
  link len: avg=7.67  max=65  total_chars=7409785
  link length distribution (len:count):  3:106346  4:81524  5:100388  6:117171  7:118183  8:106006  9:86378  10:68801  11:51930  12:37786  13:27091  14:19390  15:13458  16:9322  17:6753  18:4616  19:3149  20:2153  21:1566  22:983  23:724  24:512  25:321  26:290  27:155  28:98  29:77  30:70  31:40  32:24  33:35  34:24  35:16  36:9  37:12  38:9  39:5  40:5  41:5  42:8  43:4  44:7  46:3  47:1  49:1  51:1  53:4  55:2  56:1  57:5  58:4  60:2  64:2  65:1
  short unary avg len: 2.00
687.016983,6.286226,257.930900
[PASSED]
[time 1.37 s, user 1.25 s, sys 0.12 s, maxrss 205884 KB]
[busy 145 jiffies]
[exit 0]
--- c2 case 2 rec 1   load 0.56 0.69 0.80
[TEST C2-MARISA]
Processing dataset...
Done!
Building trie...
trie size: 2.220281 MB
trie size: 2.823213 MB
Done!
build time: 792.541110 ms (792.541110 ns per key)
space cost: 5.413679 MB (41.188767% of original size 13.143581 MB)
Querying trie...
Done!
total time: 337.040290 ms, avg latency: 337.040290 ns
topology: 0.947487 MB, link: 2.305346 MB, data: 2.140338 MB
--- Unary Path Analysis (Marisa, cutoff=3) ---
  branches: 1529804  |  single-char: 445053 (29.1%)  short-unary: 119280 (7.8%)  links: 965471 (63.1%)
  link len: avg=7.67  max=65  total_chars=7409785
  link length distribution (len:count):  3:106346  4:81524  5:100388  6:117171  7:118183  8:106006  9:86378  10:68801  11:51930  12:37786  13:27091  14:19390  15:13458  16:9322  17:6753  18:4616  19:3149  20:2153  21:1566  22:983  23:724  24:512  25:321  26:290  27:155  28:98  29:77  30:70  31:40  32:24  33:35  34:24  35:16  36:9  37:12  38:9  39:5  40:5  41:5  42:8  43:4  44:7  46:3  47:1  49:1  51:1  53:4  55:2  56:1  57:5  58:4  60:2  64:2  65:1
  short unary avg len: 2.00
792.541110,5.413679,337.040290
[PASSED]
[time 1.56 s, user 1.44 s, sys 0.11 s, maxrss 206144 KB]
[busy 165 jiffies]
[exit 0]
--- c2 case 2 rec 2   load 0.56 0.69 0.80
[TEST C2-MARISA]
Processing dataset...
Done!
Building trie...
trie size: 2.220281 MB
trie size: 2.823213 MB
trie size: 0.214430 MB
Done!
build time: 792.825564 ms (792.825564 ns per key)
space cost: 5.413679 MB (41.188767% of original size 13.143581 MB)
Querying trie...
Done!
total time: 331.847379 ms, avg latency: 331.847379 ns
topology: 0.947487 MB, link: 2.305346 MB, data: 2.140338 MB
--- Unary Path Analysis (Marisa, cutoff=3) ---
  branches: 1529804  |  single-char: 445053 (29.1%)  short-unary: 119280 (7.8%)  links: 965471 (63.1%)
  link len: avg=7.67  max=65  total_chars=7409785
  link length distribution (len:count):  3:106346  4:81524  5:100388  6:117171  7:118183  8:106006  9:86378  10:68801  11:51930  12:37786  13:27091  14:19390  15:13458  16:9322  17:6753  18:4616  19:3149  20:2153  21:1566  22:983  23:724  24:512  25:321  26:290  27:155  28:98  29:77  30:70  31:40  32:24  33:35  34:24  35:16  36:9  37:12  38:9  39:5  40:5  41:5  42:8  43:4  44:7  46:3  47:1  49:1  51:1  53:4  55:2  56:1  57:5  58:4  60:2  64:2  65:1
  short unary avg len: 2.00
792.825564,5.413679,331.847379
[PASSED]
[time 1.57 s, user 1.42 s, sys 0.13 s, maxrss 205780 KB]
[busy 164 jiffies]
[exit 0]
--- c2 case 3 rec 0   load 0.52 0.68 0.79
[TEST FST]
Processing dataset...
Done!
Building trie...
Done!
build time: 595.158201 ms (595.158201 ns per key)
space cost: 6.751218 MB (51.365131% of original size 13.143581 MB)
Querying trie...
Done!
total time: 450.964063 ms, avg latency: 450.964063 ns
not implemented
595.158201,6.751218,450.964063
[PASSED]
[time 1.47 s, user 1.39 s, sys 0.07 s, maxrss 95116 KB]
[busy 157 jiffies]
[exit 0]
--- c2 case 4 rec 0   load 0.52 0.68 0.79
[TEST COCO]
Processing dataset...
Done!
Building trie...
num nodes = 310886, average depth = 6.283062
ef = 0.001168, pa = 0.211653, bv = 0.000885, de = 0.651638
efr = 0.002046, par = 0.129141, bvr = 0.000006, der = 0.003464
Done!
build time: 10383.594809 ms (10383.594809 ns per key)
space cost: 9.668336 MB (73.559374% of original size 13.143581 MB)
Querying trie...
Done!
total time: 417.975570 ms, avg latency: 417.975570 ns
not implemented
10383.594809,9.668336,417.975570
[PASSED]
[time 11.76 s, user 8.93 s, sys 2.79 s, maxrss 6138156 KB]
[busy 1213 jiffies]
[exit 0]
--- c2 case 5 rec 0   load 0.54 0.68 0.79
[TEST MARISA]
Processing dataset...
Done!
Building trie...
Done!
build time: 482.235198 ms (482.235198 ns per key)
space cost: 6.885828 MB (52.389283% of original size 13.143581 MB)
Querying trie...
Done!
total time: 390.670459 ms, avg latency: 390.670459 ns
not implemented
482.235198,6.885828,390.670459
[PASSED]
[time 1.31 s, user 1.20 s, sys 0.09 s, maxrss 172528 KB]
[busy 140 jiffies]
[exit 0]
--- c2 case 5 rec 1   load 0.54 0.68 0.79
[TEST MARISA]
Processing dataset...
Done!
Building trie...
Done!
build time: 550.805518 ms (550.805518 ns per key)
space cost: 4.826345 MB (36.720170% of original size 13.143581 MB)
Querying trie...
Done!
total time: 511.969395 ms, avg latency: 511.969395 ns
not implemented
550.805518,4.826345,511.969395
[PASSED]
[time 1.49 s, user 1.35 s, sys 0.13 s, maxrss 172260 KB]
[busy 156 jiffies]
[exit 0]
--- c2 case 5 rec 2   load 0.50 0.66 0.79
[TEST MARISA]
Processing dataset...
Done!
Building trie...
Done!
build time: 561.792820 ms (561.792820 ns per key)
space cost: 4.647946 MB (35.362861% of original size 13.143581 MB)
Querying trie...
Done!
total time: 541.414908 ms, avg latency: 541.414908 ns
not implemented
561.792820,4.647946,541.414908
[PASSED]
[time 1.53 s, user 1.40 s, sys 0.13 s, maxrss 172456 KB]
[busy 164 jiffies]
[exit 0]
--- c2 case 6 rec 0   load 0.50 0.66 0.79
[TEST PDT]
Processing dataset...
Done!
Building trie...
dict size: 155466, stream size: 4016746
Done!
build time: 1909.999122 ms (1909.999122 ns per key)
space cost: 5.254991 MB (39.981421% of original size 13.143581 MB)
Querying trie...
Done!
total time: 518.982306 ms, avg latency: 518.982306 ns
not implemented
1909.999122,5.254991,518.982306
[PASSED]
[time 2.86 s, user 2.75 s, sys 0.10 s, maxrss 152680 KB]
[busy 299 jiffies]
[exit 0]
--- c2 case 7 rec 0   load 0.54 0.67 0.79
[TEST ART]
Processing dataset...
Done!
Building trie...
Done!
build time: 108.896685 ms (108.896685 ns per key)
space cost: 31.580688 MB (240.274607% of original size 13.143581 MB)
Querying trie...
Done!
total time: 250.854751 ms, avg latency: 250.854751 ns
not implemented
108.896685,31.580688,250.854751
[PASSED]
[time 0.80 s, user 0.72 s, sys 0.07 s, maxrss 136260 KB]
[busy 86 jiffies]
[exit 0]
--- c2 case 8 rec 0   load 0.54 0.67 0.79
[TEST CART]
Processing dataset...
Done!
Building trie...
Done!
build time: 161.057443 ms (161.057443 ns per key)
space cost: 13.831998 MB (105.237663% of original size 13.143581 MB)
Querying trie...
Done!
total time: 311.700292 ms, avg latency: 311.700292 ns
not implemented
161.057443,13.831998,311.700292
[PASSED]
[time 0.92 s, user 0.83 s, sys 0.08 s, maxrss 134152 KB]
[busy 99 jiffies]
[exit 0]
--- xcdat 7   load 0.50 0.66 0.79
build time: 515.875607 ms
space cost: 9.017626 MiB (68.608590% of original size 13.143581 MiB)
avg latency: 183.860963 ns
515.875607,9.017626,183.860963
[time 1.15 s, user 1.05 s, sys 0.08 s, maxrss 139552 KB]
[busy 122 jiffies]
[exit 0]
--- xcdat 8   load 0.50 0.66 0.79
build time: 487.353409 ms
space cost: 8.488643 MiB (64.583940% of original size 13.143581 MiB)
avg latency: 169.581454 ns
487.353409,8.488643,169.581454
[time 1.10 s, user 1.00 s, sys 0.09 s, maxrss 139552 KB]
[busy 118 jiffies]
[exit 0]
--- xcdat 15   load 0.46 0.65 0.78
build time: 506.855814 ms
space cost: 9.847433 MiB (74.921993% of original size 13.143581 MiB)
avg latency: 144.980405 ns
506.855814,9.847433,144.980405
[time 1.10 s, user 1.01 s, sys 0.08 s, maxrss 139756 KB]
[busy 116 jiffies]
[exit 0]
--- xcdat 16   load 0.46 0.65 0.78
build time: 485.536123 ms
space cost: 10.260450 MiB (78.064342% of original size 13.143581 MiB)
avg latency: 158.495819 ns
485.536123,10.260450,158.495819
[time 1.09 s, user 0.99 s, sys 0.09 s, maxrss 139736 KB]
[busy 119 jiffies]
[exit 0]

##### idents-1000000 (1000000 lines, 18283976 bytes)   round 3/3   2026-09-24T03:46:32+03:00
--- lexindex dict32   load 0.46 0.65 0.78
1000000 keys
lexindex DictIndex block 32: build 236 ms, size 5.356 MiB (5.617 B/key), latency cold 366.9 ns, then mean 358.9 / min 357.5 ns
236.034,5.356443,366.851
[time 2.19 s, user 3.53 s, sys 0.24 s, maxrss 249512 KB]
[busy 398 jiffies]
[exit 0]
--- lexindex dict256   load 0.50 0.65 0.78
1000000 keys
lexindex DictIndex block 256: build 239 ms, size 4.986 MiB (5.228 B/key), latency cold 400.0 ns, then mean 393.7 / min 389.9 ns
239.068,4.986134,400.037
[time 2.32 s, user 3.68 s, sys 0.23 s, maxrss 249868 KB]
[busy 419 jiffies]
[exit 0]
--- lexindex dict1024   load 0.46 0.64 0.78
1000000 keys
lexindex DictIndex block 1024: build 267 ms, size 4.831 MiB (5.066 B/key), latency cold 474.4 ns, then mean 468.2 / min 467.5 ns
266.765,4.830847,474.404
[time 2.64 s, user 3.50 s, sys 0.18 s, maxrss 239580 KB]
[busy 394 jiffies]
[exit 0]
--- lexindex string   load 0.46 0.64 0.78
1000000 keys
lexindex StringIndex: build 656 ms, size 10.063 MiB (10.552 B/key), latency cold 251.7 ns, then mean 249.4 / min 244.7 ns
656.348,10.063018,251.718
[time 2.14 s, user 2.05 s, sys 0.07 s, maxrss 149104 KB]
[busy 232 jiffies]
[exit 0]
--- lexindex hashed0   load 0.50 0.65 0.78
1000000 keys
lexindex HashedDictIndex closed: build 340 ms, size 7.599 MiB (7.969 B/key), latency cold 37.8 ns, then mean 36.4 / min 36.3 ns
340.118,7.599383,37.835
[time 0.98 s, user 2.38 s, sys 0.26 s, maxrss 251836 KB]
[busy 286 jiffies]
[exit 0]
--- lexindex hashed8   load 0.50 0.65 0.78
1000000 keys
lexindex HashedDictIndex fp=8: build 339 ms, size 8.553 MiB (8.969 B/key), latency cold 44.0 ns, then mean 40.7 / min 38.8 ns
338.949,8.553058,43.996
[time 1.00 s, user 2.42 s, sys 0.25 s, maxrss 258176 KB]
[busy 290 jiffies]
[exit 0]
--- lexindex hashed16   load 2.14 0.99 0.89
1000000 keys
lexindex HashedDictIndex fp=16: build 344 ms, size 9.507 MiB (9.969 B/key), latency cold 46.9 ns, then mean 44.0 / min 43.4 ns
343.531,9.506732,46.865
[time 1.01 s, user 2.40 s, sys 0.25 s, maxrss 254124 KB]
[busy 289 jiffies]
[exit 0]
--- c2 case 0 rec 0   load 2.14 0.99 0.89
[TEST C2-FST]
Processing dataset...
Done!
Building trie...
Done!
build time: 598.564393 ms (598.564393 ns per key)
space cost: 8.227930 MB (49.916813% of original size 16.483284 MB)
Querying trie...
Done!
total time: 463.630831 ms, avg latency: 463.630831 ns
topology: 1.135506 MB, link: 1.406907 MB, data: 5.685517 MB
--- Unary Path Analysis (FST, cutoff=4) ---
  shared unary steps in main trie: 971668
  terminal suffixes: inplace=238747 (avg len=2.28)  links=478774 (66.7% of terminal)
  link len: avg=9.52  max=507  total_chars=4557473
  link length distribution (len:count):  4:79167  5:52258  6:44526  7:37562  8:33071  9:28872  10:26062  11:38559  12:20998  13:14985  14:12840  15:11027  16:9190  17:7956  18:6288  19:5522  20:4616  21:3760  22:3224  23:2642  24:2265  25:1817  26:1599  27:3319  28:3490  29:1071  30:1819  31:12530  32:2370  33:475  34:427  35:414  36:360  37:260  38:234  39:210  40:195  41:157  42:148  43:129  44:137  45:91  46:113  47:107  48:101  49:86  50:71  51:74  52:68  53:61  54:79  55:76  56:60  57:86  58:122  59:137  60:259  61:339  62:18  63:12  64:12  65:12  66:15  67:15  68:13  69:15  70:7  71:11  72:10  73:21  74:26  75:36  76:15  77:1  78:2  79:2  80:3  81:3  83:1  84:2  85:2  86:1  88:2  89:2  90:2  91:4  92:1  94:2  95:1  96:3  104:1  106:1  107:1  109:1  110:1  116:1  117:3  120:1  121:2  122:1  123:1  124:1  129:1  191:1  257:1  366:1  424:1  508:1
598.564393,8.227930,463.630831
[PASSED]
[time 1.58 s, user 1.46 s, sys 0.11 s, maxrss 163224 KB]
[busy 165 jiffies]
[exit 0]
--- c2 case 0 rec 1   load 2.05 0.99 0.89
[TEST C2-FST]
Processing dataset...
Done!
Building trie...
trie size: 1.626037 MB
Done!
build time: 711.401635 ms (711.401635 ns per key)
space cost: 7.389305 MB (44.829083% of original size 16.483284 MB)
Querying trie...
Done!
total time: 519.845078 ms, avg latency: 519.845078 ns
topology: 1.316097 MB, link: 1.431170 MB, data: 4.642038 MB
--- Unary Path Analysis (FST, cutoff=4) ---
  shared unary steps in main trie: 971668
  terminal suffixes: inplace=238747 (avg len=2.28)  links=478774 (66.7% of terminal)
  link len: avg=9.52  max=507  total_chars=4557473
  link length distribution (len:count):  4:79167  5:52258  6:44526  7:37562  8:33071  9:28872  10:26062  11:38559  12:20998  13:14985  14:12840  15:11027  16:9190  17:7956  18:6288  19:5522  20:4616  21:3760  22:3224  23:2642  24:2265  25:1817  26:1599  27:3319  28:3490  29:1071  30:1819  31:12530  32:2370  33:475  34:427  35:414  36:360  37:260  38:234  39:210  40:195  41:157  42:148  43:129  44:137  45:91  46:113  47:107  48:101  49:86  50:71  51:74  52:68  53:61  54:79  55:76  56:60  57:86  58:122  59:137  60:259  61:339  62:18  63:12  64:12  65:12  66:15  67:15  68:13  69:15  70:7  71:11  72:10  73:21  74:26  75:36  76:15  77:1  78:2  79:2  80:3  81:3  83:1  84:2  85:2  86:1  88:2  89:2  90:2  91:4  92:1  94:2  95:1  96:3  104:1  106:1  107:1  109:1  110:1  116:1  117:3  120:1  121:2  122:1  123:1  124:1  129:1  191:1  257:1  366:1  424:1  508:1
711.401635,7.389305,519.845078
[PASSED]
[time 1.75 s, user 1.63 s, sys 0.11 s, maxrss 163236 KB]
[busy 186 jiffies]
[exit 0]
--- c2 case 0 rec 2   load 2.05 0.99 0.89
[TEST C2-FST]
Processing dataset...
Done!
Building trie...
trie size: 1.626037 MB
trie size: 0.392475 MB
Done!
build time: 750.416314 ms (750.416314 ns per key)
space cost: 7.389305 MB (44.829083% of original size 16.483284 MB)
Querying trie...
Done!
total time: 529.165526 ms, avg latency: 529.165526 ns
topology: 1.316097 MB, link: 1.431170 MB, data: 4.642038 MB
--- Unary Path Analysis (FST, cutoff=4) ---
  shared unary steps in main trie: 971668
  terminal suffixes: inplace=238747 (avg len=2.28)  links=478774 (66.7% of terminal)
  link len: avg=9.52  max=507  total_chars=4557473
  link length distribution (len:count):  4:79167  5:52258  6:44526  7:37562  8:33071  9:28872  10:26062  11:38559  12:20998  13:14985  14:12840  15:11027  16:9190  17:7956  18:6288  19:5522  20:4616  21:3760  22:3224  23:2642  24:2265  25:1817  26:1599  27:3319  28:3490  29:1071  30:1819  31:12530  32:2370  33:475  34:427  35:414  36:360  37:260  38:234  39:210  40:195  41:157  42:148  43:129  44:137  45:91  46:113  47:107  48:101  49:86  50:71  51:74  52:68  53:61  54:79  55:76  56:60  57:86  58:122  59:137  60:259  61:339  62:18  63:12  64:12  65:12  66:15  67:15  68:13  69:15  70:7  71:11  72:10  73:21  74:26  75:36  76:15  77:1  78:2  79:2  80:3  81:3  83:1  84:2  85:2  86:1  88:2  89:2  90:2  91:4  92:1  94:2  95:1  96:3  104:1  106:1  107:1  109:1  110:1  116:1  117:3  120:1  121:2  122:1  123:1  124:1  129:1  191:1  257:1  366:1  424:1  508:1
750.416314,7.389305,529.165526
[PASSED]
[time 1.79 s, user 1.68 s, sys 0.11 s, maxrss 163340 KB]
[busy 187 jiffies]
[exit 0]
--- c2 case 1 rec 0   load 1.97 0.99 0.89
[TEST C2-CoCo(LOUDS-Sparse)]
Processing dataset...
Done!
Building trie...
Done!
build time: 2135.880775 ms (2135.880775 ns per key)
space cost: 8.350286 MB (50.659118% of original size 16.483284 MB)
Querying trie...
Done!
total time: 568.045922 ms, avg latency: 568.045922 ns
topology: 0.418800 MB, link: 2.233477 MB, data: 5.698009 MB
2135.880775,8.350286,568.045922
[PASSED]
[time 3.22 s, user 3.02 s, sys 0.18 s, maxrss 335916 KB]
[busy 332 jiffies]
[exit 0]
--- c2 case 1 rec 1   load 1.89 0.99 0.89
[TEST C2-CoCo(LOUDS-Sparse)]
Processing dataset...
Done!
Building trie...
trie size: 1.626037 MB
Done!
build time: 2253.200241 ms (2253.200241 ns per key)
space cost: 7.511661 MB (45.571388% of original size 16.483284 MB)
Querying trie...
Done!
total time: 626.278403 ms, avg latency: 626.278403 ns
topology: 0.599392 MB, link: 2.257739 MB, data: 4.654530 MB
2253.200241,7.511661,626.278403
[PASSED]
[time 3.39 s, user 3.20 s, sys 0.17 s, maxrss 336036 KB]
[busy 356 jiffies]
[exit 0]
--- c2 case 1 rec 2   load 1.74 0.97 0.89
[TEST C2-CoCo(LOUDS-Sparse)]
Processing dataset...
Done!
Building trie...
trie size: 1.626037 MB
trie size: 0.392475 MB
Done!
build time: 2301.280209 ms (2301.280209 ns per key)
space cost: 7.511661 MB (45.571388% of original size 16.483284 MB)
Querying trie...
Done!
total time: 629.971985 ms, avg latency: 629.971985 ns
topology: 0.599392 MB, link: 2.257739 MB, data: 4.654530 MB
2301.280209,7.511661,629.971985
[PASSED]
[time 3.46 s, user 3.25 s, sys 0.19 s, maxrss 335884 KB]
[busy 361 jiffies]
[exit 0]
--- c2 case 2 rec 0   load 1.60 0.96 0.88
[TEST C2-MARISA]
Processing dataset...
Done!
Building trie...
trie size: 2.268721 MB
Done!
build time: 651.636976 ms (651.636976 ns per key)
space cost: 7.402753 MB (44.910668% of original size 16.483284 MB)
Querying trie...
Done!
total time: 333.976040 ms, avg latency: 333.976040 ns
topology: 0.751392 MB, link: 2.163248 MB, data: 4.467605 MB
--- Unary Path Analysis (Marisa, cutoff=3) ---
  branches: 1404624  |  single-char: 479529 (34.1%)  short-unary: 101093 (7.2%)  links: 824002 (58.7%)
  link len: avg=8.83  max=511  total_chars=7275589
  link length distribution (len:count):  3:96296  4:151575  5:100673  6:68854  7:57858  8:46664  9:40166  10:34974  11:30498  12:41963  13:23674  14:17279  15:14913  16:12650  17:10496  18:9162  19:7137  20:6187  21:5166  22:4219  23:3575  24:2970  25:2515  26:2033  27:1786  28:3448  29:3574  30:1146  31:1929  32:12598  33:2418  34:520  35:464  36:440  37:386  38:271  39:250  40:221  41:206  42:160  43:154  44:139  45:143  46:95  47:113  48:108  49:103  50:87  51:72  52:78  53:68  54:62  55:80  56:76  57:60  58:86  59:123  60:137  61:260  62:340  63:18  64:12  65:14  66:12  67:15  68:15  69:13  70:15  71:7  72:12  73:10  74:22  75:26  76:36  77:15  78:1  79:2  80:2  81:3  82:3  83:1  84:2  85:2  86:2  87:2  89:2  90:2  91:2  92:4  93:1  95:2  96:1  97:3  105:1  107:1  108:1  110:1  111:1  117:1  118:3  121:1  122:2  123:1  124:1  125:1  130:1  136:1  137:1  192:1  258:1  337:1  367:1  425:1  509:1  511:1
  short unary avg len: 2.00
651.636976,7.402753,333.976040
[PASSED]
[time 1.49 s, user 1.35 s, sys 0.13 s, maxrss 204596 KB]
[busy 155 jiffies]
[exit 0]
--- c2 case 2 rec 1   load 1.60 0.96 0.88
[TEST C2-MARISA]
Processing dataset...
Done!
Building trie...
trie size: 2.268721 MB
trie size: 2.569425 MB
Done!
build time: 813.465147 ms (813.465147 ns per key)
space cost: 6.231204 MB (37.803171% of original size 16.483284 MB)
Querying trie...
Done!
total time: 427.351753 ms, avg latency: 427.351753 ns
topology: 0.985817 MB, link: 2.134608 MB, data: 3.090271 MB
--- Unary Path Analysis (Marisa, cutoff=3) ---
  branches: 1404624  |  single-char: 479529 (34.1%)  short-unary: 101093 (7.2%)  links: 824002 (58.7%)
  link len: avg=8.83  max=511  total_chars=7275589
  link length distribution (len:count):  3:96296  4:151575  5:100673  6:68854  7:57858  8:46664  9:40166  10:34974  11:30498  12:41963  13:23674  14:17279  15:14913  16:12650  17:10496  18:9162  19:7137  20:6187  21:5166  22:4219  23:3575  24:2970  25:2515  26:2033  27:1786  28:3448  29:3574  30:1146  31:1929  32:12598  33:2418  34:520  35:464  36:440  37:386  38:271  39:250  40:221  41:206  42:160  43:154  44:139  45:143  46:95  47:113  48:108  49:103  50:87  51:72  52:78  53:68  54:62  55:80  56:76  57:60  58:86  59:123  60:137  61:260  62:340  63:18  64:12  65:14  66:12  67:15  68:15  69:13  70:15  71:7  72:12  73:10  74:22  75:26  76:36  77:15  78:1  79:2  80:2  81:3  82:3  83:1  84:2  85:2  86:2  87:2  89:2  90:2  91:2  92:4  93:1  95:2  96:1  97:3  105:1  107:1  108:1  110:1  111:1  117:1  118:3  121:1  122:2  123:1  124:1  125:1  130:1  136:1  137:1  192:1  258:1  337:1  367:1  425:1  509:1  511:1
  short unary avg len: 2.00
813.465147,6.231204,427.351753
[PASSED]
[time 1.75 s, user 1.60 s, sys 0.13 s, maxrss 204516 KB]
[busy 186 jiffies]
[exit 0]
--- c2 case 2 rec 2   load 1.47 0.94 0.88
[TEST C2-MARISA]
Processing dataset...
Done!
Building trie...
trie size: 2.268721 MB
trie size: 2.569425 MB
trie size: 0.468599 MB
Done!
build time: 857.044707 ms (857.044707 ns per key)
space cost: 6.231204 MB (37.803171% of original size 16.483284 MB)
Querying trie...
Done!
total time: 442.432428 ms, avg latency: 442.432428 ns
topology: 0.985817 MB, link: 2.134608 MB, data: 3.090271 MB
--- Unary Path Analysis (Marisa, cutoff=3) ---
  branches: 1404624  |  single-char: 479529 (34.1%)  short-unary: 101093 (7.2%)  links: 824002 (58.7%)
  link len: avg=8.83  max=511  total_chars=7275589
  link length distribution (len:count):  3:96296  4:151575  5:100673  6:68854  7:57858  8:46664  9:40166  10:34974  11:30498  12:41963  13:23674  14:17279  15:14913  16:12650  17:10496  18:9162  19:7137  20:6187  21:5166  22:4219  23:3575  24:2970  25:2515  26:2033  27:1786  28:3448  29:3574  30:1146  31:1929  32:12598  33:2418  34:520  35:464  36:440  37:386  38:271  39:250  40:221  41:206  42:160  43:154  44:139  45:143  46:95  47:113  48:108  49:103  50:87  51:72  52:78  53:68  54:62  55:80  56:76  57:60  58:86  59:123  60:137  61:260  62:340  63:18  64:12  65:14  66:12  67:15  68:15  69:13  70:15  71:7  72:12  73:10  74:22  75:26  76:36  77:15  78:1  79:2  80:2  81:3  82:3  83:1  84:2  85:2  86:2  87:2  89:2  90:2  91:2  92:4  93:1  95:2  96:1  97:3  105:1  107:1  108:1  110:1  111:1  117:1  118:3  121:1  122:2  123:1  124:1  125:1  130:1  136:1  137:1  192:1  258:1  337:1  367:1  425:1  509:1  511:1
  short unary avg len: 2.00
857.044707,6.231204,442.432428
[PASSED]
[time 1.82 s, user 1.68 s, sys 0.13 s, maxrss 204840 KB]
[busy 192 jiffies]
[exit 0]
--- c2 case 3 rec 0   load 1.47 0.94 0.88
[TEST FST]
Processing dataset...
Done!
Building trie...
Done!
build time: 669.346501 ms (669.346501 ns per key)
space cost: 8.563316 MB (51.951519% of original size 16.483284 MB)
Querying trie...
Done!
total time: 736.843614 ms, avg latency: 736.843614 ns
not implemented
669.346501,8.563316,736.843614
[PASSED]
[time 1.92 s, user 1.83 s, sys 0.08 s, maxrss 114684 KB]
[busy 201 jiffies]
[exit 0]
--- c2 case 4 rec 0   load 1.43 0.94 0.88
[TEST COCO]
Processing dataset...
Done!
Building trie...
num nodes = 412937, average depth = 8.208172
ef = 0.000455, pa = 0.242352, bv = 0.003325, de = 0.563989
efr = 0.002477, par = 0.125714, bvr = 0.000545, der = 0.061142
Done!
build time: 14250.653645 ms (14250.653645 ns per key)
space cost: 9.974920 MB (60.515370% of original size 16.483284 MB)
Querying trie...
Done!
total time: 527.982832 ms, avg latency: 527.982832 ns
not implemented
14250.653645,9.974920,527.982832
[PASSED]
[time 15.95 s, user 12.36 s, sys 3.53 s, maxrss 7730756 KB]
[busy 1637 jiffies]
[exit 0]
--- c2 case 5 rec 0   load 1.34 0.94 0.88
[TEST MARISA]
Processing dataset...
Done!
Building trie...
Done!
build time: 468.312250 ms (468.312250 ns per key)
space cost: 7.279773 MB (44.164578% of original size 16.483284 MB)
Querying trie...
Done!
total time: 462.437658 ms, avg latency: 462.437658 ns
not implemented
468.312250,7.279773,462.437658
[PASSED]
[time 1.44 s, user 1.34 s, sys 0.10 s, maxrss 157976 KB]
[busy 152 jiffies]
[exit 0]
--- c2 case 5 rec 1   load 1.23 0.93 0.88
[TEST MARISA]
Processing dataset...
Done!
Building trie...
Done!
build time: 544.326241 ms (544.326241 ns per key)
space cost: 5.655286 MB (34.309218% of original size 16.483284 MB)
Querying trie...
Done!
total time: 663.135597 ms, avg latency: 663.135597 ns
not implemented
544.326241,5.655286,663.135597
[PASSED]
[time 1.71 s, user 1.61 s, sys 0.08 s, maxrss 157992 KB]
[busy 183 jiffies]
[exit 0]
--- c2 case 5 rec 2   load 1.23 0.93 0.88
[TEST MARISA]
Processing dataset...
Done!
Building trie...
Done!
build time: 564.217578 ms (564.217578 ns per key)
space cost: 5.354378 MB (32.483683% of original size 16.483284 MB)
Querying trie...
Done!
total time: 722.473525 ms, avg latency: 722.473525 ns
not implemented
564.217578,5.354378,722.473525
[PASSED]
[time 1.81 s, user 1.69 s, sys 0.11 s, maxrss 165788 KB]
[busy 190 jiffies]
[exit 0]
--- c2 case 6 rec 0   load 1.21 0.93 0.88
[TEST PDT]
Processing dataset...
Done!
Building trie...
dict size: 158636, stream size: 5032831
Done!
build time: 2562.186942 ms (2562.186942 ns per key)
space cost: 6.227028 MB (37.777835% of original size 16.483284 MB)
Querying trie...
Done!
total time: 582.408267 ms, avg latency: 582.408267 ns
not implemented
2562.186942,6.227028,582.408267
[PASSED]
[time 3.64 s, user 3.53 s, sys 0.09 s, maxrss 168252 KB]
[busy 381 jiffies]
[exit 0]
--- c2 case 7 rec 0   load 1.11 0.91 0.87
[TEST ART]
Processing dataset...
Done!
Building trie...
Done!
build time: 149.618644 ms (149.618644 ns per key)
space cost: 32.931778 MB (199.788937% of original size 16.483284 MB)
Querying trie...
Done!
total time: 401.030411 ms, avg latency: 401.030411 ns
not implemented
149.618644,32.931778,401.030411
[PASSED]
[time 1.07 s, user 0.97 s, sys 0.09 s, maxrss 160696 KB]
[busy 114 jiffies]
[exit 0]
--- c2 case 8 rec 0   load 1.11 0.91 0.87
[TEST CART]
Processing dataset...
Done!
Building trie...
Done!
build time: 199.784001 ms (199.784001 ns per key)
space cost: 15.673315 MB (95.086119% of original size 16.483284 MB)
Querying trie...
Done!
total time: 467.529618 ms, avg latency: 467.529618 ns
not implemented
199.784001,15.673315,467.529618
[PASSED]
[time 1.19 s, user 1.10 s, sys 0.08 s, maxrss 149148 KB]
[busy 125 jiffies]
[exit 0]
--- xcdat 7   load 1.02 0.90 0.87
build time: 501.582613 ms
space cost: 11.013126 MiB (66.813909% of original size 16.483284 MiB)
avg latency: 224.479357 ns
501.582613,11.013126,224.479357
[time 1.26 s, user 1.14 s, sys 0.10 s, maxrss 179964 KB]
[busy 132 jiffies]
[exit 0]
--- xcdat 8   load 1.02 0.90 0.87
build time: 463.244505 ms
space cost: 10.584354 MiB (64.212656% of original size 16.483284 MiB)
avg latency: 209.274028 ns
463.244505,10.584354,209.274028
[time 1.20 s, user 1.07 s, sys 0.12 s, maxrss 179884 KB]
[busy 128 jiffies]
[exit 0]
--- xcdat 15   load 1.02 0.90 0.87
build time: 492.357413 ms
space cost: 13.141485 MiB (79.726135% of original size 16.483284 MiB)
avg latency: 197.354274 ns
492.357413,13.141485,197.354274
[time 1.21 s, user 1.09 s, sys 0.11 s, maxrss 180056 KB]
[busy 129 jiffies]
[exit 0]
--- xcdat 16   load 1.02 0.90 0.87
build time: 464.529550 ms
space cost: 13.736038 MiB (83.333140% of original size 16.483284 MiB)
avg latency: 210.614708 ns
464.529550,13.736038,210.614708
[time 1.21 s, user 1.08 s, sys 0.13 s, maxrss 179616 KB]
[busy 129 jiffies]
[exit 0]

##### numeric-1000000 (1000000 lines, 6888890 bytes)   round 3/3   2026-09-24T03:48:07+03:00
--- lexindex dict32   load 1.02 0.90 0.87
1000000 keys
lexindex DictIndex block 32: build 69 ms, size 1.160 MiB (1.216 B/key), latency cold 252.0 ns, then mean 250.6 / min 250.3 ns
69.412,1.159871,251.954
[time 1.49 s, user 1.73 s, sys 0.15 s, maxrss 135236 KB]
[busy 201 jiffies]
[exit 0]
--- lexindex dict256   load 1.02 0.90 0.87
1000000 keys
lexindex DictIndex block 256: build 71 ms, size 0.964 MiB (1.011 B/key), latency cold 271.2 ns, then mean 271.0 / min 270.6 ns
70.695,0.964076,271.201
[time 1.57 s, user 1.81 s, sys 0.15 s, maxrss 138444 KB]
[busy 216 jiffies]
[exit 0]
--- lexindex dict1024   load 1.02 0.90 0.87
1000000 keys
lexindex DictIndex block 1024: build 69 ms, size 0.875 MiB (0.918 B/key), latency cold 295.4 ns, then mean 296.2 / min 296.1 ns
68.528,0.875449,295.437
[time 1.67 s, user 1.75 s, sys 0.12 s, maxrss 126024 KB]
[busy 201 jiffies]
[exit 0]
--- lexindex string   load 1.02 0.90 0.87
1000000 keys
lexindex StringIndex: build 150 ms, size 0.000 MiB (0.000 B/key), latency cold 83.5 ns, then mean 83.7 / min 83.6 ns
150.212,0.000287,83.464
[time 0.88 s, user 0.81 s, sys 0.06 s, maxrss 114948 KB]
[busy 98 jiffies]
[exit 0]
--- lexindex hashed0   load 1.02 0.90 0.87
1000000 keys
lexindex HashedDictIndex closed: build 152 ms, size 3.578 MiB (3.752 B/key), latency cold 13.1 ns, then mean 12.0 / min 12.0 ns
152.123,3.577960,13.069
[time 0.60 s, user 0.86 s, sys 0.17 s, maxrss 153652 KB]
[busy 115 jiffies]
[exit 0]
--- lexindex hashed8   load 0.94 0.89 0.87
1000000 keys
lexindex HashedDictIndex fp=8: build 150 ms, size 4.532 MiB (4.752 B/key), latency cold 17.8 ns, then mean 16.1 / min 16.0 ns
150.040,4.531634,17.779
[time 0.62 s, user 0.87 s, sys 0.17 s, maxrss 153964 KB]
[busy 116 jiffies]
[exit 0]
--- lexindex hashed16   load 0.94 0.89 0.87
1000000 keys
lexindex HashedDictIndex fp=16: build 153 ms, size 5.485 MiB (5.752 B/key), latency cold 18.6 ns, then mean 16.1 / min 16.0 ns
152.699,5.485309,18.574
[time 0.63 s, user 0.90 s, sys 0.16 s, maxrss 148832 KB]
[busy 120 jiffies]
[exit 0]
--- c2 case 0 rec 0   skipped: exit 139 in round 1
--- c2 case 0 rec 1   skipped: exit 139 in round 1
--- c2 case 0 rec 2   skipped: exit 139 in round 1
--- c2 case 1 rec 0   skipped: exit 139 in round 1
--- c2 case 1 rec 1   skipped: exit 139 in round 1
--- c2 case 1 rec 2   skipped: exit 139 in round 1
--- c2 case 2 rec 0   skipped: exit 139 in round 1
--- c2 case 2 rec 1   skipped: exit 139 in round 1
--- c2 case 2 rec 2   skipped: exit 139 in round 1
--- c2 case 3 rec 0   load 0.94 0.89 0.87
[TEST FST]
Processing dataset...
Done!
Building trie...
Done!
build time: 220.797036 ms (220.797036 ns per key)
space cost: 1.445107 MB (25.731589% of original size 5.616083 MB)
Querying trie...
Done!
total time: 247.137954 ms, avg latency: 247.137954 ns
not implemented
220.797036,1.445107,247.137954
[PASSED]
[time 0.79 s, user 0.73 s, sys 0.05 s, maxrss 73912 KB]
[busy 86 jiffies]
[exit 0]
--- c2 case 4 rec 0   load 0.86 0.87 0.86
[TEST COCO]
Processing dataset...
Done!
Building trie...
num nodes = 9001, average depth = 1.000222
ef = 0.000000, pa = 0.000000, bv = 0.000111, de = 0.999889
efr = 0.000000, par = 0.000000, bvr = 0.000000, der = 0.000000
Done!
build time: 688.657857 ms (688.657857 ns per key)
space cost: 0.497188 MB (8.852927% of original size 5.616083 MB)
Querying trie...
Done!
total time: 235.163448 ms, avg latency: 235.163448 ns
not implemented
688.657857,0.497188,235.163448
[PASSED]
[time 1.28 s, user 1.04 s, sys 0.23 s, maxrss 494876 KB]
[busy 137 jiffies]
[exit 0]
--- c2 case 5 rec 0   load 0.86 0.87 0.86
[TEST MARISA]
Processing dataset...
Done!
Building trie...
Done!
build time: 143.443708 ms (143.443708 ns per key)
space cost: 1.565816 MB (27.880925% of original size 5.616083 MB)
Querying trie...
Done!
total time: 185.813023 ms, avg latency: 185.813023 ns
not implemented
143.443708,1.565816,185.813023
[PASSED]
[time 0.67 s, user 0.59 s, sys 0.07 s, maxrss 108436 KB]
[busy 73 jiffies]
[exit 0]
--- c2 case 5 rec 1   load 0.86 0.87 0.86
[TEST MARISA]
Processing dataset...
Done!
Building trie...
Done!
build time: 144.159323 ms (144.159323 ns per key)
space cost: 1.565816 MB (27.880925% of original size 5.616083 MB)
Querying trie...
Done!
total time: 185.473524 ms, avg latency: 185.473524 ns
not implemented
144.159323,1.565816,185.473524
[PASSED]
[time 0.67 s, user 0.59 s, sys 0.07 s, maxrss 108260 KB]
[busy 74 jiffies]
[exit 0]
--- c2 case 5 rec 2   load 0.87 0.88 0.86
[TEST MARISA]
Processing dataset...
Done!
Building trie...
Done!
build time: 145.844040 ms (145.844040 ns per key)
space cost: 1.565816 MB (27.880925% of original size 5.616083 MB)
Querying trie...
Done!
total time: 189.132311 ms, avg latency: 189.132311 ns
not implemented
145.844040,1.565816,189.132311
[PASSED]
[time 0.66 s, user 0.59 s, sys 0.07 s, maxrss 108160 KB]
[busy 74 jiffies]
[exit 0]
--- c2 case 6 rec 0   load 0.87 0.88 0.86
[TEST PDT]
Processing dataset...
Done!
Building trie...
dict size: 92, stream size: 296698
Done!
build time: 108.843185 ms (108.843185 ns per key)
space cost: 1.559100 MB (27.761344% of original size 5.616083 MB)
Querying trie...
Done!
total time: 391.077154 ms, avg latency: 391.077154 ns
not implemented
108.843185,1.559100,391.077154
[PASSED]
[time 0.82 s, user 0.77 s, sys 0.05 s, maxrss 90200 KB]
[busy 92 jiffies]
[exit 0]
--- c2 case 7 rec 0   load 0.87 0.88 0.86
[TEST ART]
Processing dataset...
Done!
Building trie...
Done!
build time: 55.064015 ms (55.064015 ns per key)
space cost: 20.065308 MB (357.282951% of original size 5.616083 MB)
Querying trie...
Done!
total time: 78.018910 ms, avg latency: 78.018910 ns
not implemented
55.064015,20.065308,78.018910
[PASSED]
[time 0.48 s, user 0.42 s, sys 0.05 s, maxrss 103388 KB]
[busy 54 jiffies]
[exit 0]
--- c2 case 8 rec 0   load 0.88 0.88 0.86
[TEST CART]
Processing dataset...
Done!
Building trie...
Done!
build time: 71.040894 ms (71.040894 ns per key)
space cost: 11.262885 MB (200.546979% of original size 5.616083 MB)
Querying trie...
Done!
total time: 91.016388 ms, avg latency: 91.016388 ns
not implemented
71.040894,11.262885,91.016388
[PASSED]
[time 0.48 s, user 0.42 s, sys 0.06 s, maxrss 104712 KB]
[busy 55 jiffies]
[exit 0]
--- xcdat 7   load 0.88 0.88 0.86
build time: 280.825552 ms
space cost: 5.285287 MiB (94.109841% of original size 5.616083 MiB)
avg latency: 84.439287 ns
280.825552,5.285287,84.439287
[time 0.69 s, user 0.63 s, sys 0.05 s, maxrss 90464 KB]
[busy 75 jiffies]
[exit 0]
--- xcdat 8   load 0.88 0.88 0.86
build time: 184.780111 ms
space cost: 4.607934 MiB (82.048892% of original size 5.616083 MiB)
avg latency: 95.059027 ns
184.780111,4.607934,95.059027
[time 0.61 s, user 0.54 s, sys 0.06 s, maxrss 90248 KB]
[busy 71 jiffies]
[exit 0]
--- xcdat 15   load 0.89 0.88 0.86
build time: 208.976779 ms
space cost: 6.727912 MiB (119.797228% of original size 5.616083 MiB)
avg latency: 55.116483 ns
208.976779,6.727912,55.116483
[time 0.59 s, user 0.51 s, sys 0.07 s, maxrss 90176 KB]
[busy 66 jiffies]
[exit 0]
--- xcdat 16   load 0.89 0.88 0.86
build time: 183.967844 ms
space cost: 7.181439 MiB (127.872740% of original size 5.616083 MiB)
avg latency: 69.054891 ns
183.967844,7.181439,69.054891
[time 0.59 s, user 0.53 s, sys 0.05 s, maxrss 90228 KB]
[busy 63 jiffies]
[exit 0]

##### opaque-1000000 (1000000 lines, 17000000 bytes)   round 3/3   2026-09-24T03:48:42+03:00
--- lexindex dict32   load 0.89 0.88 0.86
1000000 keys
lexindex DictIndex block 32: build 120 ms, size 10.145 MiB (10.638 B/key), latency cold 340.2 ns, then mean 335.7 / min 335.1 ns
119.907,10.144960,340.210
[time 1.90 s, user 2.52 s, sys 0.24 s, maxrss 170792 KB]
[busy 296 jiffies]
[exit 0]
--- lexindex dict256   load 0.90 0.88 0.86
1000000 keys
lexindex DictIndex block 256: build 124 ms, size 9.917 MiB (10.399 B/key), latency cold 352.3 ns, then mean 349.1 / min 346.5 ns
124.390,9.916968,352.277
[time 1.98 s, user 2.59 s, sys 0.25 s, maxrss 172292 KB]
[busy 303 jiffies]
[exit 0]
--- lexindex dict1024   load 0.83 0.87 0.86
1000000 keys
lexindex DictIndex block 1024: build 125 ms, size 9.814 MiB (10.291 B/key), latency cold 393.6 ns, then mean 396.0 / min 392.0 ns
125.106,9.813874,393.643
[time 2.15 s, user 2.47 s, sys 0.18 s, maxrss 151576 KB]
[busy 289 jiffies]
[exit 0]
--- lexindex string   load 0.83 0.87 0.86
1000000 keys
lexindex StringIndex: build 1072 ms, size 20.443 MiB (21.436 B/key), latency cold 282.9 ns, then mean 281.0 / min 279.5 ns
1071.681,20.442799,282.903
[time 2.62 s, user 2.52 s, sys 0.08 s, maxrss 152800 KB]
[busy 277 jiffies]
[exit 0]
--- lexindex hashed0   load 0.84 0.87 0.86
1000000 keys
lexindex HashedDictIndex closed: build 210 ms, size 12.530 MiB (13.139 B/key), latency cold 49.5 ns, then mean 45.8 / min 45.8 ns
210.104,12.530238,49.464
[time 0.82 s, user 1.48 s, sys 0.25 s, maxrss 170444 KB]
[busy 190 jiffies]
[exit 0]
--- lexindex hashed8   load 0.84 0.87 0.86
1000000 keys
lexindex HashedDictIndex fp=8: build 212 ms, size 13.484 MiB (14.139 B/key), latency cold 56.9 ns, then mean 56.3 / min 55.9 ns
212.376,13.483912,56.894
[time 0.87 s, user 1.53 s, sys 0.26 s, maxrss 167104 KB]
[busy 198 jiffies]
[exit 0]
--- lexindex hashed16   load 0.78 0.86 0.86
1000000 keys
lexindex HashedDictIndex fp=16: build 216 ms, size 14.438 MiB (15.139 B/key), latency cold 59.8 ns, then mean 58.6 / min 58.4 ns
216.351,14.437587,59.780
[time 0.88 s, user 1.52 s, sys 0.25 s, maxrss 168860 KB]
[busy 196 jiffies]
[exit 0]
--- c2 case 0 rec 0   load 0.78 0.86 0.86
[TEST C2-FST]
Processing dataset...
Done!
Building trie...
Done!
build time: 1068.714788 ms (1068.714788 ns per key)
space cost: 16.922257 MB (110.901706% of original size 15.258789 MB)
Querying trie...
Done!
total time: 394.908084 ms, avg latency: 394.908084 ns
topology: 0.743332 MB, link: 3.012292 MB, data: 13.166634 MB
--- Unary Path Analysis (FST, cutoff=4) ---
  shared unary steps in main trie: 1041
  terminal suffixes: inplace=0 (avg len=0.00)  links=1000000 (100.0% of terminal)
  link len: avg=10.96  max=12  total_chars=10963783
  link length distribution (len:count):  9:6  10:856  11:56569  12:920487  13:22082
1068.714788,16.922257,394.908084
[PASSED]
[time 2.10 s, user 1.94 s, sys 0.14 s, maxrss 250112 KB]
[busy 217 jiffies]
[exit 0]
--- c2 case 0 rec 1   load 0.71 0.84 0.85
[TEST C2-FST]
Processing dataset...
Done!
Building trie...
trie size: 4.316751 MB
Done!
build time: 1954.574884 ms (1954.574884 ns per key)
space cost: 16.922257 MB (110.901706% of original size 15.258789 MB)
Querying trie...
Done!
total time: 399.997369 ms, avg latency: 399.997369 ns
topology: 0.743332 MB, link: 3.012292 MB, data: 13.166634 MB
--- Unary Path Analysis (FST, cutoff=4) ---
  shared unary steps in main trie: 1041
  terminal suffixes: inplace=0 (avg len=0.00)  links=1000000 (100.0% of terminal)
  link len: avg=10.96  max=12  total_chars=10963783
  link length distribution (len:count):  9:6  10:856  11:56569  12:920487  13:22082
1954.574884,16.922257,399.997369
[PASSED]
[time 3.00 s, user 2.77 s, sys 0.22 s, maxrss 311212 KB]
[busy 316 jiffies]
[exit 0]
--- c2 case 0 rec 2   load 0.71 0.84 0.85
[TEST C2-FST]
Processing dataset...
Done!
Building trie...
trie size: 4.316751 MB
Done!
build time: 1966.634711 ms (1966.634711 ns per key)
space cost: 16.922257 MB (110.901706% of original size 15.258789 MB)
Querying trie...
Done!
total time: 402.435562 ms, avg latency: 402.435562 ns
topology: 0.743332 MB, link: 3.012292 MB, data: 13.166634 MB
--- Unary Path Analysis (FST, cutoff=4) ---
  shared unary steps in main trie: 1041
  terminal suffixes: inplace=0 (avg len=0.00)  links=1000000 (100.0% of terminal)
  link len: avg=10.96  max=12  total_chars=10963783
  link length distribution (len:count):  9:6  10:856  11:56569  12:920487  13:22082
1966.634711,16.922257,402.435562
[PASSED]
[time 3.01 s, user 2.78 s, sys 0.21 s, maxrss 311388 KB]
[busy 314 jiffies]
[exit 0]
--- c2 case 1 rec 0   load 0.74 0.84 0.85
[TEST C2-CoCo(LOUDS-Sparse)]
Processing dataset...
Done!
Building trie...
Done!
build time: 1344.629419 ms (1344.629419 ns per key)
space cost: 16.089285 MB (105.442735% of original size 15.258789 MB)
Querying trie...
Done!
total time: 524.780324 ms, avg latency: 524.780324 ns
topology: 0.346626 MB, link: 3.175570 MB, data: 12.567089 MB
1344.629419,16.089285,524.780324
[PASSED]
[time 2.53 s, user 2.33 s, sys 0.18 s, maxrss 357392 KB]
[busy 260 jiffies]
[exit 0]
--- c2 case 1 rec 1   load 0.76 0.85 0.85
[TEST C2-CoCo(LOUDS-Sparse)]
Processing dataset...
Done!
Building trie...
trie size: 4.316751 MB
Done!
build time: 2207.073473 ms (2207.073473 ns per key)
space cost: 16.089285 MB (105.442735% of original size 15.258789 MB)
Querying trie...
Done!
total time: 526.142594 ms, avg latency: 526.142594 ns
topology: 0.346626 MB, link: 3.175570 MB, data: 12.567089 MB
2207.073473,16.089285,526.142594
[PASSED]
[time 3.38 s, user 3.14 s, sys 0.22 s, maxrss 418932 KB]
[busy 350 jiffies]
[exit 0]
--- c2 case 1 rec 2   load 0.78 0.85 0.85
[TEST C2-CoCo(LOUDS-Sparse)]
Processing dataset...
Done!
Building trie...
trie size: 4.316751 MB
Done!
build time: 2201.203450 ms (2201.203450 ns per key)
space cost: 16.089285 MB (105.442735% of original size 15.258789 MB)
Querying trie...
Done!
total time: 526.756979 ms, avg latency: 526.756979 ns
topology: 0.346626 MB, link: 3.175570 MB, data: 12.567089 MB
2201.203450,16.089285,526.756979
[PASSED]
[time 3.39 s, user 3.13 s, sys 0.23 s, maxrss 418840 KB]
[busy 347 jiffies]
[exit 0]
--- c2 case 2 rec 0   load 0.80 0.85 0.85
[TEST C2-MARISA]
Processing dataset...
Done!
Building trie...
trie size: 1.836515 MB
Done!
build time: 964.542221 ms (964.542221 ns per key)
space cost: 16.609414 MB (108.851456% of original size 15.258789 MB)
Querying trie...
Done!
total time: 324.058420 ms, avg latency: 324.058420 ns
topology: 0.607349 MB, link: 2.863268 MB, data: 13.118289 MB
--- Unary Path Analysis (Marisa, cutoff=3) ---
  branches: 1267337  |  single-char: 266306 (21.0%)  short-unary: 1021 (0.1%)  links: 1000010 (78.9%)
  link len: avg=12.96  max=14  total_chars=12963813
  link length distribution (len:count):  3:10  10:6  11:856  12:56569  13:920487  14:22082
  short unary avg len: 2.00
964.542221,16.609414,324.058420
[PASSED]
[time 1.94 s, user 1.79 s, sys 0.13 s, maxrss 236916 KB]
[busy 204 jiffies]
[exit 0]
--- c2 case 2 rec 1   load 0.80 0.85 0.85
[TEST C2-MARISA]
Processing dataset...
Done!
Building trie...
trie size: 1.836515 MB
trie size: 4.316792 MB
Done!
build time: 2011.789240 ms (2011.789240 ns per key)
space cost: 16.609414 MB (108.851456% of original size 15.258789 MB)
Querying trie...
Done!
total time: 325.847882 ms, avg latency: 325.847882 ns
topology: 0.607349 MB, link: 2.863268 MB, data: 13.118289 MB
--- Unary Path Analysis (Marisa, cutoff=3) ---
  branches: 1267337  |  single-char: 266306 (21.0%)  short-unary: 1021 (0.1%)  links: 1000010 (78.9%)
  link len: avg=12.96  max=14  total_chars=12963813
  link length distribution (len:count):  3:10  10:6  11:856  12:56569  13:920487  14:22082
  short unary avg len: 2.00
2011.789240,16.609414,325.847882
[PASSED]
[time 2.98 s, user 2.76 s, sys 0.19 s, maxrss 283716 KB]
[busy 310 jiffies]
[exit 0]
--- c2 case 2 rec 2   load 0.81 0.86 0.86
[TEST C2-MARISA]
Processing dataset...
Done!
Building trie...
trie size: 1.836515 MB
trie size: 4.316792 MB
Done!
build time: 1981.970866 ms (1981.970866 ns per key)
space cost: 16.609414 MB (108.851456% of original size 15.258789 MB)
Querying trie...
Done!
total time: 322.100789 ms, avg latency: 322.100789 ns
topology: 0.607349 MB, link: 2.863268 MB, data: 13.118289 MB
--- Unary Path Analysis (Marisa, cutoff=3) ---
  branches: 1267337  |  single-char: 266306 (21.0%)  short-unary: 1021 (0.1%)  links: 1000010 (78.9%)
  link len: avg=12.96  max=14  total_chars=12963813
  link length distribution (len:count):  3:10  10:6  11:856  12:56569  13:920487  14:22082
  short unary avg len: 2.00
1981.970866,16.609414,322.100789
[PASSED]
[time 2.94 s, user 2.74 s, sys 0.18 s, maxrss 283832 KB]
[busy 303 jiffies]
[exit 0]
--- c2 case 3 rec 0   load 0.83 0.86 0.86
[TEST FST]
Processing dataset...
Done!
Building trie...
Done!
build time: 655.172490 ms (655.172490 ns per key)
space cost: 16.760878 MB (109.844088% of original size 15.258789 MB)
Querying trie...
Done!
total time: 339.942214 ms, avg latency: 339.942214 ns
not implemented
655.172490,16.760878,339.942214
[PASSED]
[time 1.64 s, user 1.55 s, sys 0.08 s, maxrss 146804 KB]
[busy 176 jiffies]
[exit 0]
--- c2 case 4 rec 0   load 0.83 0.86 0.86
[TEST COCO]
Processing dataset...
Done!
Building trie...
num nodes = 4097, average depth = 12.997071
ef = 0.000000, pa = 0.000000, bv = 0.000000, de = 0.000000
efr = 0.000000, par = 0.999756, bvr = 0.000244, der = 0.000000
Done!
build time: 17318.488320 ms (17318.488320 ns per key)
space cost: 10.595579 MB (69.439184% of original size 15.258789 MB)
Querying trie...
Done!
total time: 464.180303 ms, avg latency: 464.180303 ns
not implemented
17318.488320,10.595579,464.180303
[PASSED]
[time 19.35 s, user 14.31 s, sys 4.96 s, maxrss 11388940 KB]
[busy 1988 jiffies]
[exit 0]
--- c2 case 5 rec 0   load 0.81 0.85 0.86
[TEST MARISA]
Processing dataset...
Done!
Building trie...
Done!
build time: 469.132601 ms (469.132601 ns per key)
space cost: 17.200768 MB (112.726950% of original size 15.258789 MB)
Querying trie...
Done!
total time: 452.503987 ms, avg latency: 452.503987 ns
not implemented
469.132601,17.200768,452.503987
[PASSED]
[time 1.56 s, user 1.44 s, sys 0.11 s, maxrss 195020 KB]
[busy 165 jiffies]
[exit 0]
--- c2 case 5 rec 1   load 0.81 0.85 0.86
[TEST MARISA]
Processing dataset...
Done!
Building trie...
Done!
build time: 742.538948 ms (742.538948 ns per key)
space cost: 17.634758 MB (115.571150% of original size 15.258789 MB)
Querying trie...
Done!
total time: 689.396706 ms, avg latency: 689.396706 ns
not implemented
742.538948,17.634758,689.396706
[PASSED]
[time 2.07 s, user 1.94 s, sys 0.12 s, maxrss 185264 KB]
[busy 220 jiffies]
[exit 0]
--- c2 case 5 rec 2   load 0.74 0.84 0.85
[TEST MARISA]
Processing dataset...
Done!
Building trie...
Done!
build time: 953.602671 ms (953.602671 ns per key)
space cost: 17.949429 MB (117.633375% of original size 15.258789 MB)
Querying trie...
Done!
total time: 962.003180 ms, avg latency: 962.003180 ns
not implemented
953.602671,17.949429,962.003180
[PASSED]
[time 2.57 s, user 2.41 s, sys 0.14 s, maxrss 225716 KB]
[busy 268 jiffies]
[exit 0]
--- c2 case 6 rec 0   load 0.74 0.84 0.85
[TEST PDT]
Processing dataset...
Done!
Building trie...
dict size: 177882, stream size: 12826382
Done!
build time: 15958.279057 ms (15958.279057 ns per key)
space cost: 13.677892 MB (89.639431% of original size 15.258789 MB)
Querying trie...
Done!
total time: 590.232534 ms, avg latency: 590.232534 ns
not implemented
15958.279057,13.677892,590.232534
[PASSED]
[time 17.20 s, user 16.93 s, sys 0.20 s, maxrss 361092 KB]
[busy 1770 jiffies]
[exit 0]
--- c2 case 7 rec 0   load 0.82 0.85 0.85
[TEST ART]
Processing dataset...
Done!
Building trie...
Done!
build time: 147.551288 ms (147.551288 ns per key)
space cost: 30.301407 MB (198.583300% of original size 15.258789 MB)
Querying trie...
Done!
total time: 181.415066 ms, avg latency: 181.415066 ns
not implemented
147.551288,30.301407,181.415066
[PASSED]
[time 0.99 s, user 0.88 s, sys 0.10 s, maxrss 178872 KB]
[busy 106 jiffies]
[exit 0]
--- c2 case 8 rec 0   load 0.82 0.85 0.85
[TEST CART]
Processing dataset...
Done!
Building trie...
Done!
build time: 167.699898 ms (167.699898 ns per key)
space cost: 11.383729 MB (74.604406% of original size 15.258789 MB)
Querying trie...
Done!
total time: 225.546894 ms, avg latency: 225.546894 ns
not implemented
167.699898,11.383729,225.546894
[PASSED]
[time 1.05 s, user 0.95 s, sys 0.09 s, maxrss 160788 KB]
[busy 112 jiffies]
[exit 0]
--- xcdat 7   load 0.83 0.85 0.86
build time: 665.674088 ms
space cost: 19.932177 MiB (130.627512% of original size 15.258789 MiB)
avg latency: 224.260125 ns
665.674088,19.932177,224.260125
[time 1.57 s, user 1.45 s, sys 0.11 s, maxrss 172848 KB]
[busy 166 jiffies]
[exit 0]
--- xcdat 8   load 0.83 0.85 0.86
build time: 639.071527 ms
space cost: 18.565336 MiB (121.669787% of original size 15.258789 MiB)
avg latency: 210.831025 ns
639.071527,18.565336,210.831025
[time 1.53 s, user 1.41 s, sys 0.11 s, maxrss 180000 KB]
[busy 162 jiffies]
[exit 0]
--- xcdat 15   load 0.84 0.86 0.86
build time: 658.983924 ms
space cost: 19.094490 MiB (125.137650% of original size 15.258789 MiB)
avg latency: 206.380580 ns
658.983924,19.094490,206.380580
[time 1.55 s, user 1.43 s, sys 0.10 s, maxrss 180888 KB]
[busy 165 jiffies]
[exit 0]
--- xcdat 16   load 0.84 0.86 0.86
build time: 634.032306 ms
space cost: 19.227987 MiB (126.012538% of original size 15.258789 MiB)
avg latency: 207.192055 ns
634.032306,19.227987,207.192055
[time 1.51 s, user 1.39 s, sys 0.11 s, maxrss 179804 KB]
[busy 159 jiffies]
[exit 0]

##### paths-1000000 (1000000 lines, 125978312 bytes)   round 3/3   2026-09-24T03:50:40+03:00
--- lexindex dict32   load 0.86 0.86 0.86
1000000 keys
lexindex DictIndex block 32: build 502 ms, size 12.389 MiB (12.991 B/key), latency cold 773.3 ns, then mean 767.1 / min 765.6 ns
502.123,12.389187,773.324
[time 4.38 s, user 6.99 s, sys 0.40 s, maxrss 493800 KB]
[busy 768 jiffies]
[exit 0]
--- lexindex dict256   load 0.87 0.86 0.86
1000000 keys
lexindex DictIndex block 256: build 506 ms, size 9.414 MiB (9.871 B/key), latency cold 800.4 ns, then mean 793.7 / min 790.9 ns
505.778,9.413641,800.418
[time 4.50 s, user 7.26 s, sys 0.38 s, maxrss 493136 KB]
[busy 795 jiffies]
[exit 0]
--- lexindex dict1024   load 0.88 0.86 0.86
1000000 keys
lexindex DictIndex block 1024: build 565 ms, size 8.891 MiB (9.323 B/key), latency cold 834.9 ns, then mean 834.6 / min 831.8 ns
565.468,8.891459,834.913
[time 4.71 s, user 6.45 s, sys 0.35 s, maxrss 501536 KB]
[busy 711 jiffies]
[exit 0]
--- lexindex string   load 0.89 0.87 0.86
1000000 keys
lexindex StringIndex: build 1444 ms, size 16.673 MiB (17.483 B/key), latency cold 758.1 ns, then mean 750.1 / min 742.7 ns
1443.942,16.673446,758.114
[time 5.24 s, user 5.01 s, sys 0.20 s, maxrss 363140 KB]
[busy 547 jiffies]
[exit 0]
--- lexindex hashed0   load 0.90 0.87 0.86
1000000 keys
lexindex HashedDictIndex closed: build 670 ms, size 12.027 MiB (12.611 B/key), latency cold 76.4 ns, then mean 75.4 / min 75.4 ns
669.683,12.027206,76.422
[time 1.77 s, user 4.53 s, sys 0.40 s, maxrss 500732 KB]
[busy 519 jiffies]
[exit 0]
--- lexindex hashed8   load 0.91 0.87 0.86
1000000 keys
lexindex HashedDictIndex fp=8: build 662 ms, size 12.981 MiB (13.611 B/key), latency cold 100.3 ns, then mean 98.7 / min 95.3 ns
661.635,12.980881,100.283
[time 1.86 s, user 4.63 s, sys 0.39 s, maxrss 494764 KB]
[busy 529 jiffies]
[exit 0]
--- lexindex hashed16   load 0.83 0.86 0.86
1000000 keys
lexindex HashedDictIndex fp=16: build 665 ms, size 13.935 MiB (14.611 B/key), latency cold 103.6 ns, then mean 103.6 / min 102.6 ns
665.043,13.934555,103.648
[time 1.87 s, user 4.64 s, sys 0.39 s, maxrss 498492 KB]
[busy 526 jiffies]
[exit 0]
--- c2 case 0 rec 0   load 0.83 0.86 0.86
[TEST C2-FST]
Processing dataset...
Done!
Building trie...
Done!
build time: 1410.424964 ms (1410.424964 ns per key)
space cost: 14.260756 MB (11.964866% of original size 119.188606 MB)
Querying trie...
Done!
total time: 2420.906531 ms, avg latency: 2420.906531 ns
topology: 1.699890 MB, link: 2.595201 MB, data: 9.965666 MB
--- Unary Path Analysis (FST, cutoff=4) ---
  shared unary steps in main trie: 2658278
  terminal suffixes: inplace=39819 (avg len=2.28)  links=891354 (95.7% of terminal)
  link len: avg=14.94  max=443  total_chars=13318660
  link length distribution (len:count):  4:40001  5:49577  6:45421  7:46380  8:50483  9:55180  10:56608  11:54673  12:51140  13:35047  14:30416  15:36724  16:35248  17:24069  18:19466  19:17073  20:16018  21:15299  22:13878  23:12677  24:11568  25:37816  26:26754  27:6712  28:5420  29:5541  30:5676  31:5365  32:4659  33:5334  34:4520  35:4652  36:5350  37:9255  38:4943  39:11477  40:3024  41:2087  42:2051  43:1854  44:1606  45:1448  46:1135  47:1025  48:963  49:801  50:774  51:907  52:679  53:727  54:589  55:642  56:710  57:689  58:824  59:515  60:781  61:937  62:666  63:360  64:436  65:381  66:289  67:245  68:235  69:250  70:244  71:266  72:444  73:249  74:341  75:214  76:315  77:82  78:131  79:63  80:31  81:46  82:38  83:33  84:32  85:58  86:34  87:20  88:33  89:21  90:5  91:6  92:18  93:7  94:11  95:14  96:12  97:3  98:4  99:4  100:10  101:17  102:11  103:6  104:17  105:9  106:12  107:11  108:7  109:2  110:3  111:1  112:2  113:4  114:3  115:4  116:3  117:4  118:13  119:5  120:1  122:2  123:3  124:38  125:23  126:156  127:15  128:61  129:3  130:1  131:3  132:2  133:1  136:3  137:6  138:1  139:1  142:4  143:1  144:2  145:2  146:2  151:3  152:1  154:2  159:2  160:2  161:2  165:3  167:1  171:1  172:3  173:1  174:1  175:1  182:1  187:3  188:1  190:2  191:1  194:1  195:3  198:1  201:1  202:1  203:1  205:1  206:1  215:1  219:1  233:1  235:1  243:1  247:1  257:1  265:1  444:1
1410.424964,14.260756,2420.906531
[PASSED]
[time 4.83 s, user 4.58 s, sys 0.22 s, maxrss 358536 KB]
[busy 501 jiffies]
[exit 0]
--- c2 case 0 rec 1   load 0.85 0.86 0.86
[TEST C2-FST]
Processing dataset...
Done!
Building trie...
trie size: 2.746100 MB
Done!
build time: 1649.118628 ms (1649.118628 ns per key)
space cost: 12.500864 MB (10.488305% of original size 119.188606 MB)
Querying trie...
Done!
total time: 2608.298440 ms, avg latency: 2608.298440 ns
topology: 1.942371 MB, link: 2.552141 MB, data: 8.006351 MB
--- Unary Path Analysis (FST, cutoff=4) ---
  shared unary steps in main trie: 2658278
  terminal suffixes: inplace=39819 (avg len=2.28)  links=891354 (95.7% of terminal)
  link len: avg=14.94  max=443  total_chars=13318660
  link length distribution (len:count):  4:40001  5:49577  6:45421  7:46380  8:50483  9:55180  10:56608  11:54673  12:51140  13:35047  14:30416  15:36724  16:35248  17:24069  18:19466  19:17073  20:16018  21:15299  22:13878  23:12677  24:11568  25:37816  26:26754  27:6712  28:5420  29:5541  30:5676  31:5365  32:4659  33:5334  34:4520  35:4652  36:5350  37:9255  38:4943  39:11477  40:3024  41:2087  42:2051  43:1854  44:1606  45:1448  46:1135  47:1025  48:963  49:801  50:774  51:907  52:679  53:727  54:589  55:642  56:710  57:689  58:824  59:515  60:781  61:937  62:666  63:360  64:436  65:381  66:289  67:245  68:235  69:250  70:244  71:266  72:444  73:249  74:341  75:214  76:315  77:82  78:131  79:63  80:31  81:46  82:38  83:33  84:32  85:58  86:34  87:20  88:33  89:21  90:5  91:6  92:18  93:7  94:11  95:14  96:12  97:3  98:4  99:4  100:10  101:17  102:11  103:6  104:17  105:9  106:12  107:11  108:7  109:2  110:3  111:1  112:2  113:4  114:3  115:4  116:3  117:4  118:13  119:5  120:1  122:2  123:3  124:38  125:23  126:156  127:15  128:61  129:3  130:1  131:3  132:2  133:1  136:3  137:6  138:1  139:1  142:4  143:1  144:2  145:2  146:2  151:3  152:1  154:2  159:2  160:2  161:2  165:3  167:1  171:1  172:3  173:1  174:1  175:1  182:1  187:3  188:1  190:2  191:1  194:1  195:3  198:1  201:1  202:1  203:1  205:1  206:1  215:1  219:1  233:1  235:1  243:1  247:1  257:1  265:1  444:1
1649.118628,12.500864,2608.298440
[PASSED]
[time 5.27 s, user 5.04 s, sys 0.21 s, maxrss 357008 KB]
[busy 544 jiffies]
[exit 0]
--- c2 case 0 rec 2   load 0.79 0.85 0.85
[TEST C2-FST]
Processing dataset...
Done!
Building trie...
trie size: 2.746100 MB
trie size: 0.687543 MB
Done!
build time: 1758.582930 ms (1758.582930 ns per key)
space cost: 12.500864 MB (10.488305% of original size 119.188606 MB)
Querying trie...
Done!
total time: 2621.557892 ms, avg latency: 2621.557892 ns
topology: 1.942371 MB, link: 2.552141 MB, data: 8.006351 MB
--- Unary Path Analysis (FST, cutoff=4) ---
  shared unary steps in main trie: 2658278
  terminal suffixes: inplace=39819 (avg len=2.28)  links=891354 (95.7% of terminal)
  link len: avg=14.94  max=443  total_chars=13318660
  link length distribution (len:count):  4:40001  5:49577  6:45421  7:46380  8:50483  9:55180  10:56608  11:54673  12:51140  13:35047  14:30416  15:36724  16:35248  17:24069  18:19466  19:17073  20:16018  21:15299  22:13878  23:12677  24:11568  25:37816  26:26754  27:6712  28:5420  29:5541  30:5676  31:5365  32:4659  33:5334  34:4520  35:4652  36:5350  37:9255  38:4943  39:11477  40:3024  41:2087  42:2051  43:1854  44:1606  45:1448  46:1135  47:1025  48:963  49:801  50:774  51:907  52:679  53:727  54:589  55:642  56:710  57:689  58:824  59:515  60:781  61:937  62:666  63:360  64:436  65:381  66:289  67:245  68:235  69:250  70:244  71:266  72:444  73:249  74:341  75:214  76:315  77:82  78:131  79:63  80:31  81:46  82:38  83:33  84:32  85:58  86:34  87:20  88:33  89:21  90:5  91:6  92:18  93:7  94:11  95:14  96:12  97:3  98:4  99:4  100:10  101:17  102:11  103:6  104:17  105:9  106:12  107:11  108:7  109:2  110:3  111:1  112:2  113:4  114:3  115:4  116:3  117:4  118:13  119:5  120:1  122:2  123:3  124:38  125:23  126:156  127:15  128:61  129:3  130:1  131:3  132:2  133:1  136:3  137:6  138:1  139:1  142:4  143:1  144:2  145:2  146:2  151:3  152:1  154:2  159:2  160:2  161:2  165:3  167:1  171:1  172:3  173:1  174:1  175:1  182:1  187:3  188:1  190:2  191:1  194:1  195:3  198:1  201:1  202:1  203:1  205:1  206:1  215:1  219:1  233:1  235:1  243:1  247:1  257:1  265:1  444:1
1758.582930,12.500864,2621.557892
[PASSED]
[time 5.38 s, user 5.14 s, sys 0.21 s, maxrss 356680 KB]
[busy 552 jiffies]
[exit 0]
--- c2 case 1 rec 0   load 0.81 0.85 0.86
[TEST C2-CoCo(LOUDS-Sparse)]
Processing dataset...
Done!
Building trie...
Done!
build time: 5152.278983 ms (5152.278983 ns per key)
space cost: 14.878411 MB (12.483082% of original size 119.188606 MB)
Querying trie...
Done!
total time: 1625.693580 ms, avg latency: 1625.693580 ns
topology: 0.476959 MB, link: 4.004946 MB, data: 10.396506 MB
5152.278983,14.878411,1625.693580
[PASSED]
[time 7.78 s, user 7.37 s, sys 0.37 s, maxrss 596312 KB]
[busy 797 jiffies]
[exit 0]
--- c2 case 1 rec 1   load 0.76 0.84 0.85
[TEST C2-CoCo(LOUDS-Sparse)]
Processing dataset...
Done!
Building trie...
trie size: 2.746100 MB
Done!
build time: 5377.733984 ms (5377.733984 ns per key)
space cost: 13.118518 MB (11.006521% of original size 119.188606 MB)
Querying trie...
Done!
total time: 1821.592649 ms, avg latency: 1821.592649 ns
topology: 0.719440 MB, link: 3.961886 MB, data: 8.437192 MB
5377.733984,13.118518,1821.592649
[PASSED]
[time 8.18 s, user 7.81 s, sys 0.33 s, maxrss 587852 KB]
[busy 842 jiffies]
[exit 0]
--- c2 case 1 rec 2   load 0.71 0.83 0.85
[TEST C2-CoCo(LOUDS-Sparse)]
Processing dataset...
Done!
Building trie...
trie size: 2.746100 MB
trie size: 0.687543 MB
Done!
build time: 5456.661020 ms (5456.661020 ns per key)
space cost: 13.118518 MB (11.006521% of original size 119.188606 MB)
Querying trie...
Done!
total time: 1810.038632 ms, avg latency: 1810.038632 ns
topology: 0.719440 MB, link: 3.961886 MB, data: 8.437192 MB
5456.661020,13.118518,1810.038632
[PASSED]
[time 8.25 s, user 7.89 s, sys 0.32 s, maxrss 590924 KB]
[busy 849 jiffies]
[exit 0]
--- c2 case 2 rec 0   load 0.74 0.83 0.85
[TEST C2-MARISA]
Processing dataset...
Done!
Building trie...
trie size: 2.297644 MB
Done!
build time: 1343.003774 ms (1343.003774 ns per key)
space cost: 11.928165 MB (10.007807% of original size 119.188606 MB)
Querying trie...
Done!
total time: 910.065631 ms, avg latency: 910.065631 ns
topology: 0.761036 MB, link: 3.343996 MB, data: 7.802626 MB
--- Unary Path Analysis (Marisa, cutoff=3) ---
  branches: 1534795  |  single-char: 270841 (17.6%)  short-unary: 45134 (2.9%)  links: 1218820 (79.4%)
  link len: avg=14.88  max=445  total_chars=18132830
  link length distribution (len:count):  3:37127  4:49365  5:75461  6:91989  7:72185  8:66513  9:63973  10:68956  11:73223  12:65790  13:57380  14:41495  15:36762  16:42631  17:41179  18:27817  19:22377  20:18838  21:17845  22:16718  23:15115  24:13613  25:12555  26:39233  27:27982  28:7379  29:6328  30:6087  31:6172  32:5955  33:5265  34:5643  35:4792  36:4909  37:5534  38:9417  39:5190  40:12044  41:4130  42:3423  43:3194  44:2134  45:1772  46:1642  47:1384  48:1261  49:1057  50:900  51:919  52:1030  53:750  54:799  55:667  56:702  57:772  58:823  59:1198  60:1008  61:899  62:972  63:712  64:409  65:454  66:414  67:320  68:269  69:256  70:270  71:258  72:280  73:453  74:258  75:356  76:221  77:315  78:88  79:138  80:65  81:34  82:48  83:40  84:34  85:38  86:63  87:38  88:23  89:36  90:23  91:6  92:6  93:19  94:8  95:11  96:14  97:13  98:3  99:5  100:4  101:12  102:17  103:11  104:6  105:17  106:9  107:12  108:11  109:7  110:2  111:4  112:1  113:2  114:4  115:4  116:4  117:3  118:4  119:14  120:6  121:1  123:2  124:3  125:38  126:23  127:156  128:15  129:61  130:3  131:1  132:3  133:2  134:1  136:1  137:3  138:6  139:1  140:1  143:4  144:2  145:2  146:2  147:2  149:1  152:3  153:1  155:2  157:1  160:2  161:2  162:2  166:3  167:1  168:1  172:1  173:3  174:1  175:1  176:1  183:2  185:1  188:4  189:2  191:2  192:3  195:2  196:3  199:1  202:1  203:1  204:1  206:1  207:2  216:1  220:1  230:1  234:1  236:1  244:1  248:1  258:1  266:1  445:1
  short unary avg len: 2.00
1343.003774,11.928165,910.065631
[PASSED]
[time 3.25 s, user 2.99 s, sys 0.24 s, maxrss 356128 KB]
[busy 337 jiffies]
[exit 0]
--- c2 case 2 rec 1   load 0.76 0.83 0.85
[TEST C2-MARISA]
Processing dataset...
Done!
Building trie...
trie size: 2.297644 MB
trie size: 3.841883 MB
Done!
build time: 1634.457120 ms (1634.457120 ns per key)
space cost: 9.839272 MB (8.255212% of original size 119.188606 MB)
Querying trie...
Done!
total time: 1619.322023 ms, avg latency: 1619.322023 ns
topology: 1.073097 MB, link: 3.403300 MB, data: 5.342366 MB
--- Unary Path Analysis (Marisa, cutoff=3) ---
  branches: 1534795  |  single-char: 270841 (17.6%)  short-unary: 45134 (2.9%)  links: 1218820 (79.4%)
  link len: avg=14.88  max=445  total_chars=18132830
  link length distribution (len:count):  3:37127  4:49365  5:75461  6:91989  7:72185  8:66513  9:63973  10:68956  11:73223  12:65790  13:57380  14:41495  15:36762  16:42631  17:41179  18:27817  19:22377  20:18838  21:17845  22:16718  23:15115  24:13613  25:12555  26:39233  27:27982  28:7379  29:6328  30:6087  31:6172  32:5955  33:5265  34:5643  35:4792  36:4909  37:5534  38:9417  39:5190  40:12044  41:4130  42:3423  43:3194  44:2134  45:1772  46:1642  47:1384  48:1261  49:1057  50:900  51:919  52:1030  53:750  54:799  55:667  56:702  57:772  58:823  59:1198  60:1008  61:899  62:972  63:712  64:409  65:454  66:414  67:320  68:269  69:256  70:270  71:258  72:280  73:453  74:258  75:356  76:221  77:315  78:88  79:138  80:65  81:34  82:48  83:40  84:34  85:38  86:63  87:38  88:23  89:36  90:23  91:6  92:6  93:19  94:8  95:11  96:14  97:13  98:3  99:5  100:4  101:12  102:17  103:11  104:6  105:17  106:9  107:12  108:11  109:7  110:2  111:4  112:1  113:2  114:4  115:4  116:4  117:3  118:4  119:14  120:6  121:1  123:2  124:3  125:38  126:23  127:156  128:15  129:61  130:3  131:1  132:3  133:2  134:1  136:1  137:3  138:6  139:1  140:1  143:4  144:2  145:2  146:2  147:2  149:1  152:3  153:1  155:2  157:1  160:2  161:2  162:2  166:3  167:1  168:1  172:1  173:3  174:1  175:1  176:1  183:2  185:1  188:4  189:2  191:2  192:3  195:2  196:3  199:1  202:1  203:1  204:1  206:1  207:2  216:1  220:1  230:1  234:1  236:1  244:1  248:1  258:1  266:1  445:1
  short unary avg len: 2.00
1634.457120,9.839272,1619.322023
[PASSED]
[time 4.24 s, user 3.99 s, sys 0.24 s, maxrss 354076 KB]
[busy 438 jiffies]
[exit 0]
--- c2 case 2 rec 2   load 0.78 0.84 0.85
[TEST C2-MARISA]
Processing dataset...
Done!
Building trie...
trie size: 2.297644 MB
trie size: 3.841883 MB
trie size: 0.864431 MB
Done!
build time: 1790.765558 ms (1790.765558 ns per key)
space cost: 9.839272 MB (8.255212% of original size 119.188606 MB)
Querying trie...
Done!
total time: 1634.224844 ms, avg latency: 1634.224844 ns
topology: 1.073097 MB, link: 3.403300 MB, data: 5.342366 MB
--- Unary Path Analysis (Marisa, cutoff=3) ---
  branches: 1534795  |  single-char: 270841 (17.6%)  short-unary: 45134 (2.9%)  links: 1218820 (79.4%)
  link len: avg=14.88  max=445  total_chars=18132830
  link length distribution (len:count):  3:37127  4:49365  5:75461  6:91989  7:72185  8:66513  9:63973  10:68956  11:73223  12:65790  13:57380  14:41495  15:36762  16:42631  17:41179  18:27817  19:22377  20:18838  21:17845  22:16718  23:15115  24:13613  25:12555  26:39233  27:27982  28:7379  29:6328  30:6087  31:6172  32:5955  33:5265  34:5643  35:4792  36:4909  37:5534  38:9417  39:5190  40:12044  41:4130  42:3423  43:3194  44:2134  45:1772  46:1642  47:1384  48:1261  49:1057  50:900  51:919  52:1030  53:750  54:799  55:667  56:702  57:772  58:823  59:1198  60:1008  61:899  62:972  63:712  64:409  65:454  66:414  67:320  68:269  69:256  70:270  71:258  72:280  73:453  74:258  75:356  76:221  77:315  78:88  79:138  80:65  81:34  82:48  83:40  84:34  85:38  86:63  87:38  88:23  89:36  90:23  91:6  92:6  93:19  94:8  95:11  96:14  97:13  98:3  99:5  100:4  101:12  102:17  103:11  104:6  105:17  106:9  107:12  108:11  109:7  110:2  111:4  112:1  113:2  114:4  115:4  116:4  117:3  118:4  119:14  120:6  121:1  123:2  124:3  125:38  126:23  127:156  128:15  129:61  130:3  131:1  132:3  133:2  134:1  136:1  137:3  138:6  139:1  140:1  143:4  144:2  145:2  146:2  147:2  149:1  152:3  153:1  155:2  157:1  160:2  161:2  162:2  166:3  167:1  168:1  172:1  173:3  174:1  175:1  176:1  183:2  185:1  188:4  189:2  191:2  192:3  195:2  196:3  199:1  202:1  203:1  204:1  206:1  207:2  216:1  220:1  230:1  234:1  236:1  244:1  248:1  258:1  266:1  445:1
  short unary avg len: 2.00
1790.765558,9.839272,1634.224844
[PASSED]
[time 4.42 s, user 4.16 s, sys 0.24 s, maxrss 353824 KB]
[busy 461 jiffies]
[exit 0]
--- c2 case 3 rec 0   load 0.80 0.84 0.85
[TEST FST]
Processing dataset...
Done!
Building trie...
Done!
build time: 3309.788556 ms (3309.788556 ns per key)
space cost: 14.021067 MB (11.763764% of original size 119.188606 MB)
Querying trie...
Done!
total time: 4545.388832 ms, avg latency: 4545.388832 ns
not implemented
3309.788556,14.021067,4545.388832
[PASSED]
[time 8.89 s, user 8.62 s, sys 0.22 s, maxrss 357872 KB]
[busy 917 jiffies]
[exit 0]
--- c2 case 4 rec 0   load 0.83 0.84 0.85
[TEST COCO]
Processing dataset...
Done!
Building trie...
num nodes = 584148, average depth = 12.594651
ef = 0.000038, pa = 0.103241, bv = 0.000608, de = 0.597184
efr = 0.000176, par = 0.181430, bvr = 0.000135, der = 0.117188
Done!
build time: 45218.514419 ms (45218.514419 ns per key)
space cost: 19.697372 MB (16.526221% of original size 119.188606 MB)
Querying trie...
Done!
total time: 1389.359461 ms, avg latency: 1389.359461 ns
not implemented
45218.514419,19.697372,1389.359461
[PASSED]
[time 49.25 s, user 38.97 s, sys 10.09 s, maxrss 23293232 KB]
[busy 5046 jiffies]
[exit 0]
--- c2 case 5 rec 0   load 0.93 0.87 0.86
[TEST MARISA]
Processing dataset...
Done!
Building trie...
Done!
build time: 1611.411065 ms (1611.411065 ns per key)
space cost: 12.257486 MB (10.284109% of original size 119.188606 MB)
Querying trie...
Done!
total time: 977.052145 ms, avg latency: 977.052145 ns
not implemented
1611.411065,12.257486,977.052145
[PASSED]
[time 3.54 s, user 3.29 s, sys 0.23 s, maxrss 411664 KB]
[busy 369 jiffies]
[exit 0]
--- c2 case 5 rec 1   load 0.93 0.87 0.86
[TEST MARISA]
Processing dataset...
Done!
Building trie...
Done!
build time: 1751.453990 ms (1751.453990 ns per key)
space cost: 9.428862 MB (7.910875% of original size 119.188606 MB)
Querying trie...
Done!
total time: 1792.170929 ms, avg latency: 1792.170929 ns
not implemented
1751.453990,9.428862,1792.170929
[PASSED]
[time 4.49 s, user 4.22 s, sys 0.25 s, maxrss 411596 KB]
[busy 466 jiffies]
[exit 0]
--- c2 case 5 rec 2   load 0.94 0.87 0.87
[TEST MARISA]
Processing dataset...
Done!
Building trie...
Done!
build time: 1797.750797 ms (1797.750797 ns per key)
space cost: 9.029414 MB (7.575736% of original size 119.188606 MB)
Querying trie...
Done!
total time: 2224.627657 ms, avg latency: 2224.627657 ns
not implemented
1797.750797,9.029414,2224.627657
[PASSED]
[time 4.97 s, user 4.70 s, sys 0.24 s, maxrss 411688 KB]
[busy 512 jiffies]
[exit 0]
--- c2 case 6 rec 0   load 0.87 0.86 0.86
[TEST PDT]
Processing dataset...
Done!
Building trie...
dict size: 153672, stream size: 10323140
Done!
build time: 4779.852124 ms (4779.852124 ns per key)
space cost: 11.267526 MB (9.453526% of original size 119.188606 MB)
Querying trie...
Done!
total time: 1074.210477 ms, avg latency: 1074.210477 ns
not implemented
4779.852124,11.267526,1074.210477
[PASSED]
[time 6.86 s, user 6.53 s, sys 0.30 s, maxrss 389148 KB]
[busy 707 jiffies]
[exit 0]
--- c2 case 7 rec 0   load 0.88 0.87 0.86
[TEST ART]
Processing dataset...
Done!
Building trie...
Done!
build time: 411.606128 ms (411.606128 ns per key)
space cost: 34.675591 MB (29.093041% of original size 119.188606 MB)
Querying trie...
Done!
total time: 750.316236 ms, avg latency: 750.316236 ns
not implemented
411.606128,34.675591,750.316236
[PASSED]
[time 2.19 s, user 1.91 s, sys 0.26 s, maxrss 505272 KB]
[busy 226 jiffies]
[exit 0]
--- c2 case 8 rec 0   load 0.89 0.87 0.86
[TEST CART]
Processing dataset...
Done!
Building trie...
Done!
build time: 465.201954 ms (465.201954 ns per key)
space cost: 18.620093 MB (15.622377% of original size 119.188606 MB)
Querying trie...
Done!
total time: 818.745742 ms, avg latency: 818.745742 ns
not implemented
465.201954,18.620093,818.745742
[PASSED]
[time 2.31 s, user 2.03 s, sys 0.26 s, maxrss 496184 KB]
[busy 244 jiffies]
[exit 0]
--- xcdat 7   load 0.89 0.87 0.86
build time: 1410.368509 ms
space cost: 18.455355 MiB (15.484160% of original size 119.188606 MiB)
avg latency: 695.024523 ns
1410.368509,18.455355,695.024523
[time 3.10 s, user 2.83 s, sys 0.25 s, maxrss 362408 KB]
[busy 323 jiffies]
[exit 0]
--- xcdat 8   load 0.90 0.87 0.86
build time: 1341.499597 ms
space cost: 18.497238 MiB (15.519301% of original size 119.188606 MiB)
avg latency: 713.211807 ns
1341.499597,18.497238,713.211807
[time 3.06 s, user 2.78 s, sys 0.25 s, maxrss 362340 KB]
[busy 315 jiffies]
[exit 0]
--- xcdat 15   load 0.91 0.87 0.87
build time: 1404.563357 ms
space cost: 23.949356 MiB (20.093662% of original size 119.188606 MiB)
avg latency: 631.291315 ns
1404.563357,23.949356,631.291315
[time 3.04 s, user 2.78 s, sys 0.24 s, maxrss 367984 KB]
[busy 319 jiffies]
[exit 0]
--- xcdat 16   load 0.91 0.87 0.87
build time: 1350.273137 ms
space cost: 25.154240 MiB (21.104567% of original size 119.188606 MiB)
avg latency: 674.864973 ns
1350.273137,25.154240,674.864973
[time 3.03 s, user 2.77 s, sys 0.25 s, maxrss 368964 KB]
[busy 314 jiffies]
[exit 0]

##### pypi-full (889864 lines, 12756399 bytes)   round 3/3   2026-09-24T03:53:59+03:00
--- lexindex dict32   load 0.92 0.88 0.87
889864 keys
lexindex DictIndex block 32: build 172 ms, size 3.800 MiB (4.478 B/key), latency cold 326.9 ns, then mean 314.6 / min 313.2 ns
172.341,3.799900,326.889
[time 1.72 s, user 2.62 s, sys 0.18 s, maxrss 204844 KB]
[busy 301 jiffies]
[exit 0]
--- lexindex dict256   load 0.92 0.88 0.87
889864 keys
lexindex DictIndex block 256: build 177 ms, size 3.535 MiB (4.165 B/key), latency cold 342.4 ns, then mean 332.6 / min 329.2 ns
176.520,3.534916,342.432
[time 1.79 s, user 2.72 s, sys 0.17 s, maxrss 205912 KB]
[busy 307 jiffies]
[exit 0]
--- lexindex dict1024   load 0.93 0.88 0.87
889864 keys
lexindex DictIndex block 1024: build 195 ms, size 3.413 MiB (4.022 B/key), latency cold 414.8 ns, then mean 408.5 / min 405.0 ns
195.315,3.413095,414.835
[time 2.08 s, user 2.66 s, sys 0.12 s, maxrss 186620 KB]
[busy 296 jiffies]
[exit 0]
--- lexindex string   load 0.93 0.88 0.87
889864 keys
lexindex StringIndex: build 476 ms, size 8.484 MiB (9.998 B/key), latency cold 213.6 ns, then mean 206.8 / min 204.2 ns
475.971,8.484477,213.573
[time 1.63 s, user 1.55 s, sys 0.07 s, maxrss 122760 KB]
[busy 174 jiffies]
[exit 0]
--- lexindex hashed0   load 0.93 0.88 0.87
889864 keys
lexindex HashedDictIndex closed: build 256 ms, size 5.861 MiB (6.906 B/key), latency cold 29.7 ns, then mean 24.4 / min 24.2 ns
255.927,5.860833,29.705
[time 0.76 s, user 1.72 s, sys 0.18 s, maxrss 214420 KB]
[busy 206 jiffies]
[exit 0]
--- lexindex hashed8   load 0.93 0.88 0.87
889864 keys
lexindex HashedDictIndex fp=8: build 258 ms, size 6.709 MiB (7.906 B/key), latency cold 34.7 ns, then mean 28.5 / min 28.1 ns
258.177,6.709474,34.696
[time 0.78 s, user 1.74 s, sys 0.17 s, maxrss 214888 KB]
[busy 210 jiffies]
[exit 0]
--- lexindex hashed16   load 0.94 0.88 0.87
889864 keys
lexindex HashedDictIndex fp=16: build 256 ms, size 7.558 MiB (8.906 B/key), latency cold 36.4 ns, then mean 30.4 / min 30.2 ns
256.055,7.558114,36.364
[time 0.79 s, user 1.76 s, sys 0.17 s, maxrss 216264 KB]
[busy 213 jiffies]
[exit 0]
--- c2 case 0 rec 0   load 0.94 0.88 0.87
[TEST C2-FST]
Processing dataset...
Done!
Building trie...
Done!
build time: 392.766399 ms (441.378007 ns per key)
space cost: 5.574753 MB (49.260816% of original size 11.316810 MB)
Querying trie...
Done!
total time: 318.533325 ms, avg latency: 357.957311 ns
topology: 0.851089 MB, link: 1.149713 MB, data: 3.573951 MB
--- Unary Path Analysis (FST, cutoff=4) ---
  shared unary steps in main trie: 344931
  terminal suffixes: inplace=288151 (avg len=1.99)  links=405388 (58.5% of terminal)
  link len: avg=7.08  max=176  total_chars=2869854
  link length distribution (len:count):  4:74698  5:65971  6:53798  7:40968  8:33851  9:27326  10:20764  11:16938  12:14649  13:12025  14:9410  15:7294  16:5909  17:4518  18:3598  19:2810  20:2154  21:1673  22:1340  23:1095  24:876  25:726  26:550  27:431  28:361  29:400  30:312  31:173  32:150  33:103  34:106  35:75  36:44  37:52  38:50  39:27  40:24  41:13  42:21  43:16  44:7  45:10  46:6  47:5  48:10  49:1  50:4  51:5  52:2  53:2  54:2  55:1  56:5  57:3  60:2  62:2  63:1  64:3  65:2  67:1  68:3  71:1  75:1  77:2  82:1  86:1  99:2  106:1  113:1  153:1  177:1
392.766399,5.574753,357.957311
[PASSED]
[time 1.11 s, user 1.02 s, sys 0.08 s, maxrss 129620 KB]
[busy 119 jiffies]
[exit 0]
--- c2 case 0 rec 1   load 0.86 0.87 0.87
[TEST C2-FST]
Processing dataset...
Done!
Building trie...
trie size: 1.301167 MB
Done!
build time: 452.495321 ms (508.499412 ns per key)
space cost: 5.131913 MB (45.347703% of original size 11.316810 MB)
Querying trie...
Done!
total time: 364.118443 ms, avg latency: 409.184373 ns
topology: 0.978825 MB, link: 1.146868 MB, data: 3.006221 MB
--- Unary Path Analysis (FST, cutoff=4) ---
  shared unary steps in main trie: 344931
  terminal suffixes: inplace=288151 (avg len=1.99)  links=405388 (58.5% of terminal)
  link len: avg=7.08  max=176  total_chars=2869854
  link length distribution (len:count):  4:74698  5:65971  6:53798  7:40968  8:33851  9:27326  10:20764  11:16938  12:14649  13:12025  14:9410  15:7294  16:5909  17:4518  18:3598  19:2810  20:2154  21:1673  22:1340  23:1095  24:876  25:726  26:550  27:431  28:361  29:400  30:312  31:173  32:150  33:103  34:106  35:75  36:44  37:52  38:50  39:27  40:24  41:13  42:21  43:16  44:7  45:10  46:6  47:5  48:10  49:1  50:4  51:5  52:2  53:2  54:2  55:1  56:5  57:3  60:2  62:2  63:1  64:3  65:2  67:1  68:3  71:1  75:1  77:2  82:1  86:1  99:2  106:1  113:1  153:1  177:1
452.495321,5.131913,409.184373
[PASSED]
[time 1.21 s, user 1.11 s, sys 0.09 s, maxrss 129480 KB]
[busy 129 jiffies]
[exit 0]
--- c2 case 0 rec 2   load 0.86 0.87 0.87
[TEST C2-FST]
Processing dataset...
Done!
Building trie...
trie size: 1.301167 MB
trie size: 0.188086 MB
Done!
build time: 474.927503 ms (533.707963 ns per key)
space cost: 5.131913 MB (45.347703% of original size 11.316810 MB)
Querying trie...
Done!
total time: 357.105833 ms, avg latency: 401.303832 ns
topology: 0.978825 MB, link: 1.146868 MB, data: 3.006221 MB
--- Unary Path Analysis (FST, cutoff=4) ---
  shared unary steps in main trie: 344931
  terminal suffixes: inplace=288151 (avg len=1.99)  links=405388 (58.5% of terminal)
  link len: avg=7.08  max=176  total_chars=2869854
  link length distribution (len:count):  4:74698  5:65971  6:53798  7:40968  8:33851  9:27326  10:20764  11:16938  12:14649  13:12025  14:9410  15:7294  16:5909  17:4518  18:3598  19:2810  20:2154  21:1673  22:1340  23:1095  24:876  25:726  26:550  27:431  28:361  29:400  30:312  31:173  32:150  33:103  34:106  35:75  36:44  37:52  38:50  39:27  40:24  41:13  42:21  43:16  44:7  45:10  46:6  47:5  48:10  49:1  50:4  51:5  52:2  53:2  54:2  55:1  56:5  57:3  60:2  62:2  63:1  64:3  65:2  67:1  68:3  71:1  75:1  77:2  82:1  86:1  99:2  106:1  113:1  153:1  177:1
474.927503,5.131913,401.303832
[PASSED]
[time 1.23 s, user 1.14 s, sys 0.09 s, maxrss 129532 KB]
[busy 130 jiffies]
[exit 0]
--- c2 case 1 rec 0   load 0.86 0.87 0.87
[TEST C2-CoCo(LOUDS-Sparse)]
Processing dataset...
Done!
Building trie...
Done!
build time: 1189.430127 ms (1336.642596 ns per key)
space cost: 5.902932 MB (52.160740% of original size 11.316810 MB)
Querying trie...
Done!
total time: 480.730380 ms, avg latency: 540.229046 ns
topology: 0.365089 MB, link: 1.816309 MB, data: 3.721533 MB
1189.430127,5.902932,540.229046
[PASSED]
[time 2.05 s, user 1.91 s, sys 0.13 s, maxrss 251616 KB]
[busy 215 jiffies]
[exit 0]
--- c2 case 1 rec 1   load 0.87 0.87 0.87
[TEST C2-CoCo(LOUDS-Sparse)]
Processing dataset...
Done!
Building trie...
trie size: 1.301167 MB
Done!
build time: 1245.588809 ms (1399.751882 ns per key)
space cost: 5.460092 MB (48.247627% of original size 11.316810 MB)
Querying trie...
Done!
total time: 509.979715 ms, avg latency: 573.098490 ns
topology: 0.492825 MB, link: 1.813464 MB, data: 3.153803 MB
1245.588809,5.460092,573.098490
[PASSED]
[time 2.14 s, user 2.01 s, sys 0.12 s, maxrss 251628 KB]
[busy 227 jiffies]
[exit 0]
--- c2 case 1 rec 2   load 0.80 0.86 0.86
[TEST C2-CoCo(LOUDS-Sparse)]
Processing dataset...
Done!
Building trie...
trie size: 1.301167 MB
trie size: 0.188086 MB
Done!
build time: 1264.399765 ms (1420.891018 ns per key)
space cost: 5.460092 MB (48.247627% of original size 11.316810 MB)
Querying trie...
Done!
total time: 515.341252 ms, avg latency: 579.123610 ns
topology: 0.492825 MB, link: 1.813464 MB, data: 3.153803 MB
1264.399765,5.460092,579.123610
[PASSED]
[time 2.17 s, user 2.04 s, sys 0.12 s, maxrss 251616 KB]
[busy 226 jiffies]
[exit 0]
--- c2 case 2 rec 0   load 0.80 0.86 0.86
[TEST C2-MARISA]
Processing dataset...
Done!
Building trie...
trie size: 2.034968 MB
Done!
build time: 483.431367 ms (543.264327 ns per key)
space cost: 5.148748 MB (45.496465% of original size 11.316810 MB)
Querying trie...
Done!
total time: 234.308531 ms, avg latency: 263.308248 ns
topology: 0.673512 MB, link: 1.684298 MB, data: 2.770432 MB
--- Unary Path Analysis (Marisa, cutoff=3) ---
  branches: 1290446  |  single-char: 483681 (37.5%)  short-unary: 134846 (10.4%)  links: 671919 (52.1%)
  link len: avg=7.04  max=178  total_chars=4731655
  link length distribution (len:count):  3:128200  4:106194  5:84287  6:72656  7:58516  8:44149  9:36040  10:28839  11:21753  12:17688  13:15308  14:12510  15:9745  16:7525  17:6122  18:4690  19:3698  20:2882  21:2216  22:1721  23:1367  24:1119  25:897  26:746  27:562  28:441  29:368  30:406  31:316  32:177  33:153  34:106  35:106  36:75  37:44  38:54  39:50  40:27  41:25  42:13  43:21  44:16  45:7  46:10  47:6  48:5  49:10  50:2  51:4  52:5  53:2  54:2  55:2  56:1  57:5  58:3  61:2  63:2  64:1  65:3  66:2  68:2  69:3  72:1  76:1  78:2  83:1  87:1  100:2  107:1  114:1  154:1  178:1
  short unary avg len: 2.00
483.431367,5.148748,263.308248
[PASSED]
[time 1.10 s, user 0.99 s, sys 0.10 s, maxrss 158944 KB]
[busy 118 jiffies]
[exit 0]
--- c2 case 2 rec 1   load 0.82 0.86 0.86
[TEST C2-MARISA]
Processing dataset...
Done!
Building trie...
trie size: 2.034968 MB
trie size: 2.021012 MB
Done!
build time: 564.299671 ms (634.141477 ns per key)
space cost: 4.528195 MB (40.013003% of original size 11.316810 MB)
Querying trie...
Done!
total time: 294.608277 ms, avg latency: 331.071127 ns
topology: 0.839943 MB, link: 1.648341 MB, data: 2.019403 MB
--- Unary Path Analysis (Marisa, cutoff=3) ---
  branches: 1290446  |  single-char: 483681 (37.5%)  short-unary: 134846 (10.4%)  links: 671919 (52.1%)
  link len: avg=7.04  max=178  total_chars=4731655
  link length distribution (len:count):  3:128200  4:106194  5:84287  6:72656  7:58516  8:44149  9:36040  10:28839  11:21753  12:17688  13:15308  14:12510  15:9745  16:7525  17:6122  18:4690  19:3698  20:2882  21:2216  22:1721  23:1367  24:1119  25:897  26:746  27:562  28:441  29:368  30:406  31:316  32:177  33:153  34:106  35:106  36:75  37:44  38:54  39:50  40:27  41:25  42:13  43:21  44:16  45:7  46:10  47:6  48:5  49:10  50:2  51:4  52:5  53:2  54:2  55:2  56:1  57:5  58:3  61:2  63:2  64:1  65:3  66:2  68:2  69:3  72:1  76:1  78:2  83:1  87:1  100:2  107:1  114:1  154:1  178:1
  short unary avg len: 2.00
564.299671,4.528195,331.071127
[PASSED]
[time 1.26 s, user 1.15 s, sys 0.10 s, maxrss 158700 KB]
[busy 136 jiffies]
[exit 0]
--- c2 case 2 rec 2   load 0.82 0.86 0.86
[TEST C2-MARISA]
Processing dataset...
Done!
Building trie...
trie size: 2.034968 MB
trie size: 2.021012 MB
trie size: 0.240847 MB
Done!
build time: 589.058516 ms (661.964655 ns per key)
space cost: 4.528195 MB (40.013003% of original size 11.316810 MB)
Querying trie...
Done!
total time: 286.591529 ms, avg latency: 322.062168 ns
topology: 0.839943 MB, link: 1.648341 MB, data: 2.019403 MB
--- Unary Path Analysis (Marisa, cutoff=3) ---
  branches: 1290446  |  single-char: 483681 (37.5%)  short-unary: 134846 (10.4%)  links: 671919 (52.1%)
  link len: avg=7.04  max=178  total_chars=4731655
  link length distribution (len:count):  3:128200  4:106194  5:84287  6:72656  7:58516  8:44149  9:36040  10:28839  11:21753  12:17688  13:15308  14:12510  15:9745  16:7525  17:6122  18:4690  19:3698  20:2882  21:2216  22:1721  23:1367  24:1119  25:897  26:746  27:562  28:441  29:368  30:406  31:316  32:177  33:153  34:106  35:106  36:75  37:44  38:54  39:50  40:27  41:25  42:13  43:21  44:16  45:7  46:10  47:6  48:5  49:10  50:2  51:4  52:5  53:2  54:2  55:2  56:1  57:5  58:3  61:2  63:2  64:1  65:3  66:2  68:2  69:3  72:1  76:1  78:2  83:1  87:1  100:2  107:1  114:1  154:1  178:1
  short unary avg len: 2.00
589.058516,4.528195,322.062168
[PASSED]
[time 1.27 s, user 1.17 s, sys 0.09 s, maxrss 158532 KB]
[busy 135 jiffies]
[exit 0]
--- c2 case 3 rec 0   load 0.75 0.85 0.86
[TEST FST]
Processing dataset...
Done!
Building trie...
Done!
build time: 500.660108 ms (562.625421 ns per key)
space cost: 5.878841 MB (51.947869% of original size 11.316810 MB)
Querying trie...
Done!
total time: 486.063544 ms, avg latency: 546.222281 ns
not implemented
500.660108,5.878841,546.222281
[PASSED]
[time 1.39 s, user 1.32 s, sys 0.06 s, maxrss 86808 KB]
[busy 152 jiffies]
[exit 0]
--- c2 case 4 rec 0   load 0.75 0.85 0.86
[TEST COCO]
Processing dataset...
Done!
Building trie...
num nodes = 375656, average depth = 5.235279
ef = 0.000442, pa = 0.203029, bv = 0.001044, de = 0.703223
efr = 0.002106, par = 0.078420, bvr = 0.000029, der = 0.011708
Done!
build time: 7815.358447 ms (8782.643693 ns per key)
space cost: 7.666221 MB (67.741891% of original size 11.316810 MB)
Querying trie...
Done!
total time: 452.342694 ms, avg latency: 508.327895 ns
not implemented
7815.358447,7.666221,508.327895
[PASSED]
[time 9.06 s, user 6.95 s, sys 2.06 s, maxrss 4347140 KB]
[busy 937 jiffies]
[exit 0]
--- c2 case 5 rec 0   load 0.79 0.85 0.86
[TEST MARISA]
Processing dataset...
Done!
Building trie...
Done!
build time: 376.748332 ms (423.377428 ns per key)
space cost: 5.316237 MB (46.976468% of original size 11.316810 MB)
Querying trie...
Done!
total time: 340.565766 ms, avg latency: 382.716647 ns
not implemented
376.748332,5.316237,382.716647
[PASSED]
[time 1.12 s, user 1.02 s, sys 0.09 s, maxrss 132060 KB]
[busy 122 jiffies]
[exit 0]
--- c2 case 5 rec 1   load 0.73 0.84 0.85
[TEST MARISA]
Processing dataset...
Done!
Building trie...
Done!
build time: 426.068982 ms (478.802359 ns per key)
space cost: 4.038295 MB (35.684039% of original size 11.316810 MB)
Querying trie...
Done!
total time: 451.641667 ms, avg latency: 507.540104 ns
not implemented
426.068982,4.038295,507.540104
[PASSED]
[time 1.27 s, user 1.19 s, sys 0.07 s, maxrss 132084 KB]
[busy 137 jiffies]
[exit 0]
--- c2 case 5 rec 2   load 0.73 0.84 0.85
[TEST MARISA]
Processing dataset...
Done!
Building trie...
Done!
build time: 437.796404 ms (491.981251 ns per key)
space cost: 3.830196 MB (33.845196% of original size 11.316810 MB)
Querying trie...
Done!
total time: 476.224120 ms, avg latency: 535.165059 ns
not implemented
437.796404,3.830196,535.165059
[PASSED]
[time 1.30 s, user 1.22 s, sys 0.07 s, maxrss 132152 KB]
[busy 136 jiffies]
[exit 0]
--- c2 case 6 rec 0   load 0.73 0.84 0.85
[TEST PDT]
Processing dataset...
Done!
Building trie...
dict size: 158766, stream size: 3178838
Done!
build time: 1624.468106 ms (1825.524019 ns per key)
space cost: 4.318639 MB (38.161275% of original size 11.316810 MB)
Querying trie...
Done!
total time: 462.117115 ms, avg latency: 519.312069 ns
not implemented
1624.468106,4.318639,519.312069
[PASSED]
[time 2.49 s, user 2.40 s, sys 0.08 s, maxrss 137216 KB]
[busy 263 jiffies]
[exit 0]
--- c2 case 7 rec 0   load 0.75 0.84 0.86
[TEST ART]
Processing dataset...
Done!
Building trie...
Done!
build time: 101.948576 ms (114.566469 ns per key)
space cost: 28.637695 MB (253.054493% of original size 11.316810 MB)
Querying trie...
Done!
total time: 252.372564 ms, avg latency: 283.608017 ns
not implemented
101.948576,28.637695,283.608017
[PASSED]
[time 0.76 s, user 0.68 s, sys 0.07 s, maxrss 123620 KB]
[busy 84 jiffies]
[exit 0]
--- c2 case 8 rec 0   load 0.69 0.83 0.85
[TEST CART]
Processing dataset...
Done!
Building trie...
Done!
build time: 143.735216 ms (161.524925 ns per key)
space cost: 12.686618 MB (112.104190% of original size 11.316810 MB)
Querying trie...
Done!
total time: 311.199340 ms, avg latency: 349.715619 ns
not implemented
143.735216,12.686618,349.715619
[PASSED]
[time 0.86 s, user 0.79 s, sys 0.06 s, maxrss 120912 KB]
[busy 93 jiffies]
[exit 0]
--- xcdat 7   load 0.69 0.83 0.85
build time: 369.814129 ms
space cost: 7.451407 MiB (65.843711% of original size 11.316810 MiB)
avg latency: 170.086795 ns
369.814129,7.451407,170.086795
[time 0.93 s, user 0.83 s, sys 0.09 s, maxrss 124984 KB]
[busy 102 jiffies]
[exit 0]
--- xcdat 8   load 0.69 0.83 0.85
build time: 349.027860 ms
space cost: 7.063261 MiB (62.413889% of original size 11.316810 MiB)
avg latency: 169.618968 ns
349.027860,7.063261,169.618968
[time 0.90 s, user 0.81 s, sys 0.08 s, maxrss 125144 KB]
[busy 98 jiffies]
[exit 0]
--- xcdat 15   load 0.72 0.83 0.85
build time: 371.017421 ms
space cost: 8.417356 MiB (74.379227% of original size 11.316810 MiB)
avg latency: 139.242173 ns
371.017421,8.417356,139.242173
[time 0.90 s, user 0.81 s, sys 0.08 s, maxrss 124768 KB]
[busy 99 jiffies]
[exit 0]
--- xcdat 16   load 0.72 0.83 0.85
build time: 348.948758 ms
space cost: 8.791730 MiB (77.687354% of original size 11.316810 MiB)
avg latency: 140.048416 ns
348.948758,8.791730,140.048416
[time 0.88 s, user 0.80 s, sys 0.07 s, maxrss 125164 KB]
[busy 98 jiffies]
[exit 0]

##### titles-en-1000000 (1000000 lines, 21984647 bytes)   round 3/3   2026-09-24T03:55:12+03:00
--- lexindex dict32   load 0.72 0.83 0.85
1000000 keys
lexindex DictIndex block 32: build 381 ms, size 7.447 MiB (7.809 B/key), latency cold 388.3 ns, then mean 387.9 / min 387.1 ns
381.320,7.446899,388.347
[time 2.45 s, user 4.75 s, sys 0.34 s, maxrss 272356 KB]
[busy 536 jiffies]
[exit 0]
--- lexindex dict256   load 0.74 0.83 0.85
1000000 keys
lexindex DictIndex block 256: build 389 ms, size 7.029 MiB (7.370 B/key), latency cold 415.6 ns, then mean 412.1 / min 409.6 ns
388.677,7.028672,415.560
[time 2.54 s, user 4.86 s, sys 0.36 s, maxrss 274096 KB]
[busy 546 jiffies]
[exit 0]
--- lexindex dict1024   load 0.76 0.83 0.85
1000000 keys
lexindex DictIndex block 1024: build 425 ms, size 6.878 MiB (7.212 B/key), latency cold 485.2 ns, then mean 476.7 / min 475.8 ns
424.508,6.877800,485.245
[time 2.85 s, user 4.29 s, sys 0.30 s, maxrss 277036 KB]
[busy 485 jiffies]
[exit 0]
--- lexindex string   load 0.70 0.82 0.85
1000000 keys
lexindex StringIndex: build 988 ms, size 16.482 MiB (17.283 B/key), latency cold 328.0 ns, then mean 323.9 / min 318.9 ns
987.970,16.482312,328.028
[time 2.77 s, user 2.68 s, sys 0.08 s, maxrss 163772 KB]
[busy 298 jiffies]
[exit 0]
--- lexindex hashed0   load 0.70 0.82 0.85
1000000 keys
lexindex HashedDictIndex closed: build 498 ms, size 9.642 MiB (10.110 B/key), latency cold 44.4 ns, then mean 42.6 / min 41.7 ns
497.977,9.642032,44.441
[time 1.17 s, user 3.53 s, sys 0.36 s, maxrss 276308 KB]
[busy 408 jiffies]
[exit 0]
--- lexindex hashed8   load 2.00 1.09 0.94
1000000 keys
lexindex HashedDictIndex fp=8: build 496 ms, size 10.596 MiB (11.110 B/key), latency cold 51.9 ns, then mean 49.8 / min 49.8 ns
495.558,10.595706,51.923
[time 1.19 s, user 3.53 s, sys 0.34 s, maxrss 276500 KB]
[busy 410 jiffies]
[exit 0]
--- lexindex hashed16   load 2.00 1.09 0.94
1000000 keys
lexindex HashedDictIndex fp=16: build 495 ms, size 11.549 MiB (12.110 B/key), latency cold 51.2 ns, then mean 48.6 / min 47.5 ns
494.708,11.549380,51.226
[time 1.20 s, user 3.53 s, sys 0.36 s, maxrss 278160 KB]
[busy 412 jiffies]
[exit 0]
--- c2 case 0 rec 0   load 1.92 1.09 0.94
[TEST C2-FST]
Processing dataset...
Done!
Building trie...
Done!
build time: 1015.545715 ms (1015.545715 ns per key)
space cost: 11.326162 MB (56.595386% of original size 20.012519 MB)
Querying trie...
Done!
total time: 473.647583 ms, avg latency: 473.647583 ns
topology: 1.047974 MB, link: 2.330659 MB, data: 7.947530 MB
--- Unary Path Analysis (FST, cutoff=4) ---
  shared unary steps in main trie: 632648
  terminal suffixes: inplace=148307 (avg len=2.14)  links=794871 (84.3% of terminal)
  link len: avg=12.03  max=232  total_chars=9558452
  link length distribution (len:count):  4:67686  5:69275  6:65423  7:58787  8:51921  9:47544  10:42795  11:38054  12:34227  13:30736  14:30694  15:28260  16:25308  17:22807  18:19264  19:17586  20:15912  21:14224  22:12066  23:10759  24:9477  25:8347  26:7925  27:7112  28:6113  29:5746  30:5072  31:4462  32:3927  33:3658  34:3228  35:2847  36:2644  37:2353  38:2038  39:1870  40:1644  41:1489  42:1315  43:1143  44:928  45:846  46:722  47:679  48:610  49:543  50:459  51:451  52:342  53:339  54:284  55:273  56:239  57:215  58:214  59:177  60:158  61:140  62:127  63:109  64:95  65:79  66:80  67:78  68:75  69:69  70:68  71:54  72:51  73:42  74:46  75:42  76:35  77:41  78:38  79:39  80:21  81:18  82:21  83:19  84:14  85:18  86:14  87:15  88:11  89:14  90:13  91:7  92:5  93:8  94:7  95:5  96:8  97:8  98:5  99:7  100:11  101:5  102:6  103:3  104:3  105:3  106:5  107:4  108:5  109:1  110:2  111:6  112:1  113:1  114:1  115:4  116:1  118:1  119:2  121:2  123:2  125:1  126:1  128:1  129:1  131:1  132:2  134:1  135:1  136:1  137:3  138:1  139:1  141:2  145:1  152:1  154:1  156:1  159:3  165:1  168:1  174:1  175:1  179:1  181:1  199:1  201:1  202:1  204:1  207:1  216:1  217:1  219:1  233:1
1015.545715,11.326162,473.647583
[PASSED]
[time 2.05 s, user 1.92 s, sys 0.11 s, maxrss 185432 KB]
[busy 215 jiffies]
[exit 0]
--- c2 case 0 rec 1   load 1.92 1.09 0.94
[TEST C2-FST]
Processing dataset...
Done!
Building trie...
trie size: 3.096522 MB
Done!
build time: 1317.648183 ms (1317.648183 ns per key)
space cost: 9.522977 MB (47.585099% of original size 20.012519 MB)
Querying trie...
Done!
total time: 603.445662 ms, avg latency: 603.445662 ns
topology: 1.448536 MB, link: 2.515947 MB, data: 5.558494 MB
--- Unary Path Analysis (FST, cutoff=4) ---
  shared unary steps in main trie: 632648
  terminal suffixes: inplace=148307 (avg len=2.14)  links=794871 (84.3% of terminal)
  link len: avg=12.03  max=232  total_chars=9558452
  link length distribution (len:count):  4:67686  5:69275  6:65423  7:58787  8:51921  9:47544  10:42795  11:38054  12:34227  13:30736  14:30694  15:28260  16:25308  17:22807  18:19264  19:17586  20:15912  21:14224  22:12066  23:10759  24:9477  25:8347  26:7925  27:7112  28:6113  29:5746  30:5072  31:4462  32:3927  33:3658  34:3228  35:2847  36:2644  37:2353  38:2038  39:1870  40:1644  41:1489  42:1315  43:1143  44:928  45:846  46:722  47:679  48:610  49:543  50:459  51:451  52:342  53:339  54:284  55:273  56:239  57:215  58:214  59:177  60:158  61:140  62:127  63:109  64:95  65:79  66:80  67:78  68:75  69:69  70:68  71:54  72:51  73:42  74:46  75:42  76:35  77:41  78:38  79:39  80:21  81:18  82:21  83:19  84:14  85:18  86:14  87:15  88:11  89:14  90:13  91:7  92:5  93:8  94:7  95:5  96:8  97:8  98:5  99:7  100:11  101:5  102:6  103:3  104:3  105:3  106:5  107:4  108:5  109:1  110:2  111:6  112:1  113:1  114:1  115:4  116:1  118:1  119:2  121:2  123:2  125:1  126:1  128:1  129:1  131:1  132:2  134:1  135:1  136:1  137:3  138:1  139:1  141:2  145:1  152:1  154:1  156:1  159:3  165:1  168:1  174:1  175:1  179:1  181:1  199:1  201:1  202:1  204:1  207:1  216:1  217:1  219:1  233:1
1317.648183,9.522977,603.445662
[PASSED]
[time 2.49 s, user 2.35 s, sys 0.13 s, maxrss 181084 KB]
[busy 262 jiffies]
[exit 0]
--- c2 case 0 rec 2   load 1.85 1.09 0.94
[TEST C2-FST]
Processing dataset...
Done!
Building trie...
trie size: 3.096522 MB
trie size: 0.887704 MB
Done!
build time: 1416.309880 ms (1416.309880 ns per key)
space cost: 9.522977 MB (47.585099% of original size 20.012519 MB)
Querying trie...
Done!
total time: 600.552624 ms, avg latency: 600.552624 ns
topology: 1.448536 MB, link: 2.515947 MB, data: 5.558494 MB
--- Unary Path Analysis (FST, cutoff=4) ---
  shared unary steps in main trie: 632648
  terminal suffixes: inplace=148307 (avg len=2.14)  links=794871 (84.3% of terminal)
  link len: avg=12.03  max=232  total_chars=9558452
  link length distribution (len:count):  4:67686  5:69275  6:65423  7:58787  8:51921  9:47544  10:42795  11:38054  12:34227  13:30736  14:30694  15:28260  16:25308  17:22807  18:19264  19:17586  20:15912  21:14224  22:12066  23:10759  24:9477  25:8347  26:7925  27:7112  28:6113  29:5746  30:5072  31:4462  32:3927  33:3658  34:3228  35:2847  36:2644  37:2353  38:2038  39:1870  40:1644  41:1489  42:1315  43:1143  44:928  45:846  46:722  47:679  48:610  49:543  50:459  51:451  52:342  53:339  54:284  55:273  56:239  57:215  58:214  59:177  60:158  61:140  62:127  63:109  64:95  65:79  66:80  67:78  68:75  69:69  70:68  71:54  72:51  73:42  74:46  75:42  76:35  77:41  78:38  79:39  80:21  81:18  82:21  83:19  84:14  85:18  86:14  87:15  88:11  89:14  90:13  91:7  92:5  93:8  94:7  95:5  96:8  97:8  98:5  99:7  100:11  101:5  102:6  103:3  104:3  105:3  106:5  107:4  108:5  109:1  110:2  111:6  112:1  113:1  114:1  115:4  116:1  118:1  119:2  121:2  123:2  125:1  126:1  128:1  129:1  131:1  132:2  134:1  135:1  136:1  137:3  138:1  139:1  141:2  145:1  152:1  154:1  156:1  159:3  165:1  168:1  174:1  175:1  179:1  181:1  199:1  201:1  202:1  204:1  207:1  216:1  217:1  219:1  233:1
1416.309880,9.522977,600.552624
[PASSED]
[time 2.59 s, user 2.44 s, sys 0.13 s, maxrss 181180 KB]
[busy 269 jiffies]
[exit 0]
--- c2 case 1 rec 0   load 1.78 1.08 0.94
[TEST C2-CoCo(LOUDS-Sparse)]
Processing dataset...
Done!
Building trie...
Done!
build time: 2113.788549 ms (2113.788549 ns per key)
space cost: 12.265971 MB (61.291488% of original size 20.012519 MB)
Querying trie...
Done!
total time: 725.114953 ms, avg latency: 725.114953 ns
topology: 0.432648 MB, link: 3.282862 MB, data: 8.550461 MB
2113.788549,12.265971,725.114953
[PASSED]
[time 3.40 s, user 3.19 s, sys 0.19 s, maxrss 358004 KB]
[busy 352 jiffies]
[exit 0]
--- c2 case 1 rec 1   load 1.64 1.07 0.93
[TEST C2-CoCo(LOUDS-Sparse)]
Processing dataset...
Done!
Building trie...
trie size: 3.096522 MB
Done!
build time: 2419.091895 ms (2419.091895 ns per key)
space cost: 10.462785 MB (52.281201% of original size 20.012519 MB)
Querying trie...
Done!
total time: 841.566064 ms, avg latency: 841.566064 ns
topology: 0.833210 MB, link: 3.468150 MB, data: 6.161425 MB
2419.091895,10.462785,841.566064
[PASSED]
[time 3.83 s, user 3.61 s, sys 0.20 s, maxrss 344988 KB]
[busy 400 jiffies]
[exit 0]
--- c2 case 1 rec 2   load 1.51 1.05 0.93
[TEST C2-CoCo(LOUDS-Sparse)]
Processing dataset...
Done!
Building trie...
trie size: 3.096522 MB
trie size: 0.887704 MB
Done!
build time: 2540.230117 ms (2540.230117 ns per key)
space cost: 10.462785 MB (52.281201% of original size 20.012519 MB)
Querying trie...
Done!
total time: 852.017719 ms, avg latency: 852.017719 ns
topology: 0.833210 MB, link: 3.468150 MB, data: 6.161425 MB
2540.230117,10.462785,852.017719
[PASSED]
[time 3.97 s, user 3.75 s, sys 0.20 s, maxrss 344856 KB]
[busy 411 jiffies]
[exit 0]
--- c2 case 2 rec 0   load 1.39 1.03 0.92
[TEST C2-MARISA]
Processing dataset...
Done!
Building trie...
trie size: 2.238578 MB
Done!
build time: 1023.698558 ms (1023.698558 ns per key)
space cost: 10.766413 MB (53.798389% of original size 20.012519 MB)
Querying trie...
Done!
total time: 371.774990 ms, avg latency: 371.774990 ns
topology: 0.741383 MB, link: 2.768053 MB, data: 7.236469 MB
--- Unary Path Analysis (Marisa, cutoff=3) ---
  branches: 1523874  |  single-char: 417651 (27.4%)  short-unary: 97461 (6.4%)  links: 1008762 (66.2%)
  link len: avg=12.11  max=234  total_chars=12215333
  link length distribution (len:count):  3:76859  4:82017  5:81216  6:79010  7:72564  8:64127  9:55531  10:50303  11:44703  12:39548  13:35394  14:31778  15:31462  16:28952  17:25995  18:23521  19:19840  20:18044  21:16382  22:14569  23:12399  24:11015  25:9715  26:8556  27:8141  28:7267  29:6255  30:5853  31:5207  32:4578  33:4049  34:3736  35:3293  36:2910  37:2688  38:2423  39:2074  40:1908  41:1670  42:1511  43:1333  44:1158  45:939  46:855  47:728  48:689  49:615  50:544  51:465  52:457  53:344  54:344  55:284  56:276  57:242  58:216  59:216  60:177  61:159  62:140  63:127  64:109  65:95  66:79  67:80  68:79  69:75  70:69  71:69  72:55  73:51  74:42  75:46  76:42  77:35  78:41  79:38  80:39  81:21  82:18  83:21  84:19  85:14  86:18  87:14  88:15  89:11  90:14  91:13  92:7  93:5  94:8  95:7  96:5  97:9  98:8  99:5  100:7  101:11  102:5  103:6  104:3  105:3  106:3  107:5  108:4  109:5  110:1  111:2  112:6  113:1  114:1  115:1  116:4  117:1  119:1  120:2  122:2  124:2  126:1  127:1  129:1  130:1  132:1  133:2  135:1  136:1  137:1  138:3  139:1  140:1  142:2  146:1  153:1  155:1  157:1  160:3  166:1  169:1  175:1  176:1  180:1  182:1  200:1  202:1  203:1  205:1  208:1  217:1  218:1  220:1  234:1
  short unary avg len: 2.00
1023.698558,10.766413,371.774990
[PASSED]
[time 1.96 s, user 1.80 s, sys 0.14 s, maxrss 201536 KB]
[busy 204 jiffies]
[exit 0]
--- c2 case 2 rec 1   load 1.39 1.03 0.92
[TEST C2-MARISA]
Processing dataset...
Done!
Building trie...
trie size: 2.238578 MB
trie size: 3.821277 MB
Done!
build time: 1382.184090 ms (1382.184090 ns per key)
space cost: 8.586061 MB (42.903452% of original size 20.012519 MB)
Querying trie...
Done!
total time: 497.792835 ms, avg latency: 497.792835 ns
topology: 1.213478 MB, link: 2.963206 MB, data: 4.388869 MB
--- Unary Path Analysis (Marisa, cutoff=3) ---
  branches: 1523874  |  single-char: 417651 (27.4%)  short-unary: 97461 (6.4%)  links: 1008762 (66.2%)
  link len: avg=12.11  max=234  total_chars=12215333
  link length distribution (len:count):  3:76859  4:82017  5:81216  6:79010  7:72564  8:64127  9:55531  10:50303  11:44703  12:39548  13:35394  14:31778  15:31462  16:28952  17:25995  18:23521  19:19840  20:18044  21:16382  22:14569  23:12399  24:11015  25:9715  26:8556  27:8141  28:7267  29:6255  30:5853  31:5207  32:4578  33:4049  34:3736  35:3293  36:2910  37:2688  38:2423  39:2074  40:1908  41:1670  42:1511  43:1333  44:1158  45:939  46:855  47:728  48:689  49:615  50:544  51:465  52:457  53:344  54:344  55:284  56:276  57:242  58:216  59:216  60:177  61:159  62:140  63:127  64:109  65:95  66:79  67:80  68:79  69:75  70:69  71:69  72:55  73:51  74:42  75:46  76:42  77:35  78:41  79:38  80:39  81:21  82:18  83:21  84:19  85:14  86:18  87:14  88:15  89:11  90:14  91:13  92:7  93:5  94:8  95:7  96:5  97:9  98:8  99:5  100:7  101:11  102:5  103:6  104:3  105:3  106:3  107:5  108:4  109:5  110:1  111:2  112:6  113:1  114:1  115:1  116:4  117:1  119:1  120:2  122:2  124:2  126:1  127:1  129:1  130:1  132:1  133:2  135:1  136:1  137:1  138:3  139:1  140:1  142:2  146:1  153:1  155:1  157:1  160:3  166:1  169:1  175:1  176:1  180:1  182:1  200:1  202:1  203:1  205:1  208:1  217:1  218:1  220:1  234:1
  short unary avg len: 2.00
1382.184090,8.586061,497.792835
[PASSED]
[time 2.46 s, user 2.29 s, sys 0.15 s, maxrss 197320 KB]
[busy 256 jiffies]
[exit 0]
--- c2 case 2 rec 2   load 1.35 1.03 0.92
[TEST C2-MARISA]
Processing dataset...
Done!
Building trie...
trie size: 2.238578 MB
trie size: 3.821277 MB
trie size: 1.037524 MB
Done!
build time: 1508.569275 ms (1508.569275 ns per key)
space cost: 8.586061 MB (42.903452% of original size 20.012519 MB)
Querying trie...
Done!
total time: 502.304604 ms, avg latency: 502.304604 ns
topology: 1.213478 MB, link: 2.963206 MB, data: 4.388869 MB
--- Unary Path Analysis (Marisa, cutoff=3) ---
  branches: 1523874  |  single-char: 417651 (27.4%)  short-unary: 97461 (6.4%)  links: 1008762 (66.2%)
  link len: avg=12.11  max=234  total_chars=12215333
  link length distribution (len:count):  3:76859  4:82017  5:81216  6:79010  7:72564  8:64127  9:55531  10:50303  11:44703  12:39548  13:35394  14:31778  15:31462  16:28952  17:25995  18:23521  19:19840  20:18044  21:16382  22:14569  23:12399  24:11015  25:9715  26:8556  27:8141  28:7267  29:6255  30:5853  31:5207  32:4578  33:4049  34:3736  35:3293  36:2910  37:2688  38:2423  39:2074  40:1908  41:1670  42:1511  43:1333  44:1158  45:939  46:855  47:728  48:689  49:615  50:544  51:465  52:457  53:344  54:344  55:284  56:276  57:242  58:216  59:216  60:177  61:159  62:140  63:127  64:109  65:95  66:79  67:80  68:79  69:75  70:69  71:69  72:55  73:51  74:42  75:46  76:42  77:35  78:41  79:38  80:39  81:21  82:18  83:21  84:19  85:14  86:18  87:14  88:15  89:11  90:14  91:13  92:7  93:5  94:8  95:7  96:5  97:9  98:8  99:5  100:7  101:11  102:5  103:6  104:3  105:3  106:3  107:5  108:4  109:5  110:1  111:2  112:6  113:1  114:1  115:1  116:4  117:1  119:1  120:2  122:2  124:2  126:1  127:1  129:1  130:1  132:1  133:2  135:1  136:1  137:1  138:3  139:1  140:1  142:2  146:1  153:1  155:1  157:1  160:3  166:1  169:1  175:1  176:1  180:1  182:1  200:1  202:1  203:1  205:1  208:1  217:1  218:1  220:1  234:1
  short unary avg len: 2.00
1508.569275,8.586061,502.304604
[PASSED]
[time 2.59 s, user 2.42 s, sys 0.15 s, maxrss 197012 KB]
[busy 269 jiffies]
[exit 0]
--- c2 case 3 rec 0   load 1.25 1.01 0.92
[TEST FST]
Processing dataset...
Done!
Building trie...
Done!
build time: 795.332117 ms (795.332117 ns per key)
space cost: 12.223534 MB (61.079436% of original size 20.012519 MB)
Querying trie...
Done!
total time: 682.985779 ms, avg latency: 682.985779 ns
not implemented
795.332117,12.223534,682.985779
[PASSED]
[time 2.05 s, user 1.95 s, sys 0.08 s, maxrss 131008 KB]
[busy 216 jiffies]
[exit 0]
--- c2 case 4 rec 0   skipped: exit 134 in round 1
--- c2 case 5 rec 0   load 1.25 1.01 0.92
[TEST MARISA]
Processing dataset...
Done!
Building trie...
Done!
build time: 593.306144 ms (593.306144 ns per key)
space cost: 12.537066 MB (62.646119% of original size 20.012519 MB)
Querying trie...
Done!
total time: 500.127553 ms, avg latency: 500.127553 ns
not implemented
593.306144,12.537066,500.127553
[PASSED]
[time 1.67 s, user 1.52 s, sys 0.13 s, maxrss 195204 KB]
[busy 175 jiffies]
[exit 0]
--- c2 case 5 rec 1   load 1.22 1.01 0.92
[TEST MARISA]
Processing dataset...
Done!
Building trie...
Done!
build time: 762.843844 ms (762.843844 ns per key)
space cost: 8.680676 MB (43.376231% of original size 20.012519 MB)
Querying trie...
Done!
total time: 776.454826 ms, avg latency: 776.454826 ns
not implemented
762.843844,8.680676,776.454826
[PASSED]
[time 2.10 s, user 1.95 s, sys 0.14 s, maxrss 195216 KB]
[busy 220 jiffies]
[exit 0]
--- c2 case 5 rec 2   load 1.22 1.01 0.92
[TEST MARISA]
Processing dataset...
Done!
Building trie...
Done!
build time: 804.267772 ms (804.267772 ns per key)
space cost: 7.806685 MB (39.009010% of original size 20.012519 MB)
Querying trie...
Done!
total time: 889.152155 ms, avg latency: 889.152155 ns
not implemented
804.267772,7.806685,889.152155
[PASSED]
[time 2.27 s, user 2.11 s, sys 0.15 s, maxrss 195084 KB]
[busy 237 jiffies]
[exit 0]
--- c2 case 6 rec 0   load 1.21 1.01 0.92
[TEST PDT]
Processing dataset...
Done!
Building trie...
dict size: 157446, stream size: 7395682
Done!
build time: 3415.338296 ms (3415.338296 ns per key)
space cost: 8.479283 MB (42.369895% of original size 20.012519 MB)
Querying trie...
Done!
total time: 643.590916 ms, avg latency: 643.590916 ns
not implemented
3415.338296,8.479283,643.590916
[PASSED]
[time 4.63 s, user 4.42 s, sys 0.18 s, maxrss 256252 KB]
[busy 479 jiffies]
[exit 0]
--- c2 case 7 rec 0   load 1.19 1.01 0.92
[TEST ART]
Processing dataset...
Done!
Building trie...
Done!
build time: 163.414963 ms (163.414963 ns per key)
space cost: 32.696541 MB (163.380437% of original size 20.012519 MB)
Querying trie...
Done!
total time: 404.857179 ms, avg latency: 404.857179 ns
not implemented
163.414963,32.696541,404.857179
[PASSED]
[time 1.16 s, user 1.06 s, sys 0.09 s, maxrss 176408 KB]
[busy 126 jiffies]
[exit 0]
--- c2 case 8 rec 0   load 1.09 0.99 0.91
[TEST CART]
Processing dataset...
Done!
Building trie...
Done!
build time: 209.544714 ms (209.544714 ns per key)
space cost: 14.850546 MB (74.206280% of original size 20.012519 MB)
Querying trie...
Done!
total time: 450.373128 ms, avg latency: 450.373128 ns
not implemented
209.544714,14.850546,450.373128
[PASSED]
[time 1.24 s, user 1.14 s, sys 0.09 s, maxrss 163716 KB]
[busy 133 jiffies]
[exit 0]
--- xcdat 7   load 1.09 0.99 0.91
build time: 634.344026 ms
space cost: 14.813288 MiB (74.020106% of original size 20.012519 MiB)
avg latency: 262.756287 ns
634.344026,14.813288,262.756287
[time 1.48 s, user 1.37 s, sys 0.10 s, maxrss 161512 KB]
[busy 156 jiffies]
[exit 0]
--- xcdat 8   load 1.01 0.98 0.91
build time: 600.971462 ms
space cost: 14.333878 MiB (71.624555% of original size 20.012519 MiB)
avg latency: 253.146926 ns
600.971462,14.333878,253.146926
[time 1.44 s, user 1.33 s, sys 0.09 s, maxrss 161172 KB]
[busy 152 jiffies]
[exit 0]
--- xcdat 15   load 1.01 0.98 0.91
build time: 630.709314 ms
space cost: 16.333202 MiB (81.614925% of original size 20.012519 MiB)
avg latency: 241.039870 ns
630.709314,16.333202,241.039870
[time 1.46 s, user 1.34 s, sys 0.10 s, maxrss 163676 KB]
[busy 156 jiffies]
[exit 0]
--- xcdat 16   load 0.93 0.96 0.90
build time: 601.708326 ms
space cost: 16.875467 MiB (84.324554% of original size 20.012519 MiB)
avg latency: 259.548598 ns
601.708326,16.875467,259.548598
[time 1.45 s, user 1.34 s, sys 0.10 s, maxrss 164704 KB]
[busy 152 jiffies]
[exit 0]

##### titles-ru-1000000 (1000000 lines, 36819661 bytes)   round 3/3   2026-09-24T03:56:41+03:00
--- lexindex dict32   load 0.93 0.96 0.90
1000000 keys
lexindex DictIndex block 32: build 306 ms, size 6.963 MiB (7.302 B/key), latency cold 461.1 ns, then mean 456.1 / min 454.8 ns
306.276,6.963340,461.109
[time 2.72 s, user 4.76 s, sys 0.26 s, maxrss 300260 KB]
[busy 527 jiffies]
[exit 0]
--- lexindex dict256   load 0.93 0.96 0.90
1000000 keys
lexindex DictIndex block 256: build 322 ms, size 6.544 MiB (6.862 B/key), latency cold 498.8 ns, then mean 493.4 / min 489.9 ns
322.368,6.543816,498.826
[time 2.89 s, user 4.96 s, sys 0.29 s, maxrss 300908 KB]
[busy 546 jiffies]
[exit 0]
--- lexindex dict1024   load 0.86 0.95 0.90
1000000 keys
lexindex DictIndex block 1024: build 335 ms, size 6.388 MiB (6.698 B/key), latency cold 560.2 ns, then mean 553.1 / min 551.1 ns
335.275,6.387671,560.241
[time 3.14 s, user 4.45 s, sys 0.25 s, maxrss 301500 KB]
[busy 497 jiffies]
[exit 0]
--- lexindex string   load 0.86 0.95 0.90
1000000 keys
lexindex StringIndex: build 1475 ms, size 30.276 MiB (31.746 B/key), latency cold 546.7 ns, then mean 535.1 / min 521.7 ns
1474.933,30.275526,546.729
[time 4.20 s, user 4.07 s, sys 0.11 s, maxrss 212716 KB]
[busy 446 jiffies]
[exit 0]
--- lexindex hashed0   load 0.87 0.95 0.90
1000000 keys
lexindex HashedDictIndex closed: build 488 ms, size 9.157 MiB (9.602 B/key), latency cold 56.0 ns, then mean 54.1 / min 53.6 ns
487.937,9.157313,55.954
[time 1.30 s, user 3.36 s, sys 0.28 s, maxrss 302220 KB]
[busy 389 jiffies]
[exit 0]
--- lexindex hashed8   load 0.88 0.95 0.90
1000000 keys
lexindex HashedDictIndex fp=8: build 486 ms, size 10.111 MiB (10.602 B/key), latency cold 65.3 ns, then mean 62.5 / min 62.3 ns
486.372,10.110988,65.327
[time 1.32 s, user 3.47 s, sys 0.28 s, maxrss 303436 KB]
[busy 398 jiffies]
[exit 0]
--- lexindex hashed16   load 0.88 0.95 0.90
1000000 keys
lexindex HashedDictIndex fp=16: build 483 ms, size 11.065 MiB (11.602 B/key), latency cold 64.8 ns, then mean 62.3 / min 61.7 ns
482.910,11.064662,64.762
[time 1.33 s, user 3.41 s, sys 0.31 s, maxrss 306648 KB]
[busy 397 jiffies]
[exit 0]
--- c2 case 0 rec 0   load 0.89 0.95 0.90
[TEST C2-FST]
Processing dataset...
Done!
Building trie...
Done!
build time: 1248.817915 ms (1248.817915 ns per key)
space cost: 13.454716 MB (39.387006% of original size 34.160291 MB)
Querying trie...
Done!
total time: 721.775516 ms, avg latency: 721.775516 ns
topology: 1.316696 MB, link: 2.448647 MB, data: 9.689372 MB
--- Unary Path Analysis (FST, cutoff=4) ---
  shared unary steps in main trie: 1444849
  terminal suffixes: inplace=70261 (avg len=2.02)  links=837902 (92.3% of terminal)
  link len: avg=18.90  max=238  total_chars=15835418
  link length distribution (len:count):  4:38002  5:25136  6:46678  7:25626  8:51081  9:27061  10:49555  11:26346  12:44099  13:24737  14:35638  15:24081  16:29538  17:19279  18:25434  19:16078  20:16463  21:14405  22:12877  23:14367  24:11738  25:15079  26:11391  27:16946  28:11354  29:17411  30:12058  31:16873  32:11600  33:15555  34:11210  35:12790  36:9994  37:10106  38:7923  39:7962  40:6648  41:5829  42:4930  43:4945  44:3895  45:3528  46:3382  47:2749  48:2598  49:2269  50:2117  51:1901  52:1753  53:1665  54:1553  55:1449  56:1305  57:1145  58:1092  59:1004  60:875  61:848  62:788  63:815  64:741  65:605  66:640  67:594  68:554  69:512  70:530  71:482  72:415  73:428  74:424  75:368  76:310  77:349  78:289  79:299  80:274  81:267  82:209  83:198  84:204  85:187  86:188  87:169  88:154  89:148  90:143  91:149  92:108  93:110  94:105  95:111  96:95  97:79  98:91  99:85  100:98  101:68  102:61  103:57  104:50  105:52  106:54  107:61  108:50  109:62  110:44  111:43  112:42  113:44  114:37  115:29  116:42  117:29  118:35  119:28  120:37  121:28  122:24  123:19  124:19  125:31  126:29  127:26  128:15  129:19  130:30  131:11  132:22  133:9  134:11  135:14  136:17  137:15  138:6  139:7  140:14  141:16  142:8  143:9  144:14  145:12  146:8  147:11  148:7  149:9  150:6  151:12  152:9  153:13  154:7  155:5  156:6  157:3  158:8  159:4  160:7  161:11  162:5  163:11  164:3  165:5  166:7  167:4  168:4  169:6  170:3  171:4  172:3  173:9  174:4  175:1  176:4  177:5  178:6  179:4  180:4  181:2  182:6  183:7  184:4  185:2  186:3  187:2  188:2  190:1  191:1  192:3  193:3  194:2  196:2  197:2  198:4  200:1  202:1  205:2  207:2  208:1  210:2  212:2  213:1  217:2  218:2  220:1  222:1  228:2  234:1  239:1
1248.817915,13.454716,721.775516
[PASSED]
[time 2.68 s, user 2.53 s, sys 0.13 s, maxrss 226952 KB]
[busy 277 jiffies]
[exit 0]
--- c2 case 0 rec 1   load 0.82 0.93 0.90
[TEST C2-FST]
Processing dataset...
Done!
Building trie...
trie size: 3.233313 MB
Done!
build time: 1659.958444 ms (1659.958444 ns per key)
space cost: 10.950089 MB (32.055021% of original size 34.160291 MB)
Querying trie...
Done!
total time: 741.318046 ms, avg latency: 741.318046 ns
topology: 1.728611 MB, link: 2.656099 MB, data: 6.565378 MB
--- Unary Path Analysis (FST, cutoff=4) ---
  shared unary steps in main trie: 1444849
  terminal suffixes: inplace=70261 (avg len=2.02)  links=837902 (92.3% of terminal)
  link len: avg=18.90  max=238  total_chars=15835418
  link length distribution (len:count):  4:38002  5:25136  6:46678  7:25626  8:51081  9:27061  10:49555  11:26346  12:44099  13:24737  14:35638  15:24081  16:29538  17:19279  18:25434  19:16078  20:16463  21:14405  22:12877  23:14367  24:11738  25:15079  26:11391  27:16946  28:11354  29:17411  30:12058  31:16873  32:11600  33:15555  34:11210  35:12790  36:9994  37:10106  38:7923  39:7962  40:6648  41:5829  42:4930  43:4945  44:3895  45:3528  46:3382  47:2749  48:2598  49:2269  50:2117  51:1901  52:1753  53:1665  54:1553  55:1449  56:1305  57:1145  58:1092  59:1004  60:875  61:848  62:788  63:815  64:741  65:605  66:640  67:594  68:554  69:512  70:530  71:482  72:415  73:428  74:424  75:368  76:310  77:349  78:289  79:299  80:274  81:267  82:209  83:198  84:204  85:187  86:188  87:169  88:154  89:148  90:143  91:149  92:108  93:110  94:105  95:111  96:95  97:79  98:91  99:85  100:98  101:68  102:61  103:57  104:50  105:52  106:54  107:61  108:50  109:62  110:44  111:43  112:42  113:44  114:37  115:29  116:42  117:29  118:35  119:28  120:37  121:28  122:24  123:19  124:19  125:31  126:29  127:26  128:15  129:19  130:30  131:11  132:22  133:9  134:11  135:14  136:17  137:15  138:6  139:7  140:14  141:16  142:8  143:9  144:14  145:12  146:8  147:11  148:7  149:9  150:6  151:12  152:9  153:13  154:7  155:5  156:6  157:3  158:8  159:4  160:7  161:11  162:5  163:11  164:3  165:5  166:7  167:4  168:4  169:6  170:3  171:4  172:3  173:9  174:4  175:1  176:4  177:5  178:6  179:4  180:4  181:2  182:6  183:7  184:4  185:2  186:3  187:2  188:2  190:1  191:1  192:3  193:3  194:2  196:2  197:2  198:4  200:1  202:1  205:2  207:2  208:1  210:2  212:2  213:1  217:2  218:2  220:1  222:1  228:2  234:1  239:1
1659.958444,10.950089,741.318046
[PASSED]
[time 3.11 s, user 2.95 s, sys 0.15 s, maxrss 215556 KB]
[busy 323 jiffies]
[exit 0]
--- c2 case 0 rec 2   load 0.82 0.93 0.90
[TEST C2-FST]
Processing dataset...
Done!
Building trie...
trie size: 3.233313 MB
trie size: 0.910584 MB
Done!
build time: 1782.235026 ms (1782.235026 ns per key)
space cost: 10.950089 MB (32.055021% of original size 34.160291 MB)
Querying trie...
Done!
total time: 746.715581 ms, avg latency: 746.715581 ns
topology: 1.728611 MB, link: 2.656099 MB, data: 6.565378 MB
--- Unary Path Analysis (FST, cutoff=4) ---
  shared unary steps in main trie: 1444849
  terminal suffixes: inplace=70261 (avg len=2.02)  links=837902 (92.3% of terminal)
  link len: avg=18.90  max=238  total_chars=15835418
  link length distribution (len:count):  4:38002  5:25136  6:46678  7:25626  8:51081  9:27061  10:49555  11:26346  12:44099  13:24737  14:35638  15:24081  16:29538  17:19279  18:25434  19:16078  20:16463  21:14405  22:12877  23:14367  24:11738  25:15079  26:11391  27:16946  28:11354  29:17411  30:12058  31:16873  32:11600  33:15555  34:11210  35:12790  36:9994  37:10106  38:7923  39:7962  40:6648  41:5829  42:4930  43:4945  44:3895  45:3528  46:3382  47:2749  48:2598  49:2269  50:2117  51:1901  52:1753  53:1665  54:1553  55:1449  56:1305  57:1145  58:1092  59:1004  60:875  61:848  62:788  63:815  64:741  65:605  66:640  67:594  68:554  69:512  70:530  71:482  72:415  73:428  74:424  75:368  76:310  77:349  78:289  79:299  80:274  81:267  82:209  83:198  84:204  85:187  86:188  87:169  88:154  89:148  90:143  91:149  92:108  93:110  94:105  95:111  96:95  97:79  98:91  99:85  100:98  101:68  102:61  103:57  104:50  105:52  106:54  107:61  108:50  109:62  110:44  111:43  112:42  113:44  114:37  115:29  116:42  117:29  118:35  119:28  120:37  121:28  122:24  123:19  124:19  125:31  126:29  127:26  128:15  129:19  130:30  131:11  132:22  133:9  134:11  135:14  136:17  137:15  138:6  139:7  140:14  141:16  142:8  143:9  144:14  145:12  146:8  147:11  148:7  149:9  150:6  151:12  152:9  153:13  154:7  155:5  156:6  157:3  158:8  159:4  160:7  161:11  162:5  163:11  164:3  165:5  166:7  167:4  168:4  169:6  170:3  171:4  172:3  173:9  174:4  175:1  176:4  177:5  178:6  179:4  180:4  181:2  182:6  183:7  184:4  185:2  186:3  187:2  188:2  190:1  191:1  192:3  193:3  194:2  196:2  197:2  198:4  200:1  202:1  205:2  207:2  208:1  210:2  212:2  213:1  217:2  218:2  220:1  222:1  228:2  234:1  239:1
1782.235026,10.950089,746.715581
[PASSED]
[time 3.25 s, user 3.10 s, sys 0.13 s, maxrss 215444 KB]
[busy 339 jiffies]
[exit 0]
--- c2 case 1 rec 0   load 0.83 0.93 0.90
[TEST C2-CoCo(LOUDS-Sparse)]
Processing dataset...
Done!
Building trie...
Done!
build time: 3453.660663 ms (3453.660663 ns per key)
space cost: 14.618523 MB (42.793905% of original size 34.160291 MB)
Querying trie...
Done!
total time: 999.202457 ms, avg latency: 999.202457 ns
topology: 0.472511 MB, link: 3.816133 MB, data: 10.329878 MB
3453.660663,14.618523,999.202457
[PASSED]
[time 5.16 s, user 4.89 s, sys 0.24 s, maxrss 446088 KB]
[busy 532 jiffies]
[exit 0]
--- c2 case 1 rec 1   load 0.78 0.92 0.89
[TEST C2-CoCo(LOUDS-Sparse)]
Processing dataset...
Done!
Building trie...
trie size: 3.233313 MB
Done!
build time: 3828.479696 ms (3828.479696 ns per key)
space cost: 12.113895 MB (35.461921% of original size 34.160291 MB)
Querying trie...
Done!
total time: 1029.800005 ms, avg latency: 1029.800005 ns
topology: 0.884426 MB, link: 4.023585 MB, data: 7.205884 MB
3828.479696,12.113895,1029.800005
[PASSED]
[time 5.56 s, user 5.33 s, sys 0.21 s, maxrss 432584 KB]
[busy 573 jiffies]
[exit 0]
--- c2 case 1 rec 2   load 0.80 0.92 0.89
[TEST C2-CoCo(LOUDS-Sparse)]
Processing dataset...
Done!
Building trie...
trie size: 3.233313 MB
trie size: 0.910584 MB
Done!
build time: 3991.740378 ms (3991.740378 ns per key)
space cost: 12.113895 MB (35.461921% of original size 34.160291 MB)
Querying trie...
Done!
total time: 1056.064540 ms, avg latency: 1056.064540 ns
topology: 0.884426 MB, link: 4.023585 MB, data: 7.205884 MB
3991.740378,12.113895,1056.064540
[PASSED]
[time 5.77 s, user 5.51 s, sys 0.23 s, maxrss 432544 KB]
[busy 595 jiffies]
[exit 0]
--- c2 case 2 rec 0   load 0.81 0.92 0.90
[TEST C2-MARISA]
Processing dataset...
Done!
Building trie...
trie size: 2.484302 MB
Done!
build time: 1202.533623 ms (1202.533623 ns per key)
space cost: 12.012337 MB (35.164621% of original size 34.160291 MB)
Querying trie...
Done!
total time: 508.793270 ms, avg latency: 508.793270 ns
topology: 0.823292 MB, link: 2.965906 MB, data: 8.202631 MB
--- Unary Path Analysis (Marisa, cutoff=3) ---
  branches: 1657128  |  single-char: 447774 (27.0%)  short-unary: 128432 (7.8%)  links: 1080922 (65.2%)
  link len: avg=17.77  max=240  total_chars=19212544
  link length distribution (len:count):  3:87321  4:48292  5:58975  6:36358  7:58121  8:33015  9:59626  10:32247  11:55687  12:30072  13:49121  14:27545  15:39628  16:26319  17:32373  18:20972  19:27510  20:17247  21:17760  22:15297  23:13707  24:14933  25:12396  26:15583  27:11863  28:17395  29:11704  30:17896  31:12395  32:17216  33:11862  34:15819  35:11459  36:13046  37:10194  38:10344  39:8104  40:8139  41:6769  42:6000  43:5033  44:5077  45:3963  46:3720  47:3456  48:2871  49:2663  50:2321  51:2168  52:1981  53:1813  54:1693  55:1597  56:1488  57:1344  58:1172  59:1122  60:1025  61:904  62:871  63:814  64:834  65:767  66:626  67:663  68:607  69:568  70:524  71:545  72:489  73:428  74:436  75:441  76:375  77:319  78:357  79:299  80:304  81:282  82:274  83:213  84:203  85:208  86:189  87:193  88:179  89:159  90:153  91:146  92:153  93:110  94:115  95:107  96:113  97:98  98:81  99:92  100:91  101:100  102:69  103:62  104:60  105:53  106:53  107:55  108:63  109:50  110:63  111:44  112:45  113:43  114:49  115:38  116:32  117:45  118:31  119:36  120:28  121:37  122:28  123:24  124:20  125:19  126:32  127:29  128:26  129:15  130:19  131:30  132:11  133:22  134:9  135:11  136:14  137:18  138:15  139:6  140:8  141:14  142:16  143:8  144:10  145:14  146:12  147:8  148:11  149:7  150:9  151:6  152:12  153:9  154:13  155:7  156:5  157:6  158:3  159:8  160:4  161:7  162:11  163:6  164:11  165:3  166:5  167:7  168:4  169:5  170:6  171:3  172:4  173:3  174:9  175:4  176:1  177:4  178:5  179:7  180:4  181:4  182:2  183:6  184:7  185:4  186:2  187:3  188:2  189:2  191:1  192:1  193:3  194:3  195:2  197:2  198:2  199:4  201:1  203:1  206:2  208:2  209:1  211:2  213:2  214:1  218:2  219:2  221:1  223:1  229:2  235:1  240:1
  short unary avg len: 2.00
1202.533623,12.012337,508.793270
[PASSED]
[time 2.41 s, user 2.25 s, sys 0.15 s, maxrss 243484 KB]
[busy 250 jiffies]
[exit 0]
--- c2 case 2 rec 1   load 0.83 0.92 0.90
[TEST C2-MARISA]
Processing dataset...
Done!
Building trie...
trie size: 2.484302 MB
trie size: 4.015308 MB
Done!
build time: 1636.890708 ms (1636.890708 ns per key)
space cost: 9.221785 MB (26.995627% of original size 34.160291 MB)
Querying trie...
Done!
total time: 399.713783 ms, avg latency: 399.713783 ns
topology: 1.302711 MB, link: 3.189349 MB, data: 4.709216 MB
--- Unary Path Analysis (Marisa, cutoff=3) ---
  branches: 1657128  |  single-char: 447774 (27.0%)  short-unary: 128432 (7.8%)  links: 1080922 (65.2%)
  link len: avg=17.77  max=240  total_chars=19212544
  link length distribution (len:count):  3:87321  4:48292  5:58975  6:36358  7:58121  8:33015  9:59626  10:32247  11:55687  12:30072  13:49121  14:27545  15:39628  16:26319  17:32373  18:20972  19:27510  20:17247  21:17760  22:15297  23:13707  24:14933  25:12396  26:15583  27:11863  28:17395  29:11704  30:17896  31:12395  32:17216  33:11862  34:15819  35:11459  36:13046  37:10194  38:10344  39:8104  40:8139  41:6769  42:6000  43:5033  44:5077  45:3963  46:3720  47:3456  48:2871  49:2663  50:2321  51:2168  52:1981  53:1813  54:1693  55:1597  56:1488  57:1344  58:1172  59:1122  60:1025  61:904  62:871  63:814  64:834  65:767  66:626  67:663  68:607  69:568  70:524  71:545  72:489  73:428  74:436  75:441  76:375  77:319  78:357  79:299  80:304  81:282  82:274  83:213  84:203  85:208  86:189  87:193  88:179  89:159  90:153  91:146  92:153  93:110  94:115  95:107  96:113  97:98  98:81  99:92  100:91  101:100  102:69  103:62  104:60  105:53  106:53  107:55  108:63  109:50  110:63  111:44  112:45  113:43  114:49  115:38  116:32  117:45  118:31  119:36  120:28  121:37  122:28  123:24  124:20  125:19  126:32  127:29  128:26  129:15  130:19  131:30  132:11  133:22  134:9  135:11  136:14  137:18  138:15  139:6  140:8  141:14  142:16  143:8  144:10  145:14  146:12  147:8  148:11  149:7  150:9  151:6  152:12  153:9  154:13  155:7  156:5  157:6  158:3  159:8  160:4  161:7  162:11  163:6  164:11  165:3  166:5  167:7  168:4  169:5  170:6  171:3  172:4  173:3  174:9  175:4  176:1  177:4  178:5  179:7  180:4  181:4  182:2  183:6  184:7  185:4  186:2  187:3  188:2  189:2  191:1  192:1  193:3  194:3  195:2  197:2  198:2  199:4  201:1  203:1  206:2  208:2  209:1  211:2  213:2  214:1  218:2  219:2  221:1  223:1  229:2  235:1  240:1
  short unary avg len: 2.00
1636.890708,9.221785,399.713783
[PASSED]
[time 2.74 s, user 2.56 s, sys 0.17 s, maxrss 227400 KB]
[busy 283 jiffies]
[exit 0]
--- c2 case 2 rec 2   load 0.76 0.91 0.89
[TEST C2-MARISA]
Processing dataset...
Done!
Building trie...
trie size: 2.484302 MB
trie size: 4.015308 MB
trie size: 1.015766 MB
Done!
build time: 1752.551075 ms (1752.551075 ns per key)
space cost: 8.714260 MB (25.509912% of original size 34.160291 MB)
Querying trie...
Done!
total time: 382.713700 ms, avg latency: 382.713700 ns
topology: 1.481594 MB, link: 3.266720 MB, data: 3.945438 MB
--- Unary Path Analysis (Marisa, cutoff=3) ---
  branches: 1657128  |  single-char: 447774 (27.0%)  short-unary: 128432 (7.8%)  links: 1080922 (65.2%)
  link len: avg=17.77  max=240  total_chars=19212544
  link length distribution (len:count):  3:87321  4:48292  5:58975  6:36358  7:58121  8:33015  9:59626  10:32247  11:55687  12:30072  13:49121  14:27545  15:39628  16:26319  17:32373  18:20972  19:27510  20:17247  21:17760  22:15297  23:13707  24:14933  25:12396  26:15583  27:11863  28:17395  29:11704  30:17896  31:12395  32:17216  33:11862  34:15819  35:11459  36:13046  37:10194  38:10344  39:8104  40:8139  41:6769  42:6000  43:5033  44:5077  45:3963  46:3720  47:3456  48:2871  49:2663  50:2321  51:2168  52:1981  53:1813  54:1693  55:1597  56:1488  57:1344  58:1172  59:1122  60:1025  61:904  62:871  63:814  64:834  65:767  66:626  67:663  68:607  69:568  70:524  71:545  72:489  73:428  74:436  75:441  76:375  77:319  78:357  79:299  80:304  81:282  82:274  83:213  84:203  85:208  86:189  87:193  88:179  89:159  90:153  91:146  92:153  93:110  94:115  95:107  96:113  97:98  98:81  99:92  100:91  101:100  102:69  103:62  104:60  105:53  106:53  107:55  108:63  109:50  110:63  111:44  112:45  113:43  114:49  115:38  116:32  117:45  118:31  119:36  120:28  121:37  122:28  123:24  124:20  125:19  126:32  127:29  128:26  129:15  130:19  131:30  132:11  133:22  134:9  135:11  136:14  137:18  138:15  139:6  140:8  141:14  142:16  143:8  144:10  145:14  146:12  147:8  148:11  149:7  150:9  151:6  152:12  153:9  154:13  155:7  156:5  157:6  158:3  159:8  160:4  161:7  162:11  163:6  164:11  165:3  166:5  167:7  168:4  169:5  170:6  171:3  172:4  173:3  174:9  175:4  176:1  177:4  178:5  179:7  180:4  181:4  182:2  183:6  184:7  185:4  186:2  187:3  188:2  189:2  191:1  192:1  193:3  194:3  195:2  197:2  198:2  199:4  201:1  203:1  206:2  208:2  209:1  211:2  213:2  214:1  218:2  219:2  221:1  223:1  229:2  235:1  240:1
  short unary avg len: 2.00
1752.551075,8.714260,382.713700
[PASSED]
[time 2.85 s, user 2.68 s, sys 0.15 s, maxrss 226948 KB]
[busy 295 jiffies]
[exit 0]
--- c2 case 3 rec 0   load 0.76 0.91 0.89
[TEST FST]
Processing dataset...
Done!
Building trie...
Done!
build time: 1148.638997 ms (1148.638997 ns per key)
space cost: 15.406425 MB (45.100393% of original size 34.160291 MB)
Querying trie...
Done!
total time: 1203.901904 ms, avg latency: 1203.901904 ns
not implemented
1148.638997,15.406425,1203.901904
[PASSED]
[time 3.06 s, user 2.94 s, sys 0.11 s, maxrss 177176 KB]
[busy 320 jiffies]
[exit 0]
--- c2 case 4 rec 0   skipped: exit 134 in round 1
--- c2 case 5 rec 0   load 0.86 0.93 0.90
[TEST MARISA]
Processing dataset...
Done!
Building trie...
Done!
build time: 752.672047 ms (752.672047 ns per key)
space cost: 14.925114 MB (43.691413% of original size 34.160291 MB)
Querying trie...
Done!
total time: 690.323691 ms, avg latency: 690.323691 ns
not implemented
752.672047,14.925114,690.323691
[PASSED]
[time 2.15 s, user 1.98 s, sys 0.15 s, maxrss 231340 KB]
[busy 223 jiffies]
[exit 0]
--- c2 case 5 rec 1   load 0.87 0.93 0.90
[TEST MARISA]
Processing dataset...
Done!
Building trie...
Done!
build time: 943.318602 ms (943.318602 ns per key)
space cost: 9.445531 MB (27.650616% of original size 34.160291 MB)
Querying trie...
Done!
total time: 1082.712877 ms, avg latency: 1082.712877 ns
not implemented
943.318602,9.445531,1082.712877
[PASSED]
[time 2.72 s, user 2.56 s, sys 0.14 s, maxrss 231328 KB]
[busy 282 jiffies]
[exit 0]
--- c2 case 5 rec 2   load 0.80 0.91 0.89
[TEST MARISA]
Processing dataset...
Done!
Building trie...
Done!
build time: 994.982576 ms (994.982576 ns per key)
space cost: 8.209226 MB (24.031487% of original size 34.160291 MB)
Querying trie...
Done!
total time: 1231.038739 ms, avg latency: 1231.038739 ns
not implemented
994.982576,8.209226,1231.038739
[PASSED]
[time 2.91 s, user 2.74 s, sys 0.15 s, maxrss 231304 KB]
[busy 309 jiffies]
[exit 0]
--- c2 case 6 rec 0   load 0.80 0.91 0.89
[TEST PDT]
Processing dataset...
Done!
Building trie...
dict size: 149058, stream size: 8676288
Done!
build time: 2758.943866 ms (2758.943866 ns per key)
space cost: 9.692565 MB (28.373778% of original size 34.160291 MB)
Querying trie...
Done!
total time: 771.370691 ms, avg latency: 771.370691 ns
not implemented
2758.943866,9.692565,771.370691
[PASSED]
[time 4.24 s, user 4.04 s, sys 0.18 s, maxrss 238424 KB]
[busy 438 jiffies]
[exit 0]
--- c2 case 7 rec 0   load 0.82 0.91 0.89
[TEST ART]
Processing dataset...
Done!
Building trie...
Done!
build time: 225.172217 ms (225.172217 ns per key)
space cost: 37.032776 MB (108.408843% of original size 34.160291 MB)
Querying trie...
Done!
total time: 585.976117 ms, avg latency: 585.976117 ns
not implemented
225.172217,37.032776,585.976117
[PASSED]
[time 1.55 s, user 1.41 s, sys 0.13 s, maxrss 239044 KB]
[busy 162 jiffies]
[exit 0]
--- c2 case 8 rec 0   load 0.99 0.95 0.91
[TEST CART]
Processing dataset...
Done!
Building trie...
Done!
build time: 290.903160 ms (290.903160 ns per key)
space cost: 17.935776 MB (52.504752% of original size 34.160291 MB)
Querying trie...
Done!
total time: 631.496874 ms, avg latency: 631.496874 ns
not implemented
290.903160,17.935776,631.496874
[PASSED]
[time 1.65 s, user 1.52 s, sys 0.12 s, maxrss 228312 KB]
[busy 176 jiffies]
[exit 0]
--- xcdat 7   load 0.91 0.93 0.90
build time: 826.137717 ms
space cost: 18.793670 MiB (55.016129% of original size 34.160291 MiB)
avg latency: 394.785469 ns
826.137717,18.793670,394.785469
[time 1.93 s, user 1.78 s, sys 0.13 s, maxrss 207464 KB]
[busy 202 jiffies]
[exit 0]
--- xcdat 8   load 0.91 0.93 0.90
build time: 775.655876 ms
space cost: 18.486019 MiB (54.115521% of original size 34.160291 MiB)
avg latency: 372.473704 ns
775.655876,18.486019,372.473704
[time 1.85 s, user 1.69 s, sys 0.15 s, maxrss 207380 KB]
[busy 194 jiffies]
[exit 0]
--- xcdat 15   load 0.84 0.92 0.90
build time: 817.696020 ms
space cost: 22.013930 MiB (64.443041% of original size 34.160291 MiB)
avg latency: 356.929719 ns
817.696020,22.013930,356.929719
[time 1.89 s, user 1.72 s, sys 0.15 s, maxrss 213452 KB]
[busy 202 jiffies]
[exit 0]
--- xcdat 16   load 0.84 0.92 0.90
build time: 771.354049 ms
space cost: 22.860906 MiB (66.922456% of original size 34.160291 MiB)
avg latency: 379.305865 ns
771.354049,22.860906,379.305865
[time 1.86 s, user 1.71 s, sys 0.14 s, maxrss 213496 KB]
[busy 197 jiffies]
[exit 0]

##### titles-zh-1000000 (1000000 lines, 17871822 bytes)   round 3/3   2026-09-24T03:58:24+03:00
--- lexindex dict32   load 0.85 0.92 0.90
1000000 keys
lexindex DictIndex block 32: build 256 ms, size 5.823 MiB (6.105 B/key), latency cold 382.1 ns, then mean 378.2 / min 375.6 ns
255.637,5.822630,382.091
[time 2.29 s, user 3.57 s, sys 0.25 s, maxrss 258300 KB]
[busy 404 jiffies]
[exit 0]
--- lexindex dict256   load 0.79 0.90 0.89
1000000 keys
lexindex DictIndex block 256: build 262 ms, size 5.580 MiB (5.851 B/key), latency cold 402.7 ns, then mean 398.9 / min 393.5 ns
262.228,5.580144,402.682
[time 2.37 s, user 3.73 s, sys 0.24 s, maxrss 259984 KB]
[busy 420 jiffies]
[exit 0]
--- lexindex dict1024   load 0.79 0.90 0.89
1000000 keys
lexindex DictIndex block 1024: build 279 ms, size 5.423 MiB (5.687 B/key), latency cold 493.5 ns, then mean 492.7 / min 491.9 ns
279.444,5.423172,493.487
[time 2.76 s, user 3.57 s, sys 0.19 s, maxrss 249580 KB]
[busy 403 jiffies]
[exit 0]
--- lexindex string   load 0.80 0.90 0.89
1000000 keys
lexindex StringIndex: build 773 ms, size 16.712 MiB (17.523 B/key), latency cold 286.3 ns, then mean 278.5 / min 276.5 ns
772.978,16.711605,286.316
[time 2.39 s, user 2.29 s, sys 0.08 s, maxrss 152796 KB]
[busy 254 jiffies]
[exit 0]
--- lexindex hashed0   load 0.74 0.89 0.89
1000000 keys
lexindex HashedDictIndex closed: build 377 ms, size 8.194 MiB (8.592 B/key), latency cold 34.5 ns, then mean 34.0 / min 32.9 ns
377.424,8.193651,34.525
[time 1.02 s, user 2.38 s, sys 0.27 s, maxrss 259204 KB]
[busy 289 jiffies]
[exit 0]
--- lexindex hashed8   load 0.74 0.89 0.89
1000000 keys
lexindex HashedDictIndex fp=8: build 376 ms, size 9.147 MiB (9.592 B/key), latency cold 40.4 ns, then mean 37.4 / min 35.9 ns
376.498,9.147326,40.359
[time 1.04 s, user 2.45 s, sys 0.24 s, maxrss 261444 KB]
[busy 289 jiffies]
[exit 0]
--- lexindex hashed16   load 0.74 0.89 0.89
1000000 keys
lexindex HashedDictIndex fp=16: build 377 ms, size 10.101 MiB (10.592 B/key), latency cold 43.6 ns, then mean 40.4 / min 39.8 ns
377.210,10.101000,43.593
[time 1.05 s, user 2.40 s, sys 0.25 s, maxrss 257656 KB]
[busy 289 jiffies]
[exit 0]
--- c2 case 0 rec 0   load 0.76 0.89 0.89
[TEST C2-FST]
Processing dataset...
Done!
Building trie...
Done!
build time: 655.479741 ms (655.479741 ns per key)
space cost: 9.315402 MB (57.894796% of original size 16.090223 MB)
Querying trie...
Done!
total time: 426.489268 ms, avg latency: 426.489268 ns
topology: 1.013481 MB, link: 1.860200 MB, data: 6.441721 MB
--- Unary Path Analysis (FST, cutoff=4) ---
  shared unary steps in main trie: 533155
  terminal suffixes: inplace=237541 (avg len=1.85)  links=651614 (73.3% of terminal)
  link len: avg=9.49  max=219  total_chars=6184530
  link length distribution (len:count):  4:101787  5:75109  6:33236  7:70197  8:54797  9:28682  10:45020  11:39800  12:18111  13:26128  14:25316  15:13287  16:18412  17:17629  18:7811  19:11663  20:10322  21:4897  22:7909  23:6587  24:3201  25:5027  26:3953  27:2124  28:3009  29:2707  30:1318  31:2090  32:1807  33:932  34:1302  35:1246  36:576  37:856  38:792  39:335  40:596  41:485  42:228  43:398  44:289  45:126  46:187  47:184  48:83  49:123  50:115  51:56  52:76  53:79  54:43  55:73  56:58  57:28  58:35  59:27  60:9  61:32  62:19  63:18  64:20  65:11  66:19  67:16  68:13  69:6  70:14  71:16  72:6  73:9  74:5  75:5  76:7  77:5  78:2  79:17  80:2  81:7  82:8  83:7  84:3  85:7  86:7  87:3  88:3  89:2  90:4  91:3  92:3  93:1  94:1  95:3  96:5  97:1  98:4  101:2  102:1  103:1  104:1  106:2  107:1  112:2  113:1  115:1  116:1  120:1  121:1  122:1  124:1  130:1  138:1  148:1  151:1  155:2  184:1  188:1  204:1  220:1
655.479741,9.315402,426.489268
[PASSED]
[time 1.58 s, user 1.46 s, sys 0.10 s, maxrss 186516 KB]
[busy 167 jiffies]
[exit 0]
--- c2 case 0 rec 1   load 0.76 0.89 0.89
[TEST C2-FST]
Processing dataset...
Done!
Building trie...
trie size: 2.382156 MB
Done!
build time: 822.210395 ms (822.210395 ns per key)
space cost: 7.814046 MB (48.563937% of original size 16.090223 MB)
Querying trie...
Done!
total time: 432.041984 ms, avg latency: 432.041984 ns
topology: 1.289776 MB, link: 2.002253 MB, data: 4.522017 MB
--- Unary Path Analysis (FST, cutoff=4) ---
  shared unary steps in main trie: 533155
  terminal suffixes: inplace=237541 (avg len=1.85)  links=651614 (73.3% of terminal)
  link len: avg=9.49  max=219  total_chars=6184530
  link length distribution (len:count):  4:101787  5:75109  6:33236  7:70197  8:54797  9:28682  10:45020  11:39800  12:18111  13:26128  14:25316  15:13287  16:18412  17:17629  18:7811  19:11663  20:10322  21:4897  22:7909  23:6587  24:3201  25:5027  26:3953  27:2124  28:3009  29:2707  30:1318  31:2090  32:1807  33:932  34:1302  35:1246  36:576  37:856  38:792  39:335  40:596  41:485  42:228  43:398  44:289  45:126  46:187  47:184  48:83  49:123  50:115  51:56  52:76  53:79  54:43  55:73  56:58  57:28  58:35  59:27  60:9  61:32  62:19  63:18  64:20  65:11  66:19  67:16  68:13  69:6  70:14  71:16  72:6  73:9  74:5  75:5  76:7  77:5  78:2  79:17  80:2  81:7  82:8  83:7  84:3  85:7  86:7  87:3  88:3  89:2  90:4  91:3  92:3  93:1  94:1  95:3  96:5  97:1  98:4  101:2  102:1  103:1  104:1  106:2  107:1  112:2  113:1  115:1  116:1  120:1  121:1  122:1  124:1  130:1  138:1  148:1  151:1  155:2  184:1  188:1  204:1  220:1
822.210395,7.814046,432.041984
[PASSED]
[time 1.75 s, user 1.62 s, sys 0.12 s, maxrss 186068 KB]
[busy 183 jiffies]
[exit 0]
--- c2 case 0 rec 2   load 0.78 0.89 0.89
[TEST C2-FST]
Processing dataset...
Done!
Building trie...
trie size: 2.382156 MB
trie size: 0.519189 MB
Done!
build time: 876.422829 ms (876.422829 ns per key)
space cost: 7.814046 MB (48.563937% of original size 16.090223 MB)
Querying trie...
Done!
total time: 439.977449 ms, avg latency: 439.977449 ns
topology: 1.289776 MB, link: 2.002253 MB, data: 4.522017 MB
--- Unary Path Analysis (FST, cutoff=4) ---
  shared unary steps in main trie: 533155
  terminal suffixes: inplace=237541 (avg len=1.85)  links=651614 (73.3% of terminal)
  link len: avg=9.49  max=219  total_chars=6184530
  link length distribution (len:count):  4:101787  5:75109  6:33236  7:70197  8:54797  9:28682  10:45020  11:39800  12:18111  13:26128  14:25316  15:13287  16:18412  17:17629  18:7811  19:11663  20:10322  21:4897  22:7909  23:6587  24:3201  25:5027  26:3953  27:2124  28:3009  29:2707  30:1318  31:2090  32:1807  33:932  34:1302  35:1246  36:576  37:856  38:792  39:335  40:596  41:485  42:228  43:398  44:289  45:126  46:187  47:184  48:83  49:123  50:115  51:56  52:76  53:79  54:43  55:73  56:58  57:28  58:35  59:27  60:9  61:32  62:19  63:18  64:20  65:11  66:19  67:16  68:13  69:6  70:14  71:16  72:6  73:9  74:5  75:5  76:7  77:5  78:2  79:17  80:2  81:7  82:8  83:7  84:3  85:7  86:7  87:3  88:3  89:2  90:4  91:3  92:3  93:1  94:1  95:3  96:5  97:1  98:4  101:2  102:1  103:1  104:1  106:2  107:1  112:2  113:1  115:1  116:1  120:1  121:1  122:1  124:1  130:1  138:1  148:1  151:1  155:2  184:1  188:1  204:1  220:1
876.422829,7.814046,439.977449
[PASSED]
[time 1.82 s, user 1.68 s, sys 0.12 s, maxrss 186276 KB]
[busy 189 jiffies]
[exit 0]
--- c2 case 1 rec 0   load 0.72 0.88 0.89
[TEST C2-CoCo(LOUDS-Sparse)]
Processing dataset...
Done!
Building trie...
Done!
build time: 1624.502404 ms (1624.502404 ns per key)
space cost: 10.076944 MB (62.627748% of original size 16.090223 MB)
Querying trie...
Done!
total time: 615.697199 ms, avg latency: 615.697199 ns
topology: 0.428116 MB, link: 2.771456 MB, data: 6.877373 MB
1624.502404,10.076944,615.697199
[PASSED]
[time 2.73 s, user 2.52 s, sys 0.19 s, maxrss 343696 KB]
[busy 283 jiffies]
[exit 0]
--- c2 case 1 rec 1   load 0.72 0.88 0.89
[TEST C2-CoCo(LOUDS-Sparse)]
Processing dataset...
Done!
Building trie...
trie size: 2.382156 MB
Done!
build time: 1792.363102 ms (1792.363102 ns per key)
space cost: 8.575588 MB (53.296888% of original size 16.090223 MB)
Querying trie...
Done!
total time: 650.340632 ms, avg latency: 650.340632 ns
topology: 0.704411 MB, link: 2.913508 MB, data: 4.957669 MB
1792.363102,8.575588,650.340632
[PASSED]
[time 2.95 s, user 2.73 s, sys 0.21 s, maxrss 343640 KB]
[busy 308 jiffies]
[exit 0]
--- c2 case 1 rec 2   load 0.74 0.88 0.89
[TEST C2-CoCo(LOUDS-Sparse)]
Processing dataset...
Done!
Building trie...
trie size: 2.382156 MB
trie size: 0.519189 MB
Done!
build time: 1831.128092 ms (1831.128092 ns per key)
space cost: 8.575588 MB (53.296888% of original size 16.090223 MB)
Querying trie...
Done!
total time: 628.751785 ms, avg latency: 628.751785 ns
topology: 0.704411 MB, link: 2.913508 MB, data: 4.957669 MB
1831.128092,8.575588,628.751785
[PASSED]
[time 2.97 s, user 2.77 s, sys 0.18 s, maxrss 343924 KB]
[busy 307 jiffies]
[exit 0]
--- c2 case 2 rec 0   load 0.76 0.88 0.89
[TEST C2-MARISA]
Processing dataset...
Done!
Building trie...
trie size: 2.376703 MB
Done!
build time: 720.646003 ms (720.646003 ns per key)
space cost: 9.316646 MB (57.902525% of original size 16.090223 MB)
Querying trie...
Done!
total time: 334.889764 ms, avg latency: 334.889764 ns
topology: 0.787403 MB, link: 2.444094 MB, data: 6.064641 MB
--- Unary Path Analysis (Marisa, cutoff=3) ---
  branches: 1581104  |  single-char: 512959 (32.4%)  short-unary: 177539 (11.2%)  links: 890606 (56.3%)
  link len: avg=9.57  max=221  total_chars=8521548
  link length distribution (len:count):  3:117743  4:70413  5:118917  6:85174  7:37680  8:75877  9:57977  10:30193  11:47337  12:41279  13:18765  14:27062  15:25994  16:13620  17:18901  18:18001  19:8082  20:11948  21:10483  22:5017  23:8072  24:6695  25:3249  26:5099  27:4017  28:2164  29:3054  30:2749  31:1341  32:2116  33:1821  34:942  35:1314  36:1256  37:587  38:865  39:798  40:341  41:600  42:486  43:231  44:401  45:290  46:126  47:187  48:184  49:84  50:123  51:115  52:56  53:77  54:82  55:43  56:74  57:60  58:29  59:35  60:27  61:10  62:32  63:19  64:19  65:20  66:11  67:19  68:16  69:13  70:6  71:14  72:16  73:6  74:9  75:5  76:5  77:7  78:5  79:2  80:17  81:2  82:7  83:8  84:7  85:3  86:7  87:7  88:3  89:3  90:2  91:4  92:3  93:3  94:1  95:1  96:4  97:5  98:1  99:4  102:2  103:1  104:1  105:1  107:2  108:1  113:2  114:1  116:1  117:1  121:1  122:1  123:1  125:1  131:1  139:1  149:1  152:1  156:2  185:1  189:1  205:1  221:1
  short unary avg len: 2.00
720.646003,9.316646,334.889764
[PASSED]
[time 1.54 s, user 1.40 s, sys 0.13 s, maxrss 216088 KB]
[busy 166 jiffies]
[exit 0]
--- c2 case 2 rec 1   load 0.76 0.88 0.89
[TEST C2-MARISA]
Processing dataset...
Done!
Building trie...
trie size: 2.376703 MB
trie size: 3.200656 MB
Done!
build time: 929.036358 ms (929.036358 ns per key)
space cost: 7.215687 MB (44.845163% of original size 16.090223 MB)
Querying trie...
Done!
total time: 281.202397 ms, avg latency: 281.202397 ns
topology: 1.146584 MB, link: 2.476871 MB, data: 3.571725 MB
--- Unary Path Analysis (Marisa, cutoff=3) ---
  branches: 1581104  |  single-char: 512959 (32.4%)  short-unary: 177539 (11.2%)  links: 890606 (56.3%)
  link len: avg=9.57  max=221  total_chars=8521548
  link length distribution (len:count):  3:117743  4:70413  5:118917  6:85174  7:37680  8:75877  9:57977  10:30193  11:47337  12:41279  13:18765  14:27062  15:25994  16:13620  17:18901  18:18001  19:8082  20:11948  21:10483  22:5017  23:8072  24:6695  25:3249  26:5099  27:4017  28:2164  29:3054  30:2749  31:1341  32:2116  33:1821  34:942  35:1314  36:1256  37:587  38:865  39:798  40:341  41:600  42:486  43:231  44:401  45:290  46:126  47:187  48:184  49:84  50:123  51:115  52:56  53:77  54:82  55:43  56:74  57:60  58:29  59:35  60:27  61:10  62:32  63:19  64:19  65:20  66:11  67:19  68:16  69:13  70:6  71:14  72:16  73:6  74:9  75:5  76:5  77:7  78:5  79:2  80:17  81:2  82:7  83:8  84:7  85:3  86:7  87:7  88:3  89:3  90:2  91:4  92:3  93:3  94:1  95:1  96:4  97:5  98:1  99:4  102:2  103:1  104:1  105:1  107:2  108:1  113:2  114:1  116:1  117:1  121:1  122:1  123:1  125:1  131:1  139:1  149:1  152:1  156:2  185:1  189:1  205:1  221:1
  short unary avg len: 2.00
929.036358,7.215687,281.202397
[PASSED]
[time 1.70 s, user 1.55 s, sys 0.14 s, maxrss 216384 KB]
[busy 179 jiffies]
[exit 0]
--- c2 case 2 rec 2   load 0.78 0.89 0.89
[TEST C2-MARISA]
Processing dataset...
Done!
Building trie...
trie size: 2.376703 MB
trie size: 3.200656 MB
trie size: 0.643222 MB
Done!
build time: 986.405835 ms (986.405835 ns per key)
space cost: 7.215687 MB (44.845163% of original size 16.090223 MB)
Querying trie...
Done!
total time: 284.221291 ms, avg latency: 284.221291 ns
topology: 1.146584 MB, link: 2.476871 MB, data: 3.571725 MB
--- Unary Path Analysis (Marisa, cutoff=3) ---
  branches: 1581104  |  single-char: 512959 (32.4%)  short-unary: 177539 (11.2%)  links: 890606 (56.3%)
  link len: avg=9.57  max=221  total_chars=8521548
  link length distribution (len:count):  3:117743  4:70413  5:118917  6:85174  7:37680  8:75877  9:57977  10:30193  11:47337  12:41279  13:18765  14:27062  15:25994  16:13620  17:18901  18:18001  19:8082  20:11948  21:10483  22:5017  23:8072  24:6695  25:3249  26:5099  27:4017  28:2164  29:3054  30:2749  31:1341  32:2116  33:1821  34:942  35:1314  36:1256  37:587  38:865  39:798  40:341  41:600  42:486  43:231  44:401  45:290  46:126  47:187  48:184  49:84  50:123  51:115  52:56  53:77  54:82  55:43  56:74  57:60  58:29  59:35  60:27  61:10  62:32  63:19  64:19  65:20  66:11  67:19  68:16  69:13  70:6  71:14  72:16  73:6  74:9  75:5  76:5  77:7  78:5  79:2  80:17  81:2  82:7  83:8  84:7  85:3  86:7  87:7  88:3  89:3  90:2  91:4  92:3  93:3  94:1  95:1  96:4  97:5  98:1  99:4  102:2  103:1  104:1  105:1  107:2  108:1  113:2  114:1  116:1  117:1  121:1  122:1  123:1  125:1  131:1  139:1  149:1  152:1  156:2  185:1  189:1  205:1  221:1
  short unary avg len: 2.00
986.405835,7.215687,284.221291
[PASSED]
[time 1.76 s, user 1.62 s, sys 0.12 s, maxrss 216460 KB]
[busy 185 jiffies]
[exit 0]
--- c2 case 3 rec 0   load 0.78 0.89 0.89
[TEST FST]
Processing dataset...
Done!
Building trie...
Done!
build time: 657.329117 ms (657.329117 ns per key)
space cost: 9.251146 MB (57.495450% of original size 16.090223 MB)
Querying trie...
Done!
total time: 602.301912 ms, avg latency: 602.301912 ns
not implemented
657.329117,9.251146,602.301912
[PASSED]
[time 1.75 s, user 1.67 s, sys 0.07 s, maxrss 110860 KB]
[busy 185 jiffies]
[exit 0]
--- c2 case 4 rec 0   skipped: exit 134 in round 1
--- c2 case 5 rec 0   load 0.80 0.89 0.89
[TEST MARISA]
Processing dataset...
Done!
Building trie...
Done!
build time: 525.919740 ms (525.919740 ns per key)
space cost: 9.064179 MB (56.333459% of original size 16.090223 MB)
Querying trie...
Done!
total time: 458.856542 ms, avg latency: 458.856542 ns
not implemented
525.919740,9.064179,458.856542
[PASSED]
[time 1.48 s, user 1.35 s, sys 0.12 s, maxrss 182188 KB]
[busy 157 jiffies]
[exit 0]
--- c2 case 5 rec 1   load 0.73 0.87 0.89
[TEST MARISA]
Processing dataset...
Done!
Building trie...
Done!
build time: 632.528573 ms (632.528573 ns per key)
space cost: 6.703102 MB (41.659472% of original size 16.090223 MB)
Querying trie...
Done!
total time: 674.021731 ms, avg latency: 674.021731 ns
not implemented
632.528573,6.703102,674.021731
[PASSED]
[time 1.80 s, user 1.65 s, sys 0.14 s, maxrss 181864 KB]
[busy 192 jiffies]
[exit 0]
--- c2 case 5 rec 2   load 0.73 0.87 0.89
[TEST MARISA]
Processing dataset...
Done!
Building trie...
Done!
build time: 665.315768 ms (665.315768 ns per key)
space cost: 6.233802 MB (38.742793% of original size 16.090223 MB)
Querying trie...
Done!
total time: 749.545229 ms, avg latency: 749.545229 ns
not implemented
665.315768,6.233802,749.545229
[PASSED]
[time 1.90 s, user 1.79 s, sys 0.10 s, maxrss 182196 KB]
[busy 198 jiffies]
[exit 0]
--- c2 case 6 rec 0   load 0.67 0.86 0.88
[TEST PDT]
Processing dataset...
Done!
Building trie...
dict size: 161960, stream size: 6363323
Done!
build time: 3103.860976 ms (3103.860976 ns per key)
space cost: 7.499054 MB (46.606276% of original size 16.090223 MB)
Querying trie...
Done!
total time: 611.592354 ms, avg latency: 611.592354 ns
not implemented
3103.860976,7.499054,611.592354
[PASSED]
[time 4.22 s, user 4.10 s, sys 0.10 s, maxrss 166868 KB]
[busy 437 jiffies]
[exit 0]
--- c2 case 7 rec 0   load 0.70 0.86 0.88
[TEST ART]
Processing dataset...
Done!
Building trie...
Done!
build time: 134.689622 ms (134.689622 ns per key)
space cost: 33.565483 MB (208.607938% of original size 16.090223 MB)
Querying trie...
Done!
total time: 348.797684 ms, avg latency: 348.797684 ns
not implemented
134.689622,33.565483,348.797684
[PASSED]
[time 0.98 s, user 0.89 s, sys 0.08 s, maxrss 155876 KB]
[busy 106 jiffies]
[exit 0]
--- c2 case 8 rec 0   load 0.70 0.86 0.88
[TEST CART]
Processing dataset...
Done!
Building trie...
Done!
build time: 181.470388 ms (181.470388 ns per key)
space cost: 15.100161 MB (93.846806% of original size 16.090223 MB)
Querying trie...
Done!
total time: 423.111259 ms, avg latency: 423.111259 ns
not implemented
181.470388,15.100161,423.111259
[PASSED]
[time 1.12 s, user 1.03 s, sys 0.08 s, maxrss 146956 KB]
[busy 120 jiffies]
[exit 0]
--- xcdat 7   load 0.64 0.85 0.88
build time: 545.928356 ms
space cost: 11.666194 MiB (72.504860% of original size 16.090223 MiB)
avg latency: 218.910859 ns
545.928356,11.666194,218.910859
[time 1.27 s, user 1.17 s, sys 0.09 s, maxrss 147884 KB]
[busy 134 jiffies]
[exit 0]
--- xcdat 8   load 0.64 0.85 0.88
build time: 508.297859 ms
space cost: 11.129195 MiB (69.167438% of original size 16.090223 MiB)
avg latency: 210.156064 ns
508.297859,11.129195,210.156064
[time 1.22 s, user 1.11 s, sys 0.10 s, maxrss 147704 KB]
[busy 130 jiffies]
[exit 0]
--- xcdat 15   load 0.64 0.85 0.88
build time: 529.153878 ms
space cost: 12.949578 MiB (80.481035% of original size 16.090223 MiB)
avg latency: 191.802798 ns
529.153878,12.949578,191.802798
[time 1.23 s, user 1.12 s, sys 0.10 s, maxrss 148588 KB]
[busy 132 jiffies]
[exit 0]
--- xcdat 16   load 0.67 0.85 0.88
build time: 502.004781 ms
space cost: 13.463712 MiB (83.676351% of original size 16.090223 MiB)
avg latency: 212.238668 ns
502.004781,13.463712,212.238668
[time 1.23 s, user 1.14 s, sys 0.08 s, maxrss 149268 KB]
[busy 130 jiffies]
[exit 0]

##### urls-1000000 (1000000 lines, 53361181 bytes)   round 3/3   2026-09-24T03:59:42+03:00
--- lexindex dict32   load 0.67 0.85 0.88
1000000 keys
lexindex DictIndex block 32: build 392 ms, size 8.414 MiB (8.823 B/key), latency cold 443.8 ns, then mean 439.3 / min 436.8 ns
391.535,8.414411,443.797
[time 2.76 s, user 5.10 s, sys 0.34 s, maxrss 324116 KB]
[busy 569 jiffies]
[exit 0]
--- lexindex dict256   load 0.70 0.85 0.88
1000000 keys
lexindex DictIndex block 256: build 391 ms, size 7.163 MiB (7.511 B/key), latency cold 475.4 ns, then mean 467.6 / min 466.7 ns
390.655,7.163084,475.412
[time 2.87 s, user 5.27 s, sys 0.35 s, maxrss 320036 KB]
[busy 590 jiffies]
[exit 0]
--- lexindex dict1024   load 0.72 0.85 0.88
1000000 keys
lexindex DictIndex block 1024: build 427 ms, size 6.934 MiB (7.271 B/key), latency cold 537.9 ns, then mean 532.7 / min 530.7 ns
426.936,6.934203,537.860
[time 3.17 s, user 4.69 s, sys 0.28 s, maxrss 335708 KB]
[busy 526 jiffies]
[exit 0]
--- lexindex string   load 0.75 0.86 0.88
1000000 keys
lexindex StringIndex: build 1106 ms, size 16.099 MiB (16.881 B/key), latency cold 429.0 ns, then mean 418.8 / min 416.5 ns
1106.088,16.099341,429.037
[time 3.37 s, user 3.23 s, sys 0.12 s, maxrss 220428 KB]
[busy 358 jiffies]
[exit 0]
--- lexindex hashed0   load 0.69 0.84 0.88
1000000 keys
lexindex HashedDictIndex closed: build 520 ms, size 9.777 MiB (10.251 B/key), latency cold 62.8 ns, then mean 60.8 / min 60.7 ns
520.105,9.776591,62.827
[time 1.35 s, user 3.81 s, sys 0.33 s, maxrss 324060 KB]
[busy 440 jiffies]
[exit 0]
--- lexindex hashed8   load 0.69 0.84 0.88
1000000 keys
lexindex HashedDictIndex fp=8: build 513 ms, size 10.730 MiB (11.251 B/key), latency cold 73.3 ns, then mean 71.6 / min 71.2 ns
512.801,10.730266,73.304
[time 1.39 s, user 3.85 s, sys 0.33 s, maxrss 325432 KB]
[busy 442 jiffies]
[exit 0]
--- lexindex hashed16   load 0.63 0.83 0.87
1000000 keys
lexindex HashedDictIndex fp=16: build 518 ms, size 11.684 MiB (12.251 B/key), latency cold 75.0 ns, then mean 74.1 / min 72.3 ns
517.545,11.683940,74.969
[time 1.40 s, user 3.86 s, sys 0.33 s, maxrss 325964 KB]
[busy 445 jiffies]
[exit 0]
--- c2 case 0 rec 0   load 0.63 0.83 0.87
[TEST C2-FST]
Processing dataset...
Done!
Building trie...
Done!
build time: 1184.857580 ms (1184.857580 ns per key)
space cost: 11.640069 MB (23.310202% of original size 49.935513 MB)
Querying trie...
Done!
total time: 800.663277 ms, avg latency: 800.663277 ns
topology: 1.074997 MB, link: 2.347375 MB, data: 8.217697 MB
--- Unary Path Analysis (FST, cutoff=4) ---
  shared unary steps in main trie: 711966
  terminal suffixes: inplace=143732 (avg len=2.14)  links=800966 (84.8% of terminal)
  link len: avg=13.15  max=596  total_chars=10531952
  link length distribution (len:count):  4:63058  5:62039  6:59659  7:54131  8:47449  9:44821  10:40952  11:37727  12:34320  13:30594  14:29226  15:26885  16:26206  17:21450  18:19914  19:21120  20:19131  21:16702  22:14529  23:13405  24:12440  25:10970  26:9615  27:8669  28:7752  29:7002  30:6267  31:5704  32:4931  33:4493  34:4087  35:3562  36:3323  37:3007  38:2533  39:2401  40:2145  41:1856  42:1793  43:1565  44:1379  45:1246  46:1005  47:985  48:849  49:826  50:642  51:609  52:482  53:442  54:385  55:389  56:339  57:263  58:263  59:238  60:228  61:217  62:184  63:166  64:151  65:119  66:125  67:156  68:131  69:105  70:94  71:74  72:74  73:77  74:67  75:66  76:74  77:39  78:49  79:44  80:45  81:42  82:48  83:36  84:31  85:34  86:39  87:18  88:23  89:15  90:18  91:31  92:24  93:20  94:16  95:16  96:16  97:12  98:16  99:14  100:17  101:16  102:2  103:18  104:4  105:3  106:10  107:11  108:9  109:19  110:13  111:7  112:6  113:5  114:3  115:8  116:5  117:6  118:7  119:10  120:11  121:9  122:10  123:8  124:9  125:7  126:5  127:7  128:18  129:5  130:4  131:10  132:3  133:4  134:4  135:4  136:3  137:4  139:2  140:3  141:2  142:2  143:4  144:7  145:1  146:5  147:5  148:1  149:4  150:4  152:1  153:6  154:3  155:1  156:2  157:1  158:1  159:1  161:2  162:1  163:2  164:1  165:1  166:1  167:3  168:3  170:1  174:1  177:2  180:3  182:2  183:1  184:2  188:1  189:3  190:1  191:1  192:1  193:1  194:1  195:2  199:1  202:2  204:2  206:1  207:1  209:2  211:1  213:1  215:2  219:1  220:1  222:1  224:1  225:1  226:1  229:1  233:1  236:1  238:2  240:1  241:1  246:1  247:1  249:1  252:1  254:1  256:1  260:1  264:1  271:1  311:1  337:1  383:1  506:1  597:1
1184.857580,11.640069,800.663277
[PASSED]
[time 2.77 s, user 2.59 s, sys 0.17 s, maxrss 231600 KB]
[busy 288 jiffies]
[exit 0]
--- c2 case 0 rec 1   load 0.66 0.83 0.87
[TEST C2-FST]
Processing dataset...
Done!
Building trie...
trie size: 3.124794 MB
Done!
build time: 1545.705843 ms (1545.705843 ns per key)
space cost: 9.773470 MB (19.572183% of original size 49.935513 MB)
Querying trie...
Done!
total time: 953.687410 ms, avg latency: 953.687410 ns
topology: 1.480076 MB, link: 2.557474 MB, data: 5.735920 MB
--- Unary Path Analysis (FST, cutoff=4) ---
  shared unary steps in main trie: 711966
  terminal suffixes: inplace=143732 (avg len=2.14)  links=800966 (84.8% of terminal)
  link len: avg=13.15  max=596  total_chars=10531952
  link length distribution (len:count):  4:63058  5:62039  6:59659  7:54131  8:47449  9:44821  10:40952  11:37727  12:34320  13:30594  14:29226  15:26885  16:26206  17:21450  18:19914  19:21120  20:19131  21:16702  22:14529  23:13405  24:12440  25:10970  26:9615  27:8669  28:7752  29:7002  30:6267  31:5704  32:4931  33:4493  34:4087  35:3562  36:3323  37:3007  38:2533  39:2401  40:2145  41:1856  42:1793  43:1565  44:1379  45:1246  46:1005  47:985  48:849  49:826  50:642  51:609  52:482  53:442  54:385  55:389  56:339  57:263  58:263  59:238  60:228  61:217  62:184  63:166  64:151  65:119  66:125  67:156  68:131  69:105  70:94  71:74  72:74  73:77  74:67  75:66  76:74  77:39  78:49  79:44  80:45  81:42  82:48  83:36  84:31  85:34  86:39  87:18  88:23  89:15  90:18  91:31  92:24  93:20  94:16  95:16  96:16  97:12  98:16  99:14  100:17  101:16  102:2  103:18  104:4  105:3  106:10  107:11  108:9  109:19  110:13  111:7  112:6  113:5  114:3  115:8  116:5  117:6  118:7  119:10  120:11  121:9  122:10  123:8  124:9  125:7  126:5  127:7  128:18  129:5  130:4  131:10  132:3  133:4  134:4  135:4  136:3  137:4  139:2  140:3  141:2  142:2  143:4  144:7  145:1  146:5  147:5  148:1  149:4  150:4  152:1  153:6  154:3  155:1  156:2  157:1  158:1  159:1  161:2  162:1  163:2  164:1  165:1  166:1  167:3  168:3  170:1  174:1  177:2  180:3  182:2  183:1  184:2  188:1  189:3  190:1  191:1  192:1  193:1  194:1  195:2  199:1  202:2  204:2  206:1  207:1  209:2  211:1  213:1  215:2  219:1  220:1  222:1  224:1  225:1  226:1  229:1  233:1  236:1  238:2  240:1  241:1  246:1  247:1  249:1  252:1  254:1  256:1  260:1  264:1  271:1  311:1  337:1  383:1  506:1  597:1
1545.705843,9.773470,953.687410
[PASSED]
[time 3.29 s, user 3.09 s, sys 0.18 s, maxrss 227944 KB]
[busy 345 jiffies]
[exit 0]
--- c2 case 0 rec 2   load 0.61 0.82 0.87
[TEST C2-FST]
Processing dataset...
Done!
Building trie...
trie size: 3.124794 MB
trie size: 0.926831 MB
Done!
build time: 1676.626763 ms (1676.626763 ns per key)
space cost: 9.773470 MB (19.572183% of original size 49.935513 MB)
Querying trie...
Done!
total time: 948.554592 ms, avg latency: 948.554592 ns
topology: 1.480076 MB, link: 2.557474 MB, data: 5.735920 MB
--- Unary Path Analysis (FST, cutoff=4) ---
  shared unary steps in main trie: 711966
  terminal suffixes: inplace=143732 (avg len=2.14)  links=800966 (84.8% of terminal)
  link len: avg=13.15  max=596  total_chars=10531952
  link length distribution (len:count):  4:63058  5:62039  6:59659  7:54131  8:47449  9:44821  10:40952  11:37727  12:34320  13:30594  14:29226  15:26885  16:26206  17:21450  18:19914  19:21120  20:19131  21:16702  22:14529  23:13405  24:12440  25:10970  26:9615  27:8669  28:7752  29:7002  30:6267  31:5704  32:4931  33:4493  34:4087  35:3562  36:3323  37:3007  38:2533  39:2401  40:2145  41:1856  42:1793  43:1565  44:1379  45:1246  46:1005  47:985  48:849  49:826  50:642  51:609  52:482  53:442  54:385  55:389  56:339  57:263  58:263  59:238  60:228  61:217  62:184  63:166  64:151  65:119  66:125  67:156  68:131  69:105  70:94  71:74  72:74  73:77  74:67  75:66  76:74  77:39  78:49  79:44  80:45  81:42  82:48  83:36  84:31  85:34  86:39  87:18  88:23  89:15  90:18  91:31  92:24  93:20  94:16  95:16  96:16  97:12  98:16  99:14  100:17  101:16  102:2  103:18  104:4  105:3  106:10  107:11  108:9  109:19  110:13  111:7  112:6  113:5  114:3  115:8  116:5  117:6  118:7  119:10  120:11  121:9  122:10  123:8  124:9  125:7  126:5  127:7  128:18  129:5  130:4  131:10  132:3  133:4  134:4  135:4  136:3  137:4  139:2  140:3  141:2  142:2  143:4  144:7  145:1  146:5  147:5  148:1  149:4  150:4  152:1  153:6  154:3  155:1  156:2  157:1  158:1  159:1  161:2  162:1  163:2  164:1  165:1  166:1  167:3  168:3  170:1  174:1  177:2  180:3  182:2  183:1  184:2  188:1  189:3  190:1  191:1  192:1  193:1  194:1  195:2  199:1  202:2  204:2  206:1  207:1  209:2  211:1  213:1  215:2  219:1  220:1  222:1  224:1  225:1  226:1  229:1  233:1  236:1  238:2  240:1  241:1  246:1  247:1  249:1  252:1  254:1  256:1  260:1  264:1  271:1  311:1  337:1  383:1  506:1  597:1
1676.626763,9.773470,948.554592
[PASSED]
[time 3.40 s, user 3.23 s, sys 0.16 s, maxrss 228540 KB]
[busy 354 jiffies]
[exit 0]
--- c2 case 1 rec 0   load 0.56 0.80 0.86
[TEST C2-CoCo(LOUDS-Sparse)]
Processing dataset...
Done!
Building trie...
Done!
build time: 2480.315877 ms (2480.315877 ns per key)
space cost: 12.005466 MB (24.041940% of original size 49.935513 MB)
Querying trie...
Done!
total time: 878.040750 ms, avg latency: 878.040750 ns
topology: 0.422745 MB, link: 3.209543 MB, data: 8.373178 MB
2480.315877,12.005466,878.040750
[PASSED]
[time 4.12 s, user 3.89 s, sys 0.20 s, maxrss 407796 KB]
[busy 425 jiffies]
[exit 0]
--- c2 case 1 rec 1   load 0.51 0.79 0.86
[TEST C2-CoCo(LOUDS-Sparse)]
Processing dataset...
Done!
Building trie...
trie size: 3.124794 MB
Done!
build time: 2816.738252 ms (2816.738252 ns per key)
space cost: 10.138867 MB (20.303920% of original size 49.935513 MB)
Querying trie...
Done!
total time: 1008.290228 ms, avg latency: 1008.290228 ns
topology: 0.827824 MB, link: 3.419642 MB, data: 5.891401 MB
2816.738252,10.138867,1008.290228
[PASSED]
[time 4.60 s, user 4.35 s, sys 0.23 s, maxrss 398100 KB]
[busy 475 jiffies]
[exit 0]
--- c2 case 1 rec 2   load 0.55 0.79 0.86
[TEST C2-CoCo(LOUDS-Sparse)]
Processing dataset...
Done!
Building trie...
trie size: 3.124794 MB
trie size: 0.926831 MB
Done!
build time: 2969.141889 ms (2969.141889 ns per key)
space cost: 10.138867 MB (20.303920% of original size 49.935513 MB)
Querying trie...
Done!
total time: 1008.680170 ms, avg latency: 1008.680170 ns
topology: 0.827824 MB, link: 3.419642 MB, data: 5.891401 MB
2969.141889,10.138867,1008.680170
[PASSED]
[time 4.75 s, user 4.51 s, sys 0.22 s, maxrss 397904 KB]
[busy 492 jiffies]
[exit 0]
--- c2 case 2 rec 0   load 0.59 0.80 0.86
[TEST C2-MARISA]
Processing dataset...
Done!
Building trie...
trie size: 2.244002 MB
Done!
build time: 1167.861055 ms (1167.861055 ns per key)
space cost: 10.960715 MB (21.949740% of original size 49.935513 MB)
Querying trie...
Done!
total time: 452.308114 ms, avg latency: 452.308114 ns
topology: 0.743214 MB, link: 2.809175 MB, data: 7.387818 MB
--- Unary Path Analysis (Marisa, cutoff=3) ---
  branches: 1527762  |  single-char: 409800 (26.8%)  short-unary: 94203 (6.2%)  links: 1023759 (67.0%)
  link len: avg=12.97  max=598  total_chars=13282609
  link length distribution (len:count):  3:78091  4:83418  5:77115  6:71727  7:67342  8:60401  9:52007  10:48612  11:43341  12:39688  13:35797  14:31899  15:30173  16:27648  17:26857  18:22212  19:20563  20:21642  21:19617  22:17114  23:14842  24:13684  25:12695  26:11175  27:9829  28:8848  29:7935  30:7132  31:6445  32:5847  33:5055  34:4589  35:4148  36:3637  37:3382  38:3086  39:2567  40:2441  41:2168  42:1886  43:1827  44:1585  45:1405  46:1260  47:1016  48:995  49:861  50:844  51:650  52:616  53:486  54:450  55:392  56:393  57:345  58:266  59:265  60:240  61:230  62:219  63:185  64:166  65:151  66:119  67:125  68:158  69:131  70:105  71:94  72:74  73:75  74:77  75:68  76:66  77:74  78:40  79:49  80:44  81:45  82:43  83:48  84:36  85:31  86:35  87:40  88:19  89:24  90:15  91:18  92:31  93:24  94:20  95:16  96:16  97:16  98:12  99:16  100:14  101:17  102:16  103:2  104:18  105:4  106:3  107:10  108:11  109:9  110:19  111:13  112:7  113:6  114:5  115:3  116:8  117:5  118:6  119:8  120:10  121:11  122:9  123:10  124:8  125:9  126:7  127:5  128:7  129:18  130:5  131:4  132:10  133:3  134:4  135:4  136:4  137:4  138:4  140:2  141:3  142:2  143:2  144:4  145:7  146:1  147:5  148:5  149:1  150:4  151:4  153:1  154:6  155:3  156:1  157:2  158:1  159:1  160:1  162:2  163:1  164:2  165:1  166:1  167:1  168:3  169:3  171:1  175:1  178:2  181:3  183:2  184:1  185:2  189:1  190:3  191:1  192:1  193:1  194:1  195:1  196:2  200:1  203:2  205:2  207:1  208:1  210:2  212:1  214:1  216:2  220:1  221:1  223:1  225:1  226:1  227:1  230:1  234:1  237:1  239:2  241:1  242:1  247:1  248:1  250:1  253:1  255:1  257:1  261:1  265:1  272:1  312:1  338:1  384:1  507:1  598:1
  short unary avg len: 2.00
1167.861055,10.960715,452.308114
[PASSED]
[time 2.40 s, user 2.22 s, sys 0.17 s, maxrss 246532 KB]
[busy 253 jiffies]
[exit 0]
--- c2 case 2 rec 1   load 0.54 0.78 0.85
[TEST C2-MARISA]
Processing dataset...
Done!
Building trie...
trie size: 2.244002 MB
trie size: 3.864603 MB
Done!
build time: 1578.968151 ms (1578.968151 ns per key)
space cost: 8.779989 MB (17.582655% of original size 49.935513 MB)
Querying trie...
Done!
total time: 604.463314 ms, avg latency: 604.463314 ns
topology: 1.217873 MB, link: 3.069385 MB, data: 4.472224 MB
--- Unary Path Analysis (Marisa, cutoff=3) ---
  branches: 1527762  |  single-char: 409800 (26.8%)  short-unary: 94203 (6.2%)  links: 1023759 (67.0%)
  link len: avg=12.97  max=598  total_chars=13282609
  link length distribution (len:count):  3:78091  4:83418  5:77115  6:71727  7:67342  8:60401  9:52007  10:48612  11:43341  12:39688  13:35797  14:31899  15:30173  16:27648  17:26857  18:22212  19:20563  20:21642  21:19617  22:17114  23:14842  24:13684  25:12695  26:11175  27:9829  28:8848  29:7935  30:7132  31:6445  32:5847  33:5055  34:4589  35:4148  36:3637  37:3382  38:3086  39:2567  40:2441  41:2168  42:1886  43:1827  44:1585  45:1405  46:1260  47:1016  48:995  49:861  50:844  51:650  52:616  53:486  54:450  55:392  56:393  57:345  58:266  59:265  60:240  61:230  62:219  63:185  64:166  65:151  66:119  67:125  68:158  69:131  70:105  71:94  72:74  73:75  74:77  75:68  76:66  77:74  78:40  79:49  80:44  81:45  82:43  83:48  84:36  85:31  86:35  87:40  88:19  89:24  90:15  91:18  92:31  93:24  94:20  95:16  96:16  97:16  98:12  99:16  100:14  101:17  102:16  103:2  104:18  105:4  106:3  107:10  108:11  109:9  110:19  111:13  112:7  113:6  114:5  115:3  116:8  117:5  118:6  119:8  120:10  121:11  122:9  123:10  124:8  125:9  126:7  127:5  128:7  129:18  130:5  131:4  132:10  133:3  134:4  135:4  136:4  137:4  138:4  140:2  141:3  142:2  143:2  144:4  145:7  146:1  147:5  148:5  149:1  150:4  151:4  153:1  154:6  155:3  156:1  157:2  158:1  159:1  160:1  162:2  163:1  164:2  165:1  166:1  167:1  168:3  169:3  171:1  175:1  178:2  181:3  183:2  184:1  185:2  189:1  190:3  191:1  192:1  193:1  194:1  195:1  196:2  200:1  203:2  205:2  207:1  208:1  210:2  212:1  214:1  216:2  220:1  221:1  223:1  225:1  226:1  227:1  230:1  234:1  237:1  239:2  241:1  242:1  247:1  248:1  250:1  253:1  255:1  257:1  261:1  265:1  272:1  312:1  338:1  384:1  507:1  598:1
  short unary avg len: 2.00
1578.968151,8.779989,604.463314
[PASSED]
[time 2.99 s, user 2.76 s, sys 0.21 s, maxrss 241796 KB]
[busy 312 jiffies]
[exit 0]
--- c2 case 2 rec 2   load 0.54 0.78 0.85
[TEST C2-MARISA]
Processing dataset...
Done!
Building trie...
trie size: 2.244002 MB
trie size: 3.864603 MB
trie size: 1.068947 MB
Done!
build time: 1719.972372 ms (1719.972372 ns per key)
space cost: 8.365690 MB (16.752987% of original size 49.935513 MB)
Querying trie...
Done!
total time: 694.675551 ms, avg latency: 694.675551 ns
topology: 1.410183 MB, link: 3.158367 MB, data: 3.776632 MB
--- Unary Path Analysis (Marisa, cutoff=3) ---
  branches: 1527762  |  single-char: 409800 (26.8%)  short-unary: 94203 (6.2%)  links: 1023759 (67.0%)
  link len: avg=12.97  max=598  total_chars=13282609
  link length distribution (len:count):  3:78091  4:83418  5:77115  6:71727  7:67342  8:60401  9:52007  10:48612  11:43341  12:39688  13:35797  14:31899  15:30173  16:27648  17:26857  18:22212  19:20563  20:21642  21:19617  22:17114  23:14842  24:13684  25:12695  26:11175  27:9829  28:8848  29:7935  30:7132  31:6445  32:5847  33:5055  34:4589  35:4148  36:3637  37:3382  38:3086  39:2567  40:2441  41:2168  42:1886  43:1827  44:1585  45:1405  46:1260  47:1016  48:995  49:861  50:844  51:650  52:616  53:486  54:450  55:392  56:393  57:345  58:266  59:265  60:240  61:230  62:219  63:185  64:166  65:151  66:119  67:125  68:158  69:131  70:105  71:94  72:74  73:75  74:77  75:68  76:66  77:74  78:40  79:49  80:44  81:45  82:43  83:48  84:36  85:31  86:35  87:40  88:19  89:24  90:15  91:18  92:31  93:24  94:20  95:16  96:16  97:16  98:12  99:16  100:14  101:17  102:16  103:2  104:18  105:4  106:3  107:10  108:11  109:9  110:19  111:13  112:7  113:6  114:5  115:3  116:8  117:5  118:6  119:8  120:10  121:11  122:9  123:10  124:8  125:9  126:7  127:5  128:7  129:18  130:5  131:4  132:10  133:3  134:4  135:4  136:4  137:4  138:4  140:2  141:3  142:2  143:2  144:4  145:7  146:1  147:5  148:5  149:1  150:4  151:4  153:1  154:6  155:3  156:1  157:2  158:1  159:1  160:1  162:2  163:1  164:2  165:1  166:1  167:1  168:3  169:3  171:1  175:1  178:2  181:3  183:2  184:1  185:2  189:1  190:3  191:1  192:1  193:1  194:1  195:1  196:2  200:1  203:2  205:2  207:1  208:1  210:2  212:1  214:1  216:2  220:1  221:1  223:1  225:1  226:1  227:1  230:1  234:1  237:1  239:2  241:1  242:1  247:1  248:1  250:1  253:1  255:1  257:1  261:1  265:1  272:1  312:1  338:1  384:1  507:1  598:1
  short unary avg len: 2.00
1719.972372,8.365690,694.675551
[PASSED]
[time 3.22 s, user 3.00 s, sys 0.20 s, maxrss 242072 KB]
[busy 340 jiffies]
[exit 0]
--- c2 case 3 rec 0   load 0.58 0.79 0.85
[TEST FST]
Processing dataset...
Done!
Building trie...
Done!
build time: 1418.524203 ms (1418.524203 ns per key)
space cost: 12.952020 MB (25.937492% of original size 49.935513 MB)
Querying trie...
Done!
total time: 1205.827584 ms, avg latency: 1205.827584 ns
not implemented
1418.524203,12.952020,1205.827584
[PASSED]
[time 3.42 s, user 3.28 s, sys 0.13 s, maxrss 215048 KB]
[busy 353 jiffies]
[exit 0]
--- c2 case 4 rec 0   load 0.61 0.79 0.86
[TEST COCO]
Processing dataset...
Done!
Building trie...
num nodes = 618926, average depth = 10.757375
ef = 0.000126, pa = 0.112513, bv = 0.000294, de = 0.664175
efr = 0.000805, par = 0.102747, bvr = 0.000005, der = 0.119336
Done!
build time: 30907.745088 ms (30907.745088 ns per key)
space cost: 17.219774 MB (34.484023% of original size 49.935513 MB)
Querying trie...
Done!
total time: 1374.305753 ms, avg latency: 1374.305753 ns
not implemented
30907.745088,17.219774,1374.305753
[PASSED]
[time 34.27 s, user 27.39 s, sys 6.75 s, maxrss 15528964 KB]
[busy 3505 jiffies]
[exit 0]
--- c2 case 5 rec 0   load 0.79 0.82 0.86
[TEST MARISA]
Processing dataset...
Done!
Building trie...
Done!
build time: 983.852096 ms (983.852096 ns per key)
space cost: 13.234698 MB (26.503579% of original size 49.935513 MB)
Querying trie...
Done!
total time: 575.576200 ms, avg latency: 575.576200 ns
not implemented
983.852096,13.234698,575.576200
[PASSED]
[time 2.31 s, user 2.14 s, sys 0.15 s, maxrss 268008 KB]
[busy 241 jiffies]
[exit 0]
--- c2 case 5 rec 1   load 0.80 0.82 0.86
[TEST MARISA]
Processing dataset...
Done!
Building trie...
Done!
build time: 1162.100437 ms (1162.100437 ns per key)
space cost: 8.973619 MB (17.970414% of original size 49.935513 MB)
Querying trie...
Done!
total time: 871.246149 ms, avg latency: 871.246149 ns
not implemented
1162.100437,8.973619,871.246149
[PASSED]
[time 2.79 s, user 2.61 s, sys 0.15 s, maxrss 267988 KB]
[busy 288 jiffies]
[exit 0]
--- c2 case 5 rec 2   load 0.74 0.81 0.86
[TEST MARISA]
Processing dataset...
Done!
Building trie...
Done!
build time: 1217.930582 ms (1217.930582 ns per key)
space cost: 8.005336 MB (16.031348% of original size 49.935513 MB)
Querying trie...
Done!
total time: 1008.690219 ms, avg latency: 1008.690219 ns
not implemented
1217.930582,8.005336,1008.690219
[PASSED]
[time 2.98 s, user 2.80 s, sys 0.16 s, maxrss 267960 KB]
[busy 314 jiffies]
[exit 0]
--- c2 case 6 rec 0   load 0.74 0.81 0.86
[TEST PDT]
Processing dataset...
Done!
Building trie...
dict size: 156062, stream size: 7596722
Done!
build time: 3521.327986 ms (3521.327986 ns per key)
space cost: 8.669690 MB (17.361772% of original size 49.935513 MB)
Querying trie...
Done!
total time: 728.084774 ms, avg latency: 728.084774 ns
not implemented
3521.327986,8.669690,728.084774
[PASSED]
[time 5.02 s, user 4.81 s, sys 0.19 s, maxrss 298984 KB]
[busy 522 jiffies]
[exit 0]
--- c2 case 7 rec 0   load 0.70 0.79 0.85
[TEST ART]
Processing dataset...
Done!
Building trie...
Done!
build time: 316.075592 ms (316.075592 ns per key)
space cost: 32.934517 MB (65.954097% of original size 49.935513 MB)
Querying trie...
Done!
total time: 612.875616 ms, avg latency: 612.875616 ns
not implemented
316.075592,32.934517,612.875616
[PASSED]
[time 1.74 s, user 1.57 s, sys 0.16 s, maxrss 290804 KB]
[busy 185 jiffies]
[exit 0]
--- c2 case 8 rec 0   load 0.70 0.79 0.85
[TEST CART]
Processing dataset...
Done!
Building trie...
Done!
build time: 354.392459 ms (354.392459 ns per key)
space cost: 15.060642 MB (30.160183% of original size 49.935513 MB)
Querying trie...
Done!
total time: 638.472616 ms, avg latency: 638.472616 ns
not implemented
354.392459,15.060642,638.472616
[PASSED]
[time 1.80 s, user 1.64 s, sys 0.15 s, maxrss 278148 KB]
[busy 188 jiffies]
[exit 0]
--- xcdat 7   load 0.64 0.78 0.85
build time: 1159.111399 ms
space cost: 15.639350 MiB (31.319093% of original size 49.935513 MiB)
avg latency: 393.266334 ns
1159.111399,15.639350,393.266334
[time 2.34 s, user 2.17 s, sys 0.16 s, maxrss 231384 KB]
[busy 244 jiffies]
[exit 0]
--- xcdat 8   load 0.64 0.78 0.85
build time: 1121.201627 ms
space cost: 15.165496 MiB (30.370161% of original size 49.935513 MiB)
avg latency: 378.355799 ns
1121.201627,15.165496,378.355799
[time 2.29 s, user 2.11 s, sys 0.16 s, maxrss 231004 KB]
[busy 240 jiffies]
[exit 0]
--- xcdat 15   load 0.67 0.79 0.85
build time: 1147.438661 ms
space cost: 17.302892 MiB (34.650473% of original size 49.935513 MiB)
avg latency: 360.289673 ns
1147.438661,17.302892,360.289673
[time 2.29 s, user 2.12 s, sys 0.15 s, maxrss 231140 KB]
[busy 236 jiffies]
[exit 0]
--- xcdat 16   load 0.62 0.77 0.85
build time: 1124.736641 ms
space cost: 17.859698 MiB (35.765524% of original size 49.935513 MiB)
avg latency: 379.712820 ns
1124.736641,17.859698,379.712820
[time 2.28 s, user 2.11 s, sys 0.16 s, maxrss 231128 KB]
[busy 240 jiffies]
[exit 0]

##### uuid-1000000 (1000000 lines, 37000000 bytes)   round 3/3   2026-09-24T04:02:02+03:00
--- lexindex dict32   load 0.62 0.77 0.85
1000000 keys
lexindex DictIndex block 32: build 208 ms, size 17.741 MiB (18.603 B/key), latency cold 447.7 ns, then mean 446.2 / min 437.2 ns
207.836,17.741351,447.672
[time 2.50 s, user 3.21 s, sys 0.36 s, maxrss 247296 KB]
[busy 380 jiffies]
[exit 0]
--- lexindex dict256   load 0.65 0.78 0.85
1000000 keys
lexindex DictIndex block 256: build 212 ms, size 17.205 MiB (18.040 B/key), latency cold 432.8 ns, then mean 432.6 / min 429.9 ns
211.592,17.204642,432.839
[time 2.45 s, user 3.18 s, sys 0.34 s, maxrss 223404 KB]
[busy 374 jiffies]
[exit 0]
--- lexindex dict1024   load 0.68 0.78 0.85
1000000 keys
lexindex DictIndex block 1024: build 209 ms, size 17.065 MiB (17.894 B/key), latency cold 476.6 ns, then mean 470.7 / min 468.5 ns
209.180,17.064983,476.626
[time 2.61 s, user 3.01 s, sys 0.17 s, maxrss 244384 KB]
[busy 342 jiffies]
[exit 0]
--- lexindex string   load 0.68 0.78 0.85
1000000 keys
lexindex StringIndex: build 2368 ms, size 35.389 MiB (37.108 B/key), latency cold 423.8 ns, then mean 420.5 / min 417.2 ns
2368.009,35.389391,423.769
[time 4.54 s, user 4.40 s, sys 0.12 s, maxrss 199448 KB]
[busy 479 jiffies]
[exit 0]
--- lexindex hashed0   load 0.65 0.77 0.84
1000000 keys
lexindex HashedDictIndex closed: build 314 ms, size 19.818 MiB (20.781 B/key), latency cold 57.3 ns, then mean 57.5 / min 57.5 ns
314.125,19.818487,57.281
[time 1.04 s, user 1.80 s, sys 0.35 s, maxrss 225016 KB]
[busy 236 jiffies]
[exit 0]
--- lexindex hashed8   load 0.65 0.77 0.84
1000000 keys
lexindex HashedDictIndex fp=8: build 315 ms, size 20.772 MiB (21.781 B/key), latency cold 69.9 ns, then mean 67.2 / min 66.7 ns
315.209,20.772161,69.863
[time 1.08 s, user 1.85 s, sys 0.33 s, maxrss 230676 KB]
[busy 238 jiffies]
[exit 0]
--- lexindex hashed16   load 0.65 0.77 0.84
1000000 keys
lexindex HashedDictIndex fp=16: build 318 ms, size 21.726 MiB (22.781 B/key), latency cold 71.4 ns, then mean 68.8 / min 68.4 ns
317.667,21.725836,71.402
[time 1.09 s, user 1.88 s, sys 0.33 s, maxrss 225156 KB]
[busy 240 jiffies]
[exit 0]
--- c2 case 0 rec 0   load 0.75 0.79 0.85
[TEST C2-FST]
Processing dataset...
Done!
Building trie...
Done!
build time: 1107.791102 ms (1107.791102 ns per key)
space cost: 22.510774 MB (65.567381% of original size 34.332275 MB)
Querying trie...
Done!
total time: 441.224583 ms, avg latency: 441.224583 ns
topology: 0.773712 MB, link: 3.131501 MB, data: 18.605560 MB
--- Unary Path Analysis (FST, cutoff=4) ---
  shared unary steps in main trie: 13682
  terminal suffixes: inplace=0 (avg len=0.00)  links=1000000 (100.0% of terminal)
  link len: avg=29.32  max=30  total_chars=29323284
  link length distribution (len:count):  24:2  25:10  26:206  28:3376  29:54458  30:556568  31:385380
1107.791102,22.510774,441.224583
[PASSED]
[time 2.25 s, user 2.07 s, sys 0.16 s, maxrss 311952 KB]
[busy 234 jiffies]
[exit 0]
--- c2 case 0 rec 1   load 0.69 0.78 0.85
[TEST C2-FST]
Processing dataset...
Done!
Building trie...
trie size: 4.445807 MB
Done!
build time: 2039.490785 ms (2039.490785 ns per key)
space cost: 22.510774 MB (65.567381% of original size 34.332275 MB)
Querying trie...
Done!
total time: 443.841211 ms, avg latency: 443.841211 ns
topology: 0.773712 MB, link: 3.131501 MB, data: 18.605560 MB
--- Unary Path Analysis (FST, cutoff=4) ---
  shared unary steps in main trie: 13682
  terminal suffixes: inplace=0 (avg len=0.00)  links=1000000 (100.0% of terminal)
  link len: avg=29.32  max=30  total_chars=29323284
  link length distribution (len:count):  24:2  25:10  26:206  28:3376  29:54458  30:556568  31:385380
2039.490785,22.510774,443.841211
[PASSED]
[time 3.16 s, user 2.96 s, sys 0.17 s, maxrss 361432 KB]
[busy 329 jiffies]
[exit 0]
--- c2 case 0 rec 2   load 0.69 0.78 0.85
[TEST C2-FST]
Processing dataset...
Done!
Building trie...
trie size: 4.445807 MB
Done!
build time: 2053.613860 ms (2053.613860 ns per key)
space cost: 22.510774 MB (65.567381% of original size 34.332275 MB)
Querying trie...
Done!
total time: 449.224529 ms, avg latency: 449.224529 ns
topology: 0.773712 MB, link: 3.131501 MB, data: 18.605560 MB
--- Unary Path Analysis (FST, cutoff=4) ---
  shared unary steps in main trie: 13682
  terminal suffixes: inplace=0 (avg len=0.00)  links=1000000 (100.0% of terminal)
  link len: avg=29.32  max=30  total_chars=29323284
  link length distribution (len:count):  24:2  25:10  26:206  28:3376  29:54458  30:556568  31:385380
2053.613860,22.510774,449.224529
[PASSED]
[time 3.18 s, user 2.98 s, sys 0.18 s, maxrss 361724 KB]
[busy 330 jiffies]
[exit 0]
--- c2 case 1 rec 0   load 0.72 0.78 0.85
[TEST C2-CoCo(LOUDS-Sparse)]
Processing dataset...
Done!
Building trie...
Done!
build time: 1453.571896 ms (1453.571896 ns per key)
space cost: 21.333610 MB (62.138642% of original size 34.332275 MB)
Querying trie...
Done!
total time: 493.851877 ms, avg latency: 493.851877 ns
topology: 0.346375 MB, link: 3.293192 MB, data: 17.694043 MB
1453.571896,21.333610,493.851877
[PASSED]
[time 2.63 s, user 2.40 s, sys 0.22 s, maxrss 431032 KB]
[busy 271 jiffies]
[exit 0]
--- c2 case 1 rec 1   load 0.74 0.79 0.85
[TEST C2-CoCo(LOUDS-Sparse)]
Processing dataset...
Done!
Building trie...
trie size: 4.445807 MB
Done!
build time: 2372.130029 ms (2372.130029 ns per key)
space cost: 21.333610 MB (62.138642% of original size 34.332275 MB)
Querying trie...
Done!
total time: 495.647783 ms, avg latency: 495.647783 ns
topology: 0.346375 MB, link: 3.293192 MB, data: 17.694043 MB
2372.130029,21.333610,495.647783
[PASSED]
[time 3.55 s, user 3.29 s, sys 0.24 s, maxrss 474824 KB]
[busy 366 jiffies]
[exit 0]
--- c2 case 1 rec 2   load 0.76 0.79 0.85
[TEST C2-CoCo(LOUDS-Sparse)]
Processing dataset...
Done!
Building trie...
trie size: 4.445807 MB
Done!
build time: 2391.710341 ms (2391.710341 ns per key)
space cost: 21.333610 MB (62.138642% of original size 34.332275 MB)
Querying trie...
Done!
total time: 494.725670 ms, avg latency: 494.725670 ns
topology: 0.346375 MB, link: 3.293192 MB, data: 17.694043 MB
2391.710341,21.333610,494.725670
[PASSED]
[time 3.58 s, user 3.32 s, sys 0.24 s, maxrss 475152 KB]
[busy 374 jiffies]
[exit 0]
--- c2 case 2 rec 0   load 0.78 0.79 0.85
[TEST C2-MARISA]
Processing dataset...
Done!
Building trie...
trie size: 1.966455 MB
Done!
build time: 1022.630039 ms (1022.630039 ns per key)
space cost: 21.883573 MB (63.740525% of original size 34.332275 MB)
Querying trie...
Done!
total time: 365.109142 ms, avg latency: 365.109142 ns
topology: 0.650684 MB, link: 2.984713 MB, data: 18.227668 MB
--- Unary Path Analysis (Marisa, cutoff=3) ---
  branches: 1358149  |  single-char: 345387 (25.4%)  short-unary: 12003 (0.9%)  links: 1000759 (73.7%)
  link len: avg=31.30  max=32  total_chars=31325722
  link length distribution (len:count):  3:655  4:51  5:49  6:4  25:2  26:10  27:206  29:3376  30:54458  31:556568  32:385380
  short unary avg len: 2.00
1022.630039,21.883573,365.109142
[PASSED]
[time 2.08 s, user 1.90 s, sys 0.16 s, maxrss 313492 KB]
[busy 219 jiffies]
[exit 0]
--- c2 case 2 rec 1   load 0.78 0.79 0.85
[TEST C2-MARISA]
Processing dataset...
Done!
Building trie...
trie size: 1.966455 MB
trie size: 4.448333 MB
Done!
build time: 1955.661165 ms (1955.661165 ns per key)
space cost: 21.883573 MB (63.740525% of original size 34.332275 MB)
Querying trie...
Done!
total time: 368.364701 ms, avg latency: 368.364701 ns
topology: 0.650684 MB, link: 2.984713 MB, data: 18.227668 MB
--- Unary Path Analysis (Marisa, cutoff=3) ---
  branches: 1358149  |  single-char: 345387 (25.4%)  short-unary: 12003 (0.9%)  links: 1000759 (73.7%)
  link len: avg=31.30  max=32  total_chars=31325722
  link length distribution (len:count):  3:655  4:51  5:49  6:4  25:2  26:10  27:206  29:3376  30:54458  31:556568  32:385380
  short unary avg len: 2.00
1955.661165,21.883573,368.364701
[PASSED]
[time 3.01 s, user 2.79 s, sys 0.20 s, maxrss 361736 KB]
[busy 317 jiffies]
[exit 0]
--- c2 case 2 rec 2   load 0.80 0.80 0.85
[TEST C2-MARISA]
Processing dataset...
Done!
Building trie...
trie size: 1.966455 MB
trie size: 4.448333 MB
Done!
build time: 1933.126431 ms (1933.126431 ns per key)
space cost: 21.883573 MB (63.740525% of original size 34.332275 MB)
Querying trie...
Done!
total time: 369.509202 ms, avg latency: 369.509202 ns
topology: 0.650684 MB, link: 2.984713 MB, data: 18.227668 MB
--- Unary Path Analysis (Marisa, cutoff=3) ---
  branches: 1358149  |  single-char: 345387 (25.4%)  short-unary: 12003 (0.9%)  links: 1000759 (73.7%)
  link len: avg=31.30  max=32  total_chars=31325722
  link length distribution (len:count):  3:655  4:51  5:49  6:4  25:2  26:10  27:206  29:3376  30:54458  31:556568  32:385380
  short unary avg len: 2.00
1933.126431,21.883573,369.509202
[PASSED]
[time 2.99 s, user 2.78 s, sys 0.19 s, maxrss 361772 KB]
[busy 308 jiffies]
[exit 0]
--- c2 case 3 rec 0   load 0.82 0.80 0.85
[TEST FST]
Processing dataset...
Done!
Building trie...
Done!
build time: 844.047999 ms (844.047999 ns per key)
space cost: 34.505507 MB (100.504572% of original size 34.332275 MB)
Querying trie...
Done!
total time: 463.063650 ms, avg latency: 463.063650 ns
not implemented
844.047999,34.505507,463.063650
[PASSED]
[time 2.00 s, user 1.87 s, sys 0.12 s, maxrss 207580 KB]
[busy 210 jiffies]
[exit 0]
--- c2 case 4 rec 0   skipped: exit 134 in round 1
--- c2 case 5 rec 0   load 0.75 0.79 0.85
[TEST MARISA]
Processing dataset...
Done!
Building trie...
Done!
build time: 669.944679 ms (669.944679 ns per key)
space cost: 34.975940 MB (101.874808% of original size 34.332275 MB)
Querying trie...
Done!
total time: 530.982214 ms, avg latency: 530.982214 ns
not implemented
669.944679,34.975940,530.982214
[PASSED]
[time 1.89 s, user 1.70 s, sys 0.18 s, maxrss 282408 KB]
[busy 201 jiffies]
[exit 0]
--- c2 case 5 rec 1   load 0.75 0.79 0.85
[TEST MARISA]
Processing dataset...
Done!
Building trie...
Done!
build time: 1037.897625 ms (1037.897625 ns per key)
space cost: 33.974524 MB (98.957975% of original size 34.332275 MB)
Querying trie...
Done!
total time: 791.827560 ms, avg latency: 791.827560 ns
not implemented
1037.897625,33.974524,791.827560
[PASSED]
[time 2.51 s, user 2.33 s, sys 0.17 s, maxrss 251872 KB]
[busy 265 jiffies]
[exit 0]
--- c2 case 5 rec 2   load 0.77 0.79 0.85
[TEST MARISA]
Processing dataset...
Done!
Building trie...
Done!
build time: 1321.182396 ms (1321.182396 ns per key)
space cost: 32.972683 MB (96.039900% of original size 34.332275 MB)
Querying trie...
Done!
total time: 1118.910481 ms, avg latency: 1118.910481 ns
not implemented
1321.182396,32.972683,1118.910481
[PASSED]
[time 3.11 s, user 2.93 s, sys 0.17 s, maxrss 273268 KB]
[busy 323 jiffies]
[exit 0]
--- c2 case 6 rec 0   load 0.71 0.78 0.84
[TEST PDT]
Processing dataset...
Done!
Building trie...
dict size: 166618, stream size: 19935113
Done!
build time: 16513.425596 ms (16513.425596 ns per key)
space cost: 20.446564 MB (59.554933% of original size 34.332275 MB)
Querying trie...
Done!
total time: 712.837386 ms, avg latency: 712.837386 ns
not implemented
16513.425596,20.446564,712.837386
[PASSED]
[time 17.91 s, user 17.39 s, sys 0.45 s, maxrss 648592 KB]
[busy 1835 jiffies]
[exit 0]
--- c2 case 7 rec 0   load 0.77 0.79 0.85
[TEST ART]
Processing dataset...
Done!
Building trie...
Done!
build time: 188.359687 ms (188.359687 ns per key)
space cost: 25.565071 MB (74.463667% of original size 34.332275 MB)
Querying trie...
Done!
total time: 367.757850 ms, avg latency: 367.757850 ns
not implemented
188.359687,25.565071,367.757850
[PASSED]
[time 1.25 s, user 1.12 s, sys 0.12 s, maxrss 225204 KB]
[busy 134 jiffies]
[exit 0]
--- c2 case 8 rec 0   load 0.87 0.81 0.85
[TEST CART]
Processing dataset...
Done!
Building trie...
Done!
build time: 222.598029 ms (222.598029 ns per key)
space cost: 12.300360 MB (35.827394% of original size 34.332275 MB)
Querying trie...
Done!
total time: 370.809135 ms, avg latency: 370.809135 ns
not implemented
222.598029,12.300360,370.809135
[PASSED]
[time 1.30 s, user 1.17 s, sys 0.12 s, maxrss 214528 KB]
[busy 139 jiffies]
[exit 0]
--- xcdat 7   load 0.87 0.81 0.85
build time: 857.941173 ms
space cost: 36.820305 MiB (107.246911% of original size 34.332275 MiB)
avg latency: 351.482049 ns
857.941173,36.820305,351.482049
[time 1.89 s, user 1.72 s, sys 0.16 s, maxrss 231500 KB]
[busy 199 jiffies]
[exit 0]
--- xcdat 8   load 0.88 0.81 0.85
build time: 793.608457 ms
space cost: 36.200803 MiB (105.442481% of original size 34.332275 MiB)
avg latency: 344.396291 ns
793.608457,36.200803,344.396291
[time 1.82 s, user 1.68 s, sys 0.13 s, maxrss 231176 KB]
[busy 190 jiffies]
[exit 0]
--- xcdat 15   load 0.81 0.80 0.85
build time: 807.499045 ms
space cost: 37.074831 MiB (107.988272% of original size 34.332275 MiB)
avg latency: 327.351726 ns
807.499045,37.074831,327.351726
[time 1.83 s, user 1.69 s, sys 0.13 s, maxrss 230792 KB]
[busy 194 jiffies]
[exit 0]
--- xcdat 16   load 0.81 0.80 0.85
build time: 786.965191 ms
space cost: 37.473558 MiB (109.149650% of original size 34.332275 MiB)
avg latency: 339.568919 ns
786.965191,37.473558,339.568919
[time 1.82 s, user 1.67 s, sys 0.14 s, maxrss 231004 KB]
[busy 196 jiffies]
[exit 0]

campaign done 2026-09-24T04:03:49+03:00, load 0.81 0.80 0.85
